{
"type": "FeatureCollection",
"name": "iguatu",
"crs": { "type": "name", "properties": { "name": "urn:ogc:def:crs:EPSG::4674" } },
"features": [
{ "type": "Feature", "properties": { "CD_MUN": "2311900", "NM_MUN": "Saboeiro", "CD_RGI": "230009", "NM_RGI": "Iguatu", "CD_RGINT": "2303", "NM_RGINT": "Iguatu", "CD_UF": "23", "NM_UF": "Ceará", "SIGLA_UF": "CE", "CD_REGIAO": "2", "NM_REGIAO": "Nordeste", "SIGLA_RG": "NE", "CD_CONCURB": null, "NM_CONCURB": null, "AREA_KM2": 1381.274 }, "geometry": { "type": "MultiPolygon", "coordinates": [ [ [ [ -39.7634859, -6.59670439999996 ], [ -39.7658084, -6.60045339999994 ], [ -39.7727588, -6.60652349999998 ], [ -39.7738633, -6.60728019999993 ], [ -39.773658699999899, -6.60879749999998 ], [ -39.7717294999999, -6.60976589999996 ], [ -39.770974399999901, -6.61190459999995 ], [ -39.7727724, -6.61528059999995 ], [ -39.775879599999897, -6.617965 ], [ -39.7761593, -6.62044679999997 ], [ -39.7745143, -6.62433049999993 ], [ -39.773587899999903, -6.62423329999996 ], [ -39.7732291, -6.62434149999996 ], [ -39.772941699999897, -6.62423429999996 ], [ -39.7727619, -6.62401919999996 ], [ -39.7724026, -6.62384019999996 ], [ -39.771935299999903, -6.623482 ], [ -39.7715782, -6.62332389999995 ], [ -39.7711568, -6.62319059999993 ], [ -39.770984199999901, -6.62303769999994 ], [ -39.770713699999902, -6.62287359999993 ], [ -39.7700667, -6.62233609999993 ], [ -39.769348299999898, -6.62212179999995 ], [ -39.768773199999899, -6.621656 ], [ -39.768629299999901, -6.62147679999993 ], [ -39.7679821, -6.62083159999997 ], [ -39.7675869, -6.62068859999994 ], [ -39.7666894, -6.62065409999997 ], [ -39.765791, -6.62008109999994 ], [ -39.765252, -6.61979469999994 ], [ -39.7646773, -6.61958019999997 ], [ -39.763743599999898, -6.61940219999997 ], [ -39.7628817, -6.61925989999997 ], [ -39.7623232, -6.61883889999996 ], [ -39.761729, -6.618409 ], [ -39.761444099999899, -6.61818519999997 ], [ -39.7608329, -6.61764759999994 ], [ -39.7602577, -6.61711479999997 ], [ -39.7589965, -6.61580939999993 ], [ -39.757553899999898, -6.61445759999998 ], [ -39.756633899999898, -6.61382719999995 ], [ -39.756154599999903, -6.61342589999992 ], [ -39.756058499999902, -6.613158 ], [ -39.7558476, -6.61302429999995 ], [ -39.7554072, -6.61298669999996 ], [ -39.7551966999999, -6.61302529999995 ], [ -39.754967, -6.61306389999993 ], [ -39.7546988, -6.61300689999996 ], [ -39.7546793, -6.61277709999996 ], [ -39.754640799999898, -6.61260489999995 ], [ -39.7545067, -6.612586 ], [ -39.7542199, -6.61285439999995 ], [ -39.7540284, -6.61285469999996 ], [ -39.7538559, -6.61274009999994 ], [ -39.7538172, -6.61247209999993 ], [ -39.753683, -6.61235739999995 ], [ -39.7533958, -6.61235789999995 ], [ -39.7531658, -6.61220509999993 ], [ -39.7530313, -6.61186059999994 ], [ -39.7529733, -6.611497 ], [ -39.752647599999896, -6.61138259999996 ], [ -39.7524177, -6.61124889999996 ], [ -39.752149, -6.61084719999997 ], [ -39.7516507, -6.61054159999998 ], [ -39.7512293999999, -6.61048479999994 ], [ -39.7509042, -6.61065769999993 ], [ -39.750885299999901, -6.61086829999994 ], [ -39.7505216, -6.610888 ], [ -39.750215, -6.61073529999993 ], [ -39.7498892, -6.61056349999996 ], [ -39.749295199999899, -6.61021969999996 ], [ -39.748816, -6.609895 ], [ -39.7485278, -6.60920609999994 ], [ -39.747684499999899, -6.60867129999997 ], [ -39.7474356, -6.60863339999997 ], [ -39.7461517, -6.60796519999997 ], [ -39.7451171, -6.60750729999995 ], [ -39.744790599999902, -6.60685679999995 ], [ -39.7449361, -6.60645079999995 ], [ -39.7445958, -6.60588929999994 ], [ -39.7444194999999, -6.60559849999993 ], [ -39.743620399999898, -6.605346 ], [ -39.743122399999898, -6.60521269999998 ], [ -39.7423562, -6.60498409999997 ], [ -39.741961499999903, -6.60472589999995 ], [ -39.7416036, -6.60436709999993 ], [ -39.7406935, -6.60395679999993 ], [ -39.740080099999901, -6.60350779999993 ], [ -39.7397736, -6.60336469999993 ], [ -39.739687199999899, -6.60320209999998 ], [ -39.7396391999999, -6.60312549999998 ], [ -39.7395243, -6.60311609999997 ], [ -39.7394285, -6.60308759999998 ], [ -39.7392753, -6.60306859999997 ], [ -39.739103, -6.60304979999995 ], [ -39.7388634, -6.60290649999996 ], [ -39.7384802, -6.60274429999993 ], [ -39.7380588, -6.60260139999997 ], [ -39.737608599999902, -6.60242969999996 ], [ -39.7374553, -6.60236289999995 ], [ -39.737182699999899, -6.60219309999997 ], [ -39.7366506, -6.60200029999993 ], [ -39.736382499999898, -6.60191459999993 ], [ -39.7359225, -6.60160889999997 ], [ -39.7357789, -6.60158039999993 ], [ -39.7354434, -6.60130329999993 ], [ -39.7352423, -6.60126529999997 ], [ -39.7349838, -6.601237 ], [ -39.734754, -6.601199 ], [ -39.7345336, -6.60110359999993 ], [ -39.734313299999897, -6.60101779999997 ], [ -39.7341695, -6.60090309999993 ], [ -39.7340447999999, -6.600731 ], [ -39.733642099999898, -6.60027209999993 ], [ -39.7335176, -6.60025309999997 ], [ -39.7334658, -6.60034549999995 ], [ -39.7334228, -6.60042449999997 ], [ -39.7333833, -6.60052149999996 ], [ -39.733057899999899, -6.60056029999993 ], [ -39.7329247, -6.60067039999996 ], [ -39.732829099999897, -6.600795 ], [ -39.7327845, -6.600885 ], [ -39.7326092, -6.60097239999993 ], [ -39.732619, -6.60114469999996 ], [ -39.7326767, -6.60131689999997 ], [ -39.7327422, -6.60145939999995 ], [ -39.7328931, -6.60152379999994 ], [ -39.733245, -6.60158789999997 ], [ -39.733374599999898, -6.60181749999998 ], [ -39.7334039, -6.60224109999996 ], [ -39.7331745, -6.602464 ], [ -39.7330332, -6.60281939999993 ], [ -39.7331172, -6.60318669999998 ], [ -39.7332622, -6.60353719999995 ], [ -39.7333384, -6.60385649999995 ], [ -39.733239399999903, -6.60427919999995 ], [ -39.732937299999897, -6.60450809999998 ], [ -39.7326222, -6.60509249999996 ], [ -39.7320336, -6.60624339999993 ], [ -39.731412599999899, -6.607082 ], [ -39.731031899999898, -6.60755989999996 ], [ -39.730517099999901, -6.60845939999996 ], [ -39.7304113, -6.60868559999994 ], [ -39.7303401, -6.60911649999997 ], [ -39.7299818, -6.60959569999994 ], [ -39.7295753, -6.60985959999994 ], [ -39.729312499999899, -6.61014709999995 ], [ -39.7292657, -6.61091309999995 ], [ -39.7287645, -6.61182319999995 ], [ -39.7280714, -6.61249439999995 ], [ -39.727663, -6.61259459999997 ], [ -39.727121699999898, -6.61334879999993 ], [ -39.7271363, -6.61349239999993 ], [ -39.727136899999898, -6.61386579999993 ], [ -39.7270369, -6.61422489999995 ], [ -39.7268071, -6.61423959999996 ], [ -39.7265343, -6.61422559999994 ], [ -39.7262756, -6.61413989999994 ], [ -39.725830099999897, -6.61386769999996 ], [ -39.7255139, -6.61368149999993 ], [ -39.7252983999999, -6.61361 ], [ -39.7250685, -6.61355289999995 ], [ -39.724910599999902, -6.61356749999993 ], [ -39.7248246999999, -6.61376859999996 ], [ -39.724365599999899, -6.61407079999998 ], [ -39.7242077, -6.61412849999994 ], [ -39.723661799999903, -6.61397139999997 ], [ -39.722929, -6.61367089999993 ], [ -39.7222538, -6.61349949999993 ], [ -39.7218228999999, -6.61344269999995 ], [ -39.7214208, -6.61342889999997 ], [ -39.7210474, -6.61341509999994 ], [ -39.720688799999898, -6.61365979999994 ], [ -39.720517099999903, -6.61410519999993 ], [ -39.720331, -6.61447879999997 ], [ -39.720130299999902, -6.61470879999996 ], [ -39.7201165, -6.61509659999996 ], [ -39.719888399999903, -6.61560649999996 ], [ -39.7192633, -6.61671459999997 ], [ -39.7365563, -6.61272489999993 ], [ -39.7461216, -6.61650669999995 ], [ -39.7507525, -6.61808859999996 ], [ -39.7543118, -6.62007119999993 ], [ -39.757378199999899, -6.62178149999994 ], [ -39.7602932, -6.62318629999993 ], [ -39.763101999999897, -6.625001 ], [ -39.767622699999897, -6.62700849999993 ], [ -39.770118399999902, -6.62750929999993 ], [ -39.771987099999897, -6.627406 ], [ -39.7738591, -6.62760389999994 ], [ -39.774483599999897, -6.62841069999996 ], [ -39.773704199999898, -6.629217 ], [ -39.7720528, -6.63355489999998 ], [ -39.773663199999902, -6.63597379999993 ], [ -39.775119399999902, -6.63697739999998 ], [ -39.776993499999897, -6.63858809999994 ], [ -39.777825, -6.63980159999994 ], [ -39.779078399999896, -6.64251859999996 ], [ -39.7791275, -6.642625 ], [ -39.7782405, -6.64557289999993 ], [ -39.7776345, -6.64613229999998 ], [ -39.776743399999901, -6.64725619999996 ], [ -39.7751595, -6.64968729999993 ], [ -39.775224, -6.65679959999994 ], [ -39.7755782999999, -6.658268 ], [ -39.7765525, -6.66052419999994 ], [ -39.7773324, -6.66169609999997 ], [ -39.778992899999899, -6.66311989999997 ], [ -39.7803615999999, -6.66483369999997 ], [ -39.782189, -6.668221 ], [ -39.7831553, -6.66889059999994 ], [ -39.7840510999999, -6.66951149999994 ], [ -39.7862797, -6.67038079999998 ], [ -39.791888, -6.67166979999996 ], [ -39.793059, -6.67185519999992 ], [ -39.795244899999901, -6.67256259999994 ], [ -39.797217799999899, -6.67407529999997 ], [ -39.799077, -6.67634809999993 ], [ -39.8051682, -6.68189919999998 ], [ -39.8079142, -6.68477739999997 ], [ -39.8093332, -6.68672259999994 ], [ -39.8103583, -6.68783159999998 ], [ -39.814056799999904, -6.69005239999996 ], [ -39.816953199999901, -6.69141169999995 ], [ -39.8192198, -6.69265339999993 ], [ -39.820888, -6.69314719999994 ], [ -39.823579499999902, -6.69425169999994 ], [ -39.8255826, -6.69533369999994 ], [ -39.8291341, -6.69668 ], [ -39.8311368, -6.698132 ], [ -39.8319554999999, -6.69926259999994 ], [ -39.832279099999901, -6.69948619999997 ], [ -39.832957399999898, -6.69993339999996 ], [ -39.833721399999902, -6.69807059999994 ], [ -39.834559399999897, -6.69659029999997 ], [ -39.83519, -6.69607819999993 ], [ -39.836088899999901, -6.69582609999998 ], [ -39.8363464, -6.69561759999993 ], [ -39.8362395, -6.69500369999997 ], [ -39.834922199999902, -6.69337409999997 ], [ -39.8342226, -6.692696 ], [ -39.8335523, -6.69169409999995 ], [ -39.8336025, -6.69036709999995 ], [ -39.834178199999897, -6.68944709999994 ], [ -39.834809499999899, -6.68883179999995 ], [ -39.8356504999999, -6.68862689999997 ], [ -39.8361237, -6.68862609999996 ], [ -39.8363886, -6.68801329999997 ], [ -39.835860099999898, -6.68735119999997 ], [ -39.8355938, -6.68612779999995 ], [ -39.835539099999899, -6.68536089999998 ], [ -39.836169, -6.68388 ], [ -39.8364831, -6.68342089999993 ], [ -39.8368593, -6.68231309999993 ], [ -39.8376696999999, -6.68162069999994 ], [ -39.8378112, -6.68077469999997 ], [ -39.8374477, -6.68035569999995 ], [ -39.8374466, -6.67972069999996 ], [ -39.8379876, -6.67919419999993 ], [ -39.8402063, -6.67943289999994 ], [ -39.8408563, -6.67865839999996 ], [ -39.8467340999999, -6.67921089999993 ], [ -39.8476788, -6.67984339999992 ], [ -39.848330299999901, -6.67942079999995 ], [ -39.8481825, -6.67709639999993 ], [ -39.8486866, -6.67512279999994 ], [ -39.8492658, -6.67470209999993 ], [ -39.8497687, -6.674647 ], [ -39.8510075, -6.67483929999997 ], [ -39.852603299999899, -6.67427209999994 ], [ -39.8531836, -6.67455329999996 ], [ -39.854711, -6.67680379999996 ], [ -39.8562385, -6.67806929999995 ], [ -39.8582716, -6.67876859999996 ], [ -39.860375099999899, -6.67883729999994 ], [ -39.8612491, -6.67939649999994 ], [ -39.861787299999897, -6.67950369999994 ], [ -39.8629912, -6.67974349999997 ], [ -39.8637165, -6.68009679999994 ], [ -39.864441699999901, -6.67988479999997 ], [ -39.864585799999901, -6.67953179999995 ], [ -39.864727699999897, -6.67685689999996 ], [ -39.865159999999896, -6.67629259999995 ], [ -39.865958799999902, -6.67629209999996 ], [ -39.866466199999898, -6.67671269999994 ], [ -39.867267899999902, -6.67783839999993 ], [ -39.8682125, -6.67839749999996 ], [ -39.8698821, -6.67917059999996 ], [ -39.873374899999902, -6.67962209999996 ], [ -39.8753976, -6.67958509999994 ], [ -39.876342, -6.68056749999994 ], [ -39.8770671, -6.68028579999998 ], [ -39.877066699999901, -6.67957939999997 ], [ -39.8764092, -6.67711669999994 ], [ -39.8766984, -6.67648119999996 ], [ -39.8772061, -6.67605969999994 ], [ -39.8770584, -6.67542679999997 ], [ -39.873939699999902, -6.67338239999998 ], [ -39.8723674, -6.671231 ], [ -39.871741299999897, -6.67059229999995 ], [ -39.8715554, -6.67012949999997 ], [ -39.871774199999898, -6.66969609999995 ], [ -39.871973, -6.66991579999996 ], [ -39.872518899999903, -6.67004409999993 ], [ -39.8728207, -6.670144 ], [ -39.872964399999901, -6.67021559999995 ], [ -39.8730795, -6.67028719999996 ], [ -39.8732519, -6.67032989999996 ], [ -39.873372699999898, -6.67030279999994 ], [ -39.8735672, -6.67030249999993 ], [ -39.8736599, -6.67027839999997 ], [ -39.8737376999999, -6.67027519999994 ], [ -39.873836299999901, -6.67022119999996 ], [ -39.873911099999901, -6.670233 ], [ -39.873986, -6.67027479999996 ], [ -39.8741673, -6.67047779999996 ], [ -39.8741869, -6.67051669999995 ], [ -39.8742258999999, -6.67057049999994 ], [ -39.8742439, -6.67060339999995 ], [ -39.8743067999999, -6.67063019999995 ], [ -39.874414499999901, -6.670642 ], [ -39.8745881, -6.67067159999993 ], [ -39.874758299999897, -6.67065219999995 ], [ -39.874908199999901, -6.67063509999997 ], [ -39.874994899999898, -6.670638 ], [ -39.8750818, -6.67066769999997 ], [ -39.8751238, -6.67072749999994 ], [ -39.8751303, -6.67080809999993 ], [ -39.875170099999899, -6.67082469999997 ], [ -39.8751629, -6.67093679999994 ], [ -39.8751938999999, -6.67095429999995 ], [ -39.8753214, -6.67088809999996 ], [ -39.875554899999898, -6.67088709999996 ], [ -39.875713, -6.67095139999998 ], [ -39.875791999999898, -6.67099429999996 ], [ -39.875794299999903, -6.67108629999996 ], [ -39.8758283, -6.67117379999996 ], [ -39.875986399999903, -6.67129549999993 ], [ -39.8766188, -6.67155289999994 ], [ -39.877172099999903, -6.67176009999997 ], [ -39.877804599999898, -6.67211079999993 ], [ -39.8780781, -6.67244769999996 ], [ -39.8784522999999, -6.67292809999998 ], [ -39.8786683, -6.67325079999995 ], [ -39.878941499999897, -6.67338669999998 ], [ -39.8793223, -6.67350809999994 ], [ -39.8795952, -6.67355779999997 ], [ -39.8803212, -6.67399449999994 ], [ -39.8806519, -6.67416619999995 ], [ -39.8807811, -6.67414439999993 ], [ -39.8809175, -6.67414419999994 ], [ -39.880975, -6.67416559999998 ], [ -39.8810614, -6.67432339999993 ], [ -39.8812411, -6.67440929999998 ], [ -39.8813921, -6.674488 ], [ -39.8815574, -6.674581 ], [ -39.881809, -6.67476719999996 ], [ -39.882024699999903, -6.67489609999996 ], [ -39.8821469, -6.674982 ], [ -39.8821758, -6.67506089999995 ], [ -39.882182999999898, -6.67508239999995 ], [ -39.8820828, -6.67529079999997 ], [ -39.882183499999897, -6.67537679999998 ], [ -39.8823303, -6.67537139999996 ], [ -39.8827795, -6.67538289999993 ], [ -39.8828945, -6.67541139999997 ], [ -39.882973499999899, -6.67542559999993 ], [ -39.882988, -6.67548309999995 ], [ -39.882973799999903, -6.67558359999992 ], [ -39.882887799999899, -6.67569859999998 ], [ -39.8828808, -6.67576319999995 ], [ -39.882974299999901, -6.67588509999996 ], [ -39.883117899999903, -6.67588489999997 ], [ -39.883275899999902, -6.67589179999993 ], [ -39.883598999999897, -6.67587679999997 ], [ -39.8837786, -6.67590519999993 ], [ -39.883915199999898, -6.67596239999995 ], [ -39.8840877, -6.676077 ], [ -39.8842963, -6.67627049999993 ], [ -39.8844116, -6.67648559999998 ], [ -39.8844333, -6.67661479999992 ], [ -39.8844814999999, -6.67686739999994 ], [ -39.8847428, -6.67700729999996 ], [ -39.8849154, -6.677165 ], [ -39.8850161, -6.677251 ], [ -39.8850163, -6.67733709999993 ], [ -39.8850596, -6.67745189999994 ], [ -39.885189, -6.67755219999998 ], [ -39.885275299999897, -6.67762379999994 ], [ -39.8854046, -6.677638 ], [ -39.8855482, -6.67762329999994 ], [ -39.8857204, -6.67753689999995 ], [ -39.8858496, -6.67753659999994 ], [ -39.886050699999899, -6.67755059999996 ], [ -39.8861946, -6.67770829999995 ], [ -39.886223599999902, -6.67788059999998 ], [ -39.8862812, -6.67793789999996 ], [ -39.8863961, -6.67793769999997 ], [ -39.8867407, -6.67793709999995 ], [ -39.8868127, -6.67802309999996 ], [ -39.8869422, -6.67816649999997 ], [ -39.887042999999899, -6.67832419999996 ], [ -39.8877763, -6.678768 ], [ -39.8879057, -6.67883959999995 ], [ -39.888049099999897, -6.67873879999996 ], [ -39.888164, -6.67876729999995 ], [ -39.888365399999898, -6.67893929999997 ], [ -39.889113, -6.67939739999997 ], [ -39.889659499999901, -6.67978409999995 ], [ -39.8901913, -6.68001289999995 ], [ -39.890953099999898, -6.68038489999998 ], [ -39.8913509, -6.68064739999994 ], [ -39.8920408, -6.68091419999996 ], [ -39.892826899999903, -6.68144879999994 ], [ -39.8929704, -6.68139109999993 ], [ -39.893152299999898, -6.68139079999997 ], [ -39.893372699999901, -6.68150529999997 ], [ -39.8935835999999, -6.68165809999994 ], [ -39.893842499999899, -6.681849 ], [ -39.894149, -6.68191549999995 ], [ -39.894302599999897, -6.68212579999994 ], [ -39.8944178, -6.68232659999995 ], [ -39.894532899999902, -6.68243169999994 ], [ -39.8947343, -6.68261319999993 ], [ -39.8949737, -6.68264149999993 ], [ -39.8950503, -6.68264139999997 ], [ -39.8951746, -6.68253589999995 ], [ -39.8953655, -6.68261459999997 ], [ -39.8955768, -6.68293969999996 ], [ -39.8966032, -6.68309009999996 ], [ -39.8969569, -6.68374129999995 ], [ -39.8973938, -6.68405989999997 ], [ -39.897724599999897, -6.68431769999995 ], [ -39.8980696, -6.68444629999993 ], [ -39.898285, -6.68443159999993 ], [ -39.8986725, -6.68430159999997 ], [ -39.8989452, -6.68420059999994 ], [ -39.899103, -6.68411419999995 ], [ -39.8993616, -6.68414239999993 ], [ -39.8995628, -6.68421379999995 ], [ -39.899735099999901, -6.68421349999994 ], [ -39.899864299999898, -6.68418459999998 ], [ -39.900051, -6.68419859999995 ], [ -39.9000943, -6.68432769999993 ], [ -39.9002525, -6.68439919999997 ], [ -39.900381799999899, -6.68442769999996 ], [ -39.9005397, -6.68442739999995 ], [ -39.9008269, -6.68439819999998 ], [ -39.9010567, -6.68439779999994 ], [ -39.901243399999899, -6.68439739999997 ], [ -39.9013153, -6.68444039999997 ], [ -39.901430199999901, -6.68444019999993 ], [ -39.9015451, -6.68444 ], [ -39.901731799999901, -6.68446829999993 ], [ -39.901775, -6.68451129999994 ], [ -39.9017896, -6.68465489999994 ], [ -39.901674899999897, -6.68475559999996 ], [ -39.90146, -6.68504319999994 ], [ -39.901445899999899, -6.68520119999994 ], [ -39.901604, -6.68521519999996 ], [ -39.9017332, -6.68522939999997 ], [ -39.901848399999899, -6.68540149999995 ], [ -39.9018487, -6.685545 ], [ -39.901691, -6.68568889999995 ], [ -39.9017057, -6.68586119999998 ], [ -39.9018065, -6.68603329999996 ], [ -39.9019072, -6.68609059999994 ], [ -39.902065299999897, -6.68620519999996 ], [ -39.9020944, -6.686363 ], [ -39.9020803, -6.686521 ], [ -39.902066299999902, -6.68670769999994 ], [ -39.902124, -6.68686559999998 ], [ -39.9023288, -6.68700489999998 ], [ -39.902287, -6.68738829999995 ], [ -39.902326, -6.687752 ], [ -39.9024034, -6.68821129999998 ], [ -39.902695999999899, -6.68844159999998 ], [ -39.9028873, -6.68833949999993 ], [ -39.9031059, -6.68809059999995 ], [ -39.9031115, -6.68798029999994 ], [ -39.9032836, -6.68780769999995 ], [ -39.903508499999901, -6.68772809999996 ], [ -39.903718, -6.68775169999998 ], [ -39.904279899999899, -6.68740369999995 ], [ -39.904480799999902, -6.68735469999996 ], [ -39.9046448, -6.68733119999996 ], [ -39.904848199999897, -6.68731879999996 ], [ -39.9050063, -6.68745989999996 ], [ -39.9048917, -6.68761329999995 ], [ -39.9046814, -6.687786 ], [ -39.904662599999902, -6.68795829999993 ], [ -39.9048546, -6.68826429999996 ], [ -39.9050271999999, -6.688398 ], [ -39.9051671, -6.68826359999997 ], [ -39.9054863, -6.68810989999997 ], [ -39.9055182, -6.68819719999993 ], [ -39.9055443, -6.68841619999995 ], [ -39.9056783999999, -6.68843509999994 ], [ -39.9058505, -6.68831989999995 ], [ -39.9060994, -6.68828109999993 ], [ -39.9067699, -6.68845219999997 ], [ -39.9070379, -6.68841339999994 ], [ -39.9071718, -6.68835569999993 ], [ -39.9073696, -6.68845689999995 ], [ -39.907818099999901, -6.68831249999994 ], [ -39.9080936, -6.68841969999994 ], [ -39.908464799999898, -6.68850879999997 ], [ -39.9087223, -6.688604 ], [ -39.909075599999902, -6.68875889999993 ], [ -39.909488399999901, -6.68870429999993 ], [ -39.9101118, -6.68854369999997 ], [ -39.910466, -6.68826939999997 ], [ -39.911228999999899, -6.68829419999997 ], [ -39.9114747, -6.68845529999993 ], [ -39.912074, -6.68897469999996 ], [ -39.9124207, -6.68941819999998 ], [ -39.9126507, -6.68955169999998 ], [ -39.9130499, -6.68918829999996 ], [ -39.9130196, -6.68903279999995 ], [ -39.9128574, -6.68868009999994 ], [ -39.912763599999899, -6.68845069999998 ], [ -39.9127723, -6.68801989999997 ], [ -39.9129156, -6.68781859999996 ], [ -39.9130688, -6.68782789999995 ], [ -39.9131265, -6.68800009999995 ], [ -39.913318499999903, -6.68826779999995 ], [ -39.913336199999897, -6.68870319999996 ], [ -39.914348699999898, -6.68934139999993 ], [ -39.9146545, -6.68966989999996 ], [ -39.9157923, -6.69009259999996 ], [ -39.916199999999897, -6.69054649999993 ], [ -39.9162145, -6.69068429999993 ], [ -39.915607899999898, -6.69070319999997 ], [ -39.915551799999903, -6.69077989999994 ], [ -39.915559099999903, -6.69085169999994 ], [ -39.915580799999901, -6.69095209999995 ], [ -39.915638499999901, -6.69107409999998 ], [ -39.91561, -6.69119619999998 ], [ -39.9156103, -6.69137569999998 ], [ -39.9156035, -6.69156229999993 ], [ -39.9155822, -6.69169879999993 ], [ -39.915561099999898, -6.69192139999996 ], [ -39.9155759, -6.69217979999996 ], [ -39.915619499999899, -6.69241669999997 ], [ -39.915749199999901, -6.69267489999993 ], [ -39.9158858, -6.69277509999995 ], [ -39.916086999999898, -6.69284659999994 ], [ -39.9162736, -6.692796 ], [ -39.9164747, -6.69279559999995 ], [ -39.9167333, -6.692831 ], [ -39.916905799999903, -6.69291679999998 ], [ -39.917064, -6.69306009999997 ], [ -39.917121699999903, -6.69319639999998 ], [ -39.9172584, -6.69331819999996 ], [ -39.917373499999897, -6.69344009999998 ], [ -39.9174745, -6.69365529999993 ], [ -39.917603799999902, -6.69371959999995 ], [ -39.917776199999899, -6.69372649999997 ], [ -39.917948599999903, -6.69376209999996 ], [ -39.9183441, -6.69404849999995 ], [ -39.918588699999901, -6.694285 ], [ -39.9186177, -6.69442129999993 ], [ -39.9186397, -6.69470129999996 ], [ -39.9187405, -6.69483749999995 ], [ -39.918798, -6.69483739999993 ], [ -39.91892, -6.69479409999997 ], [ -39.919056399999903, -6.69480819999995 ], [ -39.919207399999898, -6.69489409999994 ], [ -39.919415899999898, -6.69502289999997 ], [ -39.919689199999901, -6.69523779999997 ], [ -39.9198473, -6.695338 ], [ -39.9200269, -6.69535919999993 ], [ -39.9201705, -6.69533019999994 ], [ -39.9204219, -6.69539429999998 ], [ -39.920623299999903, -6.69558059999997 ], [ -39.9206381, -6.695796 ], [ -39.9207676, -6.69595369999996 ], [ -39.9209402, -6.69608979999992 ], [ -39.921163, -6.69618989999998 ], [ -39.9217742, -6.69662669999997 ], [ -39.9221408, -6.69678389999996 ], [ -39.9228239, -6.697278 ], [ -39.923140499999903, -6.69760769999993 ], [ -39.923693899999897, -6.69787949999994 ], [ -39.9239309, -6.69787179999997 ], [ -39.9239522, -6.69776409999997 ], [ -39.9239233, -6.69767079999997 ], [ -39.9239016, -6.69754879999994 ], [ -39.9239157, -6.69743389999996 ], [ -39.9239873, -6.69733329999997 ], [ -39.924059, -6.69727569999998 ], [ -39.924281, -6.69690909999997 ], [ -39.9244029, -6.69682279999995 ], [ -39.924689699999902, -6.69662839999995 ], [ -39.9250124, -6.69636209999993 ], [ -39.9250767999999, -6.69627589999993 ], [ -39.925148599999901, -6.69626849999997 ], [ -39.9252349, -6.69628989999995 ], [ -39.9254288, -6.69631829999997 ], [ -39.925551299999903, -6.69653339999996 ], [ -39.925558899999899, -6.69674159999994 ], [ -39.9256955, -6.69687779999992 ], [ -39.925789, -6.69690629999997 ], [ -39.9258176, -6.69687039999997 ], [ -39.9258174, -6.696777 ], [ -39.925874599999901, -6.69664049999994 ], [ -39.925931999999897, -6.696626 ], [ -39.9260542, -6.69665449999997 ], [ -39.9260904, -6.69681239999994 ], [ -39.926206, -6.69722139999993 ], [ -39.926278099999898, -6.69735769999994 ], [ -39.9264075, -6.69744359999993 ], [ -39.9265513, -6.69752949999997 ], [ -39.9267596, -6.69752189999997 ], [ -39.9268888, -6.69750729999993 ], [ -39.9269823, -6.69758609999997 ], [ -39.9270759, -6.69770079999995 ], [ -39.927097499999903, -6.69777249999993 ], [ -39.9272127, -6.69793749999997 ], [ -39.9273277, -6.69798749999995 ], [ -39.927514599999903, -6.69807329999998 ], [ -39.9277655, -6.69832649999995 ], [ -39.9279101, -6.698397 ], [ -39.9286003, -6.698836 ], [ -39.9287342, -6.69875919999993 ], [ -39.9287338, -6.69854859999998 ], [ -39.9287332, -6.69826139999998 ], [ -39.9290584, -6.69805019999995 ], [ -39.9296712, -6.69806819999997 ], [ -39.9299774, -6.697991 ], [ -39.930215099999899, -6.69779429999994 ], [ -39.9303858, -6.697812 ], [ -39.9304152, -6.69785879999995 ], [ -39.930415799999899, -6.69818629999997 ], [ -39.930422, -6.69835589999997 ], [ -39.9305156, -6.698385 ], [ -39.9306268, -6.69839649999994 ], [ -39.930702799999899, -6.69834949999995 ], [ -39.9309656, -6.69810339999998 ], [ -39.93127, -6.69823729999996 ], [ -39.9313639, -6.69837169999994 ], [ -39.9314112, -6.69861729999997 ], [ -39.9314583, -6.69879259999993 ], [ -39.9318744, -6.69914859999994 ], [ -39.9321679, -6.69966859999994 ], [ -39.932338, -6.69993149999993 ], [ -39.932386, -6.70053389999993 ], [ -39.932517699999899, -6.70069049999995 ], [ -39.932676399999899, -6.70109219999995 ], [ -39.9328927, -6.70155129999995 ], [ -39.9332808999999, -6.70176589999994 ], [ -39.9335826, -6.70183719999994 ], [ -39.933913, -6.70183649999996 ], [ -39.934731999999897, -6.70202159999997 ], [ -39.9348907, -6.70239469999996 ], [ -39.934891299999897, -6.70272489999996 ], [ -39.934949199999899, -6.70299759999995 ], [ -39.9351361, -6.70306909999994 ], [ -39.9352797, -6.70308319999998 ], [ -39.9353517, -6.70316919999993 ], [ -39.935294699999901, -6.70338469999996 ], [ -39.935079599999902, -6.70358609999994 ], [ -39.934849799999903, -6.70358649999997 ], [ -39.9346773, -6.703472 ], [ -39.934447299999903, -6.70340059999995 ], [ -39.934188699999901, -6.703315 ], [ -39.934016299999897, -6.70330089999993 ], [ -39.9340165999999, -6.70344449999993 ], [ -39.934232199999897, -6.70357329999996 ], [ -39.9342275999999, -6.70368679999996 ], [ -39.934199, -6.70376589999995 ], [ -39.934127299999901, -6.70382339999998 ], [ -39.9340485, -6.70395279999997 ], [ -39.9339123, -6.704032 ], [ -39.933926799999902, -6.70415409999993 ], [ -39.9339916, -6.70424009999994 ], [ -39.934135399999903, -6.70431159999993 ], [ -39.9342574, -6.70428979999997 ], [ -39.9343651, -6.70424659999998 ], [ -39.934458499999899, -6.70427509999996 ], [ -39.9345953, -6.70446149999998 ], [ -39.934638699999901, -6.70463369999993 ], [ -39.934710799999898, -6.70480589999994 ], [ -39.9347615, -6.70503549999995 ], [ -39.934740299999902, -6.70521509999998 ], [ -39.934690499999903, -6.70546639999998 ], [ -39.934698099999899, -6.705689 ], [ -39.934806099999903, -6.70580369999993 ], [ -39.9348853, -6.70593989999998 ], [ -39.9348282999999, -6.70617689999995 ], [ -39.9347066999999, -6.70640689999993 ], [ -39.934642499999903, -6.70663679999996 ], [ -39.9347577, -6.70678009999995 ], [ -39.9350309, -6.70694479999997 ], [ -39.935311399999897, -6.70720269999993 ], [ -39.935735599999902, -6.70747469999998 ], [ -39.9359441, -6.70761069999998 ], [ -39.9362027, -6.707603 ], [ -39.9365258, -6.707588 ], [ -39.9368489, -6.70758019999994 ], [ -39.937014299999902, -6.70770919999995 ], [ -39.9372155, -6.70776619999998 ], [ -39.9376103, -6.70770079999994 ], [ -39.9377324, -6.70767189999998 ], [ -39.937940899999901, -6.70782939999998 ], [ -39.9379989, -6.70808059999996 ], [ -39.9382724, -6.70842469999997 ], [ -39.938316, -6.70870459999998 ], [ -39.938438399999903, -6.708848 ], [ -39.938467499999902, -6.70903459999994 ], [ -39.9383672, -6.70915679999996 ], [ -39.938231099999904, -6.70937249999997 ], [ -39.938245799999898, -6.70953759999998 ], [ -39.9383897, -6.70965929999994 ], [ -39.938633799999899, -6.709666 ], [ -39.9387416, -6.70971609999998 ], [ -39.9387419, -6.709831 ], [ -39.9386201, -6.709982 ], [ -39.938598899999903, -6.71016869999994 ], [ -39.9386782, -6.71036239999995 ], [ -39.938879799999903, -6.71059889999998 ], [ -39.9391603, -6.71082089999993 ], [ -39.9392685, -6.71106479999997 ], [ -39.939204199999899, -6.71125159999997 ], [ -39.939104, -6.71142409999993 ], [ -39.9391186, -6.71156049999996 ], [ -39.939262299999903, -6.71160329999998 ], [ -39.9394419, -6.71163159999998 ], [ -39.9395425, -6.71164579999993 ], [ -39.939693599999899, -6.71180349999997 ], [ -39.9397395, -6.71203789999993 ], [ -39.9399193, -6.71216919999995 ], [ -39.940194899999902, -6.71234809999993 ], [ -39.9406021, -6.712479 ], [ -39.9409855, -6.71271759999996 ], [ -39.9412847, -6.71269309999997 ], [ -39.9416676, -6.71263249999993 ], [ -39.9419186, -6.71244059999998 ], [ -39.9421934, -6.71218879999998 ], [ -39.942300499999902, -6.71187739999993 ], [ -39.9426109, -6.71147 ], [ -39.942610499999901, -6.71125459999996 ], [ -39.942586199999901, -6.71106319999996 ], [ -39.942358399999897, -6.71087219999993 ], [ -39.9421426, -6.71069309999996 ], [ -39.9419384999999, -6.71038239999996 ], [ -39.941926, -6.71009529999998 ], [ -39.942069199999899, -6.70985569999993 ], [ -39.942260299999901, -6.70965189999993 ], [ -39.9425593, -6.70956759999996 ], [ -39.943121399999903, -6.70931519999993 ], [ -39.9432644, -6.70901579999997 ], [ -39.9432998, -6.70876449999997 ], [ -39.9433589, -6.70836949999995 ], [ -39.94343, -6.70798639999992 ], [ -39.943824199999902, -6.70756689999996 ], [ -39.944003699999897, -6.70757849999995 ], [ -39.9440757, -6.70767409999996 ], [ -39.944076, -6.70784159999994 ], [ -39.944076499999902, -6.70808089999997 ], [ -39.9443044, -6.70835569999997 ], [ -39.9446518, -6.70852249999996 ], [ -39.9449867, -6.70836629999997 ], [ -39.945715, -6.70749139999998 ], [ -39.946073399999896, -6.70713179999996 ], [ -39.9461927, -6.70692809999997 ], [ -39.946468099999898, -6.70698739999995 ], [ -39.9467438, -6.70720229999995 ], [ -39.9469238, -6.70744129999997 ], [ -39.9471948999999, -6.70771249999996 ], [ -39.947439, -6.70771209999998 ], [ -39.9478984, -6.70756759999995 ], [ -39.9484571, -6.70683419999995 ], [ -39.9487012, -6.706805 ], [ -39.9492607, -6.70648809999994 ], [ -39.949719699999903, -6.7062 ], [ -39.949920399999897, -6.70598419999993 ], [ -39.949804899999897, -6.70568289999994 ], [ -39.9496609, -6.70548219999995 ], [ -39.9496604, -6.70525239999995 ], [ -39.9499615, -6.70499339999998 ], [ -39.9501334999999, -6.70477769999997 ], [ -39.9503343, -6.70464809999993 ], [ -39.950477799999902, -6.70460469999995 ], [ -39.950621399999903, -6.70456139999993 ], [ -39.9511825, -6.70507719999995 ], [ -39.951398099999899, -6.70516289999995 ], [ -39.9516853, -6.70517669999998 ], [ -39.9518717, -6.705004 ], [ -39.952115299999903, -6.70468769999997 ], [ -39.9522047, -6.70430859999993 ], [ -39.9524723, -6.70408789999993 ], [ -39.953047, -6.70398239999997 ], [ -39.953665, -6.70404669999994 ], [ -39.9541287, -6.70402729999995 ], [ -39.954501799999903, -6.70387339999996 ], [ -39.9547987, -6.70351939999995 ], [ -39.955271599999897, -6.70297289999996 ], [ -39.9563663, -6.70222989999996 ], [ -39.9567895, -6.70198489999996 ], [ -39.9570165, -6.70169729999998 ], [ -39.9572334, -6.70130919999997 ], [ -39.957577899999897, -6.70118649999995 ], [ -39.9576786, -6.70128679999993 ], [ -39.957658, -6.70174629999997 ], [ -39.9576872, -6.70198319999997 ], [ -39.957859799999902, -6.70212639999994 ], [ -39.9580179, -6.70218359999996 ], [ -39.9582907, -6.70213279999996 ], [ -39.958685, -6.70180889999995 ], [ -39.9589359, -6.70157149999994 ], [ -39.9591511, -6.70147779999996 ], [ -39.9594809, -6.70119709999994 ], [ -39.959631699999903, -6.70122559999993 ], [ -39.959964199999902, -6.70134279999996 ], [ -39.9600991, -6.70152619999993 ], [ -39.9602068, -6.70154029999998 ], [ -39.9603433, -6.70156879999996 ], [ -39.9605159, -6.701669 ], [ -39.960767299999901, -6.70171869999996 ], [ -39.9610114, -6.70167519999995 ], [ -39.9612556, -6.70171779999993 ], [ -39.9614855, -6.70178189999996 ], [ -39.9617011, -6.70183179999998 ], [ -39.9617729, -6.70187469999996 ], [ -39.9617876, -6.70201109999994 ], [ -39.9619676, -6.70227639999996 ], [ -39.9621832999999, -6.70242669999993 ], [ -39.9623271, -6.70247669999998 ], [ -39.9624564, -6.70249079999996 ], [ -39.962556699999901, -6.70241879999998 ], [ -39.962707, -6.70213849999993 ], [ -39.9627282, -6.70198049999993 ], [ -39.962889699999899, -6.70174659999998 ], [ -39.9626350999999, -6.70128989999995 ], [ -39.9624616, -6.700735 ], [ -39.9623455, -6.70010349999995 ], [ -39.9623061, -6.69952919999997 ], [ -39.9623429, -6.69876329999994 ], [ -39.9625336, -6.69838009999995 ], [ -39.9628393, -6.69803479999996 ], [ -39.9632027, -6.69778519999994 ], [ -39.963470099999903, -6.69745929999993 ], [ -39.9637592999999, -6.696795 ], [ -39.963651, -6.69651519999996 ], [ -39.9633196999999, -6.69599179999994 ], [ -39.962949, -6.69539259999993 ], [ -39.962967499999898, -6.69502879999993 ], [ -39.9629499, -6.69459519999998 ], [ -39.963020899999897, -6.69417869999995 ], [ -39.9631357, -6.69413539999994 ], [ -39.9632505, -6.69412079999995 ], [ -39.9634085, -6.69413489999994 ], [ -39.963566899999897, -6.69430689999996 ], [ -39.963769199999902, -6.69453349999998 ], [ -39.964106899999898, -6.69464769999996 ], [ -39.964543, -6.69456009999993 ], [ -39.9647024, -6.69433779999997 ], [ -39.965276399999901, -6.69413569999995 ], [ -39.965506199999901, -6.69413519999995 ], [ -39.9656858, -6.69418509999997 ], [ -39.966031, -6.69445009999993 ], [ -39.966103299999901, -6.69466529999994 ], [ -39.9663558, -6.69526789999998 ], [ -39.9665141, -6.69541829999997 ], [ -39.966693899999903, -6.69556879999993 ], [ -39.9669742, -6.69569029999997 ], [ -39.9677644, -6.69584659999992 ], [ -39.968432, -6.69575919999994 ], [ -39.9691847, -6.69509719999996 ], [ -39.969399699999897, -6.69484549999993 ], [ -39.969672, -6.69457209999996 ], [ -39.9699436, -6.69435179999994 ], [ -39.970273, -6.69387729999994 ], [ -39.970430399999898, -6.69361849999996 ], [ -39.9704297, -6.69327389999995 ], [ -39.9702422, -6.69284349999998 ], [ -39.970055, -6.69257109999995 ], [ -39.9699108, -6.69229849999994 ], [ -39.9699100999999, -6.69196829999993 ], [ -39.9699092, -6.69149439999995 ], [ -39.9700735, -6.69064429999997 ], [ -39.9704318, -6.69025589999995 ], [ -39.9707973, -6.68986029999996 ], [ -39.9709685, -6.68974059999994 ], [ -39.971154199999901, -6.68923769999998 ], [ -39.971153399999899, -6.68880689999997 ], [ -39.9710029, -6.68837439999993 ], [ -39.9710729, -6.68763409999997 ], [ -39.971201199999904, -6.68716719999998 ], [ -39.971488099999902, -6.68697279999998 ], [ -39.9720063, -6.68684759999996 ], [ -39.9723564, -6.68667679999993 ], [ -39.9727151, -6.68652529999997 ], [ -39.9729298, -6.68657779999995 ], [ -39.973145299999899, -6.68663479999998 ], [ -39.9733036, -6.68677809999997 ], [ -39.973723499999899, -6.686991 ], [ -39.974166599999897, -6.687025 ], [ -39.974547, -6.68690929999997 ], [ -39.9754573, -6.68651539999996 ], [ -39.975930499999897, -6.68616979999996 ], [ -39.9761455, -6.68593969999995 ], [ -39.976368, -6.68546989999993 ], [ -39.9766263, -6.68534009999996 ], [ -39.9770925, -6.68549269999994 ], [ -39.977294899999897, -6.68573369999996 ], [ -39.977518099999898, -6.68604909999993 ], [ -39.9777127999999, -6.68648669999993 ], [ -39.977871299999897, -6.68672329999993 ], [ -39.978512599999902, -6.687842 ], [ -39.979059199999902, -6.68825009999995 ], [ -39.979504899999903, -6.68852919999995 ], [ -39.980475199999901, -6.68894369999992 ], [ -39.9806187, -6.688929 ], [ -39.9807119, -6.68883549999993 ], [ -39.980690099999897, -6.68872789999995 ], [ -39.980747199999897, -6.68862359999997 ], [ -39.9809188, -6.68860089999993 ], [ -39.9810629, -6.68841119999996 ], [ -39.9811409, -6.68789419999996 ], [ -39.981160499999902, -6.68737989999994 ], [ -39.9813612, -6.68716409999996 ], [ -39.981842899999897, -6.68707429999995 ], [ -39.982331, -6.68693689999998 ], [ -39.982337599999902, -6.68667849999997 ], [ -39.9822356, -6.685932 ], [ -39.9819833, -6.68545149999994 ], [ -39.9817242, -6.68512179999993 ], [ -39.9814861, -6.68502449999994 ], [ -39.9799565, -6.68450789999997 ], [ -39.978950499999897, -6.68417249999993 ], [ -39.9782604, -6.68378609999996 ], [ -39.977497399999898, -6.68285439999994 ], [ -39.976842299999902, -6.68204439999994 ], [ -39.9760206, -6.68088569999998 ], [ -39.975517, -6.68038409999997 ], [ -39.9754157, -6.68003969999995 ], [ -39.9754296, -6.67980989999995 ], [ -39.9756025, -6.67966329999996 ], [ -39.9760838999999, -6.67979159999993 ], [ -39.9766944, -6.67984059999998 ], [ -39.9769233, -6.67986439999993 ], [ -39.977247, -6.67968879999995 ], [ -39.9772897, -6.679502 ], [ -39.9765952, -6.67859279999993 ], [ -39.975913999999896, -6.67737249999993 ], [ -39.9754024, -6.67649759999995 ], [ -39.9750422, -6.67590959999995 ], [ -39.974911, -6.67490479999998 ], [ -39.974777399999901, -6.67436449999997 ], [ -39.9745607999999, -6.67376669999993 ], [ -39.974364, -6.67348949999996 ], [ -39.974210099999901, -6.673126 ], [ -39.9741711, -6.67279109999993 ], [ -39.974256899999901, -6.67257069999994 ], [ -39.974371399999903, -6.67239819999998 ], [ -39.974476599999903, -6.672331 ], [ -39.975588, -6.67230449999994 ], [ -39.9759687, -6.67238279999998 ], [ -39.97613, -6.67240729999997 ], [ -39.9763422, -6.67243229999997 ], [ -39.9764924999999, -6.67220219999996 ], [ -39.9765063, -6.67190069999998 ], [ -39.9763548, -6.67152759999993 ], [ -39.9761693, -6.67136079999995 ], [ -39.975890499999899, -6.670787 ], [ -39.975561899999903, -6.66999279999993 ], [ -39.9755466, -6.66954779999998 ], [ -39.9756393, -6.66918859999993 ], [ -39.9756604, -6.668966 ], [ -39.9757461, -6.66877919999996 ], [ -39.9758608, -6.66863539999997 ], [ -39.9760185, -6.668513 ], [ -39.976211099999901, -6.66829759999996 ], [ -39.9766071, -6.66997019999997 ], [ -39.9775569, -6.67095429999995 ], [ -39.979951899999897, -6.67170579999993 ], [ -39.9842831, -6.67134489999995 ], [ -39.9857423999999, -6.67225819999993 ], [ -39.9860136, -6.67489109999997 ], [ -39.9860896, -6.67844069999995 ], [ -39.9866102, -6.68023179999994 ], [ -39.988301299999897, -6.68129679999993 ], [ -39.990784, -6.68173979999995 ], [ -39.9930209, -6.683491 ], [ -39.9955297999999, -6.68369649999994 ], [ -39.9975016, -6.68346279999997 ], [ -39.9983443, -6.68353759999997 ], [ -39.9990723, -6.68370849999997 ], [ -39.999595999999897, -6.68403069999994 ], [ -40.0001993, -6.68410119999993 ], [ -40.0009696, -6.68404579999998 ], [ -40.0013916, -6.68418859999997 ], [ -40.002129099999898, -6.684311 ], [ -40.0031729, -6.68446849999998 ], [ -40.0037045, -6.68458229999993 ], [ -40.0043375, -6.68515529999996 ], [ -40.0050866, -6.68678689999996 ], [ -40.007853399999902, -6.68459019999995 ], [ -40.011918099999903, -6.67780459999994 ], [ -40.0140756, -6.67404159999995 ], [ -40.015547399999903, -6.67279409999998 ], [ -40.0165924, -6.67221729999994 ], [ -40.019889, -6.67291819999997 ], [ -40.0248811, -6.675712 ], [ -40.0277967, -6.67652569999996 ], [ -40.0290128, -6.67622739999996 ], [ -40.029505399999898, -6.67560049999997 ], [ -40.0287402, -6.67346669999995 ], [ -40.0288906, -6.67228509999995 ], [ -40.0296483, -6.67169649999994 ], [ -40.0307116, -6.67184079999993 ], [ -40.0316256999999, -6.67294419999996 ], [ -40.033296999999898, -6.67316139999997 ], [ -40.0390292, -6.67252249999996 ], [ -40.040094699999898, -6.67289649999998 ], [ -40.0418526999999, -6.677313 ], [ -40.0465965, -6.68240949999995 ], [ -40.0485024, -6.68233759999993 ], [ -40.0516856, -6.679678 ], [ -40.048603, -6.67559729999994 ], [ -40.0485222, -6.67420189999996 ], [ -40.049129299999898, -6.67382979999996 ], [ -40.0519418, -6.67551609999992 ], [ -40.053689, -6.67573479999993 ], [ -40.0548911, -6.67507309999996 ], [ -40.0556663, -6.67381509999996 ], [ -40.054971899999899, -6.67088509999996 ], [ -40.054819199999898, -6.66944949999993 ], [ -40.0537835, -6.66707619999994 ], [ -40.0507097, -6.66110249999997 ], [ -40.048417, -6.65961049999993 ], [ -40.047272099999901, -6.65806629999997 ], [ -40.045862699999901, -6.65545539999994 ], [ -40.0440315, -6.65015369999998 ], [ -40.0379076, -6.64203539999994 ], [ -40.0366015, -6.63731229999996 ], [ -40.0370507, -6.63536459999995 ], [ -40.0372389, -6.63454869999993 ], [ -40.0385256, -6.63218709999995 ], [ -40.038595, -6.62902129999998 ], [ -40.0400342, -6.62732339999997 ], [ -40.0434117, -6.62602649999997 ], [ -40.0462956, -6.62572739999996 ], [ -40.048949999999898, -6.62594249999995 ], [ -40.050169599999897, -6.62652869999994 ], [ -40.0544573, -6.62626089999998 ], [ -40.0558983, -6.62545019999993 ], [ -40.0571098, -6.62389829999995 ], [ -40.057487, -6.62175929999995 ], [ -40.0548075, -6.61133759999996 ], [ -40.051642699999903, -6.60860659999997 ], [ -40.0475612, -6.60691139999994 ], [ -40.0420675, -6.60307459999996 ], [ -40.040382899999898, -6.60157949999996 ], [ -40.038052799999903, -6.60097729999995 ], [ -40.0360961, -6.60008079999994 ], [ -40.032974, -6.59834589999997 ], [ -40.0317846, -6.59718059999994 ], [ -40.0303438, -6.595833 ], [ -40.0308031, -6.59473209999993 ], [ -40.0314652, -6.59420339999997 ], [ -40.033099999999898, -6.59447849999998 ], [ -40.0343243, -6.59401649999995 ], [ -40.0354113, -6.59360779999997 ], [ -40.0379396, -6.59370139999993 ], [ -40.0396709, -6.592942 ], [ -40.0404569, -6.59129439999998 ], [ -40.0404146, -6.590011 ], [ -40.039303399999902, -6.58899939999998 ], [ -40.0373595, -6.58827769999994 ], [ -40.0345133, -6.58678359999993 ], [ -40.030206, -6.584735 ], [ -40.0261955, -6.58267049999995 ], [ -40.026079599999903, -6.58171589999995 ], [ -40.0271675, -6.57782239999995 ], [ -40.0272351, -6.57584659999998 ], [ -40.0279159, -6.57403029999995 ], [ -40.030272, -6.56938529999996 ], [ -40.0301357, -6.56291949999996 ], [ -40.0340083, -6.55977489999998 ], [ -40.0348503, -6.55844169999995 ], [ -40.035147499999901, -6.556086 ], [ -40.033667599999902, -6.55109609999994 ], [ -40.031252799999898, -6.54751629999993 ], [ -40.030952, -6.54309109999997 ], [ -40.030954699999903, -6.54306979999996 ], [ -40.0311086, -6.54185519999993 ], [ -40.032684699999898, -6.54033 ], [ -40.034536199999899, -6.540039 ], [ -40.0397174, -6.53984149999997 ], [ -40.0409574, -6.53882489999995 ], [ -40.0407496, -6.53219569999993 ], [ -40.042058499999897, -6.53076559999994 ], [ -40.0433386999999, -6.53015129999994 ], [ -40.044122, -6.529403 ], [ -40.044819699999898, -6.52892289999994 ], [ -40.0454293, -6.52751459999996 ], [ -40.0460883, -6.52681439999998 ], [ -40.0477008, -6.524418 ], [ -40.0486281, -6.52389919999996 ], [ -40.04965, -6.52282489999993 ], [ -40.050223199999898, -6.52340029999993 ], [ -40.050962599999899, -6.52350179999996 ], [ -40.051066999999897, -6.52309 ], [ -40.0509033, -6.52263089999997 ], [ -40.051389899999897, -6.52187369999996 ], [ -40.0522508, -6.52122589999993 ], [ -40.0523544, -6.52021559999997 ], [ -40.0524693999999, -6.51936589999997 ], [ -40.0518236999999, -6.51880009999996 ], [ -40.0514775, -6.517968 ], [ -40.0510834, -6.51718389999996 ], [ -40.049932199999901, -6.51588449999997 ], [ -40.049588399999898, -6.51469349999996 ], [ -40.050080799999897, -6.51349569999996 ], [ -40.0509612, -6.51321889999997 ], [ -40.0516385, -6.51257849999996 ], [ -40.0522015, -6.51178279999993 ], [ -40.0528978, -6.51064219999995 ], [ -40.0535298, -6.51079409999994 ], [ -40.053655799999902, -6.511596 ], [ -40.054861699999897, -6.51152839999997 ], [ -40.0554457, -6.51110429999994 ], [ -40.0556443, -6.51051209999997 ], [ -40.0556212, -6.50860719999997 ], [ -40.055915899999903, -6.50763979999994 ], [ -40.056202799999902, -6.50751479999997 ], [ -40.0568112999999, -6.50735009999994 ], [ -40.057172599999902, -6.50716119999993 ], [ -40.0577615999999, -6.50697549999995 ], [ -40.058354699999903, -6.50681149999997 ], [ -40.058497799999898, -6.50658149999992 ], [ -40.0585925, -6.50611219999996 ], [ -40.0586006999999, -6.50547089999998 ], [ -40.0578532, -6.50500339999996 ], [ -40.0578328, -6.50441 ], [ -40.057200099999903, -6.50391349999995 ], [ -40.056969099999897, -6.50325349999997 ], [ -40.0570068, -6.50300459999994 ], [ -40.057313399999899, -6.50314749999995 ], [ -40.057648599999901, -6.50324249999994 ], [ -40.057963599999901, -6.502859 ], [ -40.057693899999897, -6.50204589999993 ], [ -40.058422699999902, -6.50192759999993 ], [ -40.0585254, -6.50150809999997 ], [ -40.0587449, -6.50120129999993 ], [ -40.0590316, -6.50099969999997 ], [ -40.0590983, -6.500856 ], [ -40.059011499999897, -6.50054989999995 ], [ -40.059020599999897, -6.50031059999998 ], [ -40.058780899999903, -6.50010049999997 ], [ -40.0581774999999, -6.49990069999996 ], [ -40.0578126, -6.49931759999993 ], [ -40.0563948, -6.49865049999994 ], [ -40.055369299999903, -6.49795379999995 ], [ -40.054841399999901, -6.49720829999995 ], [ -40.054448799999903, -6.49622809999994 ], [ -40.0540788, -6.49573059999994 ], [ -40.0538506, -6.49531229999997 ], [ -40.0538258999999, -6.49491749999993 ], [ -40.0539568, -6.49458219999997 ], [ -40.0543033, -6.494402 ], [ -40.0546497, -6.49412609999996 ], [ -40.055088199999901, -6.49397239999996 ], [ -40.055281299999898, -6.49363449999993 ], [ -40.0558475, -6.493217 ], [ -40.0575832, -6.49258869999994 ], [ -40.057883499999903, -6.49199219999997 ], [ -40.0582052, -6.49139569999994 ], [ -40.058533899999901, -6.49066989999994 ], [ -40.0587626, -6.49022429999997 ], [ -40.0588407, -6.48978619999997 ], [ -40.0584807, -6.48928439999997 ], [ -40.057879399999898, -6.48930829999995 ], [ -40.0567798, -6.48937409999996 ], [ -40.0565634, -6.488872 ], [ -40.056254599999903, -6.48877219999997 ], [ -40.0550977, -6.48869349999995 ], [ -40.0541575, -6.48821659999993 ], [ -40.053358699999897, -6.48719159999996 ], [ -40.0531063, -6.48666089999995 ], [ -40.053750299999898, -6.48568319999993 ], [ -40.0540303, -6.48569689999994 ], [ -40.054532299999899, -6.48552359999996 ], [ -40.0545028, -6.48512879999993 ], [ -40.053884299999901, -6.48454859999993 ], [ -40.0539985999999, -6.48428989999996 ], [ -40.0546265, -6.48362329999998 ], [ -40.0551809, -6.48328709999993 ], [ -40.055352099999901, -6.48280809999994 ], [ -40.055504, -6.48218559999998 ], [ -40.0556179, -6.48176419999993 ], [ -40.055722199999899, -6.481295 ], [ -40.0557775999999, -6.48030889999995 ], [ -40.0556124, -6.47993969999993 ], [ -40.054820199999902, -6.480129 ], [ -40.0547988, -6.47901869999993 ], [ -40.0549321, -6.47870249999994 ], [ -40.055180199999903, -6.47837649999997 ], [ -40.0553424, -6.47811769999993 ], [ -40.055006999999897, -6.47791739999997 ], [ -40.0545951, -6.47772679999997 ], [ -40.0542022, -6.47746919999997 ], [ -40.0538002, -6.47743169999995 ], [ -40.053032099999903, -6.47700059999994 ], [ -40.052411, -6.47672629999994 ], [ -40.0512891, -6.47562779999993 ], [ -40.051336499999898, -6.47540749999996 ], [ -40.0515753, -6.47521559999996 ], [ -40.0517469, -6.47490889999995 ], [ -40.0518901, -6.474698 ], [ -40.0520139, -6.47441059999994 ], [ -40.051994299999897, -6.47419049999996 ], [ -40.0516588999999, -6.47400929999998 ], [ -40.051295599999897, -6.47416319999996 ], [ -40.0510568, -6.47366269999998 ], [ -40.0505479, -6.47357129999995 ], [ -40.0497626, -6.47336909999996 ], [ -40.0491646, -6.47334039999993 ], [ -40.047877399999898, -6.47334709999996 ], [ -40.0476937, -6.47242849999998 ], [ -40.04687, -6.47212389999993 ], [ -40.046696499999904, -6.47148289999996 ], [ -40.0464742999999, -6.47048779999994 ], [ -40.0465884, -6.47010469999998 ], [ -40.047564, -6.46984419999995 ], [ -40.0474758, -6.46885849999995 ], [ -40.0476752, -6.468121 ], [ -40.0482198, -6.46767 ], [ -40.0485169, -6.46788 ], [ -40.049020299999903, -6.46771139999993 ], [ -40.0493592, -6.467347 ], [ -40.0501096, -6.46694819999993 ], [ -40.0507762, -6.46763119999997 ], [ -40.0512014, -6.46733359999996 ], [ -40.05076, -6.46674579999996 ], [ -40.0507592, -6.46637249999998 ], [ -40.050854, -6.46591279999996 ], [ -40.0508963999999, -6.46561119999996 ], [ -40.050953299999897, -6.46534779999996 ], [ -40.0506995, -6.46523829999995 ], [ -40.0504698, -6.46525309999993 ], [ -40.050168799999902, -6.46545479999997 ], [ -40.049838099999903, -6.46521609999996 ], [ -40.0497655, -6.46479989999995 ], [ -40.0499227, -6.46448369999996 ], [ -40.0499702, -6.46428259999993 ], [ -40.049653099999901, -6.46368019999994 ], [ -40.0493792, -6.46310639999996 ], [ -40.049670499999898, -6.46284729999996 ], [ -40.050335399999902, -6.46273109999993 ], [ -40.050665299999899, -6.462582 ], [ -40.051138299999899, -6.46223649999996 ], [ -40.0511223, -6.46193739999995 ], [ -40.0508406, -6.46174889999998 ], [ -40.0501315, -6.46131 ], [ -40.0485227, -6.460806 ], [ -40.0478234, -6.46044369999993 ], [ -40.047937499999897, -6.46006059999996 ], [ -40.048439, -6.45989789999993 ], [ -40.049026399999903, -6.45955879999997 ], [ -40.049370699999898, -6.45896159999995 ], [ -40.0495604, -6.45813559999993 ], [ -40.0498446, -6.456747 ], [ -40.0493891, -6.45631719999994 ], [ -40.0473173, -6.45516079999993 ], [ -40.0468605, -6.45407289999997 ], [ -40.047350299999898, -6.45377279999997 ], [ -40.047870499999902, -6.45405829999993 ], [ -40.048176399999903, -6.45411809999996 ], [ -40.048571099999897, -6.45404109999993 ], [ -40.0488099, -6.45384159999998 ], [ -40.0487611, -6.45342289999996 ], [ -40.048665099999901, -6.45323159999998 ], [ -40.047755499999901, -6.45300619999995 ], [ -40.0470842, -6.45233749999994 ], [ -40.0468313, -6.45148849999993 ], [ -40.0468657, -6.45077049999998 ], [ -40.0471749, -6.44990829999995 ], [ -40.0469351, -6.44963359999997 ], [ -40.0452705, -6.44871569999998 ], [ -40.0443476, -6.44782019999997 ], [ -40.043533, -6.44722359999997 ], [ -40.0438056, -6.44601449999993 ], [ -40.044438899999903, -6.44564229999997 ], [ -40.0447493, -6.44535449999995 ], [ -40.0447124, -6.444852 ], [ -40.044244999999897, -6.44444609999994 ], [ -40.0435868, -6.444268 ], [ -40.042590699999899, -6.443218 ], [ -40.0423183999999, -6.44315249999994 ], [ -40.0414215, -6.44272919999997 ], [ -40.0402235, -6.44240709999997 ], [ -40.038688799999903, -6.44063929999993 ], [ -40.0382087999999, -6.44055839999993 ], [ -40.038042399999902, -6.44037739999993 ], [ -40.0377075, -6.440402 ], [ -40.037271599999897, -6.44068 ], [ -40.0369375, -6.44093749999996 ], [ -40.0361682, -6.44099879999993 ], [ -40.0355668, -6.44062169999995 ], [ -40.035004899999898, -6.44077839999994 ], [ -40.035028699999899, -6.44113859999993 ], [ -40.034887, -6.44164019999994 ], [ -40.0347563999999, -6.44210709999993 ], [ -40.034342299999899, -6.44274349999995 ], [ -40.033299499999899, -6.44335449999994 ], [ -40.032977399999901, -6.44376189999997 ], [ -40.0326425, -6.44377459999993 ], [ -40.032366, -6.443129 ], [ -40.0319107, -6.442759 ], [ -40.031669899999898, -6.44195779999995 ], [ -40.0319206, -6.441706 ], [ -40.0324461, -6.44131009999995 ], [ -40.0329348, -6.44101349999994 ], [ -40.0334152, -6.44070049999993 ], [ -40.0333765, -6.44046929999996 ], [ -40.033126, -6.44035149999996 ], [ -40.0327073999999, -6.44038819999997 ], [ -40.032251099999897, -6.44052649999998 ], [ -40.031276299999902, -6.44104969999995 ], [ -40.0306658, -6.44174329999993 ], [ -40.029282099999897, -6.44272889999996 ], [ -40.0286843, -6.44289759999998 ], [ -40.0278577999999, -6.44232489999996 ], [ -40.0280954999999, -6.44158259999995 ], [ -40.0282017, -6.44085249999995 ], [ -40.028487299999902, -6.44008609999997 ], [ -40.028534299999897, -6.43969109999995 ], [ -40.0284018, -6.43922479999998 ], [ -40.0281854999999, -6.43874659999994 ], [ -40.0280772, -6.43838779999993 ], [ -40.0296149, -6.43571409999993 ], [ -40.0334582, -6.43159019999996 ], [ -40.0360133, -6.43110969999998 ], [ -40.0379647, -6.43010939999994 ], [ -40.0388838, -6.42912629999995 ], [ -40.0396964, -6.42872979999993 ], [ -40.040018, -6.428095 ], [ -40.0404478, -6.42768729999995 ], [ -40.041523299999902, -6.42718259999998 ], [ -40.0417614, -6.42660769999998 ], [ -40.0423696, -6.42570909999995 ], [ -40.043385199999904, -6.42514469999998 ], [ -40.0456914, -6.42401519999993 ], [ -40.0473526, -6.42328189999995 ], [ -40.0498258, -6.42193669999995 ], [ -40.051367, -6.42106009999998 ], [ -40.051988999999899, -6.42107079999994 ], [ -40.0532547, -6.42152049999993 ], [ -40.055577899999903, -6.42092269999995 ], [ -40.0570112999999, -6.42037839999995 ], [ -40.0596896, -6.41853319999996 ], [ -40.061458699999903, -6.41752079999998 ], [ -40.0628033, -6.41590329999997 ], [ -40.0634206, -6.41364059999995 ], [ -40.0648609, -6.41027539999993 ], [ -40.065278099999901, -6.40958049999995 ], [ -40.065533699999897, -6.40807919999997 ], [ -40.0659904, -6.40699449999994 ], [ -40.066561599999901, -6.40561729999996 ], [ -40.066835399999903, -6.40497059999996 ], [ -40.0686722, -6.40459219999997 ], [ -40.0693611, -6.40424419999994 ], [ -40.069962599999897, -6.40393959999994 ], [ -40.070517499999902, -6.40387879999997 ], [ -40.0709305, -6.40405149999998 ], [ -40.0711732, -6.40424269999994 ], [ -40.07144, -6.40435049999996 ], [ -40.071676099999898, -6.40429329999995 ], [ -40.072095499999897, -6.404055 ], [ -40.0728746999999, -6.403462 ], [ -40.074412799999898, -6.40219079999997 ], [ -40.0750093, -6.40147169999995 ], [ -40.076191299999898, -6.39997719999997 ], [ -40.0774041, -6.39702749999998 ], [ -40.077162, -6.395664 ], [ -40.077851699999897, -6.39371219999992 ], [ -40.077849899999897, -6.39287459999997 ], [ -40.078744899999897, -6.39190359999998 ], [ -40.0786479, -6.39124569999996 ], [ -40.0791839, -6.39021549999995 ], [ -40.079147099999901, -6.38976089999994 ], [ -40.0793255, -6.389282 ], [ -40.0798973, -6.38820389999995 ], [ -40.0804347, -6.387784 ], [ -40.081124499999902, -6.38741179999994 ], [ -40.081448899999899, -6.38664509999995 ], [ -40.0814574999999, -6.38502979999993 ], [ -40.081801799999901, -6.38382059999998 ], [ -40.084401, -6.37992639999993 ], [ -40.0848531, -6.37878869999997 ], [ -40.0847906, -6.37754449999994 ], [ -40.0842913, -6.37672339999995 ], [ -40.0837437, -6.37449549999997 ], [ -40.082638, -6.37194929999993 ], [ -40.0829588, -6.37093149999993 ], [ -40.0833511, -6.369739 ], [ -40.0843619, -6.36810959999997 ], [ -40.0841055, -6.36740829999997 ], [ -40.0820527, -6.36757609999995 ], [ -40.0798291, -6.36801149999997 ], [ -40.077683299999897, -6.36831519999993 ], [ -40.075789299999897, -6.36859479999993 ], [ -40.0732934, -6.36777709999996 ], [ -40.0717327999999, -6.365464 ], [ -40.0696816, -6.36371 ], [ -40.0668469, -6.36224879999997 ], [ -40.0638119, -6.36248269999993 ], [ -40.0629081, -6.36366789999994 ], [ -40.0624976, -6.36628989999997 ], [ -40.061980199999901, -6.36659119999996 ], [ -40.061148499999902, -6.36659469999995 ], [ -40.0580297, -6.36448469999993 ], [ -40.0565763, -6.36378119999995 ], [ -40.054671, -6.36206749999997 ], [ -40.0525038, -6.36011819999993 ], [ -40.0507165, -6.35851049999997 ], [ -40.0490887999999, -6.35704639999994 ], [ -40.0483591, -6.35563789999998 ], [ -40.0478343999999, -6.35281609999993 ], [ -40.0477279, -6.35019689999996 ], [ -40.047517099999901, -6.34969179999996 ], [ -40.0402463, -6.34628209999994 ], [ -40.0396225, -6.34537609999995 ], [ -40.039411099999903, -6.344066 ], [ -40.0398245, -6.34285589999996 ], [ -40.0410682999999, -6.34144239999995 ], [ -40.041272, -6.34023449999995 ], [ -40.041163599999898, -6.33892409999993 ], [ -40.039606999999897, -6.33761669999996 ], [ -40.0392462, -6.33727969999995 ], [ -40.038541699999897, -6.33662169999997 ], [ -40.036542499999896, -6.33586759999997 ], [ -40.0356796, -6.33497329999994 ], [ -40.0345072, -6.33428639999994 ], [ -40.031337699999902, -6.33211439999997 ], [ -40.029837, -6.33108589999995 ], [ -40.0286986, -6.33098589999997 ], [ -40.0259953999999, -6.32948259999995 ], [ -40.0245409, -6.32908209999994 ], [ -40.022884, -6.33049629999994 ], [ -40.0222639, -6.33190769999993 ], [ -40.0208119, -6.33231209999997 ], [ -40.019358399999902, -6.33236609999994 ], [ -40.017904799999897, -6.33242 ], [ -40.0167661, -6.33353109999996 ], [ -40.015729099999902, -6.33393479999995 ], [ -40.0150027, -6.33323159999998 ], [ -40.0150998, -6.33111669999994 ], [ -40.0148927, -6.33061329999992 ], [ -40.013853099999899, -6.33061539999994 ], [ -40.012818099999897, -6.33112029999995 ], [ -40.0114705, -6.33223179999993 ], [ -40.0102292, -6.33354389999994 ], [ -40.008358299999898, -6.33334579999996 ], [ -40.0071128, -6.33254059999996 ], [ -40.005889099999898, -6.33369229999994 ], [ -40.002779599999897, -6.33366239999998 ], [ -40.0013031, -6.33366159999997 ], [ -40.0000027, -6.33230379999998 ], [ -39.9987024, -6.33094589999996 ], [ -39.9962097, -6.32984179999994 ], [ -39.9945476, -6.32863479999997 ], [ -39.9934039, -6.32763119999993 ], [ -39.9921562, -6.32702839999996 ], [ -39.9894603, -6.32743609999994 ], [ -39.9881124999999, -6.32844709999995 ], [ -39.9871787, -6.32895269999995 ], [ -39.9856225999999, -6.32925869999997 ], [ -39.9845349, -6.33011689999995 ], [ -39.9834471, -6.330975 ], [ -39.9820989, -6.33178259999994 ], [ -39.9795012, -6.33199639999998 ], [ -39.9778469, -6.33421369999996 ], [ -39.976192599999898, -6.33643109999997 ], [ -39.9744337, -6.33855 ], [ -39.9717310999999, -6.336841 ], [ -39.9683041, -6.33694869999994 ], [ -39.9662279, -6.33574329999993 ], [ -39.964151, -6.33478879999996 ], [ -39.962074, -6.33383439999994 ], [ -39.959479, -6.33313549999997 ], [ -39.957713199999901, -6.33303739999997 ], [ -39.956986399999899, -6.33253409999998 ], [ -39.9566735, -6.33152789999997 ], [ -39.955736199999897, -6.33112809999994 ], [ -39.954181499999898, -6.331736 ], [ -39.953354499999897, -6.33284379999998 ], [ -39.9512771, -6.33284669999995 ], [ -39.949874099999903, -6.33194289999994 ], [ -39.948471299999902, -6.33103919999996 ], [ -39.946627299999903, -6.33113209999993 ], [ -39.944635199999901, -6.33286239999995 ], [ -39.9409056, -6.335589 ], [ -39.9392364, -6.33641889999996 ], [ -39.9382085, -6.33690269999994 ], [ -39.9361344, -6.33781369999997 ], [ -39.9348897, -6.33791909999997 ], [ -39.9325032, -6.33852669999993 ], [ -39.9313417, -6.34086469999994 ], [ -39.930014899999897, -6.34129179999996 ], [ -39.929449799999901, -6.34117549999996 ], [ -39.929311599999899, -6.341147 ], [ -39.9264853, -6.34024969999996 ], [ -39.9247209, -6.34045449999996 ], [ -39.923881499999901, -6.34119769999995 ], [ -39.9236872, -6.34176789999998 ], [ -39.9229723999999, -6.34801569999996 ], [ -39.9212097999999, -6.34922639999996 ], [ -39.9211074, -6.35013379999998 ], [ -39.9216269, -6.35043589999998 ], [ -39.9243276999999, -6.35113659999996 ], [ -39.924433099999902, -6.35194319999994 ], [ -39.9231902, -6.35254959999997 ], [ -39.920698, -6.35275489999998 ], [ -39.9200753, -6.35336019999994 ], [ -39.919558499999901, -6.355579 ], [ -39.9187325, -6.35679069999998 ], [ -39.9169681, -6.35699459999995 ], [ -39.915411999999897, -6.356897 ], [ -39.914474299999902, -6.35629259999996 ], [ -39.9142676, -6.35548889999995 ], [ -39.9134362, -6.35569109999994 ], [ -39.912921599999898, -6.35710309999996 ], [ -39.9126007, -6.35763909999997 ], [ -39.912196799999897, -6.35831369999994 ], [ -39.9115739, -6.35881949999998 ], [ -39.909606499999903, -6.35982789999997 ], [ -39.907839599999903, -6.36013579999997 ], [ -39.90753, -6.36094229999998 ], [ -39.9070106, -6.36174909999994 ], [ -39.905249399999903, -6.36165089999997 ], [ -39.9038968999999, -6.36114669999995 ], [ -39.9018262, -6.36256309999993 ], [ -39.9006825, -6.36256419999995 ], [ -39.897361499999903, -6.36186629999997 ], [ -39.8946634, -6.36227349999996 ], [ -39.895808499999902, -6.364085 ], [ -39.8953978, -6.36660569999998 ], [ -39.8946725, -6.36801619999994 ], [ -39.8928021, -6.36660839999996 ], [ -39.891557, -6.36600719999996 ], [ -39.8905179, -6.36580729999997 ], [ -39.8903069, -6.36510309999994 ], [ -39.8903068, -6.363995 ], [ -39.8891621, -6.363391 ], [ -39.8880225, -6.36369589999993 ], [ -39.8875006, -6.36248759999995 ], [ -39.8864619, -6.36148169999996 ], [ -39.884802299999897, -6.36168719999995 ], [ -39.8835569, -6.36249339999995 ], [ -39.881586399999897, -6.36330349999997 ], [ -39.8796158, -6.36350859999993 ], [ -39.878472299999899, -6.36310809999998 ], [ -39.877535599999902, -6.36250369999993 ], [ -39.877431499999901, -6.36139579999997 ], [ -39.8747308, -6.35969 ], [ -39.8721245, -6.35937109999998 ], [ -39.8697313, -6.35868589999995 ], [ -39.8679167, -6.35763149999997 ], [ -39.8661356, -6.35684949999995 ], [ -39.865197599999902, -6.35667869999997 ], [ -39.863360199999903, -6.35647119999993 ], [ -39.8591584, -6.35739509999996 ], [ -39.8543956, -6.35802989999996 ], [ -39.852786799999897, -6.35721409999996 ], [ -39.8514936, -6.35634029999994 ], [ -39.8497085, -6.35449 ], [ -39.8476285, -6.35197429999994 ], [ -39.845235199999898, -6.34744379999995 ], [ -39.8447098, -6.34512449999994 ], [ -39.8447113, -6.34381479999996 ], [ -39.8449151, -6.34240429999994 ], [ -39.8458484, -6.34149549999995 ], [ -39.846782399999903, -6.34149489999993 ], [ -39.8476108, -6.34169349999996 ], [ -39.848025199999903, -6.34078549999998 ], [ -39.847504899999898, -6.339378 ], [ -39.844593099999898, -6.33676149999997 ], [ -39.844797099999901, -6.33434239999997 ], [ -39.8428208, -6.33152619999993 ], [ -39.8414696, -6.33011459999994 ], [ -39.8401183, -6.32911009999998 ], [ -39.8395972, -6.32780119999995 ], [ -39.8395963, -6.32669309999994 ], [ -39.838658699999897, -6.32437629999993 ], [ -39.8369953, -6.32327089999995 ], [ -39.836787399999899, -6.32327129999993 ], [ -39.835646499999903, -6.32327219999996 ], [ -39.8352307, -6.32276909999996 ], [ -39.8350224, -6.32196259999995 ], [ -39.8356453, -6.32196339999996 ], [ -39.835538799999902, -6.320956 ], [ -39.834500299999902, -6.32055329999997 ], [ -39.8344994999999, -6.32004949999993 ], [ -39.8349127, -6.31843509999993 ], [ -39.8346003, -6.31753019999996 ], [ -39.833560599999899, -6.31692769999995 ], [ -39.832624, -6.315216 ], [ -39.8311621, -6.30947269999996 ], [ -39.8304299, -6.30725689999997 ], [ -39.830844699999901, -6.30544259999994 ], [ -39.8319835, -6.30473619999998 ], [ -39.8325022, -6.30402979999997 ], [ -39.831977, -6.30121029999998 ], [ -39.8324951, -6.29959579999996 ], [ -39.834775799999903, -6.29838369999993 ], [ -39.8362288, -6.297978 ], [ -39.8378891999999, -6.29726889999995 ], [ -39.8381985, -6.29676549999994 ], [ -39.836429, -6.29374529999996 ], [ -39.8346632, -6.29243749999995 ], [ -39.8322736, -6.29163539999996 ], [ -39.830821699999902, -6.29103349999997 ], [ -39.8296592, -6.28975359999993 ], [ -39.829667399999899, -6.28888239999998 ], [ -39.8286737, -6.28808089999995 ], [ -39.8283245, -6.28791319999993 ], [ -39.827080599999903, -6.287916 ], [ -39.8257321, -6.28922609999995 ], [ -39.8241781, -6.28973239999993 ], [ -39.822723499999903, -6.28913139999997 ], [ -39.821165199999903, -6.28812619999997 ], [ -39.820642399999898, -6.28621209999994 ], [ -39.821263499999901, -6.28510219999993 ], [ -39.822091699999902, -6.28288569999995 ], [ -39.821880099999902, -6.28106969999993 ], [ -39.8221894, -6.27945729999993 ], [ -39.820421699999898, -6.27744579999995 ], [ -39.8191739, -6.27664089999996 ], [ -39.8189669, -6.27553219999993 ], [ -39.8190683999999, -6.27391929999993 ], [ -39.8203109, -6.27250629999997 ], [ -39.820308899999901, -6.27180259999994 ], [ -39.8191654, -6.27119829999998 ], [ -39.817918899999903, -6.26950789999995 ], [ -39.817146599999901, -6.26701979999996 ], [ -39.8167342, -6.264551 ], [ -39.816835099999899, -6.263166 ], [ -39.8159163999999, -6.26296939999997 ], [ -39.8135513, -6.263713 ], [ -39.8130224, -6.26395089999994 ], [ -39.811530499999897, -6.264305 ], [ -39.8091491, -6.26481849999993 ], [ -39.8087924, -6.26466009999996 ], [ -39.8069585, -6.26130349999994 ], [ -39.805937599999901, -6.26051269999994 ], [ -39.8057327, -6.25952519999993 ], [ -39.8086805, -6.25655379999995 ], [ -39.8093853, -6.252305 ], [ -39.8083675, -6.25171049999994 ], [ -39.8069421, -6.25181309999994 ], [ -39.806737199999901, -6.25141809999997 ], [ -39.8067374, -6.25033089999994 ], [ -39.8065303999999, -6.24914349999995 ], [ -39.8065291999999, -6.248353 ], [ -39.807806899999903, -6.24647249999992 ], [ -39.8078065999999, -6.24625709999998 ], [ -39.8070362, -6.24538529999995 ], [ -39.8050984999999, -6.244993 ], [ -39.8025569, -6.24568879999993 ], [ -39.8017411, -6.24539429999993 ], [ -39.800822299999901, -6.243914 ], [ -39.7998033, -6.243125 ], [ -39.7971554, -6.24233759999993 ], [ -39.796441199999897, -6.24164759999996 ], [ -39.7953191, -6.23967009999996 ], [ -39.7954171, -6.23690029999995 ], [ -39.795007499999898, -6.23561739999997 ], [ -39.7939863, -6.23393739999995 ], [ -39.7934771, -6.23255429999995 ], [ -39.7927291, -6.231672 ], [ -39.792313, -6.22977709999998 ], [ -39.7904154, -6.22750519999994 ], [ -39.7888371, -6.224461 ], [ -39.786492399999901, -6.22061069999995 ], [ -39.786556, -6.21702639999995 ], [ -39.785380099999898, -6.21365059999994 ], [ -39.786823, -6.21130489999996 ], [ -39.7890942, -6.21019869999998 ], [ -39.7895047, -6.208337 ], [ -39.7892952999999, -6.20647629999996 ], [ -39.787580499999898, -6.20609789999997 ], [ -39.7865285, -6.20621889999995 ], [ -39.782856099999897, -6.20738759999995 ], [ -39.7812742, -6.2061 ], [ -39.7798821, -6.20534319999996 ], [ -39.7788874, -6.20501809999996 ], [ -39.776761899999897, -6.20561759999993 ], [ -39.7752133, -6.20635229999993 ], [ -39.773965099999899, -6.20648329999995 ], [ -39.7719696, -6.20576819999997 ], [ -39.7701877, -6.204957 ], [ -39.7689796, -6.20523209999993 ], [ -39.7680821, -6.20649189999995 ], [ -39.768014, -6.20885969999995 ], [ -39.7676091, -6.210033 ], [ -39.7670357, -6.21039279999997 ], [ -39.764716099999902, -6.210468 ], [ -39.7633296, -6.21087689999996 ], [ -39.762661299999898, -6.21176329999997 ], [ -39.7629023, -6.21310319999998 ], [ -39.763646, -6.214905 ], [ -39.7638229, -6.21736379999993 ], [ -39.764114, -6.22017879999993 ], [ -39.7640871, -6.22230289999993 ], [ -39.762686099999897, -6.22505719999998 ], [ -39.7620315, -6.22721209999997 ], [ -39.7615418, -6.23023509999996 ], [ -39.7608488, -6.23474739999995 ], [ -39.7606018, -6.23765559999993 ], [ -39.760507899999901, -6.23886429999993 ], [ -39.7604135999999, -6.23982179999996 ], [ -39.7600614, -6.24019919999995 ], [ -39.7546374, -6.240213 ], [ -39.753888699999898, -6.23942979999993 ], [ -39.7528361, -6.23501719999996 ], [ -39.751766599999897, -6.23221739999997 ], [ -39.750570099999898, -6.22902029999995 ], [ -39.749689299999901, -6.22837 ], [ -39.7478113, -6.22831979999995 ], [ -39.746709, -6.227974 ], [ -39.7398094, -6.22470659999993 ], [ -39.7356728, -6.22247 ], [ -39.733128, -6.22215879999993 ], [ -39.732704, -6.22085469999996 ], [ -39.7340019, -6.21546949999993 ], [ -39.7341051, -6.21231019999993 ], [ -39.732236, -6.20962029999993 ], [ -39.7297584, -6.20786469999996 ], [ -39.727713999999899, -6.208047 ], [ -39.721291199999897, -6.206907 ], [ -39.7181356, -6.20770109999995 ], [ -39.716346799999897, -6.21129339999993 ], [ -39.715359799999902, -6.21451019999995 ], [ -39.715408099999898, -6.21479729999993 ], [ -39.715338, -6.216018 ], [ -39.7153395, -6.21716679999997 ], [ -39.7152925, -6.21774119999998 ], [ -39.7153415, -6.21865059999993 ], [ -39.7154145, -6.21958389999998 ], [ -39.716061599999897, -6.22058819999995 ], [ -39.7172105, -6.22130469999996 ], [ -39.7177134, -6.22178269999995 ], [ -39.7178815, -6.22226109999997 ], [ -39.718645299999899, -6.22589929999998 ], [ -39.719212599999899, -6.22685919999998 ], [ -39.7203067, -6.22942329999995 ], [ -39.720633, -6.230227 ], [ -39.720576299999898, -6.23066749999998 ], [ -39.7206527, -6.23093869999997 ], [ -39.7206244, -6.23129769999997 ], [ -39.720796999999898, -6.23158469999993 ], [ -39.720979699999901, -6.23189229999997 ], [ -39.7209802, -6.23221779999994 ], [ -39.720942299999898, -6.23252419999994 ], [ -39.720981, -6.23283049999998 ], [ -39.721288399999899, -6.23374909999995 ], [ -39.7221512, -6.23512649999998 ], [ -39.7224768, -6.23535579999998 ], [ -39.7229277, -6.23558389999994 ], [ -39.7231571, -6.23544959999998 ], [ -39.7235636, -6.23541079999995 ], [ -39.7239271, -6.23538629999996 ], [ -39.724195, -6.235362 ], [ -39.7242767, -6.23565869999993 ], [ -39.7243725, -6.23577339999997 ], [ -39.7244732999999, -6.23599829999995 ], [ -39.7255531, -6.23654419999997 ], [ -39.7263158, -6.23668979999997 ], [ -39.726555, -6.23678519999993 ], [ -39.7265628, -6.23718369999995 ], [ -39.7264845, -6.23762289999996 ], [ -39.726775099999898, -6.23783739999993 ], [ -39.7269332, -6.23800949999998 ], [ -39.727363899999901, -6.23819559999993 ], [ -39.7276654, -6.23828129999993 ], [ -39.728239599999903, -6.23848149999998 ], [ -39.7283404, -6.23872549999993 ], [ -39.7284554, -6.238869 ], [ -39.728556, -6.23896929999995 ], [ -39.728713899999903, -6.23898349999996 ], [ -39.7288287, -6.23899769999997 ], [ -39.7289436, -6.23908369999998 ], [ -39.728987, -6.23931339999996 ], [ -39.729016, -6.23952869999994 ], [ -39.7290593, -6.23972969999994 ], [ -39.7292459, -6.23978689999996 ], [ -39.7294181, -6.23978659999995 ], [ -39.729576, -6.23984389999993 ], [ -39.7296911, -6.240016 ], [ -39.7299642, -6.24037459999994 ], [ -39.7298213, -6.24077689999996 ], [ -39.7298072, -6.24099229999996 ], [ -39.7298936, -6.241222 ], [ -39.7302381, -6.24129329999994 ], [ -39.7305539, -6.24132159999994 ], [ -39.731529899999899, -6.24152129999993 ], [ -39.73186, -6.24150639999993 ], [ -39.732089599999902, -6.24150609999998 ], [ -39.7322187, -6.24146289999993 ], [ -39.732362, -6.24133339999997 ], [ -39.7324912999999, -6.24144809999996 ], [ -39.732491599999904, -6.24166349999996 ], [ -39.7325084, -6.24206089999996 ], [ -39.732506999999899, -6.24239579999994 ], [ -39.7325934, -6.24266859999994 ], [ -39.7329384, -6.24305579999998 ], [ -39.7333260999999, -6.24324189999993 ], [ -39.7334412, -6.24345719999997 ], [ -39.733610999999897, -6.24378539999998 ], [ -39.733467399999903, -6.24509769999997 ], [ -39.7336708999999, -6.24528889999993 ], [ -39.734455899999901, -6.24529979999994 ], [ -39.7344305, -6.24530909999993 ], [ -39.734301, -6.24551949999994 ], [ -39.7341858999999, -6.24583869999998 ], [ -39.7338999, -6.246557 ], [ -39.734091799999902, -6.24695169999995 ], [ -39.7340052, -6.24713109999993 ], [ -39.7328396999999, -6.24809439999996 ], [ -39.733050299999903, -6.24902149999997 ], [ -39.7337108, -6.251025 ], [ -39.7343772, -6.25293269999997 ], [ -39.7344624999999, -6.25409329999997 ], [ -39.7340452, -6.25500329999994 ], [ -39.7340694, -6.25520669999997 ], [ -39.7342490999999, -6.25542189999993 ], [ -39.7347396, -6.25557679999997 ], [ -39.7349672, -6.25587559999997 ], [ -39.7349199, -6.25622269999997 ], [ -39.7347051, -6.25655809999995 ], [ -39.7346699, -6.25702479999995 ], [ -39.7347065, -6.25757519999996 ], [ -39.734934399999901, -6.25802959999993 ], [ -39.734946599999901, -6.258257 ], [ -39.734910899999903, -6.25835269999993 ], [ -39.7348034, -6.25846059999998 ], [ -39.7345884, -6.25861649999996 ], [ -39.7343494, -6.25876039999997 ], [ -39.734277399999897, -6.258593 ], [ -39.7340617, -6.25828209999997 ], [ -39.7337405, -6.25805229999997 ], [ -39.733369799999899, -6.25805279999997 ], [ -39.7329634, -6.258173 ], [ -39.7328560999999, -6.25841249999996 ], [ -39.7331538, -6.25895349999996 ], [ -39.7331543, -6.25931249999996 ], [ -39.732963599999898, -6.25971959999993 ], [ -39.732652899999898, -6.25991149999993 ], [ -39.732294399999901, -6.26007959999993 ], [ -39.731723, -6.260568 ], [ -39.7313143, -6.26046389999993 ], [ -39.731241399999902, -6.26058589999997 ], [ -39.731340799999899, -6.26091559999998 ], [ -39.7313771, -6.26116679999996 ], [ -39.731473299999898, -6.26160949999996 ], [ -39.731462099999902, -6.262124 ], [ -39.731175699999902, -6.26255519999995 ], [ -39.7309849, -6.26292649999994 ], [ -39.730865499999901, -6.26304629999993 ], [ -39.730674099999902, -6.26304659999994 ], [ -39.730422599999898, -6.26279559999995 ], [ -39.7302908999999, -6.26265219999993 ], [ -39.7296924, -6.26224619999994 ], [ -39.7295607, -6.26217459999998 ], [ -39.7293455, -6.26216289999996 ], [ -39.7291781, -6.26216309999995 ], [ -39.7288909, -6.26209169999993 ], [ -39.7286637, -6.262092 ], [ -39.728580099999903, -6.26216389999996 ], [ -39.728616299999899, -6.26239129999993 ], [ -39.7286764, -6.26258259999997 ], [ -39.728701, -6.26306129999995 ], [ -39.728724999999898, -6.26316889999993 ], [ -39.729013199999898, -6.26399419999996 ], [ -39.729192899999902, -6.26426919999994 ], [ -39.7293605, -6.26434079999996 ], [ -39.729563799999902, -6.26436439999998 ], [ -39.7297075, -6.26450779999993 ], [ -39.7298513, -6.26475889999995 ], [ -39.729936, -6.26544089999993 ], [ -39.7301714, -6.26596279999995 ], [ -39.7302354, -6.266082 ], [ -39.7302998, -6.26641859999995 ], [ -39.7302021, -6.26663609999997 ], [ -39.7300491, -6.26679819999993 ], [ -39.7299341, -6.26683249999996 ], [ -39.729789299999901, -6.26682419999997 ], [ -39.7297040999999, -6.26680719999996 ], [ -39.7296249, -6.26673189999997 ], [ -39.7293122, -6.26694219999996 ], [ -39.728937099999897, -6.26747949999998 ], [ -39.728650899999899, -6.26803519999993 ], [ -39.7280016, -6.26899339999994 ], [ -39.7276684, -6.2694 ], [ -39.7277665, -6.26990249999994 ], [ -39.727786099999904, -6.27024709999995 ], [ -39.7278822, -6.27057249999996 ], [ -39.7282268, -6.270706 ], [ -39.7281315, -6.27097419999996 ], [ -39.7279596, -6.27120419999994 ], [ -39.7278641999999, -6.27139579999994 ], [ -39.7273476, -6.27143479999995 ], [ -39.7270988, -6.27137769999996 ], [ -39.7268692, -6.271378 ], [ -39.726525099999897, -6.27160819999995 ], [ -39.7262575, -6.27181919999992 ], [ -39.7258749, -6.27183889999998 ], [ -39.7255494, -6.27172449999995 ], [ -39.725089599999897, -6.271323 ], [ -39.725051199999903, -6.27116989999996 ], [ -39.7250701, -6.27101669999996 ], [ -39.725222899999899, -6.27080589999997 ], [ -39.7253185, -6.27074829999998 ], [ -39.7255479, -6.270614 ], [ -39.725930199999901, -6.27036459999994 ], [ -39.7261214, -6.27024939999995 ], [ -39.726070299999897, -6.26989589999994 ], [ -39.7257437, -6.26962449999996 ], [ -39.725511599999898, -6.26931209999998 ], [ -39.7252235999999, -6.269 ], [ -39.7248526, -6.26866369999993 ], [ -39.7247378, -6.268671 ], [ -39.7244947, -6.26926729999997 ], [ -39.7241938, -6.26957639999995 ], [ -39.723727499999903, -6.26969189999994 ], [ -39.723533599999897, -6.26955579999998 ], [ -39.7233181, -6.26934069999993 ], [ -39.7229518, -6.269133 ], [ -39.722061799999899, -6.26895469999994 ], [ -39.721774799999899, -6.26895509999997 ], [ -39.7212949, -6.26958039999994 ], [ -39.721829899999904, -6.27084149999996 ], [ -39.7216156, -6.27158369999995 ], [ -39.7213533, -6.27213459999996 ], [ -39.7205647, -6.27261429999993 ], [ -39.7201577, -6.27276089999998 ], [ -39.708906199999902, -6.34039649999994 ], [ -39.7115037, -6.34293779999996 ], [ -39.7124393, -6.34494689999997 ], [ -39.714523799999903, -6.34738519999996 ], [ -39.7158213, -6.35154769999997 ], [ -39.716111899999902, -6.35406029999996 ], [ -39.713743399999899, -6.35634979999998 ], [ -39.713713599999899, -6.35773649999993 ], [ -39.7141674, -6.35896879999996 ], [ -39.7148812, -6.35927449999997 ], [ -39.7176625, -6.35876229999997 ], [ -39.7196835, -6.35957179999997 ], [ -39.720579, -6.36051669999995 ], [ -39.722302, -6.36292309999993 ], [ -39.7237443, -6.36562839999993 ], [ -39.7255268, -6.36660729999994 ], [ -39.7272227, -6.36702189999994 ], [ -39.727518, -6.36809249999993 ], [ -39.727050399999897, -6.37053629999997 ], [ -39.7277166, -6.37104279999994 ], [ -39.7305236999999, -6.37149739999995 ], [ -39.731415, -6.37132789999993 ], [ -39.7325804, -6.37071029999993 ], [ -39.733915099999898, -6.37086029999995 ], [ -39.734387, -6.37332279999993 ], [ -39.735021199999899, -6.37360229999996 ], [ -39.7368286, -6.37363409999995 ], [ -39.7387201, -6.37425549999995 ], [ -39.7393827, -6.37478279999993 ], [ -39.739526, -6.37508109999993 ], [ -39.7402714, -6.37663679999997 ], [ -39.740411, -6.37809109999995 ], [ -39.740326599999896, -6.38040589999997 ], [ -39.740576, -6.38154439999994 ], [ -39.741231099999901, -6.382534 ], [ -39.7423827, -6.38479639999997 ], [ -39.7433247, -6.38595369999996 ], [ -39.7441325, -6.38621309999996 ], [ -39.745885, -6.38634619999993 ], [ -39.748273599999898, -6.38685289999995 ], [ -39.750743, -6.38878689999996 ], [ -39.7513842, -6.39011109999996 ], [ -39.7521606, -6.39112489999997 ], [ -39.752305299999897, -6.39112009999997 ], [ -39.7529658, -6.39270029999994 ], [ -39.7539695, -6.39334739999993 ], [ -39.7553255, -6.39498349999997 ], [ -39.7562973, -6.39673059999996 ], [ -39.756768399999899, -6.397961 ], [ -39.7581623, -6.39952649999998 ], [ -39.7593002999999, -6.399855 ], [ -39.763162599999902, -6.40018849999996 ], [ -39.765926, -6.40155839999994 ], [ -39.7668075, -6.40210249999996 ], [ -39.7694445999999, -6.40416629999993 ], [ -39.772084999999898, -6.40606549999995 ], [ -39.7728091, -6.40766449999995 ], [ -39.774361699999901, -6.409213 ], [ -39.775974, -6.41084639999997 ], [ -39.776031799999899, -6.41252269999995 ], [ -39.776497499999898, -6.41439769999994 ], [ -39.7738204, -6.41834649999993 ], [ -39.7749929, -6.42167609999996 ], [ -39.7738629, -6.42585759999997 ], [ -39.7749183, -6.42767489999994 ], [ -39.7756595, -6.42833159999998 ], [ -39.775772, -6.42973889999996 ], [ -39.775001, -6.43114029999998 ], [ -39.7741928, -6.43188149999997 ], [ -39.7729201, -6.43340479999995 ], [ -39.7695265, -6.43823389999994 ], [ -39.768020299999897, -6.43966709999995 ], [ -39.7673191, -6.44017239999994 ], [ -39.7660114, -6.44126 ], [ -39.765272, -6.442209 ], [ -39.765023, -6.44275219999997 ], [ -39.7650194, -6.44323469999995 ], [ -39.7650649, -6.444008 ], [ -39.765255, -6.44534549999997 ], [ -39.765369399999898, -6.44568539999995 ], [ -39.7661838, -6.44666289999998 ], [ -39.7676084, -6.44765569999993 ], [ -39.7695537, -6.45004879999993 ], [ -39.7701795, -6.45180649999998 ], [ -39.7705642, -6.45303129999996 ], [ -39.7705472, -6.45450559999995 ], [ -39.770606, -6.45538619999996 ], [ -39.7710099, -6.45666839999996 ], [ -39.771222599999902, -6.458104 ], [ -39.771406699999901, -6.45895539999998 ], [ -39.7718441, -6.45970389999997 ], [ -39.7712329, -6.46056639999995 ], [ -39.7707942, -6.46156269999994 ], [ -39.7708263, -6.46268349999997 ], [ -39.7702737, -6.46346629999994 ], [ -39.7693763, -6.46498019999996 ], [ -39.7689185, -6.46599569999995 ], [ -39.768690299999903, -6.46699159999997 ], [ -39.768480699999898, -6.46760459999996 ], [ -39.7683474, -6.46808339999995 ], [ -39.7680606, -6.46829449999996 ], [ -39.767793, -6.46854379999996 ], [ -39.7674491, -6.46896549999997 ], [ -39.7667233, -6.47003879999994 ], [ -39.7661113, -6.47038429999998 ], [ -39.765614099999901, -6.47044809999994 ], [ -39.7650841, -6.47018159999993 ], [ -39.7637611, -6.47013429999993 ], [ -39.7636585, -6.47026359999995 ], [ -39.7636011, -6.47032119999994 ], [ -39.7634863, -6.47037159999996 ], [ -39.763421799999897, -6.47043629999996 ], [ -39.763256899999902, -6.47053709999994 ], [ -39.7631853, -6.47063049999997 ], [ -39.763049099999897, -6.47079589999993 ], [ -39.7629702999999, -6.47088929999995 ], [ -39.7628627, -6.47094689999994 ], [ -39.7627694, -6.47094709999993 ], [ -39.7625684, -6.47094739999994 ], [ -39.762403199999902, -6.47089019999993 ], [ -39.7622453, -6.47084729999995 ], [ -39.762108899999902, -6.47084749999993 ], [ -39.7619797, -6.47088359999998 ], [ -39.761886499999903, -6.47095559999997 ], [ -39.7617359, -6.47105629999993 ], [ -39.7615064, -6.47117149999997 ], [ -39.7613271, -6.47128669999995 ], [ -39.7609757, -6.47147389999998 ], [ -39.760717499999899, -6.47159629999993 ], [ -39.7605381, -6.47168269999997 ], [ -39.7603157, -6.47174049999995 ], [ -39.760165, -6.47177659999994 ], [ -39.7600646, -6.471827 ], [ -39.759965399999899, -6.47193489999995 ], [ -39.759488099999899, -6.47274329999993 ], [ -39.7591608, -6.47391049999993 ], [ -39.758922599999899, -6.474599 ], [ -39.758235899999903, -6.47540769999995 ], [ -39.7565329, -6.47532129999996 ], [ -39.756073699999902, -6.475454 ], [ -39.754294, -6.47539789999996 ], [ -39.7528953999999, -6.47570659999997 ], [ -39.7526042, -6.47571609999994 ], [ -39.7521672, -6.47564739999996 ], [ -39.751650799999901, -6.47595 ], [ -39.7514416, -6.47607 ], [ -39.751202799999902, -6.47639939999993 ], [ -39.7512416, -6.47690669999997 ], [ -39.7513767, -6.47771059999997 ], [ -39.7513579, -6.47794039999997 ], [ -39.7511092, -6.47802689999997 ], [ -39.750128199999899, -6.47786689999998 ], [ -39.7496795, -6.47777779999996 ], [ -39.7493502, -6.47759879999995 ], [ -39.749077699999901, -6.47762289999997 ], [ -39.7488609, -6.47753879999993 ], [ -39.748669499999899, -6.47753909999994 ], [ -39.748526, -6.47754889999993 ], [ -39.7484208, -6.47762559999995 ], [ -39.7483156, -6.47771189999997 ], [ -39.7481913, -6.47778869999996 ], [ -39.7480575, -6.47792289999995 ], [ -39.747809, -6.47810519999996 ], [ -39.7477709, -6.47822969999993 ], [ -39.747636999999898, -6.47829689999998 ], [ -39.7474839, -6.47835449999997 ], [ -39.7473404, -6.47837389999995 ], [ -39.746929099999903, -6.47852769999997 ], [ -39.7467186, -6.47855669999996 ], [ -39.746431399999899, -6.47854759999996 ], [ -39.746220799999897, -6.47853829999997 ], [ -39.7460773, -6.47853849999996 ], [ -39.7460199, -6.47857689999995 ], [ -39.7459722, -6.47866309999995 ], [ -39.745972299999899, -6.47874929999995 ], [ -39.7460012, -6.47889279999993 ], [ -39.7461736999999, -6.47900739999994 ], [ -39.7463271, -6.47921779999996 ], [ -39.746375199999903, -6.47939009999993 ], [ -39.7463658, -6.479505 ], [ -39.7462894, -6.47962949999993 ], [ -39.7461939, -6.47974449999998 ], [ -39.74606, -6.47979259999994 ], [ -39.7459165, -6.47985979999993 ], [ -39.745753799999903, -6.47986959999997 ], [ -39.7456488, -6.48005169999993 ], [ -39.7456203, -6.48018569999994 ], [ -39.7456204, -6.480291 ], [ -39.7456493, -6.48041549999994 ], [ -39.7457165, -6.48052069999994 ], [ -39.745716699999903, -6.480693 ], [ -39.7456883, -6.48087489999995 ], [ -39.7456981999999, -6.48108549999995 ], [ -39.745708099999902, -6.481344 ], [ -39.7454471, -6.481573 ], [ -39.7452876, -6.48177539999995 ], [ -39.745172899999901, -6.48188079999994 ], [ -39.7450294, -6.48192889999996 ], [ -39.7448668, -6.48193869999994 ], [ -39.7446760999999, -6.48199089999997 ], [ -39.74374, -6.48212369999993 ], [ -39.7433358, -6.48223919999998 ], [ -39.7428452999999, -6.48228779999994 ], [ -39.7423552, -6.48255169999993 ], [ -39.7418769, -6.48275589999997 ], [ -39.741721299999902, -6.48269629999993 ], [ -39.7415273, -6.48260019999998 ], [ -39.7403305, -6.48230279999996 ], [ -39.7389554, -6.48278349999993 ], [ -39.7385073, -6.48314309999995 ], [ -39.738509099999902, -6.48439959999996 ], [ -39.73854, -6.48508759999993 ], [ -39.738212099999899, -6.48586589999996 ], [ -39.7377640999999, -6.48628539999993 ], [ -39.737585, -6.48655489999993 ], [ -39.7364196, -6.48727449999996 ], [ -39.7360021, -6.48814269999997 ], [ -39.735793199999897, -6.48844219999995 ], [ -39.7355446, -6.48851949999994 ], [ -39.7351813, -6.488788 ], [ -39.734741299999897, -6.48899929999993 ], [ -39.734502, -6.48899959999994 ], [ -39.7343106, -6.48899029999995 ], [ -39.7341574, -6.488981 ], [ -39.7340234, -6.48898119999996 ], [ -39.7338895, -6.48901969999997 ], [ -39.7336695, -6.48911569999996 ], [ -39.733392099999897, -6.48925969999993 ], [ -39.733153, -6.48935579999994 ], [ -39.7329329, -6.48938479999993 ], [ -39.7328085, -6.48936589999994 ], [ -39.7327318, -6.489299 ], [ -39.7325398999999, -6.48897379999994 ], [ -39.732425, -6.48891649999996 ], [ -39.732252699999897, -6.48891669999995 ], [ -39.731984899999901, -6.48904159999995 ], [ -39.731736199999901, -6.48919509999996 ], [ -39.7314689, -6.48962629999994 ], [ -39.731153499999898, -6.48994259999995 ], [ -39.7308859, -6.49020149999996 ], [ -39.7307425, -6.49031659999997 ], [ -39.730283299999897, -6.49046079999994 ], [ -39.7298719, -6.49058589999993 ], [ -39.729670999999897, -6.490701 ], [ -39.7296234, -6.49083509999997 ], [ -39.729604499999901, -6.49098829999997 ], [ -39.729652499999901, -6.491151 ], [ -39.7296431, -6.49124679999994 ], [ -39.7295761, -6.491266 ], [ -39.7293847, -6.49125669999995 ], [ -39.729135799999902, -6.49119959999996 ], [ -39.7287625, -6.49122889999995 ], [ -39.7285904, -6.49133439999997 ], [ -39.728055, -6.49170849999996 ], [ -39.727768399999903, -6.49213019999996 ], [ -39.7275008, -6.49235069999997 ], [ -39.727453, -6.49245609999997 ], [ -39.727299899999899, -6.49247549999995 ], [ -39.7271661, -6.49256179999998 ], [ -39.727118399999902, -6.49267679999997 ], [ -39.7269924, -6.49308639999998 ], [ -39.7262681, -6.49376929999994 ], [ -39.7260199, -6.493783 ], [ -39.7260567, -6.49442909999993 ], [ -39.726309, -6.49514679999993 ], [ -39.726266199999898, -6.49538379999996 ], [ -39.7254702, -6.49590179999996 ], [ -39.7248463, -6.49635509999996 ], [ -39.7282256, -6.49813269999993 ], [ -39.7299614, -6.49881829999993 ], [ -39.731493, -6.49971629999993 ], [ -39.732835099999903, -6.50039969999995 ], [ -39.736083199999896, -6.50186359999998 ], [ -39.737089099999899, -6.50250109999996 ], [ -39.738360499999899, -6.50301619999993 ], [ -39.7399286, -6.50362029999997 ], [ -39.7430113, -6.50496189999996 ], [ -39.7449573, -6.50618559999998 ], [ -39.746701899999898, -6.50786469999997 ], [ -39.7483119, -6.50919059999995 ], [ -39.7491808, -6.51027789999995 ], [ -39.7509186999999, -6.51236939999995 ], [ -39.7507767, -6.51260379999997 ], [ -39.7506192, -6.51289129999998 ], [ -39.750497499999902, -6.51307809999997 ], [ -39.7500027, -6.51348089999993 ], [ -39.749831, -6.51386169999995 ], [ -39.749738, -6.51407009999997 ], [ -39.7497238, -6.51418489999998 ], [ -39.7499538, -6.51434259999996 ], [ -39.7500974, -6.51438539999998 ], [ -39.7501119, -6.51452179999995 ], [ -39.750090699999902, -6.51471569999995 ], [ -39.7499187, -6.514917 ], [ -39.7493307, -6.51531989999995 ], [ -39.7491247, -6.51553939999997 ], [ -39.7491059, -6.51575 ], [ -39.7495089, -6.51640039999995 ], [ -39.749681399999901, -6.51657239999997 ], [ -39.7504671, -6.51712649999996 ], [ -39.7505257, -6.51787309999997 ], [ -39.7502966, -6.51831379999993 ], [ -39.750182499999902, -6.51879259999993 ], [ -39.7501832, -6.51929039999993 ], [ -39.7502033, -6.51996049999997 ], [ -39.7504147, -6.52047719999996 ], [ -39.7503771, -6.52093669999994 ], [ -39.7499377, -6.52156919999993 ], [ -39.7495746, -6.52197179999996 ], [ -39.749211199999898, -6.52218289999996 ], [ -39.748732899999901, -6.52237509999998 ], [ -39.7485224, -6.52243289999996 ], [ -39.748312199999901, -6.52272039999997 ], [ -39.7480062, -6.52291229999997 ], [ -39.7474893, -6.52289389999993 ], [ -39.7470107, -6.52289459999997 ], [ -39.7465321, -6.52289529999996 ], [ -39.7463738, -6.52284069999996 ], [ -39.7462252, -6.52247459999995 ], [ -39.745894399999898, -6.52231489999997 ], [ -39.7456263999999, -6.52230569999995 ], [ -39.745530899999899, -6.52243029999994 ], [ -39.745689599999899, -6.52274339999997 ], [ -39.74569, -6.52300449999996 ], [ -39.745465099999898, -6.52323459999997 ], [ -39.7453411, -6.52353149999993 ], [ -39.7454044999999, -6.52414149999993 ], [ -39.7453856, -6.52431379999996 ], [ -39.7452331, -6.52473529999997 ], [ -39.7451953, -6.52504169999997 ], [ -39.7450233, -6.52525249999997 ], [ -39.744947099999898, -6.52552069999996 ], [ -39.744947599999897, -6.525827 ], [ -39.745043699999897, -6.52613319999995 ], [ -39.745101599999899, -6.52640119999995 ], [ -39.745101799999901, -6.52659259999996 ], [ -39.744987099999904, -6.52666939999995 ], [ -39.7445901, -6.52706509999996 ], [ -39.7442222, -6.52723529999997 ], [ -39.7439401, -6.52764039999994 ], [ -39.7435536999999, -6.52829889999992 ], [ -39.743477799999901, -6.52873939999995 ], [ -39.743363499999901, -6.52912249999997 ], [ -39.7432107999999, -6.52944819999993 ], [ -39.7429817, -6.52983149999994 ], [ -39.742389, -6.53036839999993 ], [ -39.742102, -6.53048369999993 ], [ -39.7418529, -6.53031179999994 ], [ -39.741584499999902, -6.53008239999997 ], [ -39.7413351, -6.529719 ], [ -39.7410859, -6.52945129999995 ], [ -39.7407985, -6.52927939999995 ], [ -39.740472899999901, -6.52920329999995 ], [ -39.740166499999901, -6.52914629999998 ], [ -39.7398985, -6.52914669999996 ], [ -39.7396123, -6.52981729999993 ], [ -39.7395174, -6.53031519999996 ], [ -39.739547899999899, -6.53072679999997 ], [ -39.7395189, -6.531385 ], [ -39.739549899999901, -6.53213289999997 ], [ -39.7395504, -6.53246189999993 ], [ -39.7395514, -6.53315 ], [ -39.7392831, -6.53377859999995 ], [ -39.7388652, -6.53431769999997 ], [ -39.738238099999897, -6.53509639999993 ], [ -39.737910199999902, -6.53587469999997 ], [ -39.736984, -6.53656419999993 ], [ -39.736040499999902, -6.536151 ], [ -39.73539, -6.53645819999997 ], [ -39.7352241, -6.53725249999997 ], [ -39.735411, -6.53772189999995 ], [ -39.735085899999902, -6.53793289999993 ], [ -39.732841699999902, -6.53763179999993 ], [ -39.7316613, -6.53776859999994 ], [ -39.730405, -6.53783019999997 ], [ -39.7295343, -6.53805589999996 ], [ -39.728565199999899, -6.53847509999997 ], [ -39.7282417, -6.53857089999997 ], [ -39.727858899999902, -6.53862889999994 ], [ -39.7276292, -6.538591 ], [ -39.7271886999999, -6.53849589999993 ], [ -39.728065899999898, -6.53945669999996 ], [ -39.728310599999901, -6.53982969999993 ], [ -39.7287537, -6.54046059999996 ], [ -39.728827599999903, -6.54191079999993 ], [ -39.7287026, -6.54275489999998 ], [ -39.7287995, -6.54338889999997 ], [ -39.7322176, -6.54486229999998 ], [ -39.7345308, -6.54703119999994 ], [ -39.7362805, -6.54812429999993 ], [ -39.737534599999897, -6.54992319999997 ], [ -39.737802799999898, -6.55056429999996 ], [ -39.738357999999899, -6.55230749999993 ], [ -39.7385073, -6.554176 ], [ -39.7393298, -6.55870749999997 ], [ -39.741406799999901, -6.56194269999997 ], [ -39.743526, -6.56316879999997 ], [ -39.746385, -6.56372989999994 ], [ -39.748635599999901, -6.563817 ], [ -39.7498873, -6.56495759999996 ], [ -39.750224199999899, -6.56589689999993 ], [ -39.7507204999999, -6.56928179999994 ], [ -39.753031899999897, -6.57530959999997 ], [ -39.7532442, -6.57647719999994 ], [ -39.753206599999899, -6.57689839999995 ], [ -39.7529205, -6.57762639999993 ], [ -39.7525535, -6.57820439999995 ], [ -39.7520038, -6.57919779999997 ], [ -39.7515652, -6.58036629999998 ], [ -39.7513939, -6.58097929999997 ], [ -39.751433, -6.58151529999998 ], [ -39.754330599999903, -6.58323979999994 ], [ -39.755772599999901, -6.58340409999994 ], [ -39.757582199999902, -6.58312089999993 ], [ -39.7594996999999, -6.58192759999997 ], [ -39.7608566, -6.58195359999996 ], [ -39.7637136, -6.58287909999996 ], [ -39.765185, -6.58388449999995 ], [ -39.766732499999897, -6.58442029999998 ], [ -39.7704436, -6.58606539999994 ], [ -39.7708537, -6.58684889999995 ], [ -39.7702998, -6.587861 ], [ -39.7674084, -6.58987809999996 ], [ -39.7641467, -6.59066949999993 ], [ -39.7624473, -6.59358519999995 ], [ -39.7634859, -6.59670439999996 ] ] ] ] } },
{ "type": "Feature", "properties": { "CD_MUN": "2303808", "NM_MUN": "Cedro", "CD_RGI": "230009", "NM_RGI": "Iguatu", "CD_RGINT": "2303", "NM_RGINT": "Iguatu", "CD_UF": "23", "NM_UF": "Ceará", "SIGLA_UF": "CE", "CD_REGIAO": "2", "NM_REGIAO": "Nordeste", "SIGLA_RG": "NE", "CD_CONCURB": null, "NM_CONCURB": null, "AREA_KM2": 729.97 }, "geometry": { "type": "MultiPolygon", "coordinates": [ [ [ [ -39.0627923, -6.67015979999996 ], [ -39.0625285, -6.67121739999993 ], [ -39.060994, -6.67264969999997 ], [ -39.0596613, -6.67425149999997 ], [ -39.059314399999899, -6.67522949999994 ], [ -39.059179899999897, -6.67598059999995 ], [ -39.0590455, -6.67673159999993 ], [ -39.058911, -6.67748259999996 ], [ -39.058697499999901, -6.67873319999995 ], [ -39.058171, -6.68059059999996 ], [ -39.056821, -6.68155769999993 ], [ -39.0559593, -6.68218969999998 ], [ -39.0548294, -6.682477 ], [ -39.0529526, -6.68265909999997 ], [ -39.051056699999897, -6.68354009999996 ], [ -39.0498942, -6.68490439999994 ], [ -39.0496206, -6.68555079999993 ], [ -39.049868199999899, -6.68755169999997 ], [ -39.0494485, -6.688758 ], [ -39.0490847, -6.68928459999995 ], [ -39.0486921, -6.68962929999998 ], [ -39.0483666, -6.689974 ], [ -39.0482517, -6.69029949999998 ], [ -39.0474761, -6.690874 ], [ -39.047179399999898, -6.69195589999993 ], [ -39.0468347, -6.69289409999993 ], [ -39.046614599999899, -6.69358349999993 ], [ -39.046289, -6.69424409999993 ], [ -39.045781599999899, -6.69485689999993 ], [ -39.0456953999999, -6.69540259999997 ], [ -39.0458631, -6.69576639999997 ], [ -39.0474814, -6.69587149999995 ], [ -39.0489082, -6.69583309999996 ], [ -39.049837099999898, -6.69666589999997 ], [ -39.0510054, -6.69715409999998 ], [ -39.051397999999899, -6.69696249999993 ], [ -39.051867199999897, -6.69617739999995 ], [ -39.0526619, -6.69578479999996 ], [ -39.053361, -6.69585179999996 ], [ -39.0541365999999, -6.69606229999994 ], [ -39.0551589, -6.69615149999993 ], [ -39.0558475, -6.69673759999995 ], [ -39.055995, -6.69697189999994 ], [ -39.055995, -6.69713289999993 ], [ -39.0564926, -6.69830229999997 ], [ -39.0569523, -6.69880009999997 ], [ -39.057881199999898, -6.69908719999995 ], [ -39.058417399999897, -6.69901049999993 ], [ -39.059758, -6.69882849999993 ], [ -39.0604571, -6.69876139999997 ], [ -39.0614565, -6.69979179999996 ], [ -39.0628179, -6.70050469999995 ], [ -39.0636269, -6.70024489999997 ], [ -39.064297199999899, -6.70030229999998 ], [ -39.0646899, -6.70080009999998 ], [ -39.065235899999898, -6.70186269999994 ], [ -39.065868, -6.70311669999995 ], [ -39.066988599999902, -6.70438989999997 ], [ -39.0681666, -6.70542369999993 ], [ -39.0694210999999, -6.70545229999993 ], [ -39.0708, -6.70546159999998 ], [ -39.0724089, -6.70586349999996 ], [ -39.0736921, -6.70641859999995 ], [ -39.0757414, -6.70626509999994 ], [ -39.077283099999903, -6.70591059999998 ], [ -39.0793707, -6.70597729999997 ], [ -39.081923199999899, -6.70565479999993 ], [ -39.0823296, -6.70560339999997 ], [ -39.0828084, -6.70575649999995 ], [ -39.0841806, -6.70718459999995 ], [ -39.0843806, -6.70742879999995 ], [ -39.0846333, -6.70889419999997 ], [ -39.085231899999897, -6.70994939999997 ], [ -39.0868024, -6.71020769999996 ], [ -39.087549399999901, -6.71048519999994 ], [ -39.0885168, -6.71128919999995 ], [ -39.0891106, -6.711739 ], [ -39.090656099999897, -6.71275239999994 ], [ -39.0912726, -6.71276419999998 ], [ -39.0917873, -6.71259059999994 ], [ -39.0917932, -6.71230339999994 ], [ -39.091753299999901, -6.71216279999993 ], [ -39.0916635, -6.71200719999996 ], [ -39.0916635, -6.71189359999994 ], [ -39.0917592, -6.71180979999997 ], [ -39.091855, -6.71182169999997 ], [ -39.092040499999896, -6.71188749999993 ], [ -39.0921901, -6.71188149999995 ], [ -39.092351699999902, -6.71181559999997 ], [ -39.0925432, -6.71169589999994 ], [ -39.0925791, -6.71160019999996 ], [ -39.0925252, -6.71143859999995 ], [ -39.0923157, -6.711331 ], [ -39.0922558, -6.71118739999997 ], [ -39.092309699999902, -6.71104379999997 ], [ -39.092489199999903, -6.71097189999995 ], [ -39.092656799999901, -6.71090609999993 ], [ -39.0928124, -6.710906 ], [ -39.0931596, -6.71103759999994 ], [ -39.0939377, -6.71159989999995 ], [ -39.0949494, -6.712599 ], [ -39.0955959, -6.71317329999994 ], [ -39.0957779, -6.71330969999997 ], [ -39.096218399999898, -6.71326169999998 ], [ -39.0962375, -6.71305109999997 ], [ -39.0962375, -6.71293619999994 ], [ -39.0960554, -6.71243839999994 ], [ -39.0960075, -6.71207459999994 ], [ -39.096074499999901, -6.71190229999996 ], [ -39.096218099999902, -6.71178739999993 ], [ -39.0966203, -6.71175859999994 ], [ -39.0968884, -6.71180639999994 ], [ -39.0973385, -6.71193079999995 ], [ -39.0976929, -6.71208389999993 ], [ -39.0978557, -6.71226569999993 ], [ -39.0979227999999, -6.71233269999993 ], [ -39.0986986, -6.71306979999997 ], [ -39.0989668, -6.71325159999998 ], [ -39.099330699999904, -6.71334729999995 ], [ -39.099799899999901, -6.71341419999993 ], [ -39.0999436, -6.71341419999993 ], [ -39.1008533, -6.71317459999995 ], [ -39.1013991, -6.71310749999998 ], [ -39.1025387, -6.71316469999994 ], [ -39.1033336, -6.71375809999995 ], [ -39.104933, -6.71447579999995 ], [ -39.107930699999898, -6.71548459999997 ], [ -39.1082898, -6.71540079999994 ], [ -39.1090747, -6.71445929999993 ], [ -39.1094816, -6.71402839999996 ], [ -39.109707399999898, -6.71384719999998 ], [ -39.1098502, -6.71343239999993 ], [ -39.1098597, -6.71325049999996 ], [ -39.1098501, -6.713059 ], [ -39.109763799999897, -6.71280049999996 ], [ -39.1097063, -6.71253249999995 ], [ -39.109715799999897, -6.71226439999998 ], [ -39.1098497999999, -6.71203459999998 ], [ -39.1101179, -6.71191009999995 ], [ -39.110501, -6.71173769999996 ], [ -39.1108169, -6.71154609999996 ], [ -39.111094599999902, -6.71131629999996 ], [ -39.1113435, -6.71116309999996 ], [ -39.111784, -6.71094279999994 ], [ -39.1121861, -6.71067459999995 ], [ -39.112530799999902, -6.71049259999995 ], [ -39.112942599999897, -6.71033939999995 ], [ -39.1130861, -6.7101 ], [ -39.113287199999903, -6.70984139999996 ], [ -39.1133829, -6.70961169999993 ], [ -39.113421199999898, -6.70944889999993 ], [ -39.1135169, -6.709334 ], [ -39.1136701, -6.70926689999993 ], [ -39.1138425, -6.70926689999993 ], [ -39.1139861999999, -6.70946789999994 ], [ -39.1141203, -6.70970719999997 ], [ -39.1143693, -6.71001349999995 ], [ -39.114513, -6.71015709999995 ], [ -39.114675799999901, -6.71031019999998 ], [ -39.114944, -6.71040589999996 ], [ -39.1153748999999, -6.71043449999996 ], [ -39.115786699999902, -6.71043439999994 ], [ -39.116246299999901, -6.71041519999994 ], [ -39.116571899999897, -6.71044379999995 ], [ -39.116916699999898, -6.71064479999995 ], [ -39.11707, -6.71088409999993 ], [ -39.1172424, -6.71115209999994 ], [ -39.1175777, -6.71153019999997 ], [ -39.119748399999899, -6.71245529999993 ], [ -39.1200271, -6.71264609999997 ], [ -39.1211896, -6.71305979999994 ], [ -39.1224966999999, -6.71300209999993 ], [ -39.123157499999898, -6.71310239999997 ], [ -39.123746299999901, -6.71249909999995 ], [ -39.124466599999899, -6.71125039999993 ], [ -39.1246485, -6.71116419999993 ], [ -39.125318799999903, -6.71121189999997 ], [ -39.1263311, -6.71134449999994 ], [ -39.128281, -6.71159989999995 ], [ -39.1291643, -6.71124779999997 ], [ -39.1298391999999, -6.71037879999994 ], [ -39.1296967, -6.70935269999995 ], [ -39.1289603, -6.70709059999996 ], [ -39.129373799999897, -6.70500459999994 ], [ -39.1293545999999, -6.704338 ], [ -39.1293664, -6.703596 ], [ -39.1293663, -6.703237 ], [ -39.1293661999999, -6.70299769999997 ], [ -39.129378099999897, -6.70285409999997 ], [ -39.1292463999999, -6.70273439999994 ], [ -39.1292463999999, -6.70268649999997 ], [ -39.129306299999897, -6.70265059999997 ], [ -39.129557599999899, -6.70265059999997 ], [ -39.129952699999897, -6.70271029999998 ], [ -39.1300125, -6.70257859999998 ], [ -39.1300125, -6.70253079999998 ], [ -39.1300004, -6.70235129999998 ], [ -39.129988399999903, -6.70218369999998 ], [ -39.1298806, -6.70184869999997 ], [ -39.1297129, -6.70140589999994 ], [ -39.129832599999901, -6.70127429999997 ], [ -39.129880399999898, -6.70109469999994 ], [ -39.1299043, -6.70093919999994 ], [ -39.129964099999903, -6.70084339999994 ], [ -39.1301796, -6.70087929999994 ], [ -39.1305627, -6.70096289999998 ], [ -39.1307662, -6.70099879999998 ], [ -39.1309577, -6.70099869999996 ], [ -39.1310894, -6.70099869999996 ], [ -39.1312689, -6.70098669999993 ], [ -39.1314245, -6.70079519999996 ], [ -39.1314962, -6.70056779999993 ], [ -39.131520099999904, -6.70032839999993 ], [ -39.131352499999899, -6.70014889999993 ], [ -39.131304499999899, -6.69996939999993 ], [ -39.131280499999903, -6.69973009999995 ], [ -39.131280499999903, -6.69957449999993 ], [ -39.1313044, -6.69938309999998 ], [ -39.1313282, -6.69909579999995 ], [ -39.1314239, -6.69868889999998 ], [ -39.1314239, -6.69854529999998 ], [ -39.131387899999901, -6.698318 ], [ -39.131304, -6.69810259999997 ], [ -39.131136399999903, -6.69803079999997 ], [ -39.1308372, -6.697995 ], [ -39.130753399999897, -6.69787529999996 ], [ -39.1307413, -6.69765989999996 ], [ -39.1308251, -6.69740859999996 ], [ -39.130837, -6.69715729999996 ], [ -39.130789, -6.69682219999993 ], [ -39.130729, -6.69641529999996 ], [ -39.130729, -6.69611619999995 ], [ -39.1307145, -6.69552119999997 ], [ -39.1303334999999, -6.69446479999993 ], [ -39.1299862, -6.693711 ], [ -39.1293515999999, -6.69312469999994 ], [ -39.1292318, -6.69241869999996 ], [ -39.129496699999898, -6.692018 ], [ -39.1296743, -6.69129369999996 ], [ -39.1298178, -6.69070719999996 ], [ -39.130341799999897, -6.690131 ], [ -39.130655499999897, -6.68973529999994 ], [ -39.1309807, -6.68950729999995 ], [ -39.1311939, -6.68915109999995 ], [ -39.1316487, -6.68878 ], [ -39.132259099999899, -6.688744 ], [ -39.1328576, -6.68877969999994 ], [ -39.1339707, -6.68861189999996 ], [ -39.134281799999897, -6.68820489999996 ], [ -39.134377399999899, -6.68766629999993 ], [ -39.134485, -6.68716369999993 ], [ -39.1343772, -6.68673289999998 ], [ -39.1338861, -6.685632 ], [ -39.1338261, -6.68510549999996 ], [ -39.133682399999898, -6.68462689999996 ], [ -39.1337748, -6.68450039999993 ], [ -39.133921299999898, -6.68414849999994 ], [ -39.1340638, -6.68391929999996 ], [ -39.1341968, -6.68370519999996 ], [ -39.1351536, -6.68275149999994 ], [ -39.135446699999903, -6.68229729999996 ], [ -39.1366189, -6.681797 ], [ -39.1373273, -6.68093519999996 ], [ -39.1376908, -6.67974789999994 ], [ -39.138112, -6.67909679999997 ], [ -39.138494799999897, -6.67838819999997 ], [ -39.1399119, -6.67834719999996 ], [ -39.1400735, -6.67823339999995 ], [ -39.1412139, -6.67718119999995 ], [ -39.1421713, -6.67674049999994 ], [ -39.1427265, -6.67614669999995 ], [ -39.1429299, -6.67586309999996 ], [ -39.1427762, -6.67437919999998 ], [ -39.142709099999898, -6.67383349999994 ], [ -39.142938699999902, -6.67322079999997 ], [ -39.143407599999897, -6.67241639999997 ], [ -39.14397, -6.67174249999994 ], [ -39.144314699999903, -6.67172319999997 ], [ -39.144716899999899, -6.67168479999998 ], [ -39.145099899999899, -6.67183789999996 ], [ -39.146670599999901, -6.67275649999993 ], [ -39.147072799999897, -6.67290949999995 ], [ -39.147379199999897, -6.67290939999998 ], [ -39.1476089, -6.67266049999995 ], [ -39.147704599999898, -6.67220089999995 ], [ -39.1477427, -6.67179879999998 ], [ -39.1479916, -6.67158809999995 ], [ -39.1489108, -6.67143459999994 ], [ -39.1492172, -6.67133879999994 ], [ -39.149446899999901, -6.67091749999997 ], [ -39.1497148999999, -6.67053449999997 ], [ -39.1499256, -6.670745 ], [ -39.1500023, -6.67099389999993 ], [ -39.1501172, -6.67116619999996 ], [ -39.1501173, -6.67141509999993 ], [ -39.1501173999999, -6.67162569999994 ], [ -39.150079199999901, -6.67187469999993 ], [ -39.1500027, -6.67221929999994 ], [ -39.1500027, -6.67248739999997 ], [ -39.1500028, -6.67273629999994 ], [ -39.1500986, -6.67300439999997 ], [ -39.150137, -6.67331069999994 ], [ -39.150232899999899, -6.673617 ], [ -39.1504244999999, -6.67386589999995 ], [ -39.1505586, -6.67399989999996 ], [ -39.1506735, -6.67421049999996 ], [ -39.1511905999999, -6.67419119999994 ], [ -39.1522438, -6.67399939999996 ], [ -39.1533545, -6.67369269999995 ], [ -39.1540438, -6.67313719999993 ], [ -39.1544459, -6.67298389999996 ], [ -39.1547714, -6.67292629999997 ], [ -39.1551544, -6.67281129999998 ], [ -39.155403299999897, -6.67275379999995 ], [ -39.1556714, -6.67271539999996 ], [ -39.155862899999903, -6.67271539999996 ], [ -39.1560162, -6.67275359999996 ], [ -39.1561886, -6.67292589999994 ], [ -39.1568017, -6.67390219999993 ], [ -39.1571847, -6.67394039999994 ], [ -39.1573763, -6.67394029999997 ], [ -39.157529399999902, -6.67388279999994 ], [ -39.1590231, -6.67361429999994 ], [ -39.1594253, -6.673729 ], [ -39.159846699999903, -6.67393949999996 ], [ -39.1601722999999, -6.67411179999993 ], [ -39.160363899999901, -6.67424569999997 ], [ -39.161493699999902, -6.67413049999993 ], [ -39.163332099999899, -6.67367029999997 ], [ -39.1669347, -6.673376 ], [ -39.1686008, -6.67347109999997 ], [ -39.1694434999999, -6.67360489999993 ], [ -39.170209499999899, -6.673394 ], [ -39.1727372, -6.672857 ], [ -39.1746851999999, -6.67116109999995 ], [ -39.1733265, -6.66917609999996 ], [ -39.171836599999899, -6.665283 ], [ -39.171732, -6.66308849999996 ], [ -39.173166, -6.65961319999997 ], [ -39.1765604, -6.65767789999995 ], [ -39.176076099999896, -6.65700539999995 ], [ -39.1754104, -6.65652989999995 ], [ -39.1746803999999, -6.65631959999996 ], [ -39.1747844, -6.65517039999997 ], [ -39.175411499999903, -6.65475259999994 ], [ -39.1754091, -6.653708 ], [ -39.1745743, -6.65308049999993 ], [ -39.1743653999999, -6.65151339999994 ], [ -39.1737914, -6.65052049999997 ], [ -39.1746259, -6.64968319999997 ], [ -39.1757742, -6.64905719999996 ], [ -39.1764011, -6.64811489999994 ], [ -39.174311, -6.64560719999997 ], [ -39.175667599999898, -6.64299529999994 ], [ -39.1778601, -6.64215789999997 ], [ -39.181672299999903, -6.641581 ], [ -39.1838655, -6.64137139999997 ], [ -39.1835531, -6.64063989999994 ], [ -39.181462399999901, -6.63844559999995 ], [ -39.1786407, -6.63384959999996 ], [ -39.1776591, -6.63257449999998 ], [ -39.1754693, -6.62762959999998 ], [ -39.173898199999897, -6.62526059999993 ], [ -39.1731523, -6.62272039999993 ], [ -39.1734873999999, -6.62212279999994 ], [ -39.174354, -6.62057769999996 ], [ -39.176025599999903, -6.62026259999993 ], [ -39.1772768, -6.62026289999994 ], [ -39.178114299999898, -6.61953059999996 ], [ -39.177591, -6.61921509999996 ], [ -39.1776952, -6.618171 ], [ -39.1790541, -6.61838009999997 ], [ -39.180984899999899, -6.61843139999996 ], [ -39.1811931, -6.61738759999997 ], [ -39.179313099999902, -6.614775 ], [ -39.1785815, -6.613311 ], [ -39.179313, -6.61278919999995 ], [ -39.180148, -6.61341579999993 ], [ -39.1828364, -6.61340029999997 ], [ -39.186091599999898, -6.61317889999998 ], [ -39.1918964, -6.61252329999996 ], [ -39.1930452, -6.61053549999997 ], [ -39.1940293, -6.61009539999998 ], [ -39.194559399999903, -6.60985769999996 ], [ -39.196544, -6.60954259999994 ], [ -39.199364, -6.60933229999995 ], [ -39.201766399999897, -6.60943549999996 ], [ -39.204195599999899, -6.60907549999996 ], [ -39.209873699999903, -6.60781329999998 ], [ -39.2107136, -6.60634349999998 ], [ -39.212442199999899, -6.60229859999993 ], [ -39.2134892999999, -6.60076119999997 ], [ -39.2150637, -6.59624589999993 ], [ -39.216949999999898, -6.59561609999997 ], [ -39.218347999999899, -6.59596529999993 ], [ -39.2204467, -6.59561479999996 ], [ -39.2220187, -6.59424829999995 ], [ -39.2222278, -6.59236009999995 ], [ -39.2201994, -6.59054089999995 ], [ -39.219991, -6.58983869999997 ], [ -39.2211073, -6.58921049999998 ], [ -39.2219473, -6.58970129999994 ], [ -39.2234505, -6.58980389999994 ], [ -39.224990499999898, -6.58931379999996 ], [ -39.2258983, -6.588824 ], [ -39.227371499999897, -6.58728119999995 ], [ -39.228073299999899, -6.58672359999997 ], [ -39.2285136, -6.58647449999995 ], [ -39.229126199999897, -6.58621569999997 ], [ -39.2302559, -6.58618649999994 ], [ -39.2318548, -6.58643469999993 ], [ -39.2329941, -6.58663519999993 ], [ -39.2337601, -6.58675929999993 ], [ -39.234631599999901, -6.58745769999996 ], [ -39.236049099999903, -6.58855809999994 ], [ -39.236834299999899, -6.58895979999994 ], [ -39.2371211, -6.58805009999998 ], [ -39.2369098, -6.58670029999996 ], [ -39.2366125, -6.58568569999994 ], [ -39.2361912, -6.58540819999996 ], [ -39.2359516, -6.58501579999995 ], [ -39.2362004, -6.58470929999993 ], [ -39.2366461, -6.58446649999996 ], [ -39.237216499999903, -6.58428249999997 ], [ -39.2383333, -6.58392229999993 ], [ -39.2391815, -6.58364869999997 ], [ -39.2415147, -6.58278359999997 ], [ -39.2805316, -6.56831649999998 ], [ -39.2984225, -6.56168269999995 ], [ -39.297297699999902, -6.56072309999996 ], [ -39.2969313, -6.55999119999996 ], [ -39.2957362, -6.557668 ], [ -39.2940824, -6.55146719999993 ], [ -39.294338099999898, -6.54932669999994 ], [ -39.2939939, -6.54864029999993 ], [ -39.291512899999901, -6.54722969999995 ], [ -39.2896312, -6.546717 ], [ -39.287660199999898, -6.53726039999998 ], [ -39.288084399999903, -6.534009 ], [ -39.2867136, -6.53152849999998 ], [ -39.285344699999897, -6.52930209999994 ], [ -39.2836343, -6.52767659999995 ], [ -39.281319499999903, -6.52576369999997 ], [ -39.2792818, -6.52747729999993 ], [ -39.2777778, -6.52786349999997 ], [ -39.2748045, -6.52743719999995 ], [ -39.271555, -6.52634529999995 ], [ -39.2690651, -6.525044 ], [ -39.2661982, -6.52395279999996 ], [ -39.2642544999999, -6.52392309999993 ], [ -39.2613924, -6.52348489999997 ], [ -39.258890199999897, -6.52271909999996 ], [ -39.2567826, -6.52241619999995 ], [ -39.255643099999901, -6.52272709999994 ], [ -39.2546692, -6.52321429999995 ], [ -39.2526625, -6.52560249999993 ], [ -39.251089099999902, -6.52646629999998 ], [ -39.2495122999999, -6.52596439999996 ], [ -39.2493071, -6.52589909999995 ], [ -39.2478037, -6.52380839999995 ], [ -39.2469891, -6.52281229999994 ], [ -39.246748399999902, -6.522518 ], [ -39.243670699999903, -6.52298089999994 ], [ -39.242305799999897, -6.52291639999993 ], [ -39.2383364, -6.523774 ], [ -39.236749, -6.523887 ], [ -39.235691599999903, -6.52351669999996 ], [ -39.2355314, -6.52346059999996 ], [ -39.2325137999999, -6.520093 ], [ -39.232309799999904, -6.51986529999994 ], [ -39.2318852, -6.51989379999998 ], [ -39.2308345, -6.51996429999997 ], [ -39.229190399999901, -6.51987169999995 ], [ -39.228217, -6.51933819999994 ], [ -39.2275255, -6.51895929999995 ], [ -39.2260509, -6.51785949999993 ], [ -39.2256952, -6.51759409999994 ], [ -39.225339899999902, -6.51590269999997 ], [ -39.225698899999898, -6.513811 ], [ -39.2264139, -6.51072329999994 ], [ -39.226555399999903, -6.50967489999994 ], [ -39.227337799999901, -6.50767619999993 ], [ -39.2273082, -6.50629039999995 ], [ -39.2270743, -6.50487079999994 ], [ -39.2270181, -6.50452949999993 ], [ -39.2268918, -6.50343429999998 ], [ -39.227052899999897, -6.50224789999993 ], [ -39.2283609, -6.50007519999997 ], [ -39.228779, -6.49668089999994 ], [ -39.229504, -6.49575609999994 ], [ -39.2303024, -6.49533149999996 ], [ -39.230997499999901, -6.49446629999994 ], [ -39.2311743, -6.49341959999992 ], [ -39.2310328, -6.49241919999997 ], [ -39.230598, -6.49177359999993 ], [ -39.230477999999898, -6.49159529999997 ], [ -39.2297986, -6.49131339999997 ], [ -39.2257185, -6.490711 ], [ -39.2215843, -6.49074989999997 ], [ -39.2205648999999, -6.49057479999993 ], [ -39.2171387, -6.48998559999995 ], [ -39.2139682, -6.48890589999996 ], [ -39.212179999999897, -6.48780279999994 ], [ -39.2119445, -6.48765749999995 ], [ -39.2103402, -6.48595569999998 ], [ -39.2091892, -6.48449609999994 ], [ -39.2081372, -6.48193559999993 ], [ -39.2061686, -6.47597229999997 ], [ -39.2053058, -6.47126859999997 ], [ -39.205307199999901, -6.47027179999998 ], [ -39.205834599999903, -6.46863149999996 ], [ -39.2063312, -6.46654339999998 ], [ -39.206446399999898, -6.46512959999995 ], [ -39.2060888, -6.464349 ], [ -39.2053031, -6.4634 ], [ -39.205138, -6.46320049999997 ], [ -39.203789399999899, -6.46279489999995 ], [ -39.196919799999897, -6.46117219999996 ], [ -39.1962995, -6.46102569999994 ], [ -39.191835, -6.45981339999997 ], [ -39.189607099999897, -6.45870879999995 ], [ -39.188026, -6.45756049999994 ], [ -39.1877373, -6.45735079999997 ], [ -39.1859433, -6.45564349999995 ], [ -39.184084, -6.45289939999998 ], [ -39.183942699999903, -6.45269069999995 ], [ -39.1794353, -6.45128179999995 ], [ -39.1793, -6.45123949999993 ], [ -39.1785472, -6.45045239999996 ], [ -39.178334699999901, -6.45023029999993 ], [ -39.1757506, -6.44927319999994 ], [ -39.1748272, -6.44910729999998 ], [ -39.1736099, -6.44888859999998 ], [ -39.1714729, -6.44891729999995 ], [ -39.1701626, -6.44924709999998 ], [ -39.168806199999899, -6.44983189999994 ], [ -39.1674188, -6.44987669999995 ], [ -39.167221799999901, -6.44988309999997 ], [ -39.166801099999901, -6.44915319999996 ], [ -39.1668624, -6.44855969999998 ], [ -39.167361399999898, -6.44795259999995 ], [ -39.1671478, -6.44748769999995 ], [ -39.1670776, -6.44733529999996 ], [ -39.166969499999901, -6.44710059999994 ], [ -39.1659701, -6.44693259999997 ], [ -39.1645612, -6.44697019999995 ], [ -39.1604174, -6.44666209999997 ], [ -39.157527, -6.44631019999997 ], [ -39.154718699999897, -6.44549419999993 ], [ -39.1516073, -6.444216 ], [ -39.149167299999903, -6.44387569999998 ], [ -39.1448865, -6.44159 ], [ -39.143394199999904, -6.44595939999994 ], [ -39.143255199999899, -6.44701589999994 ], [ -39.1430171, -6.44897479999997 ], [ -39.1429322, -6.44993139999997 ], [ -39.1430162, -6.45033639999997 ], [ -39.143260199999901, -6.45074039999997 ], [ -39.1435567, -6.45113489999994 ], [ -39.1438626999999, -6.451542 ], [ -39.1441273, -6.45189649999998 ], [ -39.1443732, -6.45228539999994 ], [ -39.144491199999898, -6.45265539999997 ], [ -39.1445072, -6.45281639999996 ], [ -39.144472199999903, -6.45314739999998 ], [ -39.144429199999898, -6.45332239999993 ], [ -39.1442612, -6.45366139999993 ], [ -39.144045199999901, -6.45389139999997 ], [ -39.1435992, -6.45415839999993 ], [ -39.1431142, -6.45425539999997 ], [ -39.141391199999902, -6.45449039999994 ], [ -39.141119199999899, -6.45455039999996 ], [ -39.1406282, -6.45474639999998 ], [ -39.1401392, -6.45506439999997 ], [ -39.1397532, -6.45542239999997 ], [ -39.139453199999899, -6.45582439999993 ], [ -39.139207199999902, -6.45628739999995 ], [ -39.1389622, -6.45700939999995 ], [ -39.1387602, -6.45744939999997 ], [ -39.138029199999899, -6.45848439999997 ], [ -39.1375762, -6.45888939999998 ], [ -39.1372062, -6.45902239999998 ], [ -39.1369852, -6.45906439999993 ], [ -39.1367562, -6.45905439999996 ], [ -39.1362722, -6.45903839999994 ], [ -39.136072199999901, -6.45904639999998 ], [ -39.1358812, -6.45908939999993 ], [ -39.135714199999903, -6.45916439999996 ], [ -39.1355502, -6.45925939999995 ], [ -39.1352292, -6.45956539999997 ], [ -39.1351242, -6.45974039999993 ], [ -39.1350093, -6.46005729999996 ], [ -39.1349422, -6.46036639999994 ], [ -39.1349092, -6.46054839999994 ], [ -39.1348732, -6.46073439999998 ], [ -39.134726199999903, -6.46101439999995 ], [ -39.1344553, -6.46139649999998 ], [ -39.1342577, -6.46167939999998 ], [ -39.133891199999901, -6.46219639999993 ], [ -39.1337692, -6.46232439999994 ], [ -39.1335922, -6.46244339999993 ], [ -39.133391199999899, -6.46255239999994 ], [ -39.1332705, -6.462586 ], [ -39.1331792, -6.46261139999996 ], [ -39.1327072, -6.46267539999997 ], [ -39.132517199999903, -6.46271739999997 ], [ -39.1321612, -6.46285039999998 ], [ -39.1319182, -6.46301739999996 ], [ -39.1316322, -6.46320039999995 ], [ -39.131416199999897, -6.46329739999993 ], [ -39.131168199999898, -6.46336839999998 ], [ -39.1309352, -6.46338139999995 ], [ -39.1306612, -6.46334639999998 ], [ -39.1304231, -6.463362 ], [ -39.130236399999902, -6.46333809999993 ], [ -39.129973199999903, -6.463343 ], [ -39.129705199999897, -6.46337179999995 ], [ -39.129263799999897, -6.46353939999995 ], [ -39.128746, -6.46398569999997 ], [ -39.1280512, -6.46378569999996 ], [ -39.1274405, -6.463729 ], [ -39.1271247, -6.46383429999997 ], [ -39.126446799999897, -6.464886 ], [ -39.1254231, -6.46546689999997 ], [ -39.1247035, -6.46551619999997 ], [ -39.1240435, -6.46571029999996 ], [ -39.1228523999999, -6.46613989999997 ], [ -39.1221054, -6.466113 ], [ -39.1209612, -6.46627719999998 ], [ -39.120434799999899, -6.46627729999994 ], [ -39.1191044, -6.46638289999993 ], [ -39.118932099999903, -6.46627769999998 ], [ -39.1187022, -6.46547349999997 ], [ -39.1187308, -6.46483209999997 ], [ -39.1185871, -6.46432469999996 ], [ -39.1184529, -6.46380769999996 ], [ -39.118203999999899, -6.46346309999996 ], [ -39.1176488, -6.46305159999997 ], [ -39.1172372, -6.46317609999994 ], [ -39.1169022999999, -6.46331979999997 ], [ -39.1169408, -6.46435379999997 ], [ -39.116825999999897, -6.46455479999997 ], [ -39.116414399999897, -6.46452619999997 ], [ -39.1153901, -6.46386589999997 ], [ -39.1148828, -6.46392339999994 ], [ -39.1144234, -6.46400009999996 ], [ -39.1131887, -6.46386639999997 ], [ -39.110846099999897, -6.46351579999993 ], [ -39.110023, -6.46355089999997 ], [ -39.1100039, -6.46366579999994 ], [ -39.110154599999902, -6.46405849999996 ], [ -39.1103557, -6.46448929999997 ], [ -39.1104673, -6.46472119999993 ], [ -39.110405899999897, -6.46502159999994 ], [ -39.110375, -6.46525519999994 ], [ -39.1102595999999, -6.465727 ], [ -39.110088, -6.46607859999995 ], [ -39.1094755, -6.466433 ], [ -39.1092075, -6.46634689999996 ], [ -39.1087697, -6.46618389999998 ], [ -39.1083676, -6.46578189999997 ], [ -39.108230999999897, -6.46539449999995 ], [ -39.1081353, -6.46517429999994 ], [ -39.1078959, -6.46465729999994 ], [ -39.107627799999896, -6.46454249999994 ], [ -39.1072243, -6.46451149999996 ], [ -39.1069004, -6.46454269999998 ], [ -39.106402699999897, -6.464763 ], [ -39.1063166, -6.46479169999998 ], [ -39.1061347, -6.464763 ], [ -39.1058475, -6.46457159999994 ], [ -39.1055699, -6.46398769999996 ], [ -39.1051581, -6.46314529999995 ], [ -39.1047464, -6.46223579999997 ], [ -39.1047176, -6.46206349999994 ], [ -39.104258, -6.46142209999994 ], [ -39.1039134, -6.461044 ], [ -39.1038176, -6.46056539999995 ], [ -39.103793499999902, -6.45994309999998 ], [ -39.103781399999903, -6.45926089999995 ], [ -39.1037573999999, -6.45854289999994 ], [ -39.1034701, -6.45783689999996 ], [ -39.1029675, -6.457466 ], [ -39.102644499999897, -6.45746609999998 ], [ -39.102453099999899, -6.45753789999998 ], [ -39.1023693, -6.45762169999995 ], [ -39.1023215, -6.45781319999998 ], [ -39.1023216, -6.45804059999995 ], [ -39.1025011, -6.45829179999993 ], [ -39.1024652, -6.45847139999995 ], [ -39.1023934, -6.45855509999996 ], [ -39.1021901, -6.45859109999998 ], [ -39.102106299999903, -6.458615 ], [ -39.1020465, -6.45881849999995 ], [ -39.102034699999898, -6.45923739999995 ], [ -39.1020348, -6.45979979999993 ], [ -39.1020109, -6.46019469999993 ], [ -39.1019153, -6.46052989999993 ], [ -39.1018913999999, -6.46075719999993 ], [ -39.101771799999902, -6.46098459999996 ], [ -39.1016761, -6.46116419999993 ], [ -39.1013771, -6.46154719999993 ], [ -39.101137799999897, -6.46169079999993 ], [ -39.1007908999999, -6.46188239999998 ], [ -39.100527699999901, -6.46193029999995 ], [ -39.1003004, -6.46188249999994 ], [ -39.1002405, -6.46164309999995 ], [ -39.1002285, -6.46146359999995 ], [ -39.100180599999902, -6.461344 ], [ -39.1001208, -6.46123629999994 ], [ -39.0998695, -6.46116449999994 ], [ -39.0996302, -6.46114059999996 ], [ -39.098780799999901, -6.46122459999998 ], [ -39.0980989, -6.46139229999994 ], [ -39.0977998, -6.46139229999994 ], [ -39.0971537, -6.46127279999996 ], [ -39.0961126999999, -6.46061479999997 ], [ -39.0955981, -6.46031569999997 ], [ -39.095550199999899, -6.45999259999996 ], [ -39.095442499999898, -6.45970539999996 ], [ -39.0953587, -6.45954979999993 ], [ -39.0952032, -6.45943019999993 ], [ -39.0946767, -6.45933449999995 ], [ -39.093695599999897, -6.459239 ], [ -39.0934085, -6.45908339999994 ], [ -39.092965799999902, -6.45897579999996 ], [ -39.0925065, -6.45892059999994 ], [ -39.092037499999897, -6.45868129999997 ], [ -39.092104199999902, -6.45835369999998 ], [ -39.0922519, -6.458179 ], [ -39.092338, -6.45776249999994 ], [ -39.0924815, -6.45736039999997 ], [ -39.0927071, -6.45680469999996 ], [ -39.092841, -6.45645049999996 ], [ -39.0929176, -6.45617279999993 ], [ -39.0931567, -6.45562709999996 ], [ -39.0933863, -6.45480369999996 ], [ -39.0937402, -6.453626 ], [ -39.0939794, -6.453042 ], [ -39.093826099999902, -6.45217079999998 ], [ -39.093672899999902, -6.45206549999995 ], [ -39.0930602, -6.45213049999995 ], [ -39.0924501, -6.45213059999998 ], [ -39.0914324, -6.45191789999996 ], [ -39.090940799999899, -6.45201479999997 ], [ -39.0904401, -6.45213509999996 ], [ -39.090099699999897, -6.45229539999997 ], [ -39.088777799999903, -6.452496 ], [ -39.088174099999897, -6.45262609999997 ], [ -39.0873943, -6.45232509999994 ], [ -39.0867521, -6.45199049999997 ], [ -39.0862456999999, -6.45192319999995 ], [ -39.085211899999898, -6.45219829999996 ], [ -39.0811242, -6.45189089999997 ], [ -39.078894799999901, -6.45152489999998 ], [ -39.0783564, -6.451446 ], [ -39.0781266, -6.45133119999997 ], [ -39.0776313, -6.45113019999997 ], [ -39.0772939, -6.45083589999996 ], [ -39.077114299999899, -6.45042659999996 ], [ -39.0769779, -6.44998859999993 ], [ -39.076748199999898, -6.449845 ], [ -39.076238499999903, -6.44961529999995 ], [ -39.0758939, -6.44956509999997 ], [ -39.075391399999901, -6.44953649999997 ], [ -39.075054, -6.44934979999994 ], [ -39.0747956, -6.44922779999996 ], [ -39.0743146, -6.449034 ], [ -39.073517799999898, -6.44899819999995 ], [ -39.072792799999903, -6.44899119999997 ], [ -39.0723692, -6.44891219999994 ], [ -39.0717794, -6.44891469999993 ], [ -39.071451099999898, -6.44884869999993 ], [ -39.0707692, -6.44864059999998 ], [ -39.070072799999899, -6.44839649999994 ], [ -39.0694339, -6.44819669999993 ], [ -39.0691183, -6.44816749999995 ], [ -39.0687968, -6.44814179999997 ], [ -39.0686228, -6.44812389999993 ], [ -39.0684648, -6.44809519999995 ], [ -39.0682782, -6.44806649999992 ], [ -39.067861799999903, -6.44801629999995 ], [ -39.067397, -6.44800559999993 ], [ -39.067239099999902, -6.44801989999996 ], [ -39.0669232, -6.44796249999996 ], [ -39.0666504, -6.44783329999996 ], [ -39.066119199999903, -6.44774719999998 ], [ -39.0653439, -6.44763239999997 ], [ -39.064453899999897, -6.44745189999998 ], [ -39.0640958, -6.44735149999997 ], [ -39.0635088, -6.44712359999994 ], [ -39.063108199999903, -6.44692379999998 ], [ -39.0630232, -6.44686229999996 ], [ -39.062850399999903, -6.44677629999995 ], [ -39.0626207, -6.446676 ], [ -39.062433499999898, -6.44656019999996 ], [ -39.0622463, -6.44640279999993 ], [ -39.0607949, -6.44549829999994 ], [ -39.0459691, -6.45726159999998 ], [ -39.043539199999898, -6.45918959999995 ], [ -39.006475, -6.48859779999998 ], [ -38.9870936, -6.50397579999998 ], [ -38.958064299999897, -6.52700869999995 ], [ -38.917771199999898, -6.549606 ], [ -38.9183676, -6.55032979999993 ], [ -38.9193109, -6.55124289999998 ], [ -38.920317, -6.55209309999998 ], [ -38.9213546, -6.55288019999995 ], [ -38.922455199999902, -6.553447 ], [ -38.9233035, -6.55382789999993 ], [ -38.9239496, -6.55448619999993 ], [ -38.9242788, -6.55536749999993 ], [ -38.9244045, -6.55615449999993 ], [ -38.9247111, -6.556749 ], [ -38.9249024, -6.55782609999994 ], [ -38.924875799999903, -6.55895629999998 ], [ -38.9249071, -6.55955439999997 ], [ -38.9247812999999, -6.56034129999995 ], [ -38.9241835, -6.56175789999998 ], [ -38.923680299999901, -6.56248179999994 ], [ -38.9229253, -6.56399269999997 ], [ -38.9222447, -6.56479069999995 ], [ -38.9220053, -6.56524539999998 ], [ -38.921742, -6.56565219999993 ], [ -38.9215743, -6.56668139999994 ], [ -38.9216938, -6.56773449999997 ], [ -38.9214542, -6.56931419999995 ], [ -38.9212625, -6.57110929999993 ], [ -38.9205062, -6.57240009999992 ], [ -38.919370699999902, -6.57759519999996 ], [ -38.9199209, -6.57934249999994 ], [ -38.9208781, -6.58039579999996 ], [ -38.9214517, -6.58554179999993 ], [ -38.9208833, -6.59043279999997 ], [ -38.921012399999903, -6.59186569999997 ], [ -38.9222068, -6.595696 ], [ -38.922486, -6.59802909999996 ], [ -38.9229093, -6.60109949999998 ], [ -38.9231963, -6.60232019999995 ], [ -38.9234832, -6.60411529999993 ], [ -38.9235773999999, -6.60726889999995 ], [ -38.9240737, -6.60931519999997 ], [ -38.9246868, -6.61117789999997 ], [ -38.9262823, -6.61301939999993 ], [ -38.929154299999901, -6.61519789999994 ], [ -38.930587199999898, -6.61577239999997 ], [ -38.9327205, -6.61663439999995 ], [ -38.9342043, -6.61840579999995 ], [ -38.935329099999898, -6.62024889999998 ], [ -38.9365017, -6.62216379999995 ], [ -38.936967599999903, -6.62380619999993 ], [ -38.93758, -6.62480309999995 ], [ -38.9380973, -6.62625149999997 ], [ -38.9401945, -6.62956249999996 ], [ -38.9439247, -6.62966309999996 ], [ -38.9473275, -6.62975479999994 ], [ -38.9482295, -6.63047039999998 ], [ -38.948372999999897, -6.63147569999995 ], [ -38.948301199999896, -6.63188259999993 ], [ -38.9479711, -6.63265959999995 ], [ -38.948324899999903, -6.63422819999994 ], [ -38.9484206, -6.63494619999994 ], [ -38.948612, -6.63585569999998 ], [ -38.948683699999897, -6.63659769999992 ], [ -38.9489432, -6.63684759999995 ], [ -38.948905099999898, -6.63798739999993 ], [ -38.9490163, -6.63906749999995 ], [ -38.949543499999898, -6.64134079999997 ], [ -38.9499053, -6.64224459999997 ], [ -38.9510205999999, -6.64387739999995 ], [ -38.952762999999898, -6.64485459999997 ], [ -38.953684, -6.64496959999997 ], [ -38.9546882, -6.64496509999998 ], [ -38.9566823, -6.64450849999997 ], [ -38.957853, -6.64446429999998 ], [ -38.9599464, -6.64502709999994 ], [ -38.9604965, -6.64579059999994 ], [ -38.961188499999899, -6.64621309999995 ], [ -38.9617696, -6.64830239999998 ], [ -38.962068499999901, -6.64963049999994 ], [ -38.9623556, -6.65178459999993 ], [ -38.9623316, -6.65281379999993 ], [ -38.962259699999898, -6.65350789999997 ], [ -38.962709399999902, -6.65364029999995 ], [ -38.9635711, -6.65419089999995 ], [ -38.9637506, -6.65419089999995 ], [ -38.9641576, -6.65433459999997 ], [ -38.964504599999898, -6.65470559999994 ], [ -38.9645285, -6.654921 ], [ -38.9645285, -6.65507659999997 ], [ -38.9644208, -6.65513639999995 ], [ -38.964349, -6.65523209999998 ], [ -38.964349, -6.65533979999998 ], [ -38.9644208, -6.65547149999998 ], [ -38.964624199999903, -6.65556719999995 ], [ -38.965079, -6.65590229999998 ], [ -38.9651987, -6.65606989999998 ], [ -38.9654381, -6.65620149999995 ], [ -38.965737299999901, -6.65622549999995 ], [ -38.9660484999999, -6.65622549999995 ], [ -38.966251999999898, -6.65614179999994 ], [ -38.9664435, -6.65611779999995 ], [ -38.966611, -6.65621359999994 ], [ -38.9668983, -6.65646489999995 ], [ -38.967628299999902, -6.657566 ], [ -38.9679634, -6.65840369999995 ], [ -38.968154899999902, -6.65883449999995 ], [ -38.9683942, -6.65921749999995 ], [ -38.9686695, -6.65931319999993 ], [ -38.969040499999899, -6.65932519999996 ], [ -38.969998099999898, -6.659062 ], [ -38.970416999999898, -6.659086 ], [ -38.970704199999901, -6.65913389999997 ], [ -38.9711230999999, -6.65938519999997 ], [ -38.9712787, -6.65958859999995 ], [ -38.971302599999902, -6.65978009999998 ], [ -38.9713146, -6.65997159999995 ], [ -38.971553899999897, -6.66040239999995 ], [ -38.9716736, -6.66046229999995 ], [ -38.971889099999899, -6.66047429999998 ], [ -38.9724636, -6.66036659999997 ], [ -38.972690999999898, -6.66039049999995 ], [ -38.972786799999902, -6.66040249999998 ], [ -38.972966299999896, -6.66048629999995 ], [ -38.973349299999903, -6.66090519999995 ], [ -38.9741033, -6.66122829999995 ], [ -38.9750847, -6.66138389999998 ], [ -38.9759705, -6.66124039999994 ], [ -38.977658, -6.66242519999997 ], [ -38.9786993, -6.66268849999994 ], [ -38.9801236, -6.66319119999997 ], [ -38.9812367, -6.66326309999994 ], [ -38.983527599999903, -6.66326039999996 ], [ -38.9854427, -6.66223129999997 ], [ -38.9876594, -6.66103459999994 ], [ -38.9881882, -6.660883 ], [ -38.9905603999999, -6.66010049999994 ], [ -38.990936799999901, -6.66004709999993 ], [ -38.991245799999902, -6.66005939999997 ], [ -38.9918110999999, -6.66018629999996 ], [ -38.992185699999901, -6.66028039999998 ], [ -38.9924806, -6.66024879999998 ], [ -38.9932994, -6.659991 ], [ -38.994294599999897, -6.65992949999998 ], [ -38.9950537, -6.65978559999996 ], [ -38.9973686, -6.65896679999997 ], [ -38.9979445, -6.65901069999995 ], [ -38.9997361, -6.659027 ], [ -39.000731899999899, -6.65815579999997 ], [ -39.001857399999899, -6.65784169999995 ], [ -39.0026662, -6.65769059999997 ], [ -39.0052514, -6.65841429999995 ], [ -39.0088995999999, -6.65938119999993 ], [ -39.0112551, -6.66107569999997 ], [ -39.012634799999901, -6.66089 ], [ -39.0148391, -6.66124829999995 ], [ -39.016464, -6.66041489999998 ], [ -39.0181708, -6.66160889999998 ], [ -39.019397, -6.66262679999994 ], [ -39.0198626, -6.66312109999996 ], [ -39.0195036, -6.66382479999993 ], [ -39.019589799999899, -6.66452849999996 ], [ -39.0208537, -6.66464329999997 ], [ -39.0219021999999, -6.66507409999997 ], [ -39.023395999999899, -6.66576329999998 ], [ -39.023917099999899, -6.66644449999995 ], [ -39.02466, -6.66751529999993 ], [ -39.0253175, -6.667233 ], [ -39.025722899999899, -6.66750079999997 ], [ -39.0268247, -6.66747 ], [ -39.028049699999897, -6.66804639999998 ], [ -39.029269199999902, -6.66816619999997 ], [ -39.030232899999902, -6.66860639999993 ], [ -39.031202699999902, -6.66871679999997 ], [ -39.03233, -6.669195 ], [ -39.0335365, -6.66971189999992 ], [ -39.0344372, -6.66940109999996 ], [ -39.0350405, -6.67039189999997 ], [ -39.035342199999903, -6.67155509999998 ], [ -39.036574899999898, -6.67193489999994 ], [ -39.0372957, -6.672431 ], [ -39.0385022, -6.67256009999994 ], [ -39.0392922, -6.67268929999994 ], [ -39.0398379, -6.67248819999998 ], [ -39.0412024, -6.67227269999995 ], [ -39.0416764, -6.67214339999992 ], [ -39.042049899999903, -6.67245929999996 ], [ -39.042308499999898, -6.67330659999993 ], [ -39.042998, -6.67383789999997 ], [ -39.0435581, -6.67373729999997 ], [ -39.0444917, -6.67386639999995 ], [ -39.045281799999898, -6.67445519999995 ], [ -39.04679, -6.67518739999997 ], [ -39.047148999999898, -6.67510119999997 ], [ -39.0474659, -6.67476269999997 ], [ -39.0482666, -6.67215669999996 ], [ -39.0480823, -6.67139609999998 ], [ -39.0493748, -6.669687 ], [ -39.0504615, -6.66840879999995 ], [ -39.0513013999999, -6.66398929999997 ], [ -39.0511796, -6.66232319999995 ], [ -39.0521517, -6.66044549999998 ], [ -39.061093099999901, -6.66365289999993 ], [ -39.0624306, -6.66735459999995 ], [ -39.0627923, -6.67015979999996 ] ] ] ] } },
{ "type": "Feature", "properties": { "CD_MUN": "2303600", "NM_MUN": "Catarina", "CD_RGI": "230009", "NM_RGI": "Iguatu", "CD_RGINT": "2303", "NM_RGINT": "Iguatu", "CD_UF": "23", "NM_UF": "Ceará", "SIGLA_UF": "CE", "CD_REGIAO": "2", "NM_REGIAO": "Nordeste", "SIGLA_RG": "NE", "CD_CONCURB": null, "NM_CONCURB": null, "AREA_KM2": 488.153 }, "geometry": { "type": "MultiPolygon", "coordinates": [ [ [ [ -40.0841055, -6.36740829999997 ], [ -40.083339, -6.36706809999993 ], [ -40.082905099999898, -6.365394 ], [ -40.0828749, -6.36464739999997 ], [ -40.0826139, -6.36339879999997 ], [ -40.0829715, -6.36282369999998 ], [ -40.0837304, -6.361975 ], [ -40.083901599999898, -6.36148639999993 ], [ -40.0837534, -6.36084789999995 ], [ -40.0832822, -6.36039649999998 ], [ -40.0826066, -6.35992409999994 ], [ -40.0811844999999, -6.35928089999993 ], [ -40.0791876, -6.35833739999993 ], [ -40.078899799999903, -6.35795039999994 ], [ -40.0776918, -6.35677549999997 ], [ -40.077576, -6.35633059999998 ], [ -40.077073, -6.35598709999994 ], [ -40.0763398, -6.35537119999998 ], [ -40.075851199999903, -6.35505629999994 ], [ -40.074530599999903, -6.35461919999995 ], [ -40.073496799999901, -6.35468789999993 ], [ -40.0728018, -6.35521059999996 ], [ -40.0724025, -6.35540129999993 ], [ -40.0717331, -6.35545249999996 ], [ -40.071072699999903, -6.35532469999993 ], [ -40.0705118, -6.35475149999996 ], [ -40.0701501, -6.35338819999993 ], [ -40.0707643, -6.35193669999995 ], [ -40.071206, -6.35038509999993 ], [ -40.071691799999897, -6.34936469999997 ], [ -40.072063399999898, -6.34861729999994 ], [ -40.072784, -6.34819749999997 ], [ -40.073719599999897, -6.34834829999994 ], [ -40.0743472, -6.34842389999994 ], [ -40.075585299999901, -6.34953819999993 ], [ -40.0767446999999, -6.34994289999997 ], [ -40.0778356, -6.35001239999997 ], [ -40.078581299999897, -6.349738 ], [ -40.0791694, -6.34915349999994 ], [ -40.079469199999899, -6.34886029999996 ], [ -40.079655199999898, -6.34857279999994 ], [ -40.079871, -6.34780689999997 ], [ -40.0800829, -6.34721459999997 ], [ -40.080047099999902, -6.34652819999997 ], [ -40.0797666, -6.34589539999996 ], [ -40.079334699999897, -6.34522869999995 ], [ -40.0790461, -6.34448979999996 ], [ -40.0787797999999, -6.34412419999995 ], [ -40.07855, -6.34400979999998 ], [ -40.0783991, -6.34390959999996 ], [ -40.0782771, -6.34389549999997 ], [ -40.0780905, -6.34391029999995 ], [ -40.0776632, -6.34394009999994 ], [ -40.076516899999902, -6.34461349999998 ], [ -40.0749109, -6.34521989999996 ], [ -40.0743505, -6.34489079999997 ], [ -40.0738608999999, -6.34411649999993 ], [ -40.0729845, -6.34361579999995 ], [ -40.0720936, -6.34311509999998 ], [ -40.070685, -6.34205539999994 ], [ -40.0696328, -6.33983209999997 ], [ -40.0691868, -6.339273 ], [ -40.0686519, -6.33866859999995 ], [ -40.067789699999899, -6.33686369999998 ], [ -40.0670701, -6.33584569999994 ], [ -40.065903999999897, -6.33502469999996 ], [ -40.0655072, -6.33400839999996 ], [ -40.065349399999903, -6.332872 ], [ -40.065323799999902, -6.33202259999996 ], [ -40.0653467, -6.33153189999996 ], [ -40.0653578, -6.33113709999998 ], [ -40.065201699999903, -6.33082629999996 ], [ -40.064890499999898, -6.33068329999998 ], [ -40.0634903, -6.33020759999994 ], [ -40.0628555, -6.32973029999994 ], [ -40.0625428, -6.32889329999995 ], [ -40.0625881, -6.32764879999996 ], [ -40.0623108999999, -6.32660839999994 ], [ -40.0619387, -6.32586729999997 ], [ -40.0618036, -6.32414459999995 ], [ -40.062304599999898, -6.32352139999995 ], [ -40.063367899999903, -6.32255209999994 ], [ -40.063653, -6.32207079999995 ], [ -40.063795399999897, -6.32149619999996 ], [ -40.0637707, -6.32111329999998 ], [ -40.0635425, -6.32063519999997 ], [ -40.0632904, -6.320193 ], [ -40.0629187, -6.31970309999997 ], [ -40.062952, -6.31843469999995 ], [ -40.0629147, -6.31772889999996 ], [ -40.0626981999999, -6.31710709999993 ], [ -40.0622427, -6.31661749999995 ], [ -40.062074499999902, -6.31623489999993 ], [ -40.0619652, -6.31540949999993 ], [ -40.062022699999901, -6.31426069999998 ], [ -40.062499, -6.31327859999993 ], [ -40.0624134, -6.31235739999994 ], [ -40.062292899999903, -6.31187909999994 ], [ -40.061789299999901, -6.31125789999993 ], [ -40.061094099999899, -6.31048149999998 ], [ -40.0606986, -6.31005159999995 ], [ -40.059501699999899, -6.30955149999994 ], [ -40.0591168999999, -6.30847539999996 ], [ -40.058875999999898, -6.30765029999998 ], [ -40.0594847, -6.30703879999993 ], [ -40.0602964999999, -6.306379 ], [ -40.0608576, -6.30591119999997 ], [ -40.0610839, -6.30544409999993 ], [ -40.0610353, -6.30506129999998 ], [ -40.060879, -6.30465479999998 ], [ -40.060578899999904, -6.304117 ], [ -40.060339199999902, -6.30381839999995 ], [ -40.0599678, -6.30348409999993 ], [ -40.059261499999899, -6.30311459999996 ], [ -40.0585313999999, -6.302805 ], [ -40.0574066, -6.30249619999995 ], [ -40.0569634, -6.30211419999995 ], [ -40.056639, -6.301349 ], [ -40.0564941, -6.30069119999996 ], [ -40.056636099999899, -6.29991319999993 ], [ -40.057004699999901, -6.29889539999994 ], [ -40.0568246999999, -6.29857269999997 ], [ -40.0566256, -6.29833329999997 ], [ -40.0561782999999, -6.29827479999994 ], [ -40.0551381, -6.29836069999993 ], [ -40.0535379, -6.29946479999995 ], [ -40.0519886, -6.300882 ], [ -40.0514979, -6.30153129999997 ], [ -40.050696899999899, -6.30203109999997 ], [ -40.049346, -6.30223719999998 ], [ -40.047359599999901, -6.30158309999996 ], [ -40.0456474, -6.30053359999994 ], [ -40.045657499999898, -6.29957629999996 ], [ -40.0459676, -6.29916889999993 ], [ -40.046564799999899, -6.29883269999993 ], [ -40.047377299999901, -6.298484 ], [ -40.048391599999903, -6.29821 ], [ -40.0487512, -6.29784709999996 ], [ -40.0495511, -6.29718739999993 ], [ -40.0502901, -6.29595349999994 ], [ -40.050737599999898, -6.29410749999994 ], [ -40.050677999999898, -6.29261429999997 ], [ -40.050688, -6.29163309999996 ], [ -40.0505893, -6.29013769999995 ], [ -40.0503252, -6.28961169999997 ], [ -40.0484925, -6.28810769999996 ], [ -40.047988299999901, -6.28712759999996 ], [ -40.047137899999903, -6.28641139999996 ], [ -40.0472085, -6.28583689999994 ], [ -40.047614, -6.28532159999997 ], [ -40.0482107999999, -6.284758 ], [ -40.048593, -6.28459179999993 ], [ -40.050456499999903, -6.283545 ], [ -40.0506832, -6.28328129999994 ], [ -40.0508017, -6.28275449999995 ], [ -40.050548799999902, -6.28188159999996 ], [ -40.0503088, -6.28143929999993 ], [ -40.049146999999898, -6.28050839999997 ], [ -40.0483953, -6.27945989999995 ], [ -40.047882199999897, -6.27901349999996 ], [ -40.0475296, -6.278992 ], [ -40.047003199999899, -6.27927479999994 ], [ -40.045268, -6.28035739999996 ], [ -40.0440922, -6.28090509999993 ], [ -40.042921799999903, -6.281654 ], [ -40.042034699999903, -6.28192249999995 ], [ -40.041532399999902, -6.28188759999995 ], [ -40.0408264, -6.28163779999994 ], [ -40.040514099999903, -6.28094439999995 ], [ -40.0400101, -6.280036 ], [ -40.0394406, -6.27952289999996 ], [ -40.038320499999898, -6.27945129999995 ], [ -40.0375344999999, -6.27968259999994 ], [ -40.0364756, -6.27990269999998 ], [ -40.035558099999903, -6.28024929999998 ], [ -40.034542799999898, -6.280342 ], [ -40.0340404, -6.28024729999993 ], [ -40.0335021, -6.28014059999992 ], [ -40.0326291, -6.28011839999994 ], [ -40.0317077999999, -6.27976669999993 ], [ -40.0310636, -6.27979289999996 ], [ -40.0301575, -6.27962559999997 ], [ -40.029692899999901, -6.27959859999993 ], [ -40.028610899999897, -6.27998279999997 ], [ -40.0281083, -6.27979229999994 ], [ -40.027259, -6.27968629999998 ], [ -40.0263368, -6.27893429999995 ], [ -40.025484999999897, -6.27754789999995 ], [ -40.0256137, -6.27606389999994 ], [ -40.0258954, -6.27337109999996 ], [ -40.025726899999903, -6.27282109999993 ], [ -40.025283, -6.27204419999993 ], [ -40.025043299999901, -6.27176939999993 ], [ -40.024653699999902, -6.27110549999998 ], [ -40.0236654, -6.27037219999994 ], [ -40.0217335, -6.26752329999994 ], [ -40.021343699999903, -6.26549859999994 ], [ -40.0215342, -6.26347489999995 ], [ -40.0240305, -6.25912909999994 ], [ -40.025292099999902, -6.25453589999995 ], [ -40.024746999999898, -6.25106369999997 ], [ -40.019214799999901, -6.240235 ], [ -40.019213099999902, -6.23885909999996 ], [ -40.0216685, -6.23382929999997 ], [ -40.0213567, -6.23151679999995 ], [ -40.0191526999999, -6.22780789999996 ], [ -40.0162943, -6.22365609999997 ], [ -40.015327199999902, -6.22268069999996 ], [ -40.013860899999898, -6.22178019999996 ], [ -40.008172, -6.21991539999993 ], [ -40.000749799999902, -6.21587419999997 ], [ -39.998211399999903, -6.21638429999996 ], [ -39.9933564, -6.21903269999996 ], [ -39.9893461999999, -6.22055369999993 ], [ -39.9869310999999, -6.22078139999996 ], [ -39.9841112, -6.21966519999995 ], [ -39.978246899999903, -6.21580629999994 ], [ -39.9741293, -6.21447839999996 ], [ -39.972153299999903, -6.21263739999995 ], [ -39.969371599999903, -6.20830119999994 ], [ -39.9659746, -6.20555939999997 ], [ -39.9480407, -6.19647879999997 ], [ -39.947078099999899, -6.19644529999994 ], [ -39.9450762, -6.197677 ], [ -39.9440758, -6.197501 ], [ -39.9425317, -6.19486509999996 ], [ -39.9398696, -6.19403509999995 ], [ -39.934361399999901, -6.195743 ], [ -39.9287598, -6.19618449999996 ], [ -39.9260785, -6.19583089999998 ], [ -39.9168986, -6.19082049999997 ], [ -39.915395299999901, -6.18955669999997 ], [ -39.915159399999901, -6.18861709999993 ], [ -39.915545, -6.18792979999995 ], [ -39.9185083, -6.18600639999994 ], [ -39.918892, -6.18481409999993 ], [ -39.9187345, -6.18224569999995 ], [ -39.9165321, -6.17928489999997 ], [ -39.908965099999897, -6.17023319999993 ], [ -39.906649, -6.16770529999997 ], [ -39.9039074, -6.16546589999996 ], [ -39.8980165, -6.16223679999996 ], [ -39.8956231, -6.15989049999996 ], [ -39.893960499999899, -6.15587889999995 ], [ -39.8945768, -6.15393469999998 ], [ -39.8996154, -6.14835969999996 ], [ -39.901228199999899, -6.14481039999993 ], [ -39.9010683999999, -6.14271459999998 ], [ -39.899408, -6.13982439999995 ], [ -39.8959866, -6.13671169999998 ], [ -39.894871899999899, -6.13527659999994 ], [ -39.892930299999897, -6.13215539999993 ], [ -39.892225499999903, -6.129857 ], [ -39.8924547, -6.12889079999997 ], [ -39.896606899999902, -6.12429019999996 ], [ -39.897337999999898, -6.12233489999994 ], [ -39.896870799999903, -6.12020319999993 ], [ -39.892511699999901, -6.11387039999994 ], [ -39.8916613, -6.11433569999997 ], [ -39.8880837, -6.11437689999997 ], [ -39.8869759, -6.11495489999993 ], [ -39.8848621, -6.11656029999995 ], [ -39.8837197, -6.11703979999993 ], [ -39.881856, -6.11737929999993 ], [ -39.877892, -6.11933959999993 ], [ -39.875745299999899, -6.12019969999994 ], [ -39.873668199999898, -6.12047979999994 ], [ -39.8684549, -6.11921669999998 ], [ -39.8657638, -6.12016879999993 ], [ -39.865621, -6.12336779999993 ], [ -39.8641077, -6.12435339999996 ], [ -39.860578, -6.12253429999993 ], [ -39.8574029, -6.11817169999995 ], [ -39.8555779, -6.11700789999998 ], [ -39.854021799999899, -6.11578379999997 ], [ -39.8532437, -6.11512689999995 ], [ -39.8526672, -6.11470559999998 ], [ -39.851380999999897, -6.11401569999992 ], [ -39.846978299999897, -6.11919839999996 ], [ -39.8449625, -6.12230679999993 ], [ -39.8397393, -6.13111249999997 ], [ -39.8374426, -6.13146079999996 ], [ -39.835806299999902, -6.131234 ], [ -39.834032799999903, -6.13251029999998 ], [ -39.832948, -6.13311509999994 ], [ -39.831981299999903, -6.13422949999995 ], [ -39.8291477, -6.13412619999997 ], [ -39.827818799999903, -6.13297949999998 ], [ -39.826760599999901, -6.13109339999994 ], [ -39.8267203999999, -6.13030029999993 ], [ -39.8264214, -6.12828669999993 ], [ -39.825497799999901, -6.127142 ], [ -39.824199, -6.12624649999998 ], [ -39.82355, -6.12538419999993 ], [ -39.822961399999897, -6.12512659999993 ], [ -39.8222005, -6.12479749999994 ], [ -39.8215832, -6.12446819999997 ], [ -39.8209800999999, -6.12415319999997 ], [ -39.819760099999897, -6.12379609999994 ], [ -39.8191004, -6.123912 ], [ -39.8186128, -6.124042 ], [ -39.818197199999901, -6.12434409999997 ], [ -39.817982599999901, -6.12470349999995 ], [ -39.817839799999902, -6.12516319999997 ], [ -39.817854899999901, -6.12565139999998 ], [ -39.8175135, -6.12759039999997 ], [ -39.8162465, -6.13111609999993 ], [ -39.814267899999898, -6.133755 ], [ -39.8116954, -6.13497329999996 ], [ -39.8107441, -6.13572509999995 ], [ -39.8090296, -6.13619169999993 ], [ -39.8034127, -6.136911 ], [ -39.8026442, -6.13759339999996 ], [ -39.8023807, -6.13945959999995 ], [ -39.8035363, -6.14046489999993 ], [ -39.8049899, -6.142896 ], [ -39.8022735, -6.14600529999996 ], [ -39.799877299999899, -6.14743049999993 ], [ -39.796740999999898, -6.14770179999994 ], [ -39.7968331, -6.14995259999995 ], [ -39.796657599999897, -6.15134479999995 ], [ -39.795623099999901, -6.152146 ], [ -39.796070299999897, -6.15439629999997 ], [ -39.794801199999903, -6.15667879999995 ], [ -39.793297799999898, -6.15736369999996 ], [ -39.7938803, -6.15971589999998 ], [ -39.7951641, -6.16189089999995 ], [ -39.7950822, -6.16651149999996 ], [ -39.7974507, -6.17045249999995 ], [ -39.7972518999999, -6.17290549999996 ], [ -39.7967206, -6.17380009999994 ], [ -39.7954434, -6.173802 ], [ -39.7951585, -6.17420959999993 ], [ -39.794843899999897, -6.17465969999995 ], [ -39.793079299999903, -6.17605679999997 ], [ -39.7936869, -6.17946189999998 ], [ -39.795722899999902, -6.18265629999996 ], [ -39.7979023, -6.18714679999994 ], [ -39.799316099999899, -6.18983849999995 ], [ -39.799933399999901, -6.19349719999997 ], [ -39.800339699999903, -6.19438579999996 ], [ -39.8003419, -6.19527579999993 ], [ -39.7997326, -6.19577059999995 ], [ -39.798102399999898, -6.19597029999994 ], [ -39.7947424, -6.19567949999993 ], [ -39.794235199999903, -6.19617329999994 ], [ -39.7957744, -6.20338919999995 ], [ -39.7961832, -6.20417829999997 ], [ -39.797811399999901, -6.20625179999996 ], [ -39.7973072, -6.20753879999995 ], [ -39.7967312, -6.20771459999997 ], [ -39.796189599999899, -6.20783619999997 ], [ -39.7954736, -6.20774049999994 ], [ -39.7945584, -6.20803769999998 ], [ -39.7892952999999, -6.20647629999996 ], [ -39.7895047, -6.208337 ], [ -39.7890942, -6.21019869999998 ], [ -39.786823, -6.21130489999996 ], [ -39.785380099999898, -6.21365059999994 ], [ -39.786556, -6.21702639999995 ], [ -39.786492399999901, -6.22061069999995 ], [ -39.7888371, -6.224461 ], [ -39.7904154, -6.22750519999994 ], [ -39.792313, -6.22977709999998 ], [ -39.7927291, -6.231672 ], [ -39.7934771, -6.23255429999995 ], [ -39.7939863, -6.23393739999995 ], [ -39.795007499999898, -6.23561739999997 ], [ -39.7954171, -6.23690029999995 ], [ -39.7953191, -6.23967009999996 ], [ -39.796441199999897, -6.24164759999996 ], [ -39.7971554, -6.24233759999993 ], [ -39.7998033, -6.243125 ], [ -39.800822299999901, -6.243914 ], [ -39.8017411, -6.24539429999993 ], [ -39.8025569, -6.24568879999993 ], [ -39.8050984999999, -6.244993 ], [ -39.8070362, -6.24538529999995 ], [ -39.8078065999999, -6.24625709999998 ], [ -39.807806899999903, -6.24647249999992 ], [ -39.8065291999999, -6.248353 ], [ -39.8065303999999, -6.24914349999995 ], [ -39.8067374, -6.25033089999994 ], [ -39.806737199999901, -6.25141809999997 ], [ -39.8069421, -6.25181309999994 ], [ -39.8083675, -6.25171049999994 ], [ -39.8093853, -6.252305 ], [ -39.8086805, -6.25655379999995 ], [ -39.8057327, -6.25952519999993 ], [ -39.805937599999901, -6.26051269999994 ], [ -39.8069585, -6.26130349999994 ], [ -39.8087924, -6.26466009999996 ], [ -39.8091491, -6.26481849999993 ], [ -39.811530499999897, -6.264305 ], [ -39.8130224, -6.26395089999994 ], [ -39.8135513, -6.263713 ], [ -39.8159163999999, -6.26296939999997 ], [ -39.816835099999899, -6.263166 ], [ -39.8167342, -6.264551 ], [ -39.817146599999901, -6.26701979999996 ], [ -39.817918899999903, -6.26950789999995 ], [ -39.8191654, -6.27119829999998 ], [ -39.820308899999901, -6.27180259999994 ], [ -39.8203109, -6.27250629999997 ], [ -39.8190683999999, -6.27391929999993 ], [ -39.8189669, -6.27553219999993 ], [ -39.8191739, -6.27664089999996 ], [ -39.820421699999898, -6.27744579999995 ], [ -39.8221894, -6.27945729999993 ], [ -39.821880099999902, -6.28106969999993 ], [ -39.822091699999902, -6.28288569999995 ], [ -39.821263499999901, -6.28510219999993 ], [ -39.820642399999898, -6.28621209999994 ], [ -39.821165199999903, -6.28812619999997 ], [ -39.822723499999903, -6.28913139999997 ], [ -39.8241781, -6.28973239999993 ], [ -39.8257321, -6.28922609999995 ], [ -39.827080599999903, -6.287916 ], [ -39.8283245, -6.28791319999993 ], [ -39.8286737, -6.28808089999995 ], [ -39.829667399999899, -6.28888239999998 ], [ -39.8296592, -6.28975359999993 ], [ -39.830821699999902, -6.29103349999997 ], [ -39.8322736, -6.29163539999996 ], [ -39.8346632, -6.29243749999995 ], [ -39.836429, -6.29374529999996 ], [ -39.8381985, -6.29676549999994 ], [ -39.8378891999999, -6.29726889999995 ], [ -39.8362288, -6.297978 ], [ -39.834775799999903, -6.29838369999993 ], [ -39.8324951, -6.29959579999996 ], [ -39.831977, -6.30121029999998 ], [ -39.8325022, -6.30402979999997 ], [ -39.8319835, -6.30473619999998 ], [ -39.830844699999901, -6.30544259999994 ], [ -39.8304299, -6.30725689999997 ], [ -39.8311621, -6.30947269999996 ], [ -39.832624, -6.315216 ], [ -39.833560599999899, -6.31692769999995 ], [ -39.8346003, -6.31753019999996 ], [ -39.8349127, -6.31843509999993 ], [ -39.8344994999999, -6.32004949999993 ], [ -39.834500299999902, -6.32055329999997 ], [ -39.835538799999902, -6.320956 ], [ -39.8356453, -6.32196339999996 ], [ -39.8350224, -6.32196259999995 ], [ -39.8352307, -6.32276909999996 ], [ -39.835646499999903, -6.32327219999996 ], [ -39.836787399999899, -6.32327129999993 ], [ -39.8369953, -6.32327089999995 ], [ -39.838658699999897, -6.32437629999993 ], [ -39.8395963, -6.32669309999994 ], [ -39.8395972, -6.32780119999995 ], [ -39.8401183, -6.32911009999998 ], [ -39.8414696, -6.33011459999994 ], [ -39.8428208, -6.33152619999993 ], [ -39.844797099999901, -6.33434239999997 ], [ -39.844593099999898, -6.33676149999997 ], [ -39.847504899999898, -6.339378 ], [ -39.848025199999903, -6.34078549999998 ], [ -39.8476108, -6.34169349999996 ], [ -39.846782399999903, -6.34149489999993 ], [ -39.8458484, -6.34149549999995 ], [ -39.8449151, -6.34240429999994 ], [ -39.8447113, -6.34381479999996 ], [ -39.8447098, -6.34512449999994 ], [ -39.845235199999898, -6.34744379999995 ], [ -39.8476285, -6.35197429999994 ], [ -39.8497085, -6.35449 ], [ -39.8514936, -6.35634029999994 ], [ -39.852786799999897, -6.35721409999996 ], [ -39.8543956, -6.35802989999996 ], [ -39.8591584, -6.35739509999996 ], [ -39.863360199999903, -6.35647119999993 ], [ -39.865197599999902, -6.35667869999997 ], [ -39.8661356, -6.35684949999995 ], [ -39.8679167, -6.35763149999997 ], [ -39.8697313, -6.35868589999995 ], [ -39.8721245, -6.35937109999998 ], [ -39.8747308, -6.35969 ], [ -39.877431499999901, -6.36139579999997 ], [ -39.877535599999902, -6.36250369999993 ], [ -39.878472299999899, -6.36310809999998 ], [ -39.8796158, -6.36350859999993 ], [ -39.881586399999897, -6.36330349999997 ], [ -39.8835569, -6.36249339999995 ], [ -39.884802299999897, -6.36168719999995 ], [ -39.8864619, -6.36148169999996 ], [ -39.8875006, -6.36248759999995 ], [ -39.8880225, -6.36369589999993 ], [ -39.8891621, -6.363391 ], [ -39.8903068, -6.363995 ], [ -39.8903069, -6.36510309999994 ], [ -39.8905179, -6.36580729999997 ], [ -39.891557, -6.36600719999996 ], [ -39.8928021, -6.36660839999996 ], [ -39.8946725, -6.36801619999994 ], [ -39.8953978, -6.36660569999998 ], [ -39.895808499999902, -6.364085 ], [ -39.8946634, -6.36227349999996 ], [ -39.897361499999903, -6.36186629999997 ], [ -39.9006825, -6.36256419999995 ], [ -39.9018262, -6.36256309999993 ], [ -39.9038968999999, -6.36114669999995 ], [ -39.905249399999903, -6.36165089999997 ], [ -39.9070106, -6.36174909999994 ], [ -39.90753, -6.36094229999998 ], [ -39.907839599999903, -6.36013579999997 ], [ -39.909606499999903, -6.35982789999997 ], [ -39.9115739, -6.35881949999998 ], [ -39.912196799999897, -6.35831369999994 ], [ -39.9126007, -6.35763909999997 ], [ -39.912921599999898, -6.35710309999996 ], [ -39.9134362, -6.35569109999994 ], [ -39.9142676, -6.35548889999995 ], [ -39.914474299999902, -6.35629259999996 ], [ -39.915411999999897, -6.356897 ], [ -39.9169681, -6.35699459999995 ], [ -39.9187325, -6.35679069999998 ], [ -39.919558499999901, -6.355579 ], [ -39.9200753, -6.35336019999994 ], [ -39.920698, -6.35275489999998 ], [ -39.9231902, -6.35254959999997 ], [ -39.924433099999902, -6.35194319999994 ], [ -39.9243276999999, -6.35113659999996 ], [ -39.9216269, -6.35043589999998 ], [ -39.9211074, -6.35013379999998 ], [ -39.9212097999999, -6.34922639999996 ], [ -39.9229723999999, -6.34801569999996 ], [ -39.9236872, -6.34176789999998 ], [ -39.923881499999901, -6.34119769999995 ], [ -39.9247209, -6.34045449999996 ], [ -39.9264853, -6.34024969999996 ], [ -39.929311599999899, -6.341147 ], [ -39.929449799999901, -6.34117549999996 ], [ -39.930014899999897, -6.34129179999996 ], [ -39.9313417, -6.34086469999994 ], [ -39.9325032, -6.33852669999993 ], [ -39.9348897, -6.33791909999997 ], [ -39.9361344, -6.33781369999997 ], [ -39.9382085, -6.33690269999994 ], [ -39.9392364, -6.33641889999996 ], [ -39.9409056, -6.335589 ], [ -39.944635199999901, -6.33286239999995 ], [ -39.946627299999903, -6.33113209999993 ], [ -39.948471299999902, -6.33103919999996 ], [ -39.949874099999903, -6.33194289999994 ], [ -39.9512771, -6.33284669999995 ], [ -39.953354499999897, -6.33284379999998 ], [ -39.954181499999898, -6.331736 ], [ -39.955736199999897, -6.33112809999994 ], [ -39.9566735, -6.33152789999997 ], [ -39.956986399999899, -6.33253409999998 ], [ -39.957713199999901, -6.33303739999997 ], [ -39.959479, -6.33313549999997 ], [ -39.962074, -6.33383439999994 ], [ -39.964151, -6.33478879999996 ], [ -39.9662279, -6.33574329999993 ], [ -39.9683041, -6.33694869999994 ], [ -39.9717310999999, -6.336841 ], [ -39.9744337, -6.33855 ], [ -39.976192599999898, -6.33643109999997 ], [ -39.9778469, -6.33421369999996 ], [ -39.9795012, -6.33199639999998 ], [ -39.9820989, -6.33178259999994 ], [ -39.9834471, -6.330975 ], [ -39.9845349, -6.33011689999995 ], [ -39.9856225999999, -6.32925869999997 ], [ -39.9871787, -6.32895269999995 ], [ -39.9881124999999, -6.32844709999995 ], [ -39.9894603, -6.32743609999994 ], [ -39.9921562, -6.32702839999996 ], [ -39.9934039, -6.32763119999993 ], [ -39.9945476, -6.32863479999997 ], [ -39.9962097, -6.32984179999994 ], [ -39.9987024, -6.33094589999996 ], [ -40.0000027, -6.33230379999998 ], [ -40.0013031, -6.33366159999997 ], [ -40.002779599999897, -6.33366239999998 ], [ -40.005889099999898, -6.33369229999994 ], [ -40.0071128, -6.33254059999996 ], [ -40.008358299999898, -6.33334579999996 ], [ -40.0102292, -6.33354389999994 ], [ -40.0114705, -6.33223179999993 ], [ -40.012818099999897, -6.33112029999995 ], [ -40.013853099999899, -6.33061539999994 ], [ -40.0148927, -6.33061329999992 ], [ -40.0150998, -6.33111669999994 ], [ -40.0150027, -6.33323159999998 ], [ -40.015729099999902, -6.33393479999995 ], [ -40.0167661, -6.33353109999996 ], [ -40.017904799999897, -6.33242 ], [ -40.019358399999902, -6.33236609999994 ], [ -40.0208119, -6.33231209999997 ], [ -40.0222639, -6.33190769999993 ], [ -40.022884, -6.33049629999994 ], [ -40.0245409, -6.32908209999994 ], [ -40.0259953999999, -6.32948259999995 ], [ -40.0286986, -6.33098589999997 ], [ -40.029837, -6.33108589999995 ], [ -40.031337699999902, -6.33211439999997 ], [ -40.0345072, -6.33428639999994 ], [ -40.0356796, -6.33497329999994 ], [ -40.036542499999896, -6.33586759999997 ], [ -40.038541699999897, -6.33662169999997 ], [ -40.0392462, -6.33727969999995 ], [ -40.039606999999897, -6.33761669999996 ], [ -40.041163599999898, -6.33892409999993 ], [ -40.041272, -6.34023449999995 ], [ -40.0410682999999, -6.34144239999995 ], [ -40.0398245, -6.34285589999996 ], [ -40.039411099999903, -6.344066 ], [ -40.0396225, -6.34537609999995 ], [ -40.0402463, -6.34628209999994 ], [ -40.047517099999901, -6.34969179999996 ], [ -40.0477279, -6.35019689999996 ], [ -40.0478343999999, -6.35281609999993 ], [ -40.0483591, -6.35563789999998 ], [ -40.0490887999999, -6.35704639999994 ], [ -40.0507165, -6.35851049999997 ], [ -40.0525038, -6.36011819999993 ], [ -40.054671, -6.36206749999997 ], [ -40.0565763, -6.36378119999995 ], [ -40.0580297, -6.36448469999993 ], [ -40.061148499999902, -6.36659469999995 ], [ -40.061980199999901, -6.36659119999996 ], [ -40.0624976, -6.36628989999997 ], [ -40.0629081, -6.36366789999994 ], [ -40.0638119, -6.36248269999993 ], [ -40.0668469, -6.36224879999997 ], [ -40.0696816, -6.36371 ], [ -40.0717327999999, -6.365464 ], [ -40.0732934, -6.36777709999996 ], [ -40.075789299999897, -6.36859479999993 ], [ -40.077683299999897, -6.36831519999993 ], [ -40.0798291, -6.36801149999997 ], [ -40.0820527, -6.36757609999995 ], [ -40.0841055, -6.36740829999997 ] ] ] ] } },
{ "type": "Feature", "properties": { "CD_MUN": "2311355", "NM_MUN": "Quixelô", "CD_RGI": "230009", "NM_RGI": "Iguatu", "CD_RGINT": "2303", "NM_RGINT": "Iguatu", "CD_UF": "23", "NM_UF": "Ceará", "SIGLA_UF": "CE", "CD_REGIAO": "2", "NM_REGIAO": "Nordeste", "SIGLA_RG": "NE", "CD_CONCURB": null, "NM_CONCURB": null, "AREA_KM2": 620.242 }, "geometry": { "type": "MultiPolygon", "coordinates": [ [ [ [ -39.1147841, -6.26167159999994 ], [ -39.1165935, -6.26553119999994 ], [ -39.1200779, -6.27028969999998 ], [ -39.1219623, -6.27218219999997 ], [ -39.1234903, -6.27402369999993 ], [ -39.1237168, -6.274517 ], [ -39.124035499999898, -6.274889 ], [ -39.1245026, -6.27547149999998 ], [ -39.1272676, -6.27963589999996 ], [ -39.128139599999898, -6.28068329999996 ], [ -39.130697499999897, -6.28267829999993 ], [ -39.1322273, -6.28585839999994 ], [ -39.1340114, -6.28816729999994 ], [ -39.134668, -6.28901709999997 ], [ -39.1389746, -6.29246259999996 ], [ -39.1467263, -6.297774 ], [ -39.1574921, -6.30251 ], [ -39.1630903, -6.30466239999993 ], [ -39.168257, -6.30379909999994 ], [ -39.173997299999897, -6.30164309999998 ], [ -39.1781589, -6.29977479999997 ], [ -39.1828947999999, -6.29848059999995 ], [ -39.186339299999901, -6.29833579999996 ], [ -39.1916494, -6.29747219999996 ], [ -39.195954599999901, -6.29603459999993 ], [ -39.1999726, -6.29430969999993 ], [ -39.202412, -6.29301629999998 ], [ -39.2040406, -6.29199889999995 ], [ -39.2046002, -6.29165119999993 ], [ -39.2060352, -6.29099239999994 ], [ -39.208307499999897, -6.29057269999993 ], [ -39.2094435, -6.29015339999995 ], [ -39.212553199999903, -6.29033159999994 ], [ -39.2151845, -6.29033049999992 ], [ -39.216562, -6.29020049999997 ], [ -39.217782699999901, -6.28984269999995 ], [ -39.2206618, -6.28935749999994 ], [ -39.221940199999899, -6.28936849999997 ], [ -39.2237244, -6.28979389999995 ], [ -39.2249686, -6.290679 ], [ -39.227507699999897, -6.29297309999993 ], [ -39.228677699999899, -6.29378889999998 ], [ -39.229730399999902, -6.294315 ], [ -39.2308548, -6.29457769999993 ], [ -39.233485599999902, -6.29349949999994 ], [ -39.2344419, -6.29232629999996 ], [ -39.235589699999899, -6.29163169999993 ], [ -39.23779, -6.29072119999995 ], [ -39.2391054, -6.29031369999996 ], [ -39.240134, -6.29028929999993 ], [ -39.2408995, -6.29050429999995 ], [ -39.241067, -6.2906 ], [ -39.241137299999899, -6.28989459999997 ], [ -39.241182299999899, -6.28908909999996 ], [ -39.2412112, -6.28821869999996 ], [ -39.2412368, -6.28733219999998 ], [ -39.241294599999897, -6.286169 ], [ -39.2413523, -6.28486769999995 ], [ -39.241410099999896, -6.28341889999996 ], [ -39.2414871, -6.28149109999993 ], [ -39.241580199999902, -6.279496 ], [ -39.2416989, -6.27667529999997 ], [ -39.2417371, -6.27578119999993 ], [ -39.244638199999898, -6.27535729999994 ], [ -39.2470587, -6.27423169999997 ], [ -39.249190499999898, -6.272634 ], [ -39.254008699999901, -6.27174369999994 ], [ -39.256713499999897, -6.27162969999995 ], [ -39.2668643, -6.27461089999997 ], [ -39.2675103, -6.27480059999994 ], [ -39.2740952, -6.277881 ], [ -39.278724699999898, -6.27920379999995 ], [ -39.2832419, -6.27939409999993 ], [ -39.286271199999902, -6.27901859999997 ], [ -39.2895601, -6.27754 ], [ -39.2894195, -6.27743819999995 ], [ -39.2895917, -6.277469 ], [ -39.2927933, -6.27618029999996 ], [ -39.292938499999899, -6.27621139999997 ], [ -39.2974212, -6.27430469999996 ], [ -39.299070599999901, -6.27360069999997 ], [ -39.2991048, -6.27359479999996 ], [ -39.3051154999999, -6.27110669999996 ], [ -39.305039, -6.27107429999995 ], [ -39.3051493, -6.27108639999994 ], [ -39.3176170999999, -6.26594779999994 ], [ -39.3185703, -6.26119879999993 ], [ -39.318606499999902, -6.26105489999998 ], [ -39.3184677, -6.26113569999995 ], [ -39.318351199999903, -6.26120919999994 ], [ -39.318127499999903, -6.26135689999995 ], [ -39.3173939, -6.26156319999996 ], [ -39.31711, -6.26137719999997 ], [ -39.316538599999902, -6.26135359999995 ], [ -39.3160698, -6.26099639999995 ], [ -39.3154342999999, -6.26114059999998 ], [ -39.314713099999899, -6.26117659999994 ], [ -39.3144156, -6.26105489999998 ], [ -39.3137980999999, -6.261082 ], [ -39.313464199999899, -6.26099689999995 ], [ -39.312567499999901, -6.26024919999998 ], [ -39.312118499999897, -6.25953109999995 ], [ -39.3115503, -6.25932209999996 ], [ -39.3114307, -6.25917259999994 ], [ -39.3113706, -6.25872379999993 ], [ -39.3111014, -6.258335 ], [ -39.3108018, -6.25773679999998 ], [ -39.310413, -6.25752759999995 ], [ -39.3098118999999, -6.25731759999996 ], [ -39.308883799999897, -6.25713279999997 ], [ -39.3086764, -6.25679919999993 ], [ -39.308415, -6.25560019999995 ], [ -39.3080363, -6.25515849999994 ], [ -39.307811, -6.25387839999996 ], [ -39.3078133, -6.253822 ], [ -39.3078067, -6.25366429999997 ], [ -39.3078097, -6.25343039999996 ], [ -39.3077196, -6.25334889999993 ], [ -39.3076692, -6.25330439999993 ], [ -39.3075838, -6.25322739999996 ], [ -39.307533299999903, -6.25318219999997 ], [ -39.3075104, -6.25316109999994 ], [ -39.307467099999897, -6.25313379999994 ], [ -39.3074228, -6.25310549999995 ], [ -39.3073593, -6.25306539999997 ], [ -39.3073201999999, -6.25304019999993 ], [ -39.3072553, -6.25299919999998 ], [ -39.307226399999898, -6.25298059999994 ], [ -39.3072164, -6.25297459999996 ], [ -39.307203199999897, -6.25296589999994 ], [ -39.3071926, -6.25295919999996 ], [ -39.307181, -6.25295029999995 ], [ -39.307167499999899, -6.25285379999997 ], [ -39.3071654, -6.25284109999996 ], [ -39.3071528, -6.25275139999997 ], [ -39.307141499999901, -6.25267319999995 ], [ -39.307121299999899, -6.252533 ], [ -39.3070642, -6.25227669999992 ], [ -39.3070614, -6.25226379999998 ], [ -39.3069115, -6.25202379999996 ], [ -39.306194199999901, -6.25193539999998 ], [ -39.306048299999901, -6.25190059999994 ], [ -39.305912, -6.25186779999996 ], [ -39.305566999999897, -6.25178749999998 ], [ -39.3054938, -6.25168319999995 ], [ -39.3052668, -6.25136759999998 ], [ -39.304549199999897, -6.25100869999994 ], [ -39.3042204, -6.25103889999997 ], [ -39.303383499999903, -6.25151819999996 ], [ -39.3031329, -6.25154109999994 ], [ -39.303054599999903, -6.25154829999997 ], [ -39.3029915, -6.25154829999997 ], [ -39.3029369, -6.25154829999997 ], [ -39.302830899999897, -6.25154839999993 ], [ -39.3027726, -6.25154829999997 ], [ -39.3027159, -6.25154849999996 ], [ -39.3026588, -6.25154849999996 ], [ -39.3025091, -6.25154909999998 ], [ -39.3024937, -6.25155009999997 ], [ -39.3024821, -6.25155089999993 ], [ -39.3024667, -6.251552 ], [ -39.302451399999903, -6.25155309999997 ], [ -39.3024404, -6.25155379999995 ], [ -39.302426599999897, -6.25155479999995 ], [ -39.302407, -6.25155609999996 ], [ -39.3023914, -6.25155719999998 ], [ -39.3023774, -6.25155829999994 ], [ -39.3023564, -6.25155969999997 ], [ -39.3023408, -6.25156069999997 ], [ -39.3023266, -6.25156179999993 ], [ -39.3017631, -6.25160139999997 ], [ -39.301644699999898, -6.25160869999996 ], [ -39.3015897, -6.25160789999995 ], [ -39.3014163, -6.251609 ], [ -39.300821, -6.25161749999995 ], [ -39.3003639, -6.25163949999995 ], [ -39.2997551999999, -6.251435 ], [ -39.299436899999897, -6.251311 ], [ -39.299048099999901, -6.25113169999997 ], [ -39.2980019, -6.25152119999996 ], [ -39.297434, -6.25185059999995 ], [ -39.2970452, -6.25164139999993 ], [ -39.2970151, -6.25119269999993 ], [ -39.2968056, -6.25089359999993 ], [ -39.2965664, -6.25083389999998 ], [ -39.2958788, -6.25089409999993 ], [ -39.2944135, -6.25038629999995 ], [ -39.293725799999898, -6.250267 ], [ -39.2933368999999, -6.24993819999997 ], [ -39.292828299999897, -6.24934009999993 ], [ -39.2924993, -6.249071 ], [ -39.292170499999898, -6.24931049999998 ], [ -39.292051199999896, -6.24969949999996 ], [ -39.291483099999901, -6.24969979999997 ], [ -39.2910345, -6.24952059999993 ], [ -39.290885, -6.249401 ], [ -39.2912618, -6.24786679999994 ], [ -39.2915623, -6.24664519999993 ], [ -39.2917361, -6.24628159999997 ], [ -39.2923694999999, -6.243357 ], [ -39.2949651, -6.23169909999996 ], [ -39.2797671, -6.22721569999993 ], [ -39.272345899999898, -6.22502649999996 ], [ -39.2675154, -6.22360149999997 ], [ -39.266655199999903, -6.22334589999997 ], [ -39.2664033, -6.22327319999994 ], [ -39.2658261, -6.22310309999995 ], [ -39.2665506, -6.22241529999997 ], [ -39.2683388, -6.22071769999997 ], [ -39.270642199999898, -6.21913039999993 ], [ -39.2726249, -6.21648019999998 ], [ -39.276209499999901, -6.213615 ], [ -39.2785521, -6.21235379999996 ], [ -39.2806431, -6.21122819999994 ], [ -39.2806990999999, -6.20960349999996 ], [ -39.2794469, -6.20647289999994 ], [ -39.2781211, -6.20518359999994 ], [ -39.2772545999999, -6.20505869999994 ], [ -39.2767504, -6.20376 ], [ -39.277168399999901, -6.20271939999998 ], [ -39.278340199999903, -6.20154279999997 ], [ -39.279252299999897, -6.19995469999998 ], [ -39.2794484, -6.19818249999997 ], [ -39.278867299999902, -6.196625 ], [ -39.2775005, -6.194793 ], [ -39.2758648, -6.19381959999993 ], [ -39.2759265, -6.19243819999997 ], [ -39.276278299999902, -6.19104759999993 ], [ -39.2769706999999, -6.18927689999992 ], [ -39.277390099999899, -6.18758959999997 ], [ -39.2766678999999, -6.18592359999997 ], [ -39.2753091, -6.185387 ], [ -39.2729118, -6.182646 ], [ -39.2728155, -6.18146129999997 ], [ -39.273066, -6.18028839999994 ], [ -39.2735916, -6.17916319999995 ], [ -39.273471399999899, -6.17793059999997 ], [ -39.273590399999897, -6.17690129999994 ], [ -39.275021299999899, -6.17370769999997 ], [ -39.2761935, -6.17230029999996 ], [ -39.277141399999898, -6.17171269999994 ], [ -39.2804762, -6.17078559999993 ], [ -39.282942999999896, -6.17109629999993 ], [ -39.2846688999999, -6.17181549999998 ], [ -39.2882023, -6.17382909999998 ], [ -39.291978399999898, -6.17349319999994 ], [ -39.293456499999898, -6.17400529999998 ], [ -39.295034299999898, -6.17481949999996 ], [ -39.296584799999899, -6.17549079999998 ], [ -39.2984494, -6.17543459999996 ], [ -39.29975, -6.17517329999993 ], [ -39.301531699999899, -6.17548259999995 ], [ -39.3028363, -6.175955 ], [ -39.3038369, -6.17614159999994 ], [ -39.3077218, -6.17456629999998 ], [ -39.287357799999903, -6.15497489999996 ], [ -39.2597082999999, -6.12837449999995 ], [ -39.2587133, -6.128594 ], [ -39.2171635999999, -6.13775959999998 ], [ -39.2009121, -6.14134469999993 ], [ -39.1870231, -6.14440849999994 ], [ -39.156826899999899, -6.15106959999997 ], [ -39.1496893, -6.152654 ], [ -39.1417054, -6.15440539999997 ], [ -39.1404514, -6.15282979999995 ], [ -39.1290519, -6.13850789999998 ], [ -39.108145, -6.11224089999996 ], [ -39.0900042, -6.09367089999995 ], [ -39.089931799999903, -6.09272969999995 ], [ -39.0900564, -6.091723 ], [ -39.089899699999897, -6.08971839999998 ], [ -39.089531899999898, -6.08948869999995 ], [ -39.0894096, -6.08794089999998 ], [ -39.089532399999896, -6.08710589999993 ], [ -39.0908789, -6.08670309999997 ], [ -39.0914137, -6.08558219999998 ], [ -39.0913591999999, -6.08398819999996 ], [ -39.0899428, -6.082314 ], [ -39.0880519, -6.08081169999997 ], [ -39.084442, -6.07838149999998 ], [ -39.0830293, -6.07687639999995 ], [ -39.082517499999902, -6.07479779999994 ], [ -39.082974, -6.06983849999995 ], [ -39.0818034, -6.06772629999995 ], [ -39.078824499999897, -6.06565069999994 ], [ -39.0772699, -6.06404519999995 ], [ -39.075410599999898, -6.06172679999997 ], [ -39.075109499999897, -6.06022339999993 ], [ -39.0752709, -6.05798709999993 ], [ -39.0752462, -6.05535189999995 ], [ -39.074553599999902, -6.05302169999993 ], [ -39.0737735, -6.051559 ], [ -39.071939, -6.05080839999994 ], [ -39.0700232, -6.05019889999994 ], [ -39.0683493, -6.04830029999994 ], [ -39.0670225, -6.04639079999993 ], [ -39.0655757, -6.045784 ], [ -39.063583, -6.04527579999996 ], [ -39.061309299999898, -6.04509239999993 ], [ -39.0601743, -6.04508349999998 ], [ -39.057610899999901, -6.04794059999995 ], [ -39.0570741, -6.04785739999994 ], [ -39.055820599999898, -6.04600669999996 ], [ -39.0536723, -6.04340339999993 ], [ -39.0538963, -6.04255929999994 ], [ -39.052104799999903, -6.03844339999995 ], [ -39.0507418, -6.02535319999993 ], [ -39.0478754, -6.02480289999994 ], [ -39.045572, -6.02443229999994 ], [ -39.0439622, -6.02377589999998 ], [ -39.0419946, -6.02276139999998 ], [ -39.0404841, -6.02053319999993 ], [ -39.039708899999901, -6.01971759999998 ], [ -39.032911199999901, -6.01556239999996 ], [ -39.0300104, -6.01378929999993 ], [ -39.0283808, -6.01351089999997 ], [ -39.0273483, -6.01403039999997 ], [ -39.025759999999899, -6.01686529999995 ], [ -39.024517, -6.01900879999994 ], [ -39.0225831999999, -6.02004609999994 ], [ -39.021407699999898, -6.01862089999997 ], [ -39.0214793, -6.01388179999998 ], [ -39.021108599999899, -6.01032739999994 ], [ -39.0185263, -6.00522939999996 ], [ -39.0163985, -6.00470289999993 ], [ -39.015208899999898, -6.00491049999994 ], [ -39.0147228, -6.00554379999994 ], [ -39.013673599999898, -6.00566449999997 ], [ -39.0131862, -6.00564189999994 ], [ -39.0107836, -6.00709209999997 ], [ -39.009486099999897, -6.00980149999998 ], [ -39.009130099999901, -6.01118739999993 ], [ -39.007896699999897, -6.01408769999995 ], [ -39.0066633, -6.01837569999998 ], [ -39.005869899999901, -6.01898819999997 ], [ -39.005302399999898, -6.01894289999996 ], [ -39.0035467, -6.01925779999993 ], [ -39.0013762, -6.01925779999993 ], [ -38.9997514, -6.01988829999993 ], [ -38.998131199999897, -6.02077119999996 ], [ -38.996377299999899, -6.02140169999996 ], [ -38.9947553, -6.02171649999997 ], [ -38.9933275, -6.02146409999995 ], [ -38.9923209, -6.01976069999995 ], [ -38.9919305, -6.02007549999996 ], [ -38.9914787, -6.02266089999995 ], [ -38.9905687, -6.02411289999998 ], [ -38.989661399999903, -6.02518389999994 ], [ -38.9876806, -6.02707639999994 ], [ -38.9865131, -6.02852649999994 ], [ -38.9865139, -6.03098439999997 ], [ -38.9868374, -6.03205819999994 ], [ -38.9865771, -6.033065 ], [ -38.9859283, -6.03356969999993 ], [ -38.9856364, -6.03539889999996 ], [ -38.985376, -6.039686 ], [ -38.9848572, -6.044665 ], [ -38.9836887, -6.04643 ], [ -38.983547799999897, -6.04697539999995 ], [ -38.9832016, -6.04832239999996 ], [ -38.9835269, -6.04895209999995 ], [ -38.983914599999899, -6.04857489999995 ], [ -38.9846954, -6.04832249999993 ], [ -38.984953699999899, -6.05242049999993 ], [ -38.9854415, -6.05513169999995 ], [ -38.985699, -6.05746469999997 ], [ -38.9862855, -6.05897729999998 ], [ -38.9867093, -6.06170839999993 ], [ -38.9866089, -6.06200419999993 ], [ -38.9851811, -6.06200329999996 ], [ -38.9851811, -6.06244559999993 ], [ -38.986026, -6.06332679999997 ], [ -38.9854079, -6.06421059999997 ], [ -38.985538, -6.06477779999994 ], [ -38.9861877, -6.06477779999994 ], [ -38.986641399999897, -6.064653 ], [ -38.986641399999897, -6.06521839999994 ], [ -38.985471899999901, -6.06761379999995 ], [ -38.9851502, -6.06912819999997 ], [ -38.9857981, -6.07038829999993 ], [ -38.9866087, -6.070895 ], [ -38.9875178, -6.072783 ], [ -38.9888797, -6.07467549999996 ], [ -38.9896595, -6.07637789999995 ], [ -38.9895936, -6.07757659999993 ], [ -38.9888154, -6.07889909999994 ], [ -38.987777, -6.07934149999994 ], [ -38.9856018, -6.07891169999994 ], [ -38.9835899, -6.08861469999994 ], [ -38.983005999999897, -6.08962249999996 ], [ -38.9785252, -6.09129319999994 ], [ -38.977911499999898, -6.09171829999997 ], [ -38.9779124, -6.09241129999998 ], [ -38.980702, -6.09952989999994 ], [ -38.9797801, -6.10168759999993 ], [ -38.9786802, -6.10203459999997 ], [ -38.9778193, -6.10236969999994 ], [ -38.976277, -6.10280039999998 ], [ -38.976133499999897, -6.10281239999995 ], [ -38.9769942, -6.10637869999994 ], [ -38.977301699999899, -6.10771489999996 ], [ -38.9764314, -6.10802519999993 ], [ -38.9755249, -6.10787769999996 ], [ -38.973459799999901, -6.10799609999998 ], [ -38.9726021, -6.10830539999995 ], [ -38.9717995, -6.10888619999997 ], [ -38.9709101, -6.10937909999996 ], [ -38.970770899999899, -6.11038419999994 ], [ -38.971378199999897, -6.11129879999993 ], [ -38.9723289, -6.11312709999993 ], [ -38.9723279, -6.114361 ], [ -38.972851999999897, -6.11573069999997 ], [ -38.9742709, -6.11729939999998 ], [ -38.975266, -6.11785029999993 ], [ -38.9754928, -6.118812 ], [ -38.975161, -6.11967849999996 ], [ -38.970934, -6.11956249999997 ], [ -38.969741, -6.11988809999997 ], [ -38.968883199999901, -6.12079179999995 ], [ -38.968828899999899, -6.12242459999993 ], [ -38.9693015, -6.12356809999994 ], [ -38.9699856, -6.12457769999997 ], [ -38.9703516, -6.12545159999996 ], [ -38.9707953, -6.12696059999996 ], [ -38.9717696, -6.12797379999995 ], [ -38.9730522, -6.12999119999995 ], [ -38.9732966, -6.13218629999994 ], [ -38.9734882999999, -6.13418779999995 ], [ -38.974158, -6.135106 ], [ -38.975819999999899, -6.13831759999994 ], [ -38.9761308, -6.13918329999996 ], [ -38.978740899999899, -6.14301539999997 ], [ -38.9809913, -6.14805339999998 ], [ -38.9820478, -6.14998119999996 ], [ -38.983745199999902, -6.15195159999996 ], [ -38.984559499999897, -6.15323979999994 ], [ -38.9854343, -6.15479669999996 ], [ -38.9861862999999, -6.15662949999995 ], [ -38.9858527, -6.15752139999995 ], [ -38.9848251, -6.15778009999997 ], [ -38.9838273, -6.15790309999994 ], [ -38.983349099999899, -6.15879239999992 ], [ -38.9836835, -6.15974309999996 ], [ -38.9843777, -6.16046419999998 ], [ -38.985103299999899, -6.16280979999993 ], [ -38.9863533, -6.16592269999995 ], [ -38.9868276999999, -6.17017079999994 ], [ -38.986801399999898, -6.17203349999994 ], [ -38.987266, -6.17451669999997 ], [ -38.9877124, -6.17648429999997 ], [ -38.9881861, -6.17760869999995 ], [ -38.9888793, -6.178299 ], [ -38.9893557, -6.17935469999998 ], [ -38.989931399999897, -6.18163619999996 ], [ -38.990046199999902, -6.18273169999998 ], [ -38.9906319, -6.18464769999997 ], [ -38.9913811, -6.18941779999994 ], [ -38.9913784, -6.19038029999996 ], [ -38.9916595, -6.191332 ], [ -38.9923257, -6.19294409999998 ], [ -38.9936987, -6.19560009999998 ], [ -38.9940205, -6.19687379999993 ], [ -38.9944905, -6.19779739999996 ], [ -38.994655, -6.19870209999993 ], [ -38.9952417, -6.19967089999994 ], [ -38.995963, -6.20040639999996 ], [ -38.9965424, -6.20128029999995 ], [ -38.997158, -6.20369559999995 ], [ -38.997271899999902, -6.20483639999998 ], [ -38.9982707, -6.20776729999994 ], [ -38.9986314, -6.20839689999997 ], [ -39.003191699999903, -6.22016429999996 ], [ -39.0056994, -6.22198819999994 ], [ -39.019028499999898, -6.23168269999996 ], [ -39.042402599999903, -6.248683 ], [ -39.0563385, -6.25881879999997 ], [ -39.061471299999901, -6.25148429999996 ], [ -39.0620197, -6.24897939999994 ], [ -39.0624678, -6.24633059999996 ], [ -39.0637689, -6.24042509999992 ], [ -39.064578599999898, -6.23838139999998 ], [ -39.066084499999903, -6.23695189999995 ], [ -39.0678128, -6.23602349999993 ], [ -39.069214799999898, -6.23559459999996 ], [ -39.0715254, -6.235113 ], [ -39.0745736, -6.23532059999997 ], [ -39.0783695, -6.23583569999994 ], [ -39.0899646, -6.23859569999996 ], [ -39.0919933, -6.23945649999996 ], [ -39.0971013999999, -6.24221289999997 ], [ -39.098906, -6.24359309999994 ], [ -39.1007731, -6.24534219999993 ], [ -39.1028547, -6.24808649999994 ], [ -39.105826799999903, -6.25128369999993 ], [ -39.108302599999902, -6.25417069999997 ], [ -39.1107484999999, -6.25674839999994 ], [ -39.1147841, -6.26167159999994 ] ] ] ] } },
{ "type": "Feature", "properties": { "CD_MUN": "2303303", "NM_MUN": "Cariús", "CD_RGI": "230009", "NM_RGI": "Iguatu", "CD_RGINT": "2303", "NM_RGINT": "Iguatu", "CD_UF": "23", "NM_UF": "Ceará", "SIGLA_UF": "CE", "CD_REGIAO": "2", "NM_REGIAO": "Nordeste", "SIGLA_RG": "NE", "CD_CONCURB": null, "NM_CONCURB": null, "AREA_KM2": 1036.417 }, "geometry": { "type": "MultiPolygon", "coordinates": [ [ [ [ -39.3284967, -6.73432589999993 ], [ -39.328248899999899, -6.73523109999996 ], [ -39.3249752, -6.73678379999996 ], [ -39.3187725, -6.73704929999997 ], [ -39.3161426, -6.73817319999995 ], [ -39.3141198, -6.73860279999997 ], [ -39.311878799999903, -6.73920669999995 ], [ -39.3065189, -6.73980669999997 ], [ -39.3056573, -6.73990319999996 ], [ -39.3022305, -6.739817 ], [ -39.2988109, -6.74124769999997 ], [ -39.2978543, -6.74297149999995 ], [ -39.2974121, -6.74450219999994 ], [ -39.2973881, -6.74516169999993 ], [ -39.2988336, -6.747226 ], [ -39.2996484, -6.74933589999995 ], [ -39.299613399999899, -6.75138479999993 ], [ -39.3004789, -6.75353909999995 ], [ -39.3018342, -6.754517 ], [ -39.3046977, -6.75518639999996 ], [ -39.307586699999902, -6.75604939999994 ], [ -39.3101427, -6.756852 ], [ -39.313173999999897, -6.75798439999994 ], [ -39.3155065999999, -6.760409 ], [ -39.3210377999999, -6.76508669999993 ], [ -39.3242291, -6.76722389999998 ], [ -39.3278617, -6.77031879999993 ], [ -39.3292286, -6.77088329999998 ], [ -39.329790199999898, -6.770806 ], [ -39.330543299999903, -6.77070239999995 ], [ -39.3320315, -6.77008259999997 ], [ -39.3338711, -6.768577 ], [ -39.335619999999899, -6.76673589999996 ], [ -39.338225399999899, -6.76560329999995 ], [ -39.339673199999901, -6.76560139999998 ], [ -39.341308899999902, -6.76623529999995 ], [ -39.346592799999897, -6.76896519999997 ], [ -39.3482243999999, -6.76907169999993 ], [ -39.351981899999899, -6.77007659999992 ], [ -39.3592841, -6.77101119999998 ], [ -39.3614405, -6.76969979999996 ], [ -39.3614385, -6.76707919999996 ], [ -39.3641883, -6.764132 ], [ -39.3671481, -6.76290929999993 ], [ -39.3702867, -6.76431279999997 ], [ -39.3820292999999, -6.76956379999996 ], [ -39.384075799999898, -6.76918359999996 ], [ -39.3844468, -6.76799369999998 ], [ -39.3856226999999, -6.76615789999994 ], [ -39.3868368, -6.76590629999993 ], [ -39.3885549, -6.76433369999995 ], [ -39.3908542, -6.763069 ], [ -39.3930786, -6.76091429999997 ], [ -39.3975273, -6.75563969999996 ], [ -39.397987699999902, -6.75533719999993 ], [ -39.3985658, -6.75527969999996 ], [ -39.3992349, -6.75575769999995 ], [ -39.401281, -6.75808709999995 ], [ -39.4026226, -6.75981829999995 ], [ -39.4036718, -6.76245249999994 ], [ -39.404589, -6.76532649999996 ], [ -39.405173299999902, -6.76601889999995 ], [ -39.4065396, -6.76690879999995 ], [ -39.409621, -6.76827029999993 ], [ -39.4119722, -6.76959719999996 ], [ -39.4156043999999, -6.77268829999997 ], [ -39.4171588, -6.77341519999993 ], [ -39.4172143, -6.77556389999995 ], [ -39.4177584, -6.77666609999994 ], [ -39.4178719, -6.77702119999998 ], [ -39.417493599999901, -6.77846279999994 ], [ -39.4174924, -6.77918909999994 ], [ -39.418375099999899, -6.77965609999995 ], [ -39.4183009, -6.78056219999996 ], [ -39.4183235, -6.78167969999993 ], [ -39.418648, -6.78254229999993 ], [ -39.419136599999902, -6.78280029999996 ], [ -39.420286299999901, -6.78328759999994 ], [ -39.4219677, -6.78384619999997 ], [ -39.424382099999903, -6.78494979999994 ], [ -39.4260062, -6.78572379999997 ], [ -39.4270908, -6.78607829999993 ], [ -39.4314342, -6.78664249999997 ], [ -39.434136099999897, -6.78827119999994 ], [ -39.4364661, -6.78925679999998 ], [ -39.439801499999902, -6.79001219999998 ], [ -39.442307099999901, -6.79015109999995 ], [ -39.4448135, -6.78931519999998 ], [ -39.4458131, -6.78887009999994 ], [ -39.446562899999897, -6.78837369999997 ], [ -39.4484481, -6.78665239999998 ], [ -39.4493290999999, -6.78333089999995 ], [ -39.450047299999902, -6.77998319999995 ], [ -39.451083299999901, -6.77881449999995 ], [ -39.4523947, -6.77802629999996 ], [ -39.4557067, -6.77798879999995 ], [ -39.456952199999897, -6.77739869999994 ], [ -39.4592496, -6.77713149999994 ], [ -39.4614142, -6.77811549999996 ], [ -39.4628574, -6.77791779999995 ], [ -39.4652493, -6.77617689999994 ], [ -39.467611, -6.77512259999997 ], [ -39.4681993, -6.77420389999997 ], [ -39.4671498, -6.77354909999997 ], [ -39.4663613, -6.77230329999998 ], [ -39.46682, -6.77118759999996 ], [ -39.4689503, -6.77043029999993 ], [ -39.4705241, -6.77055989999997 ], [ -39.4711809, -6.770429 ], [ -39.470063099999898, -6.76924959999997 ], [ -39.469999, -6.76846089999998 ], [ -39.4705882, -6.76760639999998 ], [ -39.4714408, -6.76682039999997 ], [ -39.471672199999901, -6.76669429999993 ], [ -39.4726509, -6.766161 ], [ -39.473141199999901, -6.76556209999995 ], [ -39.47399, -6.76440049999997 ], [ -39.4748137999999, -6.76216189999997 ], [ -39.476785699999901, -6.75876149999993 ], [ -39.4781522, -6.75556 ], [ -39.480286, -6.75650949999994 ], [ -39.4815973, -6.75755659999993 ], [ -39.4825159, -6.75775289999996 ], [ -39.4843519, -6.75584789999994 ], [ -39.4861205999999, -6.75368049999997 ], [ -39.4882193, -6.75217049999998 ], [ -39.492514399999898, -6.75180439999997 ], [ -39.4952694, -6.751475 ], [ -39.4971062, -6.75219409999994 ], [ -39.498355699999898, -6.75383279999994 ], [ -39.4993726, -6.75458529999997 ], [ -39.500682, -6.75373179999997 ], [ -39.501576199999903, -6.75474859999997 ], [ -39.5026549, -6.75655119999993 ], [ -39.503705, -6.75878259999996 ], [ -39.5048906, -6.76245569999998 ], [ -39.506435199999899, -6.76675089999998 ], [ -39.5063736, -6.76924659999997 ], [ -39.507032, -6.77068679999996 ], [ -39.5087457, -6.77287239999993 ], [ -39.509347299999902, -6.77463529999994 ], [ -39.5101773, -6.77572059999994 ], [ -39.510389099999898, -6.77674469999994 ], [ -39.511442499999902, -6.77668609999995 ], [ -39.512381199999901, -6.7768 ], [ -39.5132909, -6.77669379999998 ], [ -39.5141715, -6.77624289999994 ], [ -39.5147936, -6.77608859999998 ], [ -39.5149853, -6.77600269999994 ], [ -39.543992, -6.76813949999996 ], [ -39.544834099999903, -6.76851739999995 ], [ -39.5468728, -6.77034189999995 ], [ -39.548404499999897, -6.77568439999993 ], [ -39.5491688, -6.77683089999994 ], [ -39.5502139, -6.77757429999997 ], [ -39.5519897, -6.77623989999995 ], [ -39.5547438, -6.77463689999996 ], [ -39.556291, -6.77647019999995 ], [ -39.556469299999897, -6.77659769999997 ], [ -39.569057299999898, -6.77911539999997 ], [ -39.6157552, -6.78845529999995 ], [ -39.6149248, -6.78733379999994 ], [ -39.6136296, -6.78425629999998 ], [ -39.61326, -6.78169139999994 ], [ -39.612811099999902, -6.77960219999994 ], [ -39.611048599999897, -6.77906439999992 ], [ -39.608503599999899, -6.77324059999995 ], [ -39.6083252, -6.77244389999993 ], [ -39.607386, -6.77144469999996 ], [ -39.606738699999902, -6.77047589999995 ], [ -39.604859599999898, -6.76933939999998 ], [ -39.604034199999901, -6.76854349999996 ], [ -39.6030043, -6.76620649999995 ], [ -39.6029434, -6.76529479999994 ], [ -39.602058499999899, -6.76240459999997 ], [ -39.6001497, -6.76041109999994 ], [ -39.5992859, -6.75860409999996 ], [ -39.599848699999903, -6.75646559999996 ], [ -39.6001419, -6.75572619999997 ], [ -39.6002372, -6.75515129999997 ], [ -39.600142199999901, -6.75428269999998 ], [ -39.5994598, -6.75325049999998 ], [ -39.5981427, -6.75186669999994 ], [ -39.597906599999902, -6.75094109999998 ], [ -39.597845699999901, -6.75039949999996 ], [ -39.5978759, -6.74988379999996 ], [ -39.5984002, -6.74928879999993 ], [ -39.599515499999903, -6.74900069999995 ], [ -39.6006321, -6.74894319999993 ], [ -39.6019823, -6.74911249999997 ], [ -39.6028664, -6.74910959999994 ], [ -39.6038642, -6.74967829999997 ], [ -39.6078883, -6.74904819999995 ], [ -39.6090924, -6.74919589999996 ], [ -39.6101497, -6.74891419999994 ], [ -39.6104032, -6.74870819999995 ], [ -39.611202499999898, -6.74805879999997 ], [ -39.6113584, -6.74636419999996 ], [ -39.6104225, -6.74459909999996 ], [ -39.608581199999897, -6.74249049999997 ], [ -39.6078307, -6.74175819999994 ], [ -39.605877899999903, -6.739077 ], [ -39.605407, -6.73810879999996 ], [ -39.604958399999902, -6.73624379999995 ], [ -39.6064904, -6.73605679999997 ], [ -39.6080479, -6.73628289999994 ], [ -39.609458, -6.73668089999995 ], [ -39.6105034, -6.73765079999993 ], [ -39.6122794, -6.738899 ], [ -39.614632, -6.74037679999998 ], [ -39.616262199999902, -6.74193969999993 ], [ -39.6168228, -6.74238 ], [ -39.6178075999999, -6.74275409999996 ], [ -39.6186819, -6.74277559999996 ], [ -39.6197174, -6.74266309999996 ], [ -39.6217685, -6.74036869999998 ], [ -39.6236812, -6.74054509999996 ], [ -39.6244078, -6.73945439999994 ], [ -39.6245716, -6.73899649999993 ], [ -39.6247822999999, -6.73847379999995 ], [ -39.6247536, -6.73746849999998 ], [ -39.625493199999902, -6.73574889999998 ], [ -39.6259021, -6.73495049999997 ], [ -39.6259779, -6.734081 ], [ -39.6270339, -6.73345279999995 ], [ -39.628076899999897, -6.733921 ], [ -39.6301035, -6.73517219999997 ], [ -39.6311638, -6.73648149999997 ], [ -39.6321316, -6.73774059999994 ], [ -39.6329878, -6.73847189999998 ], [ -39.6339272, -6.73858639999997 ], [ -39.634689299999899, -6.73881339999997 ], [ -39.636335, -6.73864029999993 ], [ -39.6373333, -6.73812609999993 ], [ -39.638363, -6.73812389999995 ], [ -39.6387779, -6.738178 ], [ -39.6390598, -6.738295 ], [ -39.6399479, -6.73852869999996 ], [ -39.640242199999904, -6.73869309999998 ], [ -39.6413582, -6.73897469999997 ], [ -39.6424163, -6.73857529999998 ], [ -39.6434513, -6.73777619999993 ], [ -39.643881399999898, -6.73731879999997 ], [ -39.644567799999898, -6.73763059999993 ], [ -39.6451311, -6.73739509999996 ], [ -39.6451397, -6.73657329999998 ], [ -39.6448106, -6.73624509999996 ], [ -39.6441444, -6.73572949999993 ], [ -39.6434983, -6.73498369999993 ], [ -39.6429254, -6.73255039999998 ], [ -39.642746499999902, -6.73135479999996 ], [ -39.6433028, -6.72932629999997 ], [ -39.6433901, -6.72898609999993 ], [ -39.6431092, -6.72819509999994 ], [ -39.6427796, -6.72749129999994 ], [ -39.6417448, -6.726324 ], [ -39.640593099999897, -6.72552769999993 ], [ -39.6396955, -6.72473109999993 ], [ -39.639049999999898, -6.724447 ], [ -39.638755499999903, -6.72416239999995 ], [ -39.6385182, -6.72325 ], [ -39.639765899999901, -6.72143839999995 ], [ -39.639858499999903, -6.72045689999993 ], [ -39.640011199999897, -6.71982989999998 ], [ -39.6439449, -6.717547 ], [ -39.645911399999903, -6.71577609999997 ], [ -39.645497299999903, -6.71463689999996 ], [ -39.6452611, -6.71321339999997 ], [ -39.6452609, -6.71235679999995 ], [ -39.645375699999903, -6.71161579999995 ], [ -39.6467837, -6.71036019999997 ], [ -39.646666, -6.70956349999994 ], [ -39.6469860999999, -6.70678709999993 ], [ -39.646529, -6.70397889999998 ], [ -39.6465701, -6.70340719999996 ], [ -39.647567299999899, -6.70283869999997 ], [ -39.648153099999902, -6.70181129999997 ], [ -39.647861599999899, -6.69957159999996 ], [ -39.6474378, -6.698678 ], [ -39.6468955, -6.69772169999993 ], [ -39.646659499999899, -6.697153 ], [ -39.6466818, -6.69518309999995 ], [ -39.6481363, -6.69421869999996 ], [ -39.648909699999898, -6.69304379999994 ], [ -39.648900899999902, -6.69121159999997 ], [ -39.648900899999902, -6.689844 ], [ -39.6486418, -6.68838519999997 ], [ -39.6473162999999, -6.68624489999996 ], [ -39.6471144, -6.68490009999994 ], [ -39.6485668, -6.68209419999994 ], [ -39.6491523, -6.68083789999997 ], [ -39.64948, -6.68031919999993 ], [ -39.649174899999899, -6.67837579999997 ], [ -39.649197199999897, -6.67710729999993 ], [ -39.6491981, -6.67621569999994 ], [ -39.649530399999897, -6.67567089999994 ], [ -39.6501777, -6.67524749999995 ], [ -39.6508185, -6.674398 ], [ -39.6511626, -6.67430719999993 ], [ -39.651698399999901, -6.67411279999993 ], [ -39.651936, -6.67388279999994 ], [ -39.6522886999999, -6.67355439999994 ], [ -39.6527565, -6.67319969999994 ], [ -39.653813199999902, -6.67319639999994 ], [ -39.6543434, -6.67319949999995 ], [ -39.6549889, -6.67355079999993 ], [ -39.6556461, -6.67336219999993 ], [ -39.6570098, -6.67000089999993 ], [ -39.6571832999999, -6.66846209999994 ], [ -39.6564777, -6.66789219999993 ], [ -39.6557711, -6.66715319999997 ], [ -39.655477699999899, -6.66624269999994 ], [ -39.6548316, -6.66550279999996 ], [ -39.6543184, -6.66376219999995 ], [ -39.6554735, -6.66310759999993 ], [ -39.6561239, -6.66186749999997 ], [ -39.6570361, -6.65934519999996 ], [ -39.6572219, -6.65779549999996 ], [ -39.656938399999902, -6.65644609999993 ], [ -39.6566936, -6.65326959999993 ], [ -39.6579639, -6.65075179999997 ], [ -39.659511199999898, -6.64901249999997 ], [ -39.661434299999897, -6.64739379999997 ], [ -39.663673699999897, -6.64496569999994 ], [ -39.6635188, -6.64362809999994 ], [ -39.6637282, -6.64214449999997 ], [ -39.664265999999898, -6.63955409999994 ], [ -39.6657878, -6.63728959999997 ], [ -39.6661401, -6.63735959999997 ], [ -39.669050599999899, -6.63935659999993 ], [ -39.669739, -6.63994269999995 ], [ -39.6723703, -6.64043849999996 ], [ -39.674351499999901, -6.64043759999993 ], [ -39.675818999999898, -6.641287 ], [ -39.679093, -6.64101449999993 ], [ -39.680509599999901, -6.64070619999995 ], [ -39.6810267, -6.64077849999995 ], [ -39.681074599999903, -6.64082629999996 ], [ -39.6812184, -6.64094569999997 ], [ -39.6814103, -6.64125659999996 ], [ -39.6817695, -6.64139969999997 ], [ -39.6821765, -6.641447 ], [ -39.682296, -6.64135109999995 ], [ -39.6826548, -6.64115909999992 ], [ -39.6832052, -6.64108659999994 ], [ -39.682989099999901, -6.64056039999997 ], [ -39.6829887, -6.64027319999997 ], [ -39.683036399999899, -6.64017739999997 ], [ -39.683275599999902, -6.64003339999994 ], [ -39.6835148, -6.63998519999996 ], [ -39.683634299999902, -6.63981749999994 ], [ -39.6836340999999, -6.63967389999993 ], [ -39.6835621, -6.63953049999998 ], [ -39.6835402, -6.63924829999996 ], [ -39.6835133, -6.63883649999997 ], [ -39.683512999999898, -6.63866889999997 ], [ -39.6837520999999, -6.63847709999993 ], [ -39.683775899999901, -6.63838139999996 ], [ -39.6837755, -6.63809419999995 ], [ -39.683775099999899, -6.63778309999998 ], [ -39.6838223, -6.63728039999995 ], [ -39.6839179, -6.63718449999993 ], [ -39.684277, -6.63723189999996 ], [ -39.6849233, -6.63732679999993 ], [ -39.685378199999903, -6.637374 ], [ -39.685761, -6.63730169999997 ], [ -39.6861918, -6.63722929999994 ], [ -39.686526699999902, -6.63713309999997 ], [ -39.686837899999901, -6.63713259999997 ], [ -39.6877962, -6.63780139999994 ], [ -39.688371199999899, -6.63818359999993 ], [ -39.688587, -6.63842259999996 ], [ -39.688778899999903, -6.63873339999998 ], [ -39.689018599999898, -6.63897239999994 ], [ -39.689146299999898, -6.63916369999993 ], [ -39.6896636, -6.63941429999994 ], [ -39.6899438, -6.639536 ], [ -39.690209599999903, -6.63957869999996 ], [ -39.6906261, -6.63959249999994 ], [ -39.6910712, -6.63954879999994 ], [ -39.6915451, -6.63951219999996 ], [ -39.691796399999902, -6.63953339999995 ], [ -39.6920193, -6.63975559999994 ], [ -39.6922708, -6.63987019999996 ], [ -39.692579899999899, -6.64009949999996 ], [ -39.692781099999898, -6.64023559999993 ], [ -39.693032699999897, -6.640422 ], [ -39.6934067, -6.64082349999995 ], [ -39.693629499999901, -6.64100269999994 ], [ -39.6937301, -6.64106 ], [ -39.693845, -6.641067 ], [ -39.6940605, -6.64107389999998 ], [ -39.6943046, -6.64107349999995 ], [ -39.6946564, -6.64105869999997 ], [ -39.6948862, -6.64105839999996 ], [ -39.6951233, -6.64117289999996 ], [ -39.695741199999901, -6.64144489999995 ], [ -39.6963233, -6.64176 ], [ -39.6979046, -6.64289929999995 ], [ -39.6986955, -6.64363059999994 ], [ -39.6999316, -6.64434679999994 ], [ -39.700880299999902, -6.64490549999994 ], [ -39.701757, -6.64539249999996 ], [ -39.701814199999902, -6.64521769999993 ], [ -39.701849799999898, -6.64502619999996 ], [ -39.7018975, -6.64487049999997 ], [ -39.7018973, -6.64475089999996 ], [ -39.7018851999999, -6.64463119999994 ], [ -39.7018851, -6.64457139999996 ], [ -39.701980799999902, -6.64455929999997 ], [ -39.7021124, -6.64455909999998 ], [ -39.7022082, -6.644559 ], [ -39.7022799, -6.644523 ], [ -39.7024354, -6.64446289999995 ], [ -39.702507, -6.64427139999998 ], [ -39.7025427, -6.64416359999996 ], [ -39.7025067, -6.64411579999995 ], [ -39.7024345, -6.64381669999995 ], [ -39.7024463, -6.64367309999994 ], [ -39.7025419, -6.64360119999998 ], [ -39.7026974, -6.64354349999996 ], [ -39.7027547, -6.64345009999994 ], [ -39.702761699999897, -6.64329929999997 ], [ -39.7027615, -6.64316289999994 ], [ -39.7027757, -6.643048 ], [ -39.702861799999901, -6.64297609999994 ], [ -39.7029264, -6.64296879999995 ], [ -39.7031777, -6.64296849999994 ], [ -39.703328499999898, -6.64293949999995 ], [ -39.7035079, -6.64288179999994 ], [ -39.7035796, -6.64283149999994 ], [ -39.7036297, -6.64268059999995 ], [ -39.7036222999999, -6.64255139999995 ], [ -39.7035862, -6.64243659999994 ], [ -39.7034854999999, -6.64231469999993 ], [ -39.703377799999899, -6.64230049999998 ], [ -39.7031195, -6.64243009999996 ], [ -39.703083499999899, -6.64235109999993 ], [ -39.7030402, -6.64217889999998 ], [ -39.7030865, -6.64195739999997 ], [ -39.703110299999899, -6.64187359999994 ], [ -39.7031221, -6.641754 ], [ -39.703097899999896, -6.64155649999998 ], [ -39.703097699999901, -6.64142489999995 ], [ -39.7030976, -6.64131119999996 ], [ -39.7031752, -6.64120939999998 ], [ -39.703217, -6.64117349999998 ], [ -39.703240999999899, -6.64117339999996 ], [ -39.703300899999903, -6.64120919999993 ], [ -39.7034027, -6.64129289999994 ], [ -39.703510499999901, -6.64131659999993 ], [ -39.703713799999903, -6.64122059999994 ], [ -39.7037915, -6.64117259999995 ], [ -39.7039948, -6.64108859999993 ], [ -39.7041682, -6.64100459999997 ], [ -39.704251999999897, -6.64097449999997 ], [ -39.7043775, -6.64090849999997 ], [ -39.7044552999999, -6.64089049999995 ], [ -39.704533, -6.64085449999993 ], [ -39.704629, -6.640986 ], [ -39.7046291, -6.64105179999996 ], [ -39.7046472, -6.64115949999996 ], [ -39.7046472, -6.64120729999996 ], [ -39.7046892, -6.641285 ], [ -39.704743199999903, -6.64136269999995 ], [ -39.704839, -6.64143439999998 ], [ -39.7049527, -6.64141629999995 ], [ -39.705030399999899, -6.64133839999994 ], [ -39.7050302, -6.64118879999995 ], [ -39.7050958, -6.64105109999997 ], [ -39.705167399999901, -6.64090739999995 ], [ -39.7053587, -6.64078749999993 ], [ -39.705478, -6.64053 ], [ -39.7055796, -6.640415 ], [ -39.705722799999897, -6.640118 ], [ -39.705722299999898, -6.63980209999994 ], [ -39.7055682, -6.63931349999996 ], [ -39.705500599999901, -6.638759 ], [ -39.7058066, -6.63848089999993 ], [ -39.7064185, -6.637877 ], [ -39.707222199999897, -6.63755029999993 ], [ -39.708044599999901, -6.63683119999996 ], [ -39.7091829, -6.63612109999997 ], [ -39.7095947, -6.63621629999994 ], [ -39.7106095, -6.63621479999995 ], [ -39.7118441, -6.63588759999993 ], [ -39.7122171, -6.63562859999996 ], [ -39.7125523, -6.63571419999994 ], [ -39.7128084, -6.63569949999993 ], [ -39.7129279, -6.63554379999994 ], [ -39.713011299999899, -6.63535219999994 ], [ -39.713059, -6.63518459999995 ], [ -39.7131305999999, -6.63502889999995 ], [ -39.7132262, -6.634957 ], [ -39.7133458, -6.63492089999994 ], [ -39.7135852, -6.63492059999993 ], [ -39.713693, -6.63501609999997 ], [ -39.713824799999898, -6.63513559999996 ], [ -39.713837, -6.63527919999996 ], [ -39.713861199999897, -6.63548259999993 ], [ -39.7139215999999, -6.63582949999994 ], [ -39.7141492, -6.63600869999993 ], [ -39.7143768, -6.636152 ], [ -39.7148917, -6.63639059999997 ], [ -39.715143, -6.63637819999997 ], [ -39.715837, -6.63628149999994 ], [ -39.716663, -6.63641189999993 ], [ -39.7169024, -6.63647139999995 ], [ -39.7170222, -6.63659089999993 ], [ -39.7171901, -6.63678209999995 ], [ -39.7172383, -6.63705729999998 ], [ -39.7173222, -6.63715289999993 ], [ -39.7174659, -6.63717659999998 ], [ -39.7176931, -6.63706859999996 ], [ -39.7180164, -6.63719969999994 ], [ -39.718998199999902, -6.63804439999996 ], [ -39.7190115, -6.63840689999995 ], [ -39.718999799999899, -6.63863429999998 ], [ -39.7190241, -6.63888549999996 ], [ -39.7191561, -6.63912469999997 ], [ -39.719372, -6.63941159999996 ], [ -39.7199585, -6.63947049999996 ], [ -39.720593, -6.63966109999996 ], [ -39.7209162, -6.63972039999993 ], [ -39.7211078999999, -6.63983979999995 ], [ -39.7215269, -6.639923 ], [ -39.7217304, -6.63994659999997 ], [ -39.721943699999898, -6.63982689999995 ], [ -39.7222563, -6.639551 ], [ -39.7224355, -6.63927549999994 ], [ -39.7225427, -6.63897619999995 ], [ -39.7227569, -6.638638 ], [ -39.722887199999903, -6.63776429999996 ], [ -39.723030499999901, -6.63753669999994 ], [ -39.723485299999901, -6.637536 ], [ -39.7240241, -6.63773869999994 ], [ -39.7245756, -6.638408 ], [ -39.7250066, -6.638527 ], [ -39.725473899999898, -6.63889729999994 ], [ -39.7263834, -6.63893179999997 ], [ -39.7283116999999, -6.63992219999994 ], [ -39.7295212, -6.64047089999997 ], [ -39.7297359, -6.64053759999996 ], [ -39.730275499999898, -6.64070509999993 ], [ -39.7309577, -6.64076389999997 ], [ -39.7314547, -6.640196 ], [ -39.732402, -6.63979249999994 ], [ -39.7331197, -6.63957609999994 ], [ -39.7342963, -6.63891379999995 ], [ -39.7347162, -6.63891609999996 ], [ -39.735075, -6.63876 ], [ -39.735110099999901, -6.63818559999993 ], [ -39.7352167, -6.63769779999996 ], [ -39.735260799999899, -6.63696329999993 ], [ -39.7353567, -6.63649949999996 ], [ -39.7352256, -6.63605489999998 ], [ -39.7348799, -6.63535179999997 ], [ -39.735008, -6.63459049999994 ], [ -39.735237, -6.63405889999996 ], [ -39.7360836, -6.63361249999997 ], [ -39.737406899999897, -6.63320389999996 ], [ -39.732061799999897, -6.62862389999998 ], [ -39.7307605, -6.62844239999993 ], [ -39.7294783, -6.62803789999998 ], [ -39.7216025, -6.62418609999997 ], [ -39.720998, -6.62397989999994 ], [ -39.7180729, -6.62305649999996 ], [ -39.716956599999897, -6.62285509999998 ], [ -39.7146994, -6.62208139999996 ], [ -39.7118814, -6.62192769999996 ], [ -39.710791, -6.62287389999995 ], [ -39.7004472, -6.61994489999995 ], [ -39.699130099999898, -6.61939629999995 ], [ -39.6970239, -6.61944709999995 ], [ -39.6954919, -6.61925779999996 ], [ -39.6923556, -6.618616 ], [ -39.6887503, -6.61922569999996 ], [ -39.6858571, -6.61971489999996 ], [ -39.6829329, -6.62130009999993 ], [ -39.6802159, -6.62293649999998 ], [ -39.6778836, -6.62284659999995 ], [ -39.677766899999902, -6.62284219999998 ], [ -39.673642, -6.62081959999995 ], [ -39.6697854, -6.61847939999996 ], [ -39.6647804999999, -6.61652359999994 ], [ -39.660925899999903, -6.61546229999993 ], [ -39.6584837999999, -6.61507209999996 ], [ -39.6546286, -6.61366509999993 ], [ -39.6488275, -6.61109169999997 ], [ -39.6469332, -6.610328 ], [ -39.6441025, -6.60876409999997 ], [ -39.639076, -6.60620249999994 ], [ -39.636606099999902, -6.60523959999995 ], [ -39.6336395, -6.60345059999997 ], [ -39.6296975, -6.60137169999996 ], [ -39.6278526, -6.59984229999998 ], [ -39.626466299999898, -6.59778889999995 ], [ -39.622779299999898, -6.59520559999993 ], [ -39.6175049, -6.59303429999994 ], [ -39.614798999999898, -6.59191279999993 ], [ -39.6124040999999, -6.59057549999994 ], [ -39.6102245, -6.58926179999997 ], [ -39.6073271, -6.58804479999998 ], [ -39.6028236, -6.58596109999996 ], [ -39.5998781, -6.58319529999994 ], [ -39.599449299999897, -6.58154649999994 ], [ -39.5990841, -6.57972589999997 ], [ -39.5986043999999, -6.57879309999993 ], [ -39.596161499999901, -6.57736 ], [ -39.593384399999898, -6.57662139999996 ], [ -39.591157, -6.57516409999994 ], [ -39.5899595, -6.57444749999996 ], [ -39.5863924, -6.57349439999996 ], [ -39.5845259, -6.57366409999997 ], [ -39.5837308, -6.574977 ], [ -39.5845184, -6.57628229999995 ], [ -39.584744199999903, -6.57758819999998 ], [ -39.5838474, -6.57802249999997 ], [ -39.5821129, -6.57725689999995 ], [ -39.5801971, -6.57630179999995 ], [ -39.5780902, -6.57551439999997 ], [ -39.5756716, -6.57429659999997 ], [ -39.574115, -6.57350859999997 ], [ -39.5690754, -6.57176449999997 ], [ -39.569057299999898, -6.57175689999997 ], [ -39.5667645999999, -6.57078859999996 ], [ -39.5625261, -6.56856749999997 ], [ -39.55994, -6.56734979999993 ], [ -39.5525425, -6.56515619999993 ], [ -39.5489272, -6.56379589999995 ], [ -39.545790899999901, -6.56272229999996 ], [ -39.538849, -6.55972459999998 ], [ -39.537516799999899, -6.55899869999996 ], [ -39.536262599999901, -6.55764959999993 ], [ -39.5325659, -6.55177289999995 ], [ -39.5280561, -6.54921709999996 ], [ -39.5266531, -6.547521 ], [ -39.524022, -6.54547529999996 ], [ -39.5181866, -6.54218219999996 ], [ -39.5170952, -6.54122539999997 ], [ -39.5166095, -6.53968579999997 ], [ -39.5168197, -6.53810489999995 ], [ -39.5173778, -6.53631959999996 ], [ -39.5172587, -6.53483619999997 ], [ -39.5133936, -6.52821909999994 ], [ -39.5128601, -6.52718619999996 ], [ -39.5118421, -6.52521559999997 ], [ -39.5089039, -6.52306339999996 ], [ -39.506346999999899, -6.522099 ], [ -39.5056395, -6.522046 ], [ -39.5052087, -6.521989 ], [ -39.5041315, -6.5216 ], [ -39.502886799999899, -6.52126619999996 ], [ -39.502063, -6.52072029999994 ], [ -39.5016848, -6.52057329999997 ], [ -39.501598499999901, -6.52047759999994 ], [ -39.501339899999898, -6.52035339999998 ], [ -39.5008516, -6.52018159999994 ], [ -39.500392, -6.52008629999995 ], [ -39.5000474, -6.52004839999995 ], [ -39.499741099999902, -6.52003909999996 ], [ -39.499434699999902, -6.51993409999994 ], [ -39.4991474, -6.51983859999996 ], [ -39.4988888, -6.51971439999994 ], [ -39.4983812, -6.51938469999993 ], [ -39.4978737, -6.51926069999996 ], [ -39.4973568, -6.51917509999993 ], [ -39.496868499999898, -6.51907979999993 ], [ -39.4965238, -6.51895569999994 ], [ -39.4962748, -6.51881229999998 ], [ -39.4960641, -6.51873589999997 ], [ -39.4955851, -6.51832949999994 ], [ -39.4950104, -6.51797109999995 ], [ -39.4945074, -6.51749289999998 ], [ -39.494075699999897, -6.51646419999997 ], [ -39.4938612, -6.51465309999998 ], [ -39.4937461, -6.51438029999997 ], [ -39.493501799999898, -6.51422259999993 ], [ -39.493243199999903, -6.51405049999994 ], [ -39.4931424, -6.51374909999993 ], [ -39.4930270999999, -6.51331839999995 ], [ -39.492667299999901, -6.512414 ], [ -39.4925666, -6.51224179999997 ], [ -39.4924229, -6.51214139999996 ], [ -39.492308, -6.51208409999998 ], [ -39.4917192999999, -6.51208469999995 ], [ -39.491345899999899, -6.51191269999993 ], [ -39.4910442, -6.511755 ], [ -39.4905271, -6.51149709999993 ], [ -39.4903115, -6.51131059999994 ], [ -39.4899523999999, -6.51109549999995 ], [ -39.4895354, -6.51052149999992 ], [ -39.4892194, -6.51042129999996 ], [ -39.4886306, -6.51026389999993 ], [ -39.488228499999899, -6.51014939999993 ], [ -39.487912499999901, -6.51004919999997 ], [ -39.4876254, -6.51004949999998 ], [ -39.487237799999903, -6.51012169999996 ], [ -39.4862474, -6.51043849999996 ], [ -39.4853716, -6.51051119999994 ], [ -39.484897799999899, -6.51051159999997 ], [ -39.484696799999902, -6.51051179999996 ], [ -39.484553199999901, -6.51056939999995 ], [ -39.4844815, -6.51061259999994 ], [ -39.4843092999999, -6.51068449999997 ], [ -39.483964699999902, -6.51072789999995 ], [ -39.4836346, -6.51081439999996 ], [ -39.483204, -6.51094409999996 ], [ -39.4828451, -6.51100189999994 ], [ -39.4823425, -6.51097359999994 ], [ -39.4819262, -6.51107449999995 ], [ -39.481452499999897, -6.51113239999995 ], [ -39.480002199999902, -6.511062 ], [ -39.4783512, -6.51116409999997 ], [ -39.476513899999901, -6.511769 ], [ -39.475279199999903, -6.51184189999998 ], [ -39.4746762, -6.51191429999994 ], [ -39.474360299999901, -6.51182839999996 ], [ -39.474101699999899, -6.51168509999997 ], [ -39.4738862, -6.51154169999995 ], [ -39.4734122999999, -6.51144159999996 ], [ -39.47324, -6.51144169999998 ], [ -39.472924099999901, -6.51147079999993 ], [ -39.472737499999901, -6.51154269999995 ], [ -39.4726514, -6.51157149999995 ], [ -39.4723499, -6.51155749999998 ], [ -39.472091299999903, -6.51144279999994 ], [ -39.471876, -6.511443 ], [ -39.471746799999899, -6.51145749999995 ], [ -39.471474, -6.51154389999994 ], [ -39.4711583, -6.51165909999997 ], [ -39.4709573, -6.51171669999997 ], [ -39.470885399999901, -6.51158759999993 ], [ -39.470712999999897, -6.51144409999995 ], [ -39.470382599999901, -6.51131519999996 ], [ -39.4700667, -6.51124369999997 ], [ -39.4696503, -6.51122969999994 ], [ -39.4693344, -6.51121559999996 ], [ -39.4686793, -6.51138089999995 ], [ -39.4682392, -6.51157279999995 ], [ -39.467435099999904, -6.51151609999994 ], [ -39.466726499999901, -6.51124869999995 ], [ -39.4662668, -6.510981 ], [ -39.466105899999903, -6.51053949999994 ], [ -39.4656919, -6.51036879999998 ], [ -39.464973799999903, -6.51024469999993 ], [ -39.4642175, -6.50998729999998 ], [ -39.4634631, -6.51014449999997 ], [ -39.4630882, -6.51023719999995 ], [ -39.4623225, -6.51025709999993 ], [ -39.4619395, -6.51012339999994 ], [ -39.461690299999901, -6.50981719999993 ], [ -39.461287899999903, -6.50939639999996 ], [ -39.4606749, -6.50895659999998 ], [ -39.4604155, -6.50847379999993 ], [ -39.4605099, -6.50698979999993 ], [ -39.4581681, -6.50007219999998 ], [ -39.4580136, -6.49921659999995 ], [ -39.4575831, -6.49826 ], [ -39.4567577, -6.49664869999998 ], [ -39.456514, -6.49613419999997 ], [ -39.4560265, -6.49514869999996 ], [ -39.4557113, -6.49460619999996 ], [ -39.455488499999902, -6.49432419999994 ], [ -39.4550161, -6.49401069999993 ], [ -39.454729299999897, -6.49385349999994 ], [ -39.4531246, -6.49357249999997 ], [ -39.4512103, -6.49359329999993 ], [ -39.4484917999999, -6.49344259999998 ], [ -39.446883699999901, -6.49334819999996 ], [ -39.4459265, -6.49334909999993 ], [ -39.444912, -6.49344569999994 ], [ -39.4442612, -6.49350369999996 ], [ -39.443610299999897, -6.49352339999996 ], [ -39.4430934, -6.49344729999996 ], [ -39.4425572, -6.49325629999993 ], [ -39.4421358, -6.49300779999993 ], [ -39.441790899999901, -6.492606 ], [ -39.441407899999902, -6.49241479999995 ], [ -39.4412159, -6.49185969999996 ], [ -39.441234699999903, -6.49143849999996 ], [ -39.441349199999898, -6.490998 ], [ -39.441521, -6.49046169999997 ], [ -39.4417887, -6.49004029999998 ], [ -39.441865, -6.48981039999995 ], [ -39.441864699999897, -6.48940829999998 ], [ -39.4418261, -6.48906369999997 ], [ -39.4418257, -6.48862329999997 ], [ -39.4417870999999, -6.48820209999997 ], [ -39.4415761, -6.48776189999995 ], [ -39.441327, -6.48747489999994 ], [ -39.4410013, -6.48716889999997 ], [ -39.4404074999999, -6.48680559999997 ], [ -39.4399288, -6.48665279999994 ], [ -39.4386843999999, -6.48648159999993 ], [ -39.4383013, -6.48621379999997 ], [ -39.4378224, -6.48590789999997 ], [ -39.437401099999903, -6.48573589999995 ], [ -39.436884, -6.48539169999998 ], [ -39.436385899999898, -6.48502839999998 ], [ -39.436003, -6.484933 ], [ -39.435869, -6.48500969999998 ], [ -39.4355245, -6.48504829999996 ], [ -39.4351607, -6.48499109999995 ], [ -39.434586099999898, -6.484647 ], [ -39.4337623, -6.48378609999997 ], [ -39.4326703999999, -6.48290619999995 ], [ -39.4321532, -6.48252369999994 ], [ -39.431789099999897, -6.48210279999995 ], [ -39.431460699999903, -6.48124149999995 ], [ -39.4315586, -6.48072939999997 ], [ -39.4313804, -6.479705 ], [ -39.4312505, -6.47911629999993 ], [ -39.4309274, -6.47880059999994 ], [ -39.430805099999901, -6.47840579999996 ], [ -39.4306897, -6.47778129999995 ], [ -39.430583899999903, -6.47738879999997 ], [ -39.4306025, -6.47679519999997 ], [ -39.430621099999897, -6.47614419999996 ], [ -39.430716399999902, -6.47562719999996 ], [ -39.4309456, -6.47507169999994 ], [ -39.4310601, -6.47465039999997 ], [ -39.431289499999899, -6.47430549999996 ], [ -39.431519, -6.47401809999997 ], [ -39.4317291999999, -6.47361579999995 ], [ -39.4317096, -6.47309889999997 ], [ -39.4315182, -6.47242269999998 ], [ -39.430808899999903, -6.47185509999997 ], [ -39.4304447, -6.47124269999995 ], [ -39.429811599999901, -6.46961569999996 ], [ -39.429446799999901, -6.46839059999996 ], [ -39.429197499999901, -6.46775889999998 ], [ -39.4287758, -6.467204 ], [ -39.4284885, -6.46695529999994 ], [ -39.428067199999902, -6.46680249999997 ], [ -39.426956899999901, -6.46668859999994 ], [ -39.4261526, -6.46632549999993 ], [ -39.4258015, -6.46606969999993 ], [ -39.425443899999898, -6.46580909999994 ], [ -39.424677899999899, -6.46548419999993 ], [ -39.424084299999897, -6.46523579999996 ], [ -39.4232226, -6.46485359999997 ], [ -39.4225714, -6.46439459999993 ], [ -39.4222455, -6.46391619999997 ], [ -39.421326, -6.463017 ], [ -39.420962, -6.46276839999996 ], [ -39.420674899999902, -6.462692 ], [ -39.4202155, -6.46274989999995 ], [ -39.419947599999901, -6.46284579999997 ], [ -39.4195455999999, -6.46288439999995 ], [ -39.4189522, -6.46284659999998 ], [ -39.418435299999899, -6.46282789999998 ], [ -39.418129, -6.46284729999996 ], [ -39.4180335, -6.463058 ], [ -39.417612399999904, -6.46311579999997 ], [ -39.4173253, -6.463116 ], [ -39.4171531, -6.46317359999995 ], [ -39.4168278, -6.46332709999996 ], [ -39.4165793, -6.46376769999995 ], [ -39.4161391, -6.46392119999996 ], [ -39.4156414999999, -6.463979 ], [ -39.4152204, -6.46401769999994 ], [ -39.4146461, -6.463999 ], [ -39.414397199999897, -6.46399919999993 ], [ -39.4139379, -6.464057 ], [ -39.413689, -6.46409549999993 ], [ -39.4135168, -6.46409569999997 ], [ -39.4133826999999, -6.46403829999997 ], [ -39.413306, -6.46384689999996 ], [ -39.4131528, -6.46375129999996 ], [ -39.4129422, -6.46371319999997 ], [ -39.412482699999899, -6.46369439999995 ], [ -39.4120808, -6.46377129999996 ], [ -39.4118895, -6.46384809999995 ], [ -39.411621599999897, -6.46400149999994 ], [ -39.4116025, -6.46405889999994 ], [ -39.4114711, -6.46434139999997 ], [ -39.4102842, -6.464285 ], [ -39.4094802, -6.46424729999995 ], [ -39.4079869, -6.46401869999994 ], [ -39.4073936, -6.46405749999997 ], [ -39.4066086, -6.463905 ], [ -39.4049428, -6.46340849999996 ], [ -39.4034277, -6.46288809999993 ], [ -39.401565499999897, -6.46184349999993 ], [ -39.4008478, -6.46197569999993 ], [ -39.4001031, -6.46245579999993 ], [ -39.3998677, -6.46316119999994 ], [ -39.3997482, -6.46330489999997 ], [ -39.399616599999902, -6.46340069999997 ], [ -39.3993776, -6.46368809999996 ], [ -39.3992807, -6.46390809999997 ], [ -39.3990788999999, -6.46427469999998 ], [ -39.398828, -6.46464589999994 ], [ -39.398528999999897, -6.46486159999995 ], [ -39.3983736, -6.46495739999995 ], [ -39.3981702, -6.46492169999993 ], [ -39.398269399999897, -6.46534779999996 ], [ -39.398095899999902, -6.46590419999995 ], [ -39.397034699999899, -6.46629879999995 ], [ -39.395738999999899, -6.46640959999996 ], [ -39.3924448, -6.46572559999993 ], [ -39.3906583999999, -6.465452 ], [ -39.3874309, -6.46449189999993 ], [ -39.385919699999903, -6.464494 ], [ -39.385370099999903, -6.46490689999996 ], [ -39.3849605999999, -6.46628219999997 ], [ -39.3852358, -6.46779269999996 ], [ -39.3852367, -6.46903019999996 ], [ -39.3842829, -6.47065009999994 ], [ -39.3812571, -6.47086589999998 ], [ -39.3787568, -6.47134809999994 ], [ -39.376395499999902, -6.47142759999997 ], [ -39.375652, -6.47247479999993 ], [ -39.3750026, -6.47483359999995 ], [ -39.363636, -6.469426 ], [ -39.3590715, -6.46674889999997 ], [ -39.3559036, -6.46570629999997 ], [ -39.3538583, -6.46622789999998 ], [ -39.351435599999903, -6.46902569999997 ], [ -39.3505374, -6.47273069999994 ], [ -39.3508858, -6.47444649999994 ], [ -39.351182999999899, -6.47787559999995 ], [ -39.349901, -6.48102989999995 ], [ -39.349013, -6.48260729999993 ], [ -39.3480752, -6.48526739999994 ], [ -39.3496737, -6.48595019999993 ], [ -39.3521721, -6.48656089999997 ], [ -39.354395399999902, -6.48685339999997 ], [ -39.3554778, -6.48665539999996 ], [ -39.3559754999999, -6.486949 ], [ -39.3552581, -6.48797269999994 ], [ -39.354757699999901, -6.48894909999996 ], [ -39.353640599999899, -6.49008329999998 ], [ -39.3526168, -6.49130889999998 ], [ -39.3523461, -6.49225529999995 ], [ -39.353256499999901, -6.49294569999995 ], [ -39.3543965, -6.49357369999996 ], [ -39.3548122, -6.49448789999997 ], [ -39.3547335, -6.49565039999993 ], [ -39.3536968, -6.49670859999998 ], [ -39.353280299999902, -6.49734659999996 ], [ -39.353089, -6.49800619999996 ], [ -39.352783, -6.50011869999997 ], [ -39.3531245, -6.50210949999996 ], [ -39.3535638, -6.50306619999998 ], [ -39.354523599999901, -6.50470829999995 ], [ -39.357474599999897, -6.50698039999997 ], [ -39.3586685, -6.50817449999994 ], [ -39.3587621, -6.50881749999996 ], [ -39.357994899999902, -6.50973809999994 ], [ -39.3560085, -6.51212579999998 ], [ -39.3546185, -6.51361209999993 ], [ -39.3532253, -6.51575249999996 ], [ -39.351117, -6.51698329999994 ], [ -39.3491147, -6.51859849999994 ], [ -39.348561399999902, -6.52018829999997 ], [ -39.347426799999901, -6.52091639999998 ], [ -39.345278699999902, -6.52100649999994 ], [ -39.344289199999899, -6.52240749999993 ], [ -39.3448389, -6.523376 ], [ -39.34531, -6.52447379999995 ], [ -39.344617099999901, -6.52569369999998 ], [ -39.3444564, -6.527475 ], [ -39.3438083, -6.52944649999995 ], [ -39.3425852, -6.53166549999997 ], [ -39.3423964, -6.53339339999997 ], [ -39.342421499999901, -6.53441919999995 ], [ -39.3420047, -6.53471339999993 ], [ -39.3405197, -6.53496049999995 ], [ -39.3345037, -6.53452039999996 ], [ -39.3328112, -6.53422659999995 ], [ -39.328752, -6.53326129999994 ], [ -39.3254213, -6.53272169999997 ], [ -39.3223704, -6.531269 ], [ -39.3188675, -6.530145 ], [ -39.3157876, -6.52995789999994 ], [ -39.3150841, -6.52988139999997 ], [ -39.311477399999902, -6.52948929999997 ], [ -39.305561, -6.52929569999998 ], [ -39.302256699999901, -6.52902809999995 ], [ -39.3008895, -6.52812069999993 ], [ -39.2991160999999, -6.52723069999996 ], [ -39.2968074999999, -6.52669379999998 ], [ -39.2933341, -6.52612959999993 ], [ -39.290201399999901, -6.52531459999994 ], [ -39.2858378, -6.52480679999996 ], [ -39.2832285, -6.52499469999998 ], [ -39.2818945, -6.52528039999993 ], [ -39.281319499999903, -6.52576369999997 ], [ -39.2836343, -6.52767659999995 ], [ -39.285344699999897, -6.52930209999994 ], [ -39.2867136, -6.53152849999998 ], [ -39.288084399999903, -6.534009 ], [ -39.287660199999898, -6.53726039999998 ], [ -39.2896312, -6.546717 ], [ -39.291512899999901, -6.54722969999995 ], [ -39.2939939, -6.54864029999993 ], [ -39.294338099999898, -6.54932669999994 ], [ -39.2940824, -6.55146719999993 ], [ -39.2957362, -6.557668 ], [ -39.2969313, -6.55999119999996 ], [ -39.297297699999902, -6.56072309999996 ], [ -39.2984225, -6.56168269999995 ], [ -39.294991599999904, -6.56594319999994 ], [ -39.294924599999902, -6.56708549999996 ], [ -39.2962304, -6.56953169999997 ], [ -39.296916699999898, -6.57055889999998 ], [ -39.2982842, -6.57179919999993 ], [ -39.3000827, -6.57505289999995 ], [ -39.3045309, -6.57727189999997 ], [ -39.3063275, -6.57890089999995 ], [ -39.3079536, -6.57988139999998 ], [ -39.3083839, -6.58373379999995 ], [ -39.309068099999898, -6.58424719999994 ], [ -39.3107792, -6.58373059999997 ], [ -39.3118919, -6.58372989999998 ], [ -39.312831399999901, -6.58454339999997 ], [ -39.312492099999901, -6.58745279999994 ], [ -39.312408699999899, -6.59147659999996 ], [ -39.3119032, -6.59731669999996 ], [ -39.3118324, -6.59884849999997 ], [ -39.311857099999898, -6.60014089999993 ], [ -39.3113316, -6.60172089999998 ], [ -39.311236699999903, -6.60310919999995 ], [ -39.3109979, -6.60392309999997 ], [ -39.310783199999896, -6.60514389999997 ], [ -39.3106877, -6.60559869999997 ], [ -39.3105206, -6.60617319999994 ], [ -39.3086284, -6.60918869999995 ], [ -39.307839, -6.60990719999995 ], [ -39.3057059, -6.61026289999995 ], [ -39.304080999999897, -6.60967019999993 ], [ -39.3022314, -6.60849469999994 ], [ -39.299316, -6.60753739999996 ], [ -39.2964426, -6.60750079999997 ], [ -39.2952998, -6.60851289999994 ], [ -39.2942275, -6.61205819999998 ], [ -39.2928974, -6.61454209999994 ], [ -39.2908955, -6.61789389999996 ], [ -39.2856164, -6.62340059999997 ], [ -39.282588, -6.62573259999994 ], [ -39.280279699999902, -6.62811839999995 ], [ -39.2794507, -6.62920709999997 ], [ -39.2802285, -6.63040529999995 ], [ -39.2811442, -6.63068339999995 ], [ -39.2828377, -6.63212619999996 ], [ -39.2834546, -6.63354609999993 ], [ -39.2831406, -6.63494659999998 ], [ -39.2816395, -6.63784669999995 ], [ -39.2810588, -6.64121119999993 ], [ -39.281171599999901, -6.64376209999995 ], [ -39.280667999999899, -6.64603559999995 ], [ -39.281225699999901, -6.64822989999993 ], [ -39.282502899999898, -6.64936349999994 ], [ -39.2844749, -6.65056009999995 ], [ -39.2883621, -6.65456879999994 ], [ -39.2894524, -6.65622 ], [ -39.2896114, -6.65739229999997 ], [ -39.2896779, -6.65788219999996 ], [ -39.2897259, -6.65823529999994 ], [ -39.2892818, -6.66005379999996 ], [ -39.2896676, -6.66220289999995 ], [ -39.2908378, -6.66449809999995 ], [ -39.2912509, -6.66693669999995 ], [ -39.2911177, -6.66957729999996 ], [ -39.290506999999899, -6.67271119999998 ], [ -39.2904502, -6.67454209999994 ], [ -39.2923872, -6.67592949999994 ], [ -39.294697, -6.67741529999995 ], [ -39.2972854, -6.67940319999997 ], [ -39.300446099999903, -6.68076549999995 ], [ -39.3024579, -6.68234389999998 ], [ -39.3054031, -6.68352679999998 ], [ -39.3080418, -6.68541469999997 ], [ -39.3106399, -6.68628409999997 ], [ -39.3132231, -6.68636839999994 ], [ -39.3146007, -6.68430149999995 ], [ -39.3166699, -6.68429829999997 ], [ -39.316841899999901, -6.68584859999993 ], [ -39.3161539, -6.68808979999994 ], [ -39.3154666, -6.68852259999994 ], [ -39.3164997, -6.69110729999994 ], [ -39.318569599999897, -6.69213989999997 ], [ -39.3196045, -6.69334689999994 ], [ -39.3184016, -6.69679419999994 ], [ -39.3187493, -6.70274079999996 ], [ -39.3220241, -6.70601509999995 ], [ -39.329269699999898, -6.71652709999995 ], [ -39.331683499999897, -6.72005879999995 ], [ -39.334443099999902, -6.72246949999993 ], [ -39.3363393999999, -6.72479659999993 ], [ -39.3346174, -6.72600179999995 ], [ -39.3344465, -6.727557 ], [ -39.335309, -6.72910769999993 ], [ -39.329796799999897, -6.73074779999996 ], [ -39.3292582999999, -6.73182649999995 ], [ -39.3285898, -6.73398579999997 ], [ -39.3284967, -6.73432589999993 ] ] ] ] } },
{ "type": "Feature", "properties": { "CD_MUN": "2310902", "NM_MUN": "Piquet Carneiro", "CD_RGI": "230009", "NM_RGI": "Iguatu", "CD_RGINT": "2303", "NM_RGINT": "Iguatu", "CD_UF": "23", "NM_UF": "Ceará", "SIGLA_UF": "CE", "CD_REGIAO": "2", "NM_REGIAO": "Nordeste", "SIGLA_RG": "NE", "CD_CONCURB": null, "NM_CONCURB": null, "AREA_KM2": 589.601 }, "geometry": { "type": "MultiPolygon", "coordinates": [ [ [ [ -39.4071433, -5.97592409999993 ], [ -39.4110424, -5.97597749999994 ], [ -39.412951, -5.97643739999995 ], [ -39.4135373, -5.97753059999997 ], [ -39.4141799, -5.98012729999994 ], [ -39.4141734, -5.98239429999995 ], [ -39.414678299999899, -5.984213 ], [ -39.4152991999999, -5.98563889999997 ], [ -39.421395399999902, -5.98711639999993 ], [ -39.422633699999899, -5.98715 ], [ -39.4250713, -5.98629379999994 ], [ -39.427174599999901, -5.98612019999996 ], [ -39.430928499999901, -5.98456059999995 ], [ -39.433227, -5.98442669999997 ], [ -39.4366156, -5.98475329999997 ], [ -39.4392336, -5.98418849999996 ], [ -39.440125, -5.98365949999993 ], [ -39.4408417, -5.982843 ], [ -39.4413443, -5.98197959999993 ], [ -39.4424576, -5.98098359999994 ], [ -39.4480108999999, -5.98005819999997 ], [ -39.449374299999903, -5.980058 ], [ -39.4507841, -5.98040059999994 ], [ -39.4522876999999, -5.980545 ], [ -39.454497699999898, -5.98044279999993 ], [ -39.4572606999999, -5.98046219999998 ], [ -39.458924399999901, -5.98077469999993 ], [ -39.462873, -5.98114949999996 ], [ -39.4653747, -5.98083529999997 ], [ -39.4674527, -5.98179059999995 ], [ -39.4687334, -5.98327219999993 ], [ -39.4703162, -5.98413649999998 ], [ -39.4730671, -5.98475839999998 ], [ -39.474344, -5.98494 ], [ -39.4757402, -5.98591939999994 ], [ -39.477499599999902, -5.987062 ], [ -39.4793035, -5.98781659999997 ], [ -39.481305099999901, -5.98797309999998 ], [ -39.4829367, -5.98687049999995 ], [ -39.4868069, -5.98385129999997 ], [ -39.4877152, -5.98370689999996 ], [ -39.4893206, -5.98443929999996 ], [ -39.490430199999899, -5.985483 ], [ -39.491955699999899, -5.98584619999997 ], [ -39.493008, -5.98552859999995 ], [ -39.4951493, -5.98437609999996 ], [ -39.4956756, -5.98393869999995 ], [ -39.496634099999902, -5.98340749999994 ], [ -39.4976013, -5.98226979999993 ], [ -39.498747599999902, -5.98102409999996 ], [ -39.5000138, -5.98023229999995 ], [ -39.5023198, -5.98050149999995 ], [ -39.505956599999898, -5.98065649999995 ], [ -39.5067622, -5.98129079999995 ], [ -39.5080732, -5.98324439999993 ], [ -39.508685899999897, -5.98345169999993 ], [ -39.5095703, -5.98336869999997 ], [ -39.5102299, -5.98317659999998 ], [ -39.5114156, -5.98314679999993 ], [ -39.5118816, -5.983287 ], [ -39.5126495, -5.98352859999994 ], [ -39.5137409, -5.98339339999995 ], [ -39.514753, -5.98326809999998 ], [ -39.5182316, -5.98317069999996 ], [ -39.5203155, -5.98262509999995 ], [ -39.5221814, -5.98179739999995 ], [ -39.523538099999897, -5.981351 ], [ -39.5254618, -5.98149479999995 ], [ -39.5275154, -5.98136529999994 ], [ -39.5283787, -5.98081809999996 ], [ -39.5295714, -5.97810409999994 ], [ -39.5301292, -5.97751189999997 ], [ -39.5309604999999, -5.97751569999997 ], [ -39.532304199999899, -5.97795989999997 ], [ -39.533882499999898, -5.97856869999993 ], [ -39.535712499999903, -5.97978759999995 ], [ -39.5368973, -5.98133009999998 ], [ -39.538189499999902, -5.98258539999995 ], [ -39.5406667, -5.98559869999997 ], [ -39.543155899999903, -5.98908609999995 ], [ -39.5436506, -5.99053659999993 ], [ -39.546245499999898, -5.99904459999993 ], [ -39.5466792, -6.00249069999995 ], [ -39.5472104, -6.00664029999996 ], [ -39.547763599999897, -6.00785639999998 ], [ -39.548848, -6.00986529999994 ], [ -39.5501022, -6.01165879999996 ], [ -39.5506584, -6.011965 ], [ -39.551206099999902, -6.01226649999995 ], [ -39.55224, -6.01246889999993 ], [ -39.5545476, -6.012359 ], [ -39.5563943, -6.01215169999995 ], [ -39.5583492, -6.01174 ], [ -39.559651899999899, -6.01131679999997 ], [ -39.5600726, -6.01118009999993 ], [ -39.561159099999898, -6.00976239999994 ], [ -39.5614292, -6.00878509999995 ], [ -39.5622347, -6.00132409999998 ], [ -39.5622605, -6.00000069999993 ], [ -39.563101399999901, -5.99533029999998 ], [ -39.5636873999999, -5.99401439999997 ], [ -39.564438799999898, -5.99192579999993 ], [ -39.564756799999898, -5.99056549999995 ], [ -39.5650692, -5.98993509999997 ], [ -39.566014, -5.98880159999993 ], [ -39.5670962, -5.98681119999998 ], [ -39.5675995, -5.98327379999995 ], [ -39.5673811, -5.98091039999997 ], [ -39.5675161, -5.975195 ], [ -39.5654579, -5.96633849999995 ], [ -39.5658022, -5.962608 ], [ -39.565661, -5.96217119999994 ], [ -39.565387, -5.96174489999993 ], [ -39.5640768, -5.959771 ], [ -39.5631673, -5.95864549999993 ], [ -39.5617781999999, -5.95603959999994 ], [ -39.5615381, -5.95501069999995 ], [ -39.5609393, -5.95388639999993 ], [ -39.562203899999901, -5.95156349999996 ], [ -39.562322499999901, -5.95063 ], [ -39.562128899999898, -5.94828459999997 ], [ -39.561816099999902, -5.94629839999993 ], [ -39.561836899999903, -5.94328269999994 ], [ -39.561486699999897, -5.93847039999997 ], [ -39.5611934, -5.93797409999996 ], [ -39.560050499999903, -5.93621469999994 ], [ -39.559293599999897, -5.93475069999994 ], [ -39.558987199999898, -5.93392519999998 ], [ -39.5595334, -5.93318589999996 ], [ -39.5599902, -5.932141 ], [ -39.559941799999898, -5.93040059999993 ], [ -39.558581699999898, -5.92714149999995 ], [ -39.5573954, -5.92409209999994 ], [ -39.556628499999903, -5.92205849999993 ], [ -39.555649, -5.92000459999997 ], [ -39.5548795, -5.91951629999994 ], [ -39.5541775, -5.918157 ], [ -39.553738399999901, -5.91622039999993 ], [ -39.5523575, -5.91314529999994 ], [ -39.5522179, -5.90993729999997 ], [ -39.552073699999902, -5.90880359999994 ], [ -39.5513549, -5.90698529999997 ], [ -39.550355599999897, -5.90451369999994 ], [ -39.5508240999999, -5.90198359999994 ], [ -39.5517756, -5.900329 ], [ -39.552040299999902, -5.899206 ], [ -39.552398, -5.89827219999995 ], [ -39.553081099999901, -5.89759549999997 ], [ -39.5537696, -5.89731889999996 ], [ -39.554072399999903, -5.89687289999995 ], [ -39.553932, -5.89637629999993 ], [ -39.553282599999903, -5.89564669999993 ], [ -39.552374299999897, -5.89460329999997 ], [ -39.552119499999897, -5.89403059999995 ], [ -39.552048, -5.89349239999996 ], [ -39.5525888, -5.88649459999993 ], [ -39.5523631, -5.88586659999993 ], [ -39.5523355999999, -5.88579009999995 ], [ -39.552189199999901, -5.88538279999995 ], [ -39.5517894, -5.88413669999994 ], [ -39.551034199999897, -5.88343089999995 ], [ -39.550397599999897, -5.88276079999997 ], [ -39.5497096, -5.88153889999995 ], [ -39.548901999999899, -5.8794 ], [ -39.548551, -5.877833 ], [ -39.5486112, -5.87678689999996 ], [ -39.548419399999901, -5.87545659999995 ], [ -39.5479157, -5.87409179999997 ], [ -39.547447, -5.871781 ], [ -39.5468756, -5.86832589999995 ], [ -39.5462659, -5.86243789999997 ], [ -39.546572, -5.86206189999996 ], [ -39.5475139, -5.86189749999994 ], [ -39.548284899999899, -5.86141279999993 ], [ -39.5486807999999, -5.86090729999995 ], [ -39.548841099999898, -5.86010949999996 ], [ -39.5488912, -5.85934879999996 ], [ -39.5487651, -5.85581029999997 ], [ -39.5494674, -5.85440019999993 ], [ -39.5502931, -5.85332959999994 ], [ -39.5514922, -5.85279349999996 ], [ -39.5529756, -5.85245239999995 ], [ -39.5544085, -5.85251889999995 ], [ -39.5554000999999, -5.85219519999993 ], [ -39.5562045, -5.85111609999996 ], [ -39.556542599999901, -5.85008839999995 ], [ -39.556643699999903, -5.84932419999996 ], [ -39.5559421, -5.84495319999996 ], [ -39.5550383, -5.84154479999995 ], [ -39.5534951, -5.83871689999995 ], [ -39.5536245, -5.837519 ], [ -39.5535285, -5.83694779999996 ], [ -39.553544, -5.835411 ], [ -39.553084899999902, -5.83421429999993 ], [ -39.5526311, -5.83360829999998 ], [ -39.5512608, -5.833144 ], [ -39.5502129, -5.83238279999995 ], [ -39.549671799999899, -5.83152829999995 ], [ -39.549388, -5.83024949999998 ], [ -39.549517299999899, -5.82933549999996 ], [ -39.549334499999901, -5.82876259999995 ], [ -39.549147499999897, -5.82832959999996 ], [ -39.5484284, -5.827452 ], [ -39.547666499999899, -5.82644019999998 ], [ -39.5470134, -5.82566779999996 ], [ -39.546295299999898, -5.82511319999998 ], [ -39.5457514, -5.82483059999993 ], [ -39.5447104, -5.82462039999996 ], [ -39.530492599999903, -5.79217089999997 ], [ -39.5074791, -5.73964729999994 ], [ -39.506808099999901, -5.73811579999995 ], [ -39.5044943, -5.73283489999994 ], [ -39.504153899999899, -5.732058 ], [ -39.5032442, -5.72998179999996 ], [ -39.5031754, -5.72971719999993 ], [ -39.5031561, -5.72882849999996 ], [ -39.503262699999901, -5.72782319999993 ], [ -39.5032619, -5.72688979999998 ], [ -39.5028785, -5.72569339999995 ], [ -39.5024956, -5.72496369999993 ], [ -39.501766099999898, -5.72421039999995 ], [ -39.5010131, -5.72376829999996 ], [ -39.4999854, -5.72361359999996 ], [ -39.4988384, -5.72351889999993 ], [ -39.4978947, -5.72373509999994 ], [ -39.497214, -5.72403489999994 ], [ -39.4959241, -5.72458649999993 ], [ -39.4943713, -5.72495879999997 ], [ -39.493200499999901, -5.72506749999997 ], [ -39.4917905, -5.72481739999995 ], [ -39.4907982, -5.72412419999995 ], [ -39.490080599999899, -5.72319129999994 ], [ -39.489637899999899, -5.72242579999994 ], [ -39.4891954, -5.72191159999994 ], [ -39.4885616, -5.72127789999996 ], [ -39.4881786, -5.72044049999994 ], [ -39.487759, -5.71876539999994 ], [ -39.4875072, -5.71767659999995 ], [ -39.4871595, -5.71625279999995 ], [ -39.4869912999999, -5.715128 ], [ -39.4865487, -5.71441039999996 ], [ -39.485831399999903, -5.71387239999996 ], [ -39.485042399999898, -5.71328669999997 ], [ -39.484420699999902, -5.71285639999996 ], [ -39.4829267, -5.71205589999994 ], [ -39.4818988, -5.71162589999994 ], [ -39.4813487, -5.71093229999997 ], [ -39.4807503, -5.70970009999996 ], [ -39.4803669, -5.70841989999997 ], [ -39.480150799999898, -5.70713959999995 ], [ -39.480161699999897, -5.70587109999997 ], [ -39.4802923, -5.70496149999997 ], [ -39.480255699999901, -5.70400409999996 ], [ -39.480171299999903, -5.70307069999996 ], [ -39.479656799999901, -5.70217359999998 ], [ -39.4790234, -5.701851 ], [ -39.478533399999897, -5.70173179999995 ], [ -39.477948, -5.70173219999998 ], [ -39.4775418, -5.70172059999993 ], [ -39.476968199999902, -5.70157749999993 ], [ -39.4757792999999, -5.70125529999996 ], [ -39.475283499999897, -5.70114939999996 ], [ -39.475543699999903, -5.70186049999995 ], [ -39.475770899999901, -5.70221929999997 ], [ -39.4759983, -5.70266189999995 ], [ -39.475986599999899, -5.70297309999995 ], [ -39.475903199999898, -5.70322449999998 ], [ -39.4757481, -5.703452 ], [ -39.4756049, -5.70367949999996 ], [ -39.475473599999901, -5.70384709999996 ], [ -39.4752946, -5.70411049999996 ], [ -39.4750438, -5.70424239999994 ], [ -39.4748289, -5.70441009999996 ], [ -39.4746976, -5.70456579999995 ], [ -39.4745662999999, -5.70464969999995 ], [ -39.4740648, -5.705033 ], [ -39.4734915, -5.70526089999993 ], [ -39.4731811, -5.70553639999997 ], [ -39.473038, -5.70576389999997 ], [ -39.4730261999999, -5.70597029999993 ], [ -39.4733491, -5.70641289999998 ], [ -39.4736482, -5.70691519999997 ], [ -39.4737562, -5.70741779999997 ], [ -39.4737565, -5.70783659999995 ], [ -39.4736134, -5.70819579999994 ], [ -39.473350799999899, -5.70844729999993 ], [ -39.4730283, -5.70859119999994 ], [ -39.4728493, -5.70885459999994 ], [ -39.472730399999897, -5.709465 ], [ -39.4726113, -5.70991989999993 ], [ -39.4724563, -5.71036279999993 ], [ -39.4725043, -5.71060209999996 ], [ -39.4726719, -5.710949 ], [ -39.4726242, -5.71112859999994 ], [ -39.472528699999899, -5.71124829999997 ], [ -39.472242, -5.71129639999998 ], [ -39.472062999999899, -5.71145219999994 ], [ -39.4718839, -5.71164379999993 ], [ -39.4717168, -5.71182339999996 ], [ -39.4715376, -5.71187139999995 ], [ -39.4712269, -5.71179989999996 ], [ -39.471179, -5.71164439999995 ], [ -39.4711191, -5.711417 ], [ -39.4710114, -5.71116579999995 ], [ -39.4708439, -5.71095049999997 ], [ -39.4705928999999, -5.71079519999995 ], [ -39.4702194, -5.71065189999996 ], [ -39.4699088, -5.71065209999995 ], [ -39.4695982, -5.71071219999993 ], [ -39.4692519, -5.71088 ], [ -39.4689772, -5.71095209999993 ], [ -39.4687024, -5.71092829999998 ], [ -39.468248199999898, -5.71077309999993 ], [ -39.4679255, -5.71061779999997 ], [ -39.4675669, -5.71036679999997 ], [ -39.46728, -5.71021149999996 ], [ -39.467029, -5.71008 ], [ -39.4668617, -5.70996049999997 ], [ -39.4665629, -5.70988889999995 ], [ -39.4662882, -5.70988909999994 ], [ -39.4660254, -5.710009 ], [ -39.4659061, -5.71020059999995 ], [ -39.465846499999898, -5.71038019999997 ], [ -39.4658347, -5.71057169999995 ], [ -39.465691499999899, -5.71075129999997 ], [ -39.4654525999999, -5.71083519999996 ], [ -39.4652495, -5.71079949999995 ], [ -39.4650225, -5.71083559999994 ], [ -39.4647717, -5.71095549999995 ], [ -39.4646165, -5.71112309999995 ], [ -39.4644733, -5.71131469999995 ], [ -39.4645093, -5.71149419999995 ], [ -39.464617099999899, -5.71176939999998 ], [ -39.464652999999899, -5.71191289999996 ], [ -39.4647727, -5.71215219999993 ], [ -39.464749, -5.71239159999993 ], [ -39.464558, -5.71257119999996 ], [ -39.464355, -5.71278679999995 ], [ -39.4641521, -5.71302629999997 ], [ -39.463925199999899, -5.71315809999993 ], [ -39.4636983, -5.71330189999998 ], [ -39.4634596, -5.71352949999994 ], [ -39.4632923, -5.71352959999996 ], [ -39.463053199999898, -5.71333829999998 ], [ -39.462754399999902, -5.71315909999993 ], [ -39.4625631, -5.71301559999995 ], [ -39.462348, -5.71290809999994 ], [ -39.4621089, -5.71277659999993 ], [ -39.4619653, -5.71245359999995 ], [ -39.461922899999898, -5.71241119999996 ], [ -39.4616425, -5.71213079999995 ], [ -39.4613436, -5.71190359999997 ], [ -39.4609492, -5.71178429999998 ], [ -39.460579, -5.71191619999996 ], [ -39.4602447, -5.71216779999997 ], [ -39.4600657, -5.71253889999997 ], [ -39.460078, -5.712862 ], [ -39.4602455, -5.713197 ], [ -39.4604608, -5.71357979999993 ], [ -39.4606163999999, -5.71386689999997 ], [ -39.460915499999899, -5.71436929999993 ], [ -39.461166799999901, -5.71492249999994 ], [ -39.461537399999898, -5.71522139999996 ], [ -39.4620755, -5.71580739999996 ], [ -39.4623625, -5.71614219999998 ], [ -39.4626974, -5.71657279999994 ], [ -39.4629725, -5.71701539999998 ], [ -39.462996599999897, -5.71726669999993 ], [ -39.4629968, -5.71748209999993 ], [ -39.4629252, -5.71762569999993 ], [ -39.462817899999898, -5.71787709999995 ], [ -39.462806199999903, -5.71810449999998 ], [ -39.4628183, -5.71836779999995 ], [ -39.4628066, -5.71861909999996 ], [ -39.462735, -5.71876279999998 ], [ -39.4625559, -5.71889459999994 ], [ -39.462424499999898, -5.71893059999996 ], [ -39.462197499999903, -5.71897859999996 ], [ -39.4619704999999, -5.718931 ], [ -39.4616837, -5.71882349999993 ], [ -39.4613133, -5.71887159999994 ], [ -39.4610387, -5.71900949999997 ], [ -39.4608835, -5.71926089999994 ], [ -39.460740499999901, -5.71967989999996 ], [ -39.460693, -5.72000309999993 ], [ -39.4607171, -5.72035009999996 ], [ -39.460681599999901, -5.72070909999997 ], [ -39.4607177, -5.72103219999997 ], [ -39.460693999999897, -5.72125959999994 ], [ -39.4604313, -5.72146329999993 ], [ -39.4602641, -5.72158309999998 ], [ -39.4600612, -5.72176279999996 ], [ -39.460049399999903, -5.72200209999994 ], [ -39.4601451, -5.72219349999995 ], [ -39.4602528, -5.722349 ], [ -39.4603963, -5.72251639999996 ], [ -39.4603726, -5.72275579999996 ], [ -39.460325, -5.72299519999996 ], [ -39.460181799999901, -5.72317479999998 ], [ -39.4598951, -5.72330669999997 ], [ -39.4596324, -5.72343849999993 ], [ -39.4595489, -5.72363009999998 ], [ -39.4594895, -5.72397719999998 ], [ -39.459418, -5.72431229999995 ], [ -39.4593944, -5.72459949999995 ], [ -39.4592751, -5.724851 ], [ -39.4590482, -5.72499469999997 ], [ -39.4586899, -5.72512669999998 ], [ -39.458367399999901, -5.72519869999996 ], [ -39.4581403, -5.72519889999995 ], [ -39.457838599999903, -5.72516329999996 ], [ -39.4575756999999, -5.72507969999998 ], [ -39.4573367, -5.72497219999997 ], [ -39.4569782, -5.72490069999998 ], [ -39.4567513, -5.72503249999994 ], [ -39.456656, -5.72536759999997 ], [ -39.4566085, -5.72579849999994 ], [ -39.456597, -5.72628919999994 ], [ -39.456633199999899, -5.72676779999995 ], [ -39.4566574, -5.72714179999997 ], [ -39.4568131, -5.72766819999993 ], [ -39.4567776, -5.72808709999993 ], [ -39.4568616, -5.72847 ], [ -39.4569097, -5.72886489999996 ], [ -39.4570174999999, -5.72921189999994 ], [ -39.4569698, -5.72937939999997 ], [ -39.4568864, -5.72964279999997 ], [ -39.4568389, -5.72998989999996 ], [ -39.456815199999902, -5.73021729999994 ], [ -39.4567676, -5.73048059999996 ], [ -39.4566364, -5.73079179999996 ], [ -39.4565292, -5.731139 ], [ -39.456398099999902, -5.73159379999993 ], [ -39.4563625, -5.73195289999995 ], [ -39.456494099999901, -5.73215619999996 ], [ -39.4566973, -5.73223979999995 ], [ -39.4569124, -5.73232939999997 ], [ -39.4570679, -5.73248489999997 ], [ -39.4571038999999, -5.73274809999998 ], [ -39.457008599999902, -5.73301149999998 ], [ -39.456805599999903, -5.73322709999997 ], [ -39.456507, -5.733347 ], [ -39.456148599999899, -5.73340709999997 ], [ -39.455754399999897, -5.73346719999995 ], [ -39.454954, -5.73356359999997 ], [ -39.454476199999903, -5.73368369999997 ], [ -39.454141799999903, -5.73388739999996 ], [ -39.4540464, -5.73413879999993 ], [ -39.4540345999999, -5.73435419999993 ], [ -39.4540468, -5.73465339999996 ], [ -39.4539513, -5.734797 ], [ -39.453664699999898, -5.734893 ], [ -39.453425799999899, -5.73502479999996 ], [ -39.4532707, -5.73532409999996 ], [ -39.453020299999899, -5.73593469999997 ], [ -39.4526147999999, -5.73684449999996 ], [ -39.452519499999902, -5.73721559999996 ], [ -39.45246, -5.73753869999996 ], [ -39.452711099999902, -5.73780179999994 ], [ -39.453105799999904, -5.73823229999994 ], [ -39.4534240999999, -5.73885459999997 ], [ -39.4540817, -5.73948009999998 ], [ -39.4344955, -5.72854659999996 ], [ -39.406804599999901, -5.74262319999997 ], [ -39.3870729, -5.75265369999994 ], [ -39.385691999999899, -5.75335569999993 ], [ -39.3506451, -5.77117159999995 ], [ -39.3488462, -5.77208609999997 ], [ -39.327835799999903, -5.78276669999997 ], [ -39.327721499999903, -5.78340679999997 ], [ -39.3271121, -5.78530679999994 ], [ -39.3271667, -5.78554279999997 ], [ -39.3274721, -5.78579779999995 ], [ -39.3285187, -5.786212 ], [ -39.3289913999999, -5.78657209999994 ], [ -39.329540999999899, -5.78768519999994 ], [ -39.329196, -5.78877719999997 ], [ -39.327311, -5.79005669999998 ], [ -39.3271152, -5.79074249999996 ], [ -39.3273664, -5.79155109999994 ], [ -39.328587899999903, -5.79284949999993 ], [ -39.3306951, -5.79509719999993 ], [ -39.331783899999898, -5.79678089999993 ], [ -39.334031799999899, -5.79979829999996 ], [ -39.3342097, -5.80137769999993 ], [ -39.3343702, -5.80172149999993 ], [ -39.3350245, -5.80221259999996 ], [ -39.336452999999899, -5.80312879999997 ], [ -39.3371619, -5.80379429999994 ], [ -39.338088899999903, -5.80461249999996 ], [ -39.338437999999897, -5.80507419999998 ], [ -39.3385474, -5.80551839999993 ], [ -39.3382534, -5.80611079999994 ], [ -39.3381773999999, -5.80654469999996 ], [ -39.3385701, -5.80716669999993 ], [ -39.3396149, -5.80762459999994 ], [ -39.3411434, -5.80834419999996 ], [ -39.3419944, -5.80950089999993 ], [ -39.3423882, -5.81190249999997 ], [ -39.3431524, -5.81390519999997 ], [ -39.3439708, -5.81519289999994 ], [ -39.3441783, -5.81596249999996 ], [ -39.3439827, -5.81694849999997 ], [ -39.3416984, -5.81898619999993 ], [ -39.3413518999999, -5.81949119999996 ], [ -39.3414923, -5.820175 ], [ -39.3438249, -5.82374229999994 ], [ -39.3440745999999, -5.82484649999998 ], [ -39.3435954, -5.82552679999998 ], [ -39.3426585, -5.82637859999994 ], [ -39.343052699999902, -5.82841069999995 ], [ -39.343522, -5.82950519999997 ], [ -39.3438818, -5.83003409999998 ], [ -39.3449261, -5.83121959999994 ], [ -39.3450374, -5.83164779999993 ], [ -39.3449778, -5.83220419999998 ], [ -39.3444774, -5.83265989999995 ], [ -39.343948899999901, -5.83286989999993 ], [ -39.3396789, -5.83283729999994 ], [ -39.337479, -5.83342769999996 ], [ -39.335641199999898, -5.83459009999996 ], [ -39.3342294999999, -5.83486689999995 ], [ -39.3327454, -5.83500339999995 ], [ -39.332182499999902, -5.83479749999998 ], [ -39.3314007, -5.83344759999994 ], [ -39.3311284, -5.83318869999994 ], [ -39.3305945, -5.83305529999996 ], [ -39.330153499999902, -5.83314569999993 ], [ -39.3297451, -5.83349219999997 ], [ -39.3288962, -5.83438729999995 ], [ -39.3280794, -5.83462779999996 ], [ -39.3271642999999, -5.83432289999996 ], [ -39.3253445, -5.83336389999994 ], [ -39.322696999999899, -5.83212739999993 ], [ -39.3217146, -5.83184439999997 ], [ -39.3212583, -5.83196719999995 ], [ -39.3210195, -5.83228109999993 ], [ -39.3209653, -5.83274739999996 ], [ -39.321107299999902, -5.83330629999995 ], [ -39.3220234, -5.83529159999995 ], [ -39.322960899999899, -5.83652339999998 ], [ -39.3234628, -5.83803939999996 ], [ -39.3233331, -5.83976309999997 ], [ -39.3236064, -5.843932 ], [ -39.323677099999898, -5.844273 ], [ -39.3240223, -5.84485179999996 ], [ -39.3245779, -5.84515679999993 ], [ -39.325950799999902, -5.84574509999993 ], [ -39.3283044, -5.84704189999997 ], [ -39.329568299999899, -5.84772839999994 ], [ -39.3306142, -5.84803869999996 ], [ -39.3319647, -5.847609 ], [ -39.333075699999902, -5.84742559999995 ], [ -39.3338178999999, -5.84797159999994 ], [ -39.3346941, -5.84936469999997 ], [ -39.336007299999899, -5.84986549999996 ], [ -39.3363616, -5.850348 ], [ -39.3367593, -5.85046769999997 ], [ -39.337445499999902, -5.85037469999997 ], [ -39.3378377, -5.85040709999993 ], [ -39.3380175, -5.85057129999996 ], [ -39.3380448999999, -5.85079969999992 ], [ -39.338230199999899, -5.85102869999997 ], [ -39.3387187, -5.85101739999993 ], [ -39.3390036, -5.85102819999997 ], [ -39.3390909, -5.85130089999996 ], [ -39.3391051, -5.85159539999995 ], [ -39.339431499999897, -5.85194419999993 ], [ -39.3399408, -5.85190029999995 ], [ -39.340430899999902, -5.85164919999994 ], [ -39.341583399999898, -5.85135939999998 ], [ -39.341934299999899, -5.85142189999993 ], [ -39.342103, -5.85165629999995 ], [ -39.3421304, -5.85199169999993 ], [ -39.343668, -5.854609 ], [ -39.345542599999902, -5.85626589999993 ], [ -39.348442, -5.85936219999996 ], [ -39.3494231, -5.86043059999997 ], [ -39.350207899999901, -5.86136419999997 ], [ -39.3509817, -5.86180959999996 ], [ -39.351885799999899, -5.86172179999994 ], [ -39.3527463, -5.86177569999995 ], [ -39.3536222, -5.86221149999994 ], [ -39.354043299999901, -5.86278489999995 ], [ -39.3540546, -5.86339619999995 ], [ -39.3534888, -5.864546 ], [ -39.3519208, -5.86541969999996 ], [ -39.351231, -5.86574739999998 ], [ -39.3501041, -5.86562819999995 ], [ -39.349350399999899, -5.86602679999993 ], [ -39.349067499999897, -5.86670879999997 ], [ -39.3490899, -5.86753229999994 ], [ -39.3497226, -5.86901549999993 ], [ -39.3501385, -5.86958019999997 ], [ -39.3504017, -5.86994509999994 ], [ -39.350665799999902, -5.87047949999993 ], [ -39.350808099999902, -5.87157009999993 ], [ -39.3508252, -5.87278379999998 ], [ -39.3506733, -5.87374379999994 ], [ -39.3501997, -5.87483489999994 ], [ -39.3498576, -5.87588239999997 ], [ -39.3498476, -5.87724769999994 ], [ -39.3496521, -5.87819789999998 ], [ -39.3495851, -5.87837249999995 ], [ -39.3495707, -5.87860709999995 ], [ -39.349658, -5.87877069999996 ], [ -39.3505339, -5.87924729999997 ], [ -39.3513823, -5.879666 ], [ -39.351884599999899, -5.87990289999993 ], [ -39.3526356, -5.88015 ], [ -39.3534799, -5.88031309999997 ], [ -39.354275099999903, -5.88023619999996 ], [ -39.354814299999902, -5.88014309999994 ], [ -39.355201, -5.88009639999996 ], [ -39.355424399999897, -5.88023 ], [ -39.3554791, -5.88059 ], [ -39.355408699999899, -5.88121439999998 ], [ -39.3556902999999, -5.88181969999994 ], [ -39.355979799999901, -5.88202129999996 ], [ -39.356859799999903, -5.88218439999997 ], [ -39.3571198, -5.88242969999993 ], [ -39.3575562, -5.88348289999993 ], [ -39.3577064999999, -5.88439849999997 ], [ -39.3577098, -5.88518379999994 ], [ -39.357525199999898, -5.88595759999993 ], [ -39.357569899999902, -5.88787839999998 ], [ -39.3577998, -5.88973259999995 ], [ -39.3577319, -5.89088759999993 ], [ -39.357359899999899, -5.89238139999998 ], [ -39.3571789, -5.89341549999995 ], [ -39.3570402, -5.89421009999995 ], [ -39.3570405, -5.89476229999997 ], [ -39.3574227, -5.89615809999998 ], [ -39.3581207, -5.89735989999997 ], [ -39.3586222, -5.89781539999996 ], [ -39.359494, -5.89833839999994 ], [ -39.3619841, -5.89952869999996 ], [ -39.3637983, -5.90014919999993 ], [ -39.365922699999899, -5.90043409999993 ], [ -39.3665875, -5.90045819999995 ], [ -39.3675026, -5.90071669999998 ], [ -39.3679877, -5.90105 ], [ -39.368325599999899, -5.90137889999994 ], [ -39.368609, -5.90183349999995 ], [ -39.3686691, -5.90211219999998 ], [ -39.368642099999903, -5.90243739999994 ], [ -39.3683973, -5.90286789999993 ], [ -39.3678149, -5.90361009999998 ], [ -39.3677878, -5.90380489999995 ], [ -39.3679078, -5.90405459999994 ], [ -39.368055, -5.904199 ], [ -39.3684431, -5.90425059999995 ], [ -39.368867, -5.90467579999995 ], [ -39.369205, -5.90519919999997 ], [ -39.369271, -5.90603909999993 ], [ -39.3702951, -5.90621309999995 ], [ -39.3716458, -5.90604849999994 ], [ -39.3729097, -5.90636929999994 ], [ -39.3736944999999, -5.90697969999997 ], [ -39.374512, -5.90763359999994 ], [ -39.375177, -5.90845119999994 ], [ -39.3757004, -5.90934559999994 ], [ -39.376027899999897, -5.91030529999995 ], [ -39.37605, -5.91061509999997 ], [ -39.3758758, -5.91086449999995 ], [ -39.375331199999899, -5.91113489999998 ], [ -39.3741659, -5.911703 ], [ -39.3729792, -5.91270719999994 ], [ -39.3712368, -5.91362469999996 ], [ -39.369856899999903, -5.91397469999993 ], [ -39.3687068, -5.91401909999996 ], [ -39.3657899, -5.91415209999997 ], [ -39.3651583, -5.91464069999995 ], [ -39.364831799999898, -5.91514539999997 ], [ -39.364250899999902, -5.91784969999998 ], [ -39.364087599999898, -5.91811159999997 ], [ -39.363194399999898, -5.91834139999997 ], [ -39.3620835, -5.91880029999993 ], [ -39.3611804, -5.91932039999995 ], [ -39.3605425, -5.91966439999993 ], [ -39.3600089, -5.91999189999996 ], [ -39.3595354999999, -5.91999219999997 ], [ -39.3591101, -5.91994889999995 ], [ -39.3588609, -5.92008 ], [ -39.3588584, -5.92047129999997 ], [ -39.359077899999903, -5.92076739999993 ], [ -39.3594868, -5.92103549999996 ], [ -39.359906899999899, -5.92212879999994 ], [ -39.360125599999897, -5.92387779999996 ], [ -39.3596841, -5.92494319999997 ], [ -39.3591681999999, -5.92529279999997 ], [ -39.3578067, -5.92573829999998 ], [ -39.357599799999903, -5.925902 ], [ -39.3575346, -5.92615839999996 ], [ -39.357567699999898, -5.926742 ], [ -39.3578951, -5.92769989999994 ], [ -39.3581574, -5.92875979999997 ], [ -39.3581957, -5.92926159999996 ], [ -39.3585532, -5.929828 ], [ -39.361239899999902, -5.93222169999996 ], [ -39.362295399999901, -5.93330929999996 ], [ -39.3635816, -5.93517759999997 ], [ -39.3641668, -5.93716809999995 ], [ -39.3640725, -5.93912419999998 ], [ -39.3642224, -5.93953609999994 ], [ -39.364504399999902, -5.93981669999994 ], [ -39.364734499999898, -5.94046139999995 ], [ -39.3648989, -5.94210769999995 ], [ -39.3657626, -5.94323849999995 ], [ -39.3660702, -5.944239 ], [ -39.366387, -5.94491569999997 ], [ -39.366881299999903, -5.94566669999995 ], [ -39.366895699999901, -5.94596509999997 ], [ -39.3667569, -5.94628289999997 ], [ -39.3665081, -5.94679969999993 ], [ -39.365770499999897, -5.94789469999995 ], [ -39.3644097, -5.94894329999994 ], [ -39.3631513, -5.94965779999995 ], [ -39.363193399999901, -5.95112719999997 ], [ -39.3629637, -5.95179409999997 ], [ -39.362293, -5.95240389999998 ], [ -39.3614221999999, -5.95267859999996 ], [ -39.357041599999903, -5.95199659999997 ], [ -39.3541926, -5.95167609999993 ], [ -39.3521689, -5.95179169999994 ], [ -39.3517563, -5.952285 ], [ -39.3516405, -5.95343929999996 ], [ -39.3525144, -5.95467179999997 ], [ -39.353808399999899, -5.95553559999996 ], [ -39.354866899999898, -5.95647569999994 ], [ -39.3553831, -5.95754839999995 ], [ -39.355575499999901, -5.95844279999994 ], [ -39.3552311, -5.95970109999996 ], [ -39.3543524, -5.96159769999997 ], [ -39.354549399999897, -5.962164 ], [ -39.354751099999902, -5.96288389999995 ], [ -39.3547474, -5.96434619999997 ], [ -39.3550807, -5.96473409999993 ], [ -39.3558001, -5.965252 ], [ -39.3578067, -5.96572839999993 ], [ -39.3582287, -5.96591049999995 ], [ -39.358209799999898, -5.96627529999995 ], [ -39.357184399999902, -5.96726479999995 ], [ -39.356686399999901, -5.96805389999997 ], [ -39.3568184, -5.96874039999994 ], [ -39.357173499999902, -5.96940509999996 ], [ -39.357814399999903, -5.97026849999997 ], [ -39.3589291, -5.97104529999996 ], [ -39.3606945, -5.97148339999995 ], [ -39.3611617, -5.97172149999994 ], [ -39.361325, -5.97209579999998 ], [ -39.361052099999903, -5.97365119999995 ], [ -39.3611872, -5.973944 ], [ -39.3619543, -5.97409709999994 ], [ -39.362318899999899, -5.97438479999994 ], [ -39.3628371, -5.97521009999997 ], [ -39.3631063, -5.97615069999995 ], [ -39.3633273, -5.97706749999998 ], [ -39.3633015, -5.97783679999998 ], [ -39.363098299999898, -5.97874769999993 ], [ -39.3628517, -5.979088 ], [ -39.3625307, -5.97938869999996 ], [ -39.362555, -5.97973209999998 ], [ -39.362895599999902, -5.98011329999997 ], [ -39.363332899999897, -5.98085339999994 ], [ -39.363533699999898, -5.98073839999995 ], [ -39.3649103, -5.98016309999997 ], [ -39.3658383, -5.979791 ], [ -39.367835899999903, -5.97937129999997 ], [ -39.370895899999901, -5.97894869999993 ], [ -39.37298, -5.97842449999996 ], [ -39.377788, -5.97634059999996 ], [ -39.3818123, -5.97362119999997 ], [ -39.385345099999903, -5.97355539999995 ], [ -39.3870094, -5.97379 ], [ -39.387478499999901, -5.97385609999998 ], [ -39.389790499999897, -5.973583 ], [ -39.3942329, -5.97333649999996 ], [ -39.398478, -5.97373419999997 ], [ -39.4004801, -5.97483009999996 ], [ -39.403422, -5.97601929999996 ], [ -39.4054088, -5.97590019999996 ], [ -39.4071433, -5.97592409999993 ] ] ] ] } },
{ "type": "Feature", "properties": { "CD_MUN": "2301802", "NM_MUN": "Baixio", "CD_RGI": "230010", "NM_RGI": "Icó", "CD_RGINT": "2303", "NM_RGINT": "Iguatu", "CD_UF": "23", "NM_UF": "Ceará", "SIGLA_UF": "CE", "CD_REGIAO": "2", "NM_REGIAO": "Nordeste", "SIGLA_RG": "NE", "CD_CONCURB": null, "NM_CONCURB": null, "AREA_KM2": 145.556 }, "geometry": { "type": "MultiPolygon", "coordinates": [ [ [ [ -38.7022256, -6.69838719999996 ], [ -38.7019172, -6.69844419999993 ], [ -38.7012485, -6.69856779999998 ], [ -38.699250699999901, -6.69858639999995 ], [ -38.6980925, -6.69873139999993 ], [ -38.6976028999999, -6.69887309999996 ], [ -38.6965403, -6.69948479999994 ], [ -38.6947086, -6.70078969999997 ], [ -38.6939578, -6.70067889999996 ], [ -38.6934793, -6.70022389999997 ], [ -38.6926414, -6.70029509999995 ], [ -38.6905211, -6.70152009999993 ], [ -38.6893823999999, -6.70222309999997 ], [ -38.688412, -6.70301489999997 ], [ -38.687373799999897, -6.703633 ], [ -38.686547399999903, -6.70412459999994 ], [ -38.6858705, -6.70427429999995 ], [ -38.6853738, -6.70420249999995 ], [ -38.684941799999898, -6.70412279999994 ], [ -38.6844823, -6.703931 ], [ -38.6841185, -6.70372979999996 ], [ -38.683592099999899, -6.70338479999998 ], [ -38.6830944, -6.70290579999994 ], [ -38.6793701, -6.70184069999993 ], [ -38.679121199999898, -6.70180219999997 ], [ -38.6771879, -6.70219379999997 ], [ -38.675427, -6.702928 ], [ -38.672540599999898, -6.70623139999998 ], [ -38.673060899999903, -6.70699669999993 ], [ -38.6737337, -6.70798639999992 ], [ -38.6737403, -6.70888559999997 ], [ -38.6733838, -6.70964709999993 ], [ -38.669818, -6.712204 ], [ -38.6693142, -6.71476429999996 ], [ -38.666464899999902, -6.717044 ], [ -38.6663248999999, -6.71969989999997 ], [ -38.6663192, -6.71980889999998 ], [ -38.6655359, -6.72112279999993 ], [ -38.6648867, -6.72409349999998 ], [ -38.6641097, -6.72478809999996 ], [ -38.662469, -6.72464759999997 ], [ -38.659685, -6.72609909999994 ], [ -38.6583957, -6.72856989999997 ], [ -38.6571855, -6.72940679999994 ], [ -38.655975399999903, -6.73024369999996 ], [ -38.6558332, -6.73086669999998 ], [ -38.657034399999901, -6.73307919999996 ], [ -38.6572525, -6.73592229999997 ], [ -38.6578221, -6.73723339999998 ], [ -38.6577923, -6.73832539999995 ], [ -38.6571858, -6.73951429999994 ], [ -38.6575338, -6.74076019999995 ], [ -38.6554654, -6.74580689999993 ], [ -38.6524699, -6.74760369999996 ], [ -38.6513988, -6.75140789999995 ], [ -38.649971999999899, -6.75223629999994 ], [ -38.6508942, -6.75459419999993 ], [ -38.6518745, -6.75553949999994 ], [ -38.6523385, -6.75686519999994 ], [ -38.6524658, -6.75688069999995 ], [ -38.654478599999898, -6.75712549999997 ], [ -38.663420599999903, -6.75923249999994 ], [ -38.6692302, -6.75907089999993 ], [ -38.674899, -6.75827059999995 ], [ -38.6772235, -6.75622979999997 ], [ -38.6786665, -6.755493 ], [ -38.681015, -6.75509209999996 ], [ -38.6825236, -6.75660219999997 ], [ -38.683099599999899, -6.75786259999995 ], [ -38.6833604, -6.75955389999996 ], [ -38.6831022, -6.76216569999997 ], [ -38.6836638999999, -6.76388029999993 ], [ -38.685731599999897, -6.76678629999998 ], [ -38.687654199999898, -6.76734209999995 ], [ -38.690332899999902, -6.76757349999997 ], [ -38.6920777999999, -6.76707149999993 ], [ -38.6942248, -6.76714 ], [ -38.6957854, -6.76679359999997 ], [ -38.6967658, -6.76442719999994 ], [ -38.6974703, -6.76349419999997 ], [ -38.698742099999897, -6.76282719999995 ], [ -38.6996174, -6.76302469999996 ], [ -38.719832499999903, -6.76750369999996 ], [ -38.7200298, -6.76739069999996 ], [ -38.7223102, -6.76589129999996 ], [ -38.723216599999901, -6.76485879999996 ], [ -38.7239266999999, -6.763761 ], [ -38.7247869, -6.76277179999994 ], [ -38.7257149, -6.76192839999993 ], [ -38.7260822, -6.76137579999994 ], [ -38.7264365999999, -6.76129939999993 ], [ -38.729128, -6.76079349999998 ], [ -38.729980699999899, -6.76032489999994 ], [ -38.7308868, -6.75982719999996 ], [ -38.730903199999901, -6.75974759999997 ], [ -38.73164, -6.759321 ], [ -38.732119399999902, -6.75915569999995 ], [ -38.7323205, -6.75918449999995 ], [ -38.7326437, -6.75914879999993 ], [ -38.732909499999899, -6.75904119999996 ], [ -38.732967099999897, -6.75894789999995 ], [ -38.7331611, -6.75867519999997 ], [ -38.733491899999898, -6.75812249999996 ], [ -38.733729099999898, -6.75779949999998 ], [ -38.7339016, -6.75754109999997 ], [ -38.7341028, -6.75737609999993 ], [ -38.7341244, -6.75723249999993 ], [ -38.734131799999901, -6.75684479999995 ], [ -38.7341175, -6.75670829999996 ], [ -38.734117599999898, -6.75660779999993 ], [ -38.734117599999898, -6.75652879999996 ], [ -38.7341392, -6.75647859999998 ], [ -38.734218199999901, -6.756414 ], [ -38.7342685, -6.756414 ], [ -38.7343475, -6.75647869999995 ], [ -38.734469499999904, -6.75662949999997 ], [ -38.734505399999897, -6.756687 ], [ -38.734591599999902, -6.75675889999997 ], [ -38.734684899999898, -6.756802 ], [ -38.734857299999902, -6.756838 ], [ -38.7354175, -6.75688849999995 ], [ -38.7356402, -6.75691019999994 ], [ -38.735769499999897, -6.75677389999993 ], [ -38.7359923, -6.75655139999998 ], [ -38.7360499, -6.75635039999997 ], [ -38.736193699999902, -6.756013 ], [ -38.7362871, -6.75595559999994 ], [ -38.736502599999902, -6.75591979999996 ], [ -38.736646199999903, -6.755963 ], [ -38.736912, -6.75604209999995 ], [ -38.737500899999901, -6.75619319999993 ], [ -38.7385854, -6.75626559999995 ], [ -38.7388870999999, -6.75624419999997 ], [ -38.739239199999901, -6.75606489999996 ], [ -38.739505, -6.75593579999997 ], [ -38.739677399999898, -6.75593589999994 ], [ -38.739921599999903, -6.75595749999997 ], [ -38.7401227, -6.75601509999996 ], [ -38.7403166, -6.75597929999998 ], [ -38.7404531, -6.75585729999995 ], [ -38.740539399999903, -6.75574959999994 ], [ -38.7407119, -6.75550559999994 ], [ -38.7407982, -6.75534769999996 ], [ -38.740870099999903, -6.75526869999993 ], [ -38.741006599999899, -6.75520419999998 ], [ -38.7411215, -6.75520429999995 ], [ -38.741171699999903, -6.75526889999998 ], [ -38.741257899999901, -6.75536229999994 ], [ -38.741401499999903, -6.75538389999997 ], [ -38.741466199999898, -6.75538389999997 ], [ -38.741602699999902, -6.75533379999996 ], [ -38.741818099999897, -6.75531229999996 ], [ -38.74189, -6.75531949999993 ], [ -38.742098199999901, -6.75540579999995 ], [ -38.7424574, -6.75535569999994 ], [ -38.742550799999897, -6.75526249999996 ], [ -38.742723199999901, -6.75519789999993 ], [ -38.742945899999903, -6.75516929999998 ], [ -38.7430967, -6.75522679999995 ], [ -38.743283399999903, -6.75537769999994 ], [ -38.7434486, -6.75540649999994 ], [ -38.7437861, -6.75544259999998 ], [ -38.7442098, -6.75573 ], [ -38.7444467, -6.75585939999996 ], [ -38.744497, -6.75590249999993 ], [ -38.7450499, -6.75611819999995 ], [ -38.7454233999999, -6.75615429999993 ], [ -38.7457395, -6.75615449999998 ], [ -38.7461489, -6.75616189999994 ], [ -38.746515299999899, -6.75604719999995 ], [ -38.746651799999903, -6.75595389999995 ], [ -38.746723599999903, -6.75588929999998 ], [ -38.7468961, -6.75571709999997 ], [ -38.7470757, -6.75565259999996 ], [ -38.7473199, -6.75561679999993 ], [ -38.7474708, -6.75557379999998 ], [ -38.747894599999903, -6.75558839999997 ], [ -38.747995199999899, -6.75553809999997 ], [ -38.7480527, -6.75546639999993 ], [ -38.7481389, -6.755409 ], [ -38.748261, -6.75540189999998 ], [ -38.748289699999901, -6.755445 ], [ -38.7483184, -6.755524 ], [ -38.748332699999899, -6.75558139999993 ], [ -38.748418899999898, -6.755603 ], [ -38.7484764, -6.755603 ], [ -38.7485555, -6.75545229999994 ], [ -38.7487639, -6.75517949999994 ], [ -38.749280199999902, -6.754542 ], [ -38.749657, -6.75417069999997 ], [ -38.7498846, -6.75391949999994 ], [ -38.750064199999898, -6.75382379999996 ], [ -38.7502797, -6.75377609999993 ], [ -38.7505431, -6.75366849999995 ], [ -38.7506988, -6.75356089999997 ], [ -38.751094, -6.75320209999995 ], [ -38.751297599999901, -6.75298679999997 ], [ -38.751453399999903, -6.75278339999994 ], [ -38.751776699999901, -6.752616 ], [ -38.7518845, -6.75242459999993 ], [ -38.7517769, -6.75210149999998 ], [ -38.751705199999897, -6.75198179999995 ], [ -38.7514659, -6.75177819999993 ], [ -38.75143, -6.75162259999996 ], [ -38.7514421, -6.75141919999993 ], [ -38.751562, -6.75109609999993 ], [ -38.751658, -6.75067729999995 ], [ -38.7517179, -6.75047389999997 ], [ -38.752077299999897, -6.75004329999996 ], [ -38.7524845, -6.74967249999997 ], [ -38.752867799999898, -6.74921789999996 ], [ -38.753466499999902, -6.748955 ], [ -38.753849699999897, -6.74863209999995 ], [ -38.7539216, -6.74840469999998 ], [ -38.7539816, -6.74820129999995 ], [ -38.753969799999901, -6.74786619999998 ], [ -38.7538741, -6.74767469999995 ], [ -38.7538622, -6.74754309999997 ], [ -38.7542096, -6.74719619999996 ], [ -38.7545809, -6.74678949999998 ], [ -38.7550242, -6.74601189999993 ], [ -38.755203799999897, -6.74580849999995 ], [ -38.755467199999899, -6.74580859999998 ], [ -38.755670699999897, -6.74585659999997 ], [ -38.7559939, -6.74592859999996 ], [ -38.7561853, -6.74607229999998 ], [ -38.756340899999898, -6.74609629999998 ], [ -38.756400799999902, -6.74604839999995 ], [ -38.7564009, -6.74595269999998 ], [ -38.7563291, -6.74578509999998 ], [ -38.7562813, -6.74562949999995 ], [ -38.756293399999898, -6.745474 ], [ -38.756480199999899, -6.74534719999997 ], [ -38.756667, -6.74520369999993 ], [ -38.7568682, -6.74504579999996 ], [ -38.7582044, -6.74457259999997 ], [ -38.7584342, -6.74451529999993 ], [ -38.758692799999899, -6.74447229999993 ], [ -38.758994599999902, -6.74428579999994 ], [ -38.7592102, -6.74397 ], [ -38.759153, -6.74351039999993 ], [ -38.759052499999903, -6.74336669999997 ], [ -38.7590382, -6.74316569999996 ], [ -38.7590096, -6.74295029999996 ], [ -38.7589667, -6.742663 ], [ -38.7588375, -6.74246189999997 ], [ -38.758808799999898, -6.74228959999994 ], [ -38.7588521, -6.74185879999993 ], [ -38.759455699999897, -6.74135649999994 ], [ -38.759671399999903, -6.74102629999993 ], [ -38.7596237999999, -6.74045659999996 ], [ -38.759509, -6.74016929999993 ], [ -38.7591404, -6.73990589999994 ], [ -38.7588971, -6.73915159999996 ], [ -38.7597618, -6.73779079999997 ], [ -38.759771199999904, -6.73759179999996 ], [ -38.7596516, -6.73738829999996 ], [ -38.7595918, -6.73724459999994 ], [ -38.759532099999902, -6.73706509999994 ], [ -38.7594364, -6.73683769999997 ], [ -38.7594963, -6.73675389999994 ], [ -38.759651899999902, -6.73686169999996 ], [ -38.759759599999903, -6.73695749999996 ], [ -38.7600588, -6.73705339999998 ], [ -38.760394, -6.736898 ], [ -38.7610285, -6.73693419999995 ], [ -38.7614354, -6.73699419999997 ], [ -38.762034, -6.73701839999995 ], [ -38.7622375, -6.73698259999998 ], [ -38.762333399999903, -6.73664759999997 ], [ -38.7623575, -6.73642029999996 ], [ -38.7627409, -6.73569039999995 ], [ -38.763112099999901, -6.73547519999994 ], [ -38.763315799999901, -6.73512829999993 ], [ -38.7634834999999, -6.73475739999998 ], [ -38.763711199999896, -6.73437449999994 ], [ -38.7642862, -6.73352509999995 ], [ -38.7649089, -6.732963 ], [ -38.7651245, -6.73277159999998 ], [ -38.7651844, -6.73253229999995 ], [ -38.765196499999902, -6.73232889999997 ], [ -38.7653402, -6.73220929999997 ], [ -38.7655078, -6.73219739999996 ], [ -38.765663399999902, -6.73232909999996 ], [ -38.7658188999999, -6.73247279999993 ], [ -38.7660104, -6.73256859999998 ], [ -38.7662139, -6.73256869999994 ], [ -38.7664654, -6.73241319999994 ], [ -38.7665013, -6.73229359999993 ], [ -38.7665132999999, -6.73217389999996 ], [ -38.7665972, -6.73209019999996 ], [ -38.7668366, -6.73200649999995 ], [ -38.7669923, -6.73199469999997 ], [ -38.7671718, -6.73198279999997 ], [ -38.7672916, -6.731911 ], [ -38.7675431, -6.73167179999996 ], [ -38.7677585, -6.731636 ], [ -38.7682373, -6.73172 ], [ -38.7685845, -6.73172019999993 ], [ -38.7688838, -6.73152879999998 ], [ -38.769267, -6.73136149999993 ], [ -38.7694586, -6.73118209999996 ], [ -38.769793999999898, -6.73063169999995 ], [ -38.7701653, -6.73021309999996 ], [ -38.770417, -6.729555 ], [ -38.770477, -6.72916009999994 ], [ -38.7706567, -6.728861 ], [ -38.7707167, -6.72858579999996 ], [ -38.7708006, -6.72837039999996 ], [ -38.771004199999901, -6.72821489999995 ], [ -38.7714455999999, -6.72814529999994 ], [ -38.771640799999901, -6.72822 ], [ -38.7719162, -6.72820819999993 ], [ -38.7720598, -6.72814839999995 ], [ -38.772095799999903, -6.72807659999995 ], [ -38.7722155, -6.72800489999997 ], [ -38.7722873, -6.72800489999997 ], [ -38.772442899999902, -6.72806479999997 ], [ -38.7727181999999, -6.72810089999996 ], [ -38.772778199999898, -6.72780169999993 ], [ -38.772730399999901, -6.72759819999993 ], [ -38.7726827, -6.72728709999996 ], [ -38.7727067, -6.72713149999993 ], [ -38.7728025, -6.72711959999998 ], [ -38.7729701, -6.72703589999998 ], [ -38.7731138, -6.72688039999997 ], [ -38.7732574999999, -6.72684459999994 ], [ -38.7732933, -6.72697619999997 ], [ -38.7732933, -6.72711979999997 ], [ -38.7733052, -6.72722749999997 ], [ -38.7734728, -6.72722759999994 ], [ -38.773724199999897, -6.72709609999993 ], [ -38.7739159, -6.72685679999995 ], [ -38.773891999999897, -6.72673709999998 ], [ -38.773604799999902, -6.72654549999993 ], [ -38.7734253, -6.72637789999993 ], [ -38.7732937, -6.72618639999996 ], [ -38.7732339, -6.72597089999994 ], [ -38.7730784, -6.725911 ], [ -38.7728988, -6.72600669999997 ], [ -38.7726953, -6.72600659999995 ], [ -38.7725397, -6.72585089999995 ], [ -38.7725159, -6.72564749999998 ], [ -38.7725159, -6.72548 ], [ -38.772528099999903, -6.72518079999998 ], [ -38.7726479, -6.72492949999997 ], [ -38.7726959, -6.72465429999994 ], [ -38.772803699999898, -6.724415 ], [ -38.7732468, -6.72415189999998 ], [ -38.773474399999898, -6.72373319999997 ], [ -38.7734626, -6.72336219999994 ], [ -38.7733909, -6.72311089999994 ], [ -38.773379, -6.72291939999997 ], [ -38.7735109, -6.72239289999993 ], [ -38.773738599999902, -6.72198609999998 ], [ -38.773822499999902, -6.72168219999998 ], [ -38.7739232, -6.72130889999994 ], [ -38.7740239, -6.72097859999997 ], [ -38.7739809, -6.72073449999993 ], [ -38.7737943, -6.72043279999997 ], [ -38.7732632, -6.71959969999995 ], [ -38.773234699999897, -6.719097 ], [ -38.773292399999903, -6.718738 ], [ -38.7735511, -6.71836479999996 ], [ -38.7740827, -6.718006 ], [ -38.7745459, -6.717586 ], [ -38.7753872, -6.71809739999998 ], [ -38.7756171999999, -6.71818639999998 ], [ -38.7760812, -6.71821839999996 ], [ -38.7766452, -6.71818139999993 ], [ -38.7774512, -6.71850539999997 ], [ -38.7777412, -6.71883339999994 ], [ -38.7779222, -6.71927639999996 ], [ -38.7781441999999, -6.72039639999997 ], [ -38.7783022, -6.72088439999993 ], [ -38.7785522, -6.72123739999995 ], [ -38.7787622, -6.72141839999995 ], [ -38.779172199999898, -6.72163139999998 ], [ -38.7796312, -6.72169439999993 ], [ -38.7802402, -6.72161539999996 ], [ -38.7805744, -6.72155239999995 ], [ -38.781559, -6.72137149999998 ], [ -38.781923199999902, -6.72130839999994 ], [ -38.7821862, -6.72126039999995 ], [ -38.7824332, -6.72120039999993 ], [ -38.7827614999999, -6.72106389999993 ], [ -38.7829982, -6.72095539999998 ], [ -38.78324, -6.72083029999993 ], [ -38.783512899999899, -6.72069219999997 ], [ -38.7839825, -6.72043889999998 ], [ -38.785120699999901, -6.71981989999995 ], [ -38.7852705, -6.71974059999997 ], [ -38.7855202, -6.71960829999995 ], [ -38.7860206, -6.71934279999994 ], [ -38.7864772, -6.71910039999995 ], [ -38.786846899999901, -6.71891459999995 ], [ -38.786993299999899, -6.71884109999996 ], [ -38.787082199999901, -6.71879639999997 ], [ -38.7873394, -6.71871929999998 ], [ -38.787499899999901, -6.71867489999994 ], [ -38.7876201999999, -6.71864439999996 ], [ -38.787824199999903, -6.71861939999997 ], [ -38.787989, -6.71861849999993 ], [ -38.7881752, -6.71861739999997 ], [ -38.7883107, -6.71863079999997 ], [ -38.7885783, -6.71866859999994 ], [ -38.788921199999898, -6.71875139999997 ], [ -38.789046599999899, -6.71880079999994 ], [ -38.7891422, -6.71883839999998 ], [ -38.7892535, -6.718892 ], [ -38.7894467, -6.71899569999994 ], [ -38.7895561999999, -6.71905839999994 ], [ -38.7898604, -6.71929859999995 ], [ -38.790105599999897, -6.71951829999995 ], [ -38.7905162, -6.71989169999995 ], [ -38.791465699999897, -6.72074109999994 ], [ -38.7916142, -6.72085839999994 ], [ -38.7917902, -6.72095889999997 ], [ -38.7919542, -6.72105239999996 ], [ -38.7921342, -6.72111839999997 ], [ -38.7923132, -6.72118139999998 ], [ -38.792502199999902, -6.72122129999997 ], [ -38.7930372, -6.72133339999993 ], [ -38.79337, -6.72143109999996 ], [ -38.793573299999899, -6.72151319999995 ], [ -38.7938366999999, -6.72164739999994 ], [ -38.7939307, -6.72170179999995 ], [ -38.7940752, -6.72178539999993 ], [ -38.794142, -6.72183669999993 ], [ -38.7942952, -6.72195439999996 ], [ -38.7944244, -6.72207609999998 ], [ -38.7945584, -6.72222459999995 ], [ -38.794693799999898, -6.722401 ], [ -38.794781199999903, -6.72252239999995 ], [ -38.794894199999902, -6.72271539999997 ], [ -38.7950144, -6.72297849999995 ], [ -38.795163699999897, -6.72329029999997 ], [ -38.7952162, -6.72339239999997 ], [ -38.795387199999901, -6.72366139999997 ], [ -38.795520199999899, -6.72384639999996 ], [ -38.7957302, -6.72403139999994 ], [ -38.7959233999999, -6.72419609999997 ], [ -38.7960952, -6.72433339999998 ], [ -38.7961649, -6.72437049999996 ], [ -38.7964712, -6.72453339999993 ], [ -38.7967032, -6.72462 ], [ -38.797054199999899, -6.72472239999996 ], [ -38.797299199999898, -6.72475539999994 ], [ -38.7976922, -6.72477639999994 ], [ -38.7991579, -6.72461639999995 ], [ -38.8001444, -6.72451059999997 ], [ -38.8014828, -6.72436859999993 ], [ -38.8024945, -6.72425589999995 ], [ -38.8028191, -6.72421749999995 ], [ -38.8030858, -6.724186 ], [ -38.8032522, -6.72416639999994 ], [ -38.803404199999903, -6.72414019999997 ], [ -38.803583199999899, -6.72410939999997 ], [ -38.8038662, -6.72403039999995 ], [ -38.8041276, -6.72395279999995 ], [ -38.804407599999898, -6.72381959999996 ], [ -38.8046457, -6.72369809999998 ], [ -38.8048868999999, -6.723563 ], [ -38.805008299999898, -6.72349069999996 ], [ -38.805131699999897, -6.72341339999997 ], [ -38.8052162, -6.72335639999994 ], [ -38.8054597, -6.72316049999995 ], [ -38.8056908, -6.72296449999993 ], [ -38.806187599999902, -6.72256179999994 ], [ -38.807047699999899, -6.72188529999994 ], [ -38.8071792, -6.72178239999994 ], [ -38.807392799999903, -6.72165919999998 ], [ -38.8075312, -6.72157939999994 ], [ -38.8075911, -6.72155329999993 ], [ -38.807683499999897, -6.721513 ], [ -38.807772199999903, -6.72147439999998 ], [ -38.8080337, -6.72138159999997 ], [ -38.8081718, -6.72133689999993 ], [ -38.8085614, -6.72122079999997 ], [ -38.8091578, -6.72103979999997 ], [ -38.8096318999999, -6.72088679999996 ], [ -38.8100944, -6.72073019999993 ], [ -38.8103563, -6.72064839999996 ], [ -38.8106177, -6.72057259999997 ], [ -38.8108877, -6.72049439999995 ], [ -38.811186899999903, -6.72040769999995 ], [ -38.811359799999899, -6.72035759999994 ], [ -38.8118564, -6.72019949999998 ], [ -38.8121426, -6.72010649999993 ], [ -38.8126634, -6.71993809999998 ], [ -38.813400199999897, -6.71970819999996 ], [ -38.8143704, -6.71943839999994 ], [ -38.8148346, -6.71930549999996 ], [ -38.815329399999897, -6.71914409999994 ], [ -38.816910199999903, -6.71865139999994 ], [ -38.8182077, -6.71826289999996 ], [ -38.8205672, -6.71756789999995 ], [ -38.8211152, -6.71740289999997 ], [ -38.8215693, -6.71726589999997 ], [ -38.822196899999902, -6.71707389999995 ], [ -38.8225638, -6.71696229999998 ], [ -38.8227717, -6.71688689999996 ], [ -38.8229552, -6.71681239999998 ], [ -38.823078199999898, -6.71674539999998 ], [ -38.8233102, -6.71661739999996 ], [ -38.8235708, -6.71648779999992 ], [ -38.823858399999899, -6.71634479999994 ], [ -38.8241489, -6.71620039999993 ], [ -38.824487799999901, -6.71601569999996 ], [ -38.824788399999903, -6.71584869999998 ], [ -38.825021999999898, -6.715719 ], [ -38.825194199999899, -6.71562339999997 ], [ -38.825367, -6.71553489999997 ], [ -38.825662, -6.71538379999993 ], [ -38.8263047, -6.71505479999996 ], [ -38.8269746, -6.71470839999995 ], [ -38.827217, -6.71458229999996 ], [ -38.8275302, -6.71441939999994 ], [ -38.828107499999902, -6.71410119999996 ], [ -38.828906199999899, -6.71367339999995 ], [ -38.830340799999902, -6.71290219999997 ], [ -38.831125299999897, -6.71249179999995 ], [ -38.8318401, -6.71212059999993 ], [ -38.8326652, -6.71169339999994 ], [ -38.833149799999902, -6.71143159999997 ], [ -38.833680899999898, -6.71114469999998 ], [ -38.834086899999903, -6.71093369999994 ], [ -38.8343732, -6.71078719999997 ], [ -38.8345818, -6.71068049999997 ], [ -38.8348101999999, -6.71056369999997 ], [ -38.835098199999898, -6.71041639999993 ], [ -38.835301399999899, -6.71030609999997 ], [ -38.8357432, -6.71006639999996 ], [ -38.835931699999897, -6.70998119999996 ], [ -38.836230199999903, -6.70984739999994 ], [ -38.8365352, -6.70974639999997 ], [ -38.836916099999897, -6.70966529999993 ], [ -38.8376858, -6.70950449999998 ], [ -38.8390572, -6.70922439999993 ], [ -38.8417742, -6.70864639999996 ], [ -38.842573, -6.70847789999993 ], [ -38.8430774999999, -6.70837689999996 ], [ -38.843383199999899, -6.70832639999998 ], [ -38.8436692, -6.70831639999994 ], [ -38.8438872, -6.70835339999996 ], [ -38.844083199999901, -6.70842039999997 ], [ -38.8444579, -6.70856679999997 ], [ -38.8449712, -6.70875739999997 ], [ -38.8460062, -6.70913239999993 ], [ -38.846313199999898, -6.70917739999993 ], [ -38.8465922, -6.70921039999996 ], [ -38.8508252, -6.70641529999995 ], [ -38.8535558, -6.704183 ], [ -38.854087, -6.70259909999993 ], [ -38.8539367, -6.69983189999994 ], [ -38.8529038, -6.69562419999994 ], [ -38.8531512, -6.69415789999994 ], [ -38.8563043999999, -6.69438049999997 ], [ -38.8588763, -6.69269049999997 ], [ -38.8593744, -6.691198 ], [ -38.8592087, -6.6886 ], [ -38.8576884, -6.68608209999996 ], [ -38.8568112, -6.68145659999993 ], [ -38.8551484, -6.67567839999998 ], [ -38.8547062, -6.67350029999994 ], [ -38.843739, -6.667271 ], [ -38.843261299999902, -6.66732879999995 ], [ -38.8424098, -6.66778259999995 ], [ -38.842205299999897, -6.66778169999998 ], [ -38.841347799999902, -6.66724489999996 ], [ -38.841336, -6.66723769999993 ], [ -38.840694799999902, -6.66635549999995 ], [ -38.8398925, -6.66576269999996 ], [ -38.8393313, -6.66540889999993 ], [ -38.8388527, -6.66514539999997 ], [ -38.8387571, -6.66464279999997 ], [ -38.838598299999902, -6.66430769999994 ], [ -38.838400299999897, -6.66394669999994 ], [ -38.838025699999903, -6.66395019999993 ], [ -38.8374628, -6.66442759999995 ], [ -38.8370156, -6.66510959999994 ], [ -38.8366753, -6.66541519999993 ], [ -38.836438299999898, -6.66549649999996 ], [ -38.835419699999903, -6.66502039999995 ], [ -38.8351238, -6.66498409999997 ], [ -38.834258799999901, -6.66525879999995 ], [ -38.8340353, -6.66525689999997 ], [ -38.8337577, -6.66505239999998 ], [ -38.833209699999898, -6.66416029999993 ], [ -38.83303, -6.66320489999993 ], [ -38.832825699999901, -6.66262589999997 ], [ -38.8323038999999, -6.66189659999998 ], [ -38.8318697999999, -6.66092859999998 ], [ -38.8316374, -6.65997219999997 ], [ -38.8314222, -6.65945519999997 ], [ -38.8307416, -6.65917069999995 ], [ -38.8303452, -6.659162 ], [ -38.8298282, -6.65923069999997 ], [ -38.8292681, -6.659196 ], [ -38.8289667, -6.65891159999995 ], [ -38.8285961999999, -6.65867029999993 ], [ -38.8282346, -6.65871819999995 ], [ -38.825895699999897, -6.65896439999995 ], [ -38.825160099999898, -6.65923639999994 ], [ -38.8239839, -6.65924319999993 ], [ -38.822872899999901, -6.65925009999995 ], [ -38.8221555, -6.65915929999994 ], [ -38.8209098, -6.65884769999997 ], [ -38.820008599999902, -6.65895229999995 ], [ -38.818883899999904, -6.65931049999995 ], [ -38.8185844, -6.65940589999997 ], [ -38.8175403, -6.65947789999996 ], [ -38.817015599999898, -6.65936369999997 ], [ -38.8153495, -6.65859629999994 ], [ -38.815019199999902, -6.65856749999995 ], [ -38.8146237, -6.65880019999997 ], [ -38.8134808, -6.65918959999993 ], [ -38.8124048, -6.65944249999995 ], [ -38.811916499999903, -6.65948539999994 ], [ -38.811702, -6.65950459999993 ], [ -38.811270099999902, -6.65954259999995 ], [ -38.810968499999902, -6.65952809999993 ], [ -38.8101642, -6.65962829999995 ], [ -38.8096327, -6.65991529999997 ], [ -38.809458199999902, -6.65974889999995 ], [ -38.8082666, -6.65973489999993 ], [ -38.8071022, -6.65985019999994 ], [ -38.805884499999898, -6.65853519999996 ], [ -38.8051809, -6.65829079999997 ], [ -38.8028363, -6.65892159999993 ], [ -38.802308099999898, -6.65876359999993 ], [ -38.801848499999899, -6.658749 ], [ -38.8012166, -6.65879189999993 ], [ -38.800866, -6.65888039999993 ], [ -38.800625399999902, -6.659228 ], [ -38.800424099999901, -6.66034329999997 ], [ -38.8000721, -6.66050149999995 ], [ -38.799753699999897, -6.66027969999993 ], [ -38.7993901, -6.66029219999996 ], [ -38.799029, -6.66055079999995 ], [ -38.798895, -6.66089449999993 ], [ -38.7988233, -6.661449 ], [ -38.798535399999899, -6.66187219999995 ], [ -38.798149, -6.66201139999993 ], [ -38.797329299999902, -6.662031 ], [ -38.795197599999902, -6.66223719999994 ], [ -38.794700299999903, -6.662404 ], [ -38.7944006, -6.66277139999994 ], [ -38.7943763, -6.66377659999995 ], [ -38.794447799999901, -6.66435109999998 ], [ -38.794214899999901, -6.66475889999998 ], [ -38.793766199999901, -6.66481929999998 ], [ -38.7920935, -6.66443769999995 ], [ -38.7900812, -6.66469109999997 ], [ -38.788826099999902, -6.66520709999998 ], [ -38.7883883, -6.66505039999993 ], [ -38.788069, -6.66466579999997 ], [ -38.7876277, -6.66437889999997 ], [ -38.7869527, -6.66434779999997 ], [ -38.7857928, -6.66454179999994 ], [ -38.7845612, -6.665103 ], [ -38.783267899999899, -6.66591029999995 ], [ -38.781704299999902, -6.66632659999993 ], [ -38.7812908, -6.66650279999993 ], [ -38.7792573, -6.66762 ], [ -38.776698199999899, -6.66850429999994 ], [ -38.7762837, -6.66897919999997 ], [ -38.7759128, -6.669109 ], [ -38.7755347, -6.66898609999993 ], [ -38.775320099999902, -6.66863129999996 ], [ -38.7749605, -6.66829169999994 ], [ -38.7746253, -6.66838729999995 ], [ -38.7727451, -6.66914789999993 ], [ -38.7717683, -6.67052579999995 ], [ -38.769785, -6.67187509999997 ], [ -38.769038099999896, -6.67206139999996 ], [ -38.768736499999903, -6.67186019999997 ], [ -38.768708199999899, -6.67108469999994 ], [ -38.7682917, -6.67092659999997 ], [ -38.767155, -6.67143169999997 ], [ -38.7660359, -6.67263439999994 ], [ -38.764843599999899, -6.67309339999997 ], [ -38.7632184, -6.67407329999998 ], [ -38.7620654, -6.67480629999994 ], [ -38.7597178, -6.67605359999993 ], [ -38.7589025, -6.67630189999994 ], [ -38.758468299999898, -6.67626549999994 ], [ -38.7546354, -6.675075 ], [ -38.7536756, -6.67486009999993 ], [ -38.7533508, -6.67474419999996 ], [ -38.752088, -6.674293 ], [ -38.750636299999897, -6.67440719999996 ], [ -38.748437099999897, -6.67649749999993 ], [ -38.747230699999903, -6.67708579999993 ], [ -38.7457865, -6.67753009999996 ], [ -38.7451703, -6.67761939999997 ], [ -38.743301099999897, -6.67764369999998 ], [ -38.740114499999898, -6.67755519999997 ], [ -38.7387282, -6.67796059999995 ], [ -38.737653, -6.67860139999993 ], [ -38.7367542, -6.67926759999995 ], [ -38.7364772, -6.67961029999998 ], [ -38.7359566, -6.68025409999996 ], [ -38.734705399999903, -6.681637 ], [ -38.732191, -6.68302859999994 ], [ -38.7315445, -6.68330109999994 ], [ -38.7308404999999, -6.68367409999996 ], [ -38.73051, -6.683918 ], [ -38.7290014, -6.68475009999997 ], [ -38.7275829, -6.68523029999994 ], [ -38.7273991, -6.68540569999993 ], [ -38.726273999999897, -6.68631779999993 ], [ -38.7245857999999, -6.68756519999994 ], [ -38.7232092, -6.68842469999993 ], [ -38.723070699999901, -6.68856579999994 ], [ -38.7207139, -6.68977029999996 ], [ -38.7182458999999, -6.69088139999997 ], [ -38.7175607, -6.69135779999993 ], [ -38.7171716, -6.69153489999997 ], [ -38.717072, -6.69158 ], [ -38.716100599999898, -6.69209929999994 ], [ -38.7154361, -6.69250779999993 ], [ -38.7150655, -6.69268639999996 ], [ -38.714515999999897, -6.692801 ], [ -38.713544899999903, -6.69301759999996 ], [ -38.7128805, -6.69318329999993 ], [ -38.7123841, -6.69338739999995 ], [ -38.7115199, -6.69362119999994 ], [ -38.7103334, -6.69414339999997 ], [ -38.708097, -6.69550709999993 ], [ -38.7069157, -6.696316 ], [ -38.7040855, -6.69777519999997 ], [ -38.7025027, -6.698336 ], [ -38.7022256, -6.69838719999996 ] ] ] ] } },
{ "type": "Feature", "properties": { "CD_MUN": "2309508", "NM_MUN": "Orós", "CD_RGI": "230010", "NM_RGI": "Icó", "CD_RGINT": "2303", "NM_RGINT": "Iguatu", "CD_UF": "23", "NM_UF": "Ceará", "SIGLA_UF": "CE", "CD_REGIAO": "2", "NM_REGIAO": "Nordeste", "SIGLA_RG": "NE", "CD_CONCURB": null, "NM_CONCURB": null, "AREA_KM2": 577.526 }, "geometry": { "type": "MultiPolygon", "coordinates": [ [ [ [ -39.04016982, -6.37708209999994 ], [ -39.04016988, -6.37742671999996 ], [ -39.040648379999901, -6.37794369999995 ], [ -39.04093547, -6.37834578999997 ], [ -39.04135661, -6.37886271999997 ], [ -39.041816019999899, -6.37941801999995 ], [ -39.042179679999897, -6.37978178999998 ], [ -39.04271571, -6.38026039999994 ], [ -39.043404689999903, -6.38056670499998 ], [ -39.0470559, -6.38323269999995 ], [ -39.0502619, -6.38445309999997 ], [ -39.051099399999899, -6.38505139999995 ], [ -39.051912899999898, -6.38560179999996 ], [ -39.0538508, -6.38631969999994 ], [ -39.0553821, -6.38708539999993 ], [ -39.0564348, -6.387205 ], [ -39.057942099999899, -6.38682179999995 ], [ -39.0587555, -6.38663029999998 ], [ -39.0593296, -6.38596 ], [ -39.059664499999897, -6.38572059999996 ], [ -39.0602866, -6.38550519999995 ], [ -39.0606933, -6.38521789999993 ], [ -39.0609325, -6.38490669999993 ], [ -39.0611479, -6.38420159999993 ], [ -39.0613624, -6.38338509999994 ], [ -39.062309599999899, -6.38210209999994 ], [ -39.0627402, -6.38178609999994 ], [ -39.063199499999897, -6.38132649999994 ], [ -39.0635344, -6.38083819999997 ], [ -39.0638375, -6.38039459999993 ], [ -39.0638438, -6.37978219999997 ], [ -39.0637768, -6.379206 ], [ -39.063789799999903, -6.37912339999997 ], [ -39.063881599999903, -6.37854019999997 ], [ -39.0640217, -6.37835739999997 ], [ -39.065131199999897, -6.37764539999995 ], [ -39.0653460999999, -6.37741129999995 ], [ -39.065909599999898, -6.37679709999998 ], [ -39.0667017, -6.37645829999997 ], [ -39.067023499999898, -6.37625469999995 ], [ -39.067915, -6.37531289999993 ], [ -39.0685976, -6.37498619999997 ], [ -39.070055399999902, -6.37424089999996 ], [ -39.0706056, -6.37353479999996 ], [ -39.071131799999897, -6.37300809999994 ], [ -39.0719801, -6.372897 ], [ -39.072437599999901, -6.37268429999995 ], [ -39.073081499999901, -6.37220609999997 ], [ -39.0734164, -6.37178719999997 ], [ -39.073811099999901, -6.371464 ], [ -39.0739786, -6.37110489999998 ], [ -39.0746842, -6.37018329999995 ], [ -39.0749233, -6.36965669999995 ], [ -39.075210399999897, -6.36922589999995 ], [ -39.0754615, -6.36872319999998 ], [ -39.0758203, -6.36796919999995 ], [ -39.0764182, -6.36703569999997 ], [ -39.0765233, -6.36577309999996 ], [ -39.077623699999897, -6.36529419999994 ], [ -39.0789493999999, -6.36523809999994 ], [ -39.079312699999903, -6.36509649999994 ], [ -39.079595299999902, -6.36491489999997 ], [ -39.0801978, -6.36434239999994 ], [ -39.0809694, -6.36435429999995 ], [ -39.0813514, -6.36427289999995 ], [ -39.0818007, -6.36425839999993 ], [ -39.0821417, -6.36458149999993 ], [ -39.0825872, -6.36514459999995 ], [ -39.0826215, -6.36567759999997 ], [ -39.0828513, -6.36612749999995 ], [ -39.083023599999898, -6.36653919999998 ], [ -39.083301199999902, -6.366903 ], [ -39.083652599999901, -6.36701519999997 ], [ -39.0840117, -6.36743309999997 ], [ -39.0840573, -6.36771659999994 ], [ -39.0842104, -6.36788889999997 ], [ -39.084354, -6.36805169999997 ], [ -39.084650699999898, -6.36839629999997 ], [ -39.0848804, -6.36865469999998 ], [ -39.085071899999903, -6.36893229999993 ], [ -39.0851772, -6.36923869999993 ], [ -39.085225099999903, -6.36955459999996 ], [ -39.085225099999903, -6.36969819999996 ], [ -39.085139, -6.369928 ], [ -39.085052899999901, -6.37014819999996 ], [ -39.0850338, -6.37034929999993 ], [ -39.085053, -6.37060779999996 ], [ -39.085167899999902, -6.37072259999997 ], [ -39.0854358, -6.37077049999994 ], [ -39.086055799999897, -6.37099929999994 ], [ -39.0868427, -6.37141169999995 ], [ -39.087282899999899, -6.37180409999996 ], [ -39.087550899999897, -6.37214879999993 ], [ -39.087752, -6.37248379999994 ], [ -39.088048699999902, -6.37317309999997 ], [ -39.088144499999899, -6.37352729999998 ], [ -39.088154099999898, -6.37395809999992 ], [ -39.088690299999897, -6.37513559999996 ], [ -39.088891299999901, -6.37547069999994 ], [ -39.0891497, -6.37586319999997 ], [ -39.0894943, -6.37609289999995 ], [ -39.089905799999897, -6.376179 ], [ -39.0910256, -6.37690639999994 ], [ -39.091657199999901, -6.37699239999995 ], [ -39.0920017, -6.37696369999998 ], [ -39.092231399999903, -6.37706889999993 ], [ -39.0924385, -6.37796859999997 ], [ -39.092429099999897, -6.37860039999993 ], [ -39.0923718, -6.379778 ], [ -39.0927738, -6.38014179999993 ], [ -39.0931184, -6.38035229999997 ], [ -39.093367199999904, -6.38045759999994 ], [ -39.0936483999999, -6.38041949999996 ], [ -39.0938302, -6.38041949999996 ], [ -39.094079, -6.38031409999996 ], [ -39.094279899999897, -6.38019919999994 ], [ -39.0945574, -6.38013209999997 ], [ -39.0948157999999, -6.38009379999994 ], [ -39.095064599999901, -6.38000759999994 ], [ -39.0951699, -6.38002669999997 ], [ -39.095217799999901, -6.38014159999994 ], [ -39.095217799999901, -6.38036179999995 ], [ -39.0953709, -6.38042879999995 ], [ -39.095763299999902, -6.38062019999995 ], [ -39.09606, -6.38078289999993 ], [ -39.0963376, -6.38081159999996 ], [ -39.0966055, -6.38088809999994 ], [ -39.096902199999903, -6.38100289999994 ], [ -39.097955, -6.38136649999996 ], [ -39.098156, -6.38145269999995 ], [ -39.098443099999898, -6.38165369999996 ], [ -39.098634499999903, -6.38164409999996 ], [ -39.0995055, -6.382182 ], [ -39.1001621999999, -6.38214129999994 ], [ -39.1004684, -6.38205509999995 ], [ -39.1008416, -6.38212209999995 ], [ -39.101061699999903, -6.38201669999995 ], [ -39.1013201, -6.38214109999996 ], [ -39.1015116, -6.38237079999993 ], [ -39.101502099999898, -6.38268679999993 ], [ -39.1016839, -6.38267719999993 ], [ -39.101808199999901, -6.38215059999993 ], [ -39.1019135, -6.38213139999993 ], [ -39.1022389, -6.38235159999994 ], [ -39.102347699999903, -6.38231349999995 ], [ -39.1025774, -6.38241879999993 ], [ -39.1030847, -6.38258139999994 ], [ -39.1034771, -6.38265789999997 ], [ -39.1039555999999, -6.382744 ], [ -39.104319299999901, -6.38297369999998 ], [ -39.104549, -6.38319389999998 ], [ -39.104616, -6.38332789999993 ], [ -39.104588, -6.38353789999996 ], [ -39.1044438, -6.38361509999993 ], [ -39.1041759, -6.38380669999998 ], [ -39.104080199999899, -6.38402689999998 ], [ -39.1040803, -6.38417049999993 ], [ -39.1041377, -6.38428539999995 ], [ -39.1043483, -6.38439059999996 ], [ -39.1044821999999, -6.38440019999996 ], [ -39.1047598, -6.384582 ], [ -39.1047981, -6.38479269999993 ], [ -39.104941799999899, -6.38518519999997 ], [ -39.1050853, -6.38529039999997 ], [ -39.1054012, -6.385501 ], [ -39.1059754, -6.38580719999993 ], [ -39.1064827, -6.38597949999996 ], [ -39.106903799999898, -6.38619 ], [ -39.107248399999897, -6.38646759999995 ], [ -39.1075372, -6.38698969999996 ], [ -39.1079341, -6.38769259999998 ], [ -39.108049, -6.38797979999993 ], [ -39.1080585999999, -6.38836279999992 ], [ -39.1078246, -6.38856929999997 ], [ -39.1077561, -6.38882259999997 ], [ -39.1078997, -6.38908109999994 ], [ -39.108091199999897, -6.38951189999995 ], [ -39.1084549, -6.38990429999996 ], [ -39.1091632, -6.390134 ], [ -39.1105891999999, -6.39057409999998 ], [ -39.1132784, -6.39065959999994 ], [ -39.114752199999899, -6.39063059999995 ], [ -39.115068, -6.39050609999993 ], [ -39.1152594, -6.39056349999993 ], [ -39.115336, -6.39068789999993 ], [ -39.115623099999901, -6.39076439999997 ], [ -39.116015499999897, -6.39077389999994 ], [ -39.1161686, -6.39076429999994 ], [ -39.1164749, -6.39117589999995 ], [ -39.116647199999903, -6.39141519999993 ], [ -39.116943999999897, -6.39190339999993 ], [ -39.117087599999898, -6.39227679999993 ], [ -39.117183399999902, -6.39252569999996 ], [ -39.117576, -6.39340639999995 ], [ -39.118045, -6.393952 ], [ -39.1184853, -6.39417209999993 ], [ -39.1194424, -6.394574 ], [ -39.119959299999898, -6.39499509999996 ], [ -39.1205241, -6.395579 ], [ -39.120753799999903, -6.39573209999998 ], [ -39.1209931, -6.39589479999995 ], [ -39.1211941, -6.39600009999998 ], [ -39.1216917, -6.39607649999994 ], [ -39.121902299999903, -6.39622969999994 ], [ -39.122065099999901, -6.39641149999994 ], [ -39.122275699999904, -6.39683269999995 ], [ -39.1223906, -6.39720609999995 ], [ -39.122362, -6.39769439999998 ], [ -39.1223719, -6.39899639999993 ], [ -39.1223146, -6.39940809999996 ], [ -39.1223242, -6.39955169999996 ], [ -39.122219099999903, -6.40030809999996 ], [ -39.122219099999903, -6.40040379999994 ], [ -39.122247899999898, -6.40068139999994 ], [ -39.122315, -6.40097819999994 ], [ -39.122401099999898, -6.40111219999994 ], [ -39.1228414, -6.40113129999997 ], [ -39.123013699999902, -6.40123649999992 ], [ -39.1234444, -6.40138959999996 ], [ -39.1238751, -6.401581 ], [ -39.1240665, -6.40173409999994 ], [ -39.125004499999903, -6.40215639999997 ], [ -39.125655799999898, -6.40286119999996 ], [ -39.1260387, -6.40341159999997 ], [ -39.1264935, -6.40427309999995 ], [ -39.1271158, -6.40503889999997 ], [ -39.129390199999897, -6.40862879999997 ], [ -39.129740899999902, -6.398864 ], [ -39.1296444, -6.391305 ], [ -39.1299243, -6.38933829999996 ], [ -39.1255596, -6.38666919999997 ], [ -39.1246235999999, -6.38638719999994 ], [ -39.120765499999898, -6.38558029999996 ], [ -39.1189707, -6.38375569999994 ], [ -39.117923399999903, -6.38106329999994 ], [ -39.1165591, -6.37763709999996 ], [ -39.1143213, -6.37365249999993 ], [ -39.1125221, -6.36946159999997 ], [ -39.1112694, -6.36776579999997 ], [ -39.1101378, -6.36565819999993 ], [ -39.1100246, -6.36493 ], [ -39.109471799999902, -6.36344289999994 ], [ -39.108447, -6.36200569999994 ], [ -39.1063816, -6.36087269999996 ], [ -39.105527, -6.360112 ], [ -39.104584499999902, -6.358644 ], [ -39.1030562, -6.35772339999994 ], [ -39.1019185, -6.35675659999993 ], [ -39.101812499999902, -6.35558789999993 ], [ -39.1022967, -6.35338679999995 ], [ -39.1009654, -6.346929 ], [ -39.1011912, -6.34570319999995 ], [ -39.100197, -6.34317489999995 ], [ -39.0979353, -6.34097079999998 ], [ -39.097287799999897, -6.34033949999997 ], [ -39.0939956, -6.334822 ], [ -39.088098499999901, -6.33417259999993 ], [ -39.0824157, -6.333259 ], [ -39.080527199999899, -6.32921289999996 ], [ -39.0803481, -6.32861129999998 ], [ -39.0793024, -6.32509979999998 ], [ -39.0774655, -6.32175739999997 ], [ -39.075828699999903, -6.31960289999995 ], [ -39.0732424, -6.315849 ], [ -39.0731354, -6.313744 ], [ -39.0716054, -6.31132159999993 ], [ -39.070220999999897, -6.309802 ], [ -39.0623545999999, -6.30549879999995 ], [ -39.0598337, -6.303565 ], [ -39.058023499999898, -6.30145019999998 ], [ -39.0555929, -6.29791609999995 ], [ -39.052828, -6.29615779999995 ], [ -39.0563385, -6.25881879999997 ], [ -39.042402599999903, -6.248683 ], [ -39.019028499999898, -6.23168269999996 ], [ -39.0056994, -6.22198819999994 ], [ -39.003191699999903, -6.22016429999996 ], [ -38.9986314, -6.20839689999997 ], [ -38.9982707, -6.20776729999994 ], [ -38.997271899999902, -6.20483639999998 ], [ -38.997158, -6.20369559999995 ], [ -38.9965424, -6.20128029999995 ], [ -38.995963, -6.20040639999996 ], [ -38.9952417, -6.19967089999994 ], [ -38.994655, -6.19870209999993 ], [ -38.9944905, -6.19779739999996 ], [ -38.9940205, -6.19687379999993 ], [ -38.9936987, -6.19560009999998 ], [ -38.9923257, -6.19294409999998 ], [ -38.9916595, -6.191332 ], [ -38.9913784, -6.19038029999996 ], [ -38.9913811, -6.18941779999994 ], [ -38.9906319, -6.18464769999997 ], [ -38.990046199999902, -6.18273169999998 ], [ -38.989931399999897, -6.18163619999996 ], [ -38.9893557, -6.17935469999998 ], [ -38.9888793, -6.178299 ], [ -38.9881861, -6.17760869999995 ], [ -38.9877124, -6.17648429999997 ], [ -38.987266, -6.17451669999997 ], [ -38.986801399999898, -6.17203349999994 ], [ -38.9868276999999, -6.17017079999994 ], [ -38.9863533, -6.16592269999995 ], [ -38.985103299999899, -6.16280979999993 ], [ -38.9843777, -6.16046419999998 ], [ -38.9836835, -6.15974309999996 ], [ -38.983349099999899, -6.15879239999992 ], [ -38.9838273, -6.15790309999994 ], [ -38.9848251, -6.15778009999997 ], [ -38.9858527, -6.15752139999995 ], [ -38.9861862999999, -6.15662949999995 ], [ -38.9854343, -6.15479669999996 ], [ -38.984559499999897, -6.15323979999994 ], [ -38.983745199999902, -6.15195159999996 ], [ -38.9820478, -6.14998119999996 ], [ -38.9809913, -6.14805339999998 ], [ -38.978740899999899, -6.14301539999997 ], [ -38.9761308, -6.13918329999996 ], [ -38.975819999999899, -6.13831759999994 ], [ -38.974158, -6.135106 ], [ -38.9734882999999, -6.13418779999995 ], [ -38.9732966, -6.13218629999994 ], [ -38.9730522, -6.12999119999995 ], [ -38.9717696, -6.12797379999995 ], [ -38.9707953, -6.12696059999996 ], [ -38.9703516, -6.12545159999996 ], [ -38.9699856, -6.12457769999997 ], [ -38.9693015, -6.12356809999994 ], [ -38.968828899999899, -6.12242459999993 ], [ -38.968883199999901, -6.12079179999995 ], [ -38.969741, -6.11988809999997 ], [ -38.970934, -6.11956249999997 ], [ -38.975161, -6.11967849999996 ], [ -38.9754928, -6.118812 ], [ -38.975266, -6.11785029999993 ], [ -38.9742709, -6.11729939999998 ], [ -38.972851999999897, -6.11573069999997 ], [ -38.9723279, -6.114361 ], [ -38.9723289, -6.11312709999993 ], [ -38.971378199999897, -6.11129879999993 ], [ -38.970770899999899, -6.11038419999994 ], [ -38.9709101, -6.10937909999996 ], [ -38.9717995, -6.10888619999997 ], [ -38.9726021, -6.10830539999995 ], [ -38.973459799999901, -6.10799609999998 ], [ -38.9755249, -6.10787769999996 ], [ -38.9764314, -6.10802519999993 ], [ -38.977301699999899, -6.10771489999996 ], [ -38.9769942, -6.10637869999994 ], [ -38.976133499999897, -6.10281239999995 ], [ -38.9744716, -6.10318329999996 ], [ -38.9724894, -6.10293819999993 ], [ -38.9705693, -6.09584669999998 ], [ -38.970244, -6.09495569999996 ], [ -38.9697379, -6.09398949999996 ], [ -38.9681151999999, -6.09172579999995 ], [ -38.9663095, -6.09144889999993 ], [ -38.9646309, -6.09213379999994 ], [ -38.9645684, -6.09212529999996 ], [ -38.963541, -6.09198529999998 ], [ -38.9608514, -6.09128089999996 ], [ -38.960518, -6.09119359999994 ], [ -38.959767999999897, -6.09059549999995 ], [ -38.9577063999999, -6.08640439999994 ], [ -38.9574047, -6.08620839999998 ], [ -38.9562438, -6.08545419999996 ], [ -38.9549741, -6.08485619999993 ], [ -38.9542656, -6.08447439999998 ], [ -38.953268799999897, -6.08396679999993 ], [ -38.9522395, -6.08322309999994 ], [ -38.9510824, -6.08150009999997 ], [ -38.950491, -6.08061959999998 ], [ -38.9493524, -6.08008139999993 ], [ -38.9479109, -6.08071959999995 ], [ -38.944911299999902, -6.08133649999996 ], [ -38.9436822, -6.08165019999996 ], [ -38.9428806, -6.08092569999997 ], [ -38.942342499999903, -6.08043939999993 ], [ -38.9421383, -6.080271 ], [ -38.9415811, -6.07981159999997 ], [ -38.940988499999897, -6.07931829999995 ], [ -38.939854399999902, -6.07913879999995 ], [ -38.938445499999901, -6.079318 ], [ -38.9373704, -6.07936269999993 ], [ -38.9359638, -6.07944089999995 ], [ -38.9319882, -6.08035049999995 ], [ -38.9307636999999, -6.08034839999993 ], [ -38.929826499999898, -6.08052759999993 ], [ -38.9278229, -6.08085959999994 ], [ -38.9270402, -6.08162489999995 ], [ -38.926216199999899, -6.08267949999993 ], [ -38.924917, -6.08317259999995 ], [ -38.923707799999903, -6.08258949999993 ], [ -38.9217816, -6.08218559999995 ], [ -38.9204824, -6.08366509999996 ], [ -38.920034299999898, -6.08424789999998 ], [ -38.919631099999897, -6.08451689999993 ], [ -38.918825599999899, -6.08525809999998 ], [ -38.9179363, -6.08538369999997 ], [ -38.9154202, -6.08581669999995 ], [ -38.914831499999899, -6.08604929999996 ], [ -38.9126835, -6.08730529999997 ], [ -38.911696499999898, -6.08727209999995 ], [ -38.9116821, -6.08727159999995 ], [ -38.9109574, -6.08667259999993 ], [ -38.9092087, -6.08635369999996 ], [ -38.907939499999898, -6.08599469999996 ], [ -38.9074747, -6.08599469999996 ], [ -38.9072282999999, -6.08628609999994 ], [ -38.9072282, -6.08672329999996 ], [ -38.9070713, -6.08758639999996 ], [ -38.9068359, -6.08865129999998 ], [ -38.907423299999898, -6.09155249999998 ], [ -38.907064799999901, -6.09264529999996 ], [ -38.9070646, -6.09364759999994 ], [ -38.9074057999999, -6.09681749999993 ], [ -38.9075434, -6.10050209999997 ], [ -38.9074856, -6.10601849999995 ], [ -38.9075324, -6.10851249999996 ], [ -38.9069913, -6.11043189999998 ], [ -38.9068147, -6.11422079999994 ], [ -38.9068144, -6.11596949999995 ], [ -38.9065454, -6.117225 ], [ -38.906208999999897, -6.11962389999997 ], [ -38.9057606, -6.12188819999994 ], [ -38.9057331, -6.12645809999998 ], [ -38.9043472, -6.13442039999995 ], [ -38.9035095, -6.13732359999995 ], [ -38.901419299999901, -6.14123549999994 ], [ -38.8990150999999, -6.14218929999993 ], [ -38.8969392999999, -6.143041 ], [ -38.8943158, -6.14304069999997 ], [ -38.891945899999897, -6.14360489999996 ], [ -38.8907596, -6.14459079999995 ], [ -38.889401, -6.14579679999997 ], [ -38.8890471, -6.14591159999998 ], [ -38.8858264, -6.14578179999995 ], [ -38.8849513, -6.14517849999993 ], [ -38.884126299999899, -6.14491259999994 ], [ -38.883834099999902, -6.14487649999995 ], [ -38.8824331, -6.14527129999993 ], [ -38.882318199999901, -6.14559439999994 ], [ -38.8826572, -6.14654029999997 ], [ -38.881995, -6.14726019999995 ], [ -38.878813, -6.14783049999994 ], [ -38.8769682, -6.14774729999993 ], [ -38.8766431, -6.14727809999994 ], [ -38.8760952, -6.14650239999997 ], [ -38.875835499999901, -6.14516709999998 ], [ -38.8754357, -6.14415659999997 ], [ -38.874990099999899, -6.14302119999996 ], [ -38.8740874, -6.14220319999993 ], [ -38.8735518, -6.14181049999996 ], [ -38.8731991, -6.14139959999994 ], [ -38.8728115, -6.14087489999997 ], [ -38.8720579, -6.14004419999998 ], [ -38.871634, -6.13988309999996 ], [ -38.8707209, -6.139828 ], [ -38.8702522, -6.13993319999997 ], [ -38.869946, -6.14020119999998 ], [ -38.869802499999899, -6.14037349999995 ], [ -38.869496399999903, -6.14040219999993 ], [ -38.8690755, -6.14024889999996 ], [ -38.8687025, -6.14014349999997 ], [ -38.868501599999902, -6.14014339999994 ], [ -38.8681764, -6.14030609999998 ], [ -38.8675641, -6.140574 ], [ -38.866951899999897, -6.14061219999996 ], [ -38.8665693, -6.14043019999997 ], [ -38.866368599999902, -6.13984609999994 ], [ -38.866091299999901, -6.13948219999997 ], [ -38.865229199999902, -6.13921139999997 ], [ -38.8649627, -6.13912769999996 ], [ -38.863881799999902, -6.138869 ], [ -38.8636045, -6.138754 ], [ -38.863413299999898, -6.13828479999995 ], [ -38.8634362, -6.13804259999995 ], [ -38.8634901, -6.13722209999997 ], [ -38.8635667, -6.13687749999997 ], [ -38.863547599999897, -6.136619 ], [ -38.8634329, -6.13641789999997 ], [ -38.8632799, -6.13603489999997 ], [ -38.863213099999903, -6.13568059999994 ], [ -38.863041, -6.13538379999994 ], [ -38.8625628, -6.134905 ], [ -38.8621707, -6.13470379999995 ], [ -38.861625499999903, -6.13451219999996 ], [ -38.8613768, -6.13439729999993 ], [ -38.861166399999902, -6.13441639999996 ], [ -38.8609559, -6.13445459999997 ], [ -38.860755, -6.13462689999994 ], [ -38.8604106, -6.13489489999995 ], [ -38.860066199999899, -6.13502879999993 ], [ -38.8597983, -6.13520109999996 ], [ -38.8594922, -6.13525839999994 ], [ -38.859195699999901, -6.13521049999997 ], [ -38.858966199999898, -6.13488489999997 ], [ -38.858880199999902, -6.13477 ], [ -38.8586028, -6.13450189999998 ], [ -38.858191599999898, -6.13444429999993 ], [ -38.857646299999899, -6.13462609999993 ], [ -38.8573688, -6.13476959999997 ], [ -38.857072199999898, -6.13504719999997 ], [ -38.856785199999898, -6.13535349999995 ], [ -38.8566034, -6.13550659999993 ], [ -38.856326, -6.13550649999996 ], [ -38.8561156, -6.13542029999996 ], [ -38.8558861, -6.13521919999994 ], [ -38.855618299999897, -6.13501809999997 ], [ -38.855340899999902, -6.13498929999997 ], [ -38.8550827, -6.13499879999995 ], [ -38.8549487, -6.13516149999998 ], [ -38.8549295, -6.13532419999996 ], [ -38.854929399999897, -6.13573589999993 ], [ -38.8549772, -6.13597529999993 ], [ -38.8549771, -6.13617629999993 ], [ -38.8549771, -6.13641569999993 ], [ -38.8548526, -6.13697089999994 ], [ -38.8545942, -6.13724849999994 ], [ -38.8541446, -6.13738239999998 ], [ -38.853188, -6.13753529999997 ], [ -38.8529106, -6.13751609999997 ], [ -38.8525854, -6.13753519999995 ], [ -38.8522027, -6.13772659999995 ], [ -38.8520018, -6.13774559999996 ], [ -38.851667099999901, -6.13752539999996 ], [ -38.851540499999899, -6.13729549999994 ], [ -38.8513038, -6.13707529999994 ], [ -38.85051, -6.13638569999995 ], [ -38.849984, -6.13622279999993 ], [ -38.8495614, -6.13608949999997 ], [ -38.8495607999999, -6.13598569999994 ], [ -38.8495369, -6.13591089999994 ], [ -38.849530899999898, -6.13586909999998 ], [ -38.849527899999899, -6.13581819999996 ], [ -38.849527899999899, -6.13576729999994 ], [ -38.8495459, -6.13568359999994 ], [ -38.8495579, -6.13563869999996 ], [ -38.8495669, -6.13556989999995 ], [ -38.8495758, -6.13550109999994 ], [ -38.849584799999903, -6.13544119999995 ], [ -38.8497045, -6.13507929999997 ], [ -38.8498435, -6.13448949999997 ], [ -38.8496928, -6.13420559999997 ], [ -38.849645, -6.13391839999997 ], [ -38.8495973, -6.13363119999997 ], [ -38.849561499999901, -6.13332 ], [ -38.8496453, -6.13309039999996 ], [ -38.8497649, -6.13290119999994 ], [ -38.849872499999897, -6.13286529999993 ], [ -38.8499801, -6.13285339999993 ], [ -38.850554, -6.13294929999995 ], [ -38.8509367, -6.13286559999995 ], [ -38.85114, -6.13271009999994 ], [ -38.8512357, -6.132387 ], [ -38.851080399999901, -6.13205189999996 ], [ -38.8508054, -6.13183639999994 ], [ -38.8504229, -6.13166869999998 ], [ -38.850282299999897, -6.13148629999995 ], [ -38.8499954, -6.13135459999995 ], [ -38.849717499999898, -6.13120179999993 ], [ -38.8494426, -6.13101019999993 ], [ -38.8491346, -6.13091159999993 ], [ -38.8487999, -6.13077979999997 ], [ -38.8484053, -6.13070789999995 ], [ -38.8481661, -6.13086339999995 ], [ -38.847948, -6.13095 ], [ -38.847768599999903, -6.13124909999993 ], [ -38.8475533, -6.13152429999997 ], [ -38.8472424, -6.13173959999995 ], [ -38.8471587, -6.13177549999995 ], [ -38.8469315, -6.13181139999995 ], [ -38.8464377, -6.13181119999996 ], [ -38.8462296, -6.13193189999993 ], [ -38.8462499, -6.13211029999997 ], [ -38.846201999999899, -6.13230179999994 ], [ -38.845962799999903, -6.13251719999994 ], [ -38.8460105999999, -6.13269669999994 ], [ -38.8459268, -6.132948 ], [ -38.8456636, -6.13355819999992 ], [ -38.8455058, -6.13376159999996 ], [ -38.8450895, -6.13421629999993 ], [ -38.844718699999902, -6.13458719999994 ], [ -38.8443121, -6.13483839999998 ], [ -38.8441207, -6.13514949999995 ], [ -38.8437739, -6.13541259999994 ], [ -38.8431838, -6.13565689999996 ], [ -38.8429965999999, -6.13583129999995 ], [ -38.842877, -6.13587909999995 ], [ -38.8427574, -6.135891 ], [ -38.8425422, -6.135891 ], [ -38.8424944, -6.13585509999996 ], [ -38.8422911, -6.13574729999993 ], [ -38.842183599999899, -6.13565149999994 ], [ -38.8420045, -6.13453849999996 ], [ -38.8418014, -6.13405969999997 ], [ -38.8406659, -6.13313979999998 ], [ -38.8405104, -6.13299429999995 ], [ -38.840249099999902, -6.13255029999993 ], [ -38.8400920999999, -6.132324 ], [ -38.840116099999896, -6.13203669999996 ], [ -38.8400988, -6.13188909999997 ], [ -38.8400923, -6.13183329999993 ], [ -38.8400923, -6.13162979999993 ], [ -38.840439199999899, -6.13118719999994 ], [ -38.8406904, -6.13085209999997 ], [ -38.840750199999903, -6.13060079999997 ], [ -38.840690499999901, -6.13034949999997 ], [ -38.840296, -6.130122 ], [ -38.8397939, -6.13000219999998 ], [ -38.8395308999999, -6.12979869999998 ], [ -38.8392679, -6.12957119999993 ], [ -38.8387539, -6.12935559999994 ], [ -38.838287599999902, -6.12935549999997 ], [ -38.8378092, -6.12970239999993 ], [ -38.8375819, -6.12996559999993 ], [ -38.837450299999901, -6.130193 ], [ -38.837294799999903, -6.13054 ], [ -38.8371273999999, -6.13070749999997 ], [ -38.8367089, -6.13070729999993 ], [ -38.8365415, -6.13068329999993 ], [ -38.8363143, -6.13074309999996 ], [ -38.8359196, -6.13106609999994 ], [ -38.8355847999999, -6.13135319999998 ], [ -38.835357499999901, -6.13162839999995 ], [ -38.8351064, -6.13160439999996 ], [ -38.835074, -6.13145 ], [ -38.835058699999898, -6.131377 ], [ -38.835047599999903, -6.13132139999993 ], [ -38.835022799999898, -6.13119749999993 ], [ -38.835130499999899, -6.13098209999993 ], [ -38.8351187, -6.130647 ], [ -38.835023099999901, -6.13033579999995 ], [ -38.8349633999999, -6.13006059999998 ], [ -38.834987399999903, -6.12973739999995 ], [ -38.8349875, -6.12940239999995 ], [ -38.834593299999902, -6.12819349999995 ], [ -38.8344619, -6.12775069999998 ], [ -38.834330599999902, -6.127248 ], [ -38.8341753999999, -6.126482 ], [ -38.8341156, -6.12632649999995 ], [ -38.8339961, -6.12624259999996 ], [ -38.8337091, -6.12635029999996 ], [ -38.8335296999999, -6.12656559999994 ], [ -38.8328959, -6.12694839999995 ], [ -38.832465399999897, -6.12721149999993 ], [ -38.8319033, -6.12742679999997 ], [ -38.8313891, -6.12772579999995 ], [ -38.831018399999898, -6.12777349999993 ], [ -38.8306239, -6.12776149999996 ], [ -38.8305821, -6.12774509999997 ], [ -38.8303698, -6.12766209999995 ], [ -38.8302075, -6.12765049999996 ], [ -38.8302024, -6.12765009999993 ], [ -38.830195199999899, -6.12764939999994 ], [ -38.8300171, -6.12763209999997 ], [ -38.829932799999902, -6.127586 ], [ -38.8298856, -6.12756029999997 ], [ -38.829808, -6.12738669999993 ], [ -38.8297779, -6.12729649999994 ], [ -38.8297542, -6.12722509999998 ], [ -38.8295332, -6.12664459999996 ], [ -38.829359899999901, -6.12639929999995 ], [ -38.8292344, -6.12630349999995 ], [ -38.8289865, -6.12626959999994 ], [ -38.828971399999901, -6.12626749999993 ], [ -38.8288338999999, -6.12614779999996 ], [ -38.8286666, -6.12590839999996 ], [ -38.828565, -6.12576469999993 ], [ -38.828140699999899, -6.124809 ], [ -38.827949499999903, -6.12450259999997 ], [ -38.827573, -6.124442 ], [ -38.827434599999897, -6.12452589999998 ], [ -38.825766499999901, -6.12495079999997 ], [ -38.8257207999999, -6.12494839999994 ], [ -38.8236502, -6.12484239999998 ], [ -38.8215461, -6.12414759999996 ], [ -38.8212753, -6.12407269999994 ], [ -38.8211994, -6.12405169999994 ], [ -38.820517799999898, -6.12443439999993 ], [ -38.8203382, -6.12504469999993 ], [ -38.8206790999999, -6.12644789999996 ], [ -38.8204714, -6.12747159999998 ], [ -38.8199784, -6.12846729999995 ], [ -38.8199185, -6.12881429999993 ], [ -38.8204340999999, -6.12963369999994 ], [ -38.8205919, -6.12967679999997 ], [ -38.8206349, -6.13005019999997 ], [ -38.8206635, -6.13029429999995 ], [ -38.8205341, -6.13096929999995 ], [ -38.8205053, -6.13117029999995 ], [ -38.8205052, -6.13165859999998 ], [ -38.820763199999902, -6.13231929999995 ], [ -38.8207629, -6.13325269999996 ], [ -38.8205189, -6.13341059999993 ], [ -38.8202319, -6.13365469999997 ], [ -38.8202605, -6.13389879999994 ], [ -38.8204613, -6.13415739999994 ], [ -38.8207624, -6.13480369999996 ], [ -38.8207623, -6.13524889999997 ], [ -38.8207477, -6.13573719999994 ], [ -38.8207189, -6.13608179999994 ], [ -38.8207044, -6.13658439999995 ], [ -38.8204317, -6.13687159999995 ], [ -38.8203455, -6.13707259999995 ], [ -38.8200586, -6.13707249999993 ], [ -38.819253199999899, -6.13700049999994 ], [ -38.8184949, -6.13638259999993 ], [ -38.8181936, -6.13618149999996 ], [ -38.817892399999899, -6.13592289999997 ], [ -38.8177203, -6.135851 ], [ -38.817505, -6.13582219999995 ], [ -38.8173472, -6.13585089999998 ], [ -38.817246699999899, -6.13602319999995 ], [ -38.817088899999902, -6.13606619999996 ], [ -38.816902399999897, -6.13602309999993 ], [ -38.8167589, -6.13595119999997 ], [ -38.8165867, -6.13595119999997 ], [ -38.8164575, -6.13610909999994 ], [ -38.8162422999999, -6.13616649999994 ], [ -38.8156827, -6.13613749999996 ], [ -38.815238, -6.13596509999996 ], [ -38.814692799999897, -6.13577819999995 ], [ -38.8141214, -6.13558049999995 ], [ -38.813416, -6.13543669999996 ], [ -38.8130095, -6.13534079999994 ], [ -38.8126867, -6.13526889999997 ], [ -38.812339999999899, -6.13498149999998 ], [ -38.8113719, -6.13404769999994 ], [ -38.8101523999999, -6.13361649999996 ], [ -38.8087297, -6.13325689999994 ], [ -38.8082277, -6.13290969999997 ], [ -38.8077378, -6.13188029999998 ], [ -38.8072122, -6.13052779999992 ], [ -38.807140699999898, -6.12986959999995 ], [ -38.807081099999898, -6.12940279999998 ], [ -38.8069735999999, -6.12904379999998 ], [ -38.8069019, -6.12892409999995 ], [ -38.806806299999899, -6.12888809999993 ], [ -38.806172499999903, -6.12910329999994 ], [ -38.8057659, -6.12923479999995 ], [ -38.805490899999903, -6.12940229999998 ], [ -38.8050722999999, -6.12955769999996 ], [ -38.804665699999902, -6.12984479999994 ], [ -38.8044146, -6.12988059999998 ], [ -38.8042113999999, -6.12974889999998 ], [ -38.8041398, -6.12937779999993 ], [ -38.8041041, -6.12900679999996 ], [ -38.8040324, -6.12868369999995 ], [ -38.804224, -6.12788189999998 ], [ -38.8040329, -6.12741509999995 ], [ -38.8032676999999, -6.12728319999997 ], [ -38.803016699999901, -6.12710359999994 ], [ -38.802825599999899, -6.12664879999994 ], [ -38.801929599999902, -6.12459009999998 ], [ -38.801786299999897, -6.12411129999998 ], [ -38.8018804, -6.12385389999997 ], [ -38.8020256, -6.12350109999994 ], [ -38.8020377, -6.12334549999997 ], [ -38.801978, -6.12304629999994 ], [ -38.8015597999999, -6.12225629999995 ], [ -38.801067799999899, -6.12196639999996 ], [ -38.8007708, -6.12194479999994 ], [ -38.811579, -6.16310839999994 ], [ -38.8116046, -6.163201 ], [ -38.8259644, -6.215204 ], [ -38.8267202, -6.21794129999995 ], [ -38.826937, -6.21896419999996 ], [ -38.8268409, -6.22035239999997 ], [ -38.826945599999902, -6.22196539999993 ], [ -38.826873799999902, -6.22364049999993 ], [ -38.827076799999901, -6.22504629999997 ], [ -38.8272267, -6.22549059999994 ], [ -38.828357299999901, -6.22823339999997 ], [ -38.8288911, -6.23070019999994 ], [ -38.8294923, -6.23088459999997 ], [ -38.8296837, -6.23083679999996 ], [ -38.8299582, -6.230963 ], [ -38.8301183, -6.23129519999998 ], [ -38.8302191, -6.23159819999995 ], [ -38.830110299999902, -6.23190079999995 ], [ -38.8299966, -6.23209589999993 ], [ -38.8298459, -6.23223939999997 ], [ -38.8297238, -6.23239019999994 ], [ -38.8295588, -6.23248349999994 ], [ -38.8290132999999, -6.23300029999996 ], [ -38.828884, -6.23323 ], [ -38.828762, -6.23339509999994 ], [ -38.828790599999898, -6.23360339999994 ], [ -38.8288767, -6.23383319999994 ], [ -38.828933999999897, -6.23404139999997 ], [ -38.8289195999999, -6.23427119999997 ], [ -38.8289195, -6.23440759999994 ], [ -38.8290056, -6.23453689999997 ], [ -38.829019899999899, -6.23469489999997 ], [ -38.8291275, -6.23488159999994 ], [ -38.8292494, -6.23503239999997 ], [ -38.829421599999897, -6.23517609999993 ], [ -38.829636799999903, -6.23533409999993 ], [ -38.8298664, -6.23538449999995 ], [ -38.830139, -6.23557119999998 ], [ -38.830397199999901, -6.23578669999995 ], [ -38.830727099999898, -6.23626069999995 ], [ -38.8307773, -6.236548 ], [ -38.830856099999899, -6.23687829999994 ], [ -38.8308632, -6.237065 ], [ -38.8308632, -6.23721579999994 ], [ -38.830899, -6.23743119999995 ], [ -38.831006499999901, -6.23779739999998 ], [ -38.8310208, -6.23803439999995 ], [ -38.8310207, -6.23822109999998 ], [ -38.830956, -6.238458 ], [ -38.8308555, -6.23866619999995 ], [ -38.8307263, -6.23886719999996 ], [ -38.8304464, -6.23898919999993 ], [ -38.8302024, -6.23900349999997 ], [ -38.8300087, -6.23907519999995 ], [ -38.829743199999903, -6.23921159999998 ], [ -38.8292049, -6.23936219999996 ], [ -38.8289179, -6.23953439999997 ], [ -38.8288605, -6.23958469999997 ], [ -38.828781499999899, -6.23969949999997 ], [ -38.8286666, -6.23981439999994 ], [ -38.828601999999897, -6.23990049999998 ], [ -38.8285877, -6.24000109999997 ], [ -38.8286664, -6.24041039999997 ], [ -38.8287166, -6.24057549999998 ], [ -38.8286735, -6.24064729999998 ], [ -38.828601799999902, -6.24068319999998 ], [ -38.828565899999901, -6.24072629999995 ], [ -38.8285228, -6.240755 ], [ -38.828451099999903, -6.24073339999995 ], [ -38.828408, -6.24069029999993 ], [ -38.828321899999899, -6.24069029999993 ], [ -38.8282574, -6.24069749999995 ], [ -38.8281282, -6.24079079999996 ], [ -38.827966699999898, -6.24083379999996 ], [ -38.827865, -6.24087559999998 ], [ -38.8277992, -6.24096539999994 ], [ -38.827721499999903, -6.241109 ], [ -38.8276556, -6.24124059999997 ], [ -38.8276496, -6.24137219999994 ], [ -38.8276496, -6.24154569999996 ], [ -38.827739199999897, -6.24176719999997 ], [ -38.8278228, -6.24189879999994 ], [ -38.8278945, -6.24206039999996 ], [ -38.828032, -6.24216819999998 ], [ -38.8280679, -6.24229379999997 ], [ -38.8280678, -6.24246139999997 ], [ -38.8280439, -6.242617 ], [ -38.828073699999898, -6.24271869999995 ], [ -38.828091599999901, -6.24285029999993 ], [ -38.8281095, -6.242976 ], [ -38.828205099999899, -6.24319739999993 ], [ -38.828205099999899, -6.24338889999996 ], [ -38.8281572, -6.24352649999997 ], [ -38.8281332, -6.24363419999997 ], [ -38.8280973, -6.24375389999994 ], [ -38.8280973, -6.24390939999995 ], [ -38.828115099999899, -6.24411289999995 ], [ -38.828150999999899, -6.24425649999995 ], [ -38.8283124, -6.24436429999997 ], [ -38.8284618, -6.24440619999996 ], [ -38.828665199999897, -6.24434049999996 ], [ -38.8287668, -6.24429859999998 ], [ -38.829006, -6.24431659999993 ], [ -38.8292033, -6.24437649999993 ], [ -38.829305, -6.24441249999995 ], [ -38.8297236, -6.24421509999996 ], [ -38.8303038, -6.24376659999996 ], [ -38.8304054, -6.24375459999993 ], [ -38.8304651999999, -6.24376059999997 ], [ -38.830531, -6.24379649999997 ], [ -38.8305609, -6.24387429999996 ], [ -38.830602699999901, -6.244012 ], [ -38.8305607, -6.24428719999997 ], [ -38.8304889, -6.24462829999993 ], [ -38.830422999999897, -6.24498729999993 ], [ -38.8303989, -6.24542409999998 ], [ -38.8304646, -6.24561559999995 ], [ -38.8307214, -6.24655509999997 ], [ -38.8308205, -6.24691909999996 ], [ -38.8308503, -6.24708669999995 ], [ -38.8308981, -6.247326 ], [ -38.8311191, -6.24811 ], [ -38.831119, -6.24833739999997 ], [ -38.8311189, -6.24852879999997 ], [ -38.831059099999898, -6.24870829999998 ], [ -38.8309993, -6.24879209999995 ], [ -38.8309992, -6.24895359999994 ], [ -38.8309753, -6.24909129999998 ], [ -38.8309154, -6.24915709999993 ], [ -38.8306582, -6.249528 ], [ -38.830676099999899, -6.24965359999993 ], [ -38.830568399999898, -6.24982709999995 ], [ -38.830538499999903, -6.24984509999996 ], [ -38.8303979, -6.24997059999993 ], [ -38.8303172, -6.25009029999995 ], [ -38.830323099999902, -6.25021 ], [ -38.830323, -6.25040749999994 ], [ -38.830263199999898, -6.25062879999996 ], [ -38.8301734, -6.25083819999998 ], [ -38.830119599999897, -6.25099979999993 ], [ -38.8301673, -6.25132889999998 ], [ -38.830257, -6.25140069999998 ], [ -38.8303764999999, -6.25141269999995 ], [ -38.8305439, -6.25153849999998 ], [ -38.8305798, -6.25159229999997 ], [ -38.8305917, -6.25173589999997 ], [ -38.830573699999903, -6.25188549999996 ], [ -38.830543799999901, -6.25199919999994 ], [ -38.830454, -6.25212479999993 ], [ -38.830226799999899, -6.25228029999994 ], [ -38.830119099999898, -6.25241189999997 ], [ -38.830119099999898, -6.25254359999997 ], [ -38.830113, -6.25270509999996 ], [ -38.8301488, -6.25286069999993 ], [ -38.8300237999999, -6.25304439999996 ], [ -38.8299471999999, -6.25317839999997 ], [ -38.8299281, -6.25329329999994 ], [ -38.829985399999899, -6.25360919999997 ], [ -38.8300618, -6.25381029999994 ], [ -38.8301574, -6.254088 ], [ -38.830167, -6.25417419999997 ], [ -38.8299468, -6.25438469999995 ], [ -38.829563999999898, -6.25467179999993 ], [ -38.829209999999897, -6.25488229999996 ], [ -38.8289229, -6.25503539999994 ], [ -38.8288272, -6.25513109999997 ], [ -38.828808, -6.255246 ], [ -38.8290567, -6.25564819999994 ], [ -38.829123599999903, -6.25582049999997 ], [ -38.8291331, -6.256079 ], [ -38.8291043, -6.25626089999997 ], [ -38.8290277, -6.25630879999994 ], [ -38.828893799999904, -6.25632789999997 ], [ -38.828817199999897, -6.25645229999998 ], [ -38.8288459, -6.25657679999995 ], [ -38.8288458, -6.25666289999998 ], [ -38.8287884, -6.25680649999993 ], [ -38.8286831, -6.25695009999993 ], [ -38.8285683, -6.25704579999996 ], [ -38.828453399999901, -6.25708409999993 ], [ -38.828328999999897, -6.25730419999996 ], [ -38.8283193, -6.25749569999994 ], [ -38.8283193, -6.25777329999994 ], [ -38.8283383, -6.25813719999996 ], [ -38.8283382, -6.25841479999997 ], [ -38.828319, -6.25857749999994 ], [ -38.828338099999897, -6.25871159999997 ], [ -38.828338099999897, -6.25874989999994 ], [ -38.828189699999903, -6.25887189999997 ], [ -38.8280581, -6.25902739999998 ], [ -38.8279684, -6.259171 ], [ -38.8278248, -6.25938159999993 ], [ -38.8277411, -6.25949409999993 ], [ -38.8276681, -6.25961129999996 ], [ -38.8275616, -6.25972139999993 ], [ -38.8275722999999, -6.25985059999994 ], [ -38.8276392, -6.26003259999993 ], [ -38.8277922, -6.26021449999996 ], [ -38.828012199999897, -6.26060709999996 ], [ -38.828165199999901, -6.26081779999993 ], [ -38.828413899999902, -6.26100939999998 ], [ -38.828433, -6.26103809999995 ], [ -38.8287295, -6.261268 ], [ -38.828844199999899, -6.26155519999998 ], [ -38.8289877, -6.26181369999995 ], [ -38.829178899999903, -6.26217759999997 ], [ -38.8292266999999, -6.26239779999997 ], [ -38.829322299999902, -6.26260849999994 ], [ -38.8294083, -6.26296279999997 ], [ -38.829417799999902, -6.26315419999997 ], [ -38.8294273, -6.26340319999997 ], [ -38.8291187, -6.263421 ], [ -38.8289991, -6.263397 ], [ -38.8287718999999, -6.26336109999994 ], [ -38.828616399999902, -6.263361 ], [ -38.828449, -6.26342079999995 ], [ -38.8283652, -6.26354039999995 ], [ -38.8281858, -6.263696 ], [ -38.8278629, -6.26369579999994 ], [ -38.8276954, -6.26369579999994 ], [ -38.8274443, -6.26374359999994 ], [ -38.827138499999897, -6.26369469999997 ], [ -38.8269232, -6.263709 ], [ -38.826664799999897, -6.26385249999993 ], [ -38.8264065, -6.26389549999993 ], [ -38.826363399999899, -6.26402479999996 ], [ -38.8268234, -6.26430819999996 ], [ -38.8276979, -6.26470019999994 ], [ -38.8283435, -6.26523169999996 ], [ -38.828501199999899, -6.26574879999993 ], [ -38.8278695, -6.26659589999997 ], [ -38.8269076999999, -6.26712689999994 ], [ -38.8259174, -6.26741379999993 ], [ -38.824898399999903, -6.26737039999995 ], [ -38.823707199999902, -6.26751359999997 ], [ -38.8231330999999, -6.26757079999993 ], [ -38.8222863, -6.26781469999997 ], [ -38.8217552, -6.26804429999993 ], [ -38.8213531, -6.26866159999997 ], [ -38.8213249, -6.26963909999995 ], [ -38.8204327, -6.27073109999998 ], [ -38.820393399999901, -6.27192179999997 ], [ -38.820883799999898, -6.27253979999995 ], [ -38.821457699999897, -6.27310249999994 ], [ -38.821983799999899, -6.27347359999993 ], [ -38.821923599999899, -6.27449079999997 ], [ -38.8217916, -6.27596279999995 ], [ -38.8218752, -6.27623809999994 ], [ -38.8226046999999, -6.27632209999996 ], [ -38.8233092, -6.27630329999994 ], [ -38.8234204, -6.27632949999997 ], [ -38.8235448, -6.27626259999994 ], [ -38.823611899999896, -6.27604239999994 ], [ -38.823611899999896, -6.27594659999994 ], [ -38.8236406, -6.27589879999994 ], [ -38.8238511, -6.27587009999996 ], [ -38.823937199999897, -6.27581269999996 ], [ -38.824118999999897, -6.27581279999993 ], [ -38.8242721, -6.27590859999998 ], [ -38.824358199999899, -6.27601389999995 ], [ -38.8246068999999, -6.27617669999995 ], [ -38.8248172999999, -6.27638739999998 ], [ -38.8250277, -6.27670349999994 ], [ -38.8253434, -6.27684719999996 ], [ -38.825668699999902, -6.27684729999993 ], [ -38.825907899999898, -6.27687609999998 ], [ -38.8260131, -6.27704839999996 ], [ -38.826089599999897, -6.27720159999996 ], [ -38.8262139, -6.27735489999998 ], [ -38.8264244, -6.27741239999995 ], [ -38.8266826999999, -6.27746989999997 ], [ -38.8268930999999, -6.27758489999997 ], [ -38.8270175, -6.27775719999994 ], [ -38.8270461, -6.27792959999994 ], [ -38.827227799999903, -6.27814979999994 ], [ -38.827467, -6.27822649999996 ], [ -38.8276488, -6.27826489999995 ], [ -38.8278114, -6.27834149999995 ], [ -38.8279166, -6.27860959999992 ], [ -38.828040799999897, -6.27913619999993 ], [ -38.8282702, -6.27965329999995 ], [ -38.828519, -6.27973 ], [ -38.8286816, -6.27982579999997 ], [ -38.8287677, -6.27987359999997 ], [ -38.828978199999902, -6.27994069999994 ], [ -38.829217399999898, -6.28001739999996 ], [ -38.829389499999898, -6.28019939999996 ], [ -38.829494699999898, -6.28041959999996 ], [ -38.8297052, -6.28049629999992 ], [ -38.8299635, -6.28058249999998 ], [ -38.830039999999897, -6.28074529999998 ], [ -38.830068599999898, -6.28093679999995 ], [ -38.8301164, -6.28114739999995 ], [ -38.830231099999899, -6.28131979999995 ], [ -38.830403299999901, -6.28154959999995 ], [ -38.830642399999903, -6.28193259999995 ], [ -38.8308551, -6.28227259999994 ], [ -38.830998599999901, -6.28259579999997 ], [ -38.8313836, -6.28283279999994 ], [ -38.831419, -6.28337059999996 ], [ -38.8314763, -6.283543 ], [ -38.8314262, -6.28380289999996 ], [ -38.831303799999901, -6.28434709999993 ], [ -38.831342, -6.28471089999994 ], [ -38.831456699999897, -6.28513219999996 ], [ -38.8315904, -6.28566839999996 ], [ -38.8318965, -6.285994 ], [ -38.8320495, -6.286243 ], [ -38.8322962, -6.28669 ], [ -38.8337523, -6.28722009999996 ], [ -38.8341159, -6.28746909999995 ], [ -38.8342306, -6.28767979999998 ], [ -38.8344599, -6.288733 ], [ -38.8345363, -6.28917339999998 ], [ -38.8346893, -6.28957559999998 ], [ -38.8350144, -6.29007349999995 ], [ -38.8354353, -6.29049489999994 ], [ -38.835645699999901, -6.29095449999994 ], [ -38.8358368, -6.29156729999994 ], [ -38.8360281, -6.29187369999994 ], [ -38.8363342, -6.29221849999993 ], [ -38.8370993999999, -6.29294629999993 ], [ -38.8418589, -6.29674319999998 ], [ -38.8783306999999, -6.32743679999993 ], [ -38.9163396, -6.30960419999997 ], [ -38.9165404, -6.310229 ], [ -38.9168774, -6.31226109999994 ], [ -38.917397799999897, -6.31338239999997 ], [ -38.9183866, -6.31466229999995 ], [ -38.919548899999903, -6.31678779999993 ], [ -38.9203094, -6.31804449999993 ], [ -38.920550799999901, -6.31878149999994 ], [ -38.9209238, -6.32005969999994 ], [ -38.9219234, -6.322511 ], [ -38.9221959, -6.32401179999994 ], [ -38.922516099999903, -6.324486 ], [ -38.9230757999999, -6.32473019999998 ], [ -38.9236643, -6.32478059999994 ], [ -38.9243532, -6.32478069999996 ], [ -38.9245326, -6.32525459999994 ], [ -38.9245756, -6.32572139999996 ], [ -38.924424799999898, -6.32615219999997 ], [ -38.924489, -6.32646849999998 ], [ -38.9246974, -6.32679839999997 ], [ -38.9250132, -6.32698519999997 ], [ -38.925241399999898, -6.32727669999997 ], [ -38.925404, -6.32758789999997 ], [ -38.925557099999899, -6.32777939999994 ], [ -38.925710099999897, -6.32794219999994 ], [ -38.9258879, -6.32804989999994 ], [ -38.9260211, -6.32812889999997 ], [ -38.925968399999903, -6.32831079999994 ], [ -38.9259301, -6.32843049999997 ], [ -38.9259397, -6.328531 ], [ -38.9260545, -6.32867939999994 ], [ -38.926189899999898, -6.32879479999997 ], [ -38.926625999999899, -6.32897379999997 ], [ -38.9269434, -6.32939809999993 ], [ -38.9267594, -6.32990759999996 ], [ -38.9268079, -6.33042669999998 ], [ -38.9266876, -6.33069169999993 ], [ -38.9265827, -6.33075589999993 ], [ -38.926211099999897, -6.33098559999996 ], [ -38.9256477, -6.33121349999993 ], [ -38.9251133, -6.33147039999994 ], [ -38.924723599999901, -6.33186109999997 ], [ -38.9246557, -6.33220569999997 ], [ -38.925050999999897, -6.33243479999993 ], [ -38.9270531, -6.33411529999995 ], [ -38.9274693, -6.334058 ], [ -38.9277486, -6.33405979999998 ], [ -38.928174399999897, -6.33422539999998 ], [ -38.928904499999902, -6.335207 ], [ -38.929335, -6.33603279999994 ], [ -38.9302536, -6.33637759999993 ], [ -38.9311076, -6.33665779999995 ], [ -38.9325861, -6.33612659999994 ], [ -38.9334833, -6.33611159999998 ], [ -38.9337464, -6.336357 ], [ -38.9342366, -6.33828979999993 ], [ -38.9341034999999, -6.33867739999994 ], [ -38.9342086, -6.33943139999997 ], [ -38.934481499999897, -6.34001909999995 ], [ -38.935066, -6.340194 ], [ -38.9357075, -6.34029879999997 ], [ -38.9363822, -6.33995429999993 ], [ -38.937308099999903, -6.33867629999997 ], [ -38.9388298, -6.33742709999996 ], [ -38.9393464999999, -6.33712549999996 ], [ -38.9407102, -6.336501 ], [ -38.941169499999901, -6.33648669999997 ], [ -38.943451599999896, -6.33722419999998 ], [ -38.943506, -6.337268 ], [ -38.943832, -6.33773639999993 ], [ -38.9442505, -6.33823909999995 ], [ -38.944705, -6.33871779999993 ], [ -38.9450758, -6.33894519999996 ], [ -38.9453389, -6.33930429999998 ], [ -38.945434599999899, -6.33942389999993 ], [ -38.945937, -6.33951969999993 ], [ -38.946319699999897, -6.339424 ], [ -38.9464872, -6.33934029999995 ], [ -38.9466666, -6.33938819999997 ], [ -38.9469776, -6.33938819999997 ], [ -38.9471331, -6.33922069999994 ], [ -38.947181, -6.33900529999994 ], [ -38.9475638, -6.338383 ], [ -38.9477911, -6.33817959999993 ], [ -38.9480662, -6.33810779999993 ], [ -38.948269599999897, -6.33810779999993 ], [ -38.9483294, -6.33822749999996 ], [ -38.9483772, -6.338419 ], [ -38.9485447, -6.33845489999993 ], [ -38.94876, -6.338443 ], [ -38.949047, -6.33850279999996 ], [ -38.9491666, -6.33859859999995 ], [ -38.949381899999899, -6.33858659999993 ], [ -38.949692899999903, -6.338455 ], [ -38.9498843, -6.338455 ], [ -38.9500638, -6.33845509999998 ], [ -38.9502550999999, -6.33848859999995 ], [ -38.9505134999999, -6.33853889999995 ], [ -38.9510015, -6.33856759999998 ], [ -38.951238299999901, -6.33855329999994 ], [ -38.951453699999902, -6.33851739999994 ], [ -38.951712, -6.33839539999997 ], [ -38.9518628, -6.33831639999994 ], [ -38.952078099999902, -6.33815849999996 ], [ -38.952236, -6.338101 ], [ -38.9523078, -6.33779229999993 ], [ -38.952393899999898, -6.33744759999996 ], [ -38.952501599999898, -6.33720349999993 ], [ -38.9527313, -6.33698089999996 ], [ -38.9529251, -6.33683019999995 ], [ -38.9533340999999, -6.33669379999998 ], [ -38.9544035, -6.33650719999997 ], [ -38.9545183, -6.3365 ], [ -38.9547767, -6.33647849999994 ], [ -38.9550853, -6.33636359999997 ], [ -38.9553509, -6.33619849999997 ], [ -38.9554155, -6.33607639999997 ], [ -38.9554729, -6.33596869999997 ], [ -38.955537499999899, -6.33568149999996 ], [ -38.9556595, -6.33561689999993 ], [ -38.955817399999901, -6.335581 ], [ -38.955889199999902, -6.33550919999993 ], [ -38.9563198, -6.33528669999993 ], [ -38.9565567, -6.3351 ], [ -38.956772, -6.33499949999998 ], [ -38.957016, -6.33494919999993 ], [ -38.957297599999897, -6.33496509999998 ], [ -38.9578054, -6.33502109999995 ], [ -38.958071, -6.33516469999995 ], [ -38.958695299999903, -6.33524379999994 ], [ -38.9595297, -6.33509269999996 ], [ -38.959980899999898, -6.33507279999998 ], [ -38.9600134, -6.33509359999994 ], [ -38.960253, -6.33524829999993 ], [ -38.960821699999897, -6.33585179999994 ], [ -38.9621887, -6.33649679999996 ], [ -38.9630347, -6.33683549999995 ], [ -38.964680499999901, -6.33735259999997 ], [ -38.966257, -6.33782889999998 ], [ -38.967312, -6.33807079999997 ], [ -38.9684602, -6.33860219999997 ], [ -38.969116, -6.33889 ], [ -38.969750099999899, -6.339468 ], [ -38.9701924, -6.34026869999997 ], [ -38.9709553, -6.340481 ], [ -38.972209099999901, -6.34039809999996 ], [ -38.9729053, -6.34011809999993 ], [ -38.973149299999903, -6.34025449999996 ], [ -38.973594299999903, -6.34037659999996 ], [ -38.9738383, -6.34039459999997 ], [ -38.974093, -6.34031919999995 ], [ -38.974373, -6.34013969999995 ], [ -38.974645699999897, -6.340531 ], [ -38.974907599999902, -6.34075719999993 ], [ -38.9753203, -6.34104089999994 ], [ -38.9756073, -6.34113069999995 ], [ -38.975775999999897, -6.34141069999993 ], [ -38.9757114, -6.34169069999996 ], [ -38.9757408, -6.34181279999996 ], [ -38.975937799999897, -6.34198879999997 ], [ -38.976479299999902, -6.34223649999996 ], [ -38.9768381, -6.34248059999993 ], [ -38.9769744, -6.34278939999996 ], [ -38.9770103, -6.34316279999996 ], [ -38.977060499999901, -6.34342849999996 ], [ -38.976945699999902, -6.34345 ], [ -38.9767878, -6.34378749999996 ], [ -38.9768811, -6.34394539999994 ], [ -38.9770369, -6.34402659999995 ], [ -38.9770318, -6.344125 ], [ -38.976895399999897, -6.34422549999994 ], [ -38.9769744, -6.34434759999994 ], [ -38.9771825, -6.34431169999993 ], [ -38.9774216, -6.34439589999994 ], [ -38.977742299999903, -6.34463479999994 ], [ -38.9777566, -6.34483589999996 ], [ -38.977527, -6.34493639999994 ], [ -38.9777136, -6.34533849999997 ], [ -38.9778284, -6.34576209999994 ], [ -38.9780054, -6.34578369999997 ], [ -38.9783451, -6.34569749999997 ], [ -38.978773299999901, -6.34558269999997 ], [ -38.978853899999898, -6.34580779999993 ], [ -38.978881, -6.34604939999997 ], [ -38.9792183, -6.34637249999997 ], [ -38.9795771, -6.34700439999995 ], [ -38.979977, -6.34759949999994 ], [ -38.9802948, -6.34780149999995 ], [ -38.9803952, -6.34818919999998 ], [ -38.980495699999899, -6.34836869999998 ], [ -38.981074299999896, -6.34844639999994 ], [ -38.9816006, -6.34884939999995 ], [ -38.982031199999902, -6.34942379999995 ], [ -38.9819307, -6.35044579999993 ], [ -38.981866099999898, -6.35059659999996 ], [ -38.981866099999898, -6.35070429999996 ], [ -38.9820382999999, -6.35086949999993 ], [ -38.982160399999898, -6.35086949999993 ], [ -38.9821962, -6.35083359999993 ], [ -38.982311099999897, -6.35083359999993 ], [ -38.9823541, -6.35092689999993 ], [ -38.9823685, -6.35109209999996 ], [ -38.9824905, -6.35118539999996 ], [ -38.982619699999901, -6.35125009999996 ], [ -38.982662699999899, -6.35132189999996 ], [ -38.982662699999899, -6.35141519999996 ], [ -38.9826484, -6.35155879999996 ], [ -38.9826484, -6.35170239999997 ], [ -38.982641199999897, -6.351724 ], [ -38.9827417, -6.35173829999997 ], [ -38.9827991, -6.351724 ], [ -38.9829354, -6.35167369999994 ], [ -38.983079, -6.35163779999993 ], [ -38.9831149, -6.351645 ], [ -38.983122, -6.35171679999996 ], [ -38.9831866, -6.35183169999993 ], [ -38.9832369, -6.35193939999994 ], [ -38.983344499999902, -6.35199679999994 ], [ -38.983401899999897, -6.35203279999996 ], [ -38.9835527, -6.35196809999997 ], [ -38.9836675, -6.35194659999996 ], [ -38.9837393, -6.35198249999996 ], [ -38.983767999999898, -6.35206149999993 ], [ -38.9838397, -6.35214769999993 ], [ -38.9838182, -6.35223379999996 ], [ -38.983689, -6.35245639999994 ], [ -38.983638799999902, -6.35262159999996 ], [ -38.983567, -6.35276519999996 ], [ -38.9835742, -6.35288719999994 ], [ -38.9835742, -6.353038 ], [ -38.9835957, -6.35329649999994 ], [ -38.9836817999999, -6.35343289999997 ], [ -38.983667399999902, -6.35359089999997 ], [ -38.983667399999902, -6.35369859999997 ], [ -38.9836458999999, -6.353792 ], [ -38.983588499999897, -6.35384219999997 ], [ -38.9835669, -6.35392839999997 ], [ -38.9836028, -6.35402889999995 ], [ -38.983703299999902, -6.35414379999997 ], [ -38.9837105, -6.35419409999997 ], [ -38.9836961, -6.35430179999997 ], [ -38.9836531, -6.35444539999997 ], [ -38.983732, -6.35456029999995 ], [ -38.983775099999903, -6.35469669999998 ], [ -38.9837535, -6.35479 ], [ -38.983595599999902, -6.35484749999995 ], [ -38.9834521, -6.35490489999995 ], [ -38.9833874999999, -6.35489059999998 ], [ -38.983315699999899, -6.35488339999995 ], [ -38.983258299999903, -6.35489769999998 ], [ -38.9832296, -6.35496949999992 ], [ -38.9832296, -6.35507719999993 ], [ -38.983243899999898, -6.35516339999998 ], [ -38.983243899999898, -6.35521369999998 ], [ -38.9831722, -6.35526389999995 ], [ -38.9831435, -6.35533569999996 ], [ -38.983165, -6.35544339999996 ], [ -38.983279799999899, -6.35559419999993 ], [ -38.9832655, -6.35568039999993 ], [ -38.9831722, -6.355745 ], [ -38.9831219, -6.35593169999993 ], [ -38.9831004, -6.356061 ], [ -38.983086, -6.35614709999993 ], [ -38.9830071, -6.35619739999993 ], [ -38.9829496, -6.35629069999993 ], [ -38.9829209, -6.35644869999993 ], [ -38.9828492, -6.35664979999996 ], [ -38.9827271, -6.35675749999996 ], [ -38.9826338, -6.35687229999996 ], [ -38.9826338, -6.35699439999996 ], [ -38.9826482, -6.35705189999993 ], [ -38.982734299999898, -6.35715959999993 ], [ -38.9827198999999, -6.35724569999996 ], [ -38.982712799999902, -6.35736059999994 ], [ -38.982712799999902, -6.35743959999996 ], [ -38.9824973999999, -6.35746829999994 ], [ -38.9824472, -6.35748269999993 ], [ -38.982382599999902, -6.35755449999994 ], [ -38.9823898, -6.357655 ], [ -38.982418499999902, -6.35776269999997 ], [ -38.9824257, -6.35787039999997 ], [ -38.9823898, -6.35797809999997 ], [ -38.982325199999899, -6.35812889999994 ], [ -38.982346699999901, -6.35821509999994 ], [ -38.9824614999999, -6.35835149999997 ], [ -38.982439999999897, -6.35848069999997 ], [ -38.9822606, -6.35865309999997 ], [ -38.9821385, -6.35878229999997 ], [ -38.982052399999901, -6.358811 ], [ -38.982052399999901, -6.35888279999995 ], [ -38.982088299999901, -6.35899049999995 ], [ -38.982145699999897, -6.35923469999994 ], [ -38.982145699999897, -6.35950749999995 ], [ -38.981880096999902, -6.35985220699996 ], [ -38.98175809, -6.35999580999993 ], [ -38.98172941, -6.36011789499997 ], [ -38.981722195, -6.36022559999998 ], [ -38.9818442, -6.36026149499997 ], [ -38.98185139, -6.36033330999993 ], [ -38.9818442, -6.36046250499993 ], [ -38.981836985, -6.36057020999993 ], [ -38.9819591, -6.36056309999998 ], [ -38.982081105, -6.36049130999993 ], [ -38.98212411, -6.36037638999994 ], [ -38.98217311, -6.36032738999995 ], [ -38.98226771, -6.36039790499996 ], [ -38.982317904999903, -6.36055590999996 ], [ -38.982396905, -6.36066358999994 ], [ -38.98251891, -6.36071388499994 ], [ -38.982515094999897, -6.36088120999995 ], [ -38.9824326949999, -6.36092929999995 ], [ -38.98236101, -6.36094359999993 ], [ -38.9823393899999, -6.36102978999998 ], [ -38.9823323049999, -6.36110879499995 ], [ -38.9823323049999, -6.36118060499996 ], [ -38.9824326949999, -6.36122368999997 ], [ -38.982482989999902, -6.36123090499996 ], [ -38.982511695, -6.36128828499994 ], [ -38.982511695, -6.36136728999998 ], [ -38.98249729, -6.36151088999998 ], [ -38.9824326949999, -6.36171189999993 ], [ -38.982282009999899, -6.36176940999997 ], [ -38.98216719, -6.36183400999994 ], [ -38.982138409999898, -6.36195609499993 ], [ -38.98212411, -6.36203509499995 ], [ -38.982289094999899, -6.36225050999997 ], [ -38.982425505, -6.36237248999993 ], [ -38.98243991, -6.36249459999993 ], [ -38.98243991, -6.36255919999996 ], [ -38.982583405, -6.36265979499996 ], [ -38.982544399999902, -6.36274060999995 ], [ -38.9824614, -6.36277468999998 ], [ -38.982490105, -6.36283209499993 ], [ -38.982691115, -6.36285361499995 ], [ -38.982726899999903, -6.36288950499994 ], [ -38.982726899999903, -6.36299009999993 ], [ -38.9827126, -6.36308340499994 ], [ -38.982719715, -6.36330600499997 ], [ -38.982726899999903, -6.36342089999994 ], [ -38.983042704999903, -6.36357168999996 ], [ -38.983136004999899, -6.36373690999994 ], [ -38.98316471, -6.36387329499996 ], [ -38.98315041, -6.36395229499993 ], [ -38.98310011, -6.36398818999993 ], [ -38.98295659, -6.36395940999995 ], [ -38.982820204999904, -6.36395940999995 ], [ -38.98273409, -6.36395229499993 ], [ -38.982597704999897, -6.36390918499995 ], [ -38.98253311, -6.36390918499995 ], [ -38.982504404999901, -6.36394510499997 ], [ -38.982461295, -6.36403840999998 ], [ -38.982446995, -6.36411740999995 ], [ -38.982253199999903, -6.36418919999994 ], [ -38.98216709, -6.36428968999996 ], [ -38.982102489999903, -6.36444769499997 ], [ -38.982045005, -6.36455539999997 ], [ -38.9820307049999, -6.36462 ], [ -38.982122499999903, -6.36474750499997 ], [ -38.982078585, -6.36496688999995 ], [ -38.9819517, -6.36528058999994 ], [ -38.981901509999901, -6.36528058999994 ], [ -38.981772309999897, -6.36528058999994 ], [ -38.981671795, -6.36530210499996 ], [ -38.981650305, -6.36536680499995 ], [ -38.98164309, -6.36547451499996 ], [ -38.9816359, -6.36561089999998 ], [ -38.981628709999903, -6.36569708999997 ], [ -38.981628709999903, -6.36586939499995 ], [ -38.9818081, -6.36614940499993 ], [ -38.981937295, -6.36652279499998 ], [ -38.981937295, -6.36670228999998 ], [ -38.981937295, -6.36689620999994 ], [ -38.981908589999897, -6.36705418999998 ], [ -38.981764989999903, -6.36724800999997 ], [ -38.981678905, -6.36747779999996 ], [ -38.98169331, -6.36759269499993 ], [ -38.98178661, -6.367765 ], [ -38.981743504999898, -6.36799478999995 ], [ -38.981743504999898, -6.36823179999993 ], [ -38.981614309999898, -6.36859080999994 ], [ -38.981205205, -6.36887079499996 ], [ -38.9810975, -6.36906469499996 ], [ -38.980889299999902, -6.36932310999993 ], [ -38.98061661, -6.36946670999993 ], [ -38.980480195, -6.36954571499996 ], [ -38.980501789999899, -6.36964630999995 ], [ -38.980552009999897, -6.36975398999994 ], [ -38.980602205, -6.36986169499994 ], [ -38.980595095, -6.36991910499995 ], [ -38.980537604999903, -6.37000529499994 ], [ -38.980530495, -6.37010580999993 ], [ -38.980552009999897, -6.37021348999997 ], [ -38.98078471, -6.37074270999994 ], [ -38.980806405, -6.37082230499993 ], [ -38.980910789999903, -6.37080229499998 ], [ -38.9809539, -6.37078799499994 ], [ -38.981140505, -6.37073769999995 ], [ -38.9812697, -6.37070899499997 ], [ -38.98135581, -6.37062998999994 ], [ -38.981506495, -6.37062998999994 ], [ -38.9815209, -6.37065160999992 ], [ -38.9815209, -6.37075210499995 ], [ -38.98152809, -6.37082388999994 ], [ -38.98159269, -6.37100340999996 ], [ -38.981678799999898, -6.37115419999998 ], [ -38.9817434, -6.37138398999997 ], [ -38.981772104999898, -6.37159939999998 ], [ -38.981772104999898, -6.37182919499998 ], [ -38.981743294999902, -6.37197279499998 ], [ -38.981649994999898, -6.37201579999993 ], [ -38.981549604999898, -6.37204460499993 ], [ -38.981528015, -6.37208760999994 ], [ -38.981520794999902, -6.37219528999998 ], [ -38.98147779, -6.37231021499997 ], [ -38.981427494999899, -6.37243229499995 ], [ -38.98144909, -6.37254718999998 ], [ -38.98151361, -6.37264770999997 ], [ -38.98159261, -6.37272671499994 ], [ -38.9815998, -6.37279130999997 ], [ -38.981578204999899, -6.37294928999995 ], [ -38.981578204999899, -6.37310728999995 ], [ -38.981585395, -6.37323648999995 ], [ -38.981628504999897, -6.37336578499998 ], [ -38.9817288899999, -6.37351660499996 ], [ -38.981712205, -6.37364099499996 ], [ -38.9816044949999, -6.37385640999997 ], [ -38.981496789999902, -6.37429919999994 ], [ -38.981341304999901, -6.37463430999998 ], [ -38.98124559, -6.37487359999994 ], [ -38.981125995, -6.37512490499995 ], [ -38.9808872999999, -6.37543899499997 ], [ -38.98047529, -6.37711420499994 ], [ -38.9807651899999, -6.37799760499996 ], [ -38.981052285, -6.37834228999998 ], [ -38.98135851, -6.37862948999998 ], [ -38.9816073, -6.378821 ], [ -38.981932705, -6.37887840999997 ], [ -38.9822772099999, -6.378955 ], [ -38.982870499999898, -6.37895510499993 ], [ -38.98375089, -6.37874448999997 ], [ -38.983971989999901, -6.37869120999994 ], [ -38.984784509999898, -6.37849559999995 ], [ -38.986526184999903, -6.37786378499993 ], [ -38.98886128, -6.37751910999998 ], [ -38.99108052, -6.37711927999993 ], [ -38.991394919999898, -6.37716261999998 ], [ -38.9915787199999, -6.37711307999996 ], [ -38.99174218, -6.37706839999993 ], [ -38.991897279999897, -6.37696148999993 ], [ -38.991954689999901, -6.37697589999993 ], [ -38.99206958, -6.37721997999995 ], [ -38.992083889999897, -6.37737798999996 ], [ -38.99219872, -6.37743540999998 ], [ -38.99232791, -6.37744981999998 ], [ -38.9926007, -6.37744981999998 ], [ -38.9926867799999, -6.37739239999996 ], [ -38.99278731, -6.37724879999996 ], [ -38.99294521, -6.37711949999994 ], [ -38.99306, -6.37713390999994 ], [ -38.99316048, -6.37713390999994 ], [ -38.99324661, -6.37721997999995 ], [ -38.9932036, -6.37742110999994 ], [ -38.99318919, -6.37755029999994 ], [ -38.9932036, -6.37767959999996 ], [ -38.9934619799999, -6.37765088999993 ], [ -38.99364859, -6.37755029999994 ], [ -38.99382079, -6.377536 ], [ -38.99392133, -6.37757911999995 ], [ -38.993978689999899, -6.37769400999997 ], [ -38.99412229, -6.37779448999993 ], [ -38.994237069999897, -6.37785190999995 ], [ -38.99426578, -6.37798120999997 ], [ -38.99439497, -6.37805297999995 ], [ -38.99461029, -6.37793808999993 ], [ -38.99461029, -6.37782319999997 ], [ -38.994725179999897, -6.37778007999998 ], [ -38.99484002, -6.37796679999997 ], [ -38.99511281, -6.37802431999995 ], [ -38.99558651, -6.37770830999995 ], [ -38.99580178, -6.37769400999997 ], [ -38.995959679999899, -6.37780889999993 ], [ -38.99610322, -6.37790937999995 ], [ -38.99636161, -6.37825410999994 ], [ -38.996576929999897, -6.37836888999993 ], [ -38.996706119999899, -6.37842641999993 ], [ -38.99693579, -6.37845511999996 ], [ -38.99703627, -6.37849818999996 ], [ -38.997423899999902, -6.37874231999996 ], [ -38.997754, -6.37874231999996 ], [ -38.9977684099999, -6.37852689999994 ], [ -38.997639219999897, -6.37806738999996 ], [ -38.99792631, -6.37796679999997 ], [ -38.998155989999901, -6.37798120999997 ], [ -38.99828518, -6.37798120999997 ], [ -38.998471789999897, -6.37778018999995 ], [ -38.998557909999903, -6.37765088999993 ], [ -38.9987875899999, -6.37760782999993 ], [ -38.998873719999899, -6.37744992999995 ], [ -38.998988499999903, -6.37724879999996 ], [ -38.99918952, -6.37720567999997 ], [ -38.99941919, -6.37717702999993 ], [ -38.99951973, -6.37723438999996 ], [ -38.99963451, -6.37706207999997 ], [ -38.99969193, -6.37693288999998 ], [ -38.99983553, -6.37686111999994 ], [ -38.9999359, -6.37686111999994 ], [ -39.00018721, -6.37677487999997 ], [ -39.000359419999903, -6.37659539999993 ], [ -39.000359419999903, -6.37643738999998 ], [ -39.000359419999903, -6.37630819999993 ], [ -39.000452719999899, -6.37618606999996 ], [ -39.00074699, -6.37614300999996 ], [ -39.001019729999904, -6.37617889999996 ], [ -39.001378589999902, -6.37626507999994 ], [ -39.001493369999899, -6.37642308999995 ], [ -39.0015652, -6.37655227999994 ], [ -39.001960009999898, -6.376739 ], [ -39.002082019999897, -6.37671028999995 ], [ -39.002168089999898, -6.37671740999997 ], [ -39.0022471, -6.37678210999997 ], [ -39.00262749, -6.37702619999993 ], [ -39.00279252, -6.37717702999993 ], [ -39.00284999, -6.37755040999997 ], [ -39.002878699999897, -6.37772271999995 ], [ -39.002964769999899, -6.37774418999993 ], [ -39.003086789999898, -6.37766529999993 ], [ -39.00323751, -6.37750728999993 ], [ -39.00347442, -6.37735650999997 ], [ -39.003747099999899, -6.37726320999997 ], [ -39.00386199, -6.37709801999995 ], [ -39.00394089, -6.37694000999994 ], [ -39.00407731, -6.37684670999994 ], [ -39.004227979999897, -6.37683229999993 ], [ -39.00424951, -6.37693277999995 ], [ -39.00429257, -6.37705489999996 ], [ -39.00430698, -6.37718419999993 ], [ -39.004335689999898, -6.37728468999995 ], [ -39.004443299999899, -6.37735650999997 ], [ -39.004665789999898, -6.37743551999995 ], [ -39.00487399, -6.37755747999995 ], [ -39.00496729, -6.37762929999997 ], [ -39.005118019999898, -6.37758628999995 ], [ -39.00517538, -6.37754317999998 ], [ -39.00529033, -6.37751451999998 ], [ -39.00541952, -6.37750728999993 ], [ -39.005476879999897, -6.37752158999996 ], [ -39.00549841, -6.37758628999995 ], [ -39.0054696999999, -6.37768677999998 ], [ -39.0054696999999, -6.37778730999997 ], [ -39.0055343, -6.37781601999995 ], [ -39.005677789999901, -6.37782319999997 ], [ -39.005771099999897, -6.37782319999997 ], [ -39.00584292, -6.37772271999995 ], [ -39.00584292, -6.37752158999996 ], [ -39.005771099999897, -6.37735650999997 ], [ -39.005548599999898, -6.37721290999997 ], [ -39.005476879999897, -6.37706930999997 ], [ -39.00551989, -6.37696871999998 ], [ -39.00562043, -6.37684670999994 ], [ -39.00584292, -6.37683947999994 ], [ -39.00601518, -6.37657380999997 ], [ -39.006036709999897, -6.37637990999997 ], [ -39.00615872, -6.37622907999997 ], [ -39.0062663799999, -6.37620036999994 ], [ -39.006517589999902, -6.37620036999994 ], [ -39.00663243, -6.37627219999996 ], [ -39.00668272, -6.37637267999997 ], [ -39.00689081, -6.37663840999994 ], [ -39.00707742, -6.37665998999995 ], [ -39.007256799999901, -6.37669587999994 ], [ -39.007364509999903, -6.37681070999997 ], [ -39.00747222, -6.37709078999995 ], [ -39.0076516, -6.37727750999994 ], [ -39.00790998, -6.37729898999993 ], [ -39.00801052, -6.37726309999994 ], [ -39.00808942, -6.37708360999994 ], [ -39.0082976099999, -6.37686100999997 ], [ -39.008505699999901, -6.37675329999996 ], [ -39.008642119999898, -6.37675329999996 ], [ -39.008749669999901, -6.37676759999994 ], [ -39.008893269999902, -6.37660251999995 ], [ -39.00892198, -6.37645891999995 ], [ -39.008979399999902, -6.37631531999995 ], [ -39.0091421, -6.37609270999997 ], [ -39.00939331, -6.37609270999997 ], [ -39.0095967, -6.37616448999995 ], [ -39.00996749, -6.37616448999995 ], [ -39.01036219, -6.37616448999995 ], [ -39.0105296999999, -6.37614046999994 ], [ -39.01050579, -6.37594900999994 ], [ -39.01050579, -6.37573357999997 ], [ -39.01060152, -6.37572170999994 ], [ -39.010757, -6.37579347999997 ], [ -39.010888619999903, -6.37594900999994 ], [ -39.01103211, -6.37581738999995 ], [ -39.01103211, -6.37564976999994 ], [ -39.01103211, -6.37549429999996 ], [ -39.01196521, -6.37495567999997 ], [ -39.01240777, -6.37494369999996 ], [ -39.01296998, -6.37499161999995 ], [ -39.013591969999901, -6.37499161999995 ], [ -39.0140585, -6.37489577999997 ], [ -39.0142977799999, -6.37488390999994 ], [ -39.01472842, -6.37468040999994 ], [ -39.01497962, -6.37454867999998 ], [ -39.015183009999902, -6.37460857999997 ], [ -39.015386299999903, -6.37481202999993 ], [ -39.015529899999898, -6.37505140999997 ], [ -39.01579308, -6.37521891999995 ], [ -39.01612799, -6.37521891999995 ], [ -39.01639117, -6.37484790999997 ], [ -39.016749979999901, -6.37428538999995 ], [ -39.0168457199999, -6.37407000999997 ], [ -39.01700119, -6.37403412999993 ], [ -39.017192599999902, -6.37411782999993 ], [ -39.0174557899999, -6.37440507999997 ], [ -39.01792231, -6.37496749999997 ], [ -39.01819748, -6.37544621999996 ], [ -39.0184128, -6.37585310999998 ], [ -39.01890328, -6.37599670999998 ], [ -39.01917839, -6.37630781999997 ], [ -39.01964502, -6.37645141999997 ], [ -39.0199081, -6.37641547999993 ], [ -39.0200756099999, -6.37630781999997 ], [ -39.020302909999899, -6.37633171999994 ], [ -39.02035072, -6.37653511999997 ], [ -39.020434469999898, -6.37670267999994 ], [ -39.020912979999899, -6.37707367999997 ], [ -39.021439289999897, -6.377289 ], [ -39.0218341, -6.37726509999993 ], [ -39.021929779999901, -6.37715737999997 ], [ -39.022025509999899, -6.37708560999994 ], [ -39.02234849, -6.37718128999995 ], [ -39.02250402, -6.37738467999998 ], [ -39.02264751, -6.37770787999995 ], [ -39.02287481, -6.37775568999996 ], [ -39.02331743, -6.37770781999996 ], [ -39.023616499999903, -6.37756421999995 ], [ -39.0238438, -6.37754031999998 ], [ -39.02437972, -6.37740858999996 ], [ -39.02472418, -6.37748521999993 ], [ -39.02506869, -6.37767657999996 ], [ -39.025547189999898, -6.37779151999996 ], [ -39.0256811799999, -6.37767657999996 ], [ -39.02614048, -6.37769567999993 ], [ -39.02644673, -6.37758078999997 ], [ -39.02671472, -6.37790629999995 ], [ -39.02675298, -6.37828928999994 ], [ -39.0272889, -6.37851901999994 ], [ -39.027633519999902, -6.37851901999994 ], [ -39.027977969999903, -6.37842317999997 ], [ -39.028418219999899, -6.37836580999993 ], [ -39.02889672, -6.37804018999998 ], [ -39.0290306099999, -6.37781051999997 ], [ -39.029375119999898, -6.37754241999994 ], [ -39.02962389, -6.37717847999994 ], [ -39.02983441, -6.37683391999997 ], [ -39.03008319, -6.37683391999997 ], [ -39.030734, -6.37677638999997 ], [ -39.030944519999899, -6.37645081999995 ], [ -39.03128903, -6.37633587999994 ], [ -39.03134639, -6.37646997999997 ], [ -39.03132729, -6.37681459999993 ], [ -39.03163359, -6.37700611999998 ], [ -39.0326097, -6.37767619999994 ], [ -39.03301169, -6.37811659999994 ], [ -39.0335284, -6.37790592999994 ], [ -39.033911219999901, -6.37798249999997 ], [ -39.03425579, -6.37796328999997 ], [ -39.03469598, -6.37782929999997 ], [ -39.03471508, -6.37746540999996 ], [ -39.03471508, -6.37721646999995 ], [ -39.034868179999897, -6.37702500999995 ], [ -39.03523179, -6.37692926999995 ], [ -39.03553799, -6.37671859999995 ], [ -39.03580597, -6.37660370999993 ], [ -39.036093009999902, -6.37633560999996 ], [ -39.03618869, -6.37618239999995 ], [ -39.03618869, -6.37610576999998 ], [ -39.03626532, -6.37595267999995 ], [ -39.036361, -6.37595267999995 ], [ -39.0365141, -6.37599087999996 ], [ -39.03664809, -6.37610576999998 ], [ -39.03691608, -6.37645049999998 ], [ -39.03739459, -6.37662280999996 ], [ -39.03796871, -6.37662269999993 ], [ -39.03827502, -6.37656517999994 ], [ -39.03858121, -6.37652690999994 ], [ -39.0388492, -6.37656517999994 ], [ -39.03909798, -6.37673747999997 ], [ -39.03942339, -6.37673747999997 ], [ -39.040054989999902, -6.37689057999995 ], [ -39.04016982, -6.37708209999994 ] ] ] ] } },
{ "type": "Feature", "properties": { "CD_MUN": "2308500", "NM_MUN": "Mombaça", "CD_RGI": "230009", "NM_RGI": "Iguatu", "CD_RGINT": "2303", "NM_RGINT": "Iguatu", "CD_UF": "23", "NM_UF": "Ceará", "SIGLA_UF": "CE", "CD_REGIAO": "2", "NM_REGIAO": "Nordeste", "SIGLA_RG": "NE", "CD_CONCURB": null, "NM_CONCURB": null, "AREA_KM2": 2105.518 }, "geometry": { "type": "MultiPolygon", "coordinates": [ [ [ [ -39.7850524999999, -6.01894009999995 ], [ -39.7874662, -6.01982479999998 ], [ -39.789525, -6.02083409999995 ], [ -39.7903891, -6.02104809999997 ], [ -39.7914239, -6.02117229999993 ], [ -39.7928261, -6.02112779999993 ], [ -39.7944955, -6.02087929999993 ], [ -39.7975562, -6.01992869999998 ], [ -39.7998946, -6.01931839999997 ], [ -39.800952799999898, -6.01754759999994 ], [ -39.8011339, -6.01599689999995 ], [ -39.8022348, -6.01564879999995 ], [ -39.804620499999899, -6.01650739999997 ], [ -39.8064783, -6.015942 ], [ -39.8073582, -6.01593709999997 ], [ -39.808698299999897, -6.01545119999997 ], [ -39.809693, -6.01479389999997 ], [ -39.810386, -6.01416419999993 ], [ -39.8109772, -6.01312309999997 ], [ -39.812139, -6.01180069999998 ], [ -39.8125808, -6.01178559999994 ], [ -39.8131071, -6.01208779999996 ], [ -39.8135579, -6.01270049999994 ], [ -39.815128199999897, -6.01750029999994 ], [ -39.8162502, -6.02038319999997 ], [ -39.818057699999898, -6.02131579999997 ], [ -39.822366799999898, -6.02138169999995 ], [ -39.823661899999898, -6.02158049999997 ], [ -39.8246955, -6.02214159999994 ], [ -39.826161899999903, -6.02511169999997 ], [ -39.8268654, -6.02726609999996 ], [ -39.8257159, -6.03010269999993 ], [ -39.8253518, -6.03131079999997 ], [ -39.825351699999899, -6.03303579999994 ], [ -39.8246169, -6.03355519999997 ], [ -39.8225055999999, -6.03373119999998 ], [ -39.822325099999901, -6.03511179999992 ], [ -39.823428299999897, -6.03683239999998 ], [ -39.8245315, -6.03683159999997 ], [ -39.825549899999899, -6.04165939999996 ], [ -39.8330943, -6.04906419999998 ], [ -39.837558699999903, -6.05300659999995 ], [ -39.8401931, -6.054448 ], [ -39.8422808, -6.05882719999994 ], [ -39.845001099999898, -6.06026839999993 ], [ -39.8473809, -6.06069169999995 ], [ -39.853203199999903, -6.06387 ], [ -39.855313099999897, -6.06782649999997 ], [ -39.8562937, -6.06965479999997 ], [ -39.856657599999899, -6.07301119999994 ], [ -39.8598878, -6.07513169999993 ], [ -39.8625645, -6.075255 ], [ -39.8639247, -6.07652819999993 ], [ -39.864352499999903, -6.07848589999998 ], [ -39.8629098, -6.07984949999997 ], [ -39.8635505, -6.08099629999998 ], [ -39.867755799999898, -6.08164119999998 ], [ -39.870945199999902, -6.08455549999996 ], [ -39.8721558, -6.08500729999997 ], [ -39.872833899999897, -6.08526219999993 ], [ -39.8735376, -6.08502259999995 ], [ -39.875490199999902, -6.08552959999997 ], [ -39.876767399999899, -6.08629369999994 ], [ -39.8751138, -6.08914379999993 ], [ -39.875713, -6.09084519999993 ], [ -39.8810893, -6.09313089999995 ], [ -39.883471, -6.093328 ], [ -39.885649999999899, -6.09392239999994 ], [ -39.8866719, -6.09448589999994 ], [ -39.887483, -6.09529249999997 ], [ -39.8880384, -6.09675239999996 ], [ -39.888637199999899, -6.09743679999997 ], [ -39.889951799999899, -6.09723839999998 ], [ -39.8909927, -6.09698259999993 ], [ -39.8919887, -6.09681269999993 ], [ -39.8927921, -6.09668 ], [ -39.8937041, -6.09650619999996 ], [ -39.8944903, -6.09609769999997 ], [ -39.894847399999897, -6.09595019999995 ], [ -39.8952073, -6.09571569999997 ], [ -39.8954547, -6.09529259999994 ], [ -39.8956487, -6.094879 ], [ -39.8958458, -6.09459419999996 ], [ -39.896193, -6.09434329999993 ], [ -39.8968037, -6.09415759999996 ], [ -39.8974309, -6.09409909999994 ], [ -39.897787299999898, -6.09395089999992 ], [ -39.898041299999903, -6.0937 ], [ -39.898144, -6.09335069999997 ], [ -39.898319, -6.09307569999993 ], [ -39.898755, -6.09274469999997 ], [ -39.8992537, -6.09250179999998 ], [ -39.899814999999897, -6.09232839999993 ], [ -39.900343099999901, -6.09234179999993 ], [ -39.9008281, -6.09252379999998 ], [ -39.9013887, -6.09280289999998 ], [ -39.901958, -6.09285439999996 ], [ -39.902499, -6.09269739999996 ], [ -39.9031229, -6.09232709999998 ], [ -39.9036795, -6.09175159999995 ], [ -39.9041129, -6.09102849999994 ], [ -39.9042335, -6.09034709999997 ], [ -39.9042559, -6.08966359999994 ], [ -39.9041443, -6.08915519999994 ], [ -39.9041271, -6.088712 ], [ -39.904126399999903, -6.08830509999996 ], [ -39.9042446999999, -6.08792789999995 ], [ -39.904485899999898, -6.08751709999996 ], [ -39.904882799999903, -6.08704669999997 ], [ -39.9051193, -6.08687569999995 ], [ -39.905366, -6.08676039999995 ], [ -39.9054672, -6.08659209999996 ], [ -39.9054874999999, -6.08643609999996 ], [ -39.9054341, -6.08575059999993 ], [ -39.9056074, -6.085184 ], [ -39.9060863999999, -6.08480989999993 ], [ -39.9067299, -6.08466509999994 ], [ -39.9072259, -6.08469709999997 ], [ -39.9076648, -6.08480719999994 ], [ -39.907804999999897, -6.08475759999993 ], [ -39.9079915, -6.08461049999994 ], [ -39.9082789, -6.08432609999994 ], [ -39.908562199999899, -6.08390279999998 ], [ -39.9085559, -6.08325 ], [ -39.9081065, -6.08174059999993 ], [ -39.9083345, -6.08077169999996 ], [ -39.90876, -6.08024559999996 ], [ -39.9095143, -6.08017769999998 ], [ -39.9105461, -6.08061659999993 ], [ -39.9116154, -6.08137929999998 ], [ -39.912195499999903, -6.08145939999997 ], [ -39.9127247, -6.08142159999994 ], [ -39.914420199999903, -6.08127479999996 ], [ -39.9150445, -6.08125509999996 ], [ -39.9168194, -6.08150449999994 ], [ -39.9179387, -6.082192 ], [ -39.918609199999899, -6.08297329999994 ], [ -39.9192179, -6.08407249999993 ], [ -39.9194404, -6.08471239999994 ], [ -39.9196403, -6.08531739999995 ], [ -39.920022199999899, -6.08562039999993 ], [ -39.9203995, -6.08569589999996 ], [ -39.920874899999902, -6.08563139999995 ], [ -39.921312, -6.08573539999998 ], [ -39.9215995, -6.08604679999996 ], [ -39.9222417, -6.08747389999996 ], [ -39.9232799, -6.08883139999995 ], [ -39.9237237, -6.08949889999997 ], [ -39.9240859, -6.090291 ], [ -39.9245653, -6.09163189999992 ], [ -39.9250026, -6.09320729999996 ], [ -39.9253474, -6.09339539999996 ], [ -39.925863999999898, -6.09326319999997 ], [ -39.9266817, -6.09199769999998 ], [ -39.927165, -6.09172589999997 ], [ -39.927698399999898, -6.09189739999994 ], [ -39.9292407, -6.09336849999994 ], [ -39.9305414, -6.09497889999994 ], [ -39.9314861, -6.09586389999993 ], [ -39.9318451, -6.09606029999998 ], [ -39.9324677, -6.09618169999993 ], [ -39.9330699, -6.09656709999996 ], [ -39.9343423, -6.09732009999993 ], [ -39.935294199999902, -6.09770429999998 ], [ -39.9389361, -6.10048069999993 ], [ -39.9414748, -6.10273269999993 ], [ -39.943033699999901, -6.10352739999996 ], [ -39.9446255, -6.10397609999995 ], [ -39.9465013, -6.10394 ], [ -39.9481383, -6.10328039999996 ], [ -39.9490395999999, -6.10282229999996 ], [ -39.9499155, -6.10187359999998 ], [ -39.950922799999901, -6.10113289999993 ], [ -39.9518735999999, -6.10085209999994 ], [ -39.952799899999903, -6.10071089999997 ], [ -39.953685, -6.10079959999996 ], [ -39.954832199999899, -6.10094779999997 ], [ -39.9550639, -6.10097779999995 ], [ -39.9555847, -6.10091709999995 ], [ -39.956080299999897, -6.10067219999996 ], [ -39.9562366, -6.10045349999996 ], [ -39.956360199999899, -6.10028069999993 ], [ -39.9565085, -6.10007309999997 ], [ -39.956077799999903, -6.099203 ], [ -39.9556597, -6.09787589999996 ], [ -39.9559368, -6.09739559999997 ], [ -39.9563244, -6.09716269999996 ], [ -39.9573397, -6.09714479999997 ], [ -39.958362099999903, -6.09775989999997 ], [ -39.9587825999999, -6.09771569999998 ], [ -39.9590794, -6.097432 ], [ -39.9592264, -6.09653179999998 ], [ -39.9594221, -6.09608129999998 ], [ -39.9597616, -6.09573239999997 ], [ -39.9605295, -6.09532459999997 ], [ -39.9608526, -6.09530229999996 ], [ -39.9611275, -6.09522179999993 ], [ -39.9613598, -6.09489129999997 ], [ -39.9615176, -6.09451519999993 ], [ -39.9618359, -6.09409669999997 ], [ -39.962118299999901, -6.09380219999997 ], [ -39.9623966999999, -6.09351049999998 ], [ -39.9625945, -6.09336489999993 ], [ -39.9629419, -6.09299039999996 ], [ -39.9631307, -6.09268429999997 ], [ -39.9633446, -6.09201909999996 ], [ -39.9633428, -6.09099609999993 ], [ -39.9631110999999, -6.089789 ], [ -39.962851199999903, -6.08923789999994 ], [ -39.9625172, -6.08882119999993 ], [ -39.9617961, -6.08817659999994 ], [ -39.961410999999899, -6.08767649999993 ], [ -39.9608367, -6.08690769999993 ], [ -39.9604583, -6.08610309999995 ], [ -39.9599461, -6.08550879999996 ], [ -39.9590312999999, -6.08482819999995 ], [ -39.956810899999901, -6.08385959999993 ], [ -39.955191, -6.08271259999998 ], [ -39.9546546, -6.08225219999997 ], [ -39.9542759, -6.08171569999996 ], [ -39.9538664, -6.081085 ], [ -39.9535854, -6.08083919999996 ], [ -39.9532202, -6.08064019999995 ], [ -39.952074599999897, -6.07991589999995 ], [ -39.9511492, -6.07940229999997 ], [ -39.9501763, -6.07862 ], [ -39.9494078, -6.07865039999996 ], [ -39.9490966, -6.07900659999996 ], [ -39.9490256999999, -6.07990679999995 ], [ -39.9488709, -6.08056029999995 ], [ -39.9484019, -6.08079359999994 ], [ -39.9476807, -6.08090729999998 ], [ -39.946565099999901, -6.08047019999998 ], [ -39.9452302, -6.080008 ], [ -39.944723199999899, -6.079871 ], [ -39.943932, -6.07980709999993 ], [ -39.9430378, -6.07946749999996 ], [ -39.9426043, -6.07940279999997 ], [ -39.942214799999903, -6.07950159999996 ], [ -39.941762099999899, -6.07976119999995 ], [ -39.9412422, -6.07994959999996 ], [ -39.940722, -6.07995429999994 ], [ -39.9402992999999, -6.07984949999997 ], [ -39.939549999999898, -6.07934309999996 ], [ -39.9392028, -6.078959 ], [ -39.9388403, -6.07881809999998 ], [ -39.9383563, -6.07879359999993 ], [ -39.937291, -6.07914009999996 ], [ -39.9364763, -6.07949909999996 ], [ -39.9360655999999, -6.07964849999996 ], [ -39.9356111, -6.07975559999994 ], [ -39.9353043, -6.07964809999993 ], [ -39.9350393, -6.07944889999993 ], [ -39.934323199999902, -6.07838319999996 ], [ -39.933955399999903, -6.07744769999994 ], [ -39.933679, -6.07691459999995 ], [ -39.9332012, -6.07635649999997 ], [ -39.9322935, -6.07554509999994 ], [ -39.9303331, -6.07399529999998 ], [ -39.928721499999902, -6.07285119999995 ], [ -39.9281958, -6.07241679999993 ], [ -39.9274801, -6.07193179999996 ], [ -39.9269141, -6.07170609999997 ], [ -39.9256841, -6.071238 ], [ -39.9248752, -6.07081119999998 ], [ -39.923580899999898, -6.06970279999996 ], [ -39.923119799999903, -6.06930079999995 ], [ -39.9227531, -6.06902929999995 ], [ -39.9225322, -6.06889169999994 ], [ -39.922208899999902, -6.06875789999998 ], [ -39.9217518, -6.06854179999993 ], [ -39.9215622, -6.06842729999994 ], [ -39.921349099999901, -6.06816449999997 ], [ -39.920952699999901, -6.06774959999996 ], [ -39.919963, -6.06674949999996 ], [ -39.9191135, -6.066152 ], [ -39.9185143999999, -6.06565579999994 ], [ -39.9180484, -6.06456049999997 ], [ -39.9177212, -6.06400579999996 ], [ -39.9172660999999, -6.06357829999996 ], [ -39.9168533, -6.06320159999996 ], [ -39.916529899999901, -6.06277759999995 ], [ -39.915972399999902, -6.06220509999997 ], [ -39.9151009, -6.06143709999998 ], [ -39.9140704, -6.06076859999996 ], [ -39.9132713, -6.06016969999996 ], [ -39.912841, -6.05990919999994 ], [ -39.912066599999903, -6.05957329999995 ], [ -39.911417, -6.05942719999996 ], [ -39.9097227, -6.05862939999997 ], [ -39.909134299999899, -6.05804959999995 ], [ -39.9089445, -6.057266 ], [ -39.9091759, -6.05658179999995 ], [ -39.909116099999899, -6.05590819999998 ], [ -39.9087728, -6.05442069999998 ], [ -39.9082809, -6.05362369999995 ], [ -39.9073668999999, -6.05278949999996 ], [ -39.9063214, -6.05202179999998 ], [ -39.9058881999999, -6.05087459999993 ], [ -39.905839399999898, -6.04991729999995 ], [ -39.9060155, -6.04895879999998 ], [ -39.906343999999898, -6.04813079999997 ], [ -39.9069689, -6.04709879999996 ], [ -39.9072816, -6.04612559999993 ], [ -39.907441499999898, -6.04523969999997 ], [ -39.907273099999898, -6.04423379999997 ], [ -39.907021799999903, -6.04359979999998 ], [ -39.9062663, -6.04281709999998 ], [ -39.9056272999999, -6.04226639999996 ], [ -39.9054447, -6.04145359999995 ], [ -39.9054217, -6.04068379999995 ], [ -39.9058309, -6.03826609999993 ], [ -39.9055675, -6.036851 ], [ -39.904790799999901, -6.03635139999994 ], [ -39.9039569, -6.03638179999996 ], [ -39.903044, -6.03683339999998 ], [ -39.902138, -6.03708179999995 ], [ -39.901255999999897, -6.03689719999994 ], [ -39.9003058, -6.03630079999994 ], [ -39.898962299999901, -6.03553349999993 ], [ -39.8981611, -6.03518619999994 ], [ -39.897305399999901, -6.03511509999993 ], [ -39.896515399999899, -6.03526159999996 ], [ -39.8959641, -6.03524069999997 ], [ -39.8952313, -6.03502409999993 ], [ -39.8947236, -6.03498859999996 ], [ -39.893936499999903, -6.03526389999996 ], [ -39.893118, -6.03534339999993 ], [ -39.892463, -6.03525739999998 ], [ -39.891877399999899, -6.03494979999994 ], [ -39.891342199999897, -6.03463849999997 ], [ -39.89068, -6.034371 ], [ -39.889929499999901, -6.03439389999994 ], [ -39.8892173999999, -6.03455839999998 ], [ -39.888976199999902, -6.03442829999995 ], [ -39.888787099999902, -6.03425439999995 ], [ -39.8886416, -6.03393629999994 ], [ -39.8883623, -6.03275959999996 ], [ -39.8881380999999, -6.03203589999993 ], [ -39.887808999999898, -6.03138849999993 ], [ -39.8870309, -6.03006119999998 ], [ -39.886187, -6.02903909999998 ], [ -39.8854353, -6.02833619999996 ], [ -39.8847177, -6.02782929999995 ], [ -39.8845355999999, -6.02731409999996 ], [ -39.8847016, -6.02682749999997 ], [ -39.885812499999901, -6.02551889999995 ], [ -39.885889399999897, -6.02489089999995 ], [ -39.885796, -6.02432839999994 ], [ -39.8855144, -6.02395389999998 ], [ -39.885125199999898, -6.02360359999994 ], [ -39.8845562999999, -6.02329959999997 ], [ -39.8840104, -6.02316979999995 ], [ -39.8837144, -6.02285459999996 ], [ -39.8833061, -6.02260469999993 ], [ -39.8829923, -6.02254 ], [ -39.882604399999899, -6.02251519999993 ], [ -39.881920099999903, -6.02226589999998 ], [ -39.8815212, -6.02193969999996 ], [ -39.8809112, -6.02135389999995 ], [ -39.8805186, -6.02073559999997 ], [ -39.880285199999904, -6.019854 ], [ -39.880108499999899, -6.01940519999994 ], [ -39.8797254, -6.01893859999996 ], [ -39.8793196, -6.01858259999995 ], [ -39.8786294, -6.01827879999996 ], [ -39.8776422, -6.01764159999993 ], [ -39.877272499999897, -6.01749689999997 ], [ -39.8767281, -6.01742149999995 ], [ -39.876166199999901, -6.01750959999993 ], [ -39.8756734, -6.01765189999998 ], [ -39.8753038, -6.01776869999998 ], [ -39.8750027, -6.01767479999995 ], [ -39.8747159, -6.01738609999995 ], [ -39.8744905, -6.01702229999995 ], [ -39.8743736, -6.01654329999997 ], [ -39.8743175, -6.01605829999994 ], [ -39.874007499999898, -6.01549129999995 ], [ -39.8736226, -6.01504179999995 ], [ -39.8727158, -6.01435359999994 ], [ -39.8719942, -6.01397339999994 ], [ -39.871318899999899, -6.01305859999997 ], [ -39.8710207, -6.01248319999996 ], [ -39.870914899999903, -6.01199149999997 ], [ -39.871929899999898, -6.009687 ], [ -39.8726829, -6.00848549999995 ], [ -39.8735665, -6.00730449999998 ], [ -39.8739611, -6.00657849999993 ], [ -39.873962999999897, -6.00611629999997 ], [ -39.8737358, -6.005851 ], [ -39.873464899999902, -6.00569889999997 ], [ -39.873072599999901, -6.00561959999993 ], [ -39.8719862, -6.00591759999998 ], [ -39.870303799999903, -6.00637909999995 ], [ -39.869251, -6.00650239999993 ], [ -39.868132, -6.00640369999996 ], [ -39.867543199999901, -6.00593069999996 ], [ -39.867255199999903, -6.00517019999995 ], [ -39.867252199999903, -6.00328909999996 ], [ -39.8668637, -6.00216479999995 ], [ -39.866288499999897, -6.001674 ], [ -39.8656108, -6.00147169999997 ], [ -39.8646911, -6.00143369999995 ], [ -39.8632223, -6.00121429999996 ], [ -39.862432399999904, -6.00095409999994 ], [ -39.861876499999902, -6.00061379999994 ], [ -39.8615273999999, -6.00018609999995 ], [ -39.861384799999897, -5.99940369999996 ], [ -39.8616412, -5.99877739999994 ], [ -39.8620103, -5.99821059999994 ], [ -39.8628998, -5.99680809999995 ], [ -39.8630688, -5.99608739999996 ], [ -39.863151899999899, -5.99573329999993 ], [ -39.8630345, -5.99484779999995 ], [ -39.8625688, -5.99381039999997 ], [ -39.8617919, -5.993122 ], [ -39.860436999999898, -5.99260519999996 ], [ -39.8591058, -5.99218259999998 ], [ -39.858401, -5.99150859999997 ], [ -39.8578998, -5.99081759999996 ], [ -39.8574621, -5.99014529999994 ], [ -39.8568658, -5.98908639999996 ], [ -39.8563015, -5.98796919999995 ], [ -39.856032399999897, -5.98757429999995 ], [ -39.855668799999897, -5.98717759999994 ], [ -39.8545073, -5.98658549999993 ], [ -39.853659299999897, -5.98676819999997 ], [ -39.853175599999901, -5.98816229999994 ], [ -39.853153399999897, -5.98839079999993 ], [ -39.8531007, -5.98893249999998 ], [ -39.8529253, -5.989245 ], [ -39.8526663, -5.98941229999997 ], [ -39.8521643, -5.98945309999993 ], [ -39.851315699999901, -5.98929829999997 ], [ -39.8503683, -5.98905729999996 ], [ -39.849872499999897, -5.98914449999995 ], [ -39.8493955, -5.98937389999998 ], [ -39.848930499999902, -5.98967949999997 ], [ -39.8486723, -5.98971839999996 ], [ -39.848357899999897, -5.98970579999997 ], [ -39.848180899999903, -5.98960979999993 ], [ -39.848044, -5.98950309999998 ], [ -39.8475718, -5.988963 ], [ -39.847313, -5.98866039999996 ], [ -39.8470176, -5.98853559999998 ], [ -39.8467681, -5.988507 ], [ -39.8459606, -5.98860439999993 ], [ -39.8457974, -5.988563 ], [ -39.8456378, -5.98846159999994 ], [ -39.8453569, -5.98794289999995 ], [ -39.8450951, -5.98746419999998 ], [ -39.8440494, -5.98641309999994 ], [ -39.8437534, -5.98614369999996 ], [ -39.8435645, -5.98591689999995 ], [ -39.8435099, -5.98576789999993 ], [ -39.8434947, -5.98530329999994 ], [ -39.843617299999899, -5.984846 ], [ -39.8438777, -5.98446789999997 ], [ -39.8442381, -5.98414079999998 ], [ -39.8446431, -5.98354479999995 ], [ -39.8447998, -5.98284769999998 ], [ -39.8445848, -5.982151 ], [ -39.8439898, -5.98184339999995 ], [ -39.842689699999902, -5.98157309999993 ], [ -39.8420682, -5.98116039999996 ], [ -39.841448199999903, -5.98058769999994 ], [ -39.840798, -5.97973369999994 ], [ -39.840338099999897, -5.97918839999994 ], [ -39.8398974999999, -5.97884059999996 ], [ -39.8383042, -5.97788479999997 ], [ -39.8371399, -5.97742719999997 ], [ -39.8368047, -5.97734629999997 ], [ -39.836275, -5.97711839999994 ], [ -39.8358795, -5.97685409999997 ], [ -39.8356506, -5.97649019999994 ], [ -39.8354615, -5.97621219999996 ], [ -39.8353342, -5.975951 ], [ -39.835081499999902, -5.97541419999993 ], [ -39.834436, -5.97423179999993 ], [ -39.8342143, -5.97252619999995 ], [ -39.833964, -5.97002929999996 ], [ -39.8337956, -5.96892609999998 ], [ -39.8337145, -5.96804049999997 ], [ -39.8329717, -5.96587829999993 ], [ -39.8316227, -5.96324519999996 ], [ -39.831643, -5.96226509999997 ], [ -39.832280599999898, -5.96148739999995 ], [ -39.833308499999902, -5.96078149999994 ], [ -39.8335274, -5.96041089999994 ], [ -39.833733299999899, -5.95993879999997 ], [ -39.8344609, -5.95800659999998 ], [ -39.8348374, -5.95682339999996 ], [ -39.8351155, -5.95457889999994 ], [ -39.8353905, -5.953846 ], [ -39.835633, -5.952941 ], [ -39.8357296, -5.952584 ], [ -39.8358041, -5.95230889999993 ], [ -39.8358034, -5.95223369999997 ], [ -39.8357998, -5.95188109999998 ], [ -39.835845499999898, -5.95121749999993 ], [ -39.8357154, -5.95051409999996 ], [ -39.8354125, -5.94936579999995 ], [ -39.8352679, -5.94859059999993 ], [ -39.8349651, -5.94752839999995 ], [ -39.8344442, -5.946943 ], [ -39.8341199, -5.94618479999997 ], [ -39.8338979, -5.94523779999997 ], [ -39.8338782, -5.94487349999997 ], [ -39.833916799999898, -5.94451919999995 ], [ -39.834473499999902, -5.94340769999997 ], [ -39.834483799999902, -5.94304569999997 ], [ -39.8343818, -5.94272539999997 ], [ -39.8341176, -5.942352 ], [ -39.833873299999901, -5.94207279999995 ], [ -39.8337491, -5.94161039999995 ], [ -39.833743, -5.94107489999993 ], [ -39.8340774, -5.93965149999997 ], [ -39.8348096, -5.93804279999995 ], [ -39.8350733, -5.93709669999993 ], [ -39.835609, -5.93607759999998 ], [ -39.8365064, -5.93469689999995 ], [ -39.8373961, -5.93362249999996 ], [ -39.8374441, -5.932684 ], [ -39.837347, -5.93170289999995 ], [ -39.837356999999898, -5.93042249999996 ], [ -39.8375118, -5.93000349999994 ], [ -39.8378939, -5.92983539999994 ], [ -39.838204399999903, -5.92967929999998 ], [ -39.8386226, -5.92960689999995 ], [ -39.842264499999899, -5.93089869999994 ], [ -39.844230599999896, -5.93173769999993 ], [ -39.8469294, -5.93287339999995 ], [ -39.848220599999898, -5.93337959999997 ], [ -39.8493978, -5.93345809999994 ], [ -39.8499237999999, -5.93297129999996 ], [ -39.8502483, -5.93258789999993 ], [ -39.850552799999903, -5.931611 ], [ -39.8506087, -5.93046489999995 ], [ -39.8513035, -5.929658 ], [ -39.852335599999897, -5.92935609999995 ], [ -39.8534968, -5.92843079999994 ], [ -39.853679, -5.92763269999995 ], [ -39.8536875, -5.92646589999993 ], [ -39.8534971, -5.92525539999997 ], [ -39.853582199999899, -5.92399209999996 ], [ -39.854306199999897, -5.92333769999993 ], [ -39.855603599999903, -5.92316139999997 ], [ -39.857111599999897, -5.92315909999996 ], [ -39.858075, -5.92260589999995 ], [ -39.8588915999999, -5.92168989999993 ], [ -39.859218999999896, -5.92076729999997 ], [ -39.8597806, -5.91971779999994 ], [ -39.8602167, -5.91921789999998 ], [ -39.860940099999901, -5.91833949999995 ], [ -39.861733199999897, -5.91718049999997 ], [ -39.8620931, -5.91678909999996 ], [ -39.862557799999898, -5.91648809999998 ], [ -39.863038199999899, -5.91633719999993 ], [ -39.8637088, -5.9161 ], [ -39.8644695, -5.91575759999995 ], [ -39.8650782, -5.91462509999997 ], [ -39.8655426, -5.91412779999996 ], [ -39.8658493, -5.91392789999998 ], [ -39.866419, -5.91369479999997 ], [ -39.867037, -5.91360679999997 ], [ -39.868273, -5.913565 ], [ -39.8688071999999, -5.91331279999997 ], [ -39.869310599999899, -5.91307889999996 ], [ -39.8695255, -5.91306039999995 ], [ -39.8697869, -5.91309429999995 ], [ -39.869964799999899, -5.91316129999996 ], [ -39.870254499999902, -5.91333869999994 ], [ -39.8704274, -5.91333129999992 ], [ -39.870582399999897, -5.91326929999997 ], [ -39.8707838999999, -5.91290409999993 ], [ -39.8707878, -5.91255389999998 ], [ -39.87071, -5.912004 ], [ -39.870708599999901, -5.91111839999996 ], [ -39.870780099999898, -5.91051579999993 ], [ -39.870897699999901, -5.91017079999995 ], [ -39.8710981, -5.90991989999998 ], [ -39.871349, -5.90981449999992 ], [ -39.8716924, -5.90981 ], [ -39.8723522, -5.91005959999995 ], [ -39.873215899999899, -5.91036689999993 ], [ -39.8735603, -5.91043169999995 ], [ -39.873937, -5.91025659999997 ], [ -39.874088599999901, -5.90977029999993 ], [ -39.8742946, -5.90948659999998 ], [ -39.8746614, -5.90933749999994 ], [ -39.8750266, -5.90939109999994 ], [ -39.875991699999901, -5.90983639999996 ], [ -39.876289, -5.90990119999998 ], [ -39.876636899999902, -5.90982079999998 ], [ -39.8768319, -5.90940269999993 ], [ -39.8768678, -5.90911259999996 ], [ -39.8767321, -5.908641 ], [ -39.876623299999899, -5.90815489999994 ], [ -39.8766088, -5.90778579999994 ], [ -39.8768527, -5.90661769999997 ], [ -39.8768357, -5.90605449999993 ], [ -39.8765746, -5.90554259999993 ], [ -39.8761431, -5.90519009999997 ], [ -39.8756089, -5.90494419999993 ], [ -39.8745135, -5.90451029999997 ], [ -39.8727911, -5.90345029999997 ], [ -39.8727086, -5.90339949999998 ], [ -39.8714759, -5.90226459999997 ], [ -39.8704222, -5.90066909999996 ], [ -39.869912, -5.89889859999994 ], [ -39.869537799999897, -5.89826 ], [ -39.8691818, -5.89784709999998 ], [ -39.8683837, -5.89742729999995 ], [ -39.867919599999901, -5.89724629999995 ], [ -39.8673901, -5.89721109999994 ], [ -39.866232099999898, -5.8973 ], [ -39.8649945, -5.89742529999995 ], [ -39.863065999999897, -5.89731209999997 ], [ -39.8627212, -5.89708759999996 ], [ -39.8624561, -5.89676129999998 ], [ -39.8624737, -5.896362 ], [ -39.862701399999899, -5.89598439999997 ], [ -39.863171899999898, -5.895554 ], [ -39.8637171, -5.89514039999995 ], [ -39.8639348, -5.89491329999993 ], [ -39.8641067, -5.89410709999993 ], [ -39.8640442, -5.89349189999996 ], [ -39.8637386, -5.89281779999993 ], [ -39.863012599999898, -5.89215789999997 ], [ -39.8622232, -5.89186129999996 ], [ -39.8615546, -5.89155029999995 ], [ -39.8609157, -5.89096319999993 ], [ -39.8606899, -5.890204 ], [ -39.860732299999903, -5.88941319999998 ], [ -39.8609483, -5.88911929999995 ], [ -39.8613276, -5.88884639999998 ], [ -39.8620088, -5.88867839999995 ], [ -39.8626308999999, -5.88873919999997 ], [ -39.863593299999899, -5.88900989999996 ], [ -39.864598, -5.88942579999997 ], [ -39.865529799999898, -5.88963129999996 ], [ -39.866122699999899, -5.88975049999993 ], [ -39.8665816, -5.88972579999995 ], [ -39.867183399999902, -5.88938989999997 ], [ -39.867812199999896, -5.88800079999993 ], [ -39.8680112, -5.88687569999996 ], [ -39.868182299999901, -5.88623879999994 ], [ -39.868793099999898, -5.88558689999996 ], [ -39.870109699999901, -5.88386169999995 ], [ -39.870730599999902, -5.88354479999992 ], [ -39.8715433, -5.88362969999997 ], [ -39.8728351, -5.88441269999993 ], [ -39.8733804, -5.88464159999995 ], [ -39.875150399999903, -5.88555779999996 ], [ -39.876087799999901, -5.88589139999993 ], [ -39.876977199999899, -5.886091 ], [ -39.8788071, -5.88803869999998 ], [ -39.8794741, -5.88893179999997 ], [ -39.880288699999902, -5.88947619999993 ], [ -39.881739599999896, -5.89036559999994 ], [ -39.883900099999899, -5.89121169999993 ], [ -39.886668799999903, -5.89229589999997 ], [ -39.8886333, -5.89371179999995 ], [ -39.8896263, -5.89461539999996 ], [ -39.8899916, -5.894841 ], [ -39.890489199999898, -5.89502689999995 ], [ -39.8910183, -5.89517039999993 ], [ -39.8919579, -5.895291 ], [ -39.8943404, -5.89556579999993 ], [ -39.894736099999903, -5.89558739999995 ], [ -39.8964587, -5.89568149999997 ], [ -39.8973654, -5.89605269999993 ], [ -39.898922899999903, -5.89553329999995 ], [ -39.900012499999903, -5.89537829999995 ], [ -39.9010838, -5.89575 ], [ -39.901667099999898, -5.89582559999997 ], [ -39.9030048, -5.89540219999998 ], [ -39.9047926, -5.89541849999995 ], [ -39.905645499999899, -5.89617429999993 ], [ -39.9062039, -5.89629009999993 ], [ -39.9068104, -5.89648629999994 ], [ -39.907402499999897, -5.89674589999993 ], [ -39.907681, -5.89697239999992 ], [ -39.9083305, -5.89733919999998 ], [ -39.909206599999898, -5.89812759999995 ], [ -39.909875999999898, -5.898541 ], [ -39.910148499999899, -5.89870929999995 ], [ -39.9105845, -5.89890069999996 ], [ -39.9108284, -5.89898649999998 ], [ -39.9111009, -5.89900039999998 ], [ -39.911385499999902, -5.89892679999997 ], [ -39.9118587, -5.89895469999993 ], [ -39.912360799999902, -5.89904 ], [ -39.912776699999903, -5.89909679999994 ], [ -39.912789099999898, -5.89909739999996 ], [ -39.913364699999903, -5.89912449999997 ], [ -39.9145053, -5.89875489999997 ], [ -39.9146117, -5.89872039999995 ], [ -39.9161306, -5.89807179999997 ], [ -39.9166895, -5.89781239999996 ], [ -39.9172624, -5.897395 ], [ -39.9179788, -5.89702049999994 ], [ -39.918709099999901, -5.89640179999998 ], [ -39.9194396, -5.89586929999996 ], [ -39.920085099999902, -5.89602619999994 ], [ -39.9207044, -5.89632809999995 ], [ -39.9214871, -5.89632289999997 ], [ -39.9217831, -5.89611349999996 ], [ -39.922025699999899, -5.89586889999993 ], [ -39.9221995999999, -5.89564249999995 ], [ -39.9223552999999, -5.89531109999996 ], [ -39.9226322, -5.89445769999998 ], [ -39.922682, -5.89405279999994 ], [ -39.9229376, -5.89342459999995 ], [ -39.9231372, -5.89333739999995 ], [ -39.923323599999897, -5.893294 ], [ -39.923625, -5.89343709999997 ], [ -39.9241122, -5.89323519999994 ], [ -39.9251877, -5.89323349999995 ], [ -39.9258758, -5.89313179999994 ], [ -39.926333699999901, -5.892528 ], [ -39.9267201, -5.89208219999995 ], [ -39.9269199, -5.89149309999993 ], [ -39.9271893, -5.889626 ], [ -39.9280481, -5.88869119999993 ], [ -39.9285068, -5.88856119999997 ], [ -39.9291483, -5.88853519999998 ], [ -39.9306018999999, -5.88946229999993 ], [ -39.931305, -5.88974829999995 ], [ -39.9319644999999, -5.88964669999996 ], [ -39.9330529, -5.88878329999994 ], [ -39.934617, -5.88621839999996 ], [ -39.9351904, -5.88553809999996 ], [ -39.9355025, -5.88532859999998 ], [ -39.935989, -5.88510169999995 ], [ -39.938122399999898, -5.88434169999994 ], [ -39.9387536999999, -5.88377839999993 ], [ -39.9397301, -5.88243379999994 ], [ -39.9402325, -5.881569 ], [ -39.940445399999902, -5.88097319999997 ], [ -39.940135499999897, -5.88008079999997 ], [ -39.9401314, -5.87956549999996 ], [ -39.9403505, -5.87933989999993 ], [ -39.940885099999903, -5.87941159999997 ], [ -39.9421584, -5.88012839999993 ], [ -39.9430657, -5.88032569999996 ], [ -39.9437634, -5.88026709999997 ], [ -39.94418, -5.879577 ], [ -39.9442782, -5.87941419999993 ], [ -39.9448788999999, -5.87845589999995 ], [ -39.945594899999897, -5.87788029999996 ], [ -39.9463688, -5.87763969999997 ], [ -39.947401699999901, -5.87791559999994 ], [ -39.9481096, -5.878192 ], [ -39.9490675, -5.87821909999997 ], [ -39.950643899999903, -5.87787769999994 ], [ -39.9525138, -5.87717279999993 ], [ -39.9528553, -5.87698829999994 ], [ -39.9530306999999, -5.87672669999995 ], [ -39.9534638, -5.87568569999996 ], [ -39.954122799999901, -5.87361439999995 ], [ -39.954831899999903, -5.87332239999995 ], [ -39.9555113, -5.873245 ], [ -39.9580887, -5.87331339999997 ], [ -39.958493599999898, -5.873238 ], [ -39.958898299999902, -5.87310479999996 ], [ -39.9591783, -5.87299249999995 ], [ -39.959496999999899, -5.87281979999995 ], [ -39.959644, -5.872504 ], [ -39.959696, -5.87219969999995 ], [ -39.9597009, -5.87190889999994 ], [ -39.9596152, -5.87159 ], [ -39.958672299999897, -5.87082559999993 ], [ -39.9568548, -5.87020439999998 ], [ -39.9553184, -5.86953909999994 ], [ -39.9531696, -5.86783679999996 ], [ -39.951793699999897, -5.86684229999997 ], [ -39.9479042, -5.86413229999994 ], [ -39.9461663, -5.86321689999994 ], [ -39.9442437, -5.86243939999997 ], [ -39.9435566, -5.86241649999994 ], [ -39.9430836, -5.86256089999995 ], [ -39.9426975, -5.863179 ], [ -39.9421864, -5.86339529999998 ], [ -39.9418161, -5.86346769999994 ], [ -39.9415425, -5.86342249999996 ], [ -39.9412778, -5.86337939999993 ], [ -39.9410511, -5.86330139999995 ], [ -39.940747, -5.86292379999998 ], [ -39.9405308, -5.86229239999994 ], [ -39.9399845, -5.86146049999996 ], [ -39.939481699999902, -5.86085819999994 ], [ -39.939179099999897, -5.86001149999993 ], [ -39.9393358, -5.85940819999996 ], [ -39.938883599999897, -5.85812309999994 ], [ -39.9387589, -5.85741319999994 ], [ -39.9386006, -5.85702579999997 ], [ -39.938241499999897, -5.85668179999993 ], [ -39.937897, -5.85643819999996 ], [ -39.937007299999898, -5.85600889999995 ], [ -39.9362611, -5.85567989999993 ], [ -39.9346393, -5.85480669999993 ], [ -39.933499599999898, -5.85416489999994 ], [ -39.933179499999902, -5.85396369999995 ], [ -39.9329458, -5.85387619999995 ], [ -39.932716099999901, -5.85370419999992 ], [ -39.932457199999902, -5.853518 ], [ -39.932199099999899, -5.85323129999995 ], [ -39.932198099999901, -5.85264249999994 ], [ -39.932582599999897, -5.85168669999996 ], [ -39.932409999999898, -5.85073239999997 ], [ -39.9322366, -5.84988549999997 ], [ -39.931963499999902, -5.84949819999997 ], [ -39.9313175999999, -5.84909719999996 ], [ -39.9308146, -5.84839449999993 ], [ -39.9304407, -5.84773459999997 ], [ -39.9302867, -5.84641689999995 ], [ -39.9298223, -5.84587309999995 ], [ -39.9292738, -5.84550009999998 ], [ -39.9280659, -5.84492509999995 ], [ -39.927291, -5.84433439999998 ], [ -39.9268188, -5.84371809999993 ], [ -39.926312799999899, -5.84268369999995 ], [ -39.9256698, -5.84148389999996 ], [ -39.9238534, -5.83903279999993 ], [ -39.9238434, -5.83855739999996 ], [ -39.923984, -5.83802719999994 ], [ -39.9241466, -5.83776569999998 ], [ -39.9244217, -5.83753249999995 ], [ -39.924573699999897, -5.83732509999993 ], [ -39.9246965, -5.83707819999995 ], [ -39.9247319, -5.836628 ], [ -39.924603299999902, -5.83606909999997 ], [ -39.9244614999999, -5.835818 ], [ -39.923484, -5.83514569999994 ], [ -39.9225228, -5.834506 ], [ -39.921045, -5.83331169999997 ], [ -39.920419799999898, -5.83286719999995 ], [ -39.9203396999999, -5.83265669999997 ], [ -39.920375299999897, -5.83227189999997 ], [ -39.9208027, -5.83204609999996 ], [ -39.9219912, -5.831879 ], [ -39.926347099999902, -5.83071429999995 ], [ -39.9270877, -5.83013889999995 ], [ -39.928146, -5.82931679999996 ], [ -39.9291559, -5.827324 ], [ -39.9305123, -5.82670909999996 ], [ -39.9313521999999, -5.825973 ], [ -39.9324988, -5.82568389999994 ], [ -39.9352021, -5.82601929999993 ], [ -39.936465199999901, -5.82655239999997 ], [ -39.9371101, -5.82661919999993 ], [ -39.9379633, -5.826668 ], [ -39.9394783, -5.82665589999993 ], [ -39.941984299999902, -5.82758989999996 ], [ -39.9435715, -5.82789359999992 ], [ -39.944966599999901, -5.827604 ], [ -39.9457882, -5.82731549999994 ], [ -39.9463995, -5.82702729999994 ], [ -39.9471429, -5.82654259999993 ], [ -39.947548, -5.82627839999998 ], [ -39.948097899999901, -5.82520559999995 ], [ -39.9486133999999, -5.82480269999996 ], [ -39.9492054, -5.82439959999994 ], [ -39.949548799999903, -5.823997 ], [ -39.9497775, -5.82355619999993 ], [ -39.9498808, -5.82309609999993 ], [ -39.950014699999898, -5.82270869999996 ], [ -39.9500474, -5.82225279999994 ], [ -39.949894599999901, -5.82166329999995 ], [ -39.9496247, -5.82122509999994 ], [ -39.9492365999999, -5.82082139999994 ], [ -39.9497995, -5.82043239999996 ], [ -39.9505738, -5.82002769999997 ], [ -39.9510207, -5.81993739999996 ], [ -39.952525299999898, -5.81984529999994 ], [ -39.9530470999999, -5.81971059999995 ], [ -39.9539551, -5.81938069999995 ], [ -39.9544915, -5.81932009999997 ], [ -39.955698, -5.81925839999997 ], [ -39.956204699999901, -5.81925749999994 ], [ -39.956857399999897, -5.81915449999997 ], [ -39.9574406, -5.81879049999998 ], [ -39.9581203, -5.81788189999997 ], [ -39.9587066, -5.81727109999997 ], [ -39.9594887, -5.81690679999997 ], [ -39.960575999999897, -5.81681779999997 ], [ -39.9616636, -5.81704829999995 ], [ -39.9625561, -5.81756949999993 ], [ -39.9639141, -5.81894639999996 ], [ -39.9654805, -5.82038049999994 ], [ -39.9664587, -5.82194429999993 ], [ -39.9677986, -5.82288929999993 ], [ -39.9693257, -5.82339479999996 ], [ -39.971251799999898, -5.82343509999993 ], [ -39.972804499999903, -5.82301129999996 ], [ -39.9752961, -5.82183089999995 ], [ -39.9767864, -5.82030019999996 ], [ -39.9783126, -5.817615 ], [ -39.9798385, -5.81611669999995 ], [ -39.9817712, -5.81522179999996 ], [ -39.984100899999902, -5.81441909999995 ], [ -39.9856907, -5.81298489999995 ], [ -39.986766799999899, -5.81100529999998 ], [ -39.987053699999898, -5.80922289999995 ], [ -39.986869899999903, -5.80785739999993 ], [ -39.985784899999899, -5.80702939999998 ], [ -39.984675099999897, -5.80647609999994 ], [ -39.9836797, -5.80567369999994 ], [ -39.983525799999903, -5.80515709999997 ], [ -39.9840783, -5.80404569999996 ], [ -39.9846878, -5.80276189999995 ], [ -39.984801499999897, -5.80218729999996 ], [ -39.984858099999897, -5.80178509999996 ], [ -39.9848577, -5.80151709999996 ], [ -39.9848185, -5.80098109999994 ], [ -39.9842795, -5.79883769999998 ], [ -39.9846558, -5.79802039999993 ], [ -39.9852200999999, -5.79740709999993 ], [ -39.9857411999999, -5.79689959999996 ], [ -39.986739499999899, -5.79532989999996 ], [ -39.9872539, -5.79433339999997 ], [ -39.987967099999899, -5.79203129999996 ], [ -39.9882797, -5.79156769999997 ], [ -39.989043799999898, -5.79093129999995 ], [ -39.989463, -5.79023359999997 ], [ -39.989407399999898, -5.78948119999995 ], [ -39.989499899999899, -5.78847189999993 ], [ -39.989624499999898, -5.78716459999993 ], [ -39.9898387, -5.78575169999993 ], [ -39.9901027, -5.78366439999996 ], [ -39.9902539, -5.78266859999997 ], [ -39.9909987999999, -5.78101889999994 ], [ -39.9922754, -5.77992729999994 ], [ -39.9946413, -5.77908509999997 ], [ -40.000367099999899, -5.77822309999993 ], [ -40.0023646, -5.777727 ], [ -40.0048057999999, -5.77768969999994 ], [ -40.0063776, -5.77697319999993 ], [ -40.0077509, -5.77530519999993 ], [ -40.0085129, -5.77377219999994 ], [ -40.0085923, -5.772322 ], [ -40.008620199999903, -5.77181069999995 ], [ -40.0079789, -5.76992409999997 ], [ -40.006758299999902, -5.76841949999994 ], [ -40.004927699999897, -5.76624089999996 ], [ -40.0041749, -5.76481909999995 ], [ -40.0037922, -5.76361009999994 ], [ -40.003265199999902, -5.760682 ], [ -40.0029638, -5.75834459999993 ], [ -40.003081199999897, -5.75713889999997 ], [ -40.003390099999898, -5.756543 ], [ -40.0041553, -5.75569949999993 ], [ -40.004866999999898, -5.75442029999994 ], [ -40.0047345999999, -5.753375 ], [ -40.0049066, -5.75222749999995 ], [ -40.0053109, -5.75126839999996 ], [ -40.006844999999899, -5.74944469999997 ], [ -40.0072954, -5.74819349999996 ], [ -40.0073379, -5.747614 ], [ -40.006191999999899, -5.74524039999994 ], [ -40.005695, -5.74291769999996 ], [ -40.0048214, -5.74082809999993 ], [ -40.003715699999901, -5.73856479999995 ], [ -40.0023782, -5.736447 ], [ -40.002402199999899, -5.73577889999996 ], [ -40.002752799999897, -5.73513939999998 ], [ -40.003481, -5.73501459999994 ], [ -40.0044052, -5.73502009999993 ], [ -40.0068127, -5.73548059999996 ], [ -40.0076931, -5.73538479999996 ], [ -40.008212399999898, -5.73515889999993 ], [ -40.0088226, -5.73461049999997 ], [ -40.0090752999999, -5.73392039999993 ], [ -40.008640899999897, -5.73306669999994 ], [ -40.0078728, -5.73206729999993 ], [ -40.0076536, -5.73142749999994 ], [ -40.0077681, -5.73061309999997 ], [ -40.008316099999902, -5.72891419999996 ], [ -40.008328199999902, -5.72759269999995 ], [ -40.008078, -5.72640229999996 ], [ -40.0061698, -5.72020519999995 ], [ -40.0064111, -5.71728589999998 ], [ -40.0072923, -5.71551279999994 ], [ -40.0079006, -5.71439959999998 ], [ -40.0096215, -5.71271419999994 ], [ -40.0119884, -5.71085729999993 ], [ -40.0130268, -5.70986079999994 ], [ -40.013684899999902, -5.70894469999996 ], [ -40.0143389, -5.70786159999994 ], [ -40.014719, -5.70755609999998 ], [ -40.0152947999999, -5.70736619999997 ], [ -40.0158762, -5.70731439999997 ], [ -40.0162663, -5.70742929999994 ], [ -40.0162754, -5.70743759999993 ], [ -40.017037699999896, -5.70813309999994 ], [ -40.0174612, -5.70890929999996 ], [ -40.017980599999902, -5.70954729999994 ], [ -40.0184967, -5.71003289999993 ], [ -40.0189821, -5.710264 ], [ -40.020414899999899, -5.71050829999996 ], [ -40.0217228, -5.71041879999996 ], [ -40.022411299999902, -5.71010279999996 ], [ -40.0224267, -5.71009589999994 ], [ -40.0234763999999, -5.70925639999996 ], [ -40.0238161, -5.708855 ], [ -40.023981499999898, -5.70861119999995 ], [ -40.0242497, -5.70831159999994 ], [ -40.0244167, -5.70817369999997 ], [ -40.0245598, -5.70805379999996 ], [ -40.0247327, -5.707874 ], [ -40.0249056, -5.70770609999994 ], [ -40.0250487, -5.70753839999998 ], [ -40.025263499999902, -5.70740639999997 ], [ -40.0254067, -5.70732229999993 ], [ -40.025561799999899, -5.70720839999996 ], [ -40.0257587, -5.70709439999996 ], [ -40.0259376, -5.70695049999995 ], [ -40.0261644, -5.70688419999993 ], [ -40.026292899999902, -5.70683059999993 ], [ -40.0265347, -5.70686229999995 ], [ -40.026797499999901, -5.70686179999996 ], [ -40.027210899999901, -5.70671449999998 ], [ -40.027591399999899, -5.70658249999997 ], [ -40.0279199, -5.70659389999997 ], [ -40.0280989, -5.70649189999995 ], [ -40.028284, -5.70641979999994 ], [ -40.028555299999901, -5.706374 ], [ -40.0287556, -5.70628729999993 ], [ -40.028851099999898, -5.70624529999998 ], [ -40.0289763, -5.70614929999994 ], [ -40.0290537, -5.70599959999993 ], [ -40.0291371, -5.70584389999993 ], [ -40.0292203999999, -5.70566429999997 ], [ -40.029351399999904, -5.70547259999995 ], [ -40.0296331, -5.70517849999993 ], [ -40.0299371999999, -5.70485489999993 ], [ -40.030080199999901, -5.70466919999996 ], [ -40.030210899999901, -5.704292 ], [ -40.030563599999901, -5.70409619999998 ], [ -40.030857399999903, -5.70392149999998 ], [ -40.031272999999899, -5.703849 ], [ -40.0316457, -5.70386269999995 ], [ -40.0316572999999, -5.70386349999995 ], [ -40.0320558, -5.70389389999997 ], [ -40.032418699999901, -5.70398539999997 ], [ -40.0324562, -5.70399489999994 ], [ -40.032706899999901, -5.70391659999996 ], [ -40.033602, -5.70347229999993 ], [ -40.0341496, -5.703229 ], [ -40.0343152, -5.70314939999997 ], [ -40.0344224, -5.70299369999998 ], [ -40.034488, -5.70295169999997 ], [ -40.034720999999898, -5.70296919999993 ], [ -40.035025399999903, -5.702855 ], [ -40.035269899999903, -5.70264519999995 ], [ -40.035401299999897, -5.702615 ], [ -40.035467099999899, -5.70271059999993 ], [ -40.0354912, -5.70281829999993 ], [ -40.0355518, -5.70289989999998 ], [ -40.035730699999903, -5.70314089999994 ], [ -40.0358641, -5.70319069999994 ], [ -40.0358742, -5.70319449999994 ], [ -40.0359936, -5.70317629999994 ], [ -40.036029299999903, -5.70309849999995 ], [ -40.0360468, -5.70288909999994 ], [ -40.036094299999903, -5.70270349999993 ], [ -40.0361956, -5.70260159999998 ], [ -40.036284599999902, -5.70228439999994 ], [ -40.0364393, -5.70191909999994 ], [ -40.0366774, -5.70148789999996 ], [ -40.036903799999898, -5.70115249999998 ], [ -40.0369736, -5.70096539999997 ], [ -40.0369256, -5.70081589999995 ], [ -40.0368359, -5.70076819999997 ], [ -40.0368179, -5.70070029999994 ], [ -40.0368058, -5.70065459999995 ], [ -40.036924999999897, -5.70048089999995 ], [ -40.037217199999901, -5.700235 ], [ -40.0377002, -5.69979739999997 ], [ -40.0379733, -5.69969819999994 ], [ -40.0380388, -5.69959639999996 ], [ -40.038127099999897, -5.69886029999998 ], [ -40.038079, -5.69869889999995 ], [ -40.0379952, -5.69857339999993 ], [ -40.0378578, -5.69851859999994 ], [ -40.037845699999899, -5.69851379999994 ], [ -40.037463199999898, -5.698341 ], [ -40.037235699999897, -5.69804079999994 ], [ -40.037169499999898, -5.69781349999994 ], [ -40.0372705999999, -5.69756209999997 ], [ -40.0374849, -5.69714889999995 ], [ -40.0375442, -5.69693339999998 ], [ -40.037520599999901, -5.69674949999995 ], [ -40.037495799999903, -5.69655649999993 ], [ -40.0375192, -5.69628729999994 ], [ -40.037434899999901, -5.69592849999998 ], [ -40.037494099999897, -5.69560529999995 ], [ -40.037595399999901, -5.69548539999994 ], [ -40.0376411, -5.695197 ], [ -40.037631299999902, -5.69482109999996 ], [ -40.03763, -5.69477189999998 ], [ -40.0375883, -5.69449349999996 ], [ -40.0375816, -5.69444889999994 ], [ -40.0375541, -5.69435919999995 ], [ -40.0374735, -5.69409609999997 ], [ -40.037210199999897, -5.69385129999995 ], [ -40.037036199999903, -5.69341939999993 ], [ -40.036988, -5.69315019999993 ], [ -40.0370414, -5.69298859999998 ], [ -40.0372024, -5.69284469999997 ], [ -40.037459, -5.69271859999998 ], [ -40.0376143, -5.69271829999997 ], [ -40.037744099999898, -5.69263619999998 ], [ -40.0378456, -5.69263 ], [ -40.037947099999897, -5.69261189999997 ], [ -40.0380666, -5.69262359999993 ], [ -40.0381321999999, -5.69257569999996 ], [ -40.038287399999902, -5.69252749999993 ], [ -40.0384610999999, -5.69245539999997 ], [ -40.0386038, -5.69246109999995 ], [ -40.0387726, -5.69248139999996 ], [ -40.0389875, -5.69238529999996 ], [ -40.039112799999899, -5.69232519999997 ], [ -40.0396615, -5.69192939999994 ], [ -40.0400971, -5.69168329999997 ], [ -40.040228199999902, -5.69153949999998 ], [ -40.0403415, -5.69139569999993 ], [ -40.040319699999898, -5.69129639999994 ], [ -40.0403114, -5.69125809999997 ], [ -40.040060099999899, -5.69102519999996 ], [ -40.0398686999999, -5.69086249999998 ], [ -40.0398145999999, -5.69069509999997 ], [ -40.039891899999901, -5.69048559999993 ], [ -40.0405163, -5.68981739999998 ], [ -40.0407666, -5.68949379999998 ], [ -40.041063199999897, -5.68835059999998 ], [ -40.041193399999898, -5.68771619999995 ], [ -40.041419899999902, -5.68742259999993 ], [ -40.041634499999901, -5.68721279999994 ], [ -40.041873, -5.686985 ], [ -40.0421711, -5.68669129999995 ], [ -40.0423319, -5.68644269999993 ], [ -40.0423137, -5.68627519999995 ], [ -40.0421937, -5.68598829999996 ], [ -40.041685599999902, -5.68576189999993 ], [ -40.0412702, -5.68530989999994 ], [ -40.041218899999897, -5.68525419999997 ], [ -40.041151699999901, -5.68446749999993 ], [ -40.0411625, -5.68382729999996 ], [ -40.041114299999897, -5.68357609999993 ], [ -40.0412631, -5.68326479999996 ], [ -40.0414539, -5.68310889999998 ], [ -40.041579199999902, -5.68304879999994 ], [ -40.0417798, -5.68249049999997 ], [ -40.0418445, -5.681958 ], [ -40.0420046999999, -5.68133989999995 ], [ -40.042326, -5.68067529999996 ], [ -40.042654, -5.68038749999994 ], [ -40.043286599999902, -5.68010509999993 ], [ -40.0440669, -5.67981359999993 ], [ -40.044371399999903, -5.67972929999996 ], [ -40.044586599999903, -5.67981259999993 ], [ -40.044724, -5.67986019999995 ], [ -40.045022699999897, -5.67991349999994 ], [ -40.045068399999899, -5.67973469999993 ], [ -40.0450248, -5.67944039999998 ], [ -40.044888, -5.67906009999996 ], [ -40.0446499, -5.67818469999997 ], [ -40.0445161, -5.67779589999998 ], [ -40.0443832999999, -5.67740979999996 ], [ -40.0444616, -5.67710809999994 ], [ -40.0449096, -5.67681159999995 ], [ -40.045721199999903, -5.67640329999995 ], [ -40.0462282, -5.67607339999995 ], [ -40.0466499, -5.675567 ], [ -40.0468283, -5.67514789999996 ], [ -40.0470649, -5.67408089999998 ], [ -40.0472439, -5.67398 ], [ -40.0474593, -5.67401 ], [ -40.0476029, -5.67414139999994 ], [ -40.0477347, -5.67439239999993 ], [ -40.0480698, -5.67471489999997 ], [ -40.048553899999902, -5.67490549999997 ], [ -40.0488174, -5.67479939999993 ], [ -40.0491299, -5.67458689999995 ], [ -40.0492227, -5.67438569999996 ], [ -40.049340899999898, -5.67417409999996 ], [ -40.049769399999903, -5.67332979999998 ], [ -40.0498699, -5.67271929999993 ], [ -40.0497076999999, -5.672241 ], [ -40.0494325, -5.67196629999995 ], [ -40.0491084, -5.671916 ], [ -40.04869, -5.67171929999995 ], [ -40.048528099999899, -5.67139059999994 ], [ -40.048335, -5.67028409999995 ], [ -40.048214899999898, -5.66991039999994 ], [ -40.0481239, -5.66910289999993 ], [ -40.048008799999899, -5.66890279999996 ], [ -40.047614399999901, -5.66881019999994 ], [ -40.0472705, -5.66886819999996 ], [ -40.0467762, -5.66899829999994 ], [ -40.0465902, -5.66916379999998 ], [ -40.0463326, -5.66940119999992 ], [ -40.0460816, -5.66932269999995 ], [ -40.0460598, -5.66911449999998 ], [ -40.0462648, -5.66820279999996 ], [ -40.046385, -5.66778079999995 ], [ -40.0465435999999, -5.66718949999995 ], [ -40.0465746, -5.66695479999993 ], [ -40.0463895, -5.66694319999993 ], [ -40.0460201, -5.667011 ], [ -40.045711, -5.66645869999996 ], [ -40.0452422, -5.66526209999995 ], [ -40.045043399999898, -5.66484709999997 ], [ -40.044519299999898, -5.664224 ], [ -40.0442992, -5.66406039999993 ], [ -40.0440326, -5.66410339999993 ], [ -40.0437939, -5.66414339999994 ], [ -40.0430726, -5.66492249999993 ], [ -40.042845699999901, -5.66492889999995 ], [ -40.0424207, -5.6648 ], [ -40.042184899999903, -5.664586 ], [ -40.0421775, -5.66435209999997 ], [ -40.042288799999902, -5.66403629999996 ], [ -40.042405, -5.66356979999995 ], [ -40.0425978, -5.66320619999993 ], [ -40.0428003, -5.66291869999998 ], [ -40.0430625, -5.66261309999993 ], [ -40.043432, -5.66214579999996 ], [ -40.043538899999902, -5.66181649999993 ], [ -40.0435502999999, -5.66153529999997 ], [ -40.0435378, -5.66121819999995 ], [ -40.043722199999898, -5.66082 ], [ -40.044091299999899, -5.66014929999994 ], [ -40.0441268, -5.65992789999996 ], [ -40.044126199999901, -5.65960479999995 ], [ -40.0440125, -5.65946139999994 ], [ -40.0438033, -5.65941389999995 ], [ -40.043642299999902, -5.65951589999997 ], [ -40.0434873, -5.65967169999993 ], [ -40.0432666, -5.65982169999995 ], [ -40.0426972, -5.65989209999998 ], [ -40.0424305, -5.65982849999995 ], [ -40.042194799999898, -5.65943309999994 ], [ -40.041996299999902, -5.6591 ], [ -40.0417194999999, -5.65900409999995 ], [ -40.041476, -5.65857989999995 ], [ -40.0412329, -5.65810319999997 ], [ -40.0410122, -5.65770939999993 ], [ -40.040813399999898, -5.65728989999997 ], [ -40.0407705, -5.65705539999993 ], [ -40.0405079, -5.656512 ], [ -40.0400864, -5.65568649999994 ], [ -40.0398049, -5.65517459999995 ], [ -40.0395622, -5.65498029999998 ], [ -40.0391895, -5.65493789999994 ], [ -40.039146, -5.65479189999996 ], [ -40.039160299999899, -5.65462919999993 ], [ -40.039318599999902, -5.65416129999994 ], [ -40.0395263999999, -5.65397119999994 ], [ -40.0396587, -5.653619 ], [ -40.039600499999899, -5.65340979999996 ], [ -40.0395263, -5.65328789999995 ], [ -40.0394156, -5.65314979999994 ], [ -40.0390877, -5.65326479999993 ], [ -40.0383697, -5.65336149999996 ], [ -40.038011599999898, -5.65331409999993 ], [ -40.0376706, -5.65287729999994 ], [ -40.0375285, -5.65248229999997 ], [ -40.037635599999902, -5.65162379999992 ], [ -40.0377645, -5.65084089999993 ], [ -40.037829799999898, -5.65059369999994 ], [ -40.037962, -5.64997739999995 ], [ -40.038448199999898, -5.64917889999998 ], [ -40.0385155, -5.648904 ], [ -40.038401399999898, -5.64852729999996 ], [ -40.0383823, -5.64790359999995 ], [ -40.038328, -5.64757459999993 ], [ -40.038122, -5.64699529999996 ], [ -40.038021899999897, -5.64671359999994 ], [ -40.037877799999897, -5.64649239999994 ], [ -40.037692999999898, -5.64647849999994 ], [ -40.037419199999903, -5.64650039999998 ], [ -40.0369964, -5.64652989999996 ], [ -40.036591799999897, -5.64644409999994 ], [ -40.036043, -5.64639519999997 ], [ -40.0358039, -5.64631809999997 ], [ -40.0357637, -5.64626989999994 ], [ -40.035694799999902, -5.64617929999997 ], [ -40.0356102, -5.64562309999997 ], [ -40.0354618, -5.64532119999996 ], [ -40.0351269, -5.64506449999993 ], [ -40.0348101, -5.64492749999994 ], [ -40.034559, -5.64473649999996 ], [ -40.034558699999899, -5.64459289999996 ], [ -40.0345166, -5.64448209999995 ], [ -40.0344699, -5.644359 ], [ -40.0342547, -5.64426609999992 ], [ -40.0338601999999, -5.64404419999994 ], [ -40.033278799999898, -5.64353549999993 ], [ -40.0328412, -5.64329219999996 ], [ -40.0324039, -5.64319959999995 ], [ -40.0321101, -5.64325039999994 ], [ -40.0315765, -5.64338369999996 ], [ -40.0313642, -5.64293579999998 ], [ -40.0315715999999, -5.642677 ], [ -40.0317363999999, -5.64263359999995 ], [ -40.0319813999999, -5.64271279999997 ], [ -40.032184399999899, -5.64270049999993 ], [ -40.0322737, -5.64255079999998 ], [ -40.032267499999897, -5.64240869999998 ], [ -40.0323986, -5.64226489999993 ], [ -40.0328221, -5.64192909999997 ], [ -40.0328934, -5.64172549999995 ], [ -40.0329341999999, -5.641181 ], [ -40.0328438, -5.64067859999994 ], [ -40.032613599999898, -5.64021979999995 ], [ -40.032312299999901, -5.64003359999998 ], [ -40.031867599999899, -5.63984059999996 ], [ -40.031674, -5.63979779999994 ], [ -40.0315165, -5.63986989999995 ], [ -40.031474, -5.64013559999995 ], [ -40.0315052999999, -5.64028009999993 ], [ -40.031350599999897, -5.640706 ], [ -40.031231799999901, -5.64101729999993 ], [ -40.0310244, -5.64126359999995 ], [ -40.0306021, -5.64154429999996 ], [ -40.030143699999897, -5.64171029999994 ], [ -40.0299429, -5.64161009999998 ], [ -40.029677799999902, -5.64161779999995 ], [ -40.0294054, -5.64160389999995 ], [ -40.028881899999902, -5.64143249999995 ], [ -40.0281874, -5.641236 ], [ -40.028150599999897, -5.64122559999993 ], [ -40.027498099999903, -5.64104729999997 ], [ -40.0270034, -5.64091889999997 ], [ -40.0261427, -5.64051839999996 ], [ -40.0258885, -5.64032 ], [ -40.0254753, -5.63998109999994 ], [ -40.0250662, -5.63965159999998 ], [ -40.0248655, -5.63963759999996 ], [ -40.024572, -5.63980319999996 ], [ -40.024407499999903, -5.64004039999998 ], [ -40.0241214, -5.64031369999998 ], [ -40.0237205, -5.64058729999994 ], [ -40.023212199999897, -5.64088969999995 ], [ -40.0229982, -5.64127189999994 ], [ -40.0225811, -5.64180509999994 ], [ -40.0222686, -5.64222669999998 ], [ -40.021953799999899, -5.642536 ], [ -40.0216887999999, -5.64264419999995 ], [ -40.0213017, -5.64258019999994 ], [ -40.020888199999902, -5.64244359999998 ], [ -40.020617899999898, -5.64239449999997 ], [ -40.0204074, -5.64192859999997 ], [ -40.0202806, -5.64170809999996 ], [ -40.0201977, -5.641564 ], [ -40.019960399999903, -5.64076119999993 ], [ -40.019587699999903, -5.63934239999998 ], [ -40.019306099999902, -5.63881039999995 ], [ -40.018863199999899, -5.63825479999997 ], [ -40.018627099999897, -5.637637 ], [ -40.0188060999999, -5.637541 ], [ -40.0191881, -5.63744459999998 ], [ -40.0195108, -5.63753379999997 ], [ -40.0198028, -5.63768919999995 ], [ -40.0203946, -5.63799329999995 ], [ -40.020783, -5.63812429999996 ], [ -40.0213031, -5.63846439999998 ], [ -40.021733099999899, -5.63846809999995 ], [ -40.0220014, -5.63818639999994 ], [ -40.0221855, -5.63760579999996 ], [ -40.022494799999897, -5.63689329999994 ], [ -40.0227862, -5.63618679999996 ], [ -40.023353, -5.63583279999995 ], [ -40.0239022, -5.63570019999997 ], [ -40.0241048, -5.63545449999998 ], [ -40.024081, -5.634989 ], [ -40.0237941, -5.63484589999996 ], [ -40.023185199999901, -5.63499059999998 ], [ -40.0229694, -5.63507059999995 ], [ -40.022426499999902, -5.63487229999993 ], [ -40.021715, -5.63438889999998 ], [ -40.0213294, -5.63417709999993 ], [ -40.0211103, -5.63405679999994 ], [ -40.0201719, -5.63363359999994 ], [ -40.0180362, -5.63319909999996 ], [ -40.0168768999999, -5.63280029999993 ], [ -40.0162849, -5.63235259999993 ], [ -40.0147127, -5.63063669999997 ], [ -40.013834099999897, -5.62937439999996 ], [ -40.012976599999902, -5.62732669999997 ], [ -40.012904299999903, -5.62699479999998 ], [ -40.012856, -5.62670169999996 ], [ -40.0128179, -5.62536759999995 ], [ -40.0127456, -5.62496679999992 ], [ -40.012548099999897, -5.62475779999994 ], [ -40.012034, -5.62444759999994 ], [ -40.011741399999899, -5.62449589999994 ], [ -40.0114493, -5.62475969999997 ], [ -40.0111747999999, -5.62493369999993 ], [ -40.009515, -5.62517879999996 ], [ -40.0089895, -5.62561349999993 ], [ -40.0084588, -5.62650139999994 ], [ -40.0078025, -5.62687949999997 ], [ -40.006817399999903, -5.62701879999997 ], [ -40.005641, -5.62711649999994 ], [ -40.0048818, -5.62669309999995 ], [ -40.0043137, -5.62625129999998 ], [ -40.0037285, -5.62627029999993 ], [ -40.0031197, -5.62645079999993 ], [ -40.002531599999898, -5.62658339999996 ], [ -40.0015877, -5.62634569999994 ], [ -40.001007399999899, -5.62580829999996 ], [ -40.000380699999901, -5.62511379999995 ], [ -39.9983453, -5.62574549999994 ], [ -39.997199599999902, -5.62632779999996 ], [ -39.9971681, -5.62673439999998 ], [ -39.9965764, -5.62737559999994 ], [ -39.9961349, -5.62762159999994 ], [ -39.9956751, -5.62762839999994 ], [ -39.9956425, -5.627611 ], [ -39.9953164, -5.62743749999993 ], [ -39.9948578999999, -5.62710629999998 ], [ -39.994556, -5.62703119999998 ], [ -39.9945233, -5.62702309999997 ], [ -39.994272599999903, -5.62707139999998 ], [ -39.994006, -5.627715 ], [ -39.9938698, -5.62839429999997 ], [ -39.993709, -5.62863989999994 ], [ -39.993614, -5.628993 ], [ -39.993704099999903, -5.62927409999998 ], [ -39.993704799999897, -5.629663 ], [ -39.9936039, -5.630052 ], [ -39.993353699999901, -5.63044139999994 ], [ -39.993073299999899, -5.63062729999996 ], [ -39.991852299999898, -5.63167489999995 ], [ -39.991721299999902, -5.63189049999994 ], [ -39.9915185, -5.63202849999993 ], [ -39.9912388, -5.63259129999994 ], [ -39.9909944999999, -5.63292679999995 ], [ -39.990678199999898, -5.63307689999993 ], [ -39.9901409, -5.63317359999996 ], [ -39.989871999999899, -5.63307829999997 ], [ -39.989740099999899, -5.63279729999994 ], [ -39.989590099999901, -5.63237129999993 ], [ -39.989458, -5.63199609999998 ], [ -39.9890538, -5.63133709999994 ], [ -39.9883166, -5.62980079999994 ], [ -39.9880775, -5.62962169999997 ], [ -39.987569699999902, -5.62956269999995 ], [ -39.987384899999903, -5.62973049999994 ], [ -39.9871285, -5.63001219999995 ], [ -39.986746799999899, -5.6303 ], [ -39.986138299999901, -5.63068989999994 ], [ -39.9858578, -5.63079809999994 ], [ -39.9855352, -5.63072089999997 ], [ -39.9852675, -5.630494 ], [ -39.9845144, -5.63011829999994 ], [ -39.983677999999898, -5.62993419999998 ], [ -39.983499, -5.63000629999993 ], [ -39.9832906, -5.63041949999996 ], [ -39.982993, -5.63098239999994 ], [ -39.982719, -5.63143759999997 ], [ -39.9825878, -5.63153949999997 ], [ -39.9824035, -5.63204839999997 ], [ -39.982433699999902, -5.63222189999993 ], [ -39.982583599999899, -5.63259849999997 ], [ -39.982716099999898, -5.63325049999997 ], [ -39.9826828, -5.63389969999997 ], [ -39.9824627, -5.63439659999995 ], [ -39.982206399999903, -5.63470219999994 ], [ -39.9822007, -5.63486969999997 ], [ -39.981974099999903, -5.63507949999996 ], [ -39.9817593, -5.63516359999994 ], [ -39.981329899999899, -5.63555329999997 ], [ -39.9809299, -5.63558979999993 ], [ -39.9801591, -5.63540559999996 ], [ -39.9797655, -5.63526949999994 ], [ -39.979420699999899, -5.63485649999996 ], [ -39.979175199999901, -5.63449189999994 ], [ -39.9786248999999, -5.63400219999994 ], [ -39.9784038, -5.63389489999997 ], [ -39.9780269, -5.63351859999995 ], [ -39.9777938, -5.63339339999993 ], [ -39.977252899999897, -5.63314749999995 ], [ -39.977055499999899, -5.63294439999993 ], [ -39.9761951999999, -5.63278429999997 ], [ -39.975699, -5.632468 ], [ -39.9751911, -5.63230729999998 ], [ -39.974689, -5.63207479999994 ], [ -39.9741873, -5.63200979999993 ], [ -39.972139, -5.632121 ], [ -39.971499799999897, -5.63204419999994 ], [ -39.9705655, -5.63224919999993 ], [ -39.970202, -5.63299669999998 ], [ -39.9680761, -5.63313189999997 ], [ -39.96712, -5.63279839999996 ], [ -39.9659611, -5.63260889999998 ], [ -39.9653276, -5.63233469999994 ], [ -39.9648847, -5.63173709999995 ], [ -39.964763699999899, -5.63076809999995 ], [ -39.9648152, -5.62986779999994 ], [ -39.9647586, -5.62927929999995 ], [ -39.9645922, -5.62819569999994 ], [ -39.964626699999897, -5.62741779999993 ], [ -39.965103499999898, -5.626759 ], [ -39.9651054, -5.62587739999998 ], [ -39.964883799999903, -5.62551129999997 ], [ -39.9645727, -5.62514679999992 ], [ -39.9644468, -5.62485389999995 ], [ -39.9644701, -5.62450079999996 ], [ -39.9644155, -5.62396839999997 ], [ -39.9641222, -5.62361589999995 ], [ -39.963674099999899, -5.62346709999997 ], [ -39.9630288, -5.62331259999996 ], [ -39.962760499999902, -5.62325439999995 ], [ -39.962748099999899, -5.62325169999997 ], [ -39.9626956, -5.62315049999995 ], [ -39.962562299999902, -5.62289309999994 ], [ -39.9626635, -5.62267149999997 ], [ -39.9630316, -5.62133969999996 ], [ -39.963335099999902, -5.620711 ], [ -39.9634306, -5.620639 ], [ -39.963453899999898, -5.62032189999996 ], [ -39.9635486, -5.61976529999993 ], [ -39.963434, -5.61907739999998 ], [ -39.9632367, -5.618982 ], [ -39.9628248, -5.61907839999998 ], [ -39.9626818, -5.61928209999996 ], [ -39.9621984999999, -5.61951619999996 ], [ -39.9617266999999, -5.61956489999994 ], [ -39.961679699999898, -5.61954679999997 ], [ -39.961401099999897, -5.61943979999995 ], [ -39.961398, -5.619426 ], [ -39.961388999999897, -5.61938589999994 ], [ -39.9613888, -5.61924829999998 ], [ -39.9613529, -5.61923339999993 ], [ -39.9611737, -5.61915889999995 ], [ -39.9609431, -5.61905679999995 ], [ -39.9608509, -5.61901589999997 ], [ -39.9606183, -5.61915989999994 ], [ -39.9602422, -5.61923829999995 ], [ -39.9600809, -5.61924449999998 ], [ -39.959896, -5.61935249999993 ], [ -39.959699, -5.61942459999995 ], [ -39.959573599999899, -5.61942479999993 ], [ -39.959359, -5.61968239999993 ], [ -39.9591023, -5.61971279999995 ], [ -39.958720099999901, -5.61973139999998 ], [ -39.958505, -5.61966589999997 ], [ -39.9578665, -5.61996609999994 ], [ -39.957669699999897, -5.62018779999994 ], [ -39.9573358, -5.62049949999994 ], [ -39.9568733999999, -5.62076349999995 ], [ -39.9567125, -5.62096119999995 ], [ -39.9566829, -5.62114669999994 ], [ -39.956736799999902, -5.62123639999993 ], [ -39.9568747, -5.62152929999996 ], [ -39.9569766, -5.62179689999994 ], [ -39.957007299999901, -5.62227549999994 ], [ -39.957013699999898, -5.62258659999998 ], [ -39.9568889, -5.62293979999993 ], [ -39.9568297, -5.623239 ], [ -39.9566927, -5.62349649999993 ], [ -39.956633399999902, -5.623712 ], [ -39.9566814, -5.62384949999995 ], [ -39.9570166, -5.62432169999994 ], [ -39.9576984999999, -5.62499059999993 ], [ -39.9578303, -5.62522969999998 ], [ -39.9581954, -5.62574369999993 ], [ -39.9583152, -5.62597079999995 ], [ -39.9583334, -5.62614429999996 ], [ -39.9580121, -5.62685979999998 ], [ -39.9578212, -5.62699179999993 ], [ -39.957337799999898, -5.62721989999994 ], [ -39.956973699999899, -5.62732819999997 ], [ -39.9561798, -5.62753889999993 ], [ -39.9555407, -5.627522 ], [ -39.9553079, -5.62757029999995 ], [ -39.9552365, -5.62775589999995 ], [ -39.955141599999898, -5.62813889999995 ], [ -39.9550467, -5.628528 ], [ -39.9548382, -5.62883939999995 ], [ -39.9546233, -5.62892349999993 ], [ -39.954503799999898, -5.62891779999995 ], [ -39.9544023999999, -5.62897929999997 ], [ -39.954223699999901, -5.62926669999996 ], [ -39.95386, -5.62962029999994 ], [ -39.953442299999899, -5.62981849999994 ], [ -39.953167699999902, -5.62992659999998 ], [ -39.9530574999999, -5.63007779999998 ], [ -39.9530101, -5.63032319999996 ], [ -39.9532316, -5.63062729999996 ], [ -39.9536333, -5.63088509999994 ], [ -39.9539546, -5.63085419999993 ], [ -39.9543214, -5.63097019999998 ], [ -39.9545438, -5.631099 ], [ -39.9545696, -5.63111219999996 ], [ -39.9548379, -5.63124929999998 ], [ -39.9550532, -5.63144279999995 ], [ -39.955239999999897, -5.631701 ], [ -39.9554775, -5.63187759999994 ], [ -39.955577199999901, -5.63195169999995 ], [ -39.955745799999903, -5.632118 ], [ -39.9561658, -5.63253229999998 ], [ -39.956202, -5.63261469999998 ], [ -39.9562665, -5.63276189999993 ], [ -39.9562528, -5.63312809999996 ], [ -39.9562607, -5.633566 ], [ -39.9564119, -5.63403959999994 ], [ -39.9566986, -5.63436059999998 ], [ -39.9567527, -5.634583 ], [ -39.9567653, -5.63500779999993 ], [ -39.9567421, -5.63539669999994 ], [ -39.9566308, -5.63584259999993 ], [ -39.9565517999999, -5.63627939999998 ], [ -39.9564667, -5.63683239999995 ], [ -39.9563745, -5.63741409999994 ], [ -39.9560665, -5.63752229999994 ], [ -39.9555217, -5.63746579999997 ], [ -39.9554785, -5.63745809999995 ], [ -39.9549195, -5.63735909999997 ], [ -39.9542173, -5.63742479999996 ], [ -39.953809, -5.63774989999996 ], [ -39.9536002, -5.637834 ], [ -39.953564899999897, -5.63816309999993 ], [ -39.953206899999898, -5.63838509999994 ], [ -39.9530516, -5.63839729999995 ], [ -39.9526339, -5.63861929999996 ], [ -39.9523235999999, -5.63877539999993 ], [ -39.9521776, -5.63912259999995 ], [ -39.952145599999902, -5.63948019999998 ], [ -39.9521664, -5.63952509999996 ], [ -39.9522175, -5.63963569999993 ], [ -39.9523644, -5.63977729999993 ], [ -39.952391, -5.63980289999995 ], [ -39.9525527, -5.64006589999997 ], [ -39.952714, -5.64045909999993 ], [ -39.952768799999902, -5.64075959999997 ], [ -39.952643599999902, -5.64087939999996 ], [ -39.9520666, -5.64138669999994 ], [ -39.951863699999898, -5.64149479999998 ], [ -39.9515827, -5.64132769999998 ], [ -39.9514186, -5.64120349999996 ], [ -39.951211999999899, -5.64104709999998 ], [ -39.9511383, -5.64091769999993 ], [ -39.950864599999903, -5.64043739999994 ], [ -39.950625199999898, -5.64012069999995 ], [ -39.950248499999901, -5.639858 ], [ -39.9499077, -5.63958339999994 ], [ -39.9491958999999, -5.63890249999997 ], [ -39.948585799999897, -5.638353 ], [ -39.9481555, -5.63818619999995 ], [ -39.947871899999903, -5.63821579999995 ], [ -39.9473318, -5.63846279999996 ], [ -39.9468838, -5.63844559999995 ], [ -39.9460121, -5.63856059999995 ], [ -39.945450799999897, -5.63864529999995 ], [ -39.9447941, -5.63880189999998 ], [ -39.9434391, -5.63925889999996 ], [ -39.9427956, -5.63922319999995 ], [ -39.9422877, -5.63911629999996 ], [ -39.941726, -5.63893179999997 ], [ -39.941313599999901, -5.638723 ], [ -39.9405892, -5.63853349999994 ], [ -39.939836199999903, -5.63825349999996 ], [ -39.9394298, -5.63804479999993 ], [ -39.9391393, -5.63753289999994 ], [ -39.938866699999899, -5.63696879999998 ], [ -39.938531399999903, -5.63646069999993 ], [ -39.9385189, -5.63611369999995 ], [ -39.938611099999903, -5.63588839999994 ], [ -39.938813799999899, -5.63566069999996 ], [ -39.9393924, -5.63521709999998 ], [ -39.9396189, -5.63494149999997 ], [ -39.9399627, -5.63426779999998 ], [ -39.940057399999901, -5.63375909999996 ], [ -39.9400097, -5.63355329999996 ], [ -39.9399672, -5.63337029999997 ], [ -39.9398117, -5.633245 ], [ -39.9396206, -5.63324529999994 ], [ -39.939417799999902, -5.63340709999994 ], [ -39.9390041, -5.63333 ], [ -39.9384965, -5.63333079999995 ], [ -39.937976999999897, -5.63342139999997 ], [ -39.9376190999999, -5.63363739999994 ], [ -39.9374404, -5.63393079999997 ], [ -39.937261799999902, -5.63427819999993 ], [ -39.9369457, -5.63457179999995 ], [ -39.9369158, -5.63458379999997 ], [ -39.9363428, -5.63477019999993 ], [ -39.935686, -5.63483709999997 ], [ -39.9354064999999, -5.63472239999993 ], [ -39.935381199999902, -5.634712 ], [ -39.935010599999899, -5.63450909999995 ], [ -39.9347713, -5.63429409999998 ], [ -39.9346816, -5.63417459999994 ], [ -39.9343588999999, -5.63409729999995 ], [ -39.9343233, -5.63408149999998 ], [ -39.93409, -5.63397809999998 ], [ -39.9336003, -5.63398489999997 ], [ -39.9327345, -5.63410589999995 ], [ -39.931801199999903, -5.63402809999997 ], [ -39.931472799999902, -5.63408849999996 ], [ -39.9311203, -5.63396339999997 ], [ -39.9309408, -5.63375429999996 ], [ -39.930982099999902, -5.633479 ], [ -39.931196699999902, -5.63317949999993 ], [ -39.9313996, -5.63309539999995 ], [ -39.931728099999901, -5.63309489999995 ], [ -39.931912699999899, -5.63280739999993 ], [ -39.9319838, -5.63243629999994 ], [ -39.9321446, -5.632125 ], [ -39.932502699999901, -5.63201069999997 ], [ -39.933662599999899, -5.63093639999994 ], [ -39.9339247, -5.63048129999993 ], [ -39.934407899999897, -5.63016339999996 ], [ -39.9347362, -5.63008509999997 ], [ -39.9353158, -5.63021579999997 ], [ -39.9360383, -5.63017869999993 ], [ -39.936438399999901, -5.63014819999995 ], [ -39.9369876, -5.63000369999997 ], [ -39.9372347, -5.62949319999996 ], [ -39.937216299999903, -5.629218 ], [ -39.9373229, -5.62864949999994 ], [ -39.9373815, -5.62792539999998 ], [ -39.937051499999903, -5.62701949999996 ], [ -39.937170299999899, -5.62656459999994 ], [ -39.937181199999898, -5.62591239999995 ], [ -39.937025499999898, -5.62564349999997 ], [ -39.9368815, -5.62522489999998 ], [ -39.9369343, -5.62467879999997 ], [ -39.9368143, -5.624338 ], [ -39.936605, -5.62417079999994 ], [ -39.9362168, -5.62411159999994 ], [ -39.9353866, -5.624083 ], [ -39.9344938999999, -5.62415469999996 ], [ -39.9343509, -5.62440029999993 ], [ -39.934106299999897, -5.62452029999997 ], [ -39.9338672, -5.624419 ], [ -39.932899, -5.62396579999995 ], [ -39.932582, -5.62367319999993 ], [ -39.9322706, -5.62311719999997 ], [ -39.9319714, -5.62277069999993 ], [ -39.931284199999901, -5.62249059999994 ], [ -39.9296125, -5.62189189999998 ], [ -39.928842099999898, -5.62188719999995 ], [ -39.928421, -5.62176069999992 ], [ -39.927635, -5.62147939999994 ], [ -39.926870699999903, -5.62152849999995 ], [ -39.9261301, -5.62152969999994 ], [ -39.9253659, -5.62167449999993 ], [ -39.924840699999898, -5.62191459999997 ], [ -39.9244353, -5.62232209999996 ], [ -39.9243888, -5.62313589999997 ], [ -39.924363, -5.62398989999997 ], [ -39.92434, -5.62461219999994 ], [ -39.9241258, -5.62495119999994 ], [ -39.9235512, -5.62528129999993 ], [ -39.923529599999902, -5.62576219999994 ], [ -39.9240402, -5.626448 ], [ -39.924254899999902, -5.62650979999995 ], [ -39.924267299999897, -5.62651339999996 ], [ -39.924444299999898, -5.62656039999996 ], [ -39.9260358, -5.62698329999995 ], [ -39.926078, -5.62722849999994 ], [ -39.9259355, -5.62779109999997 ], [ -39.9257152, -5.62821029999998 ], [ -39.9253813, -5.62853389999998 ], [ -39.9249814, -5.62869009999997 ], [ -39.924377999999898, -5.62854749999997 ], [ -39.924170499999903, -5.62858669999997 ], [ -39.9239143, -5.62894609999995 ], [ -39.9232405999999, -5.629713 ], [ -39.922949, -5.63037159999993 ], [ -39.9229199, -5.63085179999996 ], [ -39.9227839, -5.63174349999997 ], [ -39.92251, -5.63225249999994 ], [ -39.9222899, -5.63279429999994 ], [ -39.922338, -5.63300959999998 ], [ -39.9225001, -5.63351189999997 ], [ -39.9227587, -5.63369569999998 ], [ -39.922852799999902, -5.63376269999998 ], [ -39.9234086, -5.63398319999993 ], [ -39.9234478, -5.63401219999997 ], [ -39.923755399999898, -5.63423989999995 ], [ -39.9243294, -5.63463989999997 ], [ -39.924495799999903, -5.63484049999994 ], [ -39.924646499999902, -5.63502229999995 ], [ -39.9248564, -5.63554989999994 ], [ -39.9248332, -5.63599419999997 ], [ -39.9247626, -5.63668239999993 ], [ -39.924494799999898, -5.63726319999995 ], [ -39.924489, -5.63741429999993 ], [ -39.924185, -5.63778569999994 ], [ -39.9238093, -5.63814529999996 ], [ -39.9235174, -5.63859449999995 ], [ -39.923207499999897, -5.63902569999993 ], [ -39.922479199999898, -5.63919439999995 ], [ -39.922180099999899, -5.63888379999997 ], [ -39.9219103, -5.63822009999996 ], [ -39.921820099999898, -5.63784329999993 ], [ -39.921622699999901, -5.63762219999995 ], [ -39.921485, -5.637425 ], [ -39.9214188999999, -5.63716779999993 ], [ -39.9212274, -5.63692879999996 ], [ -39.9208092, -5.63683969999994 ], [ -39.9204808, -5.63688809999996 ], [ -39.9193895, -5.63699749999995 ], [ -39.917282999999898, -5.63713249999995 ], [ -39.916578199999897, -5.63707969999996 ], [ -39.916181299999899, -5.63727179999995 ], [ -39.915906999999898, -5.63754749999993 ], [ -39.9150787, -5.63873049999995 ], [ -39.914822899999898, -5.63934709999995 ], [ -39.914447499999902, -5.63992809999996 ], [ -39.913743899999901, -5.64065909999994 ], [ -39.912665699999899, -5.641494 ], [ -39.9117823999999, -5.64189619999996 ], [ -39.9106479, -5.64200569999997 ], [ -39.9098476, -5.64202489999997 ], [ -39.9090661, -5.64166709999995 ], [ -39.9086301, -5.64162589999995 ], [ -39.9080569, -5.64174649999995 ], [ -39.9075256, -5.64189689999995 ], [ -39.9067863, -5.64173649999998 ], [ -39.9067092, -5.641684 ], [ -39.906295999999898, -5.64140219999996 ], [ -39.9050928999999, -5.64072009999995 ], [ -39.904767299999897, -5.64053549999994 ], [ -39.904138799999899, -5.63962709999993 ], [ -39.9039768, -5.63915469999995 ], [ -39.9039461, -5.63862219999993 ], [ -39.903545699999903, -5.63753089999994 ], [ -39.9031611, -5.63646569999997 ], [ -39.9029151, -5.63602049999997 ], [ -39.9024843, -5.63553289999993 ], [ -39.9014771, -5.634639 ], [ -39.900618699999903, -5.63409979999994 ], [ -39.8995861, -5.63369939999995 ], [ -39.898639699999897, -5.63345669999995 ], [ -39.8974353, -5.63320009999995 ], [ -39.8964889, -5.63291439999995 ], [ -39.8959292, -5.63249889999997 ], [ -39.8951398, -5.63179409999998 ], [ -39.894112699999901, -5.63057169999996 ], [ -39.8934315, -5.63025009999996 ], [ -39.892823099999902, -5.63058179999996 ], [ -39.8918442, -5.631126 ], [ -39.8908188, -5.63175279999996 ], [ -39.890400499999899, -5.631976 ], [ -39.8898973, -5.63156879999997 ], [ -39.889420099999903, -5.63134329999997 ], [ -39.888923, -5.63101379999995 ], [ -39.8881163, -5.63075179999993 ], [ -39.8880265, -5.63068839999994 ], [ -39.887566299999897, -5.63036369999998 ], [ -39.887135699999902, -5.62999339999993 ], [ -39.8867116, -5.62994619999995 ], [ -39.886185699999899, -5.62972559999997 ], [ -39.8861295, -5.62965549999996 ], [ -39.886018099999902, -5.62951649999997 ], [ -39.8857745, -5.62933289999995 ], [ -39.885687699999899, -5.62929069999996 ], [ -39.884901899999903, -5.62890939999994 ], [ -39.8841725999999, -5.62847969999996 ], [ -39.881461499999901, -5.627706 ], [ -39.880380499999902, -5.62767769999994 ], [ -39.8791831, -5.62770939999996 ], [ -39.8766788, -5.62757829999993 ], [ -39.8761403, -5.627735 ], [ -39.8752129, -5.62797829999994 ], [ -39.874652099999899, -5.628374 ], [ -39.8747005, -5.62878079999996 ], [ -39.876063299999899, -5.62958049999997 ], [ -39.8768406, -5.63012979999996 ], [ -39.8772355, -5.63065569999998 ], [ -39.877558899999897, -5.63121759999996 ], [ -39.877643599999899, -5.63195939999997 ], [ -39.877728499999897, -5.63284479999993 ], [ -39.877873399999899, -5.63356439999995 ], [ -39.8780768, -5.63412469999997 ], [ -39.8781026, -5.63533319999993 ], [ -39.8780874999999, -5.63685789999994 ], [ -39.877945899999901, -5.63801279999996 ], [ -39.87753, -5.63944039999996 ], [ -39.8771065, -5.63980609999993 ], [ -39.876330499999902, -5.64007649999996 ], [ -39.8759064, -5.64005319999995 ], [ -39.8755039, -5.63987409999993 ], [ -39.875464099999903, -5.63985639999993 ], [ -39.875368299999899, -5.63963519999993 ], [ -39.8750274, -5.63931859999997 ], [ -39.8748001, -5.63912149999993 ], [ -39.8742918, -5.63869739999996 ], [ -39.873959899999903, -5.63840469999997 ], [ -39.8737623, -5.63803409999997 ], [ -39.8736541, -5.63758549999994 ], [ -39.873498, -5.63701429999998 ], [ -39.8731746999999, -5.63649429999998 ], [ -39.872475, -5.635891 ], [ -39.8719492, -5.63571829999995 ], [ -39.871429099999901, -5.63542589999997 ], [ -39.8707898, -5.63524139999993 ], [ -39.8701005, -5.63488459999996 ], [ -39.8700262999999, -5.63484609999995 ], [ -39.869898, -5.63473639999995 ], [ -39.8693565, -5.63427279999996 ], [ -39.8690396, -5.63405779999994 ], [ -39.868611299999898, -5.63362069999994 ], [ -39.868489399999902, -5.63349619999997 ], [ -39.867580299999901, -5.63262409999993 ], [ -39.867438799999903, -5.63245889999996 ], [ -39.8667935, -5.63170529999996 ], [ -39.865937099999897, -5.63032409999994 ], [ -39.865825, -5.63014329999993 ], [ -39.8657529, -5.629885 ], [ -39.8656296, -5.62885839999996 ], [ -39.8655833, -5.62824879999994 ], [ -39.8654385, -5.62784269999997 ], [ -39.864953, -5.62754729999995 ], [ -39.863194399999898, -5.62729139999993 ], [ -39.8621997, -5.62683459999994 ], [ -39.862113899999898, -5.62679519999995 ], [ -39.861520799999901, -5.62637489999997 ], [ -39.8606032, -5.62619429999995 ], [ -39.8598196, -5.62618589999994 ], [ -39.8578338, -5.62683859999993 ], [ -39.8558872999999, -5.62739929999998 ], [ -39.854215, -5.627244 ], [ -39.852988099999898, -5.62675759999996 ], [ -39.852043, -5.62615019999993 ], [ -39.849594, -5.62388479999993 ], [ -39.8487006, -5.62276319999995 ], [ -39.848441599999902, -5.62196429999995 ], [ -39.849016199999902, -5.61879719999996 ], [ -39.8495849, -5.61752729999995 ], [ -39.8496096, -5.61649039999998 ], [ -39.849211599999897, -5.61442829999993 ], [ -39.8487517, -5.61335769999994 ], [ -39.848598099999897, -5.61300009999997 ], [ -39.848190499999902, -5.61226 ], [ -39.8477533, -5.61146589999993 ], [ -39.8470965, -5.61077889999996 ], [ -39.8459994, -5.610387 ], [ -39.845730699999898, -5.60933159999996 ], [ -39.845899599999903, -5.60827109999997 ], [ -39.846698199999899, -5.60735029999995 ], [ -39.8470247, -5.60643129999994 ], [ -39.846997, -5.60536589999998 ], [ -39.8471658, -5.60414849999995 ], [ -39.847611099999902, -5.60375919999996 ], [ -39.8483489, -5.60370849999993 ], [ -39.8491316, -5.60333949999995 ], [ -39.849417199999898, -5.602498 ], [ -39.848747499999902, -5.60176309999997 ], [ -39.8476375, -5.60069249999998 ], [ -39.846758, -5.60036829999996 ], [ -39.8456494, -5.60021669999998 ], [ -39.844704599999901, -5.60042349999998 ], [ -39.842698299999903, -5.60059389999998 ], [ -39.8410497, -5.60042879999997 ], [ -39.8399737, -5.59971229999996 ], [ -39.8387974, -5.59562149999994 ], [ -39.8381512, -5.59476079999996 ], [ -39.837505599999901, -5.594307 ], [ -39.8369594, -5.59376139999995 ], [ -39.8368358, -5.59363789999998 ], [ -39.8356886, -5.59325659999996 ], [ -39.834923199999899, -5.59253969999997 ], [ -39.8343480999999, -5.591296 ], [ -39.8342368, -5.59129839999997 ], [ -39.7847216, -5.59239629999996 ], [ -39.784705099999897, -5.59238169999998 ], [ -39.776939, -5.58550659999997 ], [ -39.775230399999899, -5.58678289999995 ], [ -39.7739283, -5.588509 ], [ -39.773007999999898, -5.58899349999996 ], [ -39.7707058, -5.58893059999997 ], [ -39.7699325, -5.58858559999993 ], [ -39.7695795, -5.587901 ], [ -39.7696266, -5.58519909999995 ], [ -39.7692074, -5.58321019999994 ], [ -39.767419, -5.58198229999994 ], [ -39.76561, -5.58184189999997 ], [ -39.7645416, -5.58171669999996 ], [ -39.763362599999901, -5.581768 ], [ -39.76196, -5.58223109999994 ], [ -39.760491199999898, -5.58227689999995 ], [ -39.758604799999901, -5.58166429999994 ], [ -39.756427599999903, -5.58074989999994 ], [ -39.755154699999899, -5.57974109999998 ], [ -39.753881799999903, -5.57875409999997 ], [ -39.7527512999999, -5.57763529999994 ], [ -39.7510882999999, -5.57588 ], [ -39.7503262, -5.57578209999997 ], [ -39.7497731, -5.57621119999993 ], [ -39.749254, -5.57743109999996 ], [ -39.748942999999898, -5.57863859999998 ], [ -39.748571599999899, -5.57977129999995 ], [ -39.748111499999901, -5.580997 ], [ -39.747127299999903, -5.58188309999997 ], [ -39.746493299999898, -5.58331619999996 ], [ -39.7462326, -5.58520569999996 ], [ -39.7460239, -5.58730629999997 ], [ -39.745274299999899, -5.59028139999998 ], [ -39.7452541, -5.59168719999997 ], [ -39.7446864, -5.59360819999995 ], [ -39.743001, -5.59579789999998 ], [ -39.741095, -5.59700859999998 ], [ -39.7392316, -5.59727449999997 ], [ -39.7375883999999, -5.59817729999997 ], [ -39.7364954, -5.59828849999997 ], [ -39.7357681, -5.59778409999996 ], [ -39.735635199999898, -5.59672989999996 ], [ -39.734625299999898, -5.59567669999996 ], [ -39.733441, -5.595418 ], [ -39.730897399999897, -5.59517619999997 ], [ -39.7287209, -5.59488779999998 ], [ -39.7255087, -5.59474889999996 ], [ -39.720933, -5.59583649999996 ], [ -39.714368, -5.59757489999993 ], [ -39.711808899999902, -5.59851759999998 ], [ -39.7083562, -5.59827369999994 ], [ -39.706730999999898, -5.59845139999993 ], [ -39.705777, -5.59879449999994 ], [ -39.704920699999903, -5.59951349999994 ], [ -39.704461299999899, -5.60028279999995 ], [ -39.705197499999898, -5.60115889999997 ], [ -39.705121399999904, -5.60228109999997 ], [ -39.704442, -5.60252359999993 ], [ -39.7024239, -5.60169119999995 ], [ -39.6997688, -5.60000289999994 ], [ -39.697563199999898, -5.59967939999996 ], [ -39.696464299999903, -5.59968069999996 ], [ -39.695270299999898, -5.59999319999997 ], [ -39.6939854, -5.59974189999997 ], [ -39.6939321999999, -5.59973149999996 ], [ -39.6929044, -5.59925409999994 ], [ -39.6918774, -5.59947069999993 ], [ -39.691253, -5.59991389999993 ], [ -39.6908943, -5.60151629999996 ], [ -39.6908999, -5.60326369999996 ], [ -39.690981399999899, -5.60402159999995 ], [ -39.691612, -5.60498439999998 ], [ -39.6922941, -5.60588779999995 ], [ -39.693186899999901, -5.60708189999997 ], [ -39.6934027, -5.60821039999996 ], [ -39.6932962, -5.60961989999993 ], [ -39.69355, -5.61078789999993 ], [ -39.6944271, -5.61282359999996 ], [ -39.6943974, -5.61320189999998 ], [ -39.693845, -5.61366629999998 ], [ -39.692979599999902, -5.61387809999997 ], [ -39.690975599999902, -5.61445259999994 ], [ -39.6894376, -5.61520129999997 ], [ -39.688029599999901, -5.61637809999996 ], [ -39.687460499999901, -5.616414 ], [ -39.686554, -5.61675849999995 ], [ -39.685775099999901, -5.61648359999998 ], [ -39.6846059, -5.61636329999993 ], [ -39.6838695, -5.61636419999996 ], [ -39.683067299999898, -5.61656989999994 ], [ -39.6821866, -5.61654069999997 ], [ -39.681204099999903, -5.61678889999996 ], [ -39.6800483, -5.61761769999993 ], [ -39.679657399999897, -5.61783259999993 ], [ -39.679322199999902, -5.61824719999993 ], [ -39.6790008, -5.61891139999994 ], [ -39.6789322, -5.61975459999996 ], [ -39.6788581, -5.62052559999995 ], [ -39.6785515, -5.62095959999994 ], [ -39.6769601, -5.62194919999996 ], [ -39.6762598, -5.62196189999997 ], [ -39.6753727, -5.62154139999996 ], [ -39.6749339, -5.62027709999995 ], [ -39.6742637, -5.61907339999993 ], [ -39.6732168, -5.61824349999995 ], [ -39.672100999999898, -5.61762449999998 ], [ -39.6684453, -5.616894 ], [ -39.6667285, -5.61634789999994 ], [ -39.6649358, -5.61522509999998 ], [ -39.6636061, -5.61381 ], [ -39.6630208, -5.61214839999997 ], [ -39.6621661, -5.61122189999998 ], [ -39.6610479, -5.61113879999994 ], [ -39.6599547, -5.61181459999995 ], [ -39.6589456, -5.61251439999995 ], [ -39.6578277, -5.61266019999994 ], [ -39.656865799999899, -5.61255279999995 ], [ -39.6550988, -5.61281979999995 ], [ -39.6539629, -5.61344739999993 ], [ -39.652619899999898, -5.61351519999994 ], [ -39.6514237, -5.61350449999998 ], [ -39.6502399, -5.61334319999997 ], [ -39.6483367, -5.61277919999998 ], [ -39.646436799999897, -5.61181189999996 ], [ -39.6453903, -5.61133119999994 ], [ -39.6441998, -5.61112779999996 ], [ -39.6432862, -5.61115279999996 ], [ -39.642168599999899, -5.61161179999993 ], [ -39.640580999999898, -5.611559 ], [ -39.63987, -5.610789 ], [ -39.6391232, -5.60953719999998 ], [ -39.638629099999903, -5.60840549999995 ], [ -39.6372534, -5.60705049999996 ], [ -39.63615, -5.60609559999995 ], [ -39.635301399999904, -5.60585519999995 ], [ -39.6342741, -5.60580839999994 ], [ -39.633617399999899, -5.60606039999993 ], [ -39.6329597, -5.60625239999996 ], [ -39.6326263, -5.60637269999995 ], [ -39.6322347, -5.60645229999994 ], [ -39.6314219, -5.60819289999995 ], [ -39.6314879, -5.61031659999998 ], [ -39.6315761, -5.61120629999994 ], [ -39.631698899999897, -5.61244519999997 ], [ -39.6319867999999, -5.61362249999996 ], [ -39.6318302, -5.614556 ], [ -39.6315162, -5.61586319999998 ], [ -39.6312589, -5.61655279999997 ], [ -39.630611499999901, -5.61712309999996 ], [ -39.630191399999902, -5.61781019999995 ], [ -39.6300720999999, -5.61864749999995 ], [ -39.6300977, -5.61955519999998 ], [ -39.63018, -5.62117079999996 ], [ -39.630422199999899, -5.62273639999995 ], [ -39.631196, -5.62395489999994 ], [ -39.631851599999898, -5.62473419999998 ], [ -39.632320799999903, -5.62505279999993 ], [ -39.6328207, -5.62543339999996 ], [ -39.63342, -5.62584049999998 ], [ -39.633903599999897, -5.62624389999996 ], [ -39.635498799999901, -5.62932889999996 ], [ -39.6365172, -5.63153649999992 ], [ -39.63752, -5.63435409999994 ], [ -39.637738, -5.63543659999993 ], [ -39.6373986, -5.63665889999993 ], [ -39.6371002, -5.63679209999998 ], [ -39.636529499999902, -5.63681479999997 ], [ -39.6361853, -5.63695259999997 ], [ -39.635994799999899, -5.63725859999994 ], [ -39.636514299999902, -5.63902049999996 ], [ -39.636114399999897, -5.63961179999995 ], [ -39.635397899999901, -5.63971009999995 ], [ -39.633007, -5.63768189999996 ], [ -39.6309992, -5.63636179999997 ], [ -39.6287047, -5.63539189999995 ], [ -39.626943599999898, -5.63488869999998 ], [ -39.6260495, -5.63441429999995 ], [ -39.6250224, -5.63366759999997 ], [ -39.6244202, -5.63308089999992 ], [ -39.624039099999898, -5.63245439999997 ], [ -39.6236466, -5.63144869999996 ], [ -39.6234478, -5.63101909999995 ], [ -39.6232499, -5.63079319999997 ], [ -39.621302, -5.62937259999995 ], [ -39.6191506, -5.62790359999997 ], [ -39.617318399999903, -5.62702259999998 ], [ -39.615158699999903, -5.62599319999993 ], [ -39.612450399999901, -5.62500329999995 ], [ -39.609600999999898, -5.62448409999996 ], [ -39.6089458, -5.62397879999997 ], [ -39.6084672, -5.62319939999998 ], [ -39.6074052, -5.62272179999997 ], [ -39.6064653, -5.62298869999995 ], [ -39.6054417, -5.62353929999995 ], [ -39.603938099999901, -5.62394849999993 ], [ -39.603123099999898, -5.62421149999994 ], [ -39.6025025, -5.62467879999997 ], [ -39.6018458, -5.62497869999993 ], [ -39.6012843, -5.62495529999995 ], [ -39.6007344, -5.62450119999994 ], [ -39.6006214, -5.62442079999994 ], [ -39.6002563, -5.62416659999997 ], [ -39.599754, -5.62366449999996 ], [ -39.5990126, -5.62286339999997 ], [ -39.598605899999903, -5.62230139999997 ], [ -39.5983424, -5.62158359999995 ], [ -39.5982243, -5.62102929999998 ], [ -39.598188, -5.62001889999993 ], [ -39.5976739, -5.61901789999996 ], [ -39.5957124, -5.61729159999993 ], [ -39.5947378, -5.61592759999996 ], [ -39.5943293999999, -5.61449209999995 ], [ -39.5939748, -5.61385429999996 ], [ -39.5908745, -5.61001049999993 ], [ -39.587996099999899, -5.60674289999997 ], [ -39.587009, -5.60632719999995 ], [ -39.5860564, -5.60654089999997 ], [ -39.582193, -5.60773249999994 ], [ -39.5793145, -5.60831139999993 ], [ -39.5774519, -5.60906709999995 ], [ -39.5763044999999, -5.609282 ], [ -39.5742225, -5.60808149999997 ], [ -39.5714068, -5.60759769999993 ], [ -39.5710609, -5.607584 ], [ -39.569897, -5.60848349999998 ], [ -39.569057299999898, -5.60982769999993 ], [ -39.5669902, -5.61313679999995 ], [ -39.5646839, -5.61532049999994 ], [ -39.5632211, -5.61577059999996 ], [ -39.5609454, -5.61547389999993 ], [ -39.559016299999897, -5.61514779999993 ], [ -39.555562199999898, -5.61589329999993 ], [ -39.5533328, -5.61588 ], [ -39.5504558, -5.614287 ], [ -39.547800799999898, -5.61329679999994 ], [ -39.5455712, -5.61297989999997 ], [ -39.5422627, -5.61358559999996 ], [ -39.5385506, -5.61513039999994 ], [ -39.5364741, -5.61582489999995 ], [ -39.5358284, -5.61602039999997 ], [ -39.535182899999903, -5.61634869999995 ], [ -39.5345374999999, -5.61678389999997 ], [ -39.5316619, -5.61883469999998 ], [ -39.5295159, -5.61919969999997 ], [ -39.5273697, -5.61999939999993 ], [ -39.5264483, -5.62044339999994 ], [ -39.525689699999901, -5.621206 ], [ -39.5245389, -5.62257249999993 ], [ -39.5237812, -5.62400909999997 ], [ -39.521135399999899, -5.62609379999998 ], [ -39.5161082, -5.62811049999993 ], [ -39.513480699999903, -5.62859149999997 ], [ -39.510478299999903, -5.62822219999993 ], [ -39.507436799999901, -5.62768089999997 ], [ -39.5065043, -5.62676259999995 ], [ -39.505805, -5.62538209999997 ], [ -39.5053253, -5.62370639999995 ], [ -39.5035048, -5.62099549999994 ], [ -39.5022759, -5.6198 ], [ -39.5003561, -5.61851639999998 ], [ -39.497830599999901, -5.61746229999994 ], [ -39.4961488, -5.61646389999993 ], [ -39.4942014, -5.61536639999997 ], [ -39.4929627, -5.61519009999995 ], [ -39.4890743999999, -5.61524659999998 ], [ -39.486985499999903, -5.61498249999994 ], [ -39.485308099999898, -5.61501209999994 ], [ -39.4844158, -5.61493909999996 ], [ -39.483305, -5.61505959999994 ], [ -39.483173899999898, -5.61537089999996 ], [ -39.4830307, -5.61555049999993 ], [ -39.482804, -5.61590969999997 ], [ -39.4828105, -5.61615109999997 ], [ -39.482500199999897, -5.61648039999994 ], [ -39.482386899999902, -5.61661219999996 ], [ -39.4822914, -5.616714 ], [ -39.482178, -5.61683969999996 ], [ -39.4820826, -5.61701329999994 ], [ -39.4820707, -5.617145 ], [ -39.482160399999898, -5.61721669999997 ], [ -39.4821545, -5.61727649999995 ], [ -39.482136599999897, -5.61738429999997 ], [ -39.481981399999903, -5.61750409999996 ], [ -39.481915899999898, -5.61765369999995 ], [ -39.4819041, -5.61781529999996 ], [ -39.4819221, -5.61797079999997 ], [ -39.481695199999898, -5.61809669999997 ], [ -39.4814744, -5.61822849999993 ], [ -39.4812654999999, -5.61843809999993 ], [ -39.4809908, -5.61850119999997 ], [ -39.4808237, -5.61868079999994 ], [ -39.480573299999897, -5.61926739999996 ], [ -39.4805018, -5.61947089999995 ], [ -39.4803946, -5.619842 ], [ -39.4803353, -5.62032069999998 ], [ -39.480314399999898, -5.62058469999994 ], [ -39.4803117, -5.62061989999995 ], [ -39.4804194, -5.62085919999993 ], [ -39.480539, -5.62109839999994 ], [ -39.480682499999901, -5.62131369999997 ], [ -39.4806708, -5.621577 ], [ -39.480671099999903, -5.62188819999994 ], [ -39.4807192, -5.622319 ], [ -39.4807433, -5.62261809999995 ], [ -39.480755499999901, -5.62288139999993 ], [ -39.4807319, -5.62325239999996 ], [ -39.480744, -5.62341989999993 ], [ -39.4807322, -5.62367129999996 ], [ -39.480660699999902, -5.62387479999995 ], [ -39.480649, -5.62412609999996 ], [ -39.4807159, -5.62424439999995 ], [ -39.4808244, -5.62441779999995 ], [ -39.480881399999902, -5.62464409999995 ], [ -39.480876599999903, -5.62486189999993 ], [ -39.4809006, -5.62502939999996 ], [ -39.4809306, -5.625155 ], [ -39.4808535, -5.62525809999994 ], [ -39.480805299999901, -5.62539449999997 ], [ -39.4807218, -5.62555009999994 ], [ -39.4806981, -5.62574159999997 ], [ -39.480746, -5.62586129999994 ], [ -39.4808656, -5.62605259999998 ], [ -39.480961299999898, -5.62617219999993 ], [ -39.4809255, -5.62631589999995 ], [ -39.4809256, -5.62641159999993 ], [ -39.480734599999899, -5.62653139999998 ], [ -39.4806391, -5.62657939999997 ], [ -39.4805914, -5.62666319999994 ], [ -39.480579599999899, -5.62685469999997 ], [ -39.4806275, -5.62703419999997 ], [ -39.480699199999897, -5.62711789999997 ], [ -39.4809981, -5.627363 ], [ -39.481153499999898, -5.62755429999993 ], [ -39.4812613, -5.62786539999996 ], [ -39.481142, -5.628033 ], [ -39.4810227, -5.62827249999998 ], [ -39.4809511999999, -5.62848789999993 ], [ -39.480879899999898, -5.628859 ], [ -39.480916, -5.629218 ], [ -39.480952, -5.62942139999996 ], [ -39.481011899999899, -5.62962479999993 ], [ -39.480952199999898, -5.62973249999993 ], [ -39.4808447, -5.62973259999995 ], [ -39.480677399999898, -5.62966089999998 ], [ -39.48057, -5.62969689999994 ], [ -39.4803908, -5.62979279999996 ], [ -39.4801758999999, -5.62986479999995 ], [ -39.4800327, -5.63000849999997 ], [ -39.4798059, -5.63029589999996 ], [ -39.4797225, -5.63051139999993 ], [ -39.4797703, -5.63057119999996 ], [ -39.479961499999902, -5.63066679999997 ], [ -39.480224399999898, -5.63077429999993 ], [ -39.4804276, -5.63094169999994 ], [ -39.4806189, -5.63109709999998 ], [ -39.4809175, -5.63110879999994 ], [ -39.481156499999898, -5.63115649999997 ], [ -39.481276099999903, -5.63135979999993 ], [ -39.4813361, -5.63165889999993 ], [ -39.481419899999899, -5.63191019999994 ], [ -39.4815275, -5.63205369999997 ], [ -39.4818023999999, -5.63218509999996 ], [ -39.4820533, -5.63224479999997 ], [ -39.4822804, -5.63236419999993 ], [ -39.482507499999898, -5.63259139999997 ], [ -39.4826272, -5.63279479999994 ], [ -39.482711, -5.63309389999995 ], [ -39.4828545, -5.63330919999993 ], [ -39.4829146, -5.633734 ], [ -39.482962799999903, -5.63421259999996 ], [ -39.482975, -5.63455969999995 ], [ -39.4829753, -5.63483489999993 ], [ -39.4828919, -5.63509829999992 ], [ -39.4827964, -5.63519409999998 ], [ -39.4826889, -5.635266 ], [ -39.482378299999901, -5.63527819999996 ], [ -39.4821037, -5.63536219999997 ], [ -39.481817099999901, -5.63548209999993 ], [ -39.4816261, -5.63572159999995 ], [ -39.4813874, -5.63588929999997 ], [ -39.4813636, -5.63608979999998 ], [ -39.481518999999899, -5.63623329999996 ], [ -39.4818655, -5.63631679999997 ], [ -39.4822, -5.63631649999996 ], [ -39.482427, -5.63635219999998 ], [ -39.4827854, -5.63642369999997 ], [ -39.482905, -5.63649539999994 ], [ -39.482809599999896, -5.63671089999997 ], [ -39.482738099999899, -5.63691439999997 ], [ -39.482571, -5.637118 ], [ -39.482380099999901, -5.63742929999995 ], [ -39.4821173999999, -5.63758509999997 ], [ -39.481950299999902, -5.63775279999993 ], [ -39.4818668, -5.63782469999995 ], [ -39.481735399999899, -5.63784869999995 ], [ -39.481508399999903, -5.637801 ], [ -39.481269499999897, -5.63778929999995 ], [ -39.4811382, -5.637933 ], [ -39.4810069, -5.63808869999997 ], [ -39.4808039, -5.63820249999998 ], [ -39.480577, -5.63828649999994 ], [ -39.4804098, -5.63837039999993 ], [ -39.4801351999999, -5.63847829999997 ], [ -39.4800038, -5.63847839999994 ], [ -39.479848499999903, -5.63846659999996 ], [ -39.479729, -5.63850259999998 ], [ -39.479621699999903, -5.63865819999995 ], [ -39.4795023, -5.63882589999997 ], [ -39.4794067999999, -5.63884989999997 ], [ -39.479179799999898, -5.63885009999996 ], [ -39.478976799999899, -5.63886219999995 ], [ -39.478726, -5.63893419999994 ], [ -39.4784035, -5.63899429999998 ], [ -39.4783916, -5.63914989999995 ], [ -39.4784157, -5.63929349999995 ], [ -39.478475499999902, -5.63948489999996 ], [ -39.4786309, -5.63956859999996 ], [ -39.478822099999903, -5.63959239999997 ], [ -39.479013199999898, -5.63959219999998 ], [ -39.4791805999999, -5.63975959999993 ], [ -39.479216699999903, -5.64005879999996 ], [ -39.479288499999903, -5.640322 ], [ -39.479276899999903, -5.64064509999997 ], [ -39.4791933999999, -5.64081269999997 ], [ -39.479026299999902, -5.64105219999993 ], [ -39.4786801, -5.64132769999998 ], [ -39.4785371, -5.64168689999997 ], [ -39.478573099999899, -5.64196209999994 ], [ -39.4785613, -5.64209369999998 ], [ -39.478645099999902, -5.642357 ], [ -39.478669399999902, -5.64275189999995 ], [ -39.4786336, -5.64285959999995 ], [ -39.4785141999999, -5.64289559999997 ], [ -39.478299299999897, -5.64306329999994 ], [ -39.4781082, -5.64318309999993 ], [ -39.4779291, -5.643279 ], [ -39.477881399999902, -5.64333889999995 ], [ -39.477762299999902, -5.64375489999998 ], [ -39.477559299999903, -5.64385079999994 ], [ -39.477487799999899, -5.64403029999994 ], [ -39.4773685, -5.64424579999996 ], [ -39.477141699999898, -5.64446139999995 ], [ -39.4767476, -5.64465319999994 ], [ -39.4765088, -5.64474919999998 ], [ -39.4762221, -5.64476139999994 ], [ -39.475911499999903, -5.64477359999995 ], [ -39.4756009, -5.64477389999996 ], [ -39.475374, -5.64486979999998 ], [ -39.4752905, -5.64504939999995 ], [ -39.475326499999902, -5.64522879999993 ], [ -39.4753147, -5.64539639999992 ], [ -39.475314899999901, -5.64563569999996 ], [ -39.475279199999903, -5.64579129999993 ], [ -39.475171799999899, -5.645935 ], [ -39.4750644, -5.64605479999994 ], [ -39.4748584, -5.64613869999994 ], [ -39.474643399999898, -5.64623469999998 ], [ -39.4743806, -5.64616309999997 ], [ -39.474344599999903, -5.64600749999994 ], [ -39.474332499999903, -5.64576819999996 ], [ -39.4742846, -5.64561259999994 ], [ -39.4742366, -5.64537329999996 ], [ -39.4742006, -5.64516989999993 ], [ -39.474069, -5.64494269999994 ], [ -39.4739255, -5.64471539999994 ], [ -39.4736983, -5.644548 ], [ -39.473590699999903, -5.64433269999995 ], [ -39.4734351, -5.64406959999997 ], [ -39.4732079, -5.64373469999992 ], [ -39.473064399999899, -5.64350739999998 ], [ -39.4730403, -5.64323219999994 ], [ -39.472872799999898, -5.64295709999993 ], [ -39.4727412, -5.64272979999993 ], [ -39.4724782, -5.64251459999997 ], [ -39.472310799999903, -5.64232319999996 ], [ -39.4721316, -5.64226349999996 ], [ -39.4719405, -5.64233549999994 ], [ -39.4718210999999, -5.64244329999997 ], [ -39.4715346, -5.64262309999998 ], [ -39.4712122, -5.64285069999994 ], [ -39.4708899, -5.64312619999993 ], [ -39.4703645, -5.64343779999996 ], [ -39.470078, -5.64362949999997 ], [ -39.4697436, -5.64379729999996 ], [ -39.4694211999999, -5.64391719999998 ], [ -39.469122599999899, -5.64401319999996 ], [ -39.468776299999902, -5.64414509999995 ], [ -39.468609199999896, -5.64428889999994 ], [ -39.468489799999901, -5.64439669999996 ], [ -39.468263, -5.64457639999995 ], [ -39.4678928, -5.64470829999993 ], [ -39.4677017, -5.64479219999993 ], [ -39.467427, -5.64486429999994 ], [ -39.4671165, -5.64500809999993 ], [ -39.466829899999901, -5.64510409999997 ], [ -39.4665314, -5.64525989999993 ], [ -39.4662567, -5.64534389999994 ], [ -39.4659282, -5.64542189999997 ], [ -39.465653599999897, -5.64558969999996 ], [ -39.465390899999903, -5.64578139999998 ], [ -39.465176, -5.64594909999994 ], [ -39.465068599999903, -5.646033 ], [ -39.4648179, -5.64617679999998 ], [ -39.4646387, -5.64622479999997 ], [ -39.4643161, -5.64616519999993 ], [ -39.463909999999899, -5.64617749999996 ], [ -39.4637428, -5.64632119999993 ], [ -39.4635757, -5.646465 ], [ -39.4634325, -5.64665659999997 ], [ -39.4633013, -5.64695589999997 ], [ -39.463325499999897, -5.64729089999997 ], [ -39.463397299999897, -5.64744639999998 ], [ -39.4634333, -5.64772169999998 ], [ -39.463481199999897, -5.64786519999996 ], [ -39.4634935, -5.64822419999996 ], [ -39.4633980999999, -5.64843969999993 ], [ -39.463183199999897, -5.64866729999994 ], [ -39.4630162, -5.64889479999994 ], [ -39.463004399999903, -5.64911019999994 ], [ -39.462968799999899, -5.64936159999996 ], [ -39.462777899999899, -5.64966089999996 ], [ -39.4626345, -5.64970889999995 ], [ -39.4622643, -5.64980489999994 ], [ -39.4620136, -5.65004449999998 ], [ -39.4616794, -5.65040369999997 ], [ -39.461607899999898, -5.65058329999994 ], [ -39.4615602, -5.650727 ], [ -39.4615006, -5.65094239999996 ], [ -39.4614172, -5.65118179999996 ], [ -39.4613696, -5.65134939999996 ], [ -39.461309899999897, -5.65145719999992 ], [ -39.4611785, -5.65148119999998 ], [ -39.461070999999897, -5.65146929999997 ], [ -39.4608201, -5.65138579999996 ], [ -39.4605333, -5.65133809999998 ], [ -39.460389899999903, -5.65127839999997 ], [ -39.460138899999897, -5.651111 ], [ -39.4598642, -5.65118309999997 ], [ -39.459494, -5.65135089999995 ], [ -39.4591, -5.65153069999997 ], [ -39.4587417, -5.65169859999997 ], [ -39.4585269, -5.65192609999997 ], [ -39.458204599999902, -5.65226139999993 ], [ -39.457918, -5.65247709999994 ], [ -39.4574881, -5.65269279999995 ], [ -39.4570224, -5.65292059999996 ], [ -39.456712, -5.65313619999995 ], [ -39.456425399999901, -5.65326809999993 ], [ -39.4561507, -5.65341189999998 ], [ -39.4559715, -5.65337619999997 ], [ -39.4557085, -5.653137 ], [ -39.4556008, -5.652826 ], [ -39.455576699999902, -5.65257469999995 ], [ -39.455660099999903, -5.65234719999995 ], [ -39.4555521, -5.651713 ], [ -39.4554802, -5.65146179999994 ], [ -39.4554323, -5.65121049999993 ], [ -39.4553723, -5.65087549999993 ], [ -39.455276399999903, -5.65046859999995 ], [ -39.4550493, -5.65031319999997 ], [ -39.454798299999901, -5.65022969999995 ], [ -39.4544519, -5.65026579999994 ], [ -39.454380399999899, -5.65045739999994 ], [ -39.454433799999897, -5.65063339999995 ], [ -39.4543209, -5.65078049999994 ], [ -39.4541709, -5.65098489999997 ], [ -39.453829299999903, -5.65107179999995 ], [ -39.4535207, -5.65093669999993 ], [ -39.453222099999898, -5.65103269999997 ], [ -39.4530548, -5.65094909999993 ], [ -39.4529353, -5.65088929999996 ], [ -39.452875499999898, -5.65082949999993 ], [ -39.452696199999899, -5.650722 ], [ -39.4524691, -5.65059049999996 ], [ -39.4522899, -5.65050689999993 ], [ -39.4520719, -5.650537 ], [ -39.4518689, -5.65060889999995 ], [ -39.451701699999902, -5.65075269999994 ], [ -39.4515464999999, -5.65088439999994 ], [ -39.4512958, -5.65108809999998 ], [ -39.4508898999999, -5.65138759999996 ], [ -39.4505078, -5.65163919999998 ], [ -39.450197499999902, -5.65199839999997 ], [ -39.4497678, -5.65240569999997 ], [ -39.449218599999902, -5.65290869999995 ], [ -39.4490038, -5.65318409999998 ], [ -39.448777, -5.65335179999994 ], [ -39.4485859, -5.65342379999993 ], [ -39.4484664, -5.65335209999995 ], [ -39.4483587, -5.65316069999994 ], [ -39.448275, -5.65305309999997 ], [ -39.4480837, -5.65290959999993 ], [ -39.4478568, -5.65292169999998 ], [ -39.4475821, -5.65299369999997 ], [ -39.447486599999898, -5.65314939999996 ], [ -39.4472956, -5.653353 ], [ -39.4470807, -5.65352069999994 ], [ -39.4468300999999, -5.65378419999996 ], [ -39.4466629, -5.65395179999996 ], [ -39.446472099999902, -5.65433489999998 ], [ -39.4462811, -5.65446669999994 ], [ -39.4459707, -5.65477809999993 ], [ -39.445779699999903, -5.65500569999995 ], [ -39.4456246, -5.655281 ], [ -39.445362, -5.65554449999996 ], [ -39.445075599999903, -5.65585589999995 ], [ -39.444848799999903, -5.65610739999994 ], [ -39.444586199999897, -5.65644269999996 ], [ -39.4442518, -5.65657459999994 ], [ -39.4439174, -5.65664659999993 ], [ -39.4437023, -5.65661089999998 ], [ -39.4435708, -5.65645539999997 ], [ -39.4433916, -5.65646749999996 ], [ -39.443272299999897, -5.65663509999996 ], [ -39.4432366, -5.65677879999993 ], [ -39.4431053, -5.65692249999995 ], [ -39.4429858, -5.65694649999995 ], [ -39.4427828, -5.65699449999994 ], [ -39.442687299999903, -5.65716209999994 ], [ -39.442508299999901, -5.65741359999993 ], [ -39.4423174, -5.65764109999998 ], [ -39.4420069, -5.65782089999993 ], [ -39.4416605, -5.65794079999995 ], [ -39.44135, -5.657965 ], [ -39.4412543, -5.65789319999993 ], [ -39.4411944, -5.65767789999995 ], [ -39.441146499999903, -5.65747449999998 ], [ -39.440996799999901, -5.65698689999994 ], [ -39.4408412, -5.656616 ], [ -39.4408051999999, -5.65637669999995 ], [ -39.440637799999898, -5.65614949999997 ], [ -39.4403988, -5.65605389999996 ], [ -39.4402435, -5.65604209999998 ], [ -39.4400403, -5.65593449999994 ], [ -39.4398968, -5.65574309999994 ], [ -39.4397534, -5.65565949999996 ], [ -39.4395145, -5.65571949999998 ], [ -39.4394429, -5.65582729999994 ], [ -39.4394192, -5.65600679999994 ], [ -39.4392882, -5.65655739999994 ], [ -39.439049399999902, -5.65678489999993 ], [ -39.438918, -5.65683289999993 ], [ -39.4386312, -5.65671349999997 ], [ -39.4382846, -5.65640259999998 ], [ -39.438045499999902, -5.65616339999997 ], [ -39.4378303, -5.65594819999995 ], [ -39.437674899999898, -5.65586449999995 ], [ -39.4374718, -5.65582869999997 ], [ -39.4371374, -5.65596059999996 ], [ -39.4368985999999, -5.65606849999995 ], [ -39.4366835, -5.65609259999997 ], [ -39.4365281, -5.65594909999993 ], [ -39.436480199999899, -5.65575769999998 ], [ -39.4364323, -5.65563809999998 ], [ -39.436277, -5.65560229999994 ], [ -39.436097699999898, -5.65545879999996 ], [ -39.4359183, -5.65524349999993 ], [ -39.4356673, -5.65495649999997 ], [ -39.4353684, -5.65463359999995 ], [ -39.435177199999899, -5.654538 ], [ -39.4346396, -5.65452639999995 ], [ -39.434340899999903, -5.65453859999997 ], [ -39.4340304, -5.65465849999993 ], [ -39.433708, -5.65480239999994 ], [ -39.4333497, -5.65495819999995 ], [ -39.4330391, -5.65491059999994 ], [ -39.432907699999902, -5.65495859999993 ], [ -39.4325375, -5.65510239999998 ], [ -39.432101, -5.65520039999996 ], [ -39.432443, -5.65581709999998 ], [ -39.432724, -5.65611789999997 ], [ -39.4331362, -5.65635509999993 ], [ -39.4332501, -5.65663449999994 ], [ -39.433542799999898, -5.65682149999998 ], [ -39.4337571, -5.65739049999996 ], [ -39.4341209, -5.65757959999996 ], [ -39.4343916999999, -5.65790989999994 ], [ -39.4343694, -5.65818469999994 ], [ -39.4347526, -5.65859569999998 ], [ -39.4348942, -5.65887889999993 ], [ -39.4350378, -5.65923779999997 ], [ -39.4351576, -5.65962069999995 ], [ -39.4352984, -5.66024579999993 ], [ -39.4355735, -5.66071239999997 ], [ -39.4358129, -5.66133449999995 ], [ -39.435968499999902, -5.66164549999996 ], [ -39.4361718, -5.66196849999994 ], [ -39.4365782, -5.66232719999994 ], [ -39.4370564, -5.66267389999996 ], [ -39.4375226, -5.66318819999998 ], [ -39.437965, -5.66358269999995 ], [ -39.438491, -5.664085 ], [ -39.438682399999898, -5.66446779999995 ], [ -39.4387662, -5.664719 ], [ -39.4389338, -5.66512579999994 ], [ -39.4393165, -5.66565209999993 ], [ -39.439675099999903, -5.665939 ], [ -39.4399739, -5.66619009999994 ], [ -39.4404041, -5.66639319999996 ], [ -39.4406792, -5.66672809999994 ], [ -39.4409779, -5.66685949999993 ], [ -39.4412647, -5.66689519999994 ], [ -39.4413364, -5.66702679999997 ], [ -39.4413963, -5.66723019999995 ], [ -39.4414801, -5.66740959999993 ], [ -39.4417549, -5.66752909999997 ], [ -39.442017899999897, -5.66763659999998 ], [ -39.4421613, -5.66773219999993 ], [ -39.4426185, -5.668073 ], [ -39.4428217, -5.66825229999995 ], [ -39.4429294, -5.66852749999993 ], [ -39.4431446, -5.66871879999997 ], [ -39.4432285, -5.668982 ], [ -39.4430614, -5.66918559999993 ], [ -39.443073399999903, -5.66936509999994 ], [ -39.443336499999901, -5.66964009999998 ], [ -39.443683099999902, -5.66986719999994 ], [ -39.443934, -5.66991489999998 ], [ -39.444161199999897, -5.67013019999996 ], [ -39.4442688, -5.67029759999997 ], [ -39.444531799999901, -5.67047689999993 ], [ -39.4447109, -5.67045289999993 ], [ -39.4449499, -5.67054839999997 ], [ -39.4452128, -5.67064389999996 ], [ -39.4455235, -5.67073939999995 ], [ -39.4456668999999, -5.67075129999995 ], [ -39.4458701, -5.67089479999993 ], [ -39.4461688, -5.67101419999995 ], [ -39.4464197, -5.671026 ], [ -39.4466825, -5.670942 ], [ -39.446969099999897, -5.67082209999995 ], [ -39.4474112, -5.67089359999994 ], [ -39.4477458, -5.670989 ], [ -39.448152, -5.67106049999995 ], [ -39.448558299999902, -5.671156 ], [ -39.448956399999901, -5.67118469999997 ], [ -39.4491714, -5.67125629999992 ], [ -39.449621799999903, -5.67155009999993 ], [ -39.449801099999902, -5.67163369999997 ], [ -39.4499327, -5.67187289999993 ], [ -39.450111999999898, -5.67211209999994 ], [ -39.4503391, -5.67220769999994 ], [ -39.4504706, -5.67232729999995 ], [ -39.4506261, -5.67260239999996 ], [ -39.4507578, -5.67288949999994 ], [ -39.4507579, -5.67310489999994 ], [ -39.450674499999899, -5.67330839999994 ], [ -39.4507702, -5.67355069999996 ], [ -39.4508898999999, -5.67380189999994 ], [ -39.450997599999901, -5.67402919999995 ], [ -39.4510695, -5.67430439999993 ], [ -39.4510099, -5.67449589999995 ], [ -39.451093699999902, -5.67471129999996 ], [ -39.451273, -5.67490259999994 ], [ -39.4513449, -5.67516589999997 ], [ -39.451369, -5.67542909999997 ], [ -39.451512599999901, -5.67572819999998 ], [ -39.4516442, -5.67601529999996 ], [ -39.4517521, -5.676446 ], [ -39.451788399999899, -5.67700849999994 ], [ -39.4518006, -5.67742729999998 ], [ -39.4518487, -5.67777429999995 ], [ -39.4520282, -5.67814519999996 ], [ -39.4522673, -5.67837239999994 ], [ -39.4527214, -5.67859939999994 ], [ -39.4530085, -5.67898209999993 ], [ -39.4532118, -5.679341 ], [ -39.453355499999901, -5.67971189999997 ], [ -39.4536067, -5.68010659999993 ], [ -39.4540731, -5.68074049999996 ], [ -39.4544319, -5.68121889999998 ], [ -39.4548741999999, -5.68157759999997 ], [ -39.455370199999898, -5.68191529999996 ], [ -39.4561949, -5.68234539999997 ], [ -39.456445899999899, -5.68250079999996 ], [ -39.4566373, -5.68283579999996 ], [ -39.456757, -5.68313479999995 ], [ -39.4568887, -5.68344589999998 ], [ -39.4570801, -5.68381669999997 ], [ -39.457247499999902, -5.68397219999997 ], [ -39.4574746, -5.68418739999993 ], [ -39.4575225, -5.68428309999996 ], [ -39.4575227, -5.68448649999993 ], [ -39.457606499999898, -5.68470189999994 ], [ -39.4578695, -5.684953 ], [ -39.4582043, -5.68528779999997 ], [ -39.458503199999903, -5.68565859999995 ], [ -39.4591579, -5.68634919999994 ], [ -39.460186, -5.68724589999994 ], [ -39.4611661, -5.68778359999993 ], [ -39.4617039, -5.68808239999993 ], [ -39.4622896, -5.68852469999996 ], [ -39.462959, -5.68889519999993 ], [ -39.4637792, -5.68932689999997 ], [ -39.464510899999901, -5.68939619999998 ], [ -39.4648549, -5.689281 ], [ -39.465801999999897, -5.68856979999993 ], [ -39.4660289, -5.68837809999997 ], [ -39.4662795, -5.68810269999994 ], [ -39.4666377, -5.687851 ], [ -39.4670318, -5.68755149999993 ], [ -39.4673003999999, -5.68736579999995 ], [ -39.4676942, -5.68679109999994 ], [ -39.4679328, -5.68643189999995 ], [ -39.4681835, -5.68620429999993 ], [ -39.468529799999899, -5.68602449999997 ], [ -39.469210599999897, -5.68579659999995 ], [ -39.4697601, -5.68568839999995 ], [ -39.4707038, -5.685556 ], [ -39.4709786, -5.68557969999995 ], [ -39.471420599999902, -5.68554349999994 ], [ -39.471778899999897, -5.68549529999996 ], [ -39.471969999999899, -5.68538739999997 ], [ -39.4722446, -5.68524359999998 ], [ -39.4725074, -5.68520749999993 ], [ -39.4728062, -5.68533889999998 ], [ -39.473105099999898, -5.68562579999997 ], [ -39.473332399999897, -5.68602059999995 ], [ -39.4735238, -5.68627169999996 ], [ -39.4737393, -5.686849 ], [ -39.4740864, -5.68763849999993 ], [ -39.474553199999903, -5.68872719999996 ], [ -39.4748883, -5.68939709999995 ], [ -39.475211199999897, -5.68985159999994 ], [ -39.475450599999903, -5.69043779999993 ], [ -39.4754032, -5.69091649999996 ], [ -39.4752721999999, -5.69134739999993 ], [ -39.475069399999903, -5.69175449999994 ], [ -39.474687399999901, -5.69211379999996 ], [ -39.4745205, -5.69249089999994 ], [ -39.4743894, -5.69295779999993 ], [ -39.4740796, -5.69386749999995 ], [ -39.4738652999999, -5.69483709999997 ], [ -39.473770199999898, -5.69543549999997 ], [ -39.4735934999999, -5.69624819999996 ], [ -39.4736761, -5.69719479999998 ], [ -39.473633, -5.69783749999993 ], [ -39.473761, -5.69871459999996 ], [ -39.4740722, -5.69946819999996 ], [ -39.4743953, -5.70009029999994 ], [ -39.475283499999897, -5.70114939999996 ], [ -39.4757792999999, -5.70125529999996 ], [ -39.476968199999902, -5.70157749999993 ], [ -39.4775418, -5.70172059999993 ], [ -39.477948, -5.70173219999998 ], [ -39.478533399999897, -5.70173179999995 ], [ -39.4790234, -5.701851 ], [ -39.479656799999901, -5.70217359999998 ], [ -39.480171299999903, -5.70307069999996 ], [ -39.480255699999901, -5.70400409999996 ], [ -39.4802923, -5.70496149999997 ], [ -39.480161699999897, -5.70587109999997 ], [ -39.480150799999898, -5.70713959999995 ], [ -39.4803669, -5.70841989999997 ], [ -39.4807503, -5.70970009999996 ], [ -39.4813487, -5.71093229999997 ], [ -39.4818988, -5.71162589999994 ], [ -39.4829267, -5.71205589999994 ], [ -39.484420699999902, -5.71285639999996 ], [ -39.485042399999898, -5.71328669999997 ], [ -39.485831399999903, -5.71387239999996 ], [ -39.4865487, -5.71441039999996 ], [ -39.4869912999999, -5.715128 ], [ -39.4871595, -5.71625279999995 ], [ -39.4875072, -5.71767659999995 ], [ -39.487759, -5.71876539999994 ], [ -39.4881786, -5.72044049999994 ], [ -39.4885616, -5.72127789999996 ], [ -39.4891954, -5.72191159999994 ], [ -39.489637899999899, -5.72242579999994 ], [ -39.490080599999899, -5.72319129999994 ], [ -39.4907982, -5.72412419999995 ], [ -39.4917905, -5.72481739999995 ], [ -39.493200499999901, -5.72506749999997 ], [ -39.4943713, -5.72495879999997 ], [ -39.4959241, -5.72458649999993 ], [ -39.497214, -5.72403489999994 ], [ -39.4978947, -5.72373509999994 ], [ -39.4988384, -5.72351889999993 ], [ -39.4999854, -5.72361359999996 ], [ -39.5010131, -5.72376829999996 ], [ -39.501766099999898, -5.72421039999995 ], [ -39.5024956, -5.72496369999993 ], [ -39.5028785, -5.72569339999995 ], [ -39.5032619, -5.72688979999998 ], [ -39.503262699999901, -5.72782319999993 ], [ -39.5031561, -5.72882849999996 ], [ -39.5031754, -5.72971719999993 ], [ -39.5032442, -5.72998179999996 ], [ -39.504153899999899, -5.732058 ], [ -39.5044943, -5.73283489999994 ], [ -39.506808099999901, -5.73811579999995 ], [ -39.5074791, -5.73964729999994 ], [ -39.530492599999903, -5.79217089999997 ], [ -39.5447104, -5.82462039999996 ], [ -39.5457514, -5.82483059999993 ], [ -39.546295299999898, -5.82511319999998 ], [ -39.5470134, -5.82566779999996 ], [ -39.547666499999899, -5.82644019999998 ], [ -39.5484284, -5.827452 ], [ -39.549147499999897, -5.82832959999996 ], [ -39.549334499999901, -5.82876259999995 ], [ -39.549517299999899, -5.82933549999996 ], [ -39.549388, -5.83024949999998 ], [ -39.549671799999899, -5.83152829999995 ], [ -39.5502129, -5.83238279999995 ], [ -39.5512608, -5.833144 ], [ -39.5526311, -5.83360829999998 ], [ -39.553084899999902, -5.83421429999993 ], [ -39.553544, -5.835411 ], [ -39.5535285, -5.83694779999996 ], [ -39.5536245, -5.837519 ], [ -39.5534951, -5.83871689999995 ], [ -39.5550383, -5.84154479999995 ], [ -39.5559421, -5.84495319999996 ], [ -39.556643699999903, -5.84932419999996 ], [ -39.556542599999901, -5.85008839999995 ], [ -39.5562045, -5.85111609999996 ], [ -39.5554000999999, -5.85219519999993 ], [ -39.5544085, -5.85251889999995 ], [ -39.5529756, -5.85245239999995 ], [ -39.5514922, -5.85279349999996 ], [ -39.5502931, -5.85332959999994 ], [ -39.5494674, -5.85440019999993 ], [ -39.5487651, -5.85581029999997 ], [ -39.5488912, -5.85934879999996 ], [ -39.548841099999898, -5.86010949999996 ], [ -39.5486807999999, -5.86090729999995 ], [ -39.548284899999899, -5.86141279999993 ], [ -39.5475139, -5.86189749999994 ], [ -39.546572, -5.86206189999996 ], [ -39.5462659, -5.86243789999997 ], [ -39.5468756, -5.86832589999995 ], [ -39.547447, -5.871781 ], [ -39.5479157, -5.87409179999997 ], [ -39.548419399999901, -5.87545659999995 ], [ -39.5486112, -5.87678689999996 ], [ -39.548551, -5.877833 ], [ -39.548901999999899, -5.8794 ], [ -39.5497096, -5.88153889999995 ], [ -39.550397599999897, -5.88276079999997 ], [ -39.551034199999897, -5.88343089999995 ], [ -39.5517894, -5.88413669999994 ], [ -39.552189199999901, -5.88538279999995 ], [ -39.5523355999999, -5.88579009999995 ], [ -39.5523631, -5.88586659999993 ], [ -39.5525888, -5.88649459999993 ], [ -39.552048, -5.89349239999996 ], [ -39.552119499999897, -5.89403059999995 ], [ -39.552374299999897, -5.89460329999997 ], [ -39.553282599999903, -5.89564669999993 ], [ -39.553932, -5.89637629999993 ], [ -39.554072399999903, -5.89687289999995 ], [ -39.5537696, -5.89731889999996 ], [ -39.553081099999901, -5.89759549999997 ], [ -39.552398, -5.89827219999995 ], [ -39.552040299999902, -5.899206 ], [ -39.5517756, -5.900329 ], [ -39.5508240999999, -5.90198359999994 ], [ -39.550355599999897, -5.90451369999994 ], [ -39.5513549, -5.90698529999997 ], [ -39.552073699999902, -5.90880359999994 ], [ -39.5522179, -5.90993729999997 ], [ -39.5523575, -5.91314529999994 ], [ -39.553738399999901, -5.91622039999993 ], [ -39.5541775, -5.918157 ], [ -39.5548795, -5.91951629999994 ], [ -39.555649, -5.92000459999997 ], [ -39.556628499999903, -5.92205849999993 ], [ -39.5573954, -5.92409209999994 ], [ -39.558581699999898, -5.92714149999995 ], [ -39.559941799999898, -5.93040059999993 ], [ -39.5599902, -5.932141 ], [ -39.5595334, -5.93318589999996 ], [ -39.558987199999898, -5.93392519999998 ], [ -39.559293599999897, -5.93475069999994 ], [ -39.560050499999903, -5.93621469999994 ], [ -39.5611934, -5.93797409999996 ], [ -39.561486699999897, -5.93847039999997 ], [ -39.561836899999903, -5.94328269999994 ], [ -39.561816099999902, -5.94629839999993 ], [ -39.562128899999898, -5.94828459999997 ], [ -39.562322499999901, -5.95063 ], [ -39.562203899999901, -5.95156349999996 ], [ -39.5609393, -5.95388639999993 ], [ -39.5615381, -5.95501069999995 ], [ -39.5617781999999, -5.95603959999994 ], [ -39.5631673, -5.95864549999993 ], [ -39.5640768, -5.959771 ], [ -39.565387, -5.96174489999993 ], [ -39.565661, -5.96217119999994 ], [ -39.5658022, -5.962608 ], [ -39.5663231, -5.96235069999994 ], [ -39.566895799999898, -5.96216469999996 ], [ -39.5679397, -5.96198939999994 ], [ -39.569057299999898, -5.96196079999993 ], [ -39.5691217, -5.96195919999997 ], [ -39.570520799999898, -5.96173989999994 ], [ -39.5710644, -5.96148519999997 ], [ -39.5715594, -5.96139349999993 ], [ -39.5721009, -5.96167429999997 ], [ -39.573225599999901, -5.96196219999996 ], [ -39.574219099999901, -5.96210639999993 ], [ -39.5749503, -5.96239409999993 ], [ -39.5754702999999, -5.96272939999994 ], [ -39.5763717, -5.96332839999997 ], [ -39.5800295, -5.968052 ], [ -39.581191499999903, -5.96906839999997 ], [ -39.5825876, -5.97095839999997 ], [ -39.5870844, -5.97357149999993 ], [ -39.5919109, -5.97356639999992 ], [ -39.594076, -5.97469569999993 ], [ -39.596900199999901, -5.97665459999996 ], [ -39.599025099999899, -5.97970389999995 ], [ -39.5997151, -5.98221619999993 ], [ -39.5985585, -5.98540319999995 ], [ -39.5988771, -5.98710489999996 ], [ -39.6001864999999, -5.98887469999994 ], [ -39.601132, -5.989259 ], [ -39.6024963, -5.98924939999995 ], [ -39.6047174, -5.988621 ], [ -39.606152, -5.98766679999994 ], [ -39.6066557, -5.98637269999995 ], [ -39.607450899999897, -5.98561289999998 ], [ -39.6088543, -5.98427169999997 ], [ -39.610113899999902, -5.98350679999993 ], [ -39.6112939, -5.98187639999998 ], [ -39.6130969, -5.98070569999993 ], [ -39.6157669, -5.97916759999993 ], [ -39.6208485, -5.97700809999998 ], [ -39.624037499999901, -5.97668879999998 ], [ -39.6266572, -5.97634659999994 ], [ -39.638903399999897, -5.97103879999997 ], [ -39.645404299999903, -5.96579459999998 ], [ -39.648272399999897, -5.96695639999996 ], [ -39.6522985, -5.96637 ], [ -39.654009899999899, -5.972624 ], [ -39.655639, -5.97422319999993 ], [ -39.66006, -5.98047119999995 ], [ -39.660103499999899, -5.98070209999997 ], [ -39.6616213, -5.98876149999995 ], [ -39.663251, -5.99152389999995 ], [ -39.664796099999897, -5.99309059999996 ], [ -39.667603, -5.99277419999993 ], [ -39.6685201, -5.99282829999993 ], [ -39.670191799999898, -5.994468 ], [ -39.6704161, -5.99537319999996 ], [ -39.6708887, -5.99828209999993 ], [ -39.6716999, -6.00340609999995 ], [ -39.6720677, -6.004957 ], [ -39.6724391, -6.007891 ], [ -39.673084699999897, -6.00978619999995 ], [ -39.6729161, -6.01961909999994 ], [ -39.6746623, -6.02220309999996 ], [ -39.678150699999897, -6.02064739999997 ], [ -39.6789931, -6.02085079999995 ], [ -39.6798979, -6.02254309999995 ], [ -39.684489, -6.02115879999997 ], [ -39.686135799999903, -6.01580889999997 ], [ -39.6954122, -6.01544979999994 ], [ -39.7014875, -6.00730019999997 ], [ -39.702932099999899, -6.00526369999994 ], [ -39.704214, -6.004401 ], [ -39.7058699, -6.00491619999997 ], [ -39.710762299999899, -6.00813809999994 ], [ -39.7126709, -6.00878179999995 ], [ -39.7145864, -6.00854909999993 ], [ -39.7182663, -6.00658209999995 ], [ -39.720878599999899, -6.00580569999994 ], [ -39.722966, -6.00666509999996 ], [ -39.723665599999897, -6.00791289999995 ], [ -39.7244305, -6.01058349999994 ], [ -39.7242494, -6.01230869999995 ], [ -39.724528099999901, -6.01403339999996 ], [ -39.726182799999897, -6.01489319999996 ], [ -39.7269148, -6.01368649999995 ], [ -39.7272814, -6.01282119999996 ], [ -39.728016, -6.01282019999996 ], [ -39.728478, -6.015062 ], [ -39.7297697, -6.01885679999998 ], [ -39.729955399999902, -6.02057969999993 ], [ -39.7304144, -6.02058 ], [ -39.731332, -6.02023409999993 ], [ -39.731687099999903, -6.02089849999993 ], [ -39.7323398, -6.02047339999996 ], [ -39.7342697999999, -6.01850519999994 ], [ -39.735738099999899, -6.01850319999994 ], [ -39.7411571, -6.01815119999998 ], [ -39.7422599, -6.01780419999994 ], [ -39.74235, -6.01625179999996 ], [ -39.7412418, -6.01194039999996 ], [ -39.744177799999903, -6.01021229999998 ], [ -39.7461383, -6.00838519999996 ], [ -39.7450481, -6.00528179999998 ], [ -39.741791099999901, -6.00217379999998 ], [ -39.739632599999901, -6.00006419999994 ], [ -39.734059699999897, -5.99382269999995 ], [ -39.7298294, -5.99036649999994 ], [ -39.723458799999896, -5.98008189999996 ], [ -39.721592299999898, -5.97745039999995 ], [ -39.7213025, -5.97553579999993 ], [ -39.7227349, -5.97515129999994 ], [ -39.7310596, -5.98126859999996 ], [ -39.733693, -5.98380239999995 ], [ -39.7466636999999, -5.99781279999996 ], [ -39.749308299999903, -5.99985619999995 ], [ -39.752529, -6.004854 ], [ -39.754183699999899, -6.00640219999997 ], [ -39.7545347, -6.00654409999993 ], [ -39.755195, -6.00657539999997 ], [ -39.7562371, -6.00677149999996 ], [ -39.7590523, -6.00605349999995 ], [ -39.7610761, -6.00725559999995 ], [ -39.7659426, -6.00742249999996 ], [ -39.7672279, -6.00776709999997 ], [ -39.768698599999901, -6.00758859999996 ], [ -39.771551, -6.01138289999994 ], [ -39.7741301, -6.01551569999998 ], [ -39.7754322, -6.01604979999996 ], [ -39.7773455, -6.01660229999993 ], [ -39.7796043, -6.01783079999996 ], [ -39.782131799999902, -6.01860969999996 ], [ -39.7846104, -6.018778 ], [ -39.7850524999999, -6.01894009999995 ] ] ] ] } },
{ "type": "Feature", "properties": { "CD_MUN": "2300309", "NM_MUN": "Acopiara", "CD_RGI": "230009", "NM_RGI": "Iguatu", "CD_RGINT": "2303", "NM_RGINT": "Iguatu", "CD_UF": "23", "NM_UF": "Ceará", "SIGLA_UF": "CE", "CD_REGIAO": "2", "NM_REGIAO": "Nordeste", "SIGLA_RG": "NE", "CD_CONCURB": null, "NM_CONCURB": null, "AREA_KM2": 2254.279 }, "geometry": { "type": "MultiPolygon", "coordinates": [ [ [ [ -39.6644008, -6.33609129999996 ], [ -39.6664314, -6.33631989999998 ], [ -39.6690091, -6.33639159999996 ], [ -39.670456699999903, -6.33510529999995 ], [ -39.672941099999903, -6.33289849999994 ], [ -39.6741046, -6.332897 ], [ -39.678879499999901, -6.33660129999993 ], [ -39.680274499999904, -6.33725619999996 ], [ -39.6812050999999, -6.33681719999993 ], [ -39.6831784, -6.33310319999993 ], [ -39.685737, -6.33309979999996 ], [ -39.688758, -6.32938439999998 ], [ -39.6906203, -6.33134659999996 ], [ -39.6928296, -6.33112569999997 ], [ -39.700001799999903, -6.32830649999994 ], [ -39.702660299999899, -6.33081579999993 ], [ -39.703595499999899, -6.33246589999993 ], [ -39.704387499999903, -6.33440339999993 ], [ -39.7058979, -6.33691439999996 ], [ -39.7069043, -6.33820539999994 ], [ -39.708906199999902, -6.34039649999994 ], [ -39.7201577, -6.27276089999998 ], [ -39.7205647, -6.27261429999993 ], [ -39.7213533, -6.27213459999996 ], [ -39.7216156, -6.27158369999995 ], [ -39.721829899999904, -6.27084149999996 ], [ -39.7212949, -6.26958039999994 ], [ -39.721774799999899, -6.26895509999997 ], [ -39.722061799999899, -6.26895469999994 ], [ -39.7229518, -6.269133 ], [ -39.7233181, -6.26934069999993 ], [ -39.723533599999897, -6.26955579999998 ], [ -39.723727499999903, -6.26969189999994 ], [ -39.7241938, -6.26957639999995 ], [ -39.7244947, -6.26926729999997 ], [ -39.7247378, -6.268671 ], [ -39.7248526, -6.26866369999993 ], [ -39.7252235999999, -6.269 ], [ -39.725511599999898, -6.26931209999998 ], [ -39.7257437, -6.26962449999996 ], [ -39.726070299999897, -6.26989589999994 ], [ -39.7261214, -6.27024939999995 ], [ -39.725930199999901, -6.27036459999994 ], [ -39.7255479, -6.270614 ], [ -39.7253185, -6.27074829999998 ], [ -39.725222899999899, -6.27080589999997 ], [ -39.7250701, -6.27101669999996 ], [ -39.725051199999903, -6.27116989999996 ], [ -39.725089599999897, -6.271323 ], [ -39.7255494, -6.27172449999995 ], [ -39.7258749, -6.27183889999998 ], [ -39.7262575, -6.27181919999992 ], [ -39.726525099999897, -6.27160819999995 ], [ -39.7268692, -6.271378 ], [ -39.7270988, -6.27137769999996 ], [ -39.7273476, -6.27143479999995 ], [ -39.7278641999999, -6.27139579999994 ], [ -39.7279596, -6.27120419999994 ], [ -39.7281315, -6.27097419999996 ], [ -39.7282268, -6.270706 ], [ -39.7278822, -6.27057249999996 ], [ -39.727786099999904, -6.27024709999995 ], [ -39.7277665, -6.26990249999994 ], [ -39.7276684, -6.2694 ], [ -39.7280016, -6.26899339999994 ], [ -39.728650899999899, -6.26803519999993 ], [ -39.728937099999897, -6.26747949999998 ], [ -39.7293122, -6.26694219999996 ], [ -39.7296249, -6.26673189999997 ], [ -39.7297040999999, -6.26680719999996 ], [ -39.729789299999901, -6.26682419999997 ], [ -39.7299341, -6.26683249999996 ], [ -39.7300491, -6.26679819999993 ], [ -39.7302021, -6.26663609999997 ], [ -39.7302998, -6.26641859999995 ], [ -39.7302354, -6.266082 ], [ -39.7301714, -6.26596279999995 ], [ -39.729936, -6.26544089999993 ], [ -39.7298513, -6.26475889999995 ], [ -39.7297075, -6.26450779999993 ], [ -39.729563799999902, -6.26436439999998 ], [ -39.7293605, -6.26434079999996 ], [ -39.729192899999902, -6.26426919999994 ], [ -39.729013199999898, -6.26399419999996 ], [ -39.728724999999898, -6.26316889999993 ], [ -39.728701, -6.26306129999995 ], [ -39.7286764, -6.26258259999997 ], [ -39.728616299999899, -6.26239129999993 ], [ -39.728580099999903, -6.26216389999996 ], [ -39.7286637, -6.262092 ], [ -39.7288909, -6.26209169999993 ], [ -39.7291781, -6.26216309999995 ], [ -39.7293455, -6.26216289999996 ], [ -39.7295607, -6.26217459999998 ], [ -39.7296924, -6.26224619999994 ], [ -39.7302908999999, -6.26265219999993 ], [ -39.730422599999898, -6.26279559999995 ], [ -39.730674099999902, -6.26304659999994 ], [ -39.730865499999901, -6.26304629999993 ], [ -39.7309849, -6.26292649999994 ], [ -39.731175699999902, -6.26255519999995 ], [ -39.731462099999902, -6.262124 ], [ -39.731473299999898, -6.26160949999996 ], [ -39.7313771, -6.26116679999996 ], [ -39.731340799999899, -6.26091559999998 ], [ -39.731241399999902, -6.26058589999997 ], [ -39.7313143, -6.26046389999993 ], [ -39.731723, -6.260568 ], [ -39.732294399999901, -6.26007959999993 ], [ -39.732652899999898, -6.25991149999993 ], [ -39.732963599999898, -6.25971959999993 ], [ -39.7331543, -6.25931249999996 ], [ -39.7331538, -6.25895349999996 ], [ -39.7328560999999, -6.25841249999996 ], [ -39.7329634, -6.258173 ], [ -39.733369799999899, -6.25805279999997 ], [ -39.7337405, -6.25805229999997 ], [ -39.7340617, -6.25828209999997 ], [ -39.734277399999897, -6.258593 ], [ -39.7343494, -6.25876039999997 ], [ -39.7345884, -6.25861649999996 ], [ -39.7348034, -6.25846059999998 ], [ -39.734910899999903, -6.25835269999993 ], [ -39.734946599999901, -6.258257 ], [ -39.734934399999901, -6.25802959999993 ], [ -39.7347065, -6.25757519999996 ], [ -39.7346699, -6.25702479999995 ], [ -39.7347051, -6.25655809999995 ], [ -39.7349199, -6.25622269999997 ], [ -39.7349672, -6.25587559999997 ], [ -39.7347396, -6.25557679999997 ], [ -39.7342490999999, -6.25542189999993 ], [ -39.7340694, -6.25520669999997 ], [ -39.7340452, -6.25500329999994 ], [ -39.7344624999999, -6.25409329999997 ], [ -39.7343772, -6.25293269999997 ], [ -39.7337108, -6.251025 ], [ -39.733050299999903, -6.24902149999997 ], [ -39.7328396999999, -6.24809439999996 ], [ -39.7340052, -6.24713109999993 ], [ -39.734091799999902, -6.24695169999995 ], [ -39.7338999, -6.246557 ], [ -39.7341858999999, -6.24583869999998 ], [ -39.734301, -6.24551949999994 ], [ -39.7344305, -6.24530909999993 ], [ -39.734455899999901, -6.24529979999994 ], [ -39.7336708999999, -6.24528889999993 ], [ -39.733467399999903, -6.24509769999997 ], [ -39.733610999999897, -6.24378539999998 ], [ -39.7334412, -6.24345719999997 ], [ -39.7333260999999, -6.24324189999993 ], [ -39.7329384, -6.24305579999998 ], [ -39.7325934, -6.24266859999994 ], [ -39.732506999999899, -6.24239579999994 ], [ -39.7325084, -6.24206089999996 ], [ -39.732491599999904, -6.24166349999996 ], [ -39.7324912999999, -6.24144809999996 ], [ -39.732362, -6.24133339999997 ], [ -39.7322187, -6.24146289999993 ], [ -39.732089599999902, -6.24150609999998 ], [ -39.73186, -6.24150639999993 ], [ -39.731529899999899, -6.24152129999993 ], [ -39.7305539, -6.24132159999994 ], [ -39.7302381, -6.24129329999994 ], [ -39.7298936, -6.241222 ], [ -39.7298072, -6.24099229999996 ], [ -39.7298213, -6.24077689999996 ], [ -39.7299642, -6.24037459999994 ], [ -39.7296911, -6.240016 ], [ -39.729576, -6.23984389999993 ], [ -39.7294181, -6.23978659999995 ], [ -39.7292459, -6.23978689999996 ], [ -39.7290593, -6.23972969999994 ], [ -39.729016, -6.23952869999994 ], [ -39.728987, -6.23931339999996 ], [ -39.7289436, -6.23908369999998 ], [ -39.7288287, -6.23899769999997 ], [ -39.728713899999903, -6.23898349999996 ], [ -39.728556, -6.23896929999995 ], [ -39.7284554, -6.238869 ], [ -39.7283404, -6.23872549999993 ], [ -39.728239599999903, -6.23848149999998 ], [ -39.7276654, -6.23828129999993 ], [ -39.727363899999901, -6.23819559999993 ], [ -39.7269332, -6.23800949999998 ], [ -39.726775099999898, -6.23783739999993 ], [ -39.7264845, -6.23762289999996 ], [ -39.7265628, -6.23718369999995 ], [ -39.726555, -6.23678519999993 ], [ -39.7263158, -6.23668979999997 ], [ -39.7255531, -6.23654419999997 ], [ -39.7244732999999, -6.23599829999995 ], [ -39.7243725, -6.23577339999997 ], [ -39.7242767, -6.23565869999993 ], [ -39.724195, -6.235362 ], [ -39.7239271, -6.23538629999996 ], [ -39.7235636, -6.23541079999995 ], [ -39.7231571, -6.23544959999998 ], [ -39.7229277, -6.23558389999994 ], [ -39.7224768, -6.23535579999998 ], [ -39.7221512, -6.23512649999998 ], [ -39.721288399999899, -6.23374909999995 ], [ -39.720981, -6.23283049999998 ], [ -39.720942299999898, -6.23252419999994 ], [ -39.7209802, -6.23221779999994 ], [ -39.720979699999901, -6.23189229999997 ], [ -39.720796999999898, -6.23158469999993 ], [ -39.7206244, -6.23129769999997 ], [ -39.7206527, -6.23093869999997 ], [ -39.720576299999898, -6.23066749999998 ], [ -39.720633, -6.230227 ], [ -39.7203067, -6.22942329999995 ], [ -39.719212599999899, -6.22685919999998 ], [ -39.718645299999899, -6.22589929999998 ], [ -39.7178815, -6.22226109999997 ], [ -39.7177134, -6.22178269999995 ], [ -39.7172105, -6.22130469999996 ], [ -39.716061599999897, -6.22058819999995 ], [ -39.7154145, -6.21958389999998 ], [ -39.7153415, -6.21865059999993 ], [ -39.7152925, -6.21774119999998 ], [ -39.7153395, -6.21716679999997 ], [ -39.715338, -6.216018 ], [ -39.715408099999898, -6.21479729999993 ], [ -39.715359799999902, -6.21451019999995 ], [ -39.716346799999897, -6.21129339999993 ], [ -39.7181356, -6.20770109999995 ], [ -39.721291199999897, -6.206907 ], [ -39.727713999999899, -6.208047 ], [ -39.7297584, -6.20786469999996 ], [ -39.732236, -6.20962029999993 ], [ -39.7341051, -6.21231019999993 ], [ -39.7340019, -6.21546949999993 ], [ -39.732704, -6.22085469999996 ], [ -39.733128, -6.22215879999993 ], [ -39.7356728, -6.22247 ], [ -39.7398094, -6.22470659999993 ], [ -39.746709, -6.227974 ], [ -39.7478113, -6.22831979999995 ], [ -39.749689299999901, -6.22837 ], [ -39.750570099999898, -6.22902029999995 ], [ -39.751766599999897, -6.23221739999997 ], [ -39.7528361, -6.23501719999996 ], [ -39.753888699999898, -6.23942979999993 ], [ -39.7546374, -6.240213 ], [ -39.7600614, -6.24019919999995 ], [ -39.7604135999999, -6.23982179999996 ], [ -39.760507899999901, -6.23886429999993 ], [ -39.7606018, -6.23765559999993 ], [ -39.7608488, -6.23474739999995 ], [ -39.7615418, -6.23023509999996 ], [ -39.7620315, -6.22721209999997 ], [ -39.762686099999897, -6.22505719999998 ], [ -39.7640871, -6.22230289999993 ], [ -39.764114, -6.22017879999993 ], [ -39.7638229, -6.21736379999993 ], [ -39.763646, -6.214905 ], [ -39.7629023, -6.21310319999998 ], [ -39.762661299999898, -6.21176329999997 ], [ -39.7633296, -6.21087689999996 ], [ -39.764716099999902, -6.210468 ], [ -39.7670357, -6.21039279999997 ], [ -39.7676091, -6.210033 ], [ -39.768014, -6.20885969999995 ], [ -39.7680821, -6.20649189999995 ], [ -39.7689796, -6.20523209999993 ], [ -39.7701877, -6.204957 ], [ -39.7719696, -6.20576819999997 ], [ -39.773965099999899, -6.20648329999995 ], [ -39.7752133, -6.20635229999993 ], [ -39.776761899999897, -6.20561759999993 ], [ -39.7788874, -6.20501809999996 ], [ -39.7798821, -6.20534319999996 ], [ -39.7812742, -6.2061 ], [ -39.782856099999897, -6.20738759999995 ], [ -39.7865285, -6.20621889999995 ], [ -39.787580499999898, -6.20609789999997 ], [ -39.7892952999999, -6.20647629999996 ], [ -39.7945584, -6.20803769999998 ], [ -39.7954736, -6.20774049999994 ], [ -39.796189599999899, -6.20783619999997 ], [ -39.7967312, -6.20771459999997 ], [ -39.7973072, -6.20753879999995 ], [ -39.797811399999901, -6.20625179999996 ], [ -39.7961832, -6.20417829999997 ], [ -39.7957744, -6.20338919999995 ], [ -39.794235199999903, -6.19617329999994 ], [ -39.7947424, -6.19567949999993 ], [ -39.798102399999898, -6.19597029999994 ], [ -39.7997326, -6.19577059999995 ], [ -39.8003419, -6.19527579999993 ], [ -39.800339699999903, -6.19438579999996 ], [ -39.799933399999901, -6.19349719999997 ], [ -39.799316099999899, -6.18983849999995 ], [ -39.7979023, -6.18714679999994 ], [ -39.795722899999902, -6.18265629999996 ], [ -39.7936869, -6.17946189999998 ], [ -39.793079299999903, -6.17605679999997 ], [ -39.794843899999897, -6.17465969999995 ], [ -39.7951585, -6.17420959999993 ], [ -39.7954434, -6.173802 ], [ -39.7967206, -6.17380009999994 ], [ -39.7972518999999, -6.17290549999996 ], [ -39.7974507, -6.17045249999995 ], [ -39.7950822, -6.16651149999996 ], [ -39.7951641, -6.16189089999995 ], [ -39.7938803, -6.15971589999998 ], [ -39.793297799999898, -6.15736369999996 ], [ -39.794801199999903, -6.15667879999995 ], [ -39.796070299999897, -6.15439629999997 ], [ -39.795623099999901, -6.152146 ], [ -39.796657599999897, -6.15134479999995 ], [ -39.7968331, -6.14995259999995 ], [ -39.796740999999898, -6.14770179999994 ], [ -39.799877299999899, -6.14743049999993 ], [ -39.8022735, -6.14600529999996 ], [ -39.8049899, -6.142896 ], [ -39.8035363, -6.14046489999993 ], [ -39.8023807, -6.13945959999995 ], [ -39.8026442, -6.13759339999996 ], [ -39.8034127, -6.136911 ], [ -39.8090296, -6.13619169999993 ], [ -39.8107441, -6.13572509999995 ], [ -39.8116954, -6.13497329999996 ], [ -39.814267899999898, -6.133755 ], [ -39.8162465, -6.13111609999993 ], [ -39.8175135, -6.12759039999997 ], [ -39.817854899999901, -6.12565139999998 ], [ -39.817839799999902, -6.12516319999997 ], [ -39.817982599999901, -6.12470349999995 ], [ -39.818197199999901, -6.12434409999997 ], [ -39.8186128, -6.124042 ], [ -39.8191004, -6.123912 ], [ -39.819760099999897, -6.12379609999994 ], [ -39.8209800999999, -6.12415319999997 ], [ -39.8215832, -6.12446819999997 ], [ -39.8222005, -6.12479749999994 ], [ -39.822961399999897, -6.12512659999993 ], [ -39.82355, -6.12538419999993 ], [ -39.824199, -6.12624649999998 ], [ -39.825497799999901, -6.127142 ], [ -39.8264214, -6.12828669999993 ], [ -39.8267203999999, -6.13030029999993 ], [ -39.826760599999901, -6.13109339999994 ], [ -39.827818799999903, -6.13297949999998 ], [ -39.8291477, -6.13412619999997 ], [ -39.831981299999903, -6.13422949999995 ], [ -39.832948, -6.13311509999994 ], [ -39.834032799999903, -6.13251029999998 ], [ -39.835806299999902, -6.131234 ], [ -39.8374426, -6.13146079999996 ], [ -39.8397393, -6.13111249999997 ], [ -39.8449625, -6.12230679999993 ], [ -39.846978299999897, -6.11919839999996 ], [ -39.851380999999897, -6.11401569999992 ], [ -39.8526672, -6.11470559999998 ], [ -39.8532437, -6.11512689999995 ], [ -39.854021799999899, -6.11578379999997 ], [ -39.8555779, -6.11700789999998 ], [ -39.8574029, -6.11817169999995 ], [ -39.860578, -6.12253429999993 ], [ -39.8641077, -6.12435339999996 ], [ -39.865621, -6.12336779999993 ], [ -39.8657638, -6.12016879999993 ], [ -39.8684549, -6.11921669999998 ], [ -39.873668199999898, -6.12047979999994 ], [ -39.875745299999899, -6.12019969999994 ], [ -39.877892, -6.11933959999993 ], [ -39.881856, -6.11737929999993 ], [ -39.8837197, -6.11703979999993 ], [ -39.8848621, -6.11656029999995 ], [ -39.8869759, -6.11495489999993 ], [ -39.8880837, -6.11437689999997 ], [ -39.8916613, -6.11433569999997 ], [ -39.892511699999901, -6.11387039999994 ], [ -39.8925634, -6.11356379999995 ], [ -39.8932573, -6.11259959999995 ], [ -39.893617999999897, -6.11096209999994 ], [ -39.8934538, -6.10997639999994 ], [ -39.8927732, -6.10902019999997 ], [ -39.8916141, -6.10788289999994 ], [ -39.890714199999898, -6.10732919999998 ], [ -39.8900862, -6.10659659999993 ], [ -39.889439799999899, -6.105905 ], [ -39.8888937, -6.10529319999995 ], [ -39.88892, -6.10381889999996 ], [ -39.8894055, -6.10245879999997 ], [ -39.8897779, -6.10152479999994 ], [ -39.890005099999897, -6.10011719999994 ], [ -39.889129, -6.09950119999996 ], [ -39.888637199999899, -6.09743679999997 ], [ -39.8880384, -6.09675239999996 ], [ -39.887483, -6.09529249999997 ], [ -39.8866719, -6.09448589999994 ], [ -39.885649999999899, -6.09392239999994 ], [ -39.883471, -6.093328 ], [ -39.8810893, -6.09313089999995 ], [ -39.875713, -6.09084519999993 ], [ -39.8751138, -6.08914379999993 ], [ -39.876767399999899, -6.08629369999994 ], [ -39.875490199999902, -6.08552959999997 ], [ -39.8735376, -6.08502259999995 ], [ -39.872833899999897, -6.08526219999993 ], [ -39.8721558, -6.08500729999997 ], [ -39.870945199999902, -6.08455549999996 ], [ -39.867755799999898, -6.08164119999998 ], [ -39.8635505, -6.08099629999998 ], [ -39.8629098, -6.07984949999997 ], [ -39.864352499999903, -6.07848589999998 ], [ -39.8639247, -6.07652819999993 ], [ -39.8625645, -6.075255 ], [ -39.8598878, -6.07513169999993 ], [ -39.856657599999899, -6.07301119999994 ], [ -39.8562937, -6.06965479999997 ], [ -39.855313099999897, -6.06782649999997 ], [ -39.853203199999903, -6.06387 ], [ -39.8473809, -6.06069169999995 ], [ -39.845001099999898, -6.06026839999993 ], [ -39.8422808, -6.05882719999994 ], [ -39.8401931, -6.054448 ], [ -39.837558699999903, -6.05300659999995 ], [ -39.8330943, -6.04906419999998 ], [ -39.825549899999899, -6.04165939999996 ], [ -39.8245315, -6.03683159999997 ], [ -39.823428299999897, -6.03683239999998 ], [ -39.822325099999901, -6.03511179999992 ], [ -39.8225055999999, -6.03373119999998 ], [ -39.8246169, -6.03355519999997 ], [ -39.825351699999899, -6.03303579999994 ], [ -39.8253518, -6.03131079999997 ], [ -39.8257159, -6.03010269999993 ], [ -39.8268654, -6.02726609999996 ], [ -39.826161899999903, -6.02511169999997 ], [ -39.8246955, -6.02214159999994 ], [ -39.823661899999898, -6.02158049999997 ], [ -39.822366799999898, -6.02138169999995 ], [ -39.818057699999898, -6.02131579999997 ], [ -39.8162502, -6.02038319999997 ], [ -39.815128199999897, -6.01750029999994 ], [ -39.8135579, -6.01270049999994 ], [ -39.8131071, -6.01208779999996 ], [ -39.8125808, -6.01178559999994 ], [ -39.812139, -6.01180069999998 ], [ -39.8109772, -6.01312309999997 ], [ -39.810386, -6.01416419999993 ], [ -39.809693, -6.01479389999997 ], [ -39.808698299999897, -6.01545119999997 ], [ -39.8073582, -6.01593709999997 ], [ -39.8064783, -6.015942 ], [ -39.804620499999899, -6.01650739999997 ], [ -39.8022348, -6.01564879999995 ], [ -39.8011339, -6.01599689999995 ], [ -39.800952799999898, -6.01754759999994 ], [ -39.7998946, -6.01931839999997 ], [ -39.7975562, -6.01992869999998 ], [ -39.7944955, -6.02087929999993 ], [ -39.7928261, -6.02112779999993 ], [ -39.7914239, -6.02117229999993 ], [ -39.7903891, -6.02104809999997 ], [ -39.789525, -6.02083409999995 ], [ -39.7874662, -6.01982479999998 ], [ -39.7850524999999, -6.01894009999995 ], [ -39.7846104, -6.018778 ], [ -39.782131799999902, -6.01860969999996 ], [ -39.7796043, -6.01783079999996 ], [ -39.7773455, -6.01660229999993 ], [ -39.7754322, -6.01604979999996 ], [ -39.7741301, -6.01551569999998 ], [ -39.771551, -6.01138289999994 ], [ -39.768698599999901, -6.00758859999996 ], [ -39.7672279, -6.00776709999997 ], [ -39.7659426, -6.00742249999996 ], [ -39.7610761, -6.00725559999995 ], [ -39.7590523, -6.00605349999995 ], [ -39.7562371, -6.00677149999996 ], [ -39.755195, -6.00657539999997 ], [ -39.7545347, -6.00654409999993 ], [ -39.754183699999899, -6.00640219999997 ], [ -39.752529, -6.004854 ], [ -39.749308299999903, -5.99985619999995 ], [ -39.7466636999999, -5.99781279999996 ], [ -39.733693, -5.98380239999995 ], [ -39.7310596, -5.98126859999996 ], [ -39.7227349, -5.97515129999994 ], [ -39.7213025, -5.97553579999993 ], [ -39.721592299999898, -5.97745039999995 ], [ -39.723458799999896, -5.98008189999996 ], [ -39.7298294, -5.99036649999994 ], [ -39.734059699999897, -5.99382269999995 ], [ -39.739632599999901, -6.00006419999994 ], [ -39.741791099999901, -6.00217379999998 ], [ -39.7450481, -6.00528179999998 ], [ -39.7461383, -6.00838519999996 ], [ -39.744177799999903, -6.01021229999998 ], [ -39.7412418, -6.01194039999996 ], [ -39.74235, -6.01625179999996 ], [ -39.7422599, -6.01780419999994 ], [ -39.7411571, -6.01815119999998 ], [ -39.735738099999899, -6.01850319999994 ], [ -39.7342697999999, -6.01850519999994 ], [ -39.7323398, -6.02047339999996 ], [ -39.731687099999903, -6.02089849999993 ], [ -39.731332, -6.02023409999993 ], [ -39.7304144, -6.02058 ], [ -39.729955399999902, -6.02057969999993 ], [ -39.7297697, -6.01885679999998 ], [ -39.728478, -6.015062 ], [ -39.728016, -6.01282019999996 ], [ -39.7272814, -6.01282119999996 ], [ -39.7269148, -6.01368649999995 ], [ -39.726182799999897, -6.01489319999996 ], [ -39.724528099999901, -6.01403339999996 ], [ -39.7242494, -6.01230869999995 ], [ -39.7244305, -6.01058349999994 ], [ -39.723665599999897, -6.00791289999995 ], [ -39.722966, -6.00666509999996 ], [ -39.720878599999899, -6.00580569999994 ], [ -39.7182663, -6.00658209999995 ], [ -39.7145864, -6.00854909999993 ], [ -39.7126709, -6.00878179999995 ], [ -39.710762299999899, -6.00813809999994 ], [ -39.7058699, -6.00491619999997 ], [ -39.704214, -6.004401 ], [ -39.702932099999899, -6.00526369999994 ], [ -39.7014875, -6.00730019999997 ], [ -39.6954122, -6.01544979999994 ], [ -39.686135799999903, -6.01580889999997 ], [ -39.684489, -6.02115879999997 ], [ -39.6798979, -6.02254309999995 ], [ -39.6789931, -6.02085079999995 ], [ -39.678150699999897, -6.02064739999997 ], [ -39.6746623, -6.02220309999996 ], [ -39.6729161, -6.01961909999994 ], [ -39.673084699999897, -6.00978619999995 ], [ -39.6724391, -6.007891 ], [ -39.6720677, -6.004957 ], [ -39.6716999, -6.00340609999995 ], [ -39.6708887, -5.99828209999993 ], [ -39.6704161, -5.99537319999996 ], [ -39.670191799999898, -5.994468 ], [ -39.6685201, -5.99282829999993 ], [ -39.667603, -5.99277419999993 ], [ -39.664796099999897, -5.99309059999996 ], [ -39.663251, -5.99152389999995 ], [ -39.6616213, -5.98876149999995 ], [ -39.660103499999899, -5.98070209999997 ], [ -39.66006, -5.98047119999995 ], [ -39.655639, -5.97422319999993 ], [ -39.654009899999899, -5.972624 ], [ -39.6522985, -5.96637 ], [ -39.648272399999897, -5.96695639999996 ], [ -39.645404299999903, -5.96579459999998 ], [ -39.638903399999897, -5.97103879999997 ], [ -39.6266572, -5.97634659999994 ], [ -39.624037499999901, -5.97668879999998 ], [ -39.6208485, -5.97700809999998 ], [ -39.6157669, -5.97916759999993 ], [ -39.6130969, -5.98070569999993 ], [ -39.6112939, -5.98187639999998 ], [ -39.610113899999902, -5.98350679999993 ], [ -39.6088543, -5.98427169999997 ], [ -39.607450899999897, -5.98561289999998 ], [ -39.6066557, -5.98637269999995 ], [ -39.606152, -5.98766679999994 ], [ -39.6047174, -5.988621 ], [ -39.6024963, -5.98924939999995 ], [ -39.601132, -5.989259 ], [ -39.6001864999999, -5.98887469999994 ], [ -39.5988771, -5.98710489999996 ], [ -39.5985585, -5.98540319999995 ], [ -39.5997151, -5.98221619999993 ], [ -39.599025099999899, -5.97970389999995 ], [ -39.596900199999901, -5.97665459999996 ], [ -39.594076, -5.97469569999993 ], [ -39.5919109, -5.97356639999992 ], [ -39.5870844, -5.97357149999993 ], [ -39.5825876, -5.97095839999997 ], [ -39.581191499999903, -5.96906839999997 ], [ -39.5800295, -5.968052 ], [ -39.5763717, -5.96332839999997 ], [ -39.5754702999999, -5.96272939999994 ], [ -39.5749503, -5.96239409999993 ], [ -39.574219099999901, -5.96210639999993 ], [ -39.573225599999901, -5.96196219999996 ], [ -39.5721009, -5.96167429999997 ], [ -39.5715594, -5.96139349999993 ], [ -39.5710644, -5.96148519999997 ], [ -39.570520799999898, -5.96173989999994 ], [ -39.5691217, -5.96195919999997 ], [ -39.569057299999898, -5.96196079999993 ], [ -39.5679397, -5.96198939999994 ], [ -39.566895799999898, -5.96216469999996 ], [ -39.5663231, -5.96235069999994 ], [ -39.5658022, -5.962608 ], [ -39.5654579, -5.96633849999995 ], [ -39.5675161, -5.975195 ], [ -39.5673811, -5.98091039999997 ], [ -39.5675995, -5.98327379999995 ], [ -39.5670962, -5.98681119999998 ], [ -39.566014, -5.98880159999993 ], [ -39.5650692, -5.98993509999997 ], [ -39.564756799999898, -5.99056549999995 ], [ -39.564438799999898, -5.99192579999993 ], [ -39.5636873999999, -5.99401439999997 ], [ -39.563101399999901, -5.99533029999998 ], [ -39.5622605, -6.00000069999993 ], [ -39.5622347, -6.00132409999998 ], [ -39.5614292, -6.00878509999995 ], [ -39.561159099999898, -6.00976239999994 ], [ -39.5600726, -6.01118009999993 ], [ -39.559651899999899, -6.01131679999997 ], [ -39.5583492, -6.01174 ], [ -39.5563943, -6.01215169999995 ], [ -39.5545476, -6.012359 ], [ -39.55224, -6.01246889999993 ], [ -39.551206099999902, -6.01226649999995 ], [ -39.5506584, -6.011965 ], [ -39.5501022, -6.01165879999996 ], [ -39.548848, -6.00986529999994 ], [ -39.547763599999897, -6.00785639999998 ], [ -39.5472104, -6.00664029999996 ], [ -39.5466792, -6.00249069999995 ], [ -39.546245499999898, -5.99904459999993 ], [ -39.5436506, -5.99053659999993 ], [ -39.543155899999903, -5.98908609999995 ], [ -39.5406667, -5.98559869999997 ], [ -39.538189499999902, -5.98258539999995 ], [ -39.5368973, -5.98133009999998 ], [ -39.535712499999903, -5.97978759999995 ], [ -39.533882499999898, -5.97856869999993 ], [ -39.532304199999899, -5.97795989999997 ], [ -39.5309604999999, -5.97751569999997 ], [ -39.5301292, -5.97751189999997 ], [ -39.5295714, -5.97810409999994 ], [ -39.5283787, -5.98081809999996 ], [ -39.5275154, -5.98136529999994 ], [ -39.5254618, -5.98149479999995 ], [ -39.523538099999897, -5.981351 ], [ -39.5221814, -5.98179739999995 ], [ -39.5203155, -5.98262509999995 ], [ -39.5182316, -5.98317069999996 ], [ -39.514753, -5.98326809999998 ], [ -39.5137409, -5.98339339999995 ], [ -39.5126495, -5.98352859999994 ], [ -39.5118816, -5.983287 ], [ -39.5114156, -5.98314679999993 ], [ -39.5102299, -5.98317659999998 ], [ -39.5095703, -5.98336869999997 ], [ -39.508685899999897, -5.98345169999993 ], [ -39.5080732, -5.98324439999993 ], [ -39.5067622, -5.98129079999995 ], [ -39.505956599999898, -5.98065649999995 ], [ -39.5023198, -5.98050149999995 ], [ -39.5000138, -5.98023229999995 ], [ -39.498747599999902, -5.98102409999996 ], [ -39.4976013, -5.98226979999993 ], [ -39.496634099999902, -5.98340749999994 ], [ -39.4956756, -5.98393869999995 ], [ -39.4951493, -5.98437609999996 ], [ -39.493008, -5.98552859999995 ], [ -39.491955699999899, -5.98584619999997 ], [ -39.490430199999899, -5.985483 ], [ -39.4893206, -5.98443929999996 ], [ -39.4877152, -5.98370689999996 ], [ -39.4868069, -5.98385129999997 ], [ -39.4829367, -5.98687049999995 ], [ -39.481305099999901, -5.98797309999998 ], [ -39.4793035, -5.98781659999997 ], [ -39.477499599999902, -5.987062 ], [ -39.4757402, -5.98591939999994 ], [ -39.474344, -5.98494 ], [ -39.4730671, -5.98475839999998 ], [ -39.4703162, -5.98413649999998 ], [ -39.4687334, -5.98327219999993 ], [ -39.4674527, -5.98179059999995 ], [ -39.4653747, -5.98083529999997 ], [ -39.462873, -5.98114949999996 ], [ -39.458924399999901, -5.98077469999993 ], [ -39.4572606999999, -5.98046219999998 ], [ -39.454497699999898, -5.98044279999993 ], [ -39.4522876999999, -5.980545 ], [ -39.4507841, -5.98040059999994 ], [ -39.449374299999903, -5.980058 ], [ -39.4480108999999, -5.98005819999997 ], [ -39.4424576, -5.98098359999994 ], [ -39.4413443, -5.98197959999993 ], [ -39.4408417, -5.982843 ], [ -39.440125, -5.98365949999993 ], [ -39.4392336, -5.98418849999996 ], [ -39.4366156, -5.98475329999997 ], [ -39.433227, -5.98442669999997 ], [ -39.430928499999901, -5.98456059999995 ], [ -39.427174599999901, -5.98612019999996 ], [ -39.4250713, -5.98629379999994 ], [ -39.422633699999899, -5.98715 ], [ -39.421395399999902, -5.98711639999993 ], [ -39.4152991999999, -5.98563889999997 ], [ -39.414678299999899, -5.984213 ], [ -39.4141734, -5.98239429999995 ], [ -39.4141799, -5.98012729999994 ], [ -39.4135373, -5.97753059999997 ], [ -39.412951, -5.97643739999995 ], [ -39.4110424, -5.97597749999994 ], [ -39.4071433, -5.97592409999993 ], [ -39.4054088, -5.97590019999996 ], [ -39.403422, -5.97601929999996 ], [ -39.4004801, -5.97483009999996 ], [ -39.398478, -5.97373419999997 ], [ -39.3942329, -5.97333649999996 ], [ -39.389790499999897, -5.973583 ], [ -39.387478499999901, -5.97385609999998 ], [ -39.3870094, -5.97379 ], [ -39.385345099999903, -5.97355539999995 ], [ -39.3818123, -5.97362119999997 ], [ -39.377788, -5.97634059999996 ], [ -39.37298, -5.97842449999996 ], [ -39.370895899999901, -5.97894869999993 ], [ -39.367835899999903, -5.97937129999997 ], [ -39.3658383, -5.979791 ], [ -39.3649103, -5.98016309999997 ], [ -39.363533699999898, -5.98073839999995 ], [ -39.363332899999897, -5.98085339999994 ], [ -39.3634246, -5.98135059999993 ], [ -39.3635054, -5.98178849999994 ], [ -39.364671799999897, -5.98321179999994 ], [ -39.3663109, -5.98548449999993 ], [ -39.3667119, -5.98625019999997 ], [ -39.367185199999902, -5.98726719999996 ], [ -39.3671176, -5.98912719999993 ], [ -39.366568099999903, -5.99115119999993 ], [ -39.3652276, -5.99204139999995 ], [ -39.364449, -5.99242449999997 ], [ -39.3635391, -5.99237809999994 ], [ -39.360839199999901, -5.99094789999998 ], [ -39.3598087, -5.99030629999993 ], [ -39.3585887, -5.98998869999997 ], [ -39.3558419, -5.99000129999996 ], [ -39.352478399999903, -5.99072989999996 ], [ -39.352208399999903, -5.99102219999997 ], [ -39.3518149, -5.99183389999996 ], [ -39.350977699999902, -5.99238179999998 ], [ -39.3497273999999, -5.99283219999995 ], [ -39.3484829, -5.99374569999998 ], [ -39.3478997, -5.99460549999998 ], [ -39.3477611, -5.99542519999994 ], [ -39.3479034, -5.99617589999997 ], [ -39.3488445999999, -5.99708439999995 ], [ -39.3487865, -6.00091279999998 ], [ -39.3476056, -6.003585 ], [ -39.347034, -6.00454919999993 ], [ -39.3449017, -6.00788189999997 ], [ -39.3429598, -6.00724189999994 ], [ -39.3426931, -6.00451509999994 ], [ -39.3416283, -6.00310359999997 ], [ -39.3391414, -6.00212389999996 ], [ -39.3372166, -6.00182589999997 ], [ -39.335495299999899, -6.00185089999997 ], [ -39.334001199999904, -6.00197689999993 ], [ -39.329595, -6.00291429999993 ], [ -39.327407299999898, -6.00257459999995 ], [ -39.324568499999899, -6.00299509999996 ], [ -39.323480699999898, -6.00366209999993 ], [ -39.322066, -6.00546109999993 ], [ -39.3204827, -6.00694079999994 ], [ -39.319460499999899, -6.00676189999996 ], [ -39.3175072, -6.00534909999993 ], [ -39.3154489, -6.00396259999997 ], [ -39.3098431, -6.00082769999995 ], [ -39.309868, -6.00023429999993 ], [ -39.3085086, -5.99782419999997 ], [ -39.307047399999902, -5.99484629999995 ], [ -39.3064873, -5.99369059999998 ], [ -39.303619399999903, -5.991471 ], [ -39.301618, -5.99133189999998 ], [ -39.300367299999898, -5.99112549999995 ], [ -39.296894199999898, -5.98991149999995 ], [ -39.2961381, -5.99016339999997 ], [ -39.295307299999898, -5.99111459999995 ], [ -39.294952099999897, -5.99256679999996 ], [ -39.2950089, -5.99412 ], [ -39.295304799999897, -5.996527 ], [ -39.2955865, -5.99775259999996 ], [ -39.295089, -5.99843949999996 ], [ -39.294022799999901, -5.99864359999998 ], [ -39.292728699999898, -5.99818569999996 ], [ -39.2911692, -5.99838279999994 ], [ -39.289504099999903, -5.99881069999998 ], [ -39.2878658, -6.00026709999997 ], [ -39.2878408, -6.00078359999998 ], [ -39.2836166, -6.00424779999997 ], [ -39.282227099999901, -6.00483289999994 ], [ -39.2808376, -6.00518189999997 ], [ -39.278554299999897, -6.00530519999995 ], [ -39.277534, -6.00497189999993 ], [ -39.273006699999897, -6.00074689999997 ], [ -39.2729477, -6.00026389999994 ], [ -39.2722858999999, -5.99960739999995 ], [ -39.271920899999898, -5.99960489999995 ], [ -39.2658286, -5.99717439999995 ], [ -39.2610126, -5.99768849999998 ], [ -39.2585192, -5.99832519999995 ], [ -39.2561762999999, -5.99846989999998 ], [ -39.2529246, -5.99784909999994 ], [ -39.248953, -5.99648759999997 ], [ -39.2445514, -5.99674659999994 ], [ -39.2402068, -5.99533719999994 ], [ -39.239399299999903, -5.99556979999994 ], [ -39.2386059, -5.99579839999996 ], [ -39.2391433, -6.000578 ], [ -39.2358611, -6.001559 ], [ -39.2349808, -6.00022719999993 ], [ -39.2345748, -5.99862749999994 ], [ -39.234096, -5.99704209999993 ], [ -39.2332579, -5.993871 ], [ -39.2319115, -5.98998219999993 ], [ -39.230895, -5.98887559999997 ], [ -39.2293705, -5.987859 ], [ -39.227816399999902, -5.98753059999996 ], [ -39.225545699999898, -5.98857869999995 ], [ -39.222248599999901, -5.99194519999998 ], [ -39.2201696, -5.992345 ], [ -39.2185539, -5.99197829999997 ], [ -39.2175597, -5.99129659999994 ], [ -39.2154750999999, -5.99116449999997 ], [ -39.2138389, -5.99142580399996 ], [ -39.21241759, -5.99165240999997 ], [ -39.210220794999898, -5.99106160499997 ], [ -39.2083636, -5.99021651499993 ], [ -39.205950795, -5.98959318999994 ], [ -39.204688394999899, -5.98836759499994 ], [ -39.204329304999902, -5.98808768499993 ], [ -39.203248889999898, -5.98636108999995 ], [ -39.20333371, -5.98132950999997 ], [ -39.20286621, -5.97792019999997 ], [ -39.202142009999903, -5.97423219999996 ], [ -39.201642584999902, -5.97245940499994 ], [ -39.200393894999898, -5.96954600999993 ], [ -39.197808494999897, -5.96594921499997 ], [ -39.1974727899999, -5.96467199499995 ], [ -39.197480289999902, -5.96280750499994 ], [ -39.197865799999903, -5.95957789499994 ], [ -39.197857914999901, -5.95757320499996 ], [ -39.19766609, -5.95693729499993 ], [ -39.196943215, -5.95666439499996 ], [ -39.195308904999898, -5.95725299499998 ], [ -39.192140905, -5.95913121499996 ], [ -39.191420105, -5.95972489499997 ], [ -39.186969594999901, -5.96055508999996 ], [ -39.184355285, -5.96205939999993 ], [ -39.183080795, -5.96300970999994 ], [ -39.181114205, -5.96422889499996 ], [ -39.17655939, -5.96395269999994 ], [ -39.174829289999899, -5.96317048999992 ], [ -39.17400981, -5.96258869499997 ], [ -39.172067305, -5.96098189499997 ], [ -39.169873907, -5.96023329699995 ], [ -39.168498699999901, -5.96233829999994 ], [ -39.1680206999999, -5.962821 ], [ -39.1669497, -5.96282129999997 ], [ -39.166364499999901, -5.96280419999994 ], [ -39.1661751, -5.96273539999993 ], [ -39.165882399999902, -5.96244249999995 ], [ -39.165693, -5.96216689999994 ], [ -39.1652453, -5.96178779999997 ], [ -39.1641604, -5.95975449999997 ], [ -39.1632301, -5.95730749999996 ], [ -39.162068, -5.95611119999995 ], [ -39.161028799999897, -5.95546919999992 ], [ -39.1597072, -5.95620329999997 ], [ -39.159021799999898, -5.95645709999997 ], [ -39.158704199999903, -5.95657479999994 ], [ -39.1577224, -5.95693839999996 ], [ -39.1563067, -5.95730519999995 ], [ -39.1526696, -5.95905039999997 ], [ -39.1510637, -5.957949 ], [ -39.1493631, -5.95730709999998 ], [ -39.1474739, -5.95730849999995 ], [ -39.1468924, -5.95747349999994 ], [ -39.145208, -5.95795139999996 ], [ -39.1435534, -5.960246 ], [ -39.143177799999897, -5.96152979999994 ], [ -39.1431775, -5.96382579999994 ], [ -39.1439331, -5.96483509999996 ], [ -39.1440294, -5.96676109999993 ], [ -39.142518, -5.967496 ], [ -39.1413352, -5.96714809999997 ], [ -39.1380095, -5.96483479999995 ], [ -39.1372722999999, -5.96506749999998 ], [ -39.138308499999901, -5.97153269999995 ], [ -39.1354271, -5.978946 ], [ -39.130624, -5.98357519999996 ], [ -39.1254493, -5.97987559999996 ], [ -39.1194143, -5.97918219999997 ], [ -39.1154715, -5.97640669999993 ], [ -39.113867399999897, -5.97679929999993 ], [ -39.1126391, -5.97710109999997 ], [ -39.113872199999904, -5.98057019999993 ], [ -39.114611099999898, -5.98381039999992 ], [ -39.113011899999897, -5.98889929999996 ], [ -39.1063588, -5.98358049999996 ], [ -39.102292599999899, -5.98311989999996 ], [ -39.096382499999898, -5.98867 ], [ -39.0953959, -5.98904539999995 ], [ -39.0866506, -5.99237329999994 ], [ -39.0781522999999, -5.99145179999994 ], [ -39.073880099999897, -5.997518 ], [ -39.0721354, -5.998261 ], [ -39.0712463, -5.99791549999998 ], [ -39.070714, -5.99757089999997 ], [ -39.0679155999999, -5.99765719999994 ], [ -39.0668486, -5.99869309999997 ], [ -39.0658718, -5.99886509999993 ], [ -39.0645398999999, -5.99886529999998 ], [ -39.0616962, -5.99817449999995 ], [ -39.060808, -5.99765709999997 ], [ -39.060362499999897, -5.99765719999994 ], [ -39.0599397, -5.99847769999997 ], [ -39.0590769, -5.99958059999994 ], [ -39.0600694, -6.00330389999993 ], [ -39.058816299999897, -6.00464839999995 ], [ -39.0584587, -6.007337 ], [ -39.0577979, -6.008732 ], [ -39.0564975, -6.01081929999998 ], [ -39.052959799999897, -6.01807669999994 ], [ -39.051238899999902, -6.02349579999998 ], [ -39.0507418, -6.02535319999993 ], [ -39.052104799999903, -6.03844339999995 ], [ -39.0538963, -6.04255929999994 ], [ -39.0536723, -6.04340339999993 ], [ -39.055820599999898, -6.04600669999996 ], [ -39.0570741, -6.04785739999994 ], [ -39.057610899999901, -6.04794059999995 ], [ -39.0601743, -6.04508349999998 ], [ -39.061309299999898, -6.04509239999993 ], [ -39.063583, -6.04527579999996 ], [ -39.0655757, -6.045784 ], [ -39.0670225, -6.04639079999993 ], [ -39.0683493, -6.04830029999994 ], [ -39.0700232, -6.05019889999994 ], [ -39.071939, -6.05080839999994 ], [ -39.0737735, -6.051559 ], [ -39.074553599999902, -6.05302169999993 ], [ -39.0752462, -6.05535189999995 ], [ -39.0752709, -6.05798709999993 ], [ -39.075109499999897, -6.06022339999993 ], [ -39.075410599999898, -6.06172679999997 ], [ -39.0772699, -6.06404519999995 ], [ -39.078824499999897, -6.06565069999994 ], [ -39.0818034, -6.06772629999995 ], [ -39.082974, -6.06983849999995 ], [ -39.082517499999902, -6.07479779999994 ], [ -39.0830293, -6.07687639999995 ], [ -39.084442, -6.07838149999998 ], [ -39.0880519, -6.08081169999997 ], [ -39.0899428, -6.082314 ], [ -39.0913591999999, -6.08398819999996 ], [ -39.0914137, -6.08558219999998 ], [ -39.0908789, -6.08670309999997 ], [ -39.089532399999896, -6.08710589999993 ], [ -39.0894096, -6.08794089999998 ], [ -39.089531899999898, -6.08948869999995 ], [ -39.089899699999897, -6.08971839999998 ], [ -39.0900564, -6.091723 ], [ -39.089931799999903, -6.09272969999995 ], [ -39.0900042, -6.09367089999995 ], [ -39.108145, -6.11224089999996 ], [ -39.1290519, -6.13850789999998 ], [ -39.1404514, -6.15282979999995 ], [ -39.1417054, -6.15440539999997 ], [ -39.1496893, -6.152654 ], [ -39.156826899999899, -6.15106959999997 ], [ -39.1870231, -6.14440849999994 ], [ -39.2009121, -6.14134469999993 ], [ -39.2171635999999, -6.13775959999998 ], [ -39.2587133, -6.128594 ], [ -39.2597082999999, -6.12837449999995 ], [ -39.287357799999903, -6.15497489999996 ], [ -39.3077218, -6.17456629999998 ], [ -39.315540199999901, -6.18271929999997 ], [ -39.328758799999903, -6.19650359999997 ], [ -39.3313939, -6.19925149999995 ], [ -39.3420273, -6.21034009999994 ], [ -39.3567743999999, -6.22571829999993 ], [ -39.357121499999899, -6.22521789999996 ], [ -39.357465499999897, -6.22467189999998 ], [ -39.357823799999899, -6.22408289999993 ], [ -39.3581025, -6.223844 ], [ -39.3586410999999, -6.22338219999995 ], [ -39.359314, -6.223103 ], [ -39.359952, -6.22275409999997 ], [ -39.3605203, -6.22230069999995 ], [ -39.3609261, -6.221801 ], [ -39.3612393, -6.22158019999995 ], [ -39.3616686, -6.22154489999997 ], [ -39.362202599999897, -6.22178849999995 ], [ -39.362786399999898, -6.22196479999997 ], [ -39.3629455, -6.22201449999994 ], [ -39.3633702999999, -6.22202679999998 ], [ -39.3638194, -6.22166829999998 ], [ -39.364396499999899, -6.22133119999995 ], [ -39.364720599999899, -6.22131259999998 ], [ -39.3649788, -6.22118319999993 ], [ -39.3652084, -6.22116869999996 ], [ -39.3655242, -6.22135519999995 ], [ -39.365954799999898, -6.22145539999997 ], [ -39.3662992, -6.22149819999993 ], [ -39.366531, -6.22144059999994 ], [ -39.3669614, -6.22130629999998 ], [ -39.3670953, -6.221287 ], [ -39.367229199999898, -6.22119119999996 ], [ -39.3672961, -6.221105 ], [ -39.367296, -6.22094219999997 ], [ -39.367295899999903, -6.22077949999994 ], [ -39.3672958, -6.22063589999993 ], [ -39.367343499999897, -6.22051139999996 ], [ -39.367353, -6.22034859999997 ], [ -39.367285799999898, -6.22009019999996 ], [ -39.3672091, -6.21984129999993 ], [ -39.367209, -6.21972639999996 ], [ -39.3671802, -6.219602 ], [ -39.367761, -6.21869689999994 ], [ -39.3680333, -6.21822279999998 ], [ -39.3683343, -6.21767689999996 ], [ -39.368692399999901, -6.21670009999997 ], [ -39.3690652, -6.216269 ], [ -39.3693378, -6.21629759999996 ], [ -39.369869, -6.21665619999993 ], [ -39.370328399999899, -6.21692869999993 ], [ -39.3704195, -6.21723979999996 ], [ -39.370749799999899, -6.21759859999997 ], [ -39.3708649, -6.21802929999996 ], [ -39.3708477, -6.21837709999994 ], [ -39.3710093, -6.21853849999997 ], [ -39.3715008, -6.21867229999998 ], [ -39.3719674, -6.21876529999997 ], [ -39.3721709, -6.21880589999995 ], [ -39.372662499999898, -6.21898439999995 ], [ -39.3731538, -6.21880519999996 ], [ -39.3735197, -6.21848859999994 ], [ -39.3736628999999, -6.218072 ], [ -39.373504, -6.21667909999996 ], [ -39.3737049, -6.21657849999997 ], [ -39.3749392, -6.21674749999994 ], [ -39.3756542, -6.21705989999998 ], [ -39.3763246, -6.21750649999996 ], [ -39.3773078, -6.21795279999998 ], [ -39.3784696, -6.21839909999994 ], [ -39.3793186, -6.21866679999994 ], [ -39.3797061, -6.21882409999995 ], [ -39.380633799999899, -6.21920049999994 ], [ -39.3806982, -6.21945779999993 ], [ -39.3805995, -6.22052779999996 ], [ -39.3810528, -6.22069789999995 ], [ -39.3820267, -6.220535 ], [ -39.3835185, -6.21955779999996 ], [ -39.3839651, -6.21942339999993 ], [ -39.384769199999901, -6.21937809999997 ], [ -39.3853501, -6.21955649999995 ], [ -39.3856632, -6.22000329999997 ], [ -39.3859315999999, -6.22058429999993 ], [ -39.3863340999999, -6.22120989999996 ], [ -39.3867812, -6.22170129999995 ], [ -39.3870941, -6.22201409999997 ], [ -39.3876304, -6.22219249999995 ], [ -39.3883898, -6.22219189999993 ], [ -39.3890598, -6.222102 ], [ -39.3898639, -6.22196729999996 ], [ -39.3906233, -6.22196679999996 ], [ -39.406396099999903, -6.23416329999998 ], [ -39.407402299999902, -6.23536959999996 ], [ -39.4079725, -6.23614029999993 ], [ -39.4086766, -6.23684379999997 ], [ -39.409481399999898, -6.237715 ], [ -39.4099173, -6.238117 ], [ -39.4104874, -6.23868649999997 ], [ -39.411057399999898, -6.23922249999993 ], [ -39.4114599, -6.23972519999995 ], [ -39.411963, -6.240496 ], [ -39.4120305, -6.24099889999997 ], [ -39.4120644, -6.24166939999998 ], [ -39.4121653999999, -6.24227289999993 ], [ -39.4125346, -6.24307729999992 ], [ -39.412869999999899, -6.24337879999996 ], [ -39.4132387, -6.24368029999994 ], [ -39.4137082, -6.24414929999995 ], [ -39.4141104999999, -6.24445069999996 ], [ -39.4144994, -6.24455719999997 ], [ -39.415115899999897, -6.24458409999994 ], [ -39.415786, -6.244617 ], [ -39.4163558, -6.24488489999993 ], [ -39.4166911, -6.24525339999997 ], [ -39.4170626, -6.24571559999993 ], [ -39.417227599999897, -6.24629459999994 ], [ -39.4173744, -6.24692589999995 ], [ -39.417171799999899, -6.24778769999995 ], [ -39.4170525, -6.24821859999997 ], [ -39.4170171, -6.24878109999997 ], [ -39.417161099999902, -6.24937939999995 ], [ -39.417555999999898, -6.24978589999995 ], [ -39.4177237, -6.25009689999996 ], [ -39.417700099999898, -6.25056369999993 ], [ -39.4174613, -6.25092289999998 ], [ -39.4172343, -6.25122219999997 ], [ -39.417067099999898, -6.25150959999996 ], [ -39.416947799999903, -6.25188069999996 ], [ -39.417031699999903, -6.25211989999997 ], [ -39.4174623, -6.25222729999996 ], [ -39.417582099999898, -6.25252639999997 ], [ -39.4173192, -6.252742 ], [ -39.4168768, -6.25288589999997 ], [ -39.4164519, -6.25297079999996 ], [ -39.4159741, -6.25368919999994 ], [ -39.4152869, -6.25425819999998 ], [ -39.414868899999902, -6.25440739999993 ], [ -39.414713699999901, -6.25479039999993 ], [ -39.4147381, -6.25541269999997 ], [ -39.414953899999901, -6.25607069999995 ], [ -39.414966299999897, -6.25659729999995 ], [ -39.4146679, -6.25732749999997 ], [ -39.4142739, -6.25816549999996 ], [ -39.4142744, -6.25883569999996 ], [ -39.4146335, -6.25917049999993 ], [ -39.4153807, -6.25952359999997 ], [ -39.4160984, -6.25970259999997 ], [ -39.4163976, -6.25994169999996 ], [ -39.4167335, -6.26027209999995 ], [ -39.417002599999897, -6.26067639999997 ], [ -39.4171583, -6.26104729999997 ], [ -39.419585, -6.26205209999995 ], [ -39.463861199999897, -6.28038539999994 ], [ -39.4633883, -6.28517979999998 ], [ -39.4594781, -6.32482629999993 ], [ -39.4599277, -6.32507289999995 ], [ -39.4603175, -6.32517569999993 ], [ -39.4611353, -6.32571319999994 ], [ -39.461847, -6.32590339999996 ], [ -39.4624861, -6.32580329999996 ], [ -39.4641690999999, -6.325231 ], [ -39.4649011999999, -6.32506389999998 ], [ -39.4656115, -6.32466439999996 ], [ -39.4666051, -6.32364939999997 ], [ -39.4674337, -6.32317109999997 ], [ -39.4676208, -6.32317539999997 ], [ -39.4679682, -6.32339759999996 ], [ -39.4683085, -6.32371119999993 ], [ -39.4685294, -6.32413709999997 ], [ -39.4687067, -6.32514369999996 ], [ -39.468955, -6.32581379999993 ], [ -39.468614499999902, -6.32682689999996 ], [ -39.4683467, -6.32835289999997 ], [ -39.4680195, -6.33026789999997 ], [ -39.4684094, -6.33152409999997 ], [ -39.4689485, -6.33245109999996 ], [ -39.4697267, -6.333318 ], [ -39.4702354, -6.33370639999993 ], [ -39.4710731, -6.33415439999993 ], [ -39.4723, -6.33517049999995 ], [ -39.4729881, -6.33561869999994 ], [ -39.473227699999903, -6.33603729999993 ], [ -39.4735572, -6.33669519999995 ], [ -39.4737967, -6.33699409999997 ], [ -39.474215699999903, -6.33735279999996 ], [ -39.474724099999897, -6.33738219999998 ], [ -39.4758601, -6.337082 ], [ -39.476726799999902, -6.33657259999995 ], [ -39.4775635, -6.33594359999995 ], [ -39.478251, -6.33570359999993 ], [ -39.47849, -6.33543409999993 ], [ -39.478698999999899, -6.33510479999995 ], [ -39.4790575, -6.33474549999994 ], [ -39.479745099999903, -6.33459529999993 ], [ -39.480543699999899, -6.33436059999997 ], [ -39.481241, -6.33461779999993 ], [ -39.481941699999901, -6.33458549999995 ], [ -39.4824768, -6.33445649999993 ], [ -39.4828663, -6.33424269999995 ], [ -39.4832403, -6.33390219999995 ], [ -39.4834036, -6.33352479999996 ], [ -39.4832928, -6.33297579999993 ], [ -39.4828428, -6.33229419999998 ], [ -39.4827711, -6.33195589999997 ], [ -39.4827898, -6.331633 ], [ -39.4832501, -6.33085919999996 ], [ -39.4837415, -6.33031959999994 ], [ -39.4843342, -6.32995269999998 ], [ -39.4849108, -6.32968619999997 ], [ -39.4855416, -6.32939439999996 ], [ -39.486506899999902, -6.32908139999995 ], [ -39.486611799999899, -6.32911749999994 ], [ -39.486980699999897, -6.32908 ], [ -39.487432899999902, -6.32928219999997 ], [ -39.4879524, -6.32882669999998 ], [ -39.488607699999903, -6.32763929999993 ], [ -39.4892131, -6.32636229999997 ], [ -39.489706399999903, -6.32599459999994 ], [ -39.4904503, -6.32572249999993 ], [ -39.491109299999898, -6.32567939999996 ], [ -39.491667699999901, -6.32616329999996 ], [ -39.4919374, -6.32682119999993 ], [ -39.4921773, -6.32747909999995 ], [ -39.492626399999899, -6.328107 ], [ -39.4929266, -6.32939309999995 ], [ -39.4934952999999, -6.32993109999995 ], [ -39.494394, -6.33163559999997 ], [ -39.495052299999898, -6.33211359999996 ], [ -39.495769799999898, -6.33205309999994 ], [ -39.4959792, -6.33205289999995 ], [ -39.4963079, -6.33187309999994 ], [ -39.496815899999902, -6.33154349999995 ], [ -39.496935, -6.33100489999993 ], [ -39.4975021, -6.32992729999995 ], [ -39.4975018, -6.32959819999996 ], [ -39.497591199999903, -6.32929889999997 ], [ -39.497891599999903, -6.32901629999998 ], [ -39.4986374, -6.328909 ], [ -39.498911099999901, -6.32917609999993 ], [ -39.4984916, -6.33074659999994 ], [ -39.4994111, -6.33166479999994 ], [ -39.4998671, -6.33279709999994 ], [ -39.500017199999903, -6.33336539999993 ], [ -39.500167099999899, -6.333814 ], [ -39.5002006, -6.33417319999995 ], [ -39.5008558, -6.33474079999996 ], [ -39.5021121, -6.33521819999993 ], [ -39.5027694999999, -6.334709 ], [ -39.5035167999999, -6.33446889999993 ], [ -39.5040547, -6.33413929999995 ], [ -39.5045029, -6.33377989999997 ], [ -39.505339499999899, -6.33306109999995 ], [ -39.5059072, -6.33261169999997 ], [ -39.506504999999898, -6.33246159999993 ], [ -39.5066838, -6.33180319999997 ], [ -39.506982299999898, -6.33126439999995 ], [ -39.5074901, -6.33075529999996 ], [ -39.507639299999902, -6.33036619999996 ], [ -39.508015199999903, -6.33040629999994 ], [ -39.508493499999901, -6.33027179999993 ], [ -39.509010499999903, -6.33052019999997 ], [ -39.509642299999904, -6.33082589999998 ], [ -39.5106764, -6.33147589999993 ], [ -39.511059799999899, -6.332184 ], [ -39.5114015, -6.3337 ], [ -39.513297599999902, -6.335249 ], [ -39.513699599999903, -6.33540179999994 ], [ -39.5143717999999, -6.33502669999996 ], [ -39.5147901, -6.33469719999994 ], [ -39.5151188, -6.33448749999997 ], [ -39.515387599999897, -6.334188 ], [ -39.5155927, -6.33388729999996 ], [ -39.5161284, -6.33367609999993 ], [ -39.517028099999898, -6.33394329999993 ], [ -39.517631499999901, -6.33538249999998 ], [ -39.5176324, -6.33628 ], [ -39.5176031, -6.33690829999995 ], [ -39.5178433, -6.33795519999995 ], [ -39.5185248, -6.33844239999996 ], [ -39.5193287, -6.33855649999992 ], [ -39.5213818, -6.33918629999994 ], [ -39.522761199999898, -6.33937789999993 ], [ -39.5235648, -6.33918559999995 ], [ -39.5241387, -6.33897439999993 ], [ -39.5241958, -6.33870629999996 ], [ -39.5243518999999, -6.33820679999997 ], [ -39.5239927, -6.33780509999997 ], [ -39.5237038, -6.33762019999995 ], [ -39.5234899, -6.33743219999997 ], [ -39.5236135, -6.33696209999994 ], [ -39.5236432, -6.33675269999998 ], [ -39.5240616, -6.33651289999995 ], [ -39.5243604, -6.33630319999997 ], [ -39.5246888, -6.33579419999995 ], [ -39.524718, -6.335136 ], [ -39.5248668999999, -6.33453749999995 ], [ -39.5254944, -6.33405819999996 ], [ -39.5257333, -6.33381859999997 ], [ -39.5262701999999, -6.33325059999993 ], [ -39.5271167, -6.33291939999998 ], [ -39.5276163, -6.33297909999993 ], [ -39.5282936, -6.33287509999997 ], [ -39.528307599999899, -6.33253049999996 ], [ -39.5274166, -6.33151179999993 ], [ -39.5265262, -6.33092389999996 ], [ -39.5256499, -6.33022119999993 ], [ -39.5251329, -6.32992009999998 ], [ -39.5246159, -6.329576 ], [ -39.5242306, -6.32954029999996 ], [ -39.524020999999898, -6.32927129999996 ], [ -39.5237724, -6.32814079999997 ], [ -39.5236427, -6.32760959999996 ], [ -39.523541599999902, -6.32700659999995 ], [ -39.5237281, -6.32690589999993 ], [ -39.525005399999898, -6.32683279999998 ], [ -39.5274312, -6.32695959999995 ], [ -39.5296405, -6.32595209999994 ], [ -39.5302427, -6.32540579999994 ], [ -39.5303258, -6.32515809999995 ], [ -39.530792, -6.32487039999995 ], [ -39.531060099999898, -6.324687 ], [ -39.5312936999999, -6.32429549999995 ], [ -39.531867799999901, -6.32429489999993 ], [ -39.5323344, -6.32440209999993 ], [ -39.5325501, -6.32476089999994 ], [ -39.533052499999897, -6.32486809999995 ], [ -39.5340571999999, -6.324867 ], [ -39.5345235, -6.32465119999995 ], [ -39.5354915, -6.32389629999994 ], [ -39.5357781, -6.32350109999993 ], [ -39.536316199999902, -6.32339279999997 ], [ -39.536459599999901, -6.323249 ], [ -39.536531099999898, -6.32296179999997 ], [ -39.537104999999897, -6.32274579999995 ], [ -39.5376788, -6.32252979999993 ], [ -39.5384324, -6.322529 ], [ -39.538611499999902, -6.32231339999993 ], [ -39.5386472, -6.32206209999993 ], [ -39.5389594, -6.32190109999993 ], [ -39.539246299999903, -6.321786 ], [ -39.5394951, -6.32177609999997 ], [ -39.539744, -6.32187159999995 ], [ -39.5400023, -6.32188089999994 ], [ -39.5403271, -6.321354 ], [ -39.540489299999898, -6.32092309999996 ], [ -39.5406229, -6.32054959999994 ], [ -39.5406034, -6.32019539999993 ], [ -39.5406987, -6.31985059999994 ], [ -39.5408709, -6.31985039999995 ], [ -39.5410146, -6.31996519999996 ], [ -39.542172799999904, -6.32035649999995 ], [ -39.542345, -6.320318 ], [ -39.5424598, -6.32030829999997 ], [ -39.5429865, -6.32080559999997 ], [ -39.543159, -6.32104469999996 ], [ -39.543369799999901, -6.32134559999997 ], [ -39.5437509, -6.32134 ], [ -39.5440783, -6.32175219999993 ], [ -39.544116899999899, -6.32203939999994 ], [ -39.544151199999902, -6.322188 ], [ -39.5443051, -6.32236129999995 ], [ -39.5446924, -6.32211669999998 ], [ -39.545223399999898, -6.32205869999996 ], [ -39.5457974, -6.32198629999993 ], [ -39.5463559, -6.322037 ], [ -39.5475977, -6.32225029999995 ], [ -39.5482172, -6.32246579999997 ], [ -39.5487118, -6.32294139999993 ], [ -39.5492862, -6.32319209999997 ], [ -39.5495017, -6.32333549999993 ], [ -39.5509013, -6.32358529999993 ], [ -39.5511887, -6.323944 ], [ -39.551500099999899, -6.32433019999996 ], [ -39.551799399999901, -6.32461709999995 ], [ -39.551955099999901, -6.32483229999997 ], [ -39.5523623, -6.32533449999994 ], [ -39.5528891, -6.32584849999995 ], [ -39.553033099999901, -6.32621939999996 ], [ -39.5531649, -6.32647049999997 ], [ -39.553619899999902, -6.32696069999997 ], [ -39.5540391, -6.32752269999997 ], [ -39.5550175, -6.32894149999993 ], [ -39.5554068, -6.32899829999997 ], [ -39.5555648, -6.32914169999998 ], [ -39.555608, -6.32927089999993 ], [ -39.5556799, -6.32938569999993 ], [ -39.555723, -6.32945749999993 ], [ -39.555823599999897, -6.32954359999997 ], [ -39.5558811, -6.32961529999994 ], [ -39.555967199999898, -6.32964389999995 ], [ -39.5561107999999, -6.32967249999996 ], [ -39.5562543, -6.32971539999994 ], [ -39.5563979, -6.329744 ], [ -39.5565128, -6.32978689999993 ], [ -39.556556, -6.32991609999993 ], [ -39.5566279, -6.33008839999997 ], [ -39.5567571999999, -6.33021749999995 ], [ -39.5567717, -6.33033229999995 ], [ -39.5568006, -6.33049029999995 ], [ -39.556915499999903, -6.33059069999996 ], [ -39.5571164999999, -6.33064789999997 ], [ -39.5574179, -6.33066189999994 ], [ -39.557460999999897, -6.33066189999994 ], [ -39.5575663, -6.33074319999997 ], [ -39.5577868, -6.331078 ], [ -39.5579782, -6.33114479999995 ], [ -39.5580835, -6.33115429999998 ], [ -39.55816, -6.33109669999993 ], [ -39.5582185, -6.33106959999998 ], [ -39.5582843, -6.33109039999994 ], [ -39.5585596, -6.33126659999994 ], [ -39.5586314, -6.33130839999995 ], [ -39.5586703, -6.33133229999993 ], [ -39.5586943, -6.33137119999998 ], [ -39.5587633, -6.33157159999996 ], [ -39.5587783, -6.33162539999995 ], [ -39.5588142, -6.33165229999997 ], [ -39.5588590999999, -6.33166719999997 ], [ -39.5589249, -6.33168809999995 ], [ -39.559215, -6.33180439999995 ], [ -39.559397499999903, -6.331879 ], [ -39.559472399999898, -6.33200159999996 ], [ -39.559496399999901, -6.33202249999994 ], [ -39.559511299999897, -6.33203149999997 ], [ -39.559601, -6.33201639999993 ], [ -39.559613, -6.33201939999998 ], [ -39.559633899999902, -6.33204629999994 ], [ -39.559690799999899, -6.332139 ], [ -39.559696899999899, -6.33216889999994 ], [ -39.5597179, -6.33223769999995 ], [ -39.559703, -6.33232449999997 ], [ -39.559700099999901, -6.33238129999995 ], [ -39.559700099999901, -6.33244409999998 ], [ -39.5597002, -6.33253689999998 ], [ -39.5597003, -6.33259369999996 ], [ -39.5596968, -6.33265039999998 ], [ -39.5597375, -6.33268079999993 ], [ -39.5597902, -6.33272029999995 ], [ -39.5598373, -6.33275549999996 ], [ -39.5599599, -6.33277709999993 ], [ -39.5600982, -6.33274289999997 ], [ -39.5602087, -6.332668 ], [ -39.5602924, -6.33260509999997 ], [ -39.560391, -6.33252719999996 ], [ -39.5604268, -6.33244639999998 ], [ -39.560540199999899, -6.33230859999998 ], [ -39.5607165, -6.33214689999994 ], [ -39.5607314, -6.33211989999995 ], [ -39.5607582, -6.33199419999994 ], [ -39.560752, -6.33184469999998 ], [ -39.560734, -6.331728 ], [ -39.5607309, -6.33165919999993 ], [ -39.5607309, -6.33161429999996 ], [ -39.560937, -6.33144059999995 ], [ -39.5610685, -6.33135369999997 ], [ -39.5612388, -6.33129959999997 ], [ -39.561325399999902, -6.33118889999997 ], [ -39.561373199999899, -6.33109909999996 ], [ -39.5613341, -6.33088369999996 ], [ -39.561253099999902, -6.33062949999993 ], [ -39.5613185, -6.33029729999993 ], [ -39.5614497, -6.32992919999998 ], [ -39.561449599999897, -6.32986339999997 ], [ -39.561563, -6.32970469999998 ], [ -39.561688499999903, -6.32958189999994 ], [ -39.5619492, -6.32930429999993 ], [ -39.5630474, -6.32829589999994 ], [ -39.5634203, -6.32795419999997 ], [ -39.5651841, -6.32759319999997 ], [ -39.5663198, -6.32711329999995 ], [ -39.5666481, -6.32654459999998 ], [ -39.5669803, -6.32528759999997 ], [ -39.5672911, -6.32517949999993 ], [ -39.5676033, -6.32507759999993 ], [ -39.5679921999999, -6.32525659999993 ], [ -39.5685902, -6.32522609999995 ], [ -39.569057299999898, -6.32487479999998 ], [ -39.5691878, -6.32477669999997 ], [ -39.5697254, -6.32423759999995 ], [ -39.5705613, -6.32306989999995 ], [ -39.5716062, -6.321543 ], [ -39.5718749, -6.32118369999995 ], [ -39.5719989, -6.32092609999995 ], [ -39.5719988, -6.32080649999995 ], [ -39.5719986, -6.32066289999995 ], [ -39.5719508, -6.32066289999995 ], [ -39.57152, -6.32051979999994 ], [ -39.5714601, -6.32043609999994 ], [ -39.571435999999899, -6.32028049999997 ], [ -39.571423799999899, -6.32005319999996 ], [ -39.5714355, -6.31978989999993 ], [ -39.5715071, -6.31959839999996 ], [ -39.5718057, -6.31929889999998 ], [ -39.5721766, -6.31912989999995 ], [ -39.5727201999999, -6.31897 ], [ -39.5730111, -6.31897949999995 ], [ -39.5735031, -6.31872359999994 ], [ -39.573658599999902, -6.31844719999998 ], [ -39.5738377, -6.31815979999993 ], [ -39.5739452, -6.31796819999994 ], [ -39.574148099999903, -6.31763289999998 ], [ -39.5744589, -6.31744109999994 ], [ -39.5747099, -6.31727329999995 ], [ -39.574925, -6.31716529999994 ], [ -39.5753194, -6.31688969999993 ], [ -39.5756302, -6.31674569999996 ], [ -39.5758332999999, -6.31653009999997 ], [ -39.575940699999897, -6.31631459999994 ], [ -39.575964499999898, -6.31619489999997 ], [ -39.576096, -6.316099 ], [ -39.5767658, -6.31614609999997 ], [ -39.5769332, -6.316134 ], [ -39.577088499999903, -6.31595429999993 ], [ -39.5773035, -6.31570269999997 ], [ -39.577518499999897, -6.31542729999995 ], [ -39.577565999999898, -6.31517589999993 ], [ -39.577637599999903, -6.31497239999993 ], [ -39.577720999999897, -6.31468509999996 ], [ -39.5778223, -6.31439779999994 ], [ -39.578049099999902, -6.31410639999996 ], [ -39.5783554, -6.31390669999996 ], [ -39.578624299999902, -6.31372209999995 ], [ -39.5786959, -6.31363579999993 ], [ -39.57904, -6.31326209999997 ], [ -39.5792552, -6.31321879999996 ], [ -39.5793413, -6.31321869999994 ], [ -39.579528099999898, -6.31339079999998 ], [ -39.5795426, -6.31350569999995 ], [ -39.5795863, -6.31415179999993 ], [ -39.5797444, -6.31433829999997 ], [ -39.5802184, -6.314625 ], [ -39.5807498, -6.31502649999993 ], [ -39.5810806, -6.31562919999993 ], [ -39.581195599999901, -6.31575839999994 ], [ -39.5815258, -6.31585849999993 ], [ -39.5815686, -6.31564309999993 ], [ -39.581597, -6.31537019999996 ], [ -39.582099, -6.31506809999996 ], [ -39.582687099999902, -6.31473709999995 ], [ -39.583203599999898, -6.314636 ], [ -39.5839647, -6.31497979999995 ], [ -39.584352399999901, -6.31518039999997 ], [ -39.5846397, -6.31533419999994 ], [ -39.5849746, -6.31535779999996 ], [ -39.5852613, -6.31507029999995 ], [ -39.5852849, -6.31475909999995 ], [ -39.585117099999898, -6.31452 ], [ -39.585068799999902, -6.31406529999992 ], [ -39.585292799999898, -6.31341769999995 ], [ -39.5856845, -6.31290989999997 ], [ -39.586143, -6.31222969999993 ], [ -39.586248, -6.31200939999997 ], [ -39.5861997, -6.31163609999993 ], [ -39.5863337, -6.31159759999997 ], [ -39.586496399999902, -6.31169319999998 ], [ -39.586764699999897, -6.31188539999994 ], [ -39.586962899999897, -6.31185679999993 ], [ -39.5876062, -6.31156749999997 ], [ -39.587807199999901, -6.31164379999996 ], [ -39.588152, -6.31195939999998 ], [ -39.5884166, -6.313152 ], [ -39.5888712, -6.31319939999997 ], [ -39.5890522, -6.31264759999993 ], [ -39.589348399999899, -6.31212179999994 ], [ -39.589442899999902, -6.31114039999994 ], [ -39.589490199999901, -6.31066169999997 ], [ -39.589920199999902, -6.31011079999996 ], [ -39.5900872, -6.30972759999997 ], [ -39.5898711, -6.30903379999995 ], [ -39.589511899999899, -6.30867519999993 ], [ -39.5893919, -6.30834029999994 ], [ -39.5893914, -6.30788549999994 ], [ -39.589795599999903, -6.30729359999998 ], [ -39.590204099999902, -6.30740589999994 ], [ -39.590659, -6.30769259999994 ], [ -39.5911614, -6.30783569999994 ], [ -39.5915926, -6.30833779999995 ], [ -39.5916885, -6.30855309999993 ], [ -39.591780099999902, -6.30889259999998 ], [ -39.5919473, -6.30914049999996 ], [ -39.592732, -6.30920659999992 ], [ -39.593315899999901, -6.30938779999997 ], [ -39.5936222, -6.30951189999996 ], [ -39.594014699999903, -6.30967419999996 ], [ -39.594388299999899, -6.31012369999996 ], [ -39.594657, -6.31067979999995 ], [ -39.5947292, -6.31108659999995 ], [ -39.5951269, -6.31173119999994 ], [ -39.5952326, -6.31201939999994 ], [ -39.5955916, -6.31218649999994 ], [ -39.5966872, -6.31233259999993 ], [ -39.597204299999902, -6.31272449999994 ], [ -39.597338599999901, -6.31299239999993 ], [ -39.5971719, -6.31350109999994 ], [ -39.596909299999901, -6.31402789999993 ], [ -39.596718399999901, -6.31436319999995 ], [ -39.5966232, -6.31479409999997 ], [ -39.5965277, -6.31496169999997 ], [ -39.5964226, -6.31522409999997 ], [ -39.596546499999903, -6.31547489999997 ], [ -39.5975094, -6.31577439999995 ], [ -39.5983472, -6.31629989999993 ], [ -39.5988738, -6.31665829999997 ], [ -39.5990176, -6.31684959999995 ], [ -39.5990661, -6.31747179999996 ], [ -39.5993341, -6.31769069999996 ], [ -39.599688699999902, -6.31804549999993 ], [ -39.6002619, -6.31812809999997 ], [ -39.600875, -6.31801439999998 ], [ -39.601171599999901, -6.31803319999995 ], [ -39.601435299999899, -6.31833069999993 ], [ -39.6020147, -6.31870019999997 ], [ -39.602809, -6.31904609999998 ], [ -39.6029675, -6.31950169999993 ], [ -39.603326599999903, -6.31974059999993 ], [ -39.603805, -6.319764 ], [ -39.6047376, -6.31949959999997 ], [ -39.6050246, -6.31942749999996 ], [ -39.60524, -6.319523 ], [ -39.6056469, -6.319714 ], [ -39.605743399999902, -6.32040789999996 ], [ -39.6056483, -6.32098249999996 ], [ -39.605744399999899, -6.32129349999997 ], [ -39.605673, -6.32158079999994 ], [ -39.605338199999899, -6.32170079999997 ], [ -39.6050857, -6.32194139999996 ], [ -39.604879299999901, -6.32208439999994 ], [ -39.604724, -6.32224009999993 ], [ -39.6046284, -6.322336 ], [ -39.6045089, -6.32244379999997 ], [ -39.6044731, -6.32250369999997 ], [ -39.604461199999903, -6.32256349999994 ], [ -39.604461399999899, -6.32271909999997 ], [ -39.604533199999899, -6.32279079999995 ], [ -39.6047128, -6.32289829999996 ], [ -39.6047846, -6.322982 ], [ -39.604832499999901, -6.32302979999997 ], [ -39.6049163, -6.32306559999995 ], [ -39.6050238999999, -6.32306549999993 ], [ -39.6052511, -6.32301739999997 ], [ -39.60549, -6.32276579999996 ], [ -39.6056096, -6.32272969999997 ], [ -39.6060639, -6.32256169999994 ], [ -39.6062431, -6.322382 ], [ -39.6063387, -6.322346 ], [ -39.6064224, -6.32233389999993 ], [ -39.606578, -6.32239349999998 ], [ -39.606745499999903, -6.32240529999996 ], [ -39.606876999999898, -6.32239319999996 ], [ -39.6070443999999, -6.32234509999995 ], [ -39.6070922, -6.32230919999995 ], [ -39.6074034, -6.32251229999997 ], [ -39.6074753, -6.32265579999995 ], [ -39.607630899999897, -6.32270349999993 ], [ -39.6077506, -6.32278709999997 ], [ -39.607810399999899, -6.32281089999998 ], [ -39.6080974, -6.32276269999994 ], [ -39.6084319, -6.32245119999993 ], [ -39.608814, -6.32190029999992 ], [ -39.6089454, -6.32176849999996 ], [ -39.6091845, -6.32169639999995 ], [ -39.60928, -6.32154079999998 ], [ -39.609399499999903, -6.32143289999993 ], [ -39.609578699999901, -6.32126519999997 ], [ -39.6097819, -6.32114529999996 ], [ -39.6100211, -6.32110909999994 ], [ -39.6102602, -6.32107289999993 ], [ -39.610427699999903, -6.32104879999997 ], [ -39.6105832, -6.32107249999996 ], [ -39.6106316, -6.32153919999996 ], [ -39.6106437, -6.32165879999997 ], [ -39.6106439, -6.32186229999996 ], [ -39.6106561, -6.32208959999997 ], [ -39.610740099999902, -6.32230489999995 ], [ -39.610883699999903, -6.32236459999996 ], [ -39.611134999999898, -6.322448 ], [ -39.6115417, -6.32255529999998 ], [ -39.6117093, -6.32265079999996 ], [ -39.612068099999902, -6.32261449999993 ], [ -39.6123909, -6.32250639999995 ], [ -39.6127258, -6.32256579999995 ], [ -39.6129663, -6.32265709999996 ], [ -39.6130143, -6.32282939999993 ], [ -39.613066699999898, -6.32346279999996 ], [ -39.6137131999999, -6.32403649999998 ], [ -39.614695, -6.32494479999997 ], [ -39.614773699999901, -6.32495969999997 ], [ -39.6151975, -6.32503989999998 ], [ -39.6155323999999, -6.32503949999995 ], [ -39.615843599999899, -6.32530239999994 ], [ -39.6162744, -6.32546949999994 ], [ -39.6167394, -6.32536189999996 ], [ -39.6170552, -6.32539029999998 ], [ -39.617361399999901, -6.32538029999995 ], [ -39.6177334, -6.32534809999993 ], [ -39.6179963, -6.32508449999995 ], [ -39.618234899999898, -6.32460549999996 ], [ -39.6182577, -6.32364819999998 ], [ -39.6179938, -6.32300229999993 ], [ -39.6176584, -6.32254789999996 ], [ -39.617562, -6.32199759999997 ], [ -39.617490099999898, -6.32183009999994 ], [ -39.6170351, -6.32147169999996 ], [ -39.6168195, -6.32113689999994 ], [ -39.6170104999999, -6.32089729999996 ], [ -39.617489099999901, -6.32099249999993 ], [ -39.618016399999902, -6.32102369999996 ], [ -39.6187093, -6.32125429999996 ], [ -39.6190445, -6.32146929999993 ], [ -39.6198577, -6.32137259999996 ], [ -39.6202019, -6.32129869999994 ], [ -39.62068, -6.32101089999998 ], [ -39.6210288, -6.32060529999995 ], [ -39.6212436, -6.32019819999994 ], [ -39.6213175, -6.32006239999993 ], [ -39.621497599999898, -6.32010089999994 ], [ -39.6219881, -6.32023189999995 ], [ -39.622311, -6.32024349999995 ], [ -39.6224544, -6.32012359999993 ], [ -39.6225979, -6.32008759999997 ], [ -39.622705499999903, -6.32008739999998 ], [ -39.622884999999897, -6.32013509999996 ], [ -39.6230523, -6.32002719999997 ], [ -39.6231837999999, -6.31993129999995 ], [ -39.623363099999899, -6.31987129999993 ], [ -39.6234946, -6.31985909999997 ], [ -39.623709899999902, -6.31985889999993 ], [ -39.623829699999902, -6.31996639999994 ], [ -39.6239972, -6.32001409999998 ], [ -39.624176599999899, -6.32002589999996 ], [ -39.6243201, -6.31998979999997 ], [ -39.6244512, -6.31960669999995 ], [ -39.624546699999897, -6.319451 ], [ -39.624714, -6.31934309999997 ], [ -39.6247857, -6.31929519999994 ], [ -39.624857399999897, -6.31923519999998 ], [ -39.624988899999899, -6.31923509999996 ], [ -39.6251564, -6.31924679999997 ], [ -39.6252162, -6.31924679999997 ], [ -39.6253596, -6.31919869999996 ], [ -39.625467199999903, -6.31913879999996 ], [ -39.6256107, -6.31910269999997 ], [ -39.625766199999902, -6.31910249999993 ], [ -39.6257901, -6.31913839999993 ], [ -39.625790299999899, -6.31923409999996 ], [ -39.6257904, -6.31938969999993 ], [ -39.625814499999898, -6.31946139999997 ], [ -39.625922199999899, -6.31952119999994 ], [ -39.6260179, -6.31958089999995 ], [ -39.6260897, -6.31959279999995 ], [ -39.626197299999902, -6.31952079999996 ], [ -39.626269, -6.31949679999997 ], [ -39.6264126, -6.31956839999998 ], [ -39.626520399999897, -6.319676 ], [ -39.6265804, -6.31985539999994 ], [ -39.626724099999898, -6.32003479999997 ], [ -39.6269396, -6.320226 ], [ -39.6270595, -6.32044119999995 ], [ -39.6270718, -6.32069249999995 ], [ -39.6270122, -6.320896 ], [ -39.6270125, -6.32113529999998 ], [ -39.6271323, -6.32127879999996 ], [ -39.627299799999903, -6.32136239999994 ], [ -39.6276111, -6.32160129999994 ], [ -39.627742899999902, -6.32180459999995 ], [ -39.6278746999999, -6.32201979999996 ], [ -39.627946699999903, -6.32222319999994 ], [ -39.627994699999903, -6.32234279999994 ], [ -39.6281384, -6.32246229999993 ], [ -39.6282221, -6.32248609999994 ], [ -39.628425299999897, -6.32240209999998 ], [ -39.6289153, -6.32204249999995 ], [ -39.6291184, -6.32186279999996 ], [ -39.6292615999999, -6.32163519999995 ], [ -39.6294051, -6.32158719999995 ], [ -39.62974, -6.32162269999998 ], [ -39.6301467, -6.321682 ], [ -39.630529599999903, -6.32180119999992 ], [ -39.6305897, -6.32201659999993 ], [ -39.6307575, -6.32230359999994 ], [ -39.6311881, -6.32233889999998 ], [ -39.6313436, -6.32236269999993 ], [ -39.6315713, -6.32274529999995 ], [ -39.631691499999903, -6.32321189999993 ], [ -39.6317514, -6.32329559999994 ], [ -39.631942799999898, -6.32334319999995 ], [ -39.6321819, -6.32322329999994 ], [ -39.6323252, -6.32310339999998 ], [ -39.6325165, -6.32304339999996 ], [ -39.633067, -6.32331789999995 ], [ -39.6334502, -6.32367639999995 ], [ -39.6337735, -6.32395129999998 ], [ -39.6338574, -6.32410679999998 ], [ -39.634240299999902, -6.32424989999993 ], [ -39.6344437, -6.32432139999997 ], [ -39.6347908, -6.32452439999997 ], [ -39.635042199999901, -6.32475149999993 ], [ -39.6352098, -6.324871 ], [ -39.635221999999899, -6.32500259999995 ], [ -39.6352939, -6.32515809999995 ], [ -39.6354256, -6.32528949999994 ], [ -39.635820599999903, -6.32548049999997 ], [ -39.6363947, -6.32551569999993 ], [ -39.636966099999903, -6.32568379999998 ], [ -39.6384262999999, -6.32647189999994 ], [ -39.6392162, -6.32694959999998 ], [ -39.6397431, -6.32745149999994 ], [ -39.6397198, -6.32795409999994 ], [ -39.6400798, -6.32888709999997 ], [ -39.6404391, -6.32931739999998 ], [ -39.641277, -6.32984289999996 ], [ -39.642593, -6.32978619999994 ], [ -39.6429951, -6.32997709999995 ], [ -39.643741599999899, -6.33048609999997 ], [ -39.6449148, -6.33129839999998 ], [ -39.6452887, -6.33155869999996 ], [ -39.6455285, -6.33198919999995 ], [ -39.645729699999897, -6.33224739999997 ], [ -39.6458491, -6.33246989999998 ], [ -39.647294, -6.33211619999997 ], [ -39.647968999999897, -6.33248869999994 ], [ -39.6477404, -6.33327879999996 ], [ -39.648372799999898, -6.33396729999993 ], [ -39.649137499999902, -6.33525129999992 ], [ -39.651997499999901, -6.33735449999995 ], [ -39.653239, -6.33723849999996 ], [ -39.655523, -6.33742279999996 ], [ -39.657026899999899, -6.33706089999993 ], [ -39.6586315, -6.33618329999996 ], [ -39.6609642, -6.33555069999994 ], [ -39.662409099999898, -6.33562579999995 ], [ -39.664301899999899, -6.33608019999997 ], [ -39.6644008, -6.33609129999996 ] ] ] ] } },
{ "type": "Feature", "properties": { "CD_MUN": "2307403", "NM_MUN": "Jucás", "CD_RGI": "230009", "NM_RGI": "Iguatu", "CD_RGINT": "2303", "NM_RGINT": "Iguatu", "CD_UF": "23", "NM_UF": "Ceará", "SIGLA_UF": "CE", "CD_REGIAO": "2", "NM_REGIAO": "Nordeste", "SIGLA_RG": "NE", "CD_CONCURB": null, "NM_CONCURB": null, "AREA_KM2": 940.336 }, "geometry": { "type": "MultiPolygon", "coordinates": [ [ [ [ -39.7761593, -6.62044679999997 ], [ -39.775879599999897, -6.617965 ], [ -39.7727724, -6.61528059999995 ], [ -39.770974399999901, -6.61190459999995 ], [ -39.7717294999999, -6.60976589999996 ], [ -39.773658699999899, -6.60879749999998 ], [ -39.7738633, -6.60728019999993 ], [ -39.7727588, -6.60652349999998 ], [ -39.7658084, -6.60045339999994 ], [ -39.7634859, -6.59670439999996 ], [ -39.7624473, -6.59358519999995 ], [ -39.7641467, -6.59066949999993 ], [ -39.7674084, -6.58987809999996 ], [ -39.7702998, -6.587861 ], [ -39.7708537, -6.58684889999995 ], [ -39.7704436, -6.58606539999994 ], [ -39.766732499999897, -6.58442029999998 ], [ -39.765185, -6.58388449999995 ], [ -39.7637136, -6.58287909999996 ], [ -39.7608566, -6.58195359999996 ], [ -39.7594996999999, -6.58192759999997 ], [ -39.757582199999902, -6.58312089999993 ], [ -39.755772599999901, -6.58340409999994 ], [ -39.754330599999903, -6.58323979999994 ], [ -39.751433, -6.58151529999998 ], [ -39.7513939, -6.58097929999997 ], [ -39.7515652, -6.58036629999998 ], [ -39.7520038, -6.57919779999997 ], [ -39.7525535, -6.57820439999995 ], [ -39.7529205, -6.57762639999993 ], [ -39.753206599999899, -6.57689839999995 ], [ -39.7532442, -6.57647719999994 ], [ -39.753031899999897, -6.57530959999997 ], [ -39.7507204999999, -6.56928179999994 ], [ -39.750224199999899, -6.56589689999993 ], [ -39.7498873, -6.56495759999996 ], [ -39.748635599999901, -6.563817 ], [ -39.746385, -6.56372989999994 ], [ -39.743526, -6.56316879999997 ], [ -39.741406799999901, -6.56194269999997 ], [ -39.7393298, -6.55870749999997 ], [ -39.7385073, -6.554176 ], [ -39.738357999999899, -6.55230749999993 ], [ -39.737802799999898, -6.55056429999996 ], [ -39.737534599999897, -6.54992319999997 ], [ -39.7362805, -6.54812429999993 ], [ -39.7345308, -6.54703119999994 ], [ -39.7322176, -6.54486229999998 ], [ -39.7287995, -6.54338889999997 ], [ -39.7287026, -6.54275489999998 ], [ -39.728827599999903, -6.54191079999993 ], [ -39.7287537, -6.54046059999996 ], [ -39.728310599999901, -6.53982969999993 ], [ -39.728065899999898, -6.53945669999996 ], [ -39.7271886999999, -6.53849589999993 ], [ -39.7276292, -6.538591 ], [ -39.727858899999902, -6.53862889999994 ], [ -39.7282417, -6.53857089999997 ], [ -39.728565199999899, -6.53847509999997 ], [ -39.7295343, -6.53805589999996 ], [ -39.730405, -6.53783019999997 ], [ -39.7316613, -6.53776859999994 ], [ -39.732841699999902, -6.53763179999993 ], [ -39.735085899999902, -6.53793289999993 ], [ -39.735411, -6.53772189999995 ], [ -39.7352241, -6.53725249999997 ], [ -39.73539, -6.53645819999997 ], [ -39.736040499999902, -6.536151 ], [ -39.736984, -6.53656419999993 ], [ -39.737910199999902, -6.53587469999997 ], [ -39.738238099999897, -6.53509639999993 ], [ -39.7388652, -6.53431769999997 ], [ -39.7392831, -6.53377859999995 ], [ -39.7395514, -6.53315 ], [ -39.7395504, -6.53246189999993 ], [ -39.739549899999901, -6.53213289999997 ], [ -39.7395189, -6.531385 ], [ -39.739547899999899, -6.53072679999997 ], [ -39.7395174, -6.53031519999996 ], [ -39.7396123, -6.52981729999993 ], [ -39.7398985, -6.52914669999996 ], [ -39.740166499999901, -6.52914629999998 ], [ -39.740472899999901, -6.52920329999995 ], [ -39.7407985, -6.52927939999995 ], [ -39.7410859, -6.52945129999995 ], [ -39.7413351, -6.529719 ], [ -39.741584499999902, -6.53008239999997 ], [ -39.7418529, -6.53031179999994 ], [ -39.742102, -6.53048369999993 ], [ -39.742389, -6.53036839999993 ], [ -39.7429817, -6.52983149999994 ], [ -39.7432107999999, -6.52944819999993 ], [ -39.743363499999901, -6.52912249999997 ], [ -39.743477799999901, -6.52873939999995 ], [ -39.7435536999999, -6.52829889999992 ], [ -39.7439401, -6.52764039999994 ], [ -39.7442222, -6.52723529999997 ], [ -39.7445901, -6.52706509999996 ], [ -39.744987099999904, -6.52666939999995 ], [ -39.745101799999901, -6.52659259999996 ], [ -39.745101599999899, -6.52640119999995 ], [ -39.745043699999897, -6.52613319999995 ], [ -39.744947599999897, -6.525827 ], [ -39.744947099999898, -6.52552069999996 ], [ -39.7450233, -6.52525249999997 ], [ -39.7451953, -6.52504169999997 ], [ -39.7452331, -6.52473529999997 ], [ -39.7453856, -6.52431379999996 ], [ -39.7454044999999, -6.52414149999993 ], [ -39.7453411, -6.52353149999993 ], [ -39.745465099999898, -6.52323459999997 ], [ -39.74569, -6.52300449999996 ], [ -39.745689599999899, -6.52274339999997 ], [ -39.745530899999899, -6.52243029999994 ], [ -39.7456263999999, -6.52230569999995 ], [ -39.745894399999898, -6.52231489999997 ], [ -39.7462252, -6.52247459999995 ], [ -39.7463738, -6.52284069999996 ], [ -39.7465321, -6.52289529999996 ], [ -39.7470107, -6.52289459999997 ], [ -39.7474893, -6.52289389999993 ], [ -39.7480062, -6.52291229999997 ], [ -39.748312199999901, -6.52272039999997 ], [ -39.7485224, -6.52243289999996 ], [ -39.748732899999901, -6.52237509999998 ], [ -39.749211199999898, -6.52218289999996 ], [ -39.7495746, -6.52197179999996 ], [ -39.7499377, -6.52156919999993 ], [ -39.7503771, -6.52093669999994 ], [ -39.7504147, -6.52047719999996 ], [ -39.7502033, -6.51996049999997 ], [ -39.7501832, -6.51929039999993 ], [ -39.750182499999902, -6.51879259999993 ], [ -39.7502966, -6.51831379999993 ], [ -39.7505257, -6.51787309999997 ], [ -39.7504671, -6.51712649999996 ], [ -39.749681399999901, -6.51657239999997 ], [ -39.7495089, -6.51640039999995 ], [ -39.7491059, -6.51575 ], [ -39.7491247, -6.51553939999997 ], [ -39.7493307, -6.51531989999995 ], [ -39.7499187, -6.514917 ], [ -39.750090699999902, -6.51471569999995 ], [ -39.7501119, -6.51452179999995 ], [ -39.7500974, -6.51438539999998 ], [ -39.7499538, -6.51434259999996 ], [ -39.7497238, -6.51418489999998 ], [ -39.749738, -6.51407009999997 ], [ -39.749831, -6.51386169999995 ], [ -39.7500027, -6.51348089999993 ], [ -39.750497499999902, -6.51307809999997 ], [ -39.7506192, -6.51289129999998 ], [ -39.7507767, -6.51260379999997 ], [ -39.7509186999999, -6.51236939999995 ], [ -39.7491808, -6.51027789999995 ], [ -39.7483119, -6.50919059999995 ], [ -39.746701899999898, -6.50786469999997 ], [ -39.7449573, -6.50618559999998 ], [ -39.7430113, -6.50496189999996 ], [ -39.7399286, -6.50362029999997 ], [ -39.738360499999899, -6.50301619999993 ], [ -39.737089099999899, -6.50250109999996 ], [ -39.736083199999896, -6.50186359999998 ], [ -39.732835099999903, -6.50039969999995 ], [ -39.731493, -6.49971629999993 ], [ -39.7299614, -6.49881829999993 ], [ -39.7282256, -6.49813269999993 ], [ -39.7248463, -6.49635509999996 ], [ -39.7254702, -6.49590179999996 ], [ -39.726266199999898, -6.49538379999996 ], [ -39.726309, -6.49514679999993 ], [ -39.7260567, -6.49442909999993 ], [ -39.7260199, -6.493783 ], [ -39.7262681, -6.49376929999994 ], [ -39.7269924, -6.49308639999998 ], [ -39.727118399999902, -6.49267679999997 ], [ -39.7271661, -6.49256179999998 ], [ -39.727299899999899, -6.49247549999995 ], [ -39.727453, -6.49245609999997 ], [ -39.7275008, -6.49235069999997 ], [ -39.727768399999903, -6.49213019999996 ], [ -39.728055, -6.49170849999996 ], [ -39.7285904, -6.49133439999997 ], [ -39.7287625, -6.49122889999995 ], [ -39.729135799999902, -6.49119959999996 ], [ -39.7293847, -6.49125669999995 ], [ -39.7295761, -6.491266 ], [ -39.7296431, -6.49124679999994 ], [ -39.729652499999901, -6.491151 ], [ -39.729604499999901, -6.49098829999997 ], [ -39.7296234, -6.49083509999997 ], [ -39.729670999999897, -6.490701 ], [ -39.7298719, -6.49058589999993 ], [ -39.730283299999897, -6.49046079999994 ], [ -39.7307425, -6.49031659999997 ], [ -39.7308859, -6.49020149999996 ], [ -39.731153499999898, -6.48994259999995 ], [ -39.7314689, -6.48962629999994 ], [ -39.731736199999901, -6.48919509999996 ], [ -39.731984899999901, -6.48904159999995 ], [ -39.732252699999897, -6.48891669999995 ], [ -39.732425, -6.48891649999996 ], [ -39.7325398999999, -6.48897379999994 ], [ -39.7327318, -6.489299 ], [ -39.7328085, -6.48936589999994 ], [ -39.7329329, -6.48938479999993 ], [ -39.733153, -6.48935579999994 ], [ -39.733392099999897, -6.48925969999993 ], [ -39.7336695, -6.48911569999996 ], [ -39.7338895, -6.48901969999997 ], [ -39.7340234, -6.48898119999996 ], [ -39.7341574, -6.488981 ], [ -39.7343106, -6.48899029999995 ], [ -39.734502, -6.48899959999994 ], [ -39.734741299999897, -6.48899929999993 ], [ -39.7351813, -6.488788 ], [ -39.7355446, -6.48851949999994 ], [ -39.735793199999897, -6.48844219999995 ], [ -39.7360021, -6.48814269999997 ], [ -39.7364196, -6.48727449999996 ], [ -39.737585, -6.48655489999993 ], [ -39.7377640999999, -6.48628539999993 ], [ -39.738212099999899, -6.48586589999996 ], [ -39.73854, -6.48508759999993 ], [ -39.738509099999902, -6.48439959999996 ], [ -39.7385073, -6.48314309999995 ], [ -39.7389554, -6.48278349999993 ], [ -39.7403305, -6.48230279999996 ], [ -39.7415273, -6.48260019999998 ], [ -39.741721299999902, -6.48269629999993 ], [ -39.7418769, -6.48275589999997 ], [ -39.7423552, -6.48255169999993 ], [ -39.7428452999999, -6.48228779999994 ], [ -39.7433358, -6.48223919999998 ], [ -39.74374, -6.48212369999993 ], [ -39.7446760999999, -6.48199089999997 ], [ -39.7448668, -6.48193869999994 ], [ -39.7450294, -6.48192889999996 ], [ -39.745172899999901, -6.48188079999994 ], [ -39.7452876, -6.48177539999995 ], [ -39.7454471, -6.481573 ], [ -39.745708099999902, -6.481344 ], [ -39.7456981999999, -6.48108549999995 ], [ -39.7456883, -6.48087489999995 ], [ -39.745716699999903, -6.480693 ], [ -39.7457165, -6.48052069999994 ], [ -39.7456493, -6.48041549999994 ], [ -39.7456204, -6.480291 ], [ -39.7456203, -6.48018569999994 ], [ -39.7456488, -6.48005169999993 ], [ -39.745753799999903, -6.47986959999997 ], [ -39.7459165, -6.47985979999993 ], [ -39.74606, -6.47979259999994 ], [ -39.7461939, -6.47974449999998 ], [ -39.7462894, -6.47962949999993 ], [ -39.7463658, -6.479505 ], [ -39.746375199999903, -6.47939009999993 ], [ -39.7463271, -6.47921779999996 ], [ -39.7461736999999, -6.47900739999994 ], [ -39.7460012, -6.47889279999993 ], [ -39.745972299999899, -6.47874929999995 ], [ -39.7459722, -6.47866309999995 ], [ -39.7460199, -6.47857689999995 ], [ -39.7460773, -6.47853849999996 ], [ -39.746220799999897, -6.47853829999997 ], [ -39.746431399999899, -6.47854759999996 ], [ -39.7467186, -6.47855669999996 ], [ -39.746929099999903, -6.47852769999997 ], [ -39.7473404, -6.47837389999995 ], [ -39.7474839, -6.47835449999997 ], [ -39.747636999999898, -6.47829689999998 ], [ -39.7477709, -6.47822969999993 ], [ -39.747809, -6.47810519999996 ], [ -39.7480575, -6.47792289999995 ], [ -39.7481913, -6.47778869999996 ], [ -39.7483156, -6.47771189999997 ], [ -39.7484208, -6.47762559999995 ], [ -39.748526, -6.47754889999993 ], [ -39.748669499999899, -6.47753909999994 ], [ -39.7488609, -6.47753879999993 ], [ -39.749077699999901, -6.47762289999997 ], [ -39.7493502, -6.47759879999995 ], [ -39.7496795, -6.47777779999996 ], [ -39.750128199999899, -6.47786689999998 ], [ -39.7511092, -6.47802689999997 ], [ -39.7513579, -6.47794039999997 ], [ -39.7513767, -6.47771059999997 ], [ -39.7512416, -6.47690669999997 ], [ -39.751202799999902, -6.47639939999993 ], [ -39.7514416, -6.47607 ], [ -39.751650799999901, -6.47595 ], [ -39.7521672, -6.47564739999996 ], [ -39.7526042, -6.47571609999994 ], [ -39.7528953999999, -6.47570659999997 ], [ -39.754294, -6.47539789999996 ], [ -39.756073699999902, -6.475454 ], [ -39.7565329, -6.47532129999996 ], [ -39.758235899999903, -6.47540769999995 ], [ -39.758922599999899, -6.474599 ], [ -39.7591608, -6.47391049999993 ], [ -39.759488099999899, -6.47274329999993 ], [ -39.759965399999899, -6.47193489999995 ], [ -39.7600646, -6.471827 ], [ -39.760165, -6.47177659999994 ], [ -39.7603157, -6.47174049999995 ], [ -39.7605381, -6.47168269999997 ], [ -39.760717499999899, -6.47159629999993 ], [ -39.7609757, -6.47147389999998 ], [ -39.7613271, -6.47128669999995 ], [ -39.7615064, -6.47117149999997 ], [ -39.7617359, -6.47105629999993 ], [ -39.761886499999903, -6.47095559999997 ], [ -39.7619797, -6.47088359999998 ], [ -39.762108899999902, -6.47084749999993 ], [ -39.7622453, -6.47084729999995 ], [ -39.762403199999902, -6.47089019999993 ], [ -39.7625684, -6.47094739999994 ], [ -39.7627694, -6.47094709999993 ], [ -39.7628627, -6.47094689999994 ], [ -39.7629702999999, -6.47088929999995 ], [ -39.763049099999897, -6.47079589999993 ], [ -39.7631853, -6.47063049999997 ], [ -39.763256899999902, -6.47053709999994 ], [ -39.763421799999897, -6.47043629999996 ], [ -39.7634863, -6.47037159999996 ], [ -39.7636011, -6.47032119999994 ], [ -39.7636585, -6.47026359999995 ], [ -39.7637611, -6.47013429999993 ], [ -39.7650841, -6.47018159999993 ], [ -39.765614099999901, -6.47044809999994 ], [ -39.7661113, -6.47038429999998 ], [ -39.7667233, -6.47003879999994 ], [ -39.7674491, -6.46896549999997 ], [ -39.767793, -6.46854379999996 ], [ -39.7680606, -6.46829449999996 ], [ -39.7683474, -6.46808339999995 ], [ -39.768480699999898, -6.46760459999996 ], [ -39.768690299999903, -6.46699159999997 ], [ -39.7689185, -6.46599569999995 ], [ -39.7693763, -6.46498019999996 ], [ -39.7702737, -6.46346629999994 ], [ -39.7708263, -6.46268349999997 ], [ -39.7707942, -6.46156269999994 ], [ -39.7712329, -6.46056639999995 ], [ -39.7718441, -6.45970389999997 ], [ -39.771406699999901, -6.45895539999998 ], [ -39.771222599999902, -6.458104 ], [ -39.7710099, -6.45666839999996 ], [ -39.770606, -6.45538619999996 ], [ -39.7705472, -6.45450559999995 ], [ -39.7705642, -6.45303129999996 ], [ -39.7701795, -6.45180649999998 ], [ -39.7695537, -6.45004879999993 ], [ -39.7676084, -6.44765569999993 ], [ -39.7661838, -6.44666289999998 ], [ -39.765369399999898, -6.44568539999995 ], [ -39.765255, -6.44534549999997 ], [ -39.7650649, -6.444008 ], [ -39.7650194, -6.44323469999995 ], [ -39.765023, -6.44275219999997 ], [ -39.765272, -6.442209 ], [ -39.7660114, -6.44126 ], [ -39.7673191, -6.44017239999994 ], [ -39.768020299999897, -6.43966709999995 ], [ -39.7695265, -6.43823389999994 ], [ -39.7729201, -6.43340479999995 ], [ -39.7741928, -6.43188149999997 ], [ -39.775001, -6.43114029999998 ], [ -39.775772, -6.42973889999996 ], [ -39.7756595, -6.42833159999998 ], [ -39.7749183, -6.42767489999994 ], [ -39.7738629, -6.42585759999997 ], [ -39.7749929, -6.42167609999996 ], [ -39.7738204, -6.41834649999993 ], [ -39.776497499999898, -6.41439769999994 ], [ -39.776031799999899, -6.41252269999995 ], [ -39.775974, -6.41084639999997 ], [ -39.774361699999901, -6.409213 ], [ -39.7728091, -6.40766449999995 ], [ -39.772084999999898, -6.40606549999995 ], [ -39.7694445999999, -6.40416629999993 ], [ -39.7668075, -6.40210249999996 ], [ -39.765926, -6.40155839999994 ], [ -39.763162599999902, -6.40018849999996 ], [ -39.7593002999999, -6.399855 ], [ -39.7581623, -6.39952649999998 ], [ -39.756768399999899, -6.397961 ], [ -39.7562973, -6.39673059999996 ], [ -39.7553255, -6.39498349999997 ], [ -39.7539695, -6.39334739999993 ], [ -39.7529658, -6.39270029999994 ], [ -39.752305299999897, -6.39112009999997 ], [ -39.7521606, -6.39112489999997 ], [ -39.7513842, -6.39011109999996 ], [ -39.750743, -6.38878689999996 ], [ -39.748273599999898, -6.38685289999995 ], [ -39.745885, -6.38634619999993 ], [ -39.7441325, -6.38621309999996 ], [ -39.7433247, -6.38595369999996 ], [ -39.7423827, -6.38479639999997 ], [ -39.741231099999901, -6.382534 ], [ -39.740576, -6.38154439999994 ], [ -39.740326599999896, -6.38040589999997 ], [ -39.740411, -6.37809109999995 ], [ -39.7402714, -6.37663679999997 ], [ -39.739526, -6.37508109999993 ], [ -39.7393827, -6.37478279999993 ], [ -39.7387201, -6.37425549999995 ], [ -39.7368286, -6.37363409999995 ], [ -39.735021199999899, -6.37360229999996 ], [ -39.734387, -6.37332279999993 ], [ -39.733915099999898, -6.37086029999995 ], [ -39.7325804, -6.37071029999993 ], [ -39.731415, -6.37132789999993 ], [ -39.7305236999999, -6.37149739999995 ], [ -39.7277166, -6.37104279999994 ], [ -39.727050399999897, -6.37053629999997 ], [ -39.727518, -6.36809249999993 ], [ -39.7272227, -6.36702189999994 ], [ -39.7255268, -6.36660729999994 ], [ -39.7237443, -6.36562839999993 ], [ -39.722302, -6.36292309999993 ], [ -39.720579, -6.36051669999995 ], [ -39.7196835, -6.35957179999997 ], [ -39.7176625, -6.35876229999997 ], [ -39.7148812, -6.35927449999997 ], [ -39.7141674, -6.35896879999996 ], [ -39.713713599999899, -6.35773649999993 ], [ -39.713743399999899, -6.35634979999998 ], [ -39.716111899999902, -6.35406029999996 ], [ -39.7158213, -6.35154769999997 ], [ -39.714523799999903, -6.34738519999996 ], [ -39.7124393, -6.34494689999997 ], [ -39.7115037, -6.34293779999996 ], [ -39.708906199999902, -6.34039649999994 ], [ -39.7069043, -6.33820539999994 ], [ -39.7058979, -6.33691439999996 ], [ -39.704387499999903, -6.33440339999993 ], [ -39.703595499999899, -6.33246589999993 ], [ -39.702660299999899, -6.33081579999993 ], [ -39.700001799999903, -6.32830649999994 ], [ -39.6928296, -6.33112569999997 ], [ -39.6906203, -6.33134659999996 ], [ -39.688758, -6.32938439999998 ], [ -39.685737, -6.33309979999996 ], [ -39.6831784, -6.33310319999993 ], [ -39.6812050999999, -6.33681719999993 ], [ -39.680274499999904, -6.33725619999996 ], [ -39.678879499999901, -6.33660129999993 ], [ -39.6741046, -6.332897 ], [ -39.672941099999903, -6.33289849999994 ], [ -39.670456699999903, -6.33510529999995 ], [ -39.6690091, -6.33639159999996 ], [ -39.6664314, -6.33631989999998 ], [ -39.6644008, -6.33609129999996 ], [ -39.664301899999899, -6.33608019999997 ], [ -39.662409099999898, -6.33562579999995 ], [ -39.6609642, -6.33555069999994 ], [ -39.6586315, -6.33618329999996 ], [ -39.657026899999899, -6.33706089999993 ], [ -39.655523, -6.33742279999996 ], [ -39.653239, -6.33723849999996 ], [ -39.651997499999901, -6.33735449999995 ], [ -39.649137499999902, -6.33525129999992 ], [ -39.648372799999898, -6.33396729999993 ], [ -39.6477404, -6.33327879999996 ], [ -39.647968999999897, -6.33248869999994 ], [ -39.647294, -6.33211619999997 ], [ -39.6458491, -6.33246989999998 ], [ -39.645729699999897, -6.33224739999997 ], [ -39.6455285, -6.33198919999995 ], [ -39.6452887, -6.33155869999996 ], [ -39.6449148, -6.33129839999998 ], [ -39.643741599999899, -6.33048609999997 ], [ -39.6429951, -6.32997709999995 ], [ -39.642593, -6.32978619999994 ], [ -39.641277, -6.32984289999996 ], [ -39.6404391, -6.32931739999998 ], [ -39.6400798, -6.32888709999997 ], [ -39.6397198, -6.32795409999994 ], [ -39.6397431, -6.32745149999994 ], [ -39.6392162, -6.32694959999998 ], [ -39.6384262999999, -6.32647189999994 ], [ -39.636966099999903, -6.32568379999998 ], [ -39.6363947, -6.32551569999993 ], [ -39.635820599999903, -6.32548049999997 ], [ -39.6354256, -6.32528949999994 ], [ -39.6352939, -6.32515809999995 ], [ -39.635221999999899, -6.32500259999995 ], [ -39.6352098, -6.324871 ], [ -39.635042199999901, -6.32475149999993 ], [ -39.6347908, -6.32452439999997 ], [ -39.6344437, -6.32432139999997 ], [ -39.634240299999902, -6.32424989999993 ], [ -39.6338574, -6.32410679999998 ], [ -39.6337735, -6.32395129999998 ], [ -39.6334502, -6.32367639999995 ], [ -39.633067, -6.32331789999995 ], [ -39.6325165, -6.32304339999996 ], [ -39.6323252, -6.32310339999998 ], [ -39.6321819, -6.32322329999994 ], [ -39.631942799999898, -6.32334319999995 ], [ -39.6317514, -6.32329559999994 ], [ -39.631691499999903, -6.32321189999993 ], [ -39.6315713, -6.32274529999995 ], [ -39.6313436, -6.32236269999993 ], [ -39.6311881, -6.32233889999998 ], [ -39.6307575, -6.32230359999994 ], [ -39.6305897, -6.32201659999993 ], [ -39.630529599999903, -6.32180119999992 ], [ -39.6301467, -6.321682 ], [ -39.62974, -6.32162269999998 ], [ -39.6294051, -6.32158719999995 ], [ -39.6292615999999, -6.32163519999995 ], [ -39.6291184, -6.32186279999996 ], [ -39.6289153, -6.32204249999995 ], [ -39.628425299999897, -6.32240209999998 ], [ -39.6282221, -6.32248609999994 ], [ -39.6281384, -6.32246229999993 ], [ -39.627994699999903, -6.32234279999994 ], [ -39.627946699999903, -6.32222319999994 ], [ -39.6278746999999, -6.32201979999996 ], [ -39.627742899999902, -6.32180459999995 ], [ -39.6276111, -6.32160129999994 ], [ -39.627299799999903, -6.32136239999994 ], [ -39.6271323, -6.32127879999996 ], [ -39.6270125, -6.32113529999998 ], [ -39.6270122, -6.320896 ], [ -39.6270718, -6.32069249999995 ], [ -39.6270595, -6.32044119999995 ], [ -39.6269396, -6.320226 ], [ -39.626724099999898, -6.32003479999997 ], [ -39.6265804, -6.31985539999994 ], [ -39.626520399999897, -6.319676 ], [ -39.6264126, -6.31956839999998 ], [ -39.626269, -6.31949679999997 ], [ -39.626197299999902, -6.31952079999996 ], [ -39.6260897, -6.31959279999995 ], [ -39.6260179, -6.31958089999995 ], [ -39.625922199999899, -6.31952119999994 ], [ -39.625814499999898, -6.31946139999997 ], [ -39.6257904, -6.31938969999993 ], [ -39.625790299999899, -6.31923409999996 ], [ -39.6257901, -6.31913839999993 ], [ -39.625766199999902, -6.31910249999993 ], [ -39.6256107, -6.31910269999997 ], [ -39.625467199999903, -6.31913879999996 ], [ -39.6253596, -6.31919869999996 ], [ -39.6252162, -6.31924679999997 ], [ -39.6251564, -6.31924679999997 ], [ -39.624988899999899, -6.31923509999996 ], [ -39.624857399999897, -6.31923519999998 ], [ -39.6247857, -6.31929519999994 ], [ -39.624714, -6.31934309999997 ], [ -39.624546699999897, -6.319451 ], [ -39.6244512, -6.31960669999995 ], [ -39.6243201, -6.31998979999997 ], [ -39.624176599999899, -6.32002589999996 ], [ -39.6239972, -6.32001409999998 ], [ -39.623829699999902, -6.31996639999994 ], [ -39.623709899999902, -6.31985889999993 ], [ -39.6234946, -6.31985909999997 ], [ -39.623363099999899, -6.31987129999993 ], [ -39.6231837999999, -6.31993129999995 ], [ -39.6230523, -6.32002719999997 ], [ -39.622884999999897, -6.32013509999996 ], [ -39.622705499999903, -6.32008739999998 ], [ -39.6225979, -6.32008759999997 ], [ -39.6224544, -6.32012359999993 ], [ -39.622311, -6.32024349999995 ], [ -39.6219881, -6.32023189999995 ], [ -39.621497599999898, -6.32010089999994 ], [ -39.6213175, -6.32006239999993 ], [ -39.6212436, -6.32019819999994 ], [ -39.6210288, -6.32060529999995 ], [ -39.62068, -6.32101089999998 ], [ -39.6202019, -6.32129869999994 ], [ -39.6198577, -6.32137259999996 ], [ -39.6190445, -6.32146929999993 ], [ -39.6187093, -6.32125429999996 ], [ -39.618016399999902, -6.32102369999996 ], [ -39.617489099999901, -6.32099249999993 ], [ -39.6170104999999, -6.32089729999996 ], [ -39.6168195, -6.32113689999994 ], [ -39.6170351, -6.32147169999996 ], [ -39.617490099999898, -6.32183009999994 ], [ -39.617562, -6.32199759999997 ], [ -39.6176584, -6.32254789999996 ], [ -39.6179938, -6.32300229999993 ], [ -39.6182577, -6.32364819999998 ], [ -39.618234899999898, -6.32460549999996 ], [ -39.6179963, -6.32508449999995 ], [ -39.6177334, -6.32534809999993 ], [ -39.617361399999901, -6.32538029999995 ], [ -39.6170552, -6.32539029999998 ], [ -39.6167394, -6.32536189999996 ], [ -39.6162744, -6.32546949999994 ], [ -39.615843599999899, -6.32530239999994 ], [ -39.6155323999999, -6.32503949999995 ], [ -39.6151975, -6.32503989999998 ], [ -39.614773699999901, -6.32495969999997 ], [ -39.614695, -6.32494479999997 ], [ -39.6137131999999, -6.32403649999998 ], [ -39.613066699999898, -6.32346279999996 ], [ -39.6130143, -6.32282939999993 ], [ -39.6129663, -6.32265709999996 ], [ -39.6127258, -6.32256579999995 ], [ -39.6123909, -6.32250639999995 ], [ -39.612068099999902, -6.32261449999993 ], [ -39.6117093, -6.32265079999996 ], [ -39.6115417, -6.32255529999998 ], [ -39.611134999999898, -6.322448 ], [ -39.610883699999903, -6.32236459999996 ], [ -39.610740099999902, -6.32230489999995 ], [ -39.6106561, -6.32208959999997 ], [ -39.6106439, -6.32186229999996 ], [ -39.6106437, -6.32165879999997 ], [ -39.6106316, -6.32153919999996 ], [ -39.6105832, -6.32107249999996 ], [ -39.610427699999903, -6.32104879999997 ], [ -39.6102602, -6.32107289999993 ], [ -39.6100211, -6.32110909999994 ], [ -39.6097819, -6.32114529999996 ], [ -39.609578699999901, -6.32126519999997 ], [ -39.609399499999903, -6.32143289999993 ], [ -39.60928, -6.32154079999998 ], [ -39.6091845, -6.32169639999995 ], [ -39.6089454, -6.32176849999996 ], [ -39.608814, -6.32190029999992 ], [ -39.6084319, -6.32245119999993 ], [ -39.6080974, -6.32276269999994 ], [ -39.607810399999899, -6.32281089999998 ], [ -39.6077506, -6.32278709999997 ], [ -39.607630899999897, -6.32270349999993 ], [ -39.6074753, -6.32265579999995 ], [ -39.6074034, -6.32251229999997 ], [ -39.6070922, -6.32230919999995 ], [ -39.6070443999999, -6.32234509999995 ], [ -39.606876999999898, -6.32239319999996 ], [ -39.606745499999903, -6.32240529999996 ], [ -39.606578, -6.32239349999998 ], [ -39.6064224, -6.32233389999993 ], [ -39.6063387, -6.322346 ], [ -39.6062431, -6.322382 ], [ -39.6060639, -6.32256169999994 ], [ -39.6056096, -6.32272969999997 ], [ -39.60549, -6.32276579999996 ], [ -39.6052511, -6.32301739999997 ], [ -39.6050238999999, -6.32306549999993 ], [ -39.6049163, -6.32306559999995 ], [ -39.604832499999901, -6.32302979999997 ], [ -39.6047846, -6.322982 ], [ -39.6047128, -6.32289829999996 ], [ -39.604533199999899, -6.32279079999995 ], [ -39.604461399999899, -6.32271909999997 ], [ -39.604461199999903, -6.32256349999994 ], [ -39.6044731, -6.32250369999997 ], [ -39.6045089, -6.32244379999997 ], [ -39.6046284, -6.322336 ], [ -39.604724, -6.32224009999993 ], [ -39.604879299999901, -6.32208439999994 ], [ -39.6050857, -6.32194139999996 ], [ -39.605338199999899, -6.32170079999997 ], [ -39.605673, -6.32158079999994 ], [ -39.605744399999899, -6.32129349999997 ], [ -39.6056483, -6.32098249999996 ], [ -39.605743399999902, -6.32040789999996 ], [ -39.6056469, -6.319714 ], [ -39.60524, -6.319523 ], [ -39.6050246, -6.31942749999996 ], [ -39.6047376, -6.31949959999997 ], [ -39.603805, -6.319764 ], [ -39.603326599999903, -6.31974059999993 ], [ -39.6029675, -6.31950169999993 ], [ -39.602809, -6.31904609999998 ], [ -39.6020147, -6.31870019999997 ], [ -39.601435299999899, -6.31833069999993 ], [ -39.601171599999901, -6.31803319999995 ], [ -39.600875, -6.31801439999998 ], [ -39.6002619, -6.31812809999997 ], [ -39.599688699999902, -6.31804549999993 ], [ -39.5993341, -6.31769069999996 ], [ -39.5990661, -6.31747179999996 ], [ -39.5990176, -6.31684959999995 ], [ -39.5988738, -6.31665829999997 ], [ -39.5983472, -6.31629989999993 ], [ -39.5975094, -6.31577439999995 ], [ -39.596546499999903, -6.31547489999997 ], [ -39.5964226, -6.31522409999997 ], [ -39.5965277, -6.31496169999997 ], [ -39.5966232, -6.31479409999997 ], [ -39.596718399999901, -6.31436319999995 ], [ -39.596909299999901, -6.31402789999993 ], [ -39.5971719, -6.31350109999994 ], [ -39.597338599999901, -6.31299239999993 ], [ -39.597204299999902, -6.31272449999994 ], [ -39.5966872, -6.31233259999993 ], [ -39.5955916, -6.31218649999994 ], [ -39.5952326, -6.31201939999994 ], [ -39.5951269, -6.31173119999994 ], [ -39.5947292, -6.31108659999995 ], [ -39.594657, -6.31067979999995 ], [ -39.594388299999899, -6.31012369999996 ], [ -39.594014699999903, -6.30967419999996 ], [ -39.5936222, -6.30951189999996 ], [ -39.593315899999901, -6.30938779999997 ], [ -39.592732, -6.30920659999992 ], [ -39.5919473, -6.30914049999996 ], [ -39.591780099999902, -6.30889259999998 ], [ -39.5916885, -6.30855309999993 ], [ -39.5915926, -6.30833779999995 ], [ -39.5911614, -6.30783569999994 ], [ -39.590659, -6.30769259999994 ], [ -39.590204099999902, -6.30740589999994 ], [ -39.589795599999903, -6.30729359999998 ], [ -39.5893914, -6.30788549999994 ], [ -39.5893919, -6.30834029999994 ], [ -39.589511899999899, -6.30867519999993 ], [ -39.5898711, -6.30903379999995 ], [ -39.5900872, -6.30972759999997 ], [ -39.589920199999902, -6.31011079999996 ], [ -39.589490199999901, -6.31066169999997 ], [ -39.589442899999902, -6.31114039999994 ], [ -39.589348399999899, -6.31212179999994 ], [ -39.5890522, -6.31264759999993 ], [ -39.5888712, -6.31319939999997 ], [ -39.5884166, -6.313152 ], [ -39.588152, -6.31195939999998 ], [ -39.587807199999901, -6.31164379999996 ], [ -39.5876062, -6.31156749999997 ], [ -39.586962899999897, -6.31185679999993 ], [ -39.586764699999897, -6.31188539999994 ], [ -39.586496399999902, -6.31169319999998 ], [ -39.5863337, -6.31159759999997 ], [ -39.5861997, -6.31163609999993 ], [ -39.586248, -6.31200939999997 ], [ -39.586143, -6.31222969999993 ], [ -39.5856845, -6.31290989999997 ], [ -39.585292799999898, -6.31341769999995 ], [ -39.585068799999902, -6.31406529999992 ], [ -39.585117099999898, -6.31452 ], [ -39.5852849, -6.31475909999995 ], [ -39.5852613, -6.31507029999995 ], [ -39.5849746, -6.31535779999996 ], [ -39.5846397, -6.31533419999994 ], [ -39.584352399999901, -6.31518039999997 ], [ -39.5839647, -6.31497979999995 ], [ -39.583203599999898, -6.314636 ], [ -39.582687099999902, -6.31473709999995 ], [ -39.582099, -6.31506809999996 ], [ -39.581597, -6.31537019999996 ], [ -39.5815686, -6.31564309999993 ], [ -39.5815258, -6.31585849999993 ], [ -39.581195599999901, -6.31575839999994 ], [ -39.5810806, -6.31562919999993 ], [ -39.5807498, -6.31502649999993 ], [ -39.5802184, -6.314625 ], [ -39.5797444, -6.31433829999997 ], [ -39.5795863, -6.31415179999993 ], [ -39.5795426, -6.31350569999995 ], [ -39.579528099999898, -6.31339079999998 ], [ -39.5793413, -6.31321869999994 ], [ -39.5792552, -6.31321879999996 ], [ -39.57904, -6.31326209999997 ], [ -39.5786959, -6.31363579999993 ], [ -39.578624299999902, -6.31372209999995 ], [ -39.5783554, -6.31390669999996 ], [ -39.578049099999902, -6.31410639999996 ], [ -39.5778223, -6.31439779999994 ], [ -39.577720999999897, -6.31468509999996 ], [ -39.577637599999903, -6.31497239999993 ], [ -39.577565999999898, -6.31517589999993 ], [ -39.577518499999897, -6.31542729999995 ], [ -39.5773035, -6.31570269999997 ], [ -39.577088499999903, -6.31595429999993 ], [ -39.5769332, -6.316134 ], [ -39.5767658, -6.31614609999997 ], [ -39.576096, -6.316099 ], [ -39.575964499999898, -6.31619489999997 ], [ -39.575940699999897, -6.31631459999994 ], [ -39.5758332999999, -6.31653009999997 ], [ -39.5756302, -6.31674569999996 ], [ -39.5753194, -6.31688969999993 ], [ -39.574925, -6.31716529999994 ], [ -39.5747099, -6.31727329999995 ], [ -39.5744589, -6.31744109999994 ], [ -39.574148099999903, -6.31763289999998 ], [ -39.5739452, -6.31796819999994 ], [ -39.5738377, -6.31815979999993 ], [ -39.573658599999902, -6.31844719999998 ], [ -39.5735031, -6.31872359999994 ], [ -39.5730111, -6.31897949999995 ], [ -39.5727201999999, -6.31897 ], [ -39.5721766, -6.31912989999995 ], [ -39.5718057, -6.31929889999998 ], [ -39.5715071, -6.31959839999996 ], [ -39.5714355, -6.31978989999993 ], [ -39.571423799999899, -6.32005319999996 ], [ -39.571435999999899, -6.32028049999997 ], [ -39.5714601, -6.32043609999994 ], [ -39.57152, -6.32051979999994 ], [ -39.5719508, -6.32066289999995 ], [ -39.5719986, -6.32066289999995 ], [ -39.5719988, -6.32080649999995 ], [ -39.5719989, -6.32092609999995 ], [ -39.5718749, -6.32118369999995 ], [ -39.5716062, -6.321543 ], [ -39.5705613, -6.32306989999995 ], [ -39.5697254, -6.32423759999995 ], [ -39.5691878, -6.32477669999997 ], [ -39.569057299999898, -6.32487479999998 ], [ -39.5685902, -6.32522609999995 ], [ -39.5679921999999, -6.32525659999993 ], [ -39.5676033, -6.32507759999993 ], [ -39.5672911, -6.32517949999993 ], [ -39.5669803, -6.32528759999997 ], [ -39.5666481, -6.32654459999998 ], [ -39.5663198, -6.32711329999995 ], [ -39.5651841, -6.32759319999997 ], [ -39.5634203, -6.32795419999997 ], [ -39.5630474, -6.32829589999994 ], [ -39.5619492, -6.32930429999993 ], [ -39.561688499999903, -6.32958189999994 ], [ -39.561563, -6.32970469999998 ], [ -39.561449599999897, -6.32986339999997 ], [ -39.5614497, -6.32992919999998 ], [ -39.5613185, -6.33029729999993 ], [ -39.561253099999902, -6.33062949999993 ], [ -39.5613341, -6.33088369999996 ], [ -39.561373199999899, -6.33109909999996 ], [ -39.561325399999902, -6.33118889999997 ], [ -39.5612388, -6.33129959999997 ], [ -39.5610685, -6.33135369999997 ], [ -39.560937, -6.33144059999995 ], [ -39.5607309, -6.33161429999996 ], [ -39.5607309, -6.33165919999993 ], [ -39.560734, -6.331728 ], [ -39.560752, -6.33184469999998 ], [ -39.5607582, -6.33199419999994 ], [ -39.5607314, -6.33211989999995 ], [ -39.5607165, -6.33214689999994 ], [ -39.560540199999899, -6.33230859999998 ], [ -39.5604268, -6.33244639999998 ], [ -39.560391, -6.33252719999996 ], [ -39.5602924, -6.33260509999997 ], [ -39.5602087, -6.332668 ], [ -39.5600982, -6.33274289999997 ], [ -39.5599599, -6.33277709999993 ], [ -39.5598373, -6.33275549999996 ], [ -39.5597902, -6.33272029999995 ], [ -39.5597375, -6.33268079999993 ], [ -39.5596968, -6.33265039999998 ], [ -39.5597003, -6.33259369999996 ], [ -39.5597002, -6.33253689999998 ], [ -39.559700099999901, -6.33244409999998 ], [ -39.559700099999901, -6.33238129999995 ], [ -39.559703, -6.33232449999997 ], [ -39.5597179, -6.33223769999995 ], [ -39.559696899999899, -6.33216889999994 ], [ -39.559690799999899, -6.332139 ], [ -39.559633899999902, -6.33204629999994 ], [ -39.559613, -6.33201939999998 ], [ -39.559601, -6.33201639999993 ], [ -39.559511299999897, -6.33203149999997 ], [ -39.559496399999901, -6.33202249999994 ], [ -39.559472399999898, -6.33200159999996 ], [ -39.559397499999903, -6.331879 ], [ -39.559215, -6.33180439999995 ], [ -39.5589249, -6.33168809999995 ], [ -39.5588590999999, -6.33166719999997 ], [ -39.5588142, -6.33165229999997 ], [ -39.5587783, -6.33162539999995 ], [ -39.5587633, -6.33157159999996 ], [ -39.5586943, -6.33137119999998 ], [ -39.5586703, -6.33133229999993 ], [ -39.5586314, -6.33130839999995 ], [ -39.5585596, -6.33126659999994 ], [ -39.5582843, -6.33109039999994 ], [ -39.5582185, -6.33106959999998 ], [ -39.55816, -6.33109669999993 ], [ -39.5580835, -6.33115429999998 ], [ -39.5579782, -6.33114479999995 ], [ -39.5577868, -6.331078 ], [ -39.5575663, -6.33074319999997 ], [ -39.557460999999897, -6.33066189999994 ], [ -39.5574179, -6.33066189999994 ], [ -39.5571164999999, -6.33064789999997 ], [ -39.556915499999903, -6.33059069999996 ], [ -39.5568006, -6.33049029999995 ], [ -39.5567717, -6.33033229999995 ], [ -39.5567571999999, -6.33021749999995 ], [ -39.5566279, -6.33008839999997 ], [ -39.556556, -6.32991609999993 ], [ -39.5565128, -6.32978689999993 ], [ -39.5563979, -6.329744 ], [ -39.5562543, -6.32971539999994 ], [ -39.5561107999999, -6.32967249999996 ], [ -39.555967199999898, -6.32964389999995 ], [ -39.5558811, -6.32961529999994 ], [ -39.555823599999897, -6.32954359999997 ], [ -39.555723, -6.32945749999993 ], [ -39.5556799, -6.32938569999993 ], [ -39.555608, -6.32927089999993 ], [ -39.5555648, -6.32914169999998 ], [ -39.5554068, -6.32899829999997 ], [ -39.5550175, -6.32894149999993 ], [ -39.5540391, -6.32752269999997 ], [ -39.553619899999902, -6.32696069999997 ], [ -39.5531649, -6.32647049999997 ], [ -39.553033099999901, -6.32621939999996 ], [ -39.5528891, -6.32584849999995 ], [ -39.5523623, -6.32533449999994 ], [ -39.551955099999901, -6.32483229999997 ], [ -39.551799399999901, -6.32461709999995 ], [ -39.551500099999899, -6.32433019999996 ], [ -39.5511887, -6.323944 ], [ -39.5509013, -6.32358529999993 ], [ -39.5495017, -6.32333549999993 ], [ -39.5492862, -6.32319209999997 ], [ -39.5487118, -6.32294139999993 ], [ -39.5482172, -6.32246579999997 ], [ -39.5475977, -6.32225029999995 ], [ -39.5463559, -6.322037 ], [ -39.5457974, -6.32198629999993 ], [ -39.545223399999898, -6.32205869999996 ], [ -39.5446924, -6.32211669999998 ], [ -39.5443051, -6.32236129999995 ], [ -39.544151199999902, -6.322188 ], [ -39.544116899999899, -6.32203939999994 ], [ -39.5440783, -6.32175219999993 ], [ -39.5437509, -6.32134 ], [ -39.543369799999901, -6.32134559999997 ], [ -39.543159, -6.32104469999996 ], [ -39.5429865, -6.32080559999997 ], [ -39.5424598, -6.32030829999997 ], [ -39.542345, -6.320318 ], [ -39.542172799999904, -6.32035649999995 ], [ -39.5410146, -6.31996519999996 ], [ -39.5408709, -6.31985039999995 ], [ -39.5406987, -6.31985059999994 ], [ -39.5406034, -6.32019539999993 ], [ -39.5406229, -6.32054959999994 ], [ -39.540489299999898, -6.32092309999996 ], [ -39.5403271, -6.321354 ], [ -39.5400023, -6.32188089999994 ], [ -39.539744, -6.32187159999995 ], [ -39.5394951, -6.32177609999997 ], [ -39.539246299999903, -6.321786 ], [ -39.5389594, -6.32190109999993 ], [ -39.5386472, -6.32206209999993 ], [ -39.538611499999902, -6.32231339999993 ], [ -39.5384324, -6.322529 ], [ -39.5376788, -6.32252979999993 ], [ -39.537104999999897, -6.32274579999995 ], [ -39.536531099999898, -6.32296179999997 ], [ -39.536459599999901, -6.323249 ], [ -39.536316199999902, -6.32339279999997 ], [ -39.5357781, -6.32350109999993 ], [ -39.5354915, -6.32389629999994 ], [ -39.5345235, -6.32465119999995 ], [ -39.5340571999999, -6.324867 ], [ -39.533052499999897, -6.32486809999995 ], [ -39.5325501, -6.32476089999994 ], [ -39.5323344, -6.32440209999993 ], [ -39.531867799999901, -6.32429489999993 ], [ -39.5312936999999, -6.32429549999995 ], [ -39.531060099999898, -6.324687 ], [ -39.530792, -6.32487039999995 ], [ -39.5303258, -6.32515809999995 ], [ -39.5302427, -6.32540579999994 ], [ -39.5296405, -6.32595209999994 ], [ -39.5274312, -6.32695959999995 ], [ -39.525005399999898, -6.32683279999998 ], [ -39.5237281, -6.32690589999993 ], [ -39.523541599999902, -6.32700659999995 ], [ -39.5236427, -6.32760959999996 ], [ -39.5237724, -6.32814079999997 ], [ -39.524020999999898, -6.32927129999996 ], [ -39.5242306, -6.32954029999996 ], [ -39.5246159, -6.329576 ], [ -39.5251329, -6.32992009999998 ], [ -39.5256499, -6.33022119999993 ], [ -39.5265262, -6.33092389999996 ], [ -39.5274166, -6.33151179999993 ], [ -39.528307599999899, -6.33253049999996 ], [ -39.5282936, -6.33287509999997 ], [ -39.5276163, -6.33297909999993 ], [ -39.5271167, -6.33291939999998 ], [ -39.5262701999999, -6.33325059999993 ], [ -39.5257333, -6.33381859999997 ], [ -39.5254944, -6.33405819999996 ], [ -39.5248668999999, -6.33453749999995 ], [ -39.524718, -6.335136 ], [ -39.5246888, -6.33579419999995 ], [ -39.5243604, -6.33630319999997 ], [ -39.5240616, -6.33651289999995 ], [ -39.5236432, -6.33675269999998 ], [ -39.5236135, -6.33696209999994 ], [ -39.5234899, -6.33743219999997 ], [ -39.5237038, -6.33762019999995 ], [ -39.5239927, -6.33780509999997 ], [ -39.5243518999999, -6.33820679999997 ], [ -39.5241958, -6.33870629999996 ], [ -39.5241387, -6.33897439999993 ], [ -39.5235648, -6.33918559999995 ], [ -39.522761199999898, -6.33937789999993 ], [ -39.5213818, -6.33918629999994 ], [ -39.5193287, -6.33855649999992 ], [ -39.5185248, -6.33844239999996 ], [ -39.5178433, -6.33795519999995 ], [ -39.5176031, -6.33690829999995 ], [ -39.5176324, -6.33628 ], [ -39.517631499999901, -6.33538249999998 ], [ -39.517028099999898, -6.33394329999993 ], [ -39.5161284, -6.33367609999993 ], [ -39.5155927, -6.33388729999996 ], [ -39.515387599999897, -6.334188 ], [ -39.5151188, -6.33448749999997 ], [ -39.5147901, -6.33469719999994 ], [ -39.5143717999999, -6.33502669999996 ], [ -39.513699599999903, -6.33540179999994 ], [ -39.513297599999902, -6.335249 ], [ -39.5114015, -6.3337 ], [ -39.511059799999899, -6.332184 ], [ -39.5106764, -6.33147589999993 ], [ -39.509642299999904, -6.33082589999998 ], [ -39.509010499999903, -6.33052019999997 ], [ -39.508493499999901, -6.33027179999993 ], [ -39.508015199999903, -6.33040629999994 ], [ -39.507639299999902, -6.33036619999996 ], [ -39.5074901, -6.33075529999996 ], [ -39.506982299999898, -6.33126439999995 ], [ -39.5066838, -6.33180319999997 ], [ -39.506504999999898, -6.33246159999993 ], [ -39.5059072, -6.33261169999997 ], [ -39.505339499999899, -6.33306109999995 ], [ -39.5045029, -6.33377989999997 ], [ -39.5040547, -6.33413929999995 ], [ -39.5035167999999, -6.33446889999993 ], [ -39.5027694999999, -6.334709 ], [ -39.5021121, -6.33521819999993 ], [ -39.5008558, -6.33474079999996 ], [ -39.5002006, -6.33417319999995 ], [ -39.500167099999899, -6.333814 ], [ -39.500017199999903, -6.33336539999993 ], [ -39.4998671, -6.33279709999994 ], [ -39.4994111, -6.33166479999994 ], [ -39.4984916, -6.33074659999994 ], [ -39.498911099999901, -6.32917609999993 ], [ -39.4986374, -6.328909 ], [ -39.497891599999903, -6.32901629999998 ], [ -39.497591199999903, -6.32929889999997 ], [ -39.4975018, -6.32959819999996 ], [ -39.4975021, -6.32992729999995 ], [ -39.496935, -6.33100489999993 ], [ -39.496815899999902, -6.33154349999995 ], [ -39.4963079, -6.33187309999994 ], [ -39.4959792, -6.33205289999995 ], [ -39.495769799999898, -6.33205309999994 ], [ -39.495052299999898, -6.33211359999996 ], [ -39.494394, -6.33163559999997 ], [ -39.4934952999999, -6.32993109999995 ], [ -39.4929266, -6.32939309999995 ], [ -39.492626399999899, -6.328107 ], [ -39.4921773, -6.32747909999995 ], [ -39.4919374, -6.32682119999993 ], [ -39.491667699999901, -6.32616329999996 ], [ -39.491109299999898, -6.32567939999996 ], [ -39.4904503, -6.32572249999993 ], [ -39.489706399999903, -6.32599459999994 ], [ -39.4892131, -6.32636229999997 ], [ -39.488607699999903, -6.32763929999993 ], [ -39.4879524, -6.32882669999998 ], [ -39.487432899999902, -6.32928219999997 ], [ -39.486980699999897, -6.32908 ], [ -39.486611799999899, -6.32911749999994 ], [ -39.486506899999902, -6.32908139999995 ], [ -39.4855416, -6.32939439999996 ], [ -39.4849108, -6.32968619999997 ], [ -39.4843342, -6.32995269999998 ], [ -39.4837415, -6.33031959999994 ], [ -39.4832501, -6.33085919999996 ], [ -39.4827898, -6.331633 ], [ -39.4827711, -6.33195589999997 ], [ -39.4828428, -6.33229419999998 ], [ -39.4832928, -6.33297579999993 ], [ -39.4834036, -6.33352479999996 ], [ -39.4832403, -6.33390219999995 ], [ -39.4828663, -6.33424269999995 ], [ -39.4824768, -6.33445649999993 ], [ -39.481941699999901, -6.33458549999995 ], [ -39.481241, -6.33461779999993 ], [ -39.480543699999899, -6.33436059999997 ], [ -39.479745099999903, -6.33459529999993 ], [ -39.4790575, -6.33474549999994 ], [ -39.478698999999899, -6.33510479999995 ], [ -39.47849, -6.33543409999993 ], [ -39.478251, -6.33570359999993 ], [ -39.4775635, -6.33594359999995 ], [ -39.476726799999902, -6.33657259999995 ], [ -39.4758601, -6.337082 ], [ -39.474724099999897, -6.33738219999998 ], [ -39.474215699999903, -6.33735279999996 ], [ -39.4737967, -6.33699409999997 ], [ -39.4735572, -6.33669519999995 ], [ -39.473227699999903, -6.33603729999993 ], [ -39.4729881, -6.33561869999994 ], [ -39.4723, -6.33517049999995 ], [ -39.4710731, -6.33415439999993 ], [ -39.4702354, -6.33370639999993 ], [ -39.4697267, -6.333318 ], [ -39.4689485, -6.33245109999996 ], [ -39.4684094, -6.33152409999997 ], [ -39.4680195, -6.33026789999997 ], [ -39.4683467, -6.32835289999997 ], [ -39.468614499999902, -6.32682689999996 ], [ -39.468955, -6.32581379999993 ], [ -39.4687067, -6.32514369999996 ], [ -39.4685294, -6.32413709999997 ], [ -39.4683085, -6.32371119999993 ], [ -39.4679682, -6.32339759999996 ], [ -39.4676208, -6.32317539999997 ], [ -39.4674337, -6.32317109999997 ], [ -39.4666051, -6.32364939999997 ], [ -39.4656115, -6.32466439999996 ], [ -39.4649011999999, -6.32506389999998 ], [ -39.4641690999999, -6.325231 ], [ -39.4624861, -6.32580329999996 ], [ -39.461847, -6.32590339999996 ], [ -39.4611353, -6.32571319999994 ], [ -39.4603175, -6.32517569999993 ], [ -39.4599277, -6.32507289999995 ], [ -39.4594781, -6.32482629999993 ], [ -39.4592498, -6.32533219999993 ], [ -39.4592187, -6.32537589999993 ], [ -39.458983499999903, -6.325706 ], [ -39.458567899999899, -6.32609 ], [ -39.458382899999897, -6.32651259999994 ], [ -39.4583689, -6.32703 ], [ -39.4583843, -6.32714339999995 ], [ -39.4585018, -6.32801019999994 ], [ -39.4585582, -6.32842649999998 ], [ -39.458626799999898, -6.32948129999994 ], [ -39.4596091, -6.33115579999998 ], [ -39.4601658, -6.33214019999997 ], [ -39.4598498, -6.33280709999997 ], [ -39.4597548, -6.33366879999994 ], [ -39.4604156, -6.33490439999997 ], [ -39.460561599999899, -6.33542809999994 ], [ -39.4610163, -6.336363 ], [ -39.462327899999899, -6.33785879999994 ], [ -39.4626617, -6.33823949999993 ], [ -39.4628537, -6.33861109999998 ], [ -39.4630079, -6.33915009999993 ], [ -39.4629467, -6.33945209999996 ], [ -39.4629368, -6.33950109999995 ], [ -39.462936899999903, -6.33961589999996 ], [ -39.462872499999897, -6.33983859999995 ], [ -39.4629016, -6.34020469999996 ], [ -39.4629591, -6.34026929999993 ], [ -39.4630093, -6.34031949999996 ], [ -39.463146, -6.34067839999994 ], [ -39.4630816, -6.34087949999997 ], [ -39.4630387999999, -6.34113809999997 ], [ -39.4630534, -6.34146829999997 ], [ -39.4631828999999, -6.34179129999995 ], [ -39.4634126, -6.34185569999994 ], [ -39.4635737, -6.34188859999995 ], [ -39.4636925, -6.34191289999995 ], [ -39.4641235, -6.342329 ], [ -39.4641955, -6.34254429999993 ], [ -39.464174199999903, -6.34281719999996 ], [ -39.4640237999999, -6.343241 ], [ -39.4638303999999, -6.34360729999997 ], [ -39.4637015, -6.34393769999997 ], [ -39.463400299999897, -6.34416059999995 ], [ -39.4633787, -6.34411039999998 ], [ -39.463369199999903, -6.34407459999994 ], [ -39.4633499, -6.34400269999998 ], [ -39.463199, -6.34378019999997 ], [ -39.4630771, -6.34383059999993 ], [ -39.462948099999899, -6.34402459999995 ], [ -39.4628405999999, -6.34429029999995 ], [ -39.4626474, -6.34494389999998 ], [ -39.462597899999899, -6.34576249999998 ], [ -39.4627272, -6.34584849999993 ], [ -39.4629712, -6.34586269999994 ], [ -39.4633014, -6.34586959999996 ], [ -39.463459199999903, -6.34582639999996 ], [ -39.4636242999999, -6.34582619999998 ], [ -39.463767899999901, -6.34589789999995 ], [ -39.4638684, -6.34598389999996 ], [ -39.4638973, -6.34613469999994 ], [ -39.4639405, -6.34636439999997 ], [ -39.463991, -6.346587 ], [ -39.464120299999898, -6.34676639999998 ], [ -39.4641779, -6.34701759999996 ], [ -39.4642355, -6.34721859999996 ], [ -39.464328899999899, -6.34731909999994 ], [ -39.4644223, -6.34742669999997 ], [ -39.4645864, -6.34764809999996 ], [ -39.4646882, -6.34778539999996 ], [ -39.464702799999898, -6.348087 ], [ -39.4647603, -6.34823059999997 ], [ -39.4647461, -6.34839569999997 ], [ -39.4646716, -6.34841589999996 ], [ -39.4645596, -6.34844609999993 ], [ -39.464215099999898, -6.34841049999994 ], [ -39.4640213, -6.348461 ], [ -39.4639425, -6.34854 ], [ -39.463892499999901, -6.34878419999995 ], [ -39.4642089, -6.34951629999995 ], [ -39.464330399999902, -6.34964609999997 ], [ -39.4644172, -6.34973869999993 ], [ -39.4646832, -6.35019079999995 ], [ -39.464755, -6.35031279999993 ], [ -39.464769499999903, -6.35040609999993 ], [ -39.4647481, -6.35054259999993 ], [ -39.464439599999899, -6.35064339999997 ], [ -39.4637739, -6.35080159999995 ], [ -39.4634996, -6.35086679999995 ], [ -39.4629472, -6.35108989999998 ], [ -39.462796599999898, -6.35129109999997 ], [ -39.462718, -6.35160709999997 ], [ -39.4628259, -6.35185109999998 ], [ -39.4630916999999, -6.35218829999997 ], [ -39.4639471, -6.35369539999994 ], [ -39.4641215, -6.35419159999998 ], [ -39.4641414, -6.35424809999995 ], [ -39.4640497, -6.35613659999996 ], [ -39.4642365, -6.35631589999997 ], [ -39.464638799999904, -6.35671769999993 ], [ -39.4649333999999, -6.35713389999995 ], [ -39.4651489, -6.35732749999994 ], [ -39.4653068, -6.35737049999994 ], [ -39.4655508, -6.35737739999996 ], [ -39.4659239, -6.35726939999995 ], [ -39.4661103, -6.35700359999993 ], [ -39.4663899, -6.35670169999997 ], [ -39.4666266, -6.35653639999992 ], [ -39.466806, -6.35653379999997 ], [ -39.4670930999999, -6.35649769999998 ], [ -39.4672844, -6.35649749999993 ], [ -39.4677748, -6.35648509999993 ], [ -39.4680261, -6.35660449999995 ], [ -39.468516899999898, -6.35701089999998 ], [ -39.468612999999898, -6.35738179999993 ], [ -39.4686495, -6.35811179999996 ], [ -39.4686619, -6.35862639999993 ], [ -39.4688295999999, -6.35891339999995 ], [ -39.4690692, -6.35928419999993 ], [ -39.4693445999999, -6.359619 ], [ -39.469416599999903, -6.35987019999993 ], [ -39.4695366, -6.36024109999994 ], [ -39.4697045, -6.36074359999998 ], [ -39.469836299999898, -6.36097079999996 ], [ -39.4705306, -6.36153259999998 ], [ -39.4709022, -6.36245379999997 ], [ -39.4710946, -6.36356649999993 ], [ -39.471094999999899, -6.36397339999996 ], [ -39.4710474, -6.36429659999993 ], [ -39.4707847, -6.36481139999995 ], [ -39.470565, -6.36541719999997 ], [ -39.470708199999898, -6.36584949999997 ], [ -39.4708649, -6.36612339999994 ], [ -39.471775599999901, -6.36725609999996 ], [ -39.4732116, -6.37435939999995 ], [ -39.472793399999901, -6.37485009999995 ], [ -39.470902, -6.375858 ], [ -39.4697535, -6.37560769999993 ], [ -39.468963899999899, -6.37548879999997 ], [ -39.4682579, -6.37523809999993 ], [ -39.467683899999898, -6.37540619999993 ], [ -39.4668232, -6.37604119999997 ], [ -39.465450299999901, -6.37769809999998 ], [ -39.4651488, -6.37769839999993 ], [ -39.4645628, -6.37714539999996 ], [ -39.464247, -6.37716 ], [ -39.4639247, -6.37748589999995 ], [ -39.463427, -6.37843229999993 ], [ -39.463542699999898, -6.37938 ], [ -39.463902, -6.379911 ], [ -39.464295299999897, -6.38029709999995 ], [ -39.4642666, -6.38058379999995 ], [ -39.463958799999901, -6.38115579999993 ], [ -39.463563, -6.38146829999994 ], [ -39.4622965, -6.38233939999998 ], [ -39.46145, -6.382814 ], [ -39.4605751, -6.38357589999993 ], [ -39.4592843, -6.38486949999998 ], [ -39.4578354, -6.38586159999994 ], [ -39.457347599999899, -6.38613489999994 ], [ -39.456167299999898, -6.38735669999994 ], [ -39.455509999999897, -6.38795569999996 ], [ -39.4543638, -6.38896109999996 ], [ -39.4537548, -6.38949979999995 ], [ -39.4533264, -6.38969019999996 ], [ -39.452501799999901, -6.38978049999997 ], [ -39.4518411, -6.39015459999996 ], [ -39.4513554, -6.39097919999995 ], [ -39.451271399999897, -6.39277639999995 ], [ -39.4508379, -6.39441229999994 ], [ -39.4502064, -6.39461389999997 ], [ -39.449747199999898, -6.39471479999997 ], [ -39.449267, -6.39457219999997 ], [ -39.448067799999897, -6.39485989999997 ], [ -39.446345199999897, -6.39481829999994 ], [ -39.444105799999903, -6.39471969999994 ], [ -39.443273, -6.39456249999995 ], [ -39.4420531, -6.39476449999995 ], [ -39.4417179, -6.39480669999995 ], [ -39.4415145, -6.39481289999998 ], [ -39.4412095, -6.394867 ], [ -39.441083999999897, -6.39493889999994 ], [ -39.4409823, -6.39496289999994 ], [ -39.4408807, -6.39501089999993 ], [ -39.440809, -6.39508269999993 ], [ -39.4407074, -6.39524439999997 ], [ -39.4406238, -6.39531619999997 ], [ -39.440539999999899, -6.39533429999994 ], [ -39.4404623, -6.39534629999997 ], [ -39.4403786, -6.39535229999996 ], [ -39.4403247, -6.39530449999995 ], [ -39.440264899999903, -6.39529259999995 ], [ -39.4402110999999, -6.39531659999994 ], [ -39.4401932, -6.39538239999996 ], [ -39.4401933, -6.39550209999993 ], [ -39.440193399999899, -6.39560379999995 ], [ -39.4400977, -6.39566969999993 ], [ -39.439840499999903, -6.395652 ], [ -39.439164499999897, -6.39546709999996 ], [ -39.4387518, -6.39552129999993 ], [ -39.438440899999897, -6.39561129999993 ], [ -39.438159799999902, -6.39567139999997 ], [ -39.4380642, -6.39571329999995 ], [ -39.4378968, -6.39581519999996 ], [ -39.4377593, -6.395923 ], [ -39.437567999999899, -6.39602489999993 ], [ -39.4374425, -6.39612669999997 ], [ -39.437334899999897, -6.39622849999995 ], [ -39.4372094, -6.39633039999995 ], [ -39.437084, -6.39658179999998 ], [ -39.4369644, -6.39669559999993 ], [ -39.4368449, -6.39682129999994 ], [ -39.436725399999901, -6.39695309999996 ], [ -39.4365581, -6.39714469999996 ], [ -39.436432599999897, -6.39721659999998 ], [ -39.4363309, -6.39727049999993 ], [ -39.4361635, -6.39732449999997 ], [ -39.4359780999999, -6.39734259999994 ], [ -39.435822599999902, -6.39734279999993 ], [ -39.4355595, -6.39746859999997 ], [ -39.4353682, -6.39758849999993 ], [ -39.435165, -6.39770229999993 ], [ -39.4345671, -6.398002 ], [ -39.4345253, -6.39807979999995 ], [ -39.434363899999902, -6.39818169999995 ], [ -39.434238299999897, -6.39821169999993 ], [ -39.4340708, -6.39820589999994 ], [ -39.4340169, -6.39814009999998 ], [ -39.433933099999898, -6.39804439999995 ], [ -39.4338374, -6.39798469999994 ], [ -39.433604, -6.39785919999997 ], [ -39.4334006, -6.39782349999996 ], [ -39.4331792999999, -6.39779969999995 ], [ -39.433053599999901, -6.397734 ], [ -39.43291, -6.39766829999996 ], [ -39.4327724, -6.39758469999992 ], [ -39.4325031, -6.39747119999993 ], [ -39.4324133, -6.39735159999998 ], [ -39.4322994999999, -6.39719609999997 ], [ -39.4322217, -6.39707059999995 ], [ -39.432149799999898, -6.39696289999995 ], [ -39.432071999999899, -6.39684329999994 ], [ -39.4318684, -6.39660409999993 ], [ -39.4318145, -6.39653239999996 ], [ -39.4317905, -6.39643069999994 ], [ -39.431819399999902, -6.39629539999993 ], [ -39.4315417, -6.39552029999993 ], [ -39.431254099999897, -6.394939 ], [ -39.4309739, -6.39450839999995 ], [ -39.4304351, -6.39391289999998 ], [ -39.429279, -6.39336819999994 ], [ -39.427886199999897, -6.39283079999996 ], [ -39.427369999999897, -6.39254739999996 ], [ -39.4259152, -6.39261919999996 ], [ -39.4251259, -6.39283419999992 ], [ -39.424748, -6.39282639999993 ], [ -39.424466799999898, -6.39273619999994 ], [ -39.423555599999901, -6.39196259999994 ], [ -39.4219356, -6.391441 ], [ -39.4196655, -6.39144289999996 ], [ -39.4177682, -6.39088359999994 ], [ -39.4168544999999, -6.39042719999998 ], [ -39.415554799999903, -6.39042829999994 ], [ -39.414817899999903, -6.39123759999995 ], [ -39.4148188, -6.39239789999993 ], [ -39.41482, -6.39383959999998 ], [ -39.414821199999899, -6.39542179999995 ], [ -39.4148226, -6.39717989999997 ], [ -39.4148236, -6.39830509999996 ], [ -39.414472799999899, -6.39897349999995 ], [ -39.4144734999999, -6.39985259999997 ], [ -39.414474299999902, -6.40087219999998 ], [ -39.4140891, -6.402279 ], [ -39.4140901, -6.40350969999997 ], [ -39.4136693, -6.40456489999997 ], [ -39.413446399999899, -6.40546189999998 ], [ -39.4133841, -6.40584919999998 ], [ -39.4131434, -6.406726 ], [ -39.413399, -6.40783269999997 ], [ -39.413100799999903, -6.40890989999997 ], [ -39.4129177, -6.40914459999993 ], [ -39.4125445, -6.40922149999994 ], [ -39.4118936, -6.40912629999997 ], [ -39.411482099999901, -6.40909789999995 ], [ -39.4113386, -6.40911709999995 ], [ -39.4110418, -6.40904079999996 ], [ -39.41086, -6.40902179999995 ], [ -39.4105537, -6.408955 ], [ -39.4102379, -6.40894569999995 ], [ -39.410036799999901, -6.40884049999994 ], [ -39.409778399999901, -6.40883119999995 ], [ -39.4093669, -6.40883149999996 ], [ -39.4090294, -6.40885839999993 ], [ -39.408763899999897, -6.40873619999996 ], [ -39.4083843, -6.40870919999998 ], [ -39.4078921, -6.40873089999997 ], [ -39.4077564, -6.41628879999996 ], [ -39.407511, -6.42995049999996 ], [ -39.407298399999902, -6.44178679999993 ], [ -39.4039481, -6.450278 ], [ -39.3981702, -6.46492169999993 ], [ -39.3983736, -6.46495739999995 ], [ -39.398528999999897, -6.46486159999995 ], [ -39.398828, -6.46464589999994 ], [ -39.3990788999999, -6.46427469999998 ], [ -39.3992807, -6.46390809999997 ], [ -39.3993776, -6.46368809999996 ], [ -39.399616599999902, -6.46340069999997 ], [ -39.3997482, -6.46330489999997 ], [ -39.3998677, -6.46316119999994 ], [ -39.4001031, -6.46245579999993 ], [ -39.4008478, -6.46197569999993 ], [ -39.401565499999897, -6.46184349999993 ], [ -39.4034277, -6.46288809999993 ], [ -39.4049428, -6.46340849999996 ], [ -39.4066086, -6.463905 ], [ -39.4073936, -6.46405749999997 ], [ -39.4079869, -6.46401869999994 ], [ -39.4094802, -6.46424729999995 ], [ -39.4102842, -6.464285 ], [ -39.4114711, -6.46434139999997 ], [ -39.4116025, -6.46405889999994 ], [ -39.411621599999897, -6.46400149999994 ], [ -39.4118895, -6.46384809999995 ], [ -39.4120808, -6.46377129999996 ], [ -39.412482699999899, -6.46369439999995 ], [ -39.4129422, -6.46371319999997 ], [ -39.4131528, -6.46375129999996 ], [ -39.413306, -6.46384689999996 ], [ -39.4133826999999, -6.46403829999997 ], [ -39.4135168, -6.46409569999997 ], [ -39.413689, -6.46409549999993 ], [ -39.4139379, -6.464057 ], [ -39.414397199999897, -6.46399919999993 ], [ -39.4146461, -6.463999 ], [ -39.4152204, -6.46401769999994 ], [ -39.4156414999999, -6.463979 ], [ -39.4161391, -6.46392119999996 ], [ -39.4165793, -6.46376769999995 ], [ -39.4168278, -6.46332709999996 ], [ -39.4171531, -6.46317359999995 ], [ -39.4173253, -6.463116 ], [ -39.417612399999904, -6.46311579999997 ], [ -39.4180335, -6.463058 ], [ -39.418129, -6.46284729999996 ], [ -39.418435299999899, -6.46282789999998 ], [ -39.4189522, -6.46284659999998 ], [ -39.4195455999999, -6.46288439999995 ], [ -39.419947599999901, -6.46284579999997 ], [ -39.4202155, -6.46274989999995 ], [ -39.420674899999902, -6.462692 ], [ -39.420962, -6.46276839999996 ], [ -39.421326, -6.463017 ], [ -39.4222455, -6.46391619999997 ], [ -39.4225714, -6.46439459999993 ], [ -39.4232226, -6.46485359999997 ], [ -39.424084299999897, -6.46523579999996 ], [ -39.424677899999899, -6.46548419999993 ], [ -39.425443899999898, -6.46580909999994 ], [ -39.4258015, -6.46606969999993 ], [ -39.4261526, -6.46632549999993 ], [ -39.426956899999901, -6.46668859999994 ], [ -39.428067199999902, -6.46680249999997 ], [ -39.4284885, -6.46695529999994 ], [ -39.4287758, -6.467204 ], [ -39.429197499999901, -6.46775889999998 ], [ -39.429446799999901, -6.46839059999996 ], [ -39.429811599999901, -6.46961569999996 ], [ -39.4304447, -6.47124269999995 ], [ -39.430808899999903, -6.47185509999997 ], [ -39.4315182, -6.47242269999998 ], [ -39.4317096, -6.47309889999997 ], [ -39.4317291999999, -6.47361579999995 ], [ -39.431519, -6.47401809999997 ], [ -39.431289499999899, -6.47430549999996 ], [ -39.4310601, -6.47465039999997 ], [ -39.4309456, -6.47507169999994 ], [ -39.430716399999902, -6.47562719999996 ], [ -39.430621099999897, -6.47614419999996 ], [ -39.4306025, -6.47679519999997 ], [ -39.430583899999903, -6.47738879999997 ], [ -39.4306897, -6.47778129999995 ], [ -39.430805099999901, -6.47840579999996 ], [ -39.4309274, -6.47880059999994 ], [ -39.4312505, -6.47911629999993 ], [ -39.4313804, -6.479705 ], [ -39.4315586, -6.48072939999997 ], [ -39.431460699999903, -6.48124149999995 ], [ -39.431789099999897, -6.48210279999995 ], [ -39.4321532, -6.48252369999994 ], [ -39.4326703999999, -6.48290619999995 ], [ -39.4337623, -6.48378609999997 ], [ -39.434586099999898, -6.484647 ], [ -39.4351607, -6.48499109999995 ], [ -39.4355245, -6.48504829999996 ], [ -39.435869, -6.48500969999998 ], [ -39.436003, -6.484933 ], [ -39.436385899999898, -6.48502839999998 ], [ -39.436884, -6.48539169999998 ], [ -39.437401099999903, -6.48573589999995 ], [ -39.4378224, -6.48590789999997 ], [ -39.4383013, -6.48621379999997 ], [ -39.4386843999999, -6.48648159999993 ], [ -39.4399288, -6.48665279999994 ], [ -39.4404074999999, -6.48680559999997 ], [ -39.4410013, -6.48716889999997 ], [ -39.441327, -6.48747489999994 ], [ -39.4415761, -6.48776189999995 ], [ -39.4417870999999, -6.48820209999997 ], [ -39.4418257, -6.48862329999997 ], [ -39.4418261, -6.48906369999997 ], [ -39.441864699999897, -6.48940829999998 ], [ -39.441865, -6.48981039999995 ], [ -39.4417887, -6.49004029999998 ], [ -39.441521, -6.49046169999997 ], [ -39.441349199999898, -6.490998 ], [ -39.441234699999903, -6.49143849999996 ], [ -39.4412159, -6.49185969999996 ], [ -39.441407899999902, -6.49241479999995 ], [ -39.441790899999901, -6.492606 ], [ -39.4421358, -6.49300779999993 ], [ -39.4425572, -6.49325629999993 ], [ -39.4430934, -6.49344729999996 ], [ -39.443610299999897, -6.49352339999996 ], [ -39.4442612, -6.49350369999996 ], [ -39.444912, -6.49344569999994 ], [ -39.4459265, -6.49334909999993 ], [ -39.446883699999901, -6.49334819999996 ], [ -39.4484917999999, -6.49344259999998 ], [ -39.4512103, -6.49359329999993 ], [ -39.4531246, -6.49357249999997 ], [ -39.454729299999897, -6.49385349999994 ], [ -39.4550161, -6.49401069999993 ], [ -39.455488499999902, -6.49432419999994 ], [ -39.4557113, -6.49460619999996 ], [ -39.4560265, -6.49514869999996 ], [ -39.456514, -6.49613419999997 ], [ -39.4567577, -6.49664869999998 ], [ -39.4575831, -6.49826 ], [ -39.4580136, -6.49921659999995 ], [ -39.4581681, -6.50007219999998 ], [ -39.4605099, -6.50698979999993 ], [ -39.4604155, -6.50847379999993 ], [ -39.4606749, -6.50895659999998 ], [ -39.461287899999903, -6.50939639999996 ], [ -39.461690299999901, -6.50981719999993 ], [ -39.4619395, -6.51012339999994 ], [ -39.4623225, -6.51025709999993 ], [ -39.4630882, -6.51023719999995 ], [ -39.4634631, -6.51014449999997 ], [ -39.4642175, -6.50998729999998 ], [ -39.464973799999903, -6.51024469999993 ], [ -39.4656919, -6.51036879999998 ], [ -39.466105899999903, -6.51053949999994 ], [ -39.4662668, -6.510981 ], [ -39.466726499999901, -6.51124869999995 ], [ -39.467435099999904, -6.51151609999994 ], [ -39.4682392, -6.51157279999995 ], [ -39.4686793, -6.51138089999995 ], [ -39.4693344, -6.51121559999996 ], [ -39.4696503, -6.51122969999994 ], [ -39.4700667, -6.51124369999997 ], [ -39.470382599999901, -6.51131519999996 ], [ -39.470712999999897, -6.51144409999995 ], [ -39.470885399999901, -6.51158759999993 ], [ -39.4709573, -6.51171669999997 ], [ -39.4711583, -6.51165909999997 ], [ -39.471474, -6.51154389999994 ], [ -39.471746799999899, -6.51145749999995 ], [ -39.471876, -6.511443 ], [ -39.472091299999903, -6.51144279999994 ], [ -39.4723499, -6.51155749999998 ], [ -39.4726514, -6.51157149999995 ], [ -39.472737499999901, -6.51154269999995 ], [ -39.472924099999901, -6.51147079999993 ], [ -39.47324, -6.51144169999998 ], [ -39.4734122999999, -6.51144159999996 ], [ -39.4738862, -6.51154169999995 ], [ -39.474101699999899, -6.51168509999997 ], [ -39.474360299999901, -6.51182839999996 ], [ -39.4746762, -6.51191429999994 ], [ -39.475279199999903, -6.51184189999998 ], [ -39.476513899999901, -6.511769 ], [ -39.4783512, -6.51116409999997 ], [ -39.480002199999902, -6.511062 ], [ -39.481452499999897, -6.51113239999995 ], [ -39.4819262, -6.51107449999995 ], [ -39.4823425, -6.51097359999994 ], [ -39.4828451, -6.51100189999994 ], [ -39.483204, -6.51094409999996 ], [ -39.4836346, -6.51081439999996 ], [ -39.483964699999902, -6.51072789999995 ], [ -39.4843092999999, -6.51068449999997 ], [ -39.4844815, -6.51061259999994 ], [ -39.484553199999901, -6.51056939999995 ], [ -39.484696799999902, -6.51051179999996 ], [ -39.484897799999899, -6.51051159999997 ], [ -39.4853716, -6.51051119999994 ], [ -39.4862474, -6.51043849999996 ], [ -39.487237799999903, -6.51012169999996 ], [ -39.4876254, -6.51004949999998 ], [ -39.487912499999901, -6.51004919999997 ], [ -39.488228499999899, -6.51014939999993 ], [ -39.4886306, -6.51026389999993 ], [ -39.4892194, -6.51042129999996 ], [ -39.4895354, -6.51052149999992 ], [ -39.4899523999999, -6.51109549999995 ], [ -39.4903115, -6.51131059999994 ], [ -39.4905271, -6.51149709999993 ], [ -39.4910442, -6.511755 ], [ -39.491345899999899, -6.51191269999993 ], [ -39.4917192999999, -6.51208469999995 ], [ -39.492308, -6.51208409999998 ], [ -39.4924229, -6.51214139999996 ], [ -39.4925666, -6.51224179999997 ], [ -39.492667299999901, -6.512414 ], [ -39.4930270999999, -6.51331839999995 ], [ -39.4931424, -6.51374909999993 ], [ -39.493243199999903, -6.51405049999994 ], [ -39.493501799999898, -6.51422259999993 ], [ -39.4937461, -6.51438029999997 ], [ -39.4938612, -6.51465309999998 ], [ -39.494075699999897, -6.51646419999997 ], [ -39.4945074, -6.51749289999998 ], [ -39.4950104, -6.51797109999995 ], [ -39.4955851, -6.51832949999994 ], [ -39.4960641, -6.51873589999997 ], [ -39.4962748, -6.51881229999998 ], [ -39.4965238, -6.51895569999994 ], [ -39.496868499999898, -6.51907979999993 ], [ -39.4973568, -6.51917509999993 ], [ -39.4978737, -6.51926069999996 ], [ -39.4983812, -6.51938469999993 ], [ -39.4988888, -6.51971439999994 ], [ -39.4991474, -6.51983859999996 ], [ -39.499434699999902, -6.51993409999994 ], [ -39.499741099999902, -6.52003909999996 ], [ -39.5000474, -6.52004839999995 ], [ -39.500392, -6.52008629999995 ], [ -39.5008516, -6.52018159999994 ], [ -39.501339899999898, -6.52035339999998 ], [ -39.501598499999901, -6.52047759999994 ], [ -39.5016848, -6.52057329999997 ], [ -39.502063, -6.52072029999994 ], [ -39.502886799999899, -6.52126619999996 ], [ -39.5041315, -6.5216 ], [ -39.5052087, -6.521989 ], [ -39.5056395, -6.522046 ], [ -39.506346999999899, -6.522099 ], [ -39.5089039, -6.52306339999996 ], [ -39.5118421, -6.52521559999997 ], [ -39.5128601, -6.52718619999996 ], [ -39.5133936, -6.52821909999994 ], [ -39.5172587, -6.53483619999997 ], [ -39.5173778, -6.53631959999996 ], [ -39.5168197, -6.53810489999995 ], [ -39.5166095, -6.53968579999997 ], [ -39.5170952, -6.54122539999997 ], [ -39.5181866, -6.54218219999996 ], [ -39.524022, -6.54547529999996 ], [ -39.5266531, -6.547521 ], [ -39.5280561, -6.54921709999996 ], [ -39.5325659, -6.55177289999995 ], [ -39.536262599999901, -6.55764959999993 ], [ -39.537516799999899, -6.55899869999996 ], [ -39.538849, -6.55972459999998 ], [ -39.545790899999901, -6.56272229999996 ], [ -39.5489272, -6.56379589999995 ], [ -39.5525425, -6.56515619999993 ], [ -39.55994, -6.56734979999993 ], [ -39.5625261, -6.56856749999997 ], [ -39.5667645999999, -6.57078859999996 ], [ -39.569057299999898, -6.57175689999997 ], [ -39.5690754, -6.57176449999997 ], [ -39.574115, -6.57350859999997 ], [ -39.5756716, -6.57429659999997 ], [ -39.5780902, -6.57551439999997 ], [ -39.5801971, -6.57630179999995 ], [ -39.5821129, -6.57725689999995 ], [ -39.5838474, -6.57802249999997 ], [ -39.584744199999903, -6.57758819999998 ], [ -39.5845184, -6.57628229999995 ], [ -39.5837308, -6.574977 ], [ -39.5845259, -6.57366409999997 ], [ -39.5863924, -6.57349439999996 ], [ -39.5899595, -6.57444749999996 ], [ -39.591157, -6.57516409999994 ], [ -39.593384399999898, -6.57662139999996 ], [ -39.596161499999901, -6.57736 ], [ -39.5986043999999, -6.57879309999993 ], [ -39.5990841, -6.57972589999997 ], [ -39.599449299999897, -6.58154649999994 ], [ -39.5998781, -6.58319529999994 ], [ -39.6028236, -6.58596109999996 ], [ -39.6073271, -6.58804479999998 ], [ -39.6102245, -6.58926179999997 ], [ -39.6124040999999, -6.59057549999994 ], [ -39.614798999999898, -6.59191279999993 ], [ -39.6175049, -6.59303429999994 ], [ -39.622779299999898, -6.59520559999993 ], [ -39.626466299999898, -6.59778889999995 ], [ -39.6278526, -6.59984229999998 ], [ -39.6296975, -6.60137169999996 ], [ -39.6336395, -6.60345059999997 ], [ -39.636606099999902, -6.60523959999995 ], [ -39.639076, -6.60620249999994 ], [ -39.6441025, -6.60876409999997 ], [ -39.6469332, -6.610328 ], [ -39.6488275, -6.61109169999997 ], [ -39.6546286, -6.61366509999993 ], [ -39.6584837999999, -6.61507209999996 ], [ -39.660925899999903, -6.61546229999993 ], [ -39.6647804999999, -6.61652359999994 ], [ -39.6697854, -6.61847939999996 ], [ -39.673642, -6.62081959999995 ], [ -39.677766899999902, -6.62284219999998 ], [ -39.6778836, -6.62284659999995 ], [ -39.6802159, -6.62293649999998 ], [ -39.6829329, -6.62130009999993 ], [ -39.6858571, -6.61971489999996 ], [ -39.6887503, -6.61922569999996 ], [ -39.6923556, -6.618616 ], [ -39.6954919, -6.61925779999996 ], [ -39.6970239, -6.61944709999995 ], [ -39.699130099999898, -6.61939629999995 ], [ -39.7004472, -6.61994489999995 ], [ -39.710791, -6.62287389999995 ], [ -39.7118814, -6.62192769999996 ], [ -39.7146994, -6.62208139999996 ], [ -39.716956599999897, -6.62285509999998 ], [ -39.7180729, -6.62305649999996 ], [ -39.720998, -6.62397989999994 ], [ -39.7216025, -6.62418609999997 ], [ -39.7294783, -6.62803789999998 ], [ -39.7307605, -6.62844239999993 ], [ -39.732061799999897, -6.62862389999998 ], [ -39.737406899999897, -6.63320389999996 ], [ -39.7377941, -6.63283 ], [ -39.7381233999999, -6.63214029999995 ], [ -39.738251799999901, -6.63156569999995 ], [ -39.7380845, -6.63100739999993 ], [ -39.7380601, -6.63052909999993 ], [ -39.7382028, -6.62993059999997 ], [ -39.7381187, -6.62967939999993 ], [ -39.7381541, -6.62933239999995 ], [ -39.7382301, -6.62903349999993 ], [ -39.7380118, -6.62759929999993 ], [ -39.7376351999999, -6.62681379999998 ], [ -39.7372882, -6.62648319999994 ], [ -39.7371439, -6.62618039999995 ], [ -39.7370162, -6.62511749999993 ], [ -39.736469699999901, -6.62470869999993 ], [ -39.7362401, -6.62478949999996 ], [ -39.736201999999899, -6.62492359999993 ], [ -39.7359916, -6.62503879999997 ], [ -39.7358958, -6.62505809999993 ], [ -39.7355702999999, -6.62505859999993 ], [ -39.7354554, -6.62500129999995 ], [ -39.735359399999901, -6.62482909999994 ], [ -39.7353208, -6.62461859999996 ], [ -39.7353206, -6.62448459999996 ], [ -39.735301, -6.62419739999996 ], [ -39.7353007, -6.62396759999996 ], [ -39.7353004, -6.62377619999995 ], [ -39.7353001, -6.62356559999995 ], [ -39.734993599999903, -6.62348939999993 ], [ -39.7346681, -6.62350909999998 ], [ -39.7343809, -6.62350949999995 ], [ -39.7341316, -6.62322269999993 ], [ -39.734131299999902, -6.62303119999996 ], [ -39.734284199999898, -6.62285869999994 ], [ -39.7345329, -6.62270509999996 ], [ -39.734762499999903, -6.62262819999995 ], [ -39.7350304, -6.62245549999994 ], [ -39.735145, -6.62230219999998 ], [ -39.7352212, -6.622034 ], [ -39.735220899999902, -6.62180429999995 ], [ -39.7351055, -6.62149809999994 ], [ -39.7347412, -6.621154 ], [ -39.7343387, -6.62084829999998 ], [ -39.734223299999897, -6.62048459999994 ], [ -39.734203299999898, -6.61994859999993 ], [ -39.7342027, -6.61956569999995 ], [ -39.734278699999898, -6.61914429999996 ], [ -39.7345463, -6.61883759999995 ], [ -39.7344692, -6.61845479999994 ], [ -39.7344686, -6.61807189999996 ], [ -39.7345063, -6.61765059999993 ], [ -39.734543899999899, -6.61722929999996 ], [ -39.7346774, -6.61686539999994 ], [ -39.7349067, -6.61652039999996 ], [ -39.7350400999999, -6.616099 ], [ -39.735135, -6.61554359999997 ], [ -39.735421599999903, -6.61510279999993 ], [ -39.735670099999901, -6.61481529999998 ], [ -39.735861199999903, -6.61456609999993 ], [ -39.735975499999903, -6.61420209999994 ], [ -39.736147199999898, -6.61379979999998 ], [ -39.7364147, -6.61337819999994 ], [ -39.7365563, -6.61272489999993 ], [ -39.7192633, -6.61671459999997 ], [ -39.719888399999903, -6.61560649999996 ], [ -39.7201165, -6.61509659999996 ], [ -39.720130299999902, -6.61470879999996 ], [ -39.720331, -6.61447879999997 ], [ -39.720517099999903, -6.61410519999993 ], [ -39.720688799999898, -6.61365979999994 ], [ -39.7210474, -6.61341509999994 ], [ -39.7214208, -6.61342889999997 ], [ -39.7218228999999, -6.61344269999995 ], [ -39.7222538, -6.61349949999993 ], [ -39.722929, -6.61367089999993 ], [ -39.723661799999903, -6.61397139999997 ], [ -39.7242077, -6.61412849999994 ], [ -39.724365599999899, -6.61407079999998 ], [ -39.7248246999999, -6.61376859999996 ], [ -39.724910599999902, -6.61356749999993 ], [ -39.7250685, -6.61355289999995 ], [ -39.7252983999999, -6.61361 ], [ -39.7255139, -6.61368149999993 ], [ -39.725830099999897, -6.61386769999996 ], [ -39.7262756, -6.61413989999994 ], [ -39.7265343, -6.61422559999994 ], [ -39.7268071, -6.61423959999996 ], [ -39.7270369, -6.61422489999995 ], [ -39.727136899999898, -6.61386579999993 ], [ -39.7271363, -6.61349239999993 ], [ -39.727121699999898, -6.61334879999993 ], [ -39.727663, -6.61259459999997 ], [ -39.7280714, -6.61249439999995 ], [ -39.7287645, -6.61182319999995 ], [ -39.7292657, -6.61091309999995 ], [ -39.729312499999899, -6.61014709999995 ], [ -39.7295753, -6.60985959999994 ], [ -39.7299818, -6.60959569999994 ], [ -39.7303401, -6.60911649999997 ], [ -39.7304113, -6.60868559999994 ], [ -39.730517099999901, -6.60845939999996 ], [ -39.731031899999898, -6.60755989999996 ], [ -39.731412599999899, -6.607082 ], [ -39.7320336, -6.60624339999993 ], [ -39.7326222, -6.60509249999996 ], [ -39.732937299999897, -6.60450809999998 ], [ -39.733239399999903, -6.60427919999995 ], [ -39.7333384, -6.60385649999995 ], [ -39.7332622, -6.60353719999995 ], [ -39.7331172, -6.60318669999998 ], [ -39.7330332, -6.60281939999993 ], [ -39.7331745, -6.602464 ], [ -39.7334039, -6.60224109999996 ], [ -39.733374599999898, -6.60181749999998 ], [ -39.733245, -6.60158789999997 ], [ -39.7328931, -6.60152379999994 ], [ -39.7327422, -6.60145939999995 ], [ -39.7326767, -6.60131689999997 ], [ -39.732619, -6.60114469999996 ], [ -39.7326092, -6.60097239999993 ], [ -39.7327845, -6.600885 ], [ -39.732829099999897, -6.600795 ], [ -39.7329247, -6.60067039999996 ], [ -39.733057899999899, -6.60056029999993 ], [ -39.7333833, -6.60052149999996 ], [ -39.7334228, -6.60042449999997 ], [ -39.7334658, -6.60034549999995 ], [ -39.7335176, -6.60025309999997 ], [ -39.733642099999898, -6.60027209999993 ], [ -39.7340447999999, -6.600731 ], [ -39.7341695, -6.60090309999993 ], [ -39.734313299999897, -6.60101779999997 ], [ -39.7345336, -6.60110359999993 ], [ -39.734754, -6.601199 ], [ -39.7349838, -6.601237 ], [ -39.7352423, -6.60126529999997 ], [ -39.7354434, -6.60130329999993 ], [ -39.7357789, -6.60158039999993 ], [ -39.7359225, -6.60160889999997 ], [ -39.736382499999898, -6.60191459999993 ], [ -39.7366506, -6.60200029999993 ], [ -39.737182699999899, -6.60219309999997 ], [ -39.7374553, -6.60236289999995 ], [ -39.737608599999902, -6.60242969999996 ], [ -39.7380588, -6.60260139999997 ], [ -39.7384802, -6.60274429999993 ], [ -39.7388634, -6.60290649999996 ], [ -39.739103, -6.60304979999995 ], [ -39.7392753, -6.60306859999997 ], [ -39.7394285, -6.60308759999998 ], [ -39.7395243, -6.60311609999997 ], [ -39.7396391999999, -6.60312549999998 ], [ -39.739687199999899, -6.60320209999998 ], [ -39.7397736, -6.60336469999993 ], [ -39.740080099999901, -6.60350779999993 ], [ -39.7406935, -6.60395679999993 ], [ -39.7416036, -6.60436709999993 ], [ -39.741961499999903, -6.60472589999995 ], [ -39.7423562, -6.60498409999997 ], [ -39.743122399999898, -6.60521269999998 ], [ -39.743620399999898, -6.605346 ], [ -39.7444194999999, -6.60559849999993 ], [ -39.7445958, -6.60588929999994 ], [ -39.7449361, -6.60645079999995 ], [ -39.744790599999902, -6.60685679999995 ], [ -39.7451171, -6.60750729999995 ], [ -39.7461517, -6.60796519999997 ], [ -39.7474356, -6.60863339999997 ], [ -39.747684499999899, -6.60867129999997 ], [ -39.7485278, -6.60920609999994 ], [ -39.748816, -6.609895 ], [ -39.749295199999899, -6.61021969999996 ], [ -39.7498892, -6.61056349999996 ], [ -39.750215, -6.61073529999993 ], [ -39.7505216, -6.610888 ], [ -39.750885299999901, -6.61086829999994 ], [ -39.7509042, -6.61065769999993 ], [ -39.7512293999999, -6.61048479999994 ], [ -39.7516507, -6.61054159999998 ], [ -39.752149, -6.61084719999997 ], [ -39.7524177, -6.61124889999996 ], [ -39.752647599999896, -6.61138259999996 ], [ -39.7529733, -6.611497 ], [ -39.7530313, -6.61186059999994 ], [ -39.7531658, -6.61220509999993 ], [ -39.7533958, -6.61235789999995 ], [ -39.753683, -6.61235739999995 ], [ -39.7538172, -6.61247209999993 ], [ -39.7538559, -6.61274009999994 ], [ -39.7540284, -6.61285469999996 ], [ -39.7542199, -6.61285439999995 ], [ -39.7545067, -6.612586 ], [ -39.754640799999898, -6.61260489999995 ], [ -39.7546793, -6.61277709999996 ], [ -39.7546988, -6.61300689999996 ], [ -39.754967, -6.61306389999993 ], [ -39.7551966999999, -6.61302529999995 ], [ -39.7554072, -6.61298669999996 ], [ -39.7558476, -6.61302429999995 ], [ -39.756058499999902, -6.613158 ], [ -39.756154599999903, -6.61342589999992 ], [ -39.756633899999898, -6.61382719999995 ], [ -39.757553899999898, -6.61445759999998 ], [ -39.7589965, -6.61580939999993 ], [ -39.7602577, -6.61711479999997 ], [ -39.7608329, -6.61764759999994 ], [ -39.761444099999899, -6.61818519999997 ], [ -39.761729, -6.618409 ], [ -39.7623232, -6.61883889999996 ], [ -39.7628817, -6.61925989999997 ], [ -39.763743599999898, -6.61940219999997 ], [ -39.7646773, -6.61958019999997 ], [ -39.765252, -6.61979469999994 ], [ -39.765791, -6.62008109999994 ], [ -39.7666894, -6.62065409999997 ], [ -39.7675869, -6.62068859999994 ], [ -39.7679821, -6.62083159999997 ], [ -39.768629299999901, -6.62147679999993 ], [ -39.768773199999899, -6.621656 ], [ -39.769348299999898, -6.62212179999995 ], [ -39.7700667, -6.62233609999993 ], [ -39.770713699999902, -6.62287359999993 ], [ -39.770984199999901, -6.62303769999994 ], [ -39.7711568, -6.62319059999993 ], [ -39.7715782, -6.62332389999995 ], [ -39.771935299999903, -6.623482 ], [ -39.7724026, -6.62384019999996 ], [ -39.7727619, -6.62401919999996 ], [ -39.772941699999897, -6.62423429999996 ], [ -39.7732291, -6.62434149999996 ], [ -39.773587899999903, -6.62423329999996 ], [ -39.7745143, -6.62433049999993 ], [ -39.7761593, -6.62044679999997 ] ] ] ] } },
{ "type": "Feature", "properties": { "CD_MUN": "2305704", "NM_MUN": "Ipaumirim", "CD_RGI": "230010", "NM_RGI": "Icó", "CD_RGINT": "2303", "NM_RGINT": "Iguatu", "CD_UF": "23", "NM_UF": "Ceará", "SIGLA_UF": "CE", "CD_REGIAO": "2", "NM_REGIAO": "Nordeste", "SIGLA_RG": "NE", "CD_CONCURB": null, "NM_CONCURB": null, "AREA_KM2": 276.508 }, "geometry": { "type": "MultiPolygon", "coordinates": [ [ [ [ -38.7286197, -6.88739159999994 ], [ -38.7286578, -6.88737569999995 ], [ -38.729737499999899, -6.88727359999996 ], [ -38.7324201, -6.88922829999996 ], [ -38.732421, -6.89038879999993 ], [ -38.731439599999902, -6.892823 ], [ -38.729841599999901, -6.89457119999997 ], [ -38.7296828, -6.895577 ], [ -38.730288599999902, -6.89681349999995 ], [ -38.735109099999903, -6.89758989999996 ], [ -38.7385105, -6.89910469999995 ], [ -38.741150699999899, -6.89878679999993 ], [ -38.7424743999999, -6.89972349999994 ], [ -38.7442043, -6.89994559999997 ], [ -38.7479496, -6.90201379999996 ], [ -38.751357599999899, -6.90178079999993 ], [ -38.756279199999902, -6.90359169999994 ], [ -38.758463999999897, -6.90582139999998 ], [ -38.7641632, -6.90926459999997 ], [ -38.764971199999898, -6.91053339999996 ], [ -38.7650279, -6.91048809999995 ], [ -38.766508799999897, -6.909304 ], [ -38.768216799999898, -6.90755 ], [ -38.775003, -6.90573319999993 ], [ -38.7768525, -6.90735869999997 ], [ -38.7786475999999, -6.90724829999994 ], [ -38.7842289, -6.90548049999995 ], [ -38.784680799999897, -6.90495879999997 ], [ -38.7840428, -6.90080009999997 ], [ -38.783203, -6.89670529999995 ], [ -38.7851324, -6.895145 ], [ -38.7861419, -6.89469319999995 ], [ -38.785476, -6.89189129999994 ], [ -38.7850629, -6.89074859999994 ], [ -38.783727999999897, -6.88835629999994 ], [ -38.7782662, -6.88638809999998 ], [ -38.7757589, -6.88457139999997 ], [ -38.7744311, -6.87971119999997 ], [ -38.773592999999899, -6.87664339999998 ], [ -38.7744006, -6.87233419999995 ], [ -38.7741381, -6.87044889999993 ], [ -38.7741879, -6.86844979999995 ], [ -38.774627, -6.86820669999997 ], [ -38.7773111, -6.86723279999995 ], [ -38.779458, -6.86740749999996 ], [ -38.783886299999899, -6.86446139999993 ], [ -38.7859804, -6.86314079999994 ], [ -38.794317299999904, -6.86335609999998 ], [ -38.809743099999899, -6.864629 ], [ -38.812885999999899, -6.86486619999994 ], [ -38.8134148, -6.86446829999994 ], [ -38.8162184, -6.86338489999997 ], [ -38.8172021, -6.861378 ], [ -38.818793399999898, -6.85748359999997 ], [ -38.8196712, -6.85672989999995 ], [ -38.8227588, -6.85695379999993 ], [ -38.8294566, -6.85743949999994 ], [ -38.8344931, -6.85741739999997 ], [ -38.8396142, -6.85848519999996 ], [ -38.843303299999903, -6.85981369999996 ], [ -38.844728, -6.85997009999994 ], [ -38.847510199999903, -6.86024829999997 ], [ -38.856010399999903, -6.859032 ], [ -38.835464499999901, -6.84762359999996 ], [ -38.834449, -6.84815939999993 ], [ -38.833011999999897, -6.84858009999994 ], [ -38.8315751, -6.84884769999996 ], [ -38.8298513, -6.84881059999998 ], [ -38.8282801, -6.84844439999995 ], [ -38.8265368, -6.84830979999998 ], [ -38.8235663, -6.84867549999996 ], [ -38.8137707, -6.847081 ], [ -38.811025099999902, -6.84663509999996 ], [ -38.810873899999898, -6.84657709999993 ], [ -38.8097658, -6.84493669999995 ], [ -38.809593499999899, -6.83895079999996 ], [ -38.8111757, -6.83419049999998 ], [ -38.812425699999899, -6.83142389999995 ], [ -38.8135394, -6.83028449999995 ], [ -38.8153404, -6.82579379999993 ], [ -38.813593099999899, -6.82017109999992 ], [ -38.8153442, -6.81094759999996 ], [ -38.8176247, -6.80911209999994 ], [ -38.8185973, -6.807296 ], [ -38.8172925, -6.80425879999996 ], [ -38.816848799999903, -6.80022949999994 ], [ -38.8177607, -6.79870379999994 ], [ -38.8201481, -6.79130679999997 ], [ -38.8206484, -6.78845549999994 ], [ -38.821088099999898, -6.78451369999993 ], [ -38.82109, -6.783441 ], [ -38.821073399999896, -6.78297139999995 ], [ -38.821359099999903, -6.78178109999993 ], [ -38.8218107, -6.78122109999993 ], [ -38.8221647, -6.78015479999993 ], [ -38.8223833, -6.77894759999998 ], [ -38.8222502, -6.77779029999994 ], [ -38.795647899999899, -6.76884589999997 ], [ -38.8288832, -6.74466229999996 ], [ -38.827442, -6.73868959999993 ], [ -38.827982, -6.73653139999993 ], [ -38.8303137999999, -6.73416219999996 ], [ -38.8375788, -6.72757069999994 ], [ -38.839105, -6.72629489999997 ], [ -38.841861299999898, -6.72485649999993 ], [ -38.8420034, -6.72486409999993 ], [ -38.8446855, -6.72412679999996 ], [ -38.8469195, -6.72173749999996 ], [ -38.8479402, -6.71867569999995 ], [ -38.848133699999899, -6.71624779999996 ], [ -38.8465922, -6.70921039999996 ], [ -38.846313199999898, -6.70917739999993 ], [ -38.8460062, -6.70913239999993 ], [ -38.8449712, -6.70875739999997 ], [ -38.8444579, -6.70856679999997 ], [ -38.844083199999901, -6.70842039999997 ], [ -38.8438872, -6.70835339999996 ], [ -38.8436692, -6.70831639999994 ], [ -38.843383199999899, -6.70832639999998 ], [ -38.8430774999999, -6.70837689999996 ], [ -38.842573, -6.70847789999993 ], [ -38.8417742, -6.70864639999996 ], [ -38.8390572, -6.70922439999993 ], [ -38.8376858, -6.70950449999998 ], [ -38.836916099999897, -6.70966529999993 ], [ -38.8365352, -6.70974639999997 ], [ -38.836230199999903, -6.70984739999994 ], [ -38.835931699999897, -6.70998119999996 ], [ -38.8357432, -6.71006639999996 ], [ -38.835301399999899, -6.71030609999997 ], [ -38.835098199999898, -6.71041639999993 ], [ -38.8348101999999, -6.71056369999997 ], [ -38.8345818, -6.71068049999997 ], [ -38.8343732, -6.71078719999997 ], [ -38.834086899999903, -6.71093369999994 ], [ -38.833680899999898, -6.71114469999998 ], [ -38.833149799999902, -6.71143159999997 ], [ -38.8326652, -6.71169339999994 ], [ -38.8318401, -6.71212059999993 ], [ -38.831125299999897, -6.71249179999995 ], [ -38.830340799999902, -6.71290219999997 ], [ -38.828906199999899, -6.71367339999995 ], [ -38.828107499999902, -6.71410119999996 ], [ -38.8275302, -6.71441939999994 ], [ -38.827217, -6.71458229999996 ], [ -38.8269746, -6.71470839999995 ], [ -38.8263047, -6.71505479999996 ], [ -38.825662, -6.71538379999993 ], [ -38.825367, -6.71553489999997 ], [ -38.825194199999899, -6.71562339999997 ], [ -38.825021999999898, -6.715719 ], [ -38.824788399999903, -6.71584869999998 ], [ -38.824487799999901, -6.71601569999996 ], [ -38.8241489, -6.71620039999993 ], [ -38.823858399999899, -6.71634479999994 ], [ -38.8235708, -6.71648779999992 ], [ -38.8233102, -6.71661739999996 ], [ -38.823078199999898, -6.71674539999998 ], [ -38.8229552, -6.71681239999998 ], [ -38.8227717, -6.71688689999996 ], [ -38.8225638, -6.71696229999998 ], [ -38.822196899999902, -6.71707389999995 ], [ -38.8215693, -6.71726589999997 ], [ -38.8211152, -6.71740289999997 ], [ -38.8205672, -6.71756789999995 ], [ -38.8182077, -6.71826289999996 ], [ -38.816910199999903, -6.71865139999994 ], [ -38.815329399999897, -6.71914409999994 ], [ -38.8148346, -6.71930549999996 ], [ -38.8143704, -6.71943839999994 ], [ -38.813400199999897, -6.71970819999996 ], [ -38.8126634, -6.71993809999998 ], [ -38.8121426, -6.72010649999993 ], [ -38.8118564, -6.72019949999998 ], [ -38.811359799999899, -6.72035759999994 ], [ -38.811186899999903, -6.72040769999995 ], [ -38.8108877, -6.72049439999995 ], [ -38.8106177, -6.72057259999997 ], [ -38.8103563, -6.72064839999996 ], [ -38.8100944, -6.72073019999993 ], [ -38.8096318999999, -6.72088679999996 ], [ -38.8091578, -6.72103979999997 ], [ -38.8085614, -6.72122079999997 ], [ -38.8081718, -6.72133689999993 ], [ -38.8080337, -6.72138159999997 ], [ -38.807772199999903, -6.72147439999998 ], [ -38.807683499999897, -6.721513 ], [ -38.8075911, -6.72155329999993 ], [ -38.8075312, -6.72157939999994 ], [ -38.807392799999903, -6.72165919999998 ], [ -38.8071792, -6.72178239999994 ], [ -38.807047699999899, -6.72188529999994 ], [ -38.806187599999902, -6.72256179999994 ], [ -38.8056908, -6.72296449999993 ], [ -38.8054597, -6.72316049999995 ], [ -38.8052162, -6.72335639999994 ], [ -38.805131699999897, -6.72341339999997 ], [ -38.805008299999898, -6.72349069999996 ], [ -38.8048868999999, -6.723563 ], [ -38.8046457, -6.72369809999998 ], [ -38.804407599999898, -6.72381959999996 ], [ -38.8041276, -6.72395279999995 ], [ -38.8038662, -6.72403039999995 ], [ -38.803583199999899, -6.72410939999997 ], [ -38.803404199999903, -6.72414019999997 ], [ -38.8032522, -6.72416639999994 ], [ -38.8030858, -6.724186 ], [ -38.8028191, -6.72421749999995 ], [ -38.8024945, -6.72425589999995 ], [ -38.8014828, -6.72436859999993 ], [ -38.8001444, -6.72451059999997 ], [ -38.7991579, -6.72461639999995 ], [ -38.7976922, -6.72477639999994 ], [ -38.797299199999898, -6.72475539999994 ], [ -38.797054199999899, -6.72472239999996 ], [ -38.7967032, -6.72462 ], [ -38.7964712, -6.72453339999993 ], [ -38.7961649, -6.72437049999996 ], [ -38.7960952, -6.72433339999998 ], [ -38.7959233999999, -6.72419609999997 ], [ -38.7957302, -6.72403139999994 ], [ -38.795520199999899, -6.72384639999996 ], [ -38.795387199999901, -6.72366139999997 ], [ -38.7952162, -6.72339239999997 ], [ -38.795163699999897, -6.72329029999997 ], [ -38.7950144, -6.72297849999995 ], [ -38.794894199999902, -6.72271539999997 ], [ -38.794781199999903, -6.72252239999995 ], [ -38.794693799999898, -6.722401 ], [ -38.7945584, -6.72222459999995 ], [ -38.7944244, -6.72207609999998 ], [ -38.7942952, -6.72195439999996 ], [ -38.794142, -6.72183669999993 ], [ -38.7940752, -6.72178539999993 ], [ -38.7939307, -6.72170179999995 ], [ -38.7938366999999, -6.72164739999994 ], [ -38.793573299999899, -6.72151319999995 ], [ -38.79337, -6.72143109999996 ], [ -38.7930372, -6.72133339999993 ], [ -38.792502199999902, -6.72122129999997 ], [ -38.7923132, -6.72118139999998 ], [ -38.7921342, -6.72111839999997 ], [ -38.7919542, -6.72105239999996 ], [ -38.7917902, -6.72095889999997 ], [ -38.7916142, -6.72085839999994 ], [ -38.791465699999897, -6.72074109999994 ], [ -38.7905162, -6.71989169999995 ], [ -38.790105599999897, -6.71951829999995 ], [ -38.7898604, -6.71929859999995 ], [ -38.7895561999999, -6.71905839999994 ], [ -38.7894467, -6.71899569999994 ], [ -38.7892535, -6.718892 ], [ -38.7891422, -6.71883839999998 ], [ -38.789046599999899, -6.71880079999994 ], [ -38.788921199999898, -6.71875139999997 ], [ -38.7885783, -6.71866859999994 ], [ -38.7883107, -6.71863079999997 ], [ -38.7881752, -6.71861739999997 ], [ -38.787989, -6.71861849999993 ], [ -38.787824199999903, -6.71861939999997 ], [ -38.7876201999999, -6.71864439999996 ], [ -38.787499899999901, -6.71867489999994 ], [ -38.7873394, -6.71871929999998 ], [ -38.787082199999901, -6.71879639999997 ], [ -38.786993299999899, -6.71884109999996 ], [ -38.786846899999901, -6.71891459999995 ], [ -38.7864772, -6.71910039999995 ], [ -38.7860206, -6.71934279999994 ], [ -38.7855202, -6.71960829999995 ], [ -38.7852705, -6.71974059999997 ], [ -38.785120699999901, -6.71981989999995 ], [ -38.7839825, -6.72043889999998 ], [ -38.783512899999899, -6.72069219999997 ], [ -38.78324, -6.72083029999993 ], [ -38.7829982, -6.72095539999998 ], [ -38.7827614999999, -6.72106389999993 ], [ -38.7824332, -6.72120039999993 ], [ -38.7821862, -6.72126039999995 ], [ -38.781923199999902, -6.72130839999994 ], [ -38.781559, -6.72137149999998 ], [ -38.7805744, -6.72155239999995 ], [ -38.7802402, -6.72161539999996 ], [ -38.7796312, -6.72169439999993 ], [ -38.779172199999898, -6.72163139999998 ], [ -38.7787622, -6.72141839999995 ], [ -38.7785522, -6.72123739999995 ], [ -38.7783022, -6.72088439999993 ], [ -38.7781441999999, -6.72039639999997 ], [ -38.7779222, -6.71927639999996 ], [ -38.7777412, -6.71883339999994 ], [ -38.7774512, -6.71850539999997 ], [ -38.7766452, -6.71818139999993 ], [ -38.7760812, -6.71821839999996 ], [ -38.7756171999999, -6.71818639999998 ], [ -38.7753872, -6.71809739999998 ], [ -38.7745459, -6.717586 ], [ -38.7740827, -6.718006 ], [ -38.7735511, -6.71836479999996 ], [ -38.773292399999903, -6.718738 ], [ -38.773234699999897, -6.719097 ], [ -38.7732632, -6.71959969999995 ], [ -38.7737943, -6.72043279999997 ], [ -38.7739809, -6.72073449999993 ], [ -38.7740239, -6.72097859999997 ], [ -38.7739232, -6.72130889999994 ], [ -38.773822499999902, -6.72168219999998 ], [ -38.773738599999902, -6.72198609999998 ], [ -38.7735109, -6.72239289999993 ], [ -38.773379, -6.72291939999997 ], [ -38.7733909, -6.72311089999994 ], [ -38.7734626, -6.72336219999994 ], [ -38.773474399999898, -6.72373319999997 ], [ -38.7732468, -6.72415189999998 ], [ -38.772803699999898, -6.724415 ], [ -38.7726959, -6.72465429999994 ], [ -38.7726479, -6.72492949999997 ], [ -38.772528099999903, -6.72518079999998 ], [ -38.7725159, -6.72548 ], [ -38.7725159, -6.72564749999998 ], [ -38.7725397, -6.72585089999995 ], [ -38.7726953, -6.72600659999995 ], [ -38.7728988, -6.72600669999997 ], [ -38.7730784, -6.725911 ], [ -38.7732339, -6.72597089999994 ], [ -38.7732937, -6.72618639999996 ], [ -38.7734253, -6.72637789999993 ], [ -38.773604799999902, -6.72654549999993 ], [ -38.773891999999897, -6.72673709999998 ], [ -38.7739159, -6.72685679999995 ], [ -38.773724199999897, -6.72709609999993 ], [ -38.7734728, -6.72722759999994 ], [ -38.7733052, -6.72722749999997 ], [ -38.7732933, -6.72711979999997 ], [ -38.7732933, -6.72697619999997 ], [ -38.7732574999999, -6.72684459999994 ], [ -38.7731138, -6.72688039999997 ], [ -38.7729701, -6.72703589999998 ], [ -38.7728025, -6.72711959999998 ], [ -38.7727067, -6.72713149999993 ], [ -38.7726827, -6.72728709999996 ], [ -38.772730399999901, -6.72759819999993 ], [ -38.772778199999898, -6.72780169999993 ], [ -38.7727181999999, -6.72810089999996 ], [ -38.772442899999902, -6.72806479999997 ], [ -38.7722873, -6.72800489999997 ], [ -38.7722155, -6.72800489999997 ], [ -38.772095799999903, -6.72807659999995 ], [ -38.7720598, -6.72814839999995 ], [ -38.7719162, -6.72820819999993 ], [ -38.771640799999901, -6.72822 ], [ -38.7714455999999, -6.72814529999994 ], [ -38.771004199999901, -6.72821489999995 ], [ -38.7708006, -6.72837039999996 ], [ -38.7707167, -6.72858579999996 ], [ -38.7706567, -6.728861 ], [ -38.770477, -6.72916009999994 ], [ -38.770417, -6.729555 ], [ -38.7701653, -6.73021309999996 ], [ -38.769793999999898, -6.73063169999995 ], [ -38.7694586, -6.73118209999996 ], [ -38.769267, -6.73136149999993 ], [ -38.7688838, -6.73152879999998 ], [ -38.7685845, -6.73172019999993 ], [ -38.7682373, -6.73172 ], [ -38.7677585, -6.731636 ], [ -38.7675431, -6.73167179999996 ], [ -38.7672916, -6.731911 ], [ -38.7671718, -6.73198279999997 ], [ -38.7669923, -6.73199469999997 ], [ -38.7668366, -6.73200649999995 ], [ -38.7665972, -6.73209019999996 ], [ -38.7665132999999, -6.73217389999996 ], [ -38.7665013, -6.73229359999993 ], [ -38.7664654, -6.73241319999994 ], [ -38.7662139, -6.73256869999994 ], [ -38.7660104, -6.73256859999998 ], [ -38.7658188999999, -6.73247279999993 ], [ -38.765663399999902, -6.73232909999996 ], [ -38.7655078, -6.73219739999996 ], [ -38.7653402, -6.73220929999997 ], [ -38.765196499999902, -6.73232889999997 ], [ -38.7651844, -6.73253229999995 ], [ -38.7651245, -6.73277159999998 ], [ -38.7649089, -6.732963 ], [ -38.7642862, -6.73352509999995 ], [ -38.763711199999896, -6.73437449999994 ], [ -38.7634834999999, -6.73475739999998 ], [ -38.763315799999901, -6.73512829999993 ], [ -38.763112099999901, -6.73547519999994 ], [ -38.7627409, -6.73569039999995 ], [ -38.7623575, -6.73642029999996 ], [ -38.762333399999903, -6.73664759999997 ], [ -38.7622375, -6.73698259999998 ], [ -38.762034, -6.73701839999995 ], [ -38.7614354, -6.73699419999997 ], [ -38.7610285, -6.73693419999995 ], [ -38.760394, -6.736898 ], [ -38.7600588, -6.73705339999998 ], [ -38.759759599999903, -6.73695749999996 ], [ -38.759651899999902, -6.73686169999996 ], [ -38.7594963, -6.73675389999994 ], [ -38.7594364, -6.73683769999997 ], [ -38.759532099999902, -6.73706509999994 ], [ -38.7595918, -6.73724459999994 ], [ -38.7596516, -6.73738829999996 ], [ -38.759771199999904, -6.73759179999996 ], [ -38.7597618, -6.73779079999997 ], [ -38.7588971, -6.73915159999996 ], [ -38.7591404, -6.73990589999994 ], [ -38.759509, -6.74016929999993 ], [ -38.7596237999999, -6.74045659999996 ], [ -38.759671399999903, -6.74102629999993 ], [ -38.759455699999897, -6.74135649999994 ], [ -38.7588521, -6.74185879999993 ], [ -38.758808799999898, -6.74228959999994 ], [ -38.7588375, -6.74246189999997 ], [ -38.7589667, -6.742663 ], [ -38.7590096, -6.74295029999996 ], [ -38.7590382, -6.74316569999996 ], [ -38.759052499999903, -6.74336669999997 ], [ -38.759153, -6.74351039999993 ], [ -38.7592102, -6.74397 ], [ -38.758994599999902, -6.74428579999994 ], [ -38.758692799999899, -6.74447229999993 ], [ -38.7584342, -6.74451529999993 ], [ -38.7582044, -6.74457259999997 ], [ -38.7568682, -6.74504579999996 ], [ -38.756667, -6.74520369999993 ], [ -38.756480199999899, -6.74534719999997 ], [ -38.756293399999898, -6.745474 ], [ -38.7562813, -6.74562949999995 ], [ -38.7563291, -6.74578509999998 ], [ -38.7564009, -6.74595269999998 ], [ -38.756400799999902, -6.74604839999995 ], [ -38.756340899999898, -6.74609629999998 ], [ -38.7561853, -6.74607229999998 ], [ -38.7559939, -6.74592859999996 ], [ -38.755670699999897, -6.74585659999997 ], [ -38.755467199999899, -6.74580859999998 ], [ -38.755203799999897, -6.74580849999995 ], [ -38.7550242, -6.74601189999993 ], [ -38.7545809, -6.74678949999998 ], [ -38.7542096, -6.74719619999996 ], [ -38.7538622, -6.74754309999997 ], [ -38.7538741, -6.74767469999995 ], [ -38.753969799999901, -6.74786619999998 ], [ -38.7539816, -6.74820129999995 ], [ -38.7539216, -6.74840469999998 ], [ -38.753849699999897, -6.74863209999995 ], [ -38.753466499999902, -6.748955 ], [ -38.752867799999898, -6.74921789999996 ], [ -38.7524845, -6.74967249999997 ], [ -38.752077299999897, -6.75004329999996 ], [ -38.7517179, -6.75047389999997 ], [ -38.751658, -6.75067729999995 ], [ -38.751562, -6.75109609999993 ], [ -38.7514421, -6.75141919999993 ], [ -38.75143, -6.75162259999996 ], [ -38.7514659, -6.75177819999993 ], [ -38.751705199999897, -6.75198179999995 ], [ -38.7517769, -6.75210149999998 ], [ -38.7518845, -6.75242459999993 ], [ -38.751776699999901, -6.752616 ], [ -38.751453399999903, -6.75278339999994 ], [ -38.751297599999901, -6.75298679999997 ], [ -38.751094, -6.75320209999995 ], [ -38.7506988, -6.75356089999997 ], [ -38.7505431, -6.75366849999995 ], [ -38.7502797, -6.75377609999993 ], [ -38.750064199999898, -6.75382379999996 ], [ -38.7498846, -6.75391949999994 ], [ -38.749657, -6.75417069999997 ], [ -38.749280199999902, -6.754542 ], [ -38.7487639, -6.75517949999994 ], [ -38.7485555, -6.75545229999994 ], [ -38.7484764, -6.755603 ], [ -38.748418899999898, -6.755603 ], [ -38.748332699999899, -6.75558139999993 ], [ -38.7483184, -6.755524 ], [ -38.748289699999901, -6.755445 ], [ -38.748261, -6.75540189999998 ], [ -38.7481389, -6.755409 ], [ -38.7480527, -6.75546639999993 ], [ -38.747995199999899, -6.75553809999997 ], [ -38.747894599999903, -6.75558839999997 ], [ -38.7474708, -6.75557379999998 ], [ -38.7473199, -6.75561679999993 ], [ -38.7470757, -6.75565259999996 ], [ -38.7468961, -6.75571709999997 ], [ -38.746723599999903, -6.75588929999998 ], [ -38.746651799999903, -6.75595389999995 ], [ -38.746515299999899, -6.75604719999995 ], [ -38.7461489, -6.75616189999994 ], [ -38.7457395, -6.75615449999998 ], [ -38.7454233999999, -6.75615429999993 ], [ -38.7450499, -6.75611819999995 ], [ -38.744497, -6.75590249999993 ], [ -38.7444467, -6.75585939999996 ], [ -38.7442098, -6.75573 ], [ -38.7437861, -6.75544259999998 ], [ -38.7434486, -6.75540649999994 ], [ -38.743283399999903, -6.75537769999994 ], [ -38.7430967, -6.75522679999995 ], [ -38.742945899999903, -6.75516929999998 ], [ -38.742723199999901, -6.75519789999993 ], [ -38.742550799999897, -6.75526249999996 ], [ -38.7424574, -6.75535569999994 ], [ -38.742098199999901, -6.75540579999995 ], [ -38.74189, -6.75531949999993 ], [ -38.741818099999897, -6.75531229999996 ], [ -38.741602699999902, -6.75533379999996 ], [ -38.741466199999898, -6.75538389999997 ], [ -38.741401499999903, -6.75538389999997 ], [ -38.741257899999901, -6.75536229999994 ], [ -38.741171699999903, -6.75526889999998 ], [ -38.7411215, -6.75520429999995 ], [ -38.741006599999899, -6.75520419999998 ], [ -38.740870099999903, -6.75526869999993 ], [ -38.7407982, -6.75534769999996 ], [ -38.7407119, -6.75550559999994 ], [ -38.740539399999903, -6.75574959999994 ], [ -38.7404531, -6.75585729999995 ], [ -38.7403166, -6.75597929999998 ], [ -38.7401227, -6.75601509999996 ], [ -38.739921599999903, -6.75595749999997 ], [ -38.739677399999898, -6.75593589999994 ], [ -38.739505, -6.75593579999997 ], [ -38.739239199999901, -6.75606489999996 ], [ -38.7388870999999, -6.75624419999997 ], [ -38.7385854, -6.75626559999995 ], [ -38.737500899999901, -6.75619319999993 ], [ -38.736912, -6.75604209999995 ], [ -38.736646199999903, -6.755963 ], [ -38.736502599999902, -6.75591979999996 ], [ -38.7362871, -6.75595559999994 ], [ -38.736193699999902, -6.756013 ], [ -38.7360499, -6.75635039999997 ], [ -38.7359923, -6.75655139999998 ], [ -38.735769499999897, -6.75677389999993 ], [ -38.7356402, -6.75691019999994 ], [ -38.7354175, -6.75688849999995 ], [ -38.734857299999902, -6.756838 ], [ -38.734684899999898, -6.756802 ], [ -38.734591599999902, -6.75675889999997 ], [ -38.734505399999897, -6.756687 ], [ -38.734469499999904, -6.75662949999997 ], [ -38.7343475, -6.75647869999995 ], [ -38.7342685, -6.756414 ], [ -38.734218199999901, -6.756414 ], [ -38.7341392, -6.75647859999998 ], [ -38.734117599999898, -6.75652879999996 ], [ -38.734117599999898, -6.75660779999993 ], [ -38.7341175, -6.75670829999996 ], [ -38.734131799999901, -6.75684479999995 ], [ -38.7341244, -6.75723249999993 ], [ -38.7341028, -6.75737609999993 ], [ -38.7339016, -6.75754109999997 ], [ -38.733729099999898, -6.75779949999998 ], [ -38.733491899999898, -6.75812249999996 ], [ -38.7331611, -6.75867519999997 ], [ -38.732967099999897, -6.75894789999995 ], [ -38.732909499999899, -6.75904119999996 ], [ -38.7326437, -6.75914879999993 ], [ -38.7323205, -6.75918449999995 ], [ -38.732119399999902, -6.75915569999995 ], [ -38.73164, -6.759321 ], [ -38.730903199999901, -6.75974759999997 ], [ -38.7308868, -6.75982719999996 ], [ -38.729980699999899, -6.76032489999994 ], [ -38.729128, -6.76079349999998 ], [ -38.7264365999999, -6.76129939999993 ], [ -38.7260822, -6.76137579999994 ], [ -38.7257149, -6.76192839999993 ], [ -38.7247869, -6.76277179999994 ], [ -38.7239266999999, -6.763761 ], [ -38.723216599999901, -6.76485879999996 ], [ -38.7223102, -6.76589129999996 ], [ -38.7200298, -6.76739069999996 ], [ -38.719832499999903, -6.76750369999996 ], [ -38.6996174, -6.76302469999996 ], [ -38.698742099999897, -6.76282719999995 ], [ -38.6974703, -6.76349419999997 ], [ -38.6967658, -6.76442719999994 ], [ -38.6957854, -6.76679359999997 ], [ -38.6942248, -6.76714 ], [ -38.6920777999999, -6.76707149999993 ], [ -38.690332899999902, -6.76757349999997 ], [ -38.687654199999898, -6.76734209999995 ], [ -38.685731599999897, -6.76678629999998 ], [ -38.6836638999999, -6.76388029999993 ], [ -38.6831022, -6.76216569999997 ], [ -38.6833604, -6.75955389999996 ], [ -38.683099599999899, -6.75786259999995 ], [ -38.6825236, -6.75660219999997 ], [ -38.681015, -6.75509209999996 ], [ -38.6786665, -6.755493 ], [ -38.6772235, -6.75622979999997 ], [ -38.674899, -6.75827059999995 ], [ -38.6692302, -6.75907089999993 ], [ -38.663420599999903, -6.75923249999994 ], [ -38.654478599999898, -6.75712549999997 ], [ -38.6524658, -6.75688069999995 ], [ -38.6523385, -6.75686519999994 ], [ -38.652413599999903, -6.75707989999995 ], [ -38.652684, -6.75785459999997 ], [ -38.6526802, -6.75976409999993 ], [ -38.6506098, -6.761858 ], [ -38.647299299999901, -6.76319069999994 ], [ -38.6423574, -6.76346809999995 ], [ -38.6402676, -6.76399249999997 ], [ -38.639385499999896, -6.76586789999993 ], [ -38.6394723, -6.76799359999995 ], [ -38.6387698, -6.76895019999995 ], [ -38.638736799999897, -6.76895779999995 ], [ -38.6346032, -6.76991569999996 ], [ -38.6304132, -6.77633649999996 ], [ -38.629024699999903, -6.77770909999998 ], [ -38.62899, -6.77772019999998 ], [ -38.626222599999899, -6.77860759999993 ], [ -38.6234923, -6.78037879999994 ], [ -38.6234744, -6.78037949999998 ], [ -38.6200866, -6.78051649999998 ], [ -38.6139277999999, -6.78243739999994 ], [ -38.6138521, -6.78271709999996 ], [ -38.6136847, -6.783031 ], [ -38.613836799999902, -6.78354479999996 ], [ -38.6138521, -6.78355729999993 ], [ -38.6141536, -6.78391109999995 ], [ -38.614564599999902, -6.78434649999997 ], [ -38.614592, -6.78510839999996 ], [ -38.615030499999897, -6.787122 ], [ -38.6155237, -6.78788389999994 ], [ -38.6159074, -6.78870029999996 ], [ -38.6164006, -6.78987029999996 ], [ -38.616428, -6.79057779999994 ], [ -38.616702099999898, -6.79182949999995 ], [ -38.616921299999902, -6.79329889999997 ], [ -38.617332299999902, -6.79381589999997 ], [ -38.6180722, -6.79403359999998 ], [ -38.6182092, -6.79414249999996 ], [ -38.618647699999897, -6.79411519999996 ], [ -38.6195794, -6.79354379999995 ], [ -38.6211688, -6.79280909999994 ], [ -38.6217717, -6.79242819999996 ], [ -38.6244846, -6.79155739999993 ], [ -38.6268961, -6.79084989999996 ], [ -38.6273619, -6.79084989999996 ], [ -38.628458099999897, -6.79106759999996 ], [ -38.6299926, -6.79123089999996 ], [ -38.6320205, -6.79109479999994 ], [ -38.6336373, -6.79109479999994 ], [ -38.6340757, -6.79112209999994 ], [ -38.6355007, -6.79112209999994 ], [ -38.6372271, -6.79131249999995 ], [ -38.638021799999898, -6.79158459999996 ], [ -38.638515, -6.791884 ], [ -38.6388987, -6.79229209999994 ], [ -38.6390905, -6.79286359999998 ], [ -38.639063099999902, -6.79346219999996 ], [ -38.6388439, -6.79406079999995 ], [ -38.6382958, -6.794605 ], [ -38.6370353, -6.797054 ], [ -38.6373093, -6.79754379999997 ], [ -38.6375285, -6.79819679999997 ], [ -38.637281899999898, -6.79887709999997 ], [ -38.6367064, -6.79906759999994 ], [ -38.6359117, -6.79969339999997 ], [ -38.6355555, -6.80064579999993 ], [ -38.6355007, -6.80129879999993 ], [ -38.6356651, -6.80214239999998 ], [ -38.6359939, -6.80282259999996 ], [ -38.6360213, -6.80317639999993 ], [ -38.6360213, -6.80358449999994 ], [ -38.6360761, -6.80437359999996 ], [ -38.6363502, -6.80472729999997 ], [ -38.6375833, -6.80529869999998 ], [ -38.6382136, -6.80510829999997 ], [ -38.6390905, -6.80513549999995 ], [ -38.639611199999898, -6.80499939999993 ], [ -38.640268799999902, -6.80440079999994 ], [ -38.6407895, -6.80382939999993 ], [ -38.6411183, -6.80431919999995 ], [ -38.641365, -6.80478179999994 ], [ -38.641638999999898, -6.80499939999993 ], [ -38.6421323, -6.80524429999997 ], [ -38.6422693, -6.80559809999994 ], [ -38.642241899999902, -6.80622389999996 ], [ -38.6428721, -6.80723069999993 ], [ -38.6438861, -6.80739389999997 ], [ -38.6448452, -6.80736669999993 ], [ -38.6455303, -6.807013 ], [ -38.645996099999898, -6.80684969999993 ], [ -38.6465716, -6.80712179999995 ], [ -38.6469003999999, -6.80717619999996 ], [ -38.6469825, -6.80733349999997 ], [ -38.6470542, -6.80849639999997 ], [ -38.647125899999899, -6.80961179999997 ], [ -38.6478668, -6.81041879999998 ], [ -38.6483449, -6.81070359999995 ], [ -38.6489902, -6.81070359999995 ], [ -38.6492292, -6.81060859999997 ], [ -38.6495877999999, -6.81044249999997 ], [ -38.6496834, -6.81046619999995 ], [ -38.650257, -6.81072729999994 ], [ -38.651296699999897, -6.81132059999993 ], [ -38.6518704, -6.81171219999993 ], [ -38.6522886, -6.81222249999996 ], [ -38.6525755, -6.81257849999997 ], [ -38.6527308, -6.81280389999995 ], [ -38.6528503, -6.81282769999996 ], [ -38.653902, -6.81420419999995 ], [ -38.654153, -6.81402619999994 ], [ -38.6545593, -6.81438219999995 ], [ -38.6555751, -6.81521279999993 ], [ -38.6564834, -6.81591289999994 ], [ -38.6560173, -6.81605529999996 ], [ -38.656650699999901, -6.81651809999994 ], [ -38.6560532, -6.81721819999996 ], [ -38.6574395, -6.81830989999997 ], [ -38.658037, -6.81753859999998 ], [ -38.6584672, -6.81796579999997 ], [ -38.6589293, -6.81857539999993 ], [ -38.659071299999901, -6.81876269999998 ], [ -38.6607804, -6.82101769999997 ], [ -38.661783699999901, -6.82237909999998 ], [ -38.662680899999899, -6.82317 ], [ -38.6640867, -6.824648 ], [ -38.665906, -6.82645439999993 ], [ -38.6678906, -6.82801449999994 ], [ -38.6683868, -6.82875339999993 ], [ -38.6690484, -6.83097029999993 ], [ -38.669875299999902, -6.83277669999995 ], [ -38.6702888, -6.83351569999996 ], [ -38.671281099999902, -6.83425459999995 ], [ -38.672356099999902, -6.83515779999993 ], [ -38.672935, -6.83614309999996 ], [ -38.672108099999903, -6.83729259999996 ], [ -38.6716946, -6.83868839999997 ], [ -38.6711157, -6.84049469999997 ], [ -38.669709899999901, -6.84148 ], [ -38.668883, -6.84295789999993 ], [ -38.6695445, -6.84476419999993 ], [ -38.6708077, -6.84642479999997 ], [ -38.6716946, -6.84714529999997 ], [ -38.673596599999897, -6.84919789999998 ], [ -38.675994699999897, -6.85141469999996 ], [ -38.677201099999898, -6.85432959999997 ], [ -38.676955, -6.85603969999994 ], [ -38.675212499999901, -6.86002329999997 ], [ -38.6754169, -6.86182939999998 ], [ -38.6785169, -6.86406429999994 ], [ -38.679529499999902, -6.864794 ], [ -38.683681, -6.86450009999993 ], [ -38.6866911, -6.86579169999993 ], [ -38.6880624, -6.867176 ], [ -38.690663599999901, -6.87142059999996 ], [ -38.6948153, -6.87456319999995 ], [ -38.7004099, -6.87660229999994 ], [ -38.702417, -6.87687479999994 ], [ -38.7043365, -6.876494 ], [ -38.704356899999901, -6.87648989999997 ], [ -38.707172899999897, -6.874891 ], [ -38.707188599999903, -6.87488209999998 ], [ -38.7091308, -6.87442559999994 ], [ -38.710355299999897, -6.87465559999993 ], [ -38.714160999999898, -6.87678369999998 ], [ -38.7158509, -6.87928079999995 ], [ -38.7139091, -6.88254409999996 ], [ -38.7134882, -6.88530559999998 ], [ -38.7140128, -6.88614669999993 ], [ -38.720398799999899, -6.887465 ], [ -38.722225099999903, -6.88745589999996 ], [ -38.724261399999897, -6.88868629999996 ], [ -38.7255211, -6.88868589999993 ], [ -38.7286197, -6.88739159999994 ] ] ] ] } },
{ "type": "Feature", "properties": { "CD_MUN": "2313708", "NM_MUN": "Umari", "CD_RGI": "230010", "NM_RGI": "Icó", "CD_RGINT": "2303", "NM_RGINT": "Iguatu", "CD_UF": "23", "NM_UF": "Ceará", "SIGLA_UF": "CE", "CD_REGIAO": "2", "NM_REGIAO": "Nordeste", "SIGLA_RG": "NE", "CD_CONCURB": null, "NM_CONCURB": null, "AREA_KM2": 263.185 }, "geometry": { "type": "MultiPolygon", "coordinates": [ [ [ [ -38.6472146999999, -6.66399129999996 ], [ -38.649827899999899, -6.66904829999993 ], [ -38.6519647, -6.67318339999997 ], [ -38.652911, -6.673273 ], [ -38.6556011, -6.67228029999995 ], [ -38.659436899999903, -6.67404739999995 ], [ -38.661525299999902, -6.67386379999994 ], [ -38.6623614, -6.67431789999995 ], [ -38.662358599999898, -6.67522719999994 ], [ -38.6605834, -6.67880189999994 ], [ -38.661380999999899, -6.67941289999993 ], [ -38.6644625, -6.68019139999996 ], [ -38.6649954, -6.68107309999994 ], [ -38.665019599999901, -6.68397339999996 ], [ -38.6658919, -6.68528229999993 ], [ -38.668104099999901, -6.688602 ], [ -38.669522899999897, -6.69245809999995 ], [ -38.672191199999901, -6.69546689999993 ], [ -38.6731505, -6.69722119999994 ], [ -38.6730593999999, -6.70063789999995 ], [ -38.6700365, -6.70254829999993 ], [ -38.672540599999898, -6.70623139999998 ], [ -38.675427, -6.702928 ], [ -38.6771879, -6.70219379999997 ], [ -38.679121199999898, -6.70180219999997 ], [ -38.6793701, -6.70184069999993 ], [ -38.6830944, -6.70290579999994 ], [ -38.683592099999899, -6.70338479999998 ], [ -38.6841185, -6.70372979999996 ], [ -38.6844823, -6.703931 ], [ -38.684941799999898, -6.70412279999994 ], [ -38.6853738, -6.70420249999995 ], [ -38.6858705, -6.70427429999995 ], [ -38.686547399999903, -6.70412459999994 ], [ -38.687373799999897, -6.703633 ], [ -38.688412, -6.70301489999997 ], [ -38.6893823999999, -6.70222309999997 ], [ -38.6905211, -6.70152009999993 ], [ -38.6926414, -6.70029509999995 ], [ -38.6934793, -6.70022389999997 ], [ -38.6939578, -6.70067889999996 ], [ -38.6947086, -6.70078969999997 ], [ -38.6965403, -6.69948479999994 ], [ -38.6976028999999, -6.69887309999996 ], [ -38.6980925, -6.69873139999993 ], [ -38.699250699999901, -6.69858639999995 ], [ -38.7012485, -6.69856779999998 ], [ -38.7019172, -6.69844419999993 ], [ -38.7022256, -6.69838719999996 ], [ -38.7025027, -6.698336 ], [ -38.7040855, -6.69777519999997 ], [ -38.7069157, -6.696316 ], [ -38.708097, -6.69550709999993 ], [ -38.7103334, -6.69414339999997 ], [ -38.7115199, -6.69362119999994 ], [ -38.7123841, -6.69338739999995 ], [ -38.7128805, -6.69318329999993 ], [ -38.713544899999903, -6.69301759999996 ], [ -38.714515999999897, -6.692801 ], [ -38.7150655, -6.69268639999996 ], [ -38.7154361, -6.69250779999993 ], [ -38.716100599999898, -6.69209929999994 ], [ -38.717072, -6.69158 ], [ -38.7171716, -6.69153489999997 ], [ -38.7175607, -6.69135779999993 ], [ -38.7182458999999, -6.69088139999997 ], [ -38.7207139, -6.68977029999996 ], [ -38.723070699999901, -6.68856579999994 ], [ -38.7232092, -6.68842469999993 ], [ -38.7245857999999, -6.68756519999994 ], [ -38.726273999999897, -6.68631779999993 ], [ -38.7273991, -6.68540569999993 ], [ -38.7275829, -6.68523029999994 ], [ -38.7290014, -6.68475009999997 ], [ -38.73051, -6.683918 ], [ -38.7308404999999, -6.68367409999996 ], [ -38.7315445, -6.68330109999994 ], [ -38.732191, -6.68302859999994 ], [ -38.734705399999903, -6.681637 ], [ -38.7359566, -6.68025409999996 ], [ -38.7364772, -6.67961029999998 ], [ -38.7367542, -6.67926759999995 ], [ -38.737653, -6.67860139999993 ], [ -38.7387282, -6.67796059999995 ], [ -38.740114499999898, -6.67755519999997 ], [ -38.743301099999897, -6.67764369999998 ], [ -38.7451703, -6.67761939999997 ], [ -38.7457865, -6.67753009999996 ], [ -38.747230699999903, -6.67708579999993 ], [ -38.748437099999897, -6.67649749999993 ], [ -38.750636299999897, -6.67440719999996 ], [ -38.752088, -6.674293 ], [ -38.7533508, -6.67474419999996 ], [ -38.7536756, -6.67486009999993 ], [ -38.7546354, -6.675075 ], [ -38.758468299999898, -6.67626549999994 ], [ -38.7589025, -6.67630189999994 ], [ -38.7597178, -6.67605359999993 ], [ -38.7620654, -6.67480629999994 ], [ -38.7632184, -6.67407329999998 ], [ -38.764843599999899, -6.67309339999997 ], [ -38.7660359, -6.67263439999994 ], [ -38.767155, -6.67143169999997 ], [ -38.7682917, -6.67092659999997 ], [ -38.768708199999899, -6.67108469999994 ], [ -38.768736499999903, -6.67186019999997 ], [ -38.769038099999896, -6.67206139999996 ], [ -38.769785, -6.67187509999997 ], [ -38.7717683, -6.67052579999995 ], [ -38.7727451, -6.66914789999993 ], [ -38.7746253, -6.66838729999995 ], [ -38.7749605, -6.66829169999994 ], [ -38.775320099999902, -6.66863129999996 ], [ -38.7755347, -6.66898609999993 ], [ -38.7759128, -6.669109 ], [ -38.7762837, -6.66897919999997 ], [ -38.776698199999899, -6.66850429999994 ], [ -38.7792573, -6.66762 ], [ -38.7812908, -6.66650279999993 ], [ -38.781704299999902, -6.66632659999993 ], [ -38.783267899999899, -6.66591029999995 ], [ -38.7845612, -6.665103 ], [ -38.7857928, -6.66454179999994 ], [ -38.7869527, -6.66434779999997 ], [ -38.7876277, -6.66437889999997 ], [ -38.788069, -6.66466579999997 ], [ -38.7883883, -6.66505039999993 ], [ -38.788826099999902, -6.66520709999998 ], [ -38.7900812, -6.66469109999997 ], [ -38.7920935, -6.66443769999995 ], [ -38.793766199999901, -6.66481929999998 ], [ -38.794214899999901, -6.66475889999998 ], [ -38.794447799999901, -6.66435109999998 ], [ -38.7943763, -6.66377659999995 ], [ -38.7944006, -6.66277139999994 ], [ -38.794700299999903, -6.662404 ], [ -38.795197599999902, -6.66223719999994 ], [ -38.797329299999902, -6.662031 ], [ -38.798149, -6.66201139999993 ], [ -38.798535399999899, -6.66187219999995 ], [ -38.7988233, -6.661449 ], [ -38.798895, -6.66089449999993 ], [ -38.799029, -6.66055079999995 ], [ -38.7993901, -6.66029219999996 ], [ -38.799753699999897, -6.66027969999993 ], [ -38.8000721, -6.66050149999995 ], [ -38.800424099999901, -6.66034329999997 ], [ -38.800625399999902, -6.659228 ], [ -38.800866, -6.65888039999993 ], [ -38.8012166, -6.65879189999993 ], [ -38.801848499999899, -6.658749 ], [ -38.802308099999898, -6.65876359999993 ], [ -38.8028363, -6.65892159999993 ], [ -38.8051809, -6.65829079999997 ], [ -38.805884499999898, -6.65853519999996 ], [ -38.8071022, -6.65985019999994 ], [ -38.8082666, -6.65973489999993 ], [ -38.809458199999902, -6.65974889999995 ], [ -38.8096327, -6.65991529999997 ], [ -38.8101642, -6.65962829999995 ], [ -38.810968499999902, -6.65952809999993 ], [ -38.811270099999902, -6.65954259999995 ], [ -38.811702, -6.65950459999993 ], [ -38.811916499999903, -6.65948539999994 ], [ -38.8124048, -6.65944249999995 ], [ -38.8134808, -6.65918959999993 ], [ -38.8146237, -6.65880019999997 ], [ -38.815019199999902, -6.65856749999995 ], [ -38.8153495, -6.65859629999994 ], [ -38.817015599999898, -6.65936369999997 ], [ -38.8175403, -6.65947789999996 ], [ -38.8185844, -6.65940589999997 ], [ -38.818883899999904, -6.65931049999995 ], [ -38.820008599999902, -6.65895229999995 ], [ -38.8209098, -6.65884769999997 ], [ -38.8221555, -6.65915929999994 ], [ -38.822872899999901, -6.65925009999995 ], [ -38.8239839, -6.65924319999993 ], [ -38.825160099999898, -6.65923639999994 ], [ -38.825895699999897, -6.65896439999995 ], [ -38.8282346, -6.65871819999995 ], [ -38.8285961999999, -6.65867029999993 ], [ -38.8289667, -6.65891159999995 ], [ -38.8292681, -6.659196 ], [ -38.8298282, -6.65923069999997 ], [ -38.8303452, -6.659162 ], [ -38.8307416, -6.65917069999995 ], [ -38.8314222, -6.65945519999997 ], [ -38.8316374, -6.65997219999997 ], [ -38.8318697999999, -6.66092859999998 ], [ -38.8323038999999, -6.66189659999998 ], [ -38.832825699999901, -6.66262589999997 ], [ -38.83303, -6.66320489999993 ], [ -38.833209699999898, -6.66416029999993 ], [ -38.8337577, -6.66505239999998 ], [ -38.8340353, -6.66525689999997 ], [ -38.834258799999901, -6.66525879999995 ], [ -38.8351238, -6.66498409999997 ], [ -38.835419699999903, -6.66502039999995 ], [ -38.836438299999898, -6.66549649999996 ], [ -38.8366753, -6.66541519999993 ], [ -38.8370156, -6.66510959999994 ], [ -38.8374628, -6.66442759999995 ], [ -38.838025699999903, -6.66395019999993 ], [ -38.838400299999897, -6.66394669999994 ], [ -38.838598299999902, -6.66430769999994 ], [ -38.8387571, -6.66464279999997 ], [ -38.8388527, -6.66514539999997 ], [ -38.8393313, -6.66540889999993 ], [ -38.8398925, -6.66576269999996 ], [ -38.840694799999902, -6.66635549999995 ], [ -38.841336, -6.66723769999993 ], [ -38.841347799999902, -6.66724489999996 ], [ -38.842205299999897, -6.66778169999998 ], [ -38.8424098, -6.66778259999995 ], [ -38.843261299999902, -6.66732879999995 ], [ -38.843739, -6.667271 ], [ -38.8476142, -6.65617609999993 ], [ -38.8507781, -6.64711739999996 ], [ -38.8735394, -6.61181039999997 ], [ -38.873791599999898, -6.60849309999998 ], [ -38.873691199999897, -6.60805509999994 ], [ -38.8727317, -6.60699259999996 ], [ -38.872514, -6.60636739999995 ], [ -38.872033799999897, -6.60278429999994 ], [ -38.8718976, -6.60198729999996 ], [ -38.8718547, -6.60142 ], [ -38.8717399, -6.600903 ], [ -38.8713243, -6.59771479999995 ], [ -38.8714105, -6.59749219999998 ], [ -38.8720281, -6.59702569999996 ], [ -38.8721934, -6.59663079999996 ], [ -38.8719637, -6.59620709999996 ], [ -38.8691711, -6.59410969999993 ], [ -38.8690778, -6.59377939999996 ], [ -38.8692574, -6.59331269999996 ], [ -38.8695878999999, -6.59271679999995 ], [ -38.8695377, -6.59241519999995 ], [ -38.869250599999901, -6.591891 ], [ -38.869021, -6.59143139999998 ], [ -38.8691145, -6.590577 ], [ -38.869538299999903, -6.59004569999996 ], [ -38.869911699999903, -6.58987349999995 ], [ -38.8710535, -6.589565 ], [ -38.871225799999898, -6.58950759999993 ], [ -38.871685399999897, -6.58926359999998 ], [ -38.872123499999901, -6.58896219999997 ], [ -38.8726119, -6.58866069999993 ], [ -38.87305, -6.58831619999995 ], [ -38.875297799999899, -6.58668679999994 ], [ -38.876009199999899, -6.58623979999993 ], [ -38.877373299999903, -6.58520809999993 ], [ -38.8775433, -6.58486589999995 ], [ -38.8775697, -6.58452609999995 ], [ -38.8775889, -6.584191 ], [ -38.8773211, -6.58346089999998 ], [ -38.8771082, -6.582963 ], [ -38.8769718, -6.58267579999995 ], [ -38.876869, -6.58236459999995 ], [ -38.8767923999999, -6.58221619999995 ], [ -38.876730199999898, -6.58201749999995 ], [ -38.876620199999898, -6.58175419999998 ], [ -38.8765668, -6.58161809999996 ], [ -38.873375399999901, -6.58331359999994 ], [ -38.8717118, -6.58397989999997 ], [ -38.8706945, -6.58438519999993 ], [ -38.8695743, -6.58488269999998 ], [ -38.867841199999901, -6.58574389999995 ], [ -38.866538999999896, -6.58620309999998 ], [ -38.864988, -6.58662389999995 ], [ -38.863839299999903, -6.58700639999995 ], [ -38.863347099999899, -6.58710309999998 ], [ -38.8625560999999, -6.58729339999996 ], [ -38.8620103, -6.58754219999997 ], [ -38.861483399999898, -6.58803519999998 ], [ -38.8608995, -6.58848009999997 ], [ -38.860064599999902, -6.58925069999998 ], [ -38.8595152, -6.59034149999997 ], [ -38.8592383, -6.590705 ], [ -38.8586296, -6.59169629999997 ], [ -38.8578989, -6.59257089999994 ], [ -38.8550054, -6.59549969999995 ], [ -38.8548832, -6.59587149999993 ], [ -38.85477, -6.59637679999997 ], [ -38.854841, -6.59671949999995 ], [ -38.854612099999898, -6.59688039999997 ], [ -38.853132699999897, -6.59689329999998 ], [ -38.8498147, -6.59734579999997 ], [ -38.8487744, -6.59752 ], [ -38.847512499999901, -6.59777719999994 ], [ -38.8464529, -6.59805779999994 ], [ -38.8456803999999, -6.59820729999996 ], [ -38.8447193, -6.597884 ], [ -38.8421127, -6.59796219999993 ], [ -38.8401739, -6.59840669999994 ], [ -38.837055899999903, -6.59891039999997 ], [ -38.8354585, -6.59908729999995 ], [ -38.833839699999899, -6.59572689999993 ], [ -38.833499199999899, -6.59410929999996 ], [ -38.832806199999901, -6.59408919999993 ], [ -38.8303557, -6.59401959999997 ], [ -38.823084999999899, -6.59710359999997 ], [ -38.820842599999899, -6.59688389999997 ], [ -38.8124056999999, -6.59765969999995 ], [ -38.802357099999902, -6.59909639999995 ], [ -38.7975767, -6.59886049999994 ], [ -38.796008, -6.599029 ], [ -38.795685999999897, -6.59913109999997 ], [ -38.7908691, -6.60066059999997 ], [ -38.7839546, -6.60565019999996 ], [ -38.7819499, -6.60782949999998 ], [ -38.7774282, -6.61051959999998 ], [ -38.7755412, -6.61232069999994 ], [ -38.773826, -6.61223489999998 ], [ -38.7729669, -6.61171979999995 ], [ -38.771510799999902, -6.608799 ], [ -38.7699673, -6.60725509999997 ], [ -38.7676511, -6.60605179999993 ], [ -38.766020099999899, -6.60587729999997 ], [ -38.7643914, -6.60665 ], [ -38.762246499999897, -6.60682089999995 ], [ -38.7607019, -6.60570379999996 ], [ -38.759281299999898, -6.60274689999994 ], [ -38.757041399999899, -6.60093749999993 ], [ -38.7565389, -6.59998919999992 ], [ -38.7561469, -6.59689989999993 ], [ -38.7555809, -6.59618039999998 ], [ -38.7541715, -6.59438679999994 ], [ -38.7523691, -6.59336369999994 ], [ -38.7509234, -6.59178169999996 ], [ -38.748123899999896, -6.59124389999994 ], [ -38.7453637, -6.58994619999993 ], [ -38.737279, -6.58859229999996 ], [ -38.7342148, -6.58760829999994 ], [ -38.7312741, -6.58552429999997 ], [ -38.7322553999999, -6.58417609999998 ], [ -38.7340935, -6.58429919999998 ], [ -38.7361778, -6.58246129999998 ], [ -38.736178499999902, -6.58111159999993 ], [ -38.734709199999898, -6.579762 ], [ -38.7344646, -6.57718739999996 ], [ -38.736181499999901, -6.57534829999997 ], [ -38.7352028, -6.57350869999993 ], [ -38.7352045, -6.57039149999997 ], [ -38.7193022, -6.56375569999994 ], [ -38.702051299999901, -6.55555419999996 ], [ -38.7009613, -6.55592239999993 ], [ -38.7003321, -6.55663469999996 ], [ -38.699799799999901, -6.55811049999994 ], [ -38.694970699999899, -6.56072189999998 ], [ -38.690411299999901, -6.56199449999997 ], [ -38.686743099999902, -6.56235249999997 ], [ -38.685834699999901, -6.56280349999997 ], [ -38.6836804, -6.56337059999993 ], [ -38.6823941, -6.56313039999998 ], [ -38.6792829, -6.56306859999995 ], [ -38.677846799999898, -6.56112169999994 ], [ -38.67734, -6.56043459999995 ], [ -38.672386699999898, -6.55547359999997 ], [ -38.666231099999898, -6.55174809999994 ], [ -38.6649583, -6.55047449999995 ], [ -38.6636731, -6.55027189999993 ], [ -38.6620837, -6.54782119999993 ], [ -38.6595596, -6.545852 ], [ -38.657778999999898, -6.54669019999994 ], [ -38.656119499999903, -6.54811419999993 ], [ -38.6530620999999, -6.54764319999992 ], [ -38.6493958, -6.54546409999995 ], [ -38.646841799999898, -6.54235779999993 ], [ -38.6418695, -6.54138089999998 ], [ -38.6411737, -6.54047759999997 ], [ -38.640889199999897, -6.53859039999998 ], [ -38.6400927, -6.53802539999998 ], [ -38.6372225, -6.53836979999994 ], [ -38.6350116, -6.53496239999993 ], [ -38.6327031, -6.534133 ], [ -38.6312078999999, -6.53413279999995 ], [ -38.6268130999999, -6.53157769999996 ], [ -38.624570999999897, -6.53097879999996 ], [ -38.6226263, -6.53084319999994 ], [ -38.6216034, -6.53101009999995 ], [ -38.6176957, -6.53283489999995 ], [ -38.6163543, -6.53298479999995 ], [ -38.6142922, -6.53299989999994 ], [ -38.6122804, -6.53288109999994 ], [ -38.6115996, -6.53262269999993 ], [ -38.6111150999999, -6.53231059999996 ], [ -38.6107746, -6.53209119999997 ], [ -38.6107281, -6.53206129999995 ], [ -38.6106338, -6.53216629999997 ], [ -38.61052, -6.532293 ], [ -38.609970099999899, -6.53206549999993 ], [ -38.609428799999897, -6.53184159999995 ], [ -38.6070845, -6.52951479999996 ], [ -38.6071446, -6.52962709999997 ], [ -38.6083793, -6.53193379999993 ], [ -38.612169499999901, -6.53831729999996 ], [ -38.617134, -6.54192789999996 ], [ -38.621858, -6.549135 ], [ -38.6266059, -6.55295419999993 ], [ -38.627076499999902, -6.55381449999993 ], [ -38.6268853999999, -6.55471809999995 ], [ -38.625664099999902, -6.55621829999995 ], [ -38.6253821, -6.55707559999996 ], [ -38.6256612, -6.55798349999998 ], [ -38.6272132, -6.55983739999994 ], [ -38.628943, -6.560928 ], [ -38.631966, -6.56174249999998 ], [ -38.6326318, -6.562437 ], [ -38.6324005, -6.56645979999996 ], [ -38.632511399999899, -6.56723489999996 ], [ -38.6326223, -6.56800969999995 ], [ -38.6330811999999, -6.56921029999995 ], [ -38.638715499999897, -6.57671979999998 ], [ -38.6410774, -6.57867919999995 ], [ -38.6428534, -6.58117769999996 ], [ -38.6429681, -6.58213149999995 ], [ -38.635468499999902, -6.5873 ], [ -38.6329340999999, -6.58992539999997 ], [ -38.6326389, -6.59053769999997 ], [ -38.6311057, -6.59371249999998 ], [ -38.6296563, -6.59804539999993 ], [ -38.629160399999897, -6.60458239999997 ], [ -38.6320969, -6.60802229999996 ], [ -38.6387697, -6.61284359999996 ], [ -38.644811499999904, -6.61556049999996 ], [ -38.6466593, -6.61598069999997 ], [ -38.647609499999902, -6.62283739999998 ], [ -38.6482233, -6.62519679999997 ], [ -38.6491252, -6.62757509999994 ], [ -38.6491293, -6.62758579999996 ], [ -38.6500674, -6.62688649999996 ], [ -38.6500902, -6.62686939999998 ], [ -38.6509253, -6.62695459999998 ], [ -38.6532152999999, -6.62932389999997 ], [ -38.655263299999902, -6.63047879999993 ], [ -38.6567875, -6.63660179999994 ], [ -38.6570803, -6.64228949999995 ], [ -38.6532655, -6.64384039999993 ], [ -38.6518601, -6.64780879999995 ], [ -38.6493998, -6.65202679999993 ], [ -38.6493636, -6.65203829999996 ], [ -38.6483903, -6.65234859999993 ], [ -38.6469653, -6.65420759999995 ], [ -38.6460225, -6.66026429999994 ], [ -38.6464061, -6.66242639999996 ], [ -38.6472146999999, -6.66399129999996 ] ] ] ] } },
{ "type": "Feature", "properties": { "CD_MUN": "2305506", "NM_MUN": "Iguatu", "CD_RGI": "230009", "NM_RGI": "Iguatu", "CD_RGINT": "2303", "NM_RGINT": "Iguatu", "CD_UF": "23", "NM_UF": "Ceará", "SIGLA_UF": "CE", "CD_REGIAO": "2", "NM_REGIAO": "Nordeste", "SIGLA_RG": "NE", "CD_CONCURB": null, "NM_CONCURB": null, "AREA_KM2": 977.311 }, "geometry": { "type": "MultiPolygon", "coordinates": [ [ [ [ -39.1299243, -6.38933829999996 ], [ -39.1296444, -6.391305 ], [ -39.129740899999902, -6.398864 ], [ -39.129390199999897, -6.40862879999997 ], [ -39.1302512, -6.40949 ], [ -39.1320458, -6.41004 ], [ -39.1333379, -6.41056619999995 ], [ -39.137860499999903, -6.41259949999994 ], [ -39.138411, -6.41322159999993 ], [ -39.1363319, -6.41698139999994 ], [ -39.1314441, -6.41879919999997 ], [ -39.1305247, -6.41989629999995 ], [ -39.1306114, -6.42115409999997 ], [ -39.1304608, -6.42267119999997 ], [ -39.130207299999903, -6.42393019999997 ], [ -39.1304201, -6.42601789999998 ], [ -39.1326136, -6.42750349999994 ], [ -39.1342597, -6.42896809999996 ], [ -39.136222299999901, -6.42980249999994 ], [ -39.1401925, -6.43733689999993 ], [ -39.1424694, -6.43980949999997 ], [ -39.1448865, -6.44159 ], [ -39.149167299999903, -6.44387569999998 ], [ -39.1516073, -6.444216 ], [ -39.154718699999897, -6.44549419999993 ], [ -39.157527, -6.44631019999997 ], [ -39.1604174, -6.44666209999997 ], [ -39.1645612, -6.44697019999995 ], [ -39.1659701, -6.44693259999997 ], [ -39.166969499999901, -6.44710059999994 ], [ -39.1670776, -6.44733529999996 ], [ -39.1671478, -6.44748769999995 ], [ -39.167361399999898, -6.44795259999995 ], [ -39.1668624, -6.44855969999998 ], [ -39.166801099999901, -6.44915319999996 ], [ -39.167221799999901, -6.44988309999997 ], [ -39.1674188, -6.44987669999995 ], [ -39.168806199999899, -6.44983189999994 ], [ -39.1701626, -6.44924709999998 ], [ -39.1714729, -6.44891729999995 ], [ -39.1736099, -6.44888859999998 ], [ -39.1748272, -6.44910729999998 ], [ -39.1757506, -6.44927319999994 ], [ -39.178334699999901, -6.45023029999993 ], [ -39.1785472, -6.45045239999996 ], [ -39.1793, -6.45123949999993 ], [ -39.1794353, -6.45128179999995 ], [ -39.183942699999903, -6.45269069999995 ], [ -39.184084, -6.45289939999998 ], [ -39.1859433, -6.45564349999995 ], [ -39.1877373, -6.45735079999997 ], [ -39.188026, -6.45756049999994 ], [ -39.189607099999897, -6.45870879999995 ], [ -39.191835, -6.45981339999997 ], [ -39.1962995, -6.46102569999994 ], [ -39.196919799999897, -6.46117219999996 ], [ -39.203789399999899, -6.46279489999995 ], [ -39.205138, -6.46320049999997 ], [ -39.2053031, -6.4634 ], [ -39.2060888, -6.464349 ], [ -39.206446399999898, -6.46512959999995 ], [ -39.2063312, -6.46654339999998 ], [ -39.205834599999903, -6.46863149999996 ], [ -39.205307199999901, -6.47027179999998 ], [ -39.2053058, -6.47126859999997 ], [ -39.2061686, -6.47597229999997 ], [ -39.2081372, -6.48193559999993 ], [ -39.2091892, -6.48449609999994 ], [ -39.2103402, -6.48595569999998 ], [ -39.2119445, -6.48765749999995 ], [ -39.212179999999897, -6.48780279999994 ], [ -39.2139682, -6.48890589999996 ], [ -39.2171387, -6.48998559999995 ], [ -39.2205648999999, -6.49057479999993 ], [ -39.2215843, -6.49074989999997 ], [ -39.2257185, -6.490711 ], [ -39.2297986, -6.49131339999997 ], [ -39.230477999999898, -6.49159529999997 ], [ -39.230598, -6.49177359999993 ], [ -39.2310328, -6.49241919999997 ], [ -39.2311743, -6.49341959999992 ], [ -39.230997499999901, -6.49446629999994 ], [ -39.2303024, -6.49533149999996 ], [ -39.229504, -6.49575609999994 ], [ -39.228779, -6.49668089999994 ], [ -39.2283609, -6.50007519999997 ], [ -39.227052899999897, -6.50224789999993 ], [ -39.2268918, -6.50343429999998 ], [ -39.2270181, -6.50452949999993 ], [ -39.2270743, -6.50487079999994 ], [ -39.2273082, -6.50629039999995 ], [ -39.227337799999901, -6.50767619999993 ], [ -39.226555399999903, -6.50967489999994 ], [ -39.2264139, -6.51072329999994 ], [ -39.225698899999898, -6.513811 ], [ -39.225339899999902, -6.51590269999997 ], [ -39.2256952, -6.51759409999994 ], [ -39.2260509, -6.51785949999993 ], [ -39.2275255, -6.51895929999995 ], [ -39.228217, -6.51933819999994 ], [ -39.229190399999901, -6.51987169999995 ], [ -39.2308345, -6.51996429999997 ], [ -39.2318852, -6.51989379999998 ], [ -39.232309799999904, -6.51986529999994 ], [ -39.2325137999999, -6.520093 ], [ -39.2355314, -6.52346059999996 ], [ -39.235691599999903, -6.52351669999996 ], [ -39.236749, -6.523887 ], [ -39.2383364, -6.523774 ], [ -39.242305799999897, -6.52291639999993 ], [ -39.243670699999903, -6.52298089999994 ], [ -39.246748399999902, -6.522518 ], [ -39.2469891, -6.52281229999994 ], [ -39.2478037, -6.52380839999995 ], [ -39.2493071, -6.52589909999995 ], [ -39.2495122999999, -6.52596439999996 ], [ -39.251089099999902, -6.52646629999998 ], [ -39.2526625, -6.52560249999993 ], [ -39.2546692, -6.52321429999995 ], [ -39.255643099999901, -6.52272709999994 ], [ -39.2567826, -6.52241619999995 ], [ -39.258890199999897, -6.52271909999996 ], [ -39.2613924, -6.52348489999997 ], [ -39.2642544999999, -6.52392309999993 ], [ -39.2661982, -6.52395279999996 ], [ -39.2690651, -6.525044 ], [ -39.271555, -6.52634529999995 ], [ -39.2748045, -6.52743719999995 ], [ -39.2777778, -6.52786349999997 ], [ -39.2792818, -6.52747729999993 ], [ -39.281319499999903, -6.52576369999997 ], [ -39.2818945, -6.52528039999993 ], [ -39.2832285, -6.52499469999998 ], [ -39.2858378, -6.52480679999996 ], [ -39.290201399999901, -6.52531459999994 ], [ -39.2933341, -6.52612959999993 ], [ -39.2968074999999, -6.52669379999998 ], [ -39.2991160999999, -6.52723069999996 ], [ -39.3008895, -6.52812069999993 ], [ -39.302256699999901, -6.52902809999995 ], [ -39.305561, -6.52929569999998 ], [ -39.311477399999902, -6.52948929999997 ], [ -39.3150841, -6.52988139999997 ], [ -39.3157876, -6.52995789999994 ], [ -39.3188675, -6.530145 ], [ -39.3223704, -6.531269 ], [ -39.3254213, -6.53272169999997 ], [ -39.328752, -6.53326129999994 ], [ -39.3328112, -6.53422659999995 ], [ -39.3345037, -6.53452039999996 ], [ -39.3405197, -6.53496049999995 ], [ -39.3420047, -6.53471339999993 ], [ -39.342421499999901, -6.53441919999995 ], [ -39.3423964, -6.53339339999997 ], [ -39.3425852, -6.53166549999997 ], [ -39.3438083, -6.52944649999995 ], [ -39.3444564, -6.527475 ], [ -39.344617099999901, -6.52569369999998 ], [ -39.34531, -6.52447379999995 ], [ -39.3448389, -6.523376 ], [ -39.344289199999899, -6.52240749999993 ], [ -39.345278699999902, -6.52100649999994 ], [ -39.347426799999901, -6.52091639999998 ], [ -39.348561399999902, -6.52018829999997 ], [ -39.3491147, -6.51859849999994 ], [ -39.351117, -6.51698329999994 ], [ -39.3532253, -6.51575249999996 ], [ -39.3546185, -6.51361209999993 ], [ -39.3560085, -6.51212579999998 ], [ -39.357994899999902, -6.50973809999994 ], [ -39.3587621, -6.50881749999996 ], [ -39.3586685, -6.50817449999994 ], [ -39.357474599999897, -6.50698039999997 ], [ -39.354523599999901, -6.50470829999995 ], [ -39.3535638, -6.50306619999998 ], [ -39.3531245, -6.50210949999996 ], [ -39.352783, -6.50011869999997 ], [ -39.353089, -6.49800619999996 ], [ -39.353280299999902, -6.49734659999996 ], [ -39.3536968, -6.49670859999998 ], [ -39.3547335, -6.49565039999993 ], [ -39.3548122, -6.49448789999997 ], [ -39.3543965, -6.49357369999996 ], [ -39.353256499999901, -6.49294569999995 ], [ -39.3523461, -6.49225529999995 ], [ -39.3526168, -6.49130889999998 ], [ -39.353640599999899, -6.49008329999998 ], [ -39.354757699999901, -6.48894909999996 ], [ -39.3552581, -6.48797269999994 ], [ -39.3559754999999, -6.486949 ], [ -39.3554778, -6.48665539999996 ], [ -39.354395399999902, -6.48685339999997 ], [ -39.3521721, -6.48656089999997 ], [ -39.3496737, -6.48595019999993 ], [ -39.3480752, -6.48526739999994 ], [ -39.349013, -6.48260729999993 ], [ -39.349901, -6.48102989999995 ], [ -39.351182999999899, -6.47787559999995 ], [ -39.3508858, -6.47444649999994 ], [ -39.3505374, -6.47273069999994 ], [ -39.351435599999903, -6.46902569999997 ], [ -39.3538583, -6.46622789999998 ], [ -39.3559036, -6.46570629999997 ], [ -39.3590715, -6.46674889999997 ], [ -39.363636, -6.469426 ], [ -39.3750026, -6.47483359999995 ], [ -39.375652, -6.47247479999993 ], [ -39.376395499999902, -6.47142759999997 ], [ -39.3787568, -6.47134809999994 ], [ -39.3812571, -6.47086589999998 ], [ -39.3842829, -6.47065009999994 ], [ -39.3852367, -6.46903019999996 ], [ -39.3852358, -6.46779269999996 ], [ -39.3849605999999, -6.46628219999997 ], [ -39.385370099999903, -6.46490689999996 ], [ -39.385919699999903, -6.464494 ], [ -39.3874309, -6.46449189999993 ], [ -39.3906583999999, -6.465452 ], [ -39.3924448, -6.46572559999993 ], [ -39.395738999999899, -6.46640959999996 ], [ -39.397034699999899, -6.46629879999995 ], [ -39.398095899999902, -6.46590419999995 ], [ -39.398269399999897, -6.46534779999996 ], [ -39.3981702, -6.46492169999993 ], [ -39.4039481, -6.450278 ], [ -39.407298399999902, -6.44178679999993 ], [ -39.407511, -6.42995049999996 ], [ -39.4077564, -6.41628879999996 ], [ -39.4078921, -6.40873089999997 ], [ -39.4083843, -6.40870919999998 ], [ -39.408763899999897, -6.40873619999996 ], [ -39.4090294, -6.40885839999993 ], [ -39.4093669, -6.40883149999996 ], [ -39.409778399999901, -6.40883119999995 ], [ -39.410036799999901, -6.40884049999994 ], [ -39.4102379, -6.40894569999995 ], [ -39.4105537, -6.408955 ], [ -39.41086, -6.40902179999995 ], [ -39.4110418, -6.40904079999996 ], [ -39.4113386, -6.40911709999995 ], [ -39.411482099999901, -6.40909789999995 ], [ -39.4118936, -6.40912629999997 ], [ -39.4125445, -6.40922149999994 ], [ -39.4129177, -6.40914459999993 ], [ -39.413100799999903, -6.40890989999997 ], [ -39.413399, -6.40783269999997 ], [ -39.4131434, -6.406726 ], [ -39.4133841, -6.40584919999998 ], [ -39.413446399999899, -6.40546189999998 ], [ -39.4136693, -6.40456489999997 ], [ -39.4140901, -6.40350969999997 ], [ -39.4140891, -6.402279 ], [ -39.414474299999902, -6.40087219999998 ], [ -39.4144734999999, -6.39985259999997 ], [ -39.414472799999899, -6.39897349999995 ], [ -39.4148236, -6.39830509999996 ], [ -39.4148226, -6.39717989999997 ], [ -39.414821199999899, -6.39542179999995 ], [ -39.41482, -6.39383959999998 ], [ -39.4148188, -6.39239789999993 ], [ -39.414817899999903, -6.39123759999995 ], [ -39.415554799999903, -6.39042829999994 ], [ -39.4168544999999, -6.39042719999998 ], [ -39.4177682, -6.39088359999994 ], [ -39.4196655, -6.39144289999996 ], [ -39.4219356, -6.391441 ], [ -39.423555599999901, -6.39196259999994 ], [ -39.424466799999898, -6.39273619999994 ], [ -39.424748, -6.39282639999993 ], [ -39.4251259, -6.39283419999992 ], [ -39.4259152, -6.39261919999996 ], [ -39.427369999999897, -6.39254739999996 ], [ -39.427886199999897, -6.39283079999996 ], [ -39.429279, -6.39336819999994 ], [ -39.4304351, -6.39391289999998 ], [ -39.4309739, -6.39450839999995 ], [ -39.431254099999897, -6.394939 ], [ -39.4315417, -6.39552029999993 ], [ -39.431819399999902, -6.39629539999993 ], [ -39.4317905, -6.39643069999994 ], [ -39.4318145, -6.39653239999996 ], [ -39.4318684, -6.39660409999993 ], [ -39.432071999999899, -6.39684329999994 ], [ -39.432149799999898, -6.39696289999995 ], [ -39.4322217, -6.39707059999995 ], [ -39.4322994999999, -6.39719609999997 ], [ -39.4324133, -6.39735159999998 ], [ -39.4325031, -6.39747119999993 ], [ -39.4327724, -6.39758469999992 ], [ -39.43291, -6.39766829999996 ], [ -39.433053599999901, -6.397734 ], [ -39.4331792999999, -6.39779969999995 ], [ -39.4334006, -6.39782349999996 ], [ -39.433604, -6.39785919999997 ], [ -39.4338374, -6.39798469999994 ], [ -39.433933099999898, -6.39804439999995 ], [ -39.4340169, -6.39814009999998 ], [ -39.4340708, -6.39820589999994 ], [ -39.434238299999897, -6.39821169999993 ], [ -39.434363899999902, -6.39818169999995 ], [ -39.4345253, -6.39807979999995 ], [ -39.4345671, -6.398002 ], [ -39.435165, -6.39770229999993 ], [ -39.4353682, -6.39758849999993 ], [ -39.4355595, -6.39746859999997 ], [ -39.435822599999902, -6.39734279999993 ], [ -39.4359780999999, -6.39734259999994 ], [ -39.4361635, -6.39732449999997 ], [ -39.4363309, -6.39727049999993 ], [ -39.436432599999897, -6.39721659999998 ], [ -39.4365581, -6.39714469999996 ], [ -39.436725399999901, -6.39695309999996 ], [ -39.4368449, -6.39682129999994 ], [ -39.4369644, -6.39669559999993 ], [ -39.437084, -6.39658179999998 ], [ -39.4372094, -6.39633039999995 ], [ -39.437334899999897, -6.39622849999995 ], [ -39.4374425, -6.39612669999997 ], [ -39.437567999999899, -6.39602489999993 ], [ -39.4377593, -6.395923 ], [ -39.4378968, -6.39581519999996 ], [ -39.4380642, -6.39571329999995 ], [ -39.438159799999902, -6.39567139999997 ], [ -39.438440899999897, -6.39561129999993 ], [ -39.4387518, -6.39552129999993 ], [ -39.439164499999897, -6.39546709999996 ], [ -39.439840499999903, -6.395652 ], [ -39.4400977, -6.39566969999993 ], [ -39.440193399999899, -6.39560379999995 ], [ -39.4401933, -6.39550209999993 ], [ -39.4401932, -6.39538239999996 ], [ -39.4402110999999, -6.39531659999994 ], [ -39.440264899999903, -6.39529259999995 ], [ -39.4403247, -6.39530449999995 ], [ -39.4403786, -6.39535229999996 ], [ -39.4404623, -6.39534629999997 ], [ -39.440539999999899, -6.39533429999994 ], [ -39.4406238, -6.39531619999997 ], [ -39.4407074, -6.39524439999997 ], [ -39.440809, -6.39508269999993 ], [ -39.4408807, -6.39501089999993 ], [ -39.4409823, -6.39496289999994 ], [ -39.441083999999897, -6.39493889999994 ], [ -39.4412095, -6.394867 ], [ -39.4415145, -6.39481289999998 ], [ -39.4417179, -6.39480669999995 ], [ -39.4420531, -6.39476449999995 ], [ -39.443273, -6.39456249999995 ], [ -39.444105799999903, -6.39471969999994 ], [ -39.446345199999897, -6.39481829999994 ], [ -39.448067799999897, -6.39485989999997 ], [ -39.449267, -6.39457219999997 ], [ -39.449747199999898, -6.39471479999997 ], [ -39.4502064, -6.39461389999997 ], [ -39.4508379, -6.39441229999994 ], [ -39.451271399999897, -6.39277639999995 ], [ -39.4513554, -6.39097919999995 ], [ -39.4518411, -6.39015459999996 ], [ -39.452501799999901, -6.38978049999997 ], [ -39.4533264, -6.38969019999996 ], [ -39.4537548, -6.38949979999995 ], [ -39.4543638, -6.38896109999996 ], [ -39.455509999999897, -6.38795569999996 ], [ -39.456167299999898, -6.38735669999994 ], [ -39.457347599999899, -6.38613489999994 ], [ -39.4578354, -6.38586159999994 ], [ -39.4592843, -6.38486949999998 ], [ -39.4605751, -6.38357589999993 ], [ -39.46145, -6.382814 ], [ -39.4622965, -6.38233939999998 ], [ -39.463563, -6.38146829999994 ], [ -39.463958799999901, -6.38115579999993 ], [ -39.4642666, -6.38058379999995 ], [ -39.464295299999897, -6.38029709999995 ], [ -39.463902, -6.379911 ], [ -39.463542699999898, -6.37938 ], [ -39.463427, -6.37843229999993 ], [ -39.4639247, -6.37748589999995 ], [ -39.464247, -6.37716 ], [ -39.4645628, -6.37714539999996 ], [ -39.4651488, -6.37769839999993 ], [ -39.465450299999901, -6.37769809999998 ], [ -39.4668232, -6.37604119999997 ], [ -39.467683899999898, -6.37540619999993 ], [ -39.4682579, -6.37523809999993 ], [ -39.468963899999899, -6.37548879999997 ], [ -39.4697535, -6.37560769999993 ], [ -39.470902, -6.375858 ], [ -39.472793399999901, -6.37485009999995 ], [ -39.4732116, -6.37435939999995 ], [ -39.471775599999901, -6.36725609999996 ], [ -39.4708649, -6.36612339999994 ], [ -39.470708199999898, -6.36584949999997 ], [ -39.470565, -6.36541719999997 ], [ -39.4707847, -6.36481139999995 ], [ -39.4710474, -6.36429659999993 ], [ -39.471094999999899, -6.36397339999996 ], [ -39.4710946, -6.36356649999993 ], [ -39.4709022, -6.36245379999997 ], [ -39.4705306, -6.36153259999998 ], [ -39.469836299999898, -6.36097079999996 ], [ -39.4697045, -6.36074359999998 ], [ -39.4695366, -6.36024109999994 ], [ -39.469416599999903, -6.35987019999993 ], [ -39.4693445999999, -6.359619 ], [ -39.4690692, -6.35928419999993 ], [ -39.4688295999999, -6.35891339999995 ], [ -39.4686619, -6.35862639999993 ], [ -39.4686495, -6.35811179999996 ], [ -39.468612999999898, -6.35738179999993 ], [ -39.468516899999898, -6.35701089999998 ], [ -39.4680261, -6.35660449999995 ], [ -39.4677748, -6.35648509999993 ], [ -39.4672844, -6.35649749999993 ], [ -39.4670930999999, -6.35649769999998 ], [ -39.466806, -6.35653379999997 ], [ -39.4666266, -6.35653639999992 ], [ -39.4663899, -6.35670169999997 ], [ -39.4661103, -6.35700359999993 ], [ -39.4659239, -6.35726939999995 ], [ -39.4655508, -6.35737739999996 ], [ -39.4653068, -6.35737049999994 ], [ -39.4651489, -6.35732749999994 ], [ -39.4649333999999, -6.35713389999995 ], [ -39.464638799999904, -6.35671769999993 ], [ -39.4642365, -6.35631589999997 ], [ -39.4640497, -6.35613659999996 ], [ -39.4641414, -6.35424809999995 ], [ -39.4641215, -6.35419159999998 ], [ -39.4639471, -6.35369539999994 ], [ -39.4630916999999, -6.35218829999997 ], [ -39.4628259, -6.35185109999998 ], [ -39.462718, -6.35160709999997 ], [ -39.462796599999898, -6.35129109999997 ], [ -39.4629472, -6.35108989999998 ], [ -39.4634996, -6.35086679999995 ], [ -39.4637739, -6.35080159999995 ], [ -39.464439599999899, -6.35064339999997 ], [ -39.4647481, -6.35054259999993 ], [ -39.464769499999903, -6.35040609999993 ], [ -39.464755, -6.35031279999993 ], [ -39.4646832, -6.35019079999995 ], [ -39.4644172, -6.34973869999993 ], [ -39.464330399999902, -6.34964609999997 ], [ -39.4642089, -6.34951629999995 ], [ -39.463892499999901, -6.34878419999995 ], [ -39.4639425, -6.34854 ], [ -39.4640213, -6.348461 ], [ -39.464215099999898, -6.34841049999994 ], [ -39.4645596, -6.34844609999993 ], [ -39.4646716, -6.34841589999996 ], [ -39.4647461, -6.34839569999997 ], [ -39.4647603, -6.34823059999997 ], [ -39.464702799999898, -6.348087 ], [ -39.4646882, -6.34778539999996 ], [ -39.4645864, -6.34764809999996 ], [ -39.4644223, -6.34742669999997 ], [ -39.464328899999899, -6.34731909999994 ], [ -39.4642355, -6.34721859999996 ], [ -39.4641779, -6.34701759999996 ], [ -39.464120299999898, -6.34676639999998 ], [ -39.463991, -6.346587 ], [ -39.4639405, -6.34636439999997 ], [ -39.4638973, -6.34613469999994 ], [ -39.4638684, -6.34598389999996 ], [ -39.463767899999901, -6.34589789999995 ], [ -39.4636242999999, -6.34582619999998 ], [ -39.463459199999903, -6.34582639999996 ], [ -39.4633014, -6.34586959999996 ], [ -39.4629712, -6.34586269999994 ], [ -39.4627272, -6.34584849999993 ], [ -39.462597899999899, -6.34576249999998 ], [ -39.4626474, -6.34494389999998 ], [ -39.4628405999999, -6.34429029999995 ], [ -39.462948099999899, -6.34402459999995 ], [ -39.4630771, -6.34383059999993 ], [ -39.463199, -6.34378019999997 ], [ -39.4633499, -6.34400269999998 ], [ -39.463369199999903, -6.34407459999994 ], [ -39.4633787, -6.34411039999998 ], [ -39.463400299999897, -6.34416059999995 ], [ -39.4637015, -6.34393769999997 ], [ -39.4638303999999, -6.34360729999997 ], [ -39.4640237999999, -6.343241 ], [ -39.464174199999903, -6.34281719999996 ], [ -39.4641955, -6.34254429999993 ], [ -39.4641235, -6.342329 ], [ -39.4636925, -6.34191289999995 ], [ -39.4635737, -6.34188859999995 ], [ -39.4634126, -6.34185569999994 ], [ -39.4631828999999, -6.34179129999995 ], [ -39.4630534, -6.34146829999997 ], [ -39.4630387999999, -6.34113809999997 ], [ -39.4630816, -6.34087949999997 ], [ -39.463146, -6.34067839999994 ], [ -39.4630093, -6.34031949999996 ], [ -39.4629591, -6.34026929999993 ], [ -39.4629016, -6.34020469999996 ], [ -39.462872499999897, -6.33983859999995 ], [ -39.462936899999903, -6.33961589999996 ], [ -39.4629368, -6.33950109999995 ], [ -39.4629467, -6.33945209999996 ], [ -39.4630079, -6.33915009999993 ], [ -39.4628537, -6.33861109999998 ], [ -39.4626617, -6.33823949999993 ], [ -39.462327899999899, -6.33785879999994 ], [ -39.4610163, -6.336363 ], [ -39.460561599999899, -6.33542809999994 ], [ -39.4604156, -6.33490439999997 ], [ -39.4597548, -6.33366879999994 ], [ -39.4598498, -6.33280709999997 ], [ -39.4601658, -6.33214019999997 ], [ -39.4596091, -6.33115579999998 ], [ -39.458626799999898, -6.32948129999994 ], [ -39.4585582, -6.32842649999998 ], [ -39.4585018, -6.32801019999994 ], [ -39.4583843, -6.32714339999995 ], [ -39.4583689, -6.32703 ], [ -39.458382899999897, -6.32651259999994 ], [ -39.458567899999899, -6.32609 ], [ -39.458983499999903, -6.325706 ], [ -39.4592187, -6.32537589999993 ], [ -39.4592498, -6.32533219999993 ], [ -39.4594781, -6.32482629999993 ], [ -39.4633883, -6.28517979999998 ], [ -39.463861199999897, -6.28038539999994 ], [ -39.419585, -6.26205209999995 ], [ -39.4171583, -6.26104729999997 ], [ -39.417002599999897, -6.26067639999997 ], [ -39.4167335, -6.26027209999995 ], [ -39.4163976, -6.25994169999996 ], [ -39.4160984, -6.25970259999997 ], [ -39.4153807, -6.25952359999997 ], [ -39.4146335, -6.25917049999993 ], [ -39.4142744, -6.25883569999996 ], [ -39.4142739, -6.25816549999996 ], [ -39.4146679, -6.25732749999997 ], [ -39.414966299999897, -6.25659729999995 ], [ -39.414953899999901, -6.25607069999995 ], [ -39.4147381, -6.25541269999997 ], [ -39.414713699999901, -6.25479039999993 ], [ -39.414868899999902, -6.25440739999993 ], [ -39.4152869, -6.25425819999998 ], [ -39.4159741, -6.25368919999994 ], [ -39.4164519, -6.25297079999996 ], [ -39.4168768, -6.25288589999997 ], [ -39.4173192, -6.252742 ], [ -39.417582099999898, -6.25252639999997 ], [ -39.4174623, -6.25222729999996 ], [ -39.417031699999903, -6.25211989999997 ], [ -39.416947799999903, -6.25188069999996 ], [ -39.417067099999898, -6.25150959999996 ], [ -39.4172343, -6.25122219999997 ], [ -39.4174613, -6.25092289999998 ], [ -39.417700099999898, -6.25056369999993 ], [ -39.4177237, -6.25009689999996 ], [ -39.417555999999898, -6.24978589999995 ], [ -39.417161099999902, -6.24937939999995 ], [ -39.4170171, -6.24878109999997 ], [ -39.4170525, -6.24821859999997 ], [ -39.417171799999899, -6.24778769999995 ], [ -39.4173744, -6.24692589999995 ], [ -39.417227599999897, -6.24629459999994 ], [ -39.4170626, -6.24571559999993 ], [ -39.4166911, -6.24525339999997 ], [ -39.4163558, -6.24488489999993 ], [ -39.415786, -6.244617 ], [ -39.415115899999897, -6.24458409999994 ], [ -39.4144994, -6.24455719999997 ], [ -39.4141104999999, -6.24445069999996 ], [ -39.4137082, -6.24414929999995 ], [ -39.4132387, -6.24368029999994 ], [ -39.412869999999899, -6.24337879999996 ], [ -39.4125346, -6.24307729999992 ], [ -39.4121653999999, -6.24227289999993 ], [ -39.4120644, -6.24166939999998 ], [ -39.4120305, -6.24099889999997 ], [ -39.411963, -6.240496 ], [ -39.4114599, -6.23972519999995 ], [ -39.411057399999898, -6.23922249999993 ], [ -39.4104874, -6.23868649999997 ], [ -39.4099173, -6.238117 ], [ -39.409481399999898, -6.237715 ], [ -39.4086766, -6.23684379999997 ], [ -39.4079725, -6.23614029999993 ], [ -39.407402299999902, -6.23536959999996 ], [ -39.406396099999903, -6.23416329999998 ], [ -39.3906233, -6.22196679999996 ], [ -39.3898639, -6.22196729999996 ], [ -39.3890598, -6.222102 ], [ -39.3883898, -6.22219189999993 ], [ -39.3876304, -6.22219249999995 ], [ -39.3870941, -6.22201409999997 ], [ -39.3867812, -6.22170129999995 ], [ -39.3863340999999, -6.22120989999996 ], [ -39.3859315999999, -6.22058429999993 ], [ -39.3856632, -6.22000329999997 ], [ -39.3853501, -6.21955649999995 ], [ -39.384769199999901, -6.21937809999997 ], [ -39.3839651, -6.21942339999993 ], [ -39.3835185, -6.21955779999996 ], [ -39.3820267, -6.220535 ], [ -39.3810528, -6.22069789999995 ], [ -39.3805995, -6.22052779999996 ], [ -39.3806982, -6.21945779999993 ], [ -39.380633799999899, -6.21920049999994 ], [ -39.3797061, -6.21882409999995 ], [ -39.3793186, -6.21866679999994 ], [ -39.3784696, -6.21839909999994 ], [ -39.3773078, -6.21795279999998 ], [ -39.3763246, -6.21750649999996 ], [ -39.3756542, -6.21705989999998 ], [ -39.3749392, -6.21674749999994 ], [ -39.3737049, -6.21657849999997 ], [ -39.373504, -6.21667909999996 ], [ -39.3736628999999, -6.218072 ], [ -39.3735197, -6.21848859999994 ], [ -39.3731538, -6.21880519999996 ], [ -39.372662499999898, -6.21898439999995 ], [ -39.3721709, -6.21880589999995 ], [ -39.3719674, -6.21876529999997 ], [ -39.3715008, -6.21867229999998 ], [ -39.3710093, -6.21853849999997 ], [ -39.3708477, -6.21837709999994 ], [ -39.3708649, -6.21802929999996 ], [ -39.370749799999899, -6.21759859999997 ], [ -39.3704195, -6.21723979999996 ], [ -39.370328399999899, -6.21692869999993 ], [ -39.369869, -6.21665619999993 ], [ -39.3693378, -6.21629759999996 ], [ -39.3690652, -6.216269 ], [ -39.368692399999901, -6.21670009999997 ], [ -39.3683343, -6.21767689999996 ], [ -39.3680333, -6.21822279999998 ], [ -39.367761, -6.21869689999994 ], [ -39.3671802, -6.219602 ], [ -39.367209, -6.21972639999996 ], [ -39.3672091, -6.21984129999993 ], [ -39.367285799999898, -6.22009019999996 ], [ -39.367353, -6.22034859999997 ], [ -39.367343499999897, -6.22051139999996 ], [ -39.3672958, -6.22063589999993 ], [ -39.367295899999903, -6.22077949999994 ], [ -39.367296, -6.22094219999997 ], [ -39.3672961, -6.221105 ], [ -39.367229199999898, -6.22119119999996 ], [ -39.3670953, -6.221287 ], [ -39.3669614, -6.22130629999998 ], [ -39.366531, -6.22144059999994 ], [ -39.3662992, -6.22149819999993 ], [ -39.365954799999898, -6.22145539999997 ], [ -39.3655242, -6.22135519999995 ], [ -39.3652084, -6.22116869999996 ], [ -39.3649788, -6.22118319999993 ], [ -39.364720599999899, -6.22131259999998 ], [ -39.364396499999899, -6.22133119999995 ], [ -39.3638194, -6.22166829999998 ], [ -39.3633702999999, -6.22202679999998 ], [ -39.3629455, -6.22201449999994 ], [ -39.362786399999898, -6.22196479999997 ], [ -39.362202599999897, -6.22178849999995 ], [ -39.3616686, -6.22154489999997 ], [ -39.3612393, -6.22158019999995 ], [ -39.3609261, -6.221801 ], [ -39.3605203, -6.22230069999995 ], [ -39.359952, -6.22275409999997 ], [ -39.359314, -6.223103 ], [ -39.3586410999999, -6.22338219999995 ], [ -39.3581025, -6.223844 ], [ -39.357823799999899, -6.22408289999993 ], [ -39.357465499999897, -6.22467189999998 ], [ -39.357121499999899, -6.22521789999996 ], [ -39.3567743999999, -6.22571829999993 ], [ -39.3420273, -6.21034009999994 ], [ -39.3313939, -6.19925149999995 ], [ -39.328758799999903, -6.19650359999997 ], [ -39.315540199999901, -6.18271929999997 ], [ -39.3077218, -6.17456629999998 ], [ -39.3038369, -6.17614159999994 ], [ -39.3028363, -6.175955 ], [ -39.301531699999899, -6.17548259999995 ], [ -39.29975, -6.17517329999993 ], [ -39.2984494, -6.17543459999996 ], [ -39.296584799999899, -6.17549079999998 ], [ -39.295034299999898, -6.17481949999996 ], [ -39.293456499999898, -6.17400529999998 ], [ -39.291978399999898, -6.17349319999994 ], [ -39.2882023, -6.17382909999998 ], [ -39.2846688999999, -6.17181549999998 ], [ -39.282942999999896, -6.17109629999993 ], [ -39.2804762, -6.17078559999993 ], [ -39.277141399999898, -6.17171269999994 ], [ -39.2761935, -6.17230029999996 ], [ -39.275021299999899, -6.17370769999997 ], [ -39.273590399999897, -6.17690129999994 ], [ -39.273471399999899, -6.17793059999997 ], [ -39.2735916, -6.17916319999995 ], [ -39.273066, -6.18028839999994 ], [ -39.2728155, -6.18146129999997 ], [ -39.2729118, -6.182646 ], [ -39.2753091, -6.185387 ], [ -39.2766678999999, -6.18592359999997 ], [ -39.277390099999899, -6.18758959999997 ], [ -39.2769706999999, -6.18927689999992 ], [ -39.276278299999902, -6.19104759999993 ], [ -39.2759265, -6.19243819999997 ], [ -39.2758648, -6.19381959999993 ], [ -39.2775005, -6.194793 ], [ -39.278867299999902, -6.196625 ], [ -39.2794484, -6.19818249999997 ], [ -39.279252299999897, -6.19995469999998 ], [ -39.278340199999903, -6.20154279999997 ], [ -39.277168399999901, -6.20271939999998 ], [ -39.2767504, -6.20376 ], [ -39.2772545999999, -6.20505869999994 ], [ -39.2781211, -6.20518359999994 ], [ -39.2794469, -6.20647289999994 ], [ -39.2806990999999, -6.20960349999996 ], [ -39.2806431, -6.21122819999994 ], [ -39.2785521, -6.21235379999996 ], [ -39.276209499999901, -6.213615 ], [ -39.2726249, -6.21648019999998 ], [ -39.270642199999898, -6.21913039999993 ], [ -39.2683388, -6.22071769999997 ], [ -39.2665506, -6.22241529999997 ], [ -39.2658261, -6.22310309999995 ], [ -39.2664033, -6.22327319999994 ], [ -39.266655199999903, -6.22334589999997 ], [ -39.2675154, -6.22360149999997 ], [ -39.272345899999898, -6.22502649999996 ], [ -39.2797671, -6.22721569999993 ], [ -39.2949651, -6.23169909999996 ], [ -39.2923694999999, -6.243357 ], [ -39.2917361, -6.24628159999997 ], [ -39.2915623, -6.24664519999993 ], [ -39.2912618, -6.24786679999994 ], [ -39.290885, -6.249401 ], [ -39.2910345, -6.24952059999993 ], [ -39.291483099999901, -6.24969979999997 ], [ -39.292051199999896, -6.24969949999996 ], [ -39.292170499999898, -6.24931049999998 ], [ -39.2924993, -6.249071 ], [ -39.292828299999897, -6.24934009999993 ], [ -39.2933368999999, -6.24993819999997 ], [ -39.293725799999898, -6.250267 ], [ -39.2944135, -6.25038629999995 ], [ -39.2958788, -6.25089409999993 ], [ -39.2965664, -6.25083389999998 ], [ -39.2968056, -6.25089359999993 ], [ -39.2970151, -6.25119269999993 ], [ -39.2970452, -6.25164139999993 ], [ -39.297434, -6.25185059999995 ], [ -39.2980019, -6.25152119999996 ], [ -39.299048099999901, -6.25113169999997 ], [ -39.299436899999897, -6.251311 ], [ -39.2997551999999, -6.251435 ], [ -39.3003639, -6.25163949999995 ], [ -39.300821, -6.25161749999995 ], [ -39.3014163, -6.251609 ], [ -39.3015897, -6.25160789999995 ], [ -39.301644699999898, -6.25160869999996 ], [ -39.3017631, -6.25160139999997 ], [ -39.3023266, -6.25156179999993 ], [ -39.3023408, -6.25156069999997 ], [ -39.3023564, -6.25155969999997 ], [ -39.3023774, -6.25155829999994 ], [ -39.3023914, -6.25155719999998 ], [ -39.302407, -6.25155609999996 ], [ -39.302426599999897, -6.25155479999995 ], [ -39.3024404, -6.25155379999995 ], [ -39.302451399999903, -6.25155309999997 ], [ -39.3024667, -6.251552 ], [ -39.3024821, -6.25155089999993 ], [ -39.3024937, -6.25155009999997 ], [ -39.3025091, -6.25154909999998 ], [ -39.3026588, -6.25154849999996 ], [ -39.3027159, -6.25154849999996 ], [ -39.3027726, -6.25154829999997 ], [ -39.302830899999897, -6.25154839999993 ], [ -39.3029369, -6.25154829999997 ], [ -39.3029915, -6.25154829999997 ], [ -39.303054599999903, -6.25154829999997 ], [ -39.3031329, -6.25154109999994 ], [ -39.303383499999903, -6.25151819999996 ], [ -39.3042204, -6.25103889999997 ], [ -39.304549199999897, -6.25100869999994 ], [ -39.3052668, -6.25136759999998 ], [ -39.3054938, -6.25168319999995 ], [ -39.305566999999897, -6.25178749999998 ], [ -39.305912, -6.25186779999996 ], [ -39.306048299999901, -6.25190059999994 ], [ -39.306194199999901, -6.25193539999998 ], [ -39.3069115, -6.25202379999996 ], [ -39.3070614, -6.25226379999998 ], [ -39.3070642, -6.25227669999992 ], [ -39.307121299999899, -6.252533 ], [ -39.307141499999901, -6.25267319999995 ], [ -39.3071528, -6.25275139999997 ], [ -39.3071654, -6.25284109999996 ], [ -39.307167499999899, -6.25285379999997 ], [ -39.307181, -6.25295029999995 ], [ -39.3071926, -6.25295919999996 ], [ -39.307203199999897, -6.25296589999994 ], [ -39.3072164, -6.25297459999996 ], [ -39.307226399999898, -6.25298059999994 ], [ -39.3072553, -6.25299919999998 ], [ -39.3073201999999, -6.25304019999993 ], [ -39.3073593, -6.25306539999997 ], [ -39.3074228, -6.25310549999995 ], [ -39.307467099999897, -6.25313379999994 ], [ -39.3075104, -6.25316109999994 ], [ -39.307533299999903, -6.25318219999997 ], [ -39.3075838, -6.25322739999996 ], [ -39.3076692, -6.25330439999993 ], [ -39.3077196, -6.25334889999993 ], [ -39.3078097, -6.25343039999996 ], [ -39.3078067, -6.25366429999997 ], [ -39.3078133, -6.253822 ], [ -39.307811, -6.25387839999996 ], [ -39.3080363, -6.25515849999994 ], [ -39.308415, -6.25560019999995 ], [ -39.3086764, -6.25679919999993 ], [ -39.308883799999897, -6.25713279999997 ], [ -39.3098118999999, -6.25731759999996 ], [ -39.310413, -6.25752759999995 ], [ -39.3108018, -6.25773679999998 ], [ -39.3111014, -6.258335 ], [ -39.3113706, -6.25872379999993 ], [ -39.3114307, -6.25917259999994 ], [ -39.3115503, -6.25932209999996 ], [ -39.312118499999897, -6.25953109999995 ], [ -39.312567499999901, -6.26024919999998 ], [ -39.313464199999899, -6.26099689999995 ], [ -39.3137980999999, -6.261082 ], [ -39.3144156, -6.26105489999998 ], [ -39.314713099999899, -6.26117659999994 ], [ -39.3154342999999, -6.26114059999998 ], [ -39.3160698, -6.26099639999995 ], [ -39.316538599999902, -6.26135359999995 ], [ -39.31711, -6.26137719999997 ], [ -39.3173939, -6.26156319999996 ], [ -39.318127499999903, -6.26135689999995 ], [ -39.318351199999903, -6.26120919999994 ], [ -39.3184677, -6.26113569999995 ], [ -39.318606499999902, -6.26105489999998 ], [ -39.3185703, -6.26119879999993 ], [ -39.3176170999999, -6.26594779999994 ], [ -39.3051493, -6.27108639999994 ], [ -39.305039, -6.27107429999995 ], [ -39.3051154999999, -6.27110669999996 ], [ -39.2991048, -6.27359479999996 ], [ -39.299070599999901, -6.27360069999997 ], [ -39.2974212, -6.27430469999996 ], [ -39.292938499999899, -6.27621139999997 ], [ -39.2927933, -6.27618029999996 ], [ -39.2895917, -6.277469 ], [ -39.2894195, -6.27743819999995 ], [ -39.2895601, -6.27754 ], [ -39.286271199999902, -6.27901859999997 ], [ -39.2832419, -6.27939409999993 ], [ -39.278724699999898, -6.27920379999995 ], [ -39.2740952, -6.277881 ], [ -39.2675103, -6.27480059999994 ], [ -39.2668643, -6.27461089999997 ], [ -39.256713499999897, -6.27162969999995 ], [ -39.254008699999901, -6.27174369999994 ], [ -39.249190499999898, -6.272634 ], [ -39.2470587, -6.27423169999997 ], [ -39.244638199999898, -6.27535729999994 ], [ -39.2417371, -6.27578119999993 ], [ -39.2416989, -6.27667529999997 ], [ -39.241580199999902, -6.279496 ], [ -39.2414871, -6.28149109999993 ], [ -39.241410099999896, -6.28341889999996 ], [ -39.2413523, -6.28486769999995 ], [ -39.241294599999897, -6.286169 ], [ -39.2412368, -6.28733219999998 ], [ -39.2412112, -6.28821869999996 ], [ -39.241182299999899, -6.28908909999996 ], [ -39.241137299999899, -6.28989459999997 ], [ -39.241067, -6.2906 ], [ -39.2408995, -6.29050429999995 ], [ -39.240134, -6.29028929999993 ], [ -39.2391054, -6.29031369999996 ], [ -39.23779, -6.29072119999995 ], [ -39.235589699999899, -6.29163169999993 ], [ -39.2344419, -6.29232629999996 ], [ -39.233485599999902, -6.29349949999994 ], [ -39.2308548, -6.29457769999993 ], [ -39.229730399999902, -6.294315 ], [ -39.228677699999899, -6.29378889999998 ], [ -39.227507699999897, -6.29297309999993 ], [ -39.2249686, -6.290679 ], [ -39.2237244, -6.28979389999995 ], [ -39.221940199999899, -6.28936849999997 ], [ -39.2206618, -6.28935749999994 ], [ -39.217782699999901, -6.28984269999995 ], [ -39.216562, -6.29020049999997 ], [ -39.2151845, -6.29033049999992 ], [ -39.212553199999903, -6.29033159999994 ], [ -39.2094435, -6.29015339999995 ], [ -39.208307499999897, -6.29057269999993 ], [ -39.2060352, -6.29099239999994 ], [ -39.2046002, -6.29165119999993 ], [ -39.2040406, -6.29199889999995 ], [ -39.202412, -6.29301629999998 ], [ -39.1999726, -6.29430969999993 ], [ -39.195954599999901, -6.29603459999993 ], [ -39.1916494, -6.29747219999996 ], [ -39.186339299999901, -6.29833579999996 ], [ -39.1828947999999, -6.29848059999995 ], [ -39.1781589, -6.29977479999997 ], [ -39.173997299999897, -6.30164309999998 ], [ -39.168257, -6.30379909999994 ], [ -39.1630903, -6.30466239999993 ], [ -39.1574921, -6.30251 ], [ -39.1467263, -6.297774 ], [ -39.1389746, -6.29246259999996 ], [ -39.134668, -6.28901709999997 ], [ -39.1340114, -6.28816729999994 ], [ -39.1322273, -6.28585839999994 ], [ -39.130697499999897, -6.28267829999993 ], [ -39.128139599999898, -6.28068329999996 ], [ -39.1272676, -6.27963589999996 ], [ -39.1245026, -6.27547149999998 ], [ -39.124035499999898, -6.274889 ], [ -39.1237168, -6.274517 ], [ -39.1234903, -6.27402369999993 ], [ -39.1219623, -6.27218219999997 ], [ -39.1200779, -6.27028969999998 ], [ -39.1165935, -6.26553119999994 ], [ -39.1147841, -6.26167159999994 ], [ -39.1107484999999, -6.25674839999994 ], [ -39.108302599999902, -6.25417069999997 ], [ -39.105826799999903, -6.25128369999993 ], [ -39.1028547, -6.24808649999994 ], [ -39.1007731, -6.24534219999993 ], [ -39.098906, -6.24359309999994 ], [ -39.0971013999999, -6.24221289999997 ], [ -39.0919933, -6.23945649999996 ], [ -39.0899646, -6.23859569999996 ], [ -39.0783695, -6.23583569999994 ], [ -39.0745736, -6.23532059999997 ], [ -39.0715254, -6.235113 ], [ -39.069214799999898, -6.23559459999996 ], [ -39.0678128, -6.23602349999993 ], [ -39.066084499999903, -6.23695189999995 ], [ -39.064578599999898, -6.23838139999998 ], [ -39.0637689, -6.24042509999992 ], [ -39.0624678, -6.24633059999996 ], [ -39.0620197, -6.24897939999994 ], [ -39.061471299999901, -6.25148429999996 ], [ -39.0563385, -6.25881879999997 ], [ -39.052828, -6.29615779999995 ], [ -39.0555929, -6.29791609999995 ], [ -39.058023499999898, -6.30145019999998 ], [ -39.0598337, -6.303565 ], [ -39.0623545999999, -6.30549879999995 ], [ -39.070220999999897, -6.309802 ], [ -39.0716054, -6.31132159999993 ], [ -39.0731354, -6.313744 ], [ -39.0732424, -6.315849 ], [ -39.075828699999903, -6.31960289999995 ], [ -39.0774655, -6.32175739999997 ], [ -39.0793024, -6.32509979999998 ], [ -39.0803481, -6.32861129999998 ], [ -39.080527199999899, -6.32921289999996 ], [ -39.0824157, -6.333259 ], [ -39.088098499999901, -6.33417259999993 ], [ -39.0939956, -6.334822 ], [ -39.097287799999897, -6.34033949999997 ], [ -39.0979353, -6.34097079999998 ], [ -39.100197, -6.34317489999995 ], [ -39.1011912, -6.34570319999995 ], [ -39.1009654, -6.346929 ], [ -39.1022967, -6.35338679999995 ], [ -39.101812499999902, -6.35558789999993 ], [ -39.1019185, -6.35675659999993 ], [ -39.1030562, -6.35772339999994 ], [ -39.104584499999902, -6.358644 ], [ -39.105527, -6.360112 ], [ -39.1063816, -6.36087269999996 ], [ -39.108447, -6.36200569999994 ], [ -39.109471799999902, -6.36344289999994 ], [ -39.1100246, -6.36493 ], [ -39.1101378, -6.36565819999993 ], [ -39.1112694, -6.36776579999997 ], [ -39.1125221, -6.36946159999997 ], [ -39.1143213, -6.37365249999993 ], [ -39.1165591, -6.37763709999996 ], [ -39.117923399999903, -6.38106329999994 ], [ -39.1189707, -6.38375569999994 ], [ -39.120765499999898, -6.38558029999996 ], [ -39.1246235999999, -6.38638719999994 ], [ -39.1255596, -6.38666919999997 ], [ -39.1299243, -6.38933829999996 ] ] ] ] } },
{ "type": "Feature", "properties": { "CD_MUN": "2305407", "NM_MUN": "Icó", "CD_RGI": "230010", "NM_RGI": "Icó", "CD_RGINT": "2303", "NM_RGINT": "Iguatu", "CD_UF": "23", "NM_UF": "Ceará", "SIGLA_UF": "CE", "CD_REGIAO": "2", "NM_REGIAO": "Nordeste", "SIGLA_RG": "NE", "CD_CONCURB": null, "NM_CONCURB": null, "AREA_KM2": 1865.86 }, "geometry": { "type": "MultiPolygon", "coordinates": [ [ [ [ -38.616111499999903, -6.52814519999993 ], [ -38.6160872, -6.52817149999993 ], [ -38.615403699999902, -6.52891129999995 ], [ -38.615367499999898, -6.52892419999995 ], [ -38.6135413, -6.52957729999997 ], [ -38.611887399999901, -6.53077009999993 ], [ -38.6107281, -6.53206129999995 ], [ -38.6107746, -6.53209119999997 ], [ -38.6111150999999, -6.53231059999996 ], [ -38.6115996, -6.53262269999993 ], [ -38.6122804, -6.53288109999994 ], [ -38.6142922, -6.53299989999994 ], [ -38.6163543, -6.53298479999995 ], [ -38.6176957, -6.53283489999995 ], [ -38.6216034, -6.53101009999995 ], [ -38.6226263, -6.53084319999994 ], [ -38.624570999999897, -6.53097879999996 ], [ -38.6268130999999, -6.53157769999996 ], [ -38.6312078999999, -6.53413279999995 ], [ -38.6327031, -6.534133 ], [ -38.6350116, -6.53496239999993 ], [ -38.6372225, -6.53836979999994 ], [ -38.6400927, -6.53802539999998 ], [ -38.640889199999897, -6.53859039999998 ], [ -38.6411737, -6.54047759999997 ], [ -38.6418695, -6.54138089999998 ], [ -38.646841799999898, -6.54235779999993 ], [ -38.6493958, -6.54546409999995 ], [ -38.6530620999999, -6.54764319999992 ], [ -38.656119499999903, -6.54811419999993 ], [ -38.657778999999898, -6.54669019999994 ], [ -38.6595596, -6.545852 ], [ -38.6620837, -6.54782119999993 ], [ -38.6636731, -6.55027189999993 ], [ -38.6649583, -6.55047449999995 ], [ -38.666231099999898, -6.55174809999994 ], [ -38.672386699999898, -6.55547359999997 ], [ -38.67734, -6.56043459999995 ], [ -38.677846799999898, -6.56112169999994 ], [ -38.6792829, -6.56306859999995 ], [ -38.6823941, -6.56313039999998 ], [ -38.6836804, -6.56337059999993 ], [ -38.685834699999901, -6.56280349999997 ], [ -38.686743099999902, -6.56235249999997 ], [ -38.690411299999901, -6.56199449999997 ], [ -38.694970699999899, -6.56072189999998 ], [ -38.699799799999901, -6.55811049999994 ], [ -38.7003321, -6.55663469999996 ], [ -38.7009613, -6.55592239999993 ], [ -38.702051299999901, -6.55555419999996 ], [ -38.7193022, -6.56375569999994 ], [ -38.7352045, -6.57039149999997 ], [ -38.7352028, -6.57350869999993 ], [ -38.736181499999901, -6.57534829999997 ], [ -38.7344646, -6.57718739999996 ], [ -38.734709199999898, -6.579762 ], [ -38.736178499999902, -6.58111159999993 ], [ -38.7361778, -6.58246129999998 ], [ -38.7340935, -6.58429919999998 ], [ -38.7322553999999, -6.58417609999998 ], [ -38.7312741, -6.58552429999997 ], [ -38.7342148, -6.58760829999994 ], [ -38.737279, -6.58859229999996 ], [ -38.7453637, -6.58994619999993 ], [ -38.748123899999896, -6.59124389999994 ], [ -38.7509234, -6.59178169999996 ], [ -38.7523691, -6.59336369999994 ], [ -38.7541715, -6.59438679999994 ], [ -38.7555809, -6.59618039999998 ], [ -38.7561469, -6.59689989999993 ], [ -38.7565389, -6.59998919999992 ], [ -38.757041399999899, -6.60093749999993 ], [ -38.759281299999898, -6.60274689999994 ], [ -38.7607019, -6.60570379999996 ], [ -38.762246499999897, -6.60682089999995 ], [ -38.7643914, -6.60665 ], [ -38.766020099999899, -6.60587729999997 ], [ -38.7676511, -6.60605179999993 ], [ -38.7699673, -6.60725509999997 ], [ -38.771510799999902, -6.608799 ], [ -38.7729669, -6.61171979999995 ], [ -38.773826, -6.61223489999998 ], [ -38.7755412, -6.61232069999994 ], [ -38.7774282, -6.61051959999998 ], [ -38.7819499, -6.60782949999998 ], [ -38.7839546, -6.60565019999996 ], [ -38.7908691, -6.60066059999997 ], [ -38.795685999999897, -6.59913109999997 ], [ -38.796008, -6.599029 ], [ -38.7975767, -6.59886049999994 ], [ -38.802357099999902, -6.59909639999995 ], [ -38.8124056999999, -6.59765969999995 ], [ -38.820842599999899, -6.59688389999997 ], [ -38.823084999999899, -6.59710359999997 ], [ -38.8303557, -6.59401959999997 ], [ -38.832806199999901, -6.59408919999993 ], [ -38.833499199999899, -6.59410929999996 ], [ -38.833839699999899, -6.59572689999993 ], [ -38.8354585, -6.59908729999995 ], [ -38.837055899999903, -6.59891039999997 ], [ -38.8401739, -6.59840669999994 ], [ -38.8421127, -6.59796219999993 ], [ -38.8447193, -6.597884 ], [ -38.8456803999999, -6.59820729999996 ], [ -38.8464529, -6.59805779999994 ], [ -38.847512499999901, -6.59777719999994 ], [ -38.8487744, -6.59752 ], [ -38.8498147, -6.59734579999997 ], [ -38.853132699999897, -6.59689329999998 ], [ -38.854612099999898, -6.59688039999997 ], [ -38.854841, -6.59671949999995 ], [ -38.85477, -6.59637679999997 ], [ -38.8548832, -6.59587149999993 ], [ -38.8550054, -6.59549969999995 ], [ -38.8578989, -6.59257089999994 ], [ -38.8586296, -6.59169629999997 ], [ -38.8592383, -6.590705 ], [ -38.8595152, -6.59034149999997 ], [ -38.860064599999902, -6.58925069999998 ], [ -38.8608995, -6.58848009999997 ], [ -38.861483399999898, -6.58803519999998 ], [ -38.8620103, -6.58754219999997 ], [ -38.8625560999999, -6.58729339999996 ], [ -38.863347099999899, -6.58710309999998 ], [ -38.863839299999903, -6.58700639999995 ], [ -38.864988, -6.58662389999995 ], [ -38.866538999999896, -6.58620309999998 ], [ -38.867841199999901, -6.58574389999995 ], [ -38.8695743, -6.58488269999998 ], [ -38.8706945, -6.58438519999993 ], [ -38.8717118, -6.58397989999997 ], [ -38.873375399999901, -6.58331359999994 ], [ -38.8765668, -6.58161809999996 ], [ -38.877167, -6.58153379999993 ], [ -38.8791489, -6.58106649999996 ], [ -38.8798191, -6.58096959999995 ], [ -38.880240399999899, -6.58073039999994 ], [ -38.8805508, -6.58041429999997 ], [ -38.8813415, -6.58001259999998 ], [ -38.8817627, -6.58004139999997 ], [ -38.882503799999903, -6.58020579999993 ], [ -38.883562599999898, -6.58003229999997 ], [ -38.8840891, -6.58011849999997 ], [ -38.8849698, -6.58034849999996 ], [ -38.885563299999902, -6.58095179999998 ], [ -38.8860609, -6.58172739999998 ], [ -38.886472599999898, -6.58182319999997 ], [ -38.888052199999898, -6.58164169999998 ], [ -38.8896913, -6.58082659999997 ], [ -38.890302399999896, -6.58007209999994 ], [ -38.890608799999903, -6.57990939999996 ], [ -38.8931511, -6.57925739999996 ], [ -38.894201399999901, -6.57920159999998 ], [ -38.8948897, -6.57939979999998 ], [ -38.8949521, -6.57979689999996 ], [ -38.8951746, -6.57994349999996 ], [ -38.8953655, -6.57983679999995 ], [ -38.896040399999897, -6.57921909999993 ], [ -38.896556, -6.57890079999993 ], [ -38.8974317, -6.57879969999993 ], [ -38.898516899999898, -6.57857069999994 ], [ -38.900307199999901, -6.57835089999998 ], [ -38.9006231, -6.57843709999997 ], [ -38.9012698, -6.57926629999997 ], [ -38.9023299, -6.57958039999994 ], [ -38.9032119, -6.57952719999997 ], [ -38.903942899999898, -6.57903439999995 ], [ -38.904123899999902, -6.57873589999997 ], [ -38.9043066999999, -6.57817319999998 ], [ -38.9043502, -6.57769739999998 ], [ -38.9041984, -6.57699539999993 ], [ -38.9042744, -6.57686789999997 ], [ -38.904478, -6.57679919999993 ], [ -38.9050943, -6.576619 ], [ -38.905592199999901, -6.57639889999996 ], [ -38.908732299999897, -6.57633239999996 ], [ -38.9101396, -6.57669649999997 ], [ -38.911909299999898, -6.57602709999998 ], [ -38.913207499999899, -6.57554239999996 ], [ -38.9133747999999, -6.57550719999995 ], [ -38.9139638, -6.57488939999996 ], [ -38.9141185, -6.57472659999996 ], [ -38.915021, -6.57478649999996 ], [ -38.9154257, -6.57471419999996 ], [ -38.915539399999901, -6.57447629999996 ], [ -38.9156925999999, -6.57421779999993 ], [ -38.9162664, -6.57263009999997 ], [ -38.9161227, -6.57182409999996 ], [ -38.9161083, -6.571246 ], [ -38.9163129, -6.57061549999997 ], [ -38.9165265, -6.56949289999994 ], [ -38.9168830999999, -6.56838 ], [ -38.917437699999901, -6.56758939999997 ], [ -38.91808, -6.566992 ], [ -38.9187797, -6.56661259999993 ], [ -38.9194363, -6.56641689999998 ], [ -38.920018599999899, -6.56658539999995 ], [ -38.9206409, -6.56656159999994 ], [ -38.9215743, -6.56668139999994 ], [ -38.921742, -6.56565219999993 ], [ -38.9220053, -6.56524539999998 ], [ -38.9222447, -6.56479069999995 ], [ -38.9229253, -6.56399269999997 ], [ -38.923680299999901, -6.56248179999994 ], [ -38.9241835, -6.56175789999998 ], [ -38.9247812999999, -6.56034129999995 ], [ -38.9249071, -6.55955439999997 ], [ -38.924875799999903, -6.55895629999998 ], [ -38.9249024, -6.55782609999994 ], [ -38.9247111, -6.556749 ], [ -38.9244045, -6.55615449999993 ], [ -38.9242788, -6.55536749999993 ], [ -38.9239496, -6.55448619999993 ], [ -38.9233035, -6.55382789999993 ], [ -38.922455199999902, -6.553447 ], [ -38.9213546, -6.55288019999995 ], [ -38.920317, -6.55209309999998 ], [ -38.9193109, -6.55124289999998 ], [ -38.9183676, -6.55032979999993 ], [ -38.917771199999898, -6.549606 ], [ -38.958064299999897, -6.52700869999995 ], [ -38.9870936, -6.50397579999998 ], [ -39.006475, -6.48859779999998 ], [ -39.043539199999898, -6.45918959999995 ], [ -39.0459691, -6.45726159999998 ], [ -39.0607949, -6.44549829999994 ], [ -39.0622463, -6.44640279999993 ], [ -39.062433499999898, -6.44656019999996 ], [ -39.0626207, -6.446676 ], [ -39.062850399999903, -6.44677629999995 ], [ -39.0630232, -6.44686229999996 ], [ -39.063108199999903, -6.44692379999998 ], [ -39.0635088, -6.44712359999994 ], [ -39.0640958, -6.44735149999997 ], [ -39.064453899999897, -6.44745189999998 ], [ -39.0653439, -6.44763239999997 ], [ -39.066119199999903, -6.44774719999998 ], [ -39.0666504, -6.44783329999996 ], [ -39.0669232, -6.44796249999996 ], [ -39.067239099999902, -6.44801989999996 ], [ -39.067397, -6.44800559999993 ], [ -39.067861799999903, -6.44801629999995 ], [ -39.0682782, -6.44806649999992 ], [ -39.0684648, -6.44809519999995 ], [ -39.0686228, -6.44812389999993 ], [ -39.0687968, -6.44814179999997 ], [ -39.0691183, -6.44816749999995 ], [ -39.0694339, -6.44819669999993 ], [ -39.070072799999899, -6.44839649999994 ], [ -39.0707692, -6.44864059999998 ], [ -39.071451099999898, -6.44884869999993 ], [ -39.0717794, -6.44891469999993 ], [ -39.0723692, -6.44891219999994 ], [ -39.072792799999903, -6.44899119999997 ], [ -39.073517799999898, -6.44899819999995 ], [ -39.0743146, -6.449034 ], [ -39.0747956, -6.44922779999996 ], [ -39.075054, -6.44934979999994 ], [ -39.075391399999901, -6.44953649999997 ], [ -39.0758939, -6.44956509999997 ], [ -39.076238499999903, -6.44961529999995 ], [ -39.076748199999898, -6.449845 ], [ -39.0769779, -6.44998859999993 ], [ -39.077114299999899, -6.45042659999996 ], [ -39.0772939, -6.45083589999996 ], [ -39.0776313, -6.45113019999997 ], [ -39.0781266, -6.45133119999997 ], [ -39.0783564, -6.451446 ], [ -39.078894799999901, -6.45152489999998 ], [ -39.0811242, -6.45189089999997 ], [ -39.085211899999898, -6.45219829999996 ], [ -39.0862456999999, -6.45192319999995 ], [ -39.0867521, -6.45199049999997 ], [ -39.0873943, -6.45232509999994 ], [ -39.088174099999897, -6.45262609999997 ], [ -39.088777799999903, -6.452496 ], [ -39.090099699999897, -6.45229539999997 ], [ -39.0904401, -6.45213509999996 ], [ -39.090940799999899, -6.45201479999997 ], [ -39.0914324, -6.45191789999996 ], [ -39.0924501, -6.45213059999998 ], [ -39.0930602, -6.45213049999995 ], [ -39.093672899999902, -6.45206549999995 ], [ -39.093826099999902, -6.45217079999998 ], [ -39.0939794, -6.453042 ], [ -39.0937402, -6.453626 ], [ -39.0933863, -6.45480369999996 ], [ -39.0931567, -6.45562709999996 ], [ -39.0929176, -6.45617279999993 ], [ -39.092841, -6.45645049999996 ], [ -39.0927071, -6.45680469999996 ], [ -39.0924815, -6.45736039999997 ], [ -39.092338, -6.45776249999994 ], [ -39.0922519, -6.458179 ], [ -39.092104199999902, -6.45835369999998 ], [ -39.092037499999897, -6.45868129999997 ], [ -39.0925065, -6.45892059999994 ], [ -39.092965799999902, -6.45897579999996 ], [ -39.0934085, -6.45908339999994 ], [ -39.093695599999897, -6.459239 ], [ -39.0946767, -6.45933449999995 ], [ -39.0952032, -6.45943019999993 ], [ -39.0953587, -6.45954979999993 ], [ -39.095442499999898, -6.45970539999996 ], [ -39.095550199999899, -6.45999259999996 ], [ -39.0955981, -6.46031569999997 ], [ -39.0961126999999, -6.46061479999997 ], [ -39.0971537, -6.46127279999996 ], [ -39.0977998, -6.46139229999994 ], [ -39.0980989, -6.46139229999994 ], [ -39.098780799999901, -6.46122459999998 ], [ -39.0996302, -6.46114059999996 ], [ -39.0998695, -6.46116449999994 ], [ -39.1001208, -6.46123629999994 ], [ -39.100180599999902, -6.461344 ], [ -39.1002285, -6.46146359999995 ], [ -39.1002405, -6.46164309999995 ], [ -39.1003004, -6.46188249999994 ], [ -39.100527699999901, -6.46193029999995 ], [ -39.1007908999999, -6.46188239999998 ], [ -39.101137799999897, -6.46169079999993 ], [ -39.1013771, -6.46154719999993 ], [ -39.1016761, -6.46116419999993 ], [ -39.101771799999902, -6.46098459999996 ], [ -39.1018913999999, -6.46075719999993 ], [ -39.1019153, -6.46052989999993 ], [ -39.1020109, -6.46019469999993 ], [ -39.1020348, -6.45979979999993 ], [ -39.102034699999898, -6.45923739999995 ], [ -39.1020465, -6.45881849999995 ], [ -39.102106299999903, -6.458615 ], [ -39.1021901, -6.45859109999998 ], [ -39.1023934, -6.45855509999996 ], [ -39.1024652, -6.45847139999995 ], [ -39.1025011, -6.45829179999993 ], [ -39.1023216, -6.45804059999995 ], [ -39.1023215, -6.45781319999998 ], [ -39.1023693, -6.45762169999995 ], [ -39.102453099999899, -6.45753789999998 ], [ -39.102644499999897, -6.45746609999998 ], [ -39.1029675, -6.457466 ], [ -39.1034701, -6.45783689999996 ], [ -39.1037573999999, -6.45854289999994 ], [ -39.103781399999903, -6.45926089999995 ], [ -39.103793499999902, -6.45994309999998 ], [ -39.1038176, -6.46056539999995 ], [ -39.1039134, -6.461044 ], [ -39.104258, -6.46142209999994 ], [ -39.1047176, -6.46206349999994 ], [ -39.1047464, -6.46223579999997 ], [ -39.1051581, -6.46314529999995 ], [ -39.1055699, -6.46398769999996 ], [ -39.1058475, -6.46457159999994 ], [ -39.1061347, -6.464763 ], [ -39.1063166, -6.46479169999998 ], [ -39.106402699999897, -6.464763 ], [ -39.1069004, -6.46454269999998 ], [ -39.1072243, -6.46451149999996 ], [ -39.107627799999896, -6.46454249999994 ], [ -39.1078959, -6.46465729999994 ], [ -39.1081353, -6.46517429999994 ], [ -39.108230999999897, -6.46539449999995 ], [ -39.1083676, -6.46578189999997 ], [ -39.1087697, -6.46618389999998 ], [ -39.1092075, -6.46634689999996 ], [ -39.1094755, -6.466433 ], [ -39.110088, -6.46607859999995 ], [ -39.1102595999999, -6.465727 ], [ -39.110375, -6.46525519999994 ], [ -39.110405899999897, -6.46502159999994 ], [ -39.1104673, -6.46472119999993 ], [ -39.1103557, -6.46448929999997 ], [ -39.110154599999902, -6.46405849999996 ], [ -39.1100039, -6.46366579999994 ], [ -39.110023, -6.46355089999997 ], [ -39.110846099999897, -6.46351579999993 ], [ -39.1131887, -6.46386639999997 ], [ -39.1144234, -6.46400009999996 ], [ -39.1148828, -6.46392339999994 ], [ -39.1153901, -6.46386589999997 ], [ -39.116414399999897, -6.46452619999997 ], [ -39.116825999999897, -6.46455479999997 ], [ -39.1169408, -6.46435379999997 ], [ -39.1169022999999, -6.46331979999997 ], [ -39.1172372, -6.46317609999994 ], [ -39.1176488, -6.46305159999997 ], [ -39.118203999999899, -6.46346309999996 ], [ -39.1184529, -6.46380769999996 ], [ -39.1185871, -6.46432469999996 ], [ -39.1187308, -6.46483209999997 ], [ -39.1187022, -6.46547349999997 ], [ -39.118932099999903, -6.46627769999998 ], [ -39.1191044, -6.46638289999993 ], [ -39.120434799999899, -6.46627729999994 ], [ -39.1209612, -6.46627719999998 ], [ -39.1221054, -6.466113 ], [ -39.1228523999999, -6.46613989999997 ], [ -39.1240435, -6.46571029999996 ], [ -39.1247035, -6.46551619999997 ], [ -39.1254231, -6.46546689999997 ], [ -39.126446799999897, -6.464886 ], [ -39.1271247, -6.46383429999997 ], [ -39.1274405, -6.463729 ], [ -39.1280512, -6.46378569999996 ], [ -39.128746, -6.46398569999997 ], [ -39.129263799999897, -6.46353939999995 ], [ -39.129705199999897, -6.46337179999995 ], [ -39.129973199999903, -6.463343 ], [ -39.130236399999902, -6.46333809999993 ], [ -39.1304231, -6.463362 ], [ -39.1306612, -6.46334639999998 ], [ -39.1309352, -6.46338139999995 ], [ -39.131168199999898, -6.46336839999998 ], [ -39.131416199999897, -6.46329739999993 ], [ -39.1316322, -6.46320039999995 ], [ -39.1319182, -6.46301739999996 ], [ -39.1321612, -6.46285039999998 ], [ -39.132517199999903, -6.46271739999997 ], [ -39.1327072, -6.46267539999997 ], [ -39.1331792, -6.46261139999996 ], [ -39.1332705, -6.462586 ], [ -39.133391199999899, -6.46255239999994 ], [ -39.1335922, -6.46244339999993 ], [ -39.1337692, -6.46232439999994 ], [ -39.133891199999901, -6.46219639999993 ], [ -39.1342577, -6.46167939999998 ], [ -39.1344553, -6.46139649999998 ], [ -39.134726199999903, -6.46101439999995 ], [ -39.1348732, -6.46073439999998 ], [ -39.1349092, -6.46054839999994 ], [ -39.1349422, -6.46036639999994 ], [ -39.1350093, -6.46005729999996 ], [ -39.1351242, -6.45974039999993 ], [ -39.1352292, -6.45956539999997 ], [ -39.1355502, -6.45925939999995 ], [ -39.135714199999903, -6.45916439999996 ], [ -39.1358812, -6.45908939999993 ], [ -39.136072199999901, -6.45904639999998 ], [ -39.1362722, -6.45903839999994 ], [ -39.1367562, -6.45905439999996 ], [ -39.1369852, -6.45906439999993 ], [ -39.1372062, -6.45902239999998 ], [ -39.1375762, -6.45888939999998 ], [ -39.138029199999899, -6.45848439999997 ], [ -39.1387602, -6.45744939999997 ], [ -39.1389622, -6.45700939999995 ], [ -39.139207199999902, -6.45628739999995 ], [ -39.139453199999899, -6.45582439999993 ], [ -39.1397532, -6.45542239999997 ], [ -39.1401392, -6.45506439999997 ], [ -39.1406282, -6.45474639999998 ], [ -39.141119199999899, -6.45455039999996 ], [ -39.141391199999902, -6.45449039999994 ], [ -39.1431142, -6.45425539999997 ], [ -39.1435992, -6.45415839999993 ], [ -39.144045199999901, -6.45389139999997 ], [ -39.1442612, -6.45366139999993 ], [ -39.144429199999898, -6.45332239999993 ], [ -39.144472199999903, -6.45314739999998 ], [ -39.1445072, -6.45281639999996 ], [ -39.144491199999898, -6.45265539999997 ], [ -39.1443732, -6.45228539999994 ], [ -39.1441273, -6.45189649999998 ], [ -39.1438626999999, -6.451542 ], [ -39.1435567, -6.45113489999994 ], [ -39.143260199999901, -6.45074039999997 ], [ -39.1430162, -6.45033639999997 ], [ -39.1429322, -6.44993139999997 ], [ -39.1430171, -6.44897479999997 ], [ -39.143255199999899, -6.44701589999994 ], [ -39.143394199999904, -6.44595939999994 ], [ -39.1448865, -6.44159 ], [ -39.1424694, -6.43980949999997 ], [ -39.1401925, -6.43733689999993 ], [ -39.136222299999901, -6.42980249999994 ], [ -39.1342597, -6.42896809999996 ], [ -39.1326136, -6.42750349999994 ], [ -39.1304201, -6.42601789999998 ], [ -39.130207299999903, -6.42393019999997 ], [ -39.1304608, -6.42267119999997 ], [ -39.1306114, -6.42115409999997 ], [ -39.1305247, -6.41989629999995 ], [ -39.1314441, -6.41879919999997 ], [ -39.1363319, -6.41698139999994 ], [ -39.138411, -6.41322159999993 ], [ -39.137860499999903, -6.41259949999994 ], [ -39.1333379, -6.41056619999995 ], [ -39.1320458, -6.41004 ], [ -39.1302512, -6.40949 ], [ -39.129390199999897, -6.40862879999997 ], [ -39.1271158, -6.40503889999997 ], [ -39.1264935, -6.40427309999995 ], [ -39.1260387, -6.40341159999997 ], [ -39.125655799999898, -6.40286119999996 ], [ -39.125004499999903, -6.40215639999997 ], [ -39.1240665, -6.40173409999994 ], [ -39.1238751, -6.401581 ], [ -39.1234444, -6.40138959999996 ], [ -39.123013699999902, -6.40123649999992 ], [ -39.1228414, -6.40113129999997 ], [ -39.122401099999898, -6.40111219999994 ], [ -39.122315, -6.40097819999994 ], [ -39.122247899999898, -6.40068139999994 ], [ -39.122219099999903, -6.40040379999994 ], [ -39.122219099999903, -6.40030809999996 ], [ -39.1223242, -6.39955169999996 ], [ -39.1223146, -6.39940809999996 ], [ -39.1223719, -6.39899639999993 ], [ -39.122362, -6.39769439999998 ], [ -39.1223906, -6.39720609999995 ], [ -39.122275699999904, -6.39683269999995 ], [ -39.122065099999901, -6.39641149999994 ], [ -39.121902299999903, -6.39622969999994 ], [ -39.1216917, -6.39607649999994 ], [ -39.1211941, -6.39600009999998 ], [ -39.1209931, -6.39589479999995 ], [ -39.120753799999903, -6.39573209999998 ], [ -39.1205241, -6.395579 ], [ -39.119959299999898, -6.39499509999996 ], [ -39.1194424, -6.394574 ], [ -39.1184853, -6.39417209999993 ], [ -39.118045, -6.393952 ], [ -39.117576, -6.39340639999995 ], [ -39.117183399999902, -6.39252569999996 ], [ -39.117087599999898, -6.39227679999993 ], [ -39.116943999999897, -6.39190339999993 ], [ -39.116647199999903, -6.39141519999993 ], [ -39.1164749, -6.39117589999995 ], [ -39.1161686, -6.39076429999994 ], [ -39.116015499999897, -6.39077389999994 ], [ -39.115623099999901, -6.39076439999997 ], [ -39.115336, -6.39068789999993 ], [ -39.1152594, -6.39056349999993 ], [ -39.115068, -6.39050609999993 ], [ -39.114752199999899, -6.39063059999995 ], [ -39.1132784, -6.39065959999994 ], [ -39.1105891999999, -6.39057409999998 ], [ -39.1091632, -6.390134 ], [ -39.1084549, -6.38990429999996 ], [ -39.108091199999897, -6.38951189999995 ], [ -39.1078997, -6.38908109999994 ], [ -39.1077561, -6.38882259999997 ], [ -39.1078246, -6.38856929999997 ], [ -39.1080585999999, -6.38836279999992 ], [ -39.108049, -6.38797979999993 ], [ -39.1079341, -6.38769259999998 ], [ -39.1075372, -6.38698969999996 ], [ -39.107248399999897, -6.38646759999995 ], [ -39.106903799999898, -6.38619 ], [ -39.1064827, -6.38597949999996 ], [ -39.1059754, -6.38580719999993 ], [ -39.1054012, -6.385501 ], [ -39.1050853, -6.38529039999997 ], [ -39.104941799999899, -6.38518519999997 ], [ -39.1047981, -6.38479269999993 ], [ -39.1047598, -6.384582 ], [ -39.1044821999999, -6.38440019999996 ], [ -39.1043483, -6.38439059999996 ], [ -39.1041377, -6.38428539999995 ], [ -39.1040803, -6.38417049999993 ], [ -39.104080199999899, -6.38402689999998 ], [ -39.1041759, -6.38380669999998 ], [ -39.1044438, -6.38361509999993 ], [ -39.104588, -6.38353789999996 ], [ -39.104616, -6.38332789999993 ], [ -39.104549, -6.38319389999998 ], [ -39.104319299999901, -6.38297369999998 ], [ -39.1039555999999, -6.382744 ], [ -39.1034771, -6.38265789999997 ], [ -39.1030847, -6.38258139999994 ], [ -39.1025774, -6.38241879999993 ], [ -39.102347699999903, -6.38231349999995 ], [ -39.1022389, -6.38235159999994 ], [ -39.1019135, -6.38213139999993 ], [ -39.101808199999901, -6.38215059999993 ], [ -39.1016839, -6.38267719999993 ], [ -39.101502099999898, -6.38268679999993 ], [ -39.1015116, -6.38237079999993 ], [ -39.1013201, -6.38214109999996 ], [ -39.101061699999903, -6.38201669999995 ], [ -39.1008416, -6.38212209999995 ], [ -39.1004684, -6.38205509999995 ], [ -39.1001621999999, -6.38214129999994 ], [ -39.0995055, -6.382182 ], [ -39.098634499999903, -6.38164409999996 ], [ -39.098443099999898, -6.38165369999996 ], [ -39.098156, -6.38145269999995 ], [ -39.097955, -6.38136649999996 ], [ -39.096902199999903, -6.38100289999994 ], [ -39.0966055, -6.38088809999994 ], [ -39.0963376, -6.38081159999996 ], [ -39.09606, -6.38078289999993 ], [ -39.095763299999902, -6.38062019999995 ], [ -39.0953709, -6.38042879999995 ], [ -39.095217799999901, -6.38036179999995 ], [ -39.095217799999901, -6.38014159999994 ], [ -39.0951699, -6.38002669999997 ], [ -39.095064599999901, -6.38000759999994 ], [ -39.0948157999999, -6.38009379999994 ], [ -39.0945574, -6.38013209999997 ], [ -39.094279899999897, -6.38019919999994 ], [ -39.094079, -6.38031409999996 ], [ -39.0938302, -6.38041949999996 ], [ -39.0936483999999, -6.38041949999996 ], [ -39.093367199999904, -6.38045759999994 ], [ -39.0931184, -6.38035229999997 ], [ -39.0927738, -6.38014179999993 ], [ -39.0923718, -6.379778 ], [ -39.092429099999897, -6.37860039999993 ], [ -39.0924385, -6.37796859999997 ], [ -39.092231399999903, -6.37706889999993 ], [ -39.0920017, -6.37696369999998 ], [ -39.091657199999901, -6.37699239999995 ], [ -39.0910256, -6.37690639999994 ], [ -39.089905799999897, -6.376179 ], [ -39.0894943, -6.37609289999995 ], [ -39.0891497, -6.37586319999997 ], [ -39.088891299999901, -6.37547069999994 ], [ -39.088690299999897, -6.37513559999996 ], [ -39.088154099999898, -6.37395809999992 ], [ -39.088144499999899, -6.37352729999998 ], [ -39.088048699999902, -6.37317309999997 ], [ -39.087752, -6.37248379999994 ], [ -39.087550899999897, -6.37214879999993 ], [ -39.087282899999899, -6.37180409999996 ], [ -39.0868427, -6.37141169999995 ], [ -39.086055799999897, -6.37099929999994 ], [ -39.0854358, -6.37077049999994 ], [ -39.085167899999902, -6.37072259999997 ], [ -39.085053, -6.37060779999996 ], [ -39.0850338, -6.37034929999993 ], [ -39.085052899999901, -6.37014819999996 ], [ -39.085139, -6.369928 ], [ -39.085225099999903, -6.36969819999996 ], [ -39.085225099999903, -6.36955459999996 ], [ -39.0851772, -6.36923869999993 ], [ -39.085071899999903, -6.36893229999993 ], [ -39.0848804, -6.36865469999998 ], [ -39.084650699999898, -6.36839629999997 ], [ -39.084354, -6.36805169999997 ], [ -39.0842104, -6.36788889999997 ], [ -39.0840573, -6.36771659999994 ], [ -39.0840117, -6.36743309999997 ], [ -39.083652599999901, -6.36701519999997 ], [ -39.083301199999902, -6.366903 ], [ -39.083023599999898, -6.36653919999998 ], [ -39.0828513, -6.36612749999995 ], [ -39.0826215, -6.36567759999997 ], [ -39.0825872, -6.36514459999995 ], [ -39.0821417, -6.36458149999993 ], [ -39.0818007, -6.36425839999993 ], [ -39.0813514, -6.36427289999995 ], [ -39.0809694, -6.36435429999995 ], [ -39.0801978, -6.36434239999994 ], [ -39.079595299999902, -6.36491489999997 ], [ -39.079312699999903, -6.36509649999994 ], [ -39.0789493999999, -6.36523809999994 ], [ -39.077623699999897, -6.36529419999994 ], [ -39.0765233, -6.36577309999996 ], [ -39.0764182, -6.36703569999997 ], [ -39.0758203, -6.36796919999995 ], [ -39.0754615, -6.36872319999998 ], [ -39.075210399999897, -6.36922589999995 ], [ -39.0749233, -6.36965669999995 ], [ -39.0746842, -6.37018329999995 ], [ -39.0739786, -6.37110489999998 ], [ -39.073811099999901, -6.371464 ], [ -39.0734164, -6.37178719999997 ], [ -39.073081499999901, -6.37220609999997 ], [ -39.072437599999901, -6.37268429999995 ], [ -39.0719801, -6.372897 ], [ -39.071131799999897, -6.37300809999994 ], [ -39.0706056, -6.37353479999996 ], [ -39.070055399999902, -6.37424089999996 ], [ -39.0685976, -6.37498619999997 ], [ -39.067915, -6.37531289999993 ], [ -39.067023499999898, -6.37625469999995 ], [ -39.0667017, -6.37645829999997 ], [ -39.065909599999898, -6.37679709999998 ], [ -39.0653460999999, -6.37741129999995 ], [ -39.065131199999897, -6.37764539999995 ], [ -39.0640217, -6.37835739999997 ], [ -39.063881599999903, -6.37854019999997 ], [ -39.063789799999903, -6.37912339999997 ], [ -39.0637768, -6.379206 ], [ -39.0638438, -6.37978219999997 ], [ -39.0638375, -6.38039459999993 ], [ -39.0635344, -6.38083819999997 ], [ -39.063199499999897, -6.38132649999994 ], [ -39.0627402, -6.38178609999994 ], [ -39.062309599999899, -6.38210209999994 ], [ -39.0613624, -6.38338509999994 ], [ -39.0611479, -6.38420159999993 ], [ -39.0609325, -6.38490669999993 ], [ -39.0606933, -6.38521789999993 ], [ -39.0602866, -6.38550519999995 ], [ -39.059664499999897, -6.38572059999996 ], [ -39.0593296, -6.38596 ], [ -39.0587555, -6.38663029999998 ], [ -39.057942099999899, -6.38682179999995 ], [ -39.0564348, -6.387205 ], [ -39.0553821, -6.38708539999993 ], [ -39.0538508, -6.38631969999994 ], [ -39.051912899999898, -6.38560179999996 ], [ -39.051099399999899, -6.38505139999995 ], [ -39.0502619, -6.38445309999997 ], [ -39.0470559, -6.38323269999995 ], [ -39.043404689999903, -6.38056670499998 ], [ -39.04271571, -6.38026039999994 ], [ -39.042179679999897, -6.37978178999998 ], [ -39.041816019999899, -6.37941801999995 ], [ -39.04135661, -6.37886271999997 ], [ -39.04093547, -6.37834578999997 ], [ -39.040648379999901, -6.37794369999995 ], [ -39.04016988, -6.37742671999996 ], [ -39.04016982, -6.37708209999994 ], [ -39.040054989999902, -6.37689057999995 ], [ -39.03942339, -6.37673747999997 ], [ -39.03909798, -6.37673747999997 ], [ -39.0388492, -6.37656517999994 ], [ -39.03858121, -6.37652690999994 ], [ -39.03827502, -6.37656517999994 ], [ -39.03796871, -6.37662269999993 ], [ -39.03739459, -6.37662280999996 ], [ -39.03691608, -6.37645049999998 ], [ -39.03664809, -6.37610576999998 ], [ -39.0365141, -6.37599087999996 ], [ -39.036361, -6.37595267999995 ], [ -39.03626532, -6.37595267999995 ], [ -39.03618869, -6.37610576999998 ], [ -39.03618869, -6.37618239999995 ], [ -39.036093009999902, -6.37633560999996 ], [ -39.03580597, -6.37660370999993 ], [ -39.03553799, -6.37671859999995 ], [ -39.03523179, -6.37692926999995 ], [ -39.034868179999897, -6.37702500999995 ], [ -39.03471508, -6.37721646999995 ], [ -39.03471508, -6.37746540999996 ], [ -39.03469598, -6.37782929999997 ], [ -39.03425579, -6.37796328999997 ], [ -39.033911219999901, -6.37798249999997 ], [ -39.0335284, -6.37790592999994 ], [ -39.03301169, -6.37811659999994 ], [ -39.0326097, -6.37767619999994 ], [ -39.03163359, -6.37700611999998 ], [ -39.03132729, -6.37681459999993 ], [ -39.03134639, -6.37646997999997 ], [ -39.03128903, -6.37633587999994 ], [ -39.030944519999899, -6.37645081999995 ], [ -39.030734, -6.37677638999997 ], [ -39.03008319, -6.37683391999997 ], [ -39.02983441, -6.37683391999997 ], [ -39.02962389, -6.37717847999994 ], [ -39.029375119999898, -6.37754241999994 ], [ -39.0290306099999, -6.37781051999997 ], [ -39.02889672, -6.37804018999998 ], [ -39.028418219999899, -6.37836580999993 ], [ -39.027977969999903, -6.37842317999997 ], [ -39.027633519999902, -6.37851901999994 ], [ -39.0272889, -6.37851901999994 ], [ -39.02675298, -6.37828928999994 ], [ -39.02671472, -6.37790629999995 ], [ -39.02644673, -6.37758078999997 ], [ -39.02614048, -6.37769567999993 ], [ -39.0256811799999, -6.37767657999996 ], [ -39.025547189999898, -6.37779151999996 ], [ -39.02506869, -6.37767657999996 ], [ -39.02472418, -6.37748521999993 ], [ -39.02437972, -6.37740858999996 ], [ -39.0238438, -6.37754031999998 ], [ -39.023616499999903, -6.37756421999995 ], [ -39.02331743, -6.37770781999996 ], [ -39.02287481, -6.37775568999996 ], [ -39.02264751, -6.37770787999995 ], [ -39.02250402, -6.37738467999998 ], [ -39.02234849, -6.37718128999995 ], [ -39.022025509999899, -6.37708560999994 ], [ -39.021929779999901, -6.37715737999997 ], [ -39.0218341, -6.37726509999993 ], [ -39.021439289999897, -6.377289 ], [ -39.020912979999899, -6.37707367999997 ], [ -39.020434469999898, -6.37670267999994 ], [ -39.02035072, -6.37653511999997 ], [ -39.020302909999899, -6.37633171999994 ], [ -39.0200756099999, -6.37630781999997 ], [ -39.0199081, -6.37641547999993 ], [ -39.01964502, -6.37645141999997 ], [ -39.01917839, -6.37630781999997 ], [ -39.01890328, -6.37599670999998 ], [ -39.0184128, -6.37585310999998 ], [ -39.01819748, -6.37544621999996 ], [ -39.01792231, -6.37496749999997 ], [ -39.0174557899999, -6.37440507999997 ], [ -39.017192599999902, -6.37411782999993 ], [ -39.01700119, -6.37403412999993 ], [ -39.0168457199999, -6.37407000999997 ], [ -39.016749979999901, -6.37428538999995 ], [ -39.01639117, -6.37484790999997 ], [ -39.01612799, -6.37521891999995 ], [ -39.01579308, -6.37521891999995 ], [ -39.015529899999898, -6.37505140999997 ], [ -39.015386299999903, -6.37481202999993 ], [ -39.015183009999902, -6.37460857999997 ], [ -39.01497962, -6.37454867999998 ], [ -39.01472842, -6.37468040999994 ], [ -39.0142977799999, -6.37488390999994 ], [ -39.0140585, -6.37489577999997 ], [ -39.013591969999901, -6.37499161999995 ], [ -39.01296998, -6.37499161999995 ], [ -39.01240777, -6.37494369999996 ], [ -39.01196521, -6.37495567999997 ], [ -39.01103211, -6.37549429999996 ], [ -39.01103211, -6.37564976999994 ], [ -39.01103211, -6.37581738999995 ], [ -39.010888619999903, -6.37594900999994 ], [ -39.010757, -6.37579347999997 ], [ -39.01060152, -6.37572170999994 ], [ -39.01050579, -6.37573357999997 ], [ -39.01050579, -6.37594900999994 ], [ -39.0105296999999, -6.37614046999994 ], [ -39.01036219, -6.37616448999995 ], [ -39.00996749, -6.37616448999995 ], [ -39.0095967, -6.37616448999995 ], [ -39.00939331, -6.37609270999997 ], [ -39.0091421, -6.37609270999997 ], [ -39.008979399999902, -6.37631531999995 ], [ -39.00892198, -6.37645891999995 ], [ -39.008893269999902, -6.37660251999995 ], [ -39.008749669999901, -6.37676759999994 ], [ -39.008642119999898, -6.37675329999996 ], [ -39.008505699999901, -6.37675329999996 ], [ -39.0082976099999, -6.37686100999997 ], [ -39.00808942, -6.37708360999994 ], [ -39.00801052, -6.37726309999994 ], [ -39.00790998, -6.37729898999993 ], [ -39.0076516, -6.37727750999994 ], [ -39.00747222, -6.37709078999995 ], [ -39.007364509999903, -6.37681070999997 ], [ -39.007256799999901, -6.37669587999994 ], [ -39.00707742, -6.37665998999995 ], [ -39.00689081, -6.37663840999994 ], [ -39.00668272, -6.37637267999997 ], [ -39.00663243, -6.37627219999996 ], [ -39.006517589999902, -6.37620036999994 ], [ -39.0062663799999, -6.37620036999994 ], [ -39.00615872, -6.37622907999997 ], [ -39.006036709999897, -6.37637990999997 ], [ -39.00601518, -6.37657380999997 ], [ -39.00584292, -6.37683947999994 ], [ -39.00562043, -6.37684670999994 ], [ -39.00551989, -6.37696871999998 ], [ -39.005476879999897, -6.37706930999997 ], [ -39.005548599999898, -6.37721290999997 ], [ -39.005771099999897, -6.37735650999997 ], [ -39.00584292, -6.37752158999996 ], [ -39.00584292, -6.37772271999995 ], [ -39.005771099999897, -6.37782319999997 ], [ -39.005677789999901, -6.37782319999997 ], [ -39.0055343, -6.37781601999995 ], [ -39.0054696999999, -6.37778730999997 ], [ -39.0054696999999, -6.37768677999998 ], [ -39.00549841, -6.37758628999995 ], [ -39.005476879999897, -6.37752158999996 ], [ -39.00541952, -6.37750728999993 ], [ -39.00529033, -6.37751451999998 ], [ -39.00517538, -6.37754317999998 ], [ -39.005118019999898, -6.37758628999995 ], [ -39.00496729, -6.37762929999997 ], [ -39.00487399, -6.37755747999995 ], [ -39.004665789999898, -6.37743551999995 ], [ -39.004443299999899, -6.37735650999997 ], [ -39.004335689999898, -6.37728468999995 ], [ -39.00430698, -6.37718419999993 ], [ -39.00429257, -6.37705489999996 ], [ -39.00424951, -6.37693277999995 ], [ -39.004227979999897, -6.37683229999993 ], [ -39.00407731, -6.37684670999994 ], [ -39.00394089, -6.37694000999994 ], [ -39.00386199, -6.37709801999995 ], [ -39.003747099999899, -6.37726320999997 ], [ -39.00347442, -6.37735650999997 ], [ -39.00323751, -6.37750728999993 ], [ -39.003086789999898, -6.37766529999993 ], [ -39.002964769999899, -6.37774418999993 ], [ -39.002878699999897, -6.37772271999995 ], [ -39.00284999, -6.37755040999997 ], [ -39.00279252, -6.37717702999993 ], [ -39.00262749, -6.37702619999993 ], [ -39.0022471, -6.37678210999997 ], [ -39.002168089999898, -6.37671740999997 ], [ -39.002082019999897, -6.37671028999995 ], [ -39.001960009999898, -6.376739 ], [ -39.0015652, -6.37655227999994 ], [ -39.001493369999899, -6.37642308999995 ], [ -39.001378589999902, -6.37626507999994 ], [ -39.001019729999904, -6.37617889999996 ], [ -39.00074699, -6.37614300999996 ], [ -39.000452719999899, -6.37618606999996 ], [ -39.000359419999903, -6.37630819999993 ], [ -39.000359419999903, -6.37643738999998 ], [ -39.000359419999903, -6.37659539999993 ], [ -39.00018721, -6.37677487999997 ], [ -38.9999359, -6.37686111999994 ], [ -38.99983553, -6.37686111999994 ], [ -38.99969193, -6.37693288999998 ], [ -38.99963451, -6.37706207999997 ], [ -38.99951973, -6.37723438999996 ], [ -38.99941919, -6.37717702999993 ], [ -38.99918952, -6.37720567999997 ], [ -38.998988499999903, -6.37724879999996 ], [ -38.998873719999899, -6.37744992999995 ], [ -38.9987875899999, -6.37760782999993 ], [ -38.998557909999903, -6.37765088999993 ], [ -38.998471789999897, -6.37778018999995 ], [ -38.99828518, -6.37798120999997 ], [ -38.998155989999901, -6.37798120999997 ], [ -38.99792631, -6.37796679999997 ], [ -38.997639219999897, -6.37806738999996 ], [ -38.9977684099999, -6.37852689999994 ], [ -38.997754, -6.37874231999996 ], [ -38.997423899999902, -6.37874231999996 ], [ -38.99703627, -6.37849818999996 ], [ -38.99693579, -6.37845511999996 ], [ -38.996706119999899, -6.37842641999993 ], [ -38.996576929999897, -6.37836888999993 ], [ -38.99636161, -6.37825410999994 ], [ -38.99610322, -6.37790937999995 ], [ -38.995959679999899, -6.37780889999993 ], [ -38.99580178, -6.37769400999997 ], [ -38.99558651, -6.37770830999995 ], [ -38.99511281, -6.37802431999995 ], [ -38.99484002, -6.37796679999997 ], [ -38.994725179999897, -6.37778007999998 ], [ -38.99461029, -6.37782319999997 ], [ -38.99461029, -6.37793808999993 ], [ -38.99439497, -6.37805297999995 ], [ -38.99426578, -6.37798120999997 ], [ -38.994237069999897, -6.37785190999995 ], [ -38.99412229, -6.37779448999993 ], [ -38.993978689999899, -6.37769400999997 ], [ -38.99392133, -6.37757911999995 ], [ -38.99382079, -6.377536 ], [ -38.99364859, -6.37755029999994 ], [ -38.9934619799999, -6.37765088999993 ], [ -38.9932036, -6.37767959999996 ], [ -38.99318919, -6.37755029999994 ], [ -38.9932036, -6.37742110999994 ], [ -38.99324661, -6.37721997999995 ], [ -38.99316048, -6.37713390999994 ], [ -38.99306, -6.37713390999994 ], [ -38.99294521, -6.37711949999994 ], [ -38.99278731, -6.37724879999996 ], [ -38.9926867799999, -6.37739239999996 ], [ -38.9926007, -6.37744981999998 ], [ -38.99232791, -6.37744981999998 ], [ -38.99219872, -6.37743540999998 ], [ -38.992083889999897, -6.37737798999996 ], [ -38.99206958, -6.37721997999995 ], [ -38.991954689999901, -6.37697589999993 ], [ -38.991897279999897, -6.37696148999993 ], [ -38.99174218, -6.37706839999993 ], [ -38.9915787199999, -6.37711307999996 ], [ -38.991394919999898, -6.37716261999998 ], [ -38.99108052, -6.37711927999993 ], [ -38.98886128, -6.37751910999998 ], [ -38.986526184999903, -6.37786378499993 ], [ -38.984784509999898, -6.37849559999995 ], [ -38.983971989999901, -6.37869120999994 ], [ -38.98375089, -6.37874448999997 ], [ -38.982870499999898, -6.37895510499993 ], [ -38.9822772099999, -6.378955 ], [ -38.981932705, -6.37887840999997 ], [ -38.9816073, -6.378821 ], [ -38.98135851, -6.37862948999998 ], [ -38.981052285, -6.37834228999998 ], [ -38.9807651899999, -6.37799760499996 ], [ -38.98047529, -6.37711420499994 ], [ -38.9808872999999, -6.37543899499997 ], [ -38.981125995, -6.37512490499995 ], [ -38.98124559, -6.37487359999994 ], [ -38.981341304999901, -6.37463430999998 ], [ -38.981496789999902, -6.37429919999994 ], [ -38.9816044949999, -6.37385640999997 ], [ -38.981712205, -6.37364099499996 ], [ -38.9817288899999, -6.37351660499996 ], [ -38.981628504999897, -6.37336578499998 ], [ -38.981585395, -6.37323648999995 ], [ -38.981578204999899, -6.37310728999995 ], [ -38.981578204999899, -6.37294928999995 ], [ -38.9815998, -6.37279130999997 ], [ -38.98159261, -6.37272671499994 ], [ -38.98151361, -6.37264770999997 ], [ -38.98144909, -6.37254718999998 ], [ -38.981427494999899, -6.37243229499995 ], [ -38.98147779, -6.37231021499997 ], [ -38.981520794999902, -6.37219528999998 ], [ -38.981528015, -6.37208760999994 ], [ -38.981549604999898, -6.37204460499993 ], [ -38.981649994999898, -6.37201579999993 ], [ -38.981743294999902, -6.37197279499998 ], [ -38.981772104999898, -6.37182919499998 ], [ -38.981772104999898, -6.37159939999998 ], [ -38.9817434, -6.37138398999997 ], [ -38.981678799999898, -6.37115419999998 ], [ -38.98159269, -6.37100340999996 ], [ -38.98152809, -6.37082388999994 ], [ -38.9815209, -6.37075210499995 ], [ -38.9815209, -6.37065160999992 ], [ -38.981506495, -6.37062998999994 ], [ -38.98135581, -6.37062998999994 ], [ -38.9812697, -6.37070899499997 ], [ -38.981140505, -6.37073769999995 ], [ -38.9809539, -6.37078799499994 ], [ -38.980910789999903, -6.37080229499998 ], [ -38.980806405, -6.37082230499993 ], [ -38.98078471, -6.37074270999994 ], [ -38.980552009999897, -6.37021348999997 ], [ -38.980530495, -6.37010580999993 ], [ -38.980537604999903, -6.37000529499994 ], [ -38.980595095, -6.36991910499995 ], [ -38.980602205, -6.36986169499994 ], [ -38.980552009999897, -6.36975398999994 ], [ -38.980501789999899, -6.36964630999995 ], [ -38.980480195, -6.36954571499996 ], [ -38.98061661, -6.36946670999993 ], [ -38.980889299999902, -6.36932310999993 ], [ -38.9810975, -6.36906469499996 ], [ -38.981205205, -6.36887079499996 ], [ -38.981614309999898, -6.36859080999994 ], [ -38.981743504999898, -6.36823179999993 ], [ -38.981743504999898, -6.36799478999995 ], [ -38.98178661, -6.367765 ], [ -38.98169331, -6.36759269499993 ], [ -38.981678905, -6.36747779999996 ], [ -38.981764989999903, -6.36724800999997 ], [ -38.981908589999897, -6.36705418999998 ], [ -38.981937295, -6.36689620999994 ], [ -38.981937295, -6.36670228999998 ], [ -38.981937295, -6.36652279499998 ], [ -38.9818081, -6.36614940499993 ], [ -38.981628709999903, -6.36586939499995 ], [ -38.981628709999903, -6.36569708999997 ], [ -38.9816359, -6.36561089999998 ], [ -38.98164309, -6.36547451499996 ], [ -38.981650305, -6.36536680499995 ], [ -38.981671795, -6.36530210499996 ], [ -38.981772309999897, -6.36528058999994 ], [ -38.981901509999901, -6.36528058999994 ], [ -38.9819517, -6.36528058999994 ], [ -38.982078585, -6.36496688999995 ], [ -38.982122499999903, -6.36474750499997 ], [ -38.9820307049999, -6.36462 ], [ -38.982045005, -6.36455539999997 ], [ -38.982102489999903, -6.36444769499997 ], [ -38.98216709, -6.36428968999996 ], [ -38.982253199999903, -6.36418919999994 ], [ -38.982446995, -6.36411740999995 ], [ -38.982461295, -6.36403840999998 ], [ -38.982504404999901, -6.36394510499997 ], [ -38.98253311, -6.36390918499995 ], [ -38.982597704999897, -6.36390918499995 ], [ -38.98273409, -6.36395229499993 ], [ -38.982820204999904, -6.36395940999995 ], [ -38.98295659, -6.36395940999995 ], [ -38.98310011, -6.36398818999993 ], [ -38.98315041, -6.36395229499993 ], [ -38.98316471, -6.36387329499996 ], [ -38.983136004999899, -6.36373690999994 ], [ -38.983042704999903, -6.36357168999996 ], [ -38.982726899999903, -6.36342089999994 ], [ -38.982719715, -6.36330600499997 ], [ -38.9827126, -6.36308340499994 ], [ -38.982726899999903, -6.36299009999993 ], [ -38.982726899999903, -6.36288950499994 ], [ -38.982691115, -6.36285361499995 ], [ -38.982490105, -6.36283209499993 ], [ -38.9824614, -6.36277468999998 ], [ -38.982544399999902, -6.36274060999995 ], [ -38.982583405, -6.36265979499996 ], [ -38.98243991, -6.36255919999996 ], [ -38.98243991, -6.36249459999993 ], [ -38.982425505, -6.36237248999993 ], [ -38.982289094999899, -6.36225050999997 ], [ -38.98212411, -6.36203509499995 ], [ -38.982138409999898, -6.36195609499993 ], [ -38.98216719, -6.36183400999994 ], [ -38.982282009999899, -6.36176940999997 ], [ -38.9824326949999, -6.36171189999993 ], [ -38.98249729, -6.36151088999998 ], [ -38.982511695, -6.36136728999998 ], [ -38.982511695, -6.36128828499994 ], [ -38.982482989999902, -6.36123090499996 ], [ -38.9824326949999, -6.36122368999997 ], [ -38.9823323049999, -6.36118060499996 ], [ -38.9823323049999, -6.36110879499995 ], [ -38.9823393899999, -6.36102978999998 ], [ -38.98236101, -6.36094359999993 ], [ -38.9824326949999, -6.36092929999995 ], [ -38.982515094999897, -6.36088120999995 ], [ -38.98251891, -6.36071388499994 ], [ -38.982396905, -6.36066358999994 ], [ -38.982317904999903, -6.36055590999996 ], [ -38.98226771, -6.36039790499996 ], [ -38.98217311, -6.36032738999995 ], [ -38.98212411, -6.36037638999994 ], [ -38.982081105, -6.36049130999993 ], [ -38.9819591, -6.36056309999998 ], [ -38.981836985, -6.36057020999993 ], [ -38.9818442, -6.36046250499993 ], [ -38.98185139, -6.36033330999993 ], [ -38.9818442, -6.36026149499997 ], [ -38.981722195, -6.36022559999998 ], [ -38.98172941, -6.36011789499997 ], [ -38.98175809, -6.35999580999993 ], [ -38.981880096999902, -6.35985220699996 ], [ -38.982145699999897, -6.35950749999995 ], [ -38.982145699999897, -6.35923469999994 ], [ -38.982088299999901, -6.35899049999995 ], [ -38.982052399999901, -6.35888279999995 ], [ -38.982052399999901, -6.358811 ], [ -38.9821385, -6.35878229999997 ], [ -38.9822606, -6.35865309999997 ], [ -38.982439999999897, -6.35848069999997 ], [ -38.9824614999999, -6.35835149999997 ], [ -38.982346699999901, -6.35821509999994 ], [ -38.982325199999899, -6.35812889999994 ], [ -38.9823898, -6.35797809999997 ], [ -38.9824257, -6.35787039999997 ], [ -38.982418499999902, -6.35776269999997 ], [ -38.9823898, -6.357655 ], [ -38.982382599999902, -6.35755449999994 ], [ -38.9824472, -6.35748269999993 ], [ -38.9824973999999, -6.35746829999994 ], [ -38.982712799999902, -6.35743959999996 ], [ -38.982712799999902, -6.35736059999994 ], [ -38.9827198999999, -6.35724569999996 ], [ -38.982734299999898, -6.35715959999993 ], [ -38.9826482, -6.35705189999993 ], [ -38.9826338, -6.35699439999996 ], [ -38.9826338, -6.35687229999996 ], [ -38.9827271, -6.35675749999996 ], [ -38.9828492, -6.35664979999996 ], [ -38.9829209, -6.35644869999993 ], [ -38.9829496, -6.35629069999993 ], [ -38.9830071, -6.35619739999993 ], [ -38.983086, -6.35614709999993 ], [ -38.9831004, -6.356061 ], [ -38.9831219, -6.35593169999993 ], [ -38.9831722, -6.355745 ], [ -38.9832655, -6.35568039999993 ], [ -38.983279799999899, -6.35559419999993 ], [ -38.983165, -6.35544339999996 ], [ -38.9831435, -6.35533569999996 ], [ -38.9831722, -6.35526389999995 ], [ -38.983243899999898, -6.35521369999998 ], [ -38.983243899999898, -6.35516339999998 ], [ -38.9832296, -6.35507719999993 ], [ -38.9832296, -6.35496949999992 ], [ -38.983258299999903, -6.35489769999998 ], [ -38.983315699999899, -6.35488339999995 ], [ -38.9833874999999, -6.35489059999998 ], [ -38.9834521, -6.35490489999995 ], [ -38.983595599999902, -6.35484749999995 ], [ -38.9837535, -6.35479 ], [ -38.983775099999903, -6.35469669999998 ], [ -38.983732, -6.35456029999995 ], [ -38.9836531, -6.35444539999997 ], [ -38.9836961, -6.35430179999997 ], [ -38.9837105, -6.35419409999997 ], [ -38.983703299999902, -6.35414379999997 ], [ -38.9836028, -6.35402889999995 ], [ -38.9835669, -6.35392839999997 ], [ -38.983588499999897, -6.35384219999997 ], [ -38.9836458999999, -6.353792 ], [ -38.983667399999902, -6.35369859999997 ], [ -38.983667399999902, -6.35359089999997 ], [ -38.9836817999999, -6.35343289999997 ], [ -38.9835957, -6.35329649999994 ], [ -38.9835742, -6.353038 ], [ -38.9835742, -6.35288719999994 ], [ -38.983567, -6.35276519999996 ], [ -38.983638799999902, -6.35262159999996 ], [ -38.983689, -6.35245639999994 ], [ -38.9838182, -6.35223379999996 ], [ -38.9838397, -6.35214769999993 ], [ -38.983767999999898, -6.35206149999993 ], [ -38.9837393, -6.35198249999996 ], [ -38.9836675, -6.35194659999996 ], [ -38.9835527, -6.35196809999997 ], [ -38.983401899999897, -6.35203279999996 ], [ -38.983344499999902, -6.35199679999994 ], [ -38.9832369, -6.35193939999994 ], [ -38.9831866, -6.35183169999993 ], [ -38.983122, -6.35171679999996 ], [ -38.9831149, -6.351645 ], [ -38.983079, -6.35163779999993 ], [ -38.9829354, -6.35167369999994 ], [ -38.9827991, -6.351724 ], [ -38.9827417, -6.35173829999997 ], [ -38.982641199999897, -6.351724 ], [ -38.9826484, -6.35170239999997 ], [ -38.9826484, -6.35155879999996 ], [ -38.982662699999899, -6.35141519999996 ], [ -38.982662699999899, -6.35132189999996 ], [ -38.982619699999901, -6.35125009999996 ], [ -38.9824905, -6.35118539999996 ], [ -38.9823685, -6.35109209999996 ], [ -38.9823541, -6.35092689999993 ], [ -38.982311099999897, -6.35083359999993 ], [ -38.9821962, -6.35083359999993 ], [ -38.982160399999898, -6.35086949999993 ], [ -38.9820382999999, -6.35086949999993 ], [ -38.981866099999898, -6.35070429999996 ], [ -38.981866099999898, -6.35059659999996 ], [ -38.9819307, -6.35044579999993 ], [ -38.982031199999902, -6.34942379999995 ], [ -38.9816006, -6.34884939999995 ], [ -38.981074299999896, -6.34844639999994 ], [ -38.980495699999899, -6.34836869999998 ], [ -38.9803952, -6.34818919999998 ], [ -38.9802948, -6.34780149999995 ], [ -38.979977, -6.34759949999994 ], [ -38.9795771, -6.34700439999995 ], [ -38.9792183, -6.34637249999997 ], [ -38.978881, -6.34604939999997 ], [ -38.978853899999898, -6.34580779999993 ], [ -38.978773299999901, -6.34558269999997 ], [ -38.9783451, -6.34569749999997 ], [ -38.9780054, -6.34578369999997 ], [ -38.9778284, -6.34576209999994 ], [ -38.9777136, -6.34533849999997 ], [ -38.977527, -6.34493639999994 ], [ -38.9777566, -6.34483589999996 ], [ -38.977742299999903, -6.34463479999994 ], [ -38.9774216, -6.34439589999994 ], [ -38.9771825, -6.34431169999993 ], [ -38.9769744, -6.34434759999994 ], [ -38.976895399999897, -6.34422549999994 ], [ -38.9770318, -6.344125 ], [ -38.9770369, -6.34402659999995 ], [ -38.9768811, -6.34394539999994 ], [ -38.9767878, -6.34378749999996 ], [ -38.976945699999902, -6.34345 ], [ -38.977060499999901, -6.34342849999996 ], [ -38.9770103, -6.34316279999996 ], [ -38.9769744, -6.34278939999996 ], [ -38.9768381, -6.34248059999993 ], [ -38.976479299999902, -6.34223649999996 ], [ -38.975937799999897, -6.34198879999997 ], [ -38.9757408, -6.34181279999996 ], [ -38.9757114, -6.34169069999996 ], [ -38.975775999999897, -6.34141069999993 ], [ -38.9756073, -6.34113069999995 ], [ -38.9753203, -6.34104089999994 ], [ -38.974907599999902, -6.34075719999993 ], [ -38.974645699999897, -6.340531 ], [ -38.974373, -6.34013969999995 ], [ -38.974093, -6.34031919999995 ], [ -38.9738383, -6.34039459999997 ], [ -38.973594299999903, -6.34037659999996 ], [ -38.973149299999903, -6.34025449999996 ], [ -38.9729053, -6.34011809999993 ], [ -38.972209099999901, -6.34039809999996 ], [ -38.9709553, -6.340481 ], [ -38.9701924, -6.34026869999997 ], [ -38.969750099999899, -6.339468 ], [ -38.969116, -6.33889 ], [ -38.9684602, -6.33860219999997 ], [ -38.967312, -6.33807079999997 ], [ -38.966257, -6.33782889999998 ], [ -38.964680499999901, -6.33735259999997 ], [ -38.9630347, -6.33683549999995 ], [ -38.9621887, -6.33649679999996 ], [ -38.960821699999897, -6.33585179999994 ], [ -38.960253, -6.33524829999993 ], [ -38.9600134, -6.33509359999994 ], [ -38.959980899999898, -6.33507279999998 ], [ -38.9595297, -6.33509269999996 ], [ -38.958695299999903, -6.33524379999994 ], [ -38.958071, -6.33516469999995 ], [ -38.9578054, -6.33502109999995 ], [ -38.957297599999897, -6.33496509999998 ], [ -38.957016, -6.33494919999993 ], [ -38.956772, -6.33499949999998 ], [ -38.9565567, -6.3351 ], [ -38.9563198, -6.33528669999993 ], [ -38.955889199999902, -6.33550919999993 ], [ -38.955817399999901, -6.335581 ], [ -38.9556595, -6.33561689999993 ], [ -38.955537499999899, -6.33568149999996 ], [ -38.9554729, -6.33596869999997 ], [ -38.9554155, -6.33607639999997 ], [ -38.9553509, -6.33619849999997 ], [ -38.9550853, -6.33636359999997 ], [ -38.9547767, -6.33647849999994 ], [ -38.9545183, -6.3365 ], [ -38.9544035, -6.33650719999997 ], [ -38.9533340999999, -6.33669379999998 ], [ -38.9529251, -6.33683019999995 ], [ -38.9527313, -6.33698089999996 ], [ -38.952501599999898, -6.33720349999993 ], [ -38.952393899999898, -6.33744759999996 ], [ -38.9523078, -6.33779229999993 ], [ -38.952236, -6.338101 ], [ -38.952078099999902, -6.33815849999996 ], [ -38.9518628, -6.33831639999994 ], [ -38.951712, -6.33839539999997 ], [ -38.951453699999902, -6.33851739999994 ], [ -38.951238299999901, -6.33855329999994 ], [ -38.9510015, -6.33856759999998 ], [ -38.9505134999999, -6.33853889999995 ], [ -38.9502550999999, -6.33848859999995 ], [ -38.9500638, -6.33845509999998 ], [ -38.9498843, -6.338455 ], [ -38.949692899999903, -6.338455 ], [ -38.949381899999899, -6.33858659999993 ], [ -38.9491666, -6.33859859999995 ], [ -38.949047, -6.33850279999996 ], [ -38.94876, -6.338443 ], [ -38.9485447, -6.33845489999993 ], [ -38.9483772, -6.338419 ], [ -38.9483294, -6.33822749999996 ], [ -38.948269599999897, -6.33810779999993 ], [ -38.9480662, -6.33810779999993 ], [ -38.9477911, -6.33817959999993 ], [ -38.9475638, -6.338383 ], [ -38.947181, -6.33900529999994 ], [ -38.9471331, -6.33922069999994 ], [ -38.9469776, -6.33938819999997 ], [ -38.9466666, -6.33938819999997 ], [ -38.9464872, -6.33934029999995 ], [ -38.946319699999897, -6.339424 ], [ -38.945937, -6.33951969999993 ], [ -38.945434599999899, -6.33942389999993 ], [ -38.9453389, -6.33930429999998 ], [ -38.9450758, -6.33894519999996 ], [ -38.944705, -6.33871779999993 ], [ -38.9442505, -6.33823909999995 ], [ -38.943832, -6.33773639999993 ], [ -38.943506, -6.337268 ], [ -38.943451599999896, -6.33722419999998 ], [ -38.941169499999901, -6.33648669999997 ], [ -38.9407102, -6.336501 ], [ -38.9393464999999, -6.33712549999996 ], [ -38.9388298, -6.33742709999996 ], [ -38.937308099999903, -6.33867629999997 ], [ -38.9363822, -6.33995429999993 ], [ -38.9357075, -6.34029879999997 ], [ -38.935066, -6.340194 ], [ -38.934481499999897, -6.34001909999995 ], [ -38.9342086, -6.33943139999997 ], [ -38.9341034999999, -6.33867739999994 ], [ -38.9342366, -6.33828979999993 ], [ -38.9337464, -6.336357 ], [ -38.9334833, -6.33611159999998 ], [ -38.9325861, -6.33612659999994 ], [ -38.9311076, -6.33665779999995 ], [ -38.9302536, -6.33637759999993 ], [ -38.929335, -6.33603279999994 ], [ -38.928904499999902, -6.335207 ], [ -38.928174399999897, -6.33422539999998 ], [ -38.9277486, -6.33405979999998 ], [ -38.9274693, -6.334058 ], [ -38.9270531, -6.33411529999995 ], [ -38.925050999999897, -6.33243479999993 ], [ -38.9246557, -6.33220569999997 ], [ -38.924723599999901, -6.33186109999997 ], [ -38.9251133, -6.33147039999994 ], [ -38.9256477, -6.33121349999993 ], [ -38.926211099999897, -6.33098559999996 ], [ -38.9265827, -6.33075589999993 ], [ -38.9266876, -6.33069169999993 ], [ -38.9268079, -6.33042669999998 ], [ -38.9267594, -6.32990759999996 ], [ -38.9269434, -6.32939809999993 ], [ -38.926625999999899, -6.32897379999997 ], [ -38.926189899999898, -6.32879479999997 ], [ -38.9260545, -6.32867939999994 ], [ -38.9259397, -6.328531 ], [ -38.9259301, -6.32843049999997 ], [ -38.925968399999903, -6.32831079999994 ], [ -38.9260211, -6.32812889999997 ], [ -38.9258879, -6.32804989999994 ], [ -38.925710099999897, -6.32794219999994 ], [ -38.925557099999899, -6.32777939999994 ], [ -38.925404, -6.32758789999997 ], [ -38.925241399999898, -6.32727669999997 ], [ -38.9250132, -6.32698519999997 ], [ -38.9246974, -6.32679839999997 ], [ -38.924489, -6.32646849999998 ], [ -38.924424799999898, -6.32615219999997 ], [ -38.9245756, -6.32572139999996 ], [ -38.9245326, -6.32525459999994 ], [ -38.9243532, -6.32478069999996 ], [ -38.9236643, -6.32478059999994 ], [ -38.9230757999999, -6.32473019999998 ], [ -38.922516099999903, -6.324486 ], [ -38.9221959, -6.32401179999994 ], [ -38.9219234, -6.322511 ], [ -38.9209238, -6.32005969999994 ], [ -38.920550799999901, -6.31878149999994 ], [ -38.9203094, -6.31804449999993 ], [ -38.919548899999903, -6.31678779999993 ], [ -38.9183866, -6.31466229999995 ], [ -38.917397799999897, -6.31338239999997 ], [ -38.9168774, -6.31226109999994 ], [ -38.9165404, -6.310229 ], [ -38.9163396, -6.30960419999997 ], [ -38.8783306999999, -6.32743679999993 ], [ -38.8418589, -6.29674319999998 ], [ -38.8370993999999, -6.29294629999993 ], [ -38.8363342, -6.29221849999993 ], [ -38.8360281, -6.29187369999994 ], [ -38.8358368, -6.29156729999994 ], [ -38.835645699999901, -6.29095449999994 ], [ -38.8354353, -6.29049489999994 ], [ -38.8350144, -6.29007349999995 ], [ -38.8346893, -6.28957559999998 ], [ -38.8345363, -6.28917339999998 ], [ -38.8344599, -6.288733 ], [ -38.8342306, -6.28767979999998 ], [ -38.8341159, -6.28746909999995 ], [ -38.8337523, -6.28722009999996 ], [ -38.8322962, -6.28669 ], [ -38.8320495, -6.286243 ], [ -38.8318965, -6.285994 ], [ -38.8315904, -6.28566839999996 ], [ -38.831456699999897, -6.28513219999996 ], [ -38.831342, -6.28471089999994 ], [ -38.831303799999901, -6.28434709999993 ], [ -38.8314262, -6.28380289999996 ], [ -38.8314763, -6.283543 ], [ -38.831419, -6.28337059999996 ], [ -38.8313836, -6.28283279999994 ], [ -38.830998599999901, -6.28259579999997 ], [ -38.8308551, -6.28227259999994 ], [ -38.830642399999903, -6.28193259999995 ], [ -38.830403299999901, -6.28154959999995 ], [ -38.830231099999899, -6.28131979999995 ], [ -38.8301164, -6.28114739999995 ], [ -38.830068599999898, -6.28093679999995 ], [ -38.830039999999897, -6.28074529999998 ], [ -38.8299635, -6.28058249999998 ], [ -38.8297052, -6.28049629999992 ], [ -38.829494699999898, -6.28041959999996 ], [ -38.829389499999898, -6.28019939999996 ], [ -38.829217399999898, -6.28001739999996 ], [ -38.828978199999902, -6.27994069999994 ], [ -38.8287677, -6.27987359999997 ], [ -38.8286816, -6.27982579999997 ], [ -38.828519, -6.27973 ], [ -38.8282702, -6.27965329999995 ], [ -38.828040799999897, -6.27913619999993 ], [ -38.8279166, -6.27860959999992 ], [ -38.8278114, -6.27834149999995 ], [ -38.8276488, -6.27826489999995 ], [ -38.827467, -6.27822649999996 ], [ -38.827227799999903, -6.27814979999994 ], [ -38.8270461, -6.27792959999994 ], [ -38.8270175, -6.27775719999994 ], [ -38.8268930999999, -6.27758489999997 ], [ -38.8266826999999, -6.27746989999997 ], [ -38.8264244, -6.27741239999995 ], [ -38.8262139, -6.27735489999998 ], [ -38.826089599999897, -6.27720159999996 ], [ -38.8260131, -6.27704839999996 ], [ -38.825907899999898, -6.27687609999998 ], [ -38.825668699999902, -6.27684729999993 ], [ -38.8253434, -6.27684719999996 ], [ -38.8250277, -6.27670349999994 ], [ -38.8248172999999, -6.27638739999998 ], [ -38.8246068999999, -6.27617669999995 ], [ -38.824358199999899, -6.27601389999995 ], [ -38.8242721, -6.27590859999998 ], [ -38.824118999999897, -6.27581279999993 ], [ -38.823937199999897, -6.27581269999996 ], [ -38.8238511, -6.27587009999996 ], [ -38.8236406, -6.27589879999994 ], [ -38.823611899999896, -6.27594659999994 ], [ -38.823611899999896, -6.27604239999994 ], [ -38.8235448, -6.27626259999994 ], [ -38.8234204, -6.27632949999997 ], [ -38.8233092, -6.27630329999994 ], [ -38.8226046999999, -6.27632209999996 ], [ -38.8218752, -6.27623809999994 ], [ -38.8217916, -6.27596279999995 ], [ -38.821923599999899, -6.27449079999997 ], [ -38.821983799999899, -6.27347359999993 ], [ -38.821457699999897, -6.27310249999994 ], [ -38.820883799999898, -6.27253979999995 ], [ -38.820393399999901, -6.27192179999997 ], [ -38.8204327, -6.27073109999998 ], [ -38.8213249, -6.26963909999995 ], [ -38.8213531, -6.26866159999997 ], [ -38.8217552, -6.26804429999993 ], [ -38.8222863, -6.26781469999997 ], [ -38.8231330999999, -6.26757079999993 ], [ -38.823707199999902, -6.26751359999997 ], [ -38.824898399999903, -6.26737039999995 ], [ -38.8259174, -6.26741379999993 ], [ -38.8269076999999, -6.26712689999994 ], [ -38.8278695, -6.26659589999997 ], [ -38.828501199999899, -6.26574879999993 ], [ -38.8283435, -6.26523169999996 ], [ -38.8276979, -6.26470019999994 ], [ -38.8268234, -6.26430819999996 ], [ -38.826363399999899, -6.26402479999996 ], [ -38.8264065, -6.26389549999993 ], [ -38.826664799999897, -6.26385249999993 ], [ -38.8269232, -6.263709 ], [ -38.827138499999897, -6.26369469999997 ], [ -38.8274443, -6.26374359999994 ], [ -38.8276954, -6.26369579999994 ], [ -38.8278629, -6.26369579999994 ], [ -38.8281858, -6.263696 ], [ -38.8283652, -6.26354039999995 ], [ -38.828449, -6.26342079999995 ], [ -38.828616399999902, -6.263361 ], [ -38.8287718999999, -6.26336109999994 ], [ -38.8289991, -6.263397 ], [ -38.8291187, -6.263421 ], [ -38.8294273, -6.26340319999997 ], [ -38.829417799999902, -6.26315419999997 ], [ -38.8294083, -6.26296279999997 ], [ -38.829322299999902, -6.26260849999994 ], [ -38.8292266999999, -6.26239779999997 ], [ -38.829178899999903, -6.26217759999997 ], [ -38.8289877, -6.26181369999995 ], [ -38.828844199999899, -6.26155519999998 ], [ -38.8287295, -6.261268 ], [ -38.828433, -6.26103809999995 ], [ -38.828413899999902, -6.26100939999998 ], [ -38.828165199999901, -6.26081779999993 ], [ -38.828012199999897, -6.26060709999996 ], [ -38.8277922, -6.26021449999996 ], [ -38.8276392, -6.26003259999993 ], [ -38.8275722999999, -6.25985059999994 ], [ -38.8275616, -6.25972139999993 ], [ -38.8276681, -6.25961129999996 ], [ -38.8277411, -6.25949409999993 ], [ -38.8278248, -6.25938159999993 ], [ -38.8279684, -6.259171 ], [ -38.8280581, -6.25902739999998 ], [ -38.828189699999903, -6.25887189999997 ], [ -38.828338099999897, -6.25874989999994 ], [ -38.828338099999897, -6.25871159999997 ], [ -38.828319, -6.25857749999994 ], [ -38.8283382, -6.25841479999997 ], [ -38.8283383, -6.25813719999996 ], [ -38.8283193, -6.25777329999994 ], [ -38.8283193, -6.25749569999994 ], [ -38.828328999999897, -6.25730419999996 ], [ -38.828453399999901, -6.25708409999993 ], [ -38.8285683, -6.25704579999996 ], [ -38.8286831, -6.25695009999993 ], [ -38.8287884, -6.25680649999993 ], [ -38.8288458, -6.25666289999998 ], [ -38.8288459, -6.25657679999995 ], [ -38.828817199999897, -6.25645229999998 ], [ -38.828893799999904, -6.25632789999997 ], [ -38.8290277, -6.25630879999994 ], [ -38.8291043, -6.25626089999997 ], [ -38.8291331, -6.256079 ], [ -38.829123599999903, -6.25582049999997 ], [ -38.8290567, -6.25564819999994 ], [ -38.828808, -6.255246 ], [ -38.8288272, -6.25513109999997 ], [ -38.8289229, -6.25503539999994 ], [ -38.829209999999897, -6.25488229999996 ], [ -38.829563999999898, -6.25467179999993 ], [ -38.8299468, -6.25438469999995 ], [ -38.830167, -6.25417419999997 ], [ -38.8301574, -6.254088 ], [ -38.8300618, -6.25381029999994 ], [ -38.829985399999899, -6.25360919999997 ], [ -38.8299281, -6.25329329999994 ], [ -38.8299471999999, -6.25317839999997 ], [ -38.8300237999999, -6.25304439999996 ], [ -38.8301488, -6.25286069999993 ], [ -38.830113, -6.25270509999996 ], [ -38.830119099999898, -6.25254359999997 ], [ -38.830119099999898, -6.25241189999997 ], [ -38.830226799999899, -6.25228029999994 ], [ -38.830454, -6.25212479999993 ], [ -38.830543799999901, -6.25199919999994 ], [ -38.830573699999903, -6.25188549999996 ], [ -38.8305917, -6.25173589999997 ], [ -38.8305798, -6.25159229999997 ], [ -38.8305439, -6.25153849999998 ], [ -38.8303764999999, -6.25141269999995 ], [ -38.830257, -6.25140069999998 ], [ -38.8301673, -6.25132889999998 ], [ -38.830119599999897, -6.25099979999993 ], [ -38.8301734, -6.25083819999998 ], [ -38.830263199999898, -6.25062879999996 ], [ -38.830323, -6.25040749999994 ], [ -38.830323099999902, -6.25021 ], [ -38.8303172, -6.25009029999995 ], [ -38.8303979, -6.24997059999993 ], [ -38.830538499999903, -6.24984509999996 ], [ -38.830568399999898, -6.24982709999995 ], [ -38.830676099999899, -6.24965359999993 ], [ -38.8306582, -6.249528 ], [ -38.8309154, -6.24915709999993 ], [ -38.8309753, -6.24909129999998 ], [ -38.8309992, -6.24895359999994 ], [ -38.8309993, -6.24879209999995 ], [ -38.831059099999898, -6.24870829999998 ], [ -38.8311189, -6.24852879999997 ], [ -38.831119, -6.24833739999997 ], [ -38.8311191, -6.24811 ], [ -38.8308981, -6.247326 ], [ -38.8308503, -6.24708669999995 ], [ -38.8308205, -6.24691909999996 ], [ -38.8307214, -6.24655509999997 ], [ -38.8304646, -6.24561559999995 ], [ -38.8303989, -6.24542409999998 ], [ -38.830422999999897, -6.24498729999993 ], [ -38.8304889, -6.24462829999993 ], [ -38.8305607, -6.24428719999997 ], [ -38.830602699999901, -6.244012 ], [ -38.8305609, -6.24387429999996 ], [ -38.830531, -6.24379649999997 ], [ -38.8304651999999, -6.24376059999997 ], [ -38.8304054, -6.24375459999993 ], [ -38.8303038, -6.24376659999996 ], [ -38.8297236, -6.24421509999996 ], [ -38.829305, -6.24441249999995 ], [ -38.8292033, -6.24437649999993 ], [ -38.829006, -6.24431659999993 ], [ -38.8287668, -6.24429859999998 ], [ -38.828665199999897, -6.24434049999996 ], [ -38.8284618, -6.24440619999996 ], [ -38.8283124, -6.24436429999997 ], [ -38.828150999999899, -6.24425649999995 ], [ -38.828115099999899, -6.24411289999995 ], [ -38.8280973, -6.24390939999995 ], [ -38.8280973, -6.24375389999994 ], [ -38.8281332, -6.24363419999997 ], [ -38.8281572, -6.24352649999997 ], [ -38.828205099999899, -6.24338889999996 ], [ -38.828205099999899, -6.24319739999993 ], [ -38.8281095, -6.242976 ], [ -38.828091599999901, -6.24285029999993 ], [ -38.828073699999898, -6.24271869999995 ], [ -38.8280439, -6.242617 ], [ -38.8280678, -6.24246139999997 ], [ -38.8280679, -6.24229379999997 ], [ -38.828032, -6.24216819999998 ], [ -38.8278945, -6.24206039999996 ], [ -38.8278228, -6.24189879999994 ], [ -38.827739199999897, -6.24176719999997 ], [ -38.8276496, -6.24154569999996 ], [ -38.8276496, -6.24137219999994 ], [ -38.8276556, -6.24124059999997 ], [ -38.827721499999903, -6.241109 ], [ -38.8277992, -6.24096539999994 ], [ -38.827865, -6.24087559999998 ], [ -38.827966699999898, -6.24083379999996 ], [ -38.8281282, -6.24079079999996 ], [ -38.8282574, -6.24069749999995 ], [ -38.828321899999899, -6.24069029999993 ], [ -38.828408, -6.24069029999993 ], [ -38.828451099999903, -6.24073339999995 ], [ -38.8285228, -6.240755 ], [ -38.828565899999901, -6.24072629999995 ], [ -38.828601799999902, -6.24068319999998 ], [ -38.8286735, -6.24064729999998 ], [ -38.8287166, -6.24057549999998 ], [ -38.8286664, -6.24041039999997 ], [ -38.8285877, -6.24000109999997 ], [ -38.828601999999897, -6.23990049999998 ], [ -38.8286666, -6.23981439999994 ], [ -38.828781499999899, -6.23969949999997 ], [ -38.8288605, -6.23958469999997 ], [ -38.8289179, -6.23953439999997 ], [ -38.8292049, -6.23936219999996 ], [ -38.829743199999903, -6.23921159999998 ], [ -38.8300087, -6.23907519999995 ], [ -38.8302024, -6.23900349999997 ], [ -38.8304464, -6.23898919999993 ], [ -38.8307263, -6.23886719999996 ], [ -38.8308555, -6.23866619999995 ], [ -38.830956, -6.238458 ], [ -38.8310207, -6.23822109999998 ], [ -38.8310208, -6.23803439999995 ], [ -38.831006499999901, -6.23779739999998 ], [ -38.830899, -6.23743119999995 ], [ -38.8308632, -6.23721579999994 ], [ -38.8308632, -6.237065 ], [ -38.830856099999899, -6.23687829999994 ], [ -38.8307773, -6.236548 ], [ -38.830727099999898, -6.23626069999995 ], [ -38.830397199999901, -6.23578669999995 ], [ -38.830139, -6.23557119999998 ], [ -38.8298664, -6.23538449999995 ], [ -38.829636799999903, -6.23533409999993 ], [ -38.829421599999897, -6.23517609999993 ], [ -38.8292494, -6.23503239999997 ], [ -38.8291275, -6.23488159999994 ], [ -38.829019899999899, -6.23469489999997 ], [ -38.8290056, -6.23453689999997 ], [ -38.8289195, -6.23440759999994 ], [ -38.8289195999999, -6.23427119999997 ], [ -38.828933999999897, -6.23404139999997 ], [ -38.8288767, -6.23383319999994 ], [ -38.828790599999898, -6.23360339999994 ], [ -38.828762, -6.23339509999994 ], [ -38.828884, -6.23323 ], [ -38.8290132999999, -6.23300029999996 ], [ -38.8295588, -6.23248349999994 ], [ -38.8297238, -6.23239019999994 ], [ -38.8298459, -6.23223939999997 ], [ -38.8299966, -6.23209589999993 ], [ -38.830110299999902, -6.23190079999995 ], [ -38.8302191, -6.23159819999995 ], [ -38.8301183, -6.23129519999998 ], [ -38.8299582, -6.230963 ], [ -38.8296837, -6.23083679999996 ], [ -38.8294923, -6.23088459999997 ], [ -38.8288911, -6.23070019999994 ], [ -38.828357299999901, -6.22823339999997 ], [ -38.8272267, -6.22549059999994 ], [ -38.827076799999901, -6.22504629999997 ], [ -38.826873799999902, -6.22364049999993 ], [ -38.826945599999902, -6.22196539999993 ], [ -38.8268409, -6.22035239999997 ], [ -38.826937, -6.21896419999996 ], [ -38.8267202, -6.21794129999995 ], [ -38.8259644, -6.215204 ], [ -38.8116046, -6.163201 ], [ -38.811579, -6.16310839999994 ], [ -38.8007708, -6.12194479999994 ], [ -38.7990487, -6.12302119999993 ], [ -38.798307399999899, -6.123009 ], [ -38.7977685, -6.12270369999993 ], [ -38.796849, -6.12218269999994 ], [ -38.7953787, -6.12122469999997 ], [ -38.793496499999897, -6.12142739999996 ], [ -38.7922819, -6.121415 ], [ -38.791767799999903, -6.12139089999994 ], [ -38.7910267, -6.12104359999995 ], [ -38.789603699999901, -6.12078589999993 ], [ -38.788372099999897, -6.12022259999998 ], [ -38.7881467999999, -6.12011949999993 ], [ -38.786406199999902, -6.11954439999994 ], [ -38.7855264, -6.11898879999995 ], [ -38.7852015, -6.11822269999993 ], [ -38.7853188, -6.11768679999994 ], [ -38.7850826, -6.116261 ], [ -38.785158, -6.11523069999993 ], [ -38.7849937, -6.11502279999996 ], [ -38.7847211, -6.11501549999997 ], [ -38.7838747, -6.11457719999993 ], [ -38.783229199999901, -6.11434 ], [ -38.7822823, -6.11420309999994 ], [ -38.7820455, -6.11446149999995 ], [ -38.7816938, -6.114842 ], [ -38.781162799999898, -6.11512179999994 ], [ -38.780344899999903, -6.11535119999996 ], [ -38.7796488, -6.11602589999995 ], [ -38.7795626, -6.11635619999993 ], [ -38.780336799999901, -6.117649 ], [ -38.7803685, -6.11784569999998 ], [ -38.7804513, -6.11835989999997 ], [ -38.7803221, -6.11859679999998 ], [ -38.779710899999898, -6.11890979999993 ], [ -38.7785248, -6.11900509999998 ], [ -38.7778996, -6.11893289999995 ], [ -38.777833, -6.11892179999995 ], [ -38.7769562, -6.11877459999994 ], [ -38.7748480999999, -6.11954949999995 ], [ -38.7741434, -6.12038189999993 ], [ -38.772765799999902, -6.12093659999994 ], [ -38.7716753, -6.12112759999997 ], [ -38.7711968999999, -6.12143379999998 ], [ -38.769532, -6.12267769999994 ], [ -38.76869, -6.12334749999997 ], [ -38.768115899999898, -6.12380679999995 ], [ -38.767159299999904, -6.12403609999996 ], [ -38.766088, -6.12411229999998 ], [ -38.7660496, -6.12410739999996 ], [ -38.7653228, -6.12401619999997 ], [ -38.7646655, -6.12353329999996 ], [ -38.7644622, -6.12338389999996 ], [ -38.7641273, -6.12273929999998 ], [ -38.7637359, -6.12198579999995 ], [ -38.763581499999901, -6.12131019999993 ], [ -38.763281199999902, -6.11999629999997 ], [ -38.76305, -6.11966059999997 ], [ -38.762774299999897, -6.11934569999994 ], [ -38.7624769, -6.119006 ], [ -38.761554499999903, -6.118214 ], [ -38.761395299999897, -6.11793229999995 ], [ -38.7609305, -6.11711019999996 ], [ -38.760899799999898, -6.11707659999996 ], [ -38.7608293, -6.11699979999997 ], [ -38.7605492, -6.11669519999998 ], [ -38.760427299999897, -6.11656269999997 ], [ -38.7592364, -6.116042 ], [ -38.758499899999897, -6.11585529999996 ], [ -38.7584211, -6.11569779999996 ], [ -38.7583274, -6.11551059999994 ], [ -38.7584021, -6.11434629999997 ], [ -38.758319399999898, -6.11428019999994 ], [ -38.758074099999902, -6.11408389999997 ], [ -38.7576584, -6.11404389999996 ], [ -38.757499499999902, -6.11372989999995 ], [ -38.7574897, -6.11327849999998 ], [ -38.757349799999901, -6.11302149999995 ], [ -38.756927899999901, -6.11260069999997 ], [ -38.756461699999903, -6.11232909999995 ], [ -38.7559646, -6.11226819999996 ], [ -38.7559275999999, -6.11225449999995 ], [ -38.7557279, -6.11218039999994 ], [ -38.7555652, -6.11203189999998 ], [ -38.7555493999999, -6.11193059999994 ], [ -38.7555067, -6.11165829999993 ], [ -38.755296799999897, -6.11117529999996 ], [ -38.75529, -6.11115979999994 ], [ -38.7551164999999, -6.11112709999998 ], [ -38.754798299999898, -6.11135039999994 ], [ -38.7544346, -6.11199979999998 ], [ -38.7540794, -6.11261819999993 ], [ -38.7535053, -6.11313489999998 ], [ -38.7528548, -6.11340269999994 ], [ -38.752319199999903, -6.11317269999995 ], [ -38.7514777, -6.11269359999994 ], [ -38.7509836999999, -6.11256309999993 ], [ -38.7472715, -6.11158209999996 ], [ -38.744863699999897, -6.11106109999997 ], [ -38.7446073999999, -6.11100559999994 ], [ -38.744327499999898, -6.11128549999995 ], [ -38.7441479, -6.11196039999993 ], [ -38.7443986, -6.11274319999995 ], [ -38.7447271, -6.11306429999996 ], [ -38.7449794, -6.11331069999994 ], [ -38.745617799999899, -6.11337569999995 ], [ -38.745754, -6.11354089999998 ], [ -38.7458473, -6.11400369999996 ], [ -38.7455024, -6.11475419999994 ], [ -38.744174799999897, -6.11576609999997 ], [ -38.743729899999899, -6.11601719999993 ], [ -38.7431559, -6.11625379999998 ], [ -38.7424664, -6.11668729999997 ], [ -38.7410247, -6.117495 ], [ -38.7409241, -6.11776069999996 ], [ -38.740751799999899, -6.117976 ], [ -38.740507099999903, -6.11786829999994 ], [ -38.740457799999902, -6.11784659999995 ], [ -38.7402521, -6.11765719999994 ], [ -38.739927099999903, -6.11735809999993 ], [ -38.739879099999897, -6.11728359999995 ], [ -38.739698099999899, -6.11700259999998 ], [ -38.7392604, -6.11658229999995 ], [ -38.7392176, -6.11655979999995 ], [ -38.739109799999902, -6.11650319999995 ], [ -38.7365219, -6.11738639999993 ], [ -38.735579, -6.11804449999994 ], [ -38.735095, -6.11892979999993 ], [ -38.735006999999896, -6.11954589999993 ], [ -38.7348102999999, -6.12129759999993 ], [ -38.7345157, -6.12232429999995 ], [ -38.7344077, -6.12300639999995 ], [ -38.7341420999999, -6.12337239999994 ], [ -38.7338192, -6.123602 ], [ -38.7333958, -6.12389619999993 ], [ -38.732757299999903, -6.12386 ], [ -38.7310993, -6.122947 ], [ -38.729416, -6.12271639999994 ], [ -38.7283067, -6.12225629999995 ], [ -38.727756199999902, -6.12089729999997 ], [ -38.7271024, -6.12043659999995 ], [ -38.726241199999897, -6.12104889999995 ], [ -38.7253803, -6.12114419999995 ], [ -38.7245882, -6.12124849999998 ], [ -38.7236707, -6.12150739999993 ], [ -38.722645, -6.12134169999996 ], [ -38.7221718, -6.12083889999997 ], [ -38.7221094, -6.12058729999995 ], [ -38.7219565, -6.12028079999993 ], [ -38.7217347, -6.11984059999997 ], [ -38.721627399999903, -6.11915839999995 ], [ -38.7214083, -6.11879989999994 ], [ -38.7193588, -6.11645229999993 ], [ -38.718649, -6.11635379999996 ], [ -38.718035799999903, -6.11621319999995 ], [ -38.7179796, -6.11620029999995 ], [ -38.7172669, -6.11578359999993 ], [ -38.716202699999897, -6.11501589999995 ], [ -38.7142474, -6.11397279999994 ], [ -38.7130832, -6.11253469999997 ], [ -38.7117866, -6.11026159999994 ], [ -38.7110723, -6.10919559999996 ], [ -38.7088783, -6.10767459999994 ], [ -38.709466399999897, -6.11130069999996 ], [ -38.709564699999902, -6.11190669999996 ], [ -38.7105204, -6.11340069999994 ], [ -38.7109301, -6.114747 ], [ -38.7123154, -6.11929919999994 ], [ -38.7151638, -6.12314939999993 ], [ -38.718759799999901, -6.12395549999997 ], [ -38.719426199999901, -6.12440979999997 ], [ -38.719694499999903, -6.12459269999994 ], [ -38.720053, -6.12502369999993 ], [ -38.7198615, -6.12535869999994 ], [ -38.7194785, -6.12612439999998 ], [ -38.7194302999999, -6.12672269999996 ], [ -38.719541, -6.12701839999994 ], [ -38.719573599999897, -6.12710569999996 ], [ -38.7198126, -6.12734519999998 ], [ -38.7200278, -6.12741709999995 ], [ -38.720290799999901, -6.12746509999994 ], [ -38.720816899999903, -6.12746539999995 ], [ -38.7211201, -6.12744159999994 ], [ -38.7214625, -6.12751359999993 ], [ -38.7217014, -6.12808819999998 ], [ -38.7217864, -6.12841539999994 ], [ -38.7218445, -6.12863879999998 ], [ -38.722083499999897, -6.12904579999997 ], [ -38.722083199999901, -6.12952449999995 ], [ -38.7218677, -6.13017059999993 ], [ -38.7213613, -6.13051829999995 ], [ -38.7213644999999, -6.132109 ], [ -38.7214597, -6.13289889999993 ], [ -38.7218179, -6.13392829999998 ], [ -38.7222477, -6.13519709999997 ], [ -38.7222474, -6.13577149999998 ], [ -38.721963199999898, -6.137016 ], [ -38.722174, -6.13895479999996 ], [ -38.7224606999999, -6.13940969999993 ], [ -38.7226514, -6.14051079999996 ], [ -38.7225792999999, -6.14122879999996 ], [ -38.7228658, -6.14216239999996 ], [ -38.723845099999899, -6.14443669999997 ], [ -38.724203, -6.14599259999994 ], [ -38.7245373, -6.14699809999996 ], [ -38.7248718, -6.14762049999996 ], [ -38.7277169, -6.14884269999993 ], [ -38.728601399999903, -6.14939359999994 ], [ -38.7295578, -6.14970529999994 ], [ -38.7314948, -6.14975409999994 ], [ -38.7324272, -6.15030509999997 ], [ -38.732897299999898, -6.150769 ], [ -38.734028599999903, -6.15188559999996 ], [ -38.734231, -6.15218439999995 ], [ -38.734482699999901, -6.152556 ], [ -38.7345303, -6.15296289999998 ], [ -38.7347207, -6.15475809999998 ], [ -38.735103, -6.15552419999995 ], [ -38.7352461, -6.15617049999997 ], [ -38.735222, -6.15650559999995 ], [ -38.7347933, -6.157046 ], [ -38.7348388999999, -6.15763029999994 ], [ -38.734838599999897, -6.15820469999994 ], [ -38.7348861, -6.15873129999994 ], [ -38.734718, -6.160287 ], [ -38.7347652999999, -6.16122049999996 ], [ -38.7349118, -6.161529 ], [ -38.735697, -6.16318359999997 ], [ -38.7358398, -6.16466759999997 ], [ -38.7355995, -6.16694129999996 ], [ -38.7354313, -6.16864059999995 ], [ -38.7353826, -6.170292 ], [ -38.7351901, -6.17270929999995 ], [ -38.7353755, -6.17411679999998 ], [ -38.7354045, -6.174337 ], [ -38.7353323, -6.17524649999996 ], [ -38.734805999999899, -6.17572489999998 ], [ -38.734225299999899, -6.176291 ], [ -38.7338485, -6.177352 ], [ -38.7338005, -6.177711 ], [ -38.7337281, -6.17912309999997 ], [ -38.7336562, -6.17945819999994 ], [ -38.7325557, -6.18024739999993 ], [ -38.732412, -6.18058249999996 ], [ -38.7320759, -6.18307149999993 ], [ -38.7320756, -6.18383739999996 ], [ -38.73214, -6.18494219999997 ], [ -38.731907299999897, -6.18548879999997 ], [ -38.7315039, -6.18634489999994 ], [ -38.730973999999897, -6.18673 ], [ -38.7306995, -6.18728419999997 ], [ -38.7298364, -6.18763939999997 ], [ -38.7288904, -6.18780539999995 ], [ -38.7285651, -6.18790089999993 ], [ -38.7285668, -6.18794169999995 ], [ -38.728584, -6.18834129999993 ], [ -38.728737399999901, -6.18929429999997 ], [ -38.728820599999899, -6.18944869999996 ], [ -38.728430199999899, -6.189739 ], [ -38.728104899999899, -6.18994949999995 ], [ -38.7278368999999, -6.19021739999994 ], [ -38.727645299999899, -6.19061939999995 ], [ -38.727626, -6.19098319999995 ], [ -38.7274345, -6.19138519999996 ], [ -38.727166399999902, -6.19174889999994 ], [ -38.7266686, -6.19245709999996 ], [ -38.7261328, -6.19270579999994 ], [ -38.7256353, -6.19285869999993 ], [ -38.7256351, -6.19320329999994 ], [ -38.725941099999901, -6.19347159999995 ], [ -38.726, -6.19349689999996 ], [ -38.726342799999898, -6.19364409999997 ], [ -38.726486, -6.19410369999997 ], [ -38.7265338, -6.19425689999997 ], [ -38.726725, -6.19452509999996 ], [ -38.7266291, -6.19500369999997 ], [ -38.7265331, -6.19552069999997 ], [ -38.726245999999897, -6.19586519999996 ], [ -38.7261692, -6.196363 ], [ -38.726314699999897, -6.19661489999993 ], [ -38.7263794, -6.19672689999993 ], [ -38.7266663999999, -6.19672709999998 ], [ -38.7271448, -6.19672729999996 ], [ -38.7275465, -6.19672749999995 ], [ -38.7278909, -6.19686169999994 ], [ -38.7279480999999, -6.19716809999994 ], [ -38.727947899999897, -6.19760849999994 ], [ -38.7278712, -6.19783819999998 ], [ -38.7276032, -6.19820189999996 ], [ -38.7271436999999, -6.19877609999998 ], [ -38.7270286, -6.19936959999995 ], [ -38.7268943999999, -6.19992479999996 ], [ -38.7266645999999, -6.20025019999997 ], [ -38.7262628, -6.20026919999998 ], [ -38.7257268, -6.20076669999997 ], [ -38.7251719, -6.20101539999996 ], [ -38.724892699999899, -6.20090019999998 ], [ -38.724846699999901, -6.20088119999997 ], [ -38.7245827, -6.20052479999993 ], [ -38.7244069, -6.20028739999998 ], [ -38.723144799999901, -6.19997939999996 ], [ -38.722991299999897, -6.199942 ], [ -38.722532199999897, -6.19961619999998 ], [ -38.7216139, -6.19952 ], [ -38.720599499999899, -6.200113 ], [ -38.720025399999898, -6.20045739999995 ], [ -38.7186669, -6.20060989999996 ], [ -38.7181884, -6.20093509999998 ], [ -38.717461399999898, -6.20080069999995 ], [ -38.7156244, -6.20120179999998 ], [ -38.715011699999899, -6.20210139999995 ], [ -38.7148966, -6.20254179999995 ], [ -38.714265, -6.203001 ], [ -38.7139971, -6.20313489999995 ], [ -38.713709799999897, -6.20361339999994 ], [ -38.713690299999897, -6.204207 ], [ -38.7134796, -6.20480039999995 ], [ -38.712981899999903, -6.20520229999994 ], [ -38.7127714, -6.20520219999997 ], [ -38.712622199999899, -6.20509659999993 ], [ -38.712121099999898, -6.20474229999996 ], [ -38.711372099999899, -6.20456749999994 ], [ -38.711298499999899, -6.20455029999994 ], [ -38.7108011, -6.20456919999998 ], [ -38.7098824999999, -6.20495169999998 ], [ -38.7093226, -6.20520479999993 ], [ -38.7090787, -6.205315 ], [ -38.7086957, -6.20587009999997 ], [ -38.7081405, -6.20640589999994 ], [ -38.707203, -6.206482 ], [ -38.707194699999903, -6.20648179999995 ], [ -38.7061889, -6.20646229999994 ], [ -38.704740199999897, -6.206405 ], [ -38.7047157, -6.206404 ], [ -38.7043138, -6.20663359999998 ], [ -38.7034719, -6.206614 ], [ -38.7030319, -6.206652 ], [ -38.7030043, -6.20664829999993 ], [ -38.7025408, -6.20658639999994 ], [ -38.7013411, -6.20704709999995 ], [ -38.7006216, -6.20698969999995 ], [ -38.7000558, -6.20685159999994 ], [ -38.699982599999899, -6.20683379999997 ], [ -38.698775399999903, -6.20607679999995 ], [ -38.6980333, -6.206033 ], [ -38.696292899999897, -6.20662359999994 ], [ -38.6960099, -6.20672019999995 ], [ -38.6952616, -6.20651609999993 ], [ -38.695175699999901, -6.20649269999996 ], [ -38.6931887, -6.20665619999994 ], [ -38.6920198, -6.206907 ], [ -38.6914062, -6.20703829999997 ], [ -38.691290299999899, -6.20706309999997 ], [ -38.6912713, -6.20708019999995 ], [ -38.6903786, -6.20786949999996 ], [ -38.690008599999899, -6.20839659999996 ], [ -38.689796, -6.20869859999993 ], [ -38.688474, -6.209417 ], [ -38.6872906, -6.20970939999995 ], [ -38.686809599999897, -6.20993259999995 ], [ -38.686749, -6.21001489999998 ], [ -38.6865816, -6.21024 ], [ -38.6869002, -6.21075949999994 ], [ -38.687045399999903, -6.21105039999998 ], [ -38.687072199999903, -6.21110419999997 ], [ -38.686861399999898, -6.21162109999995 ], [ -38.6861342, -6.21196529999997 ], [ -38.6853687, -6.21219459999998 ], [ -38.684450399999903, -6.21206 ], [ -38.6832644, -6.21165719999993 ], [ -38.682308099999901, -6.21102479999996 ], [ -38.6814959, -6.210607 ], [ -38.6810068999999, -6.211158 ], [ -38.6801844, -6.21075539999993 ], [ -38.679569899999898, -6.21016169999996 ], [ -38.6793246, -6.20989819999994 ], [ -38.6789989, -6.20954839999996 ], [ -38.6789608999999, -6.20912719999995 ], [ -38.678884799999899, -6.20849519999996 ], [ -38.6789234, -6.20784419999995 ], [ -38.6790199, -6.20644649999997 ], [ -38.6791354, -6.20539349999996 ], [ -38.678638299999903, -6.20478039999995 ], [ -38.678069999999899, -6.20475389999996 ], [ -38.677543899999897, -6.20467119999995 ], [ -38.6770586, -6.20451259999993 ], [ -38.6770157999999, -6.20433509999998 ], [ -38.676936899999902, -6.20400779999994 ], [ -38.676783699999902, -6.20374289999995 ], [ -38.6767265, -6.203644 ], [ -38.676638899999901, -6.20349289999996 ], [ -38.6758738, -6.20266659999993 ], [ -38.6755271, -6.20218589999996 ], [ -38.6753247, -6.20190549999995 ], [ -38.674811599999899, -6.201637 ], [ -38.6746919, -6.20172069999995 ], [ -38.673974, -6.20243819999996 ], [ -38.6737587, -6.20254579999994 ], [ -38.673029299999897, -6.20238979999993 ], [ -38.6719892, -6.20204209999997 ], [ -38.6715492, -6.20162089999997 ], [ -38.6713447999999, -6.20130619999998 ], [ -38.6712006, -6.20108419999997 ], [ -38.6704453, -6.20058949999998 ], [ -38.6698496, -6.20054489999995 ], [ -38.6693816, -6.20055269999995 ], [ -38.669184, -6.20031639999996 ], [ -38.669084499999897, -6.20019729999996 ], [ -38.6691326, -6.19979049999995 ], [ -38.669120899999903, -6.19934769999998 ], [ -38.6691211999999, -6.19890489999995 ], [ -38.6690498, -6.19834239999994 ], [ -38.668684299999903, -6.19644559999995 ], [ -38.6682878, -6.19590979999998 ], [ -38.6681356, -6.19583079999995 ], [ -38.667921799999903, -6.19571959999996 ], [ -38.6675865, -6.19577549999997 ], [ -38.667282499999899, -6.19611 ], [ -38.6669778999999, -6.19616139999994 ], [ -38.666565799999901, -6.19603089999993 ], [ -38.666113, -6.19584909999998 ], [ -38.6658356, -6.19578189999993 ], [ -38.6655104, -6.19577209999994 ], [ -38.665166, -6.19577189999995 ], [ -38.6648025, -6.19575249999997 ], [ -38.6639961999999, -6.19564349999996 ], [ -38.6634693, -6.19550329999993 ], [ -38.6616832, -6.19508769999993 ], [ -38.661489199999899, -6.19504249999994 ], [ -38.6612483, -6.19465439999993 ], [ -38.6611343, -6.19447059999993 ], [ -38.6610001, -6.19364549999995 ], [ -38.661133, -6.19218279999996 ], [ -38.660845299999899, -6.19124089999997 ], [ -38.660302499999901, -6.19045269999998 ], [ -38.659208, -6.19092459999996 ], [ -38.6585191, -6.19123049999996 ], [ -38.6576386999999, -6.19168949999994 ], [ -38.6571029, -6.19170829999996 ], [ -38.656758599999897, -6.19168889999997 ], [ -38.6558501, -6.19124789999995 ], [ -38.6558024, -6.19097979999998 ], [ -38.655745399999901, -6.19031919999998 ], [ -38.6558608, -6.18940979999996 ], [ -38.655822999999899, -6.18871079999997 ], [ -38.6558999, -6.18819389999993 ], [ -38.655861899999898, -6.18741569999997 ], [ -38.6558218, -6.18648669999993 ], [ -38.6555582, -6.18587409999998 ], [ -38.6548779, -6.18571359999993 ], [ -38.6542754, -6.185426 ], [ -38.6535004, -6.18561219999998 ], [ -38.653313399999902, -6.18630139999993 ], [ -38.6526221, -6.18619779999995 ], [ -38.651147299999899, -6.18546709999993 ], [ -38.650028099999901, -6.185294 ], [ -38.647474799999898, -6.18587069999995 ], [ -38.6473601, -6.18578449999995 ], [ -38.647274, -6.18574609999996 ], [ -38.647168899999897, -6.18560249999996 ], [ -38.646949, -6.18540129999997 ], [ -38.6468821, -6.18532459999994 ], [ -38.646757799999897, -6.18517139999994 ], [ -38.6466048999999, -6.18494149999998 ], [ -38.646423399999897, -6.18466369999993 ], [ -38.646394799999896, -6.18451049999993 ], [ -38.6463757, -6.18435729999993 ], [ -38.6464142, -6.18409889999998 ], [ -38.6461178, -6.183754 ], [ -38.646013, -6.18324649999994 ], [ -38.6459174, -6.18310289999994 ], [ -38.6456879, -6.183007 ], [ -38.6454487, -6.18299719999993 ], [ -38.6452287, -6.18294919999994 ], [ -38.6451714, -6.182863 ], [ -38.6451428, -6.18270979999994 ], [ -38.645152499999902, -6.18252789999997 ], [ -38.645114299999904, -6.18238429999997 ], [ -38.6450283, -6.18222149999997 ], [ -38.6449615, -6.182097 ], [ -38.6449615, -6.18196289999997 ], [ -38.6450095, -6.18181939999994 ], [ -38.6450861, -6.18172369999996 ], [ -38.6451819, -6.18152269999996 ], [ -38.6451178, -6.18120939999994 ], [ -38.6449717, -6.18104389999996 ], [ -38.6448187, -6.18093849999997 ], [ -38.6447423, -6.18083309999997 ], [ -38.6445893, -6.18078509999998 ], [ -38.6444074999999, -6.180785 ], [ -38.644264, -6.18076579999996 ], [ -38.6442258, -6.18072739999997 ], [ -38.644139799999898, -6.18060289999994 ], [ -38.643996399999899, -6.18046879999997 ], [ -38.6438912, -6.18040169999995 ], [ -38.6435564, -6.18039189999996 ], [ -38.6432695, -6.18025769999997 ], [ -38.643135599999901, -6.18026719999995 ], [ -38.6430877, -6.18035329999998 ], [ -38.643001399999903, -6.18062129999993 ], [ -38.6429057, -6.18066909999993 ], [ -38.6428005, -6.180669 ], [ -38.6426761, -6.18065939999997 ], [ -38.6426379, -6.18058279999997 ], [ -38.6426489, -6.18043279999995 ], [ -38.6426380999999, -6.18030509999994 ], [ -38.6426380999999, -6.18025729999994 ], [ -38.642542499999898, -6.18018059999997 ], [ -38.6424469, -6.18009439999997 ], [ -38.642313, -6.18003679999993 ], [ -38.6420739, -6.17995049999996 ], [ -38.641643499999901, -6.17995019999995 ], [ -38.6412225, -6.17997869999994 ], [ -38.640476299999897, -6.18011219999994 ], [ -38.6402754, -6.18007379999995 ], [ -38.6393285, -6.17988159999993 ], [ -38.638171199999903, -6.17966069999994 ], [ -38.637300799999899, -6.17954519999995 ], [ -38.636545, -6.17956379999993 ], [ -38.636152799999898, -6.17956349999997 ], [ -38.635567799999897, -6.17952139999994 ], [ -38.6353816, -6.17949679999998 ], [ -38.634893799999901, -6.17931459999994 ], [ -38.634492099999903, -6.17928559999996 ], [ -38.634233799999897, -6.17933319999997 ], [ -38.633956399999903, -6.17929479999998 ], [ -38.6336886, -6.17917969999996 ], [ -38.6336314, -6.178902 ], [ -38.633602799999899, -6.17872969999996 ], [ -38.6334658, -6.178508 ], [ -38.6334787, -6.17838489999997 ], [ -38.6330674, -6.17837509999993 ], [ -38.6328187, -6.17837489999994 ], [ -38.6326465, -6.17837479999997 ], [ -38.632637, -6.17820239999998 ], [ -38.6326754, -6.17804929999994 ], [ -38.632675499999898, -6.17783869999994 ], [ -38.6325034, -6.17772369999994 ], [ -38.6323982, -6.17774269999995 ], [ -38.632283399999899, -6.17774269999995 ], [ -38.6321687, -6.17763729999996 ], [ -38.6322071, -6.17736919999993 ], [ -38.6322455, -6.17713949999995 ], [ -38.6322266, -6.17689049999996 ], [ -38.632226699999897, -6.17667989999995 ], [ -38.6325724, -6.17616429999993 ], [ -38.632735599999897, -6.17565229999997 ], [ -38.6325805, -6.17518549999994 ], [ -38.631912699999901, -6.17432459999998 ], [ -38.6307757, -6.17411309999994 ], [ -38.6292513, -6.17382489999994 ], [ -38.6284802, -6.17368069999998 ], [ -38.6280662, -6.17356079999996 ], [ -38.6266807, -6.17347 ], [ -38.625616599999901, -6.17338549999994 ], [ -38.6247083, -6.17275659999996 ], [ -38.6235191, -6.17191209999993 ], [ -38.622924399999903, -6.17154569999997 ], [ -38.6223355, -6.17163 ], [ -38.6218570999999, -6.17179719999996 ], [ -38.621354799999899, -6.17186869999995 ], [ -38.620613499999898, -6.17189209999998 ], [ -38.6194416, -6.17191519999994 ], [ -38.6179352999999, -6.17155509999998 ], [ -38.6174095, -6.17111189999997 ], [ -38.617302299999899, -6.17053739999994 ], [ -38.6173623, -6.17022629999997 ], [ -38.6174222, -6.169975 ], [ -38.6174505, -6.16966409999998 ], [ -38.6173461, -6.16962689999997 ], [ -38.617039799999901, -6.16972339999995 ], [ -38.616429799999899, -6.17001019999998 ], [ -38.6160589, -6.17024929999997 ], [ -38.6156401, -6.17062 ], [ -38.615326, -6.17084219999998 ], [ -38.6151856, -6.17091879999998 ], [ -38.6150183, -6.17073919999996 ], [ -38.6146836, -6.17054749999994 ], [ -38.6143011, -6.17041559999996 ], [ -38.614026, -6.17046319999997 ], [ -38.613834499999903, -6.17069049999998 ], [ -38.6136192, -6.17089379999993 ], [ -38.613344, -6.171085 ], [ -38.6132125, -6.17108489999993 ], [ -38.6130931, -6.17088139999993 ], [ -38.6129258, -6.17063 ], [ -38.6126593, -6.17036589999998 ], [ -38.612388, -6.17035429999993 ], [ -38.612077, -6.17042589999994 ], [ -38.611813799999901, -6.17056929999995 ], [ -38.611622399999902, -6.17073669999996 ], [ -38.611418699999902, -6.17135889999997 ], [ -38.6114185, -6.17155039999994 ], [ -38.611418399999899, -6.17181359999995 ], [ -38.6112747, -6.17206479999993 ], [ -38.6108202, -6.17222009999995 ], [ -38.6104852, -6.17243519999994 ], [ -38.6102339, -6.17272229999998 ], [ -38.610174, -6.17293759999995 ], [ -38.6101738, -6.17320089999993 ], [ -38.6102572, -6.17352409999995 ], [ -38.6101254, -6.17391889999993 ], [ -38.6099699, -6.17400259999994 ], [ -38.609563299999898, -6.17406209999996 ], [ -38.609073099999897, -6.17406169999992 ], [ -38.6088698, -6.17406159999996 ], [ -38.6087621, -6.17414529999996 ], [ -38.608738, -6.17438459999994 ], [ -38.608654199999897, -6.174576 ], [ -38.6083671, -6.17468349999996 ], [ -38.6080803, -6.17447989999994 ], [ -38.6075423, -6.17440769999996 ], [ -38.607410699999903, -6.17452719999994 ], [ -38.607051899999902, -6.17453889999996 ], [ -38.606693199999903, -6.17455069999994 ], [ -38.6064182, -6.17457439999993 ], [ -38.606131199999901, -6.17458609999994 ], [ -38.605772499999901, -6.17450209999993 ], [ -38.605222599999898, -6.17428629999995 ], [ -38.6046487999999, -6.17419009999998 ], [ -38.6043617999999, -6.174154 ], [ -38.6040030999999, -6.17414179999997 ], [ -38.6036084, -6.17423719999994 ], [ -38.6035605, -6.17438079999994 ], [ -38.6035603, -6.174668 ], [ -38.603511899999901, -6.17536209999997 ], [ -38.603200699999903, -6.17582849999997 ], [ -38.6029134, -6.17621129999998 ], [ -38.6026262, -6.17654619999996 ], [ -38.6012147, -6.17726309999995 ], [ -38.6007683999999, -6.17764289999997 ], [ -38.600520699999898, -6.17790839999998 ], [ -38.600404399999903, -6.17801179999998 ], [ -38.600286299999901, -6.17848349999997 ], [ -38.6001021, -6.17958409999994 ], [ -38.6002185, -6.18014579999993 ], [ -38.599944299999898, -6.18050119999998 ], [ -38.5996691, -6.18080239999995 ], [ -38.5994724, -6.18124779999994 ], [ -38.599602699999899, -6.18212579999994 ], [ -38.599721299999899, -6.18270819999998 ], [ -38.5995776, -6.18304319999993 ], [ -38.5996491, -6.18337829999996 ], [ -38.600151, -6.18373769999994 ], [ -38.6005092, -6.18447989999993 ], [ -38.6007956, -6.18519819999995 ], [ -38.600962599999903, -6.18579669999997 ], [ -38.600675099999897, -6.18641869999993 ], [ -38.6003401, -6.18668179999997 ], [ -38.599311499999899, -6.18711179999997 ], [ -38.598857, -6.18725509999996 ], [ -38.5983064, -6.187853 ], [ -38.5978516, -6.18849889999996 ], [ -38.597109499999902, -6.18938389999994 ], [ -38.596152699999898, -6.18964649999998 ], [ -38.594885299999902, -6.189478 ], [ -38.594382799999899, -6.18986049999995 ], [ -38.593952199999897, -6.18995589999997 ], [ -38.5937043, -6.19058639999997 ], [ -38.5936282, -6.19152339999994 ], [ -38.593052199999903, -6.19415569999995 ], [ -38.592836299999902, -6.19501719999994 ], [ -38.592153499999903, -6.19658439999995 ], [ -38.5918343, -6.19720449999994 ], [ -38.5916564, -6.19741189999996 ], [ -38.591351599999903, -6.197577 ], [ -38.5910744, -6.19789669999994 ], [ -38.590820199999897, -6.19812939999997 ], [ -38.5906502, -6.19817889999996 ], [ -38.5904244, -6.19806359999995 ], [ -38.5901754, -6.19801619999993 ], [ -38.589916199999898, -6.19816229999998 ], [ -38.5897006, -6.19862889999996 ], [ -38.5887908999999, -6.19968129999995 ], [ -38.5881684, -6.20066209999993 ], [ -38.587354499999897, -6.20159489999998 ], [ -38.5862061999999, -6.20157469999998 ], [ -38.5845796, -6.20247829999994 ], [ -38.5838376, -6.20314789999998 ], [ -38.5831433, -6.20410469999996 ], [ -38.5824013, -6.20484609999994 ], [ -38.5821516, -6.20498709999993 ], [ -38.58183, -6.20525339999995 ], [ -38.5816204, -6.20544979999994 ], [ -38.581250399999902, -6.20548409999998 ], [ -38.580463199999897, -6.20599339999995 ], [ -38.5793626, -6.20663879999995 ], [ -38.577652, -6.20669149999998 ], [ -38.5763818, -6.20684779999993 ], [ -38.575583499999901, -6.20699479999996 ], [ -38.5748897, -6.20732929999997 ], [ -38.5733046, -6.20696319999996 ], [ -38.5717986, -6.20727649999998 ], [ -38.5710913, -6.20751179999996 ], [ -38.5708554, -6.20783919999997 ], [ -38.570920199999897, -6.20861239999994 ], [ -38.571299199999899, -6.20947749999993 ], [ -38.5717905999999, -6.20973219999996 ], [ -38.5718289, -6.20992959999995 ], [ -38.5719812, -6.21071369999993 ], [ -38.5716249, -6.21161369999993 ], [ -38.5705449, -6.21228019999995 ], [ -38.5704847, -6.21279469999996 ], [ -38.5709388, -6.21322589999994 ], [ -38.5712493999999, -6.21359719999998 ], [ -38.571236999999897, -6.21414759999993 ], [ -38.5709735, -6.21459019999998 ], [ -38.570506899999899, -6.21493689999994 ], [ -38.570518299999897, -6.215631 ], [ -38.570159299999901, -6.21596579999994 ], [ -38.569907699999902, -6.21648019999998 ], [ -38.5703619, -6.21673179999993 ], [ -38.570577, -6.21694739999998 ], [ -38.5704549, -6.21725319999996 ], [ -38.570154499999902, -6.21754539999995 ], [ -38.5696914, -6.21777239999994 ], [ -38.569724, -6.21813749999995 ], [ -38.5694126, -6.21874749999995 ], [ -38.5693765, -6.21902269999993 ], [ -38.5686067, -6.21968319999996 ], [ -38.568394899999902, -6.22024259999995 ], [ -38.5682148, -6.22115189999994 ], [ -38.5678554, -6.22188169999993 ], [ -38.5672334, -6.22215639999996 ], [ -38.56664, -6.22281329999993 ], [ -38.565775899999899, -6.22272089999996 ], [ -38.5649816, -6.22285159999996 ], [ -38.564382899999899, -6.22382049999993 ], [ -38.5642746, -6.22471789999997 ], [ -38.564321499999899, -6.22575909999995 ], [ -38.5640821, -6.22604609999996 ], [ -38.5640102, -6.22629739999996 ], [ -38.563495499999902, -6.22683549999994 ], [ -38.5629926, -6.227589 ], [ -38.562669399999898, -6.22795969999993 ], [ -38.562669, -6.22848619999996 ], [ -38.562417599999897, -6.22883309999997 ], [ -38.562078, -6.22912559999997 ], [ -38.561737299999898, -6.22940049999994 ], [ -38.5613705, -6.22958359999996 ], [ -38.561209, -6.22974159999995 ], [ -38.5611489, -6.23008859999993 ], [ -38.560766, -6.23039939999995 ], [ -38.5602875, -6.23060239999995 ], [ -38.559797499999902, -6.23026689999995 ], [ -38.559498699999899, -6.23007519999993 ], [ -38.5590081, -6.23043379999996 ], [ -38.558756699999897, -6.230673 ], [ -38.5581705, -6.23093569999997 ], [ -38.5575603999999, -6.23118649999998 ], [ -38.556708699999902, -6.23086869999997 ], [ -38.5559914, -6.23050909999995 ], [ -38.5556445, -6.23064039999997 ], [ -38.555129899999898, -6.23114259999994 ], [ -38.5543896, -6.231504 ], [ -38.5538855, -6.23193139999995 ], [ -38.5537297, -6.23242189999996 ], [ -38.5538725, -6.23318789999996 ], [ -38.5537168, -6.233487 ], [ -38.5530707, -6.23391719999995 ], [ -38.552135099999902, -6.23418839999994 ], [ -38.551192199999903, -6.23430549999995 ], [ -38.5495167999999, -6.23350479999993 ], [ -38.5487707999999, -6.23303239999996 ], [ -38.5480247, -6.232691 ], [ -38.547925399999897, -6.23264049999995 ], [ -38.5471216, -6.23223159999998 ], [ -38.546179, -6.23203429999995 ], [ -38.5453803999999, -6.23186319999996 ], [ -38.5449096, -6.23114209999994 ], [ -38.5443862, -6.23072239999993 ], [ -38.5437186999999, -6.230368 ], [ -38.5427091, -6.22980359999997 ], [ -38.5420394, -6.22976719999997 ], [ -38.5407839, -6.22967029999995 ], [ -38.5402935, -6.22974169999998 ], [ -38.5399125, -6.229843 ], [ -38.5395758, -6.22993259999993 ], [ -38.5388874, -6.22973479999996 ], [ -38.5377612999999, -6.22968139999995 ], [ -38.536740199999898, -6.22947089999997 ], [ -38.5360987, -6.229313 ], [ -38.5351954, -6.22901089999993 ], [ -38.534228599999899, -6.22856359999997 ], [ -38.533607, -6.22826389999994 ], [ -38.5327821999999, -6.22786829999995 ], [ -38.5322492, -6.227607 ], [ -38.5317302999999, -6.22735269999993 ], [ -38.53156, -6.22722389999996 ], [ -38.530601299999901, -6.22683159999997 ], [ -38.529344799999897, -6.22621459999993 ], [ -38.528205899999897, -6.22580739999995 ], [ -38.5272373, -6.22547889999993 ], [ -38.526426, -6.22487679999995 ], [ -38.5255652, -6.22462469999994 ], [ -38.524811999999898, -6.22440859999995 ], [ -38.524298, -6.22418079999994 ], [ -38.523652399999897, -6.22398869999995 ], [ -38.5232576, -6.22422769999997 ], [ -38.5225758, -6.22434679999998 ], [ -38.5221814, -6.22417889999997 ], [ -38.5219064, -6.224059 ], [ -38.5209561, -6.22368709999995 ], [ -38.5207948, -6.22354339999993 ], [ -38.520215199999903, -6.22305819999997 ], [ -38.5197118, -6.22303759999994 ], [ -38.5234424, -6.22831889999998 ], [ -38.524708, -6.23286619999993 ], [ -38.528202599999901, -6.23673259999993 ], [ -38.528348, -6.23917619999997 ], [ -38.528965399999898, -6.23987029999995 ], [ -38.5315974, -6.24154069999997 ], [ -38.5322899, -6.24218229999997 ], [ -38.5324806, -6.242359 ], [ -38.535756799999902, -6.24539429999993 ], [ -38.5384653, -6.24689669999998 ], [ -38.5408654, -6.24618079999993 ], [ -38.5429166, -6.24670809999998 ], [ -38.542926899999898, -6.24671069999994 ], [ -38.5446405, -6.24560609999997 ], [ -38.544660099999902, -6.24559349999993 ], [ -38.5458512, -6.24542639999993 ], [ -38.5485487, -6.25069679999996 ], [ -38.5501477, -6.25731979999995 ], [ -38.5519042, -6.25921449999993 ], [ -38.5534736, -6.25921629999993 ], [ -38.5542785, -6.25974729999996 ], [ -38.5548011, -6.26154849999995 ], [ -38.554420999999898, -6.26339559999997 ], [ -38.559787099999902, -6.26716269999997 ], [ -38.562912, -6.26795879999997 ], [ -38.5650097, -6.26849339999995 ], [ -38.5661544, -6.269233 ], [ -38.5697178, -6.27153559999994 ], [ -38.5726605, -6.27412259999994 ], [ -38.5753213, -6.27775029999998 ], [ -38.576223599999899, -6.27834959999996 ], [ -38.5790928, -6.27908259999998 ], [ -38.5795457, -6.27962639999993 ], [ -38.578714299999902, -6.28030659999996 ], [ -38.577128199999898, -6.28160439999994 ], [ -38.5760296999999, -6.28352209999997 ], [ -38.575998599999899, -6.28352549999994 ], [ -38.5730826, -6.28384329999994 ], [ -38.571513, -6.28444349999995 ], [ -38.5710256, -6.29112629999997 ], [ -38.5703774, -6.29295019999995 ], [ -38.5700376, -6.29438039999997 ], [ -38.570550099999899, -6.29884029999994 ], [ -38.5702964, -6.29999339999995 ], [ -38.569494899999903, -6.30048659999994 ], [ -38.5694786, -6.30048849999997 ], [ -38.566628799999897, -6.30081519999993 ], [ -38.5666249, -6.30082639999995 ], [ -38.5660227, -6.30258869999994 ], [ -38.5667177999999, -6.30441509999997 ], [ -38.5713809, -6.30595489999996 ], [ -38.575296099999903, -6.30863479999994 ], [ -38.576712799999903, -6.31048979999997 ], [ -38.5786638, -6.31476309999994 ], [ -38.5806057, -6.31551719999993 ], [ -38.581296199999898, -6.31621019999994 ], [ -38.5820985, -6.31927279999996 ], [ -38.580712499999898, -6.32538139999997 ], [ -38.5815423, -6.33104609999998 ], [ -38.5797188, -6.33511449999997 ], [ -38.5789073, -6.34157909999993 ], [ -38.5770754, -6.34742749999998 ], [ -38.574292399999898, -6.34860669999995 ], [ -38.5680723, -6.35020639999993 ], [ -38.5680436, -6.35021909999995 ], [ -38.5644277, -6.35182509999993 ], [ -38.5631878, -6.35274989999994 ], [ -38.5626118, -6.35464459999997 ], [ -38.562857199999897, -6.35555189999997 ], [ -38.5625059, -6.35565169999995 ], [ -38.563308199999902, -6.356032 ], [ -38.5652592, -6.35669349999995 ], [ -38.566737499999903, -6.35708339999996 ], [ -38.5673533, -6.36152549999997 ], [ -38.569222099999898, -6.36206569999996 ], [ -38.5739690999999, -6.36192919999996 ], [ -38.5760753, -6.36269189999996 ], [ -38.577103099999903, -6.36424349999993 ], [ -38.5768719, -6.365655 ], [ -38.5759332, -6.36781789999998 ], [ -38.5727936, -6.37118689999994 ], [ -38.5722746, -6.37230969999996 ], [ -38.572217599999902, -6.37322569999998 ], [ -38.5731081, -6.37491839999996 ], [ -38.5761317, -6.37539949999996 ], [ -38.579613, -6.37431069999997 ], [ -38.5829634, -6.37404409999994 ], [ -38.5838562, -6.37441829999995 ], [ -38.5850503, -6.376207 ], [ -38.588246599999898, -6.37601019999994 ], [ -38.5924663, -6.37824609999996 ], [ -38.592797699999899, -6.37892 ], [ -38.5929677, -6.37926569999996 ], [ -38.593157, -6.38141419999994 ], [ -38.5949434, -6.38657009999997 ], [ -38.5989092, -6.38723569999996 ], [ -38.6007399, -6.387961 ], [ -38.6020473, -6.38962219999996 ], [ -38.602214499999903, -6.39089509999997 ], [ -38.6018015, -6.391711 ], [ -38.594128, -6.39686159999997 ], [ -38.5923364, -6.39664729999993 ], [ -38.5910691999999, -6.39648929999993 ], [ -38.5904781999999, -6.39618329999996 ], [ -38.58932, -6.39558369999997 ], [ -38.5881069, -6.39484309999995 ], [ -38.587174499999897, -6.39427379999995 ], [ -38.5835714, -6.39640669999994 ], [ -38.583555499999903, -6.39640929999996 ], [ -38.583467799999902, -6.39642349999997 ], [ -38.5832369, -6.39646079999994 ], [ -38.5815443, -6.39673849999997 ], [ -38.5811019, -6.39760839999997 ], [ -38.5822158, -6.39935389999994 ], [ -38.5823573, -6.40031069999998 ], [ -38.5809942, -6.40176359999998 ], [ -38.580959, -6.40177559999995 ], [ -38.577725, -6.40288339999995 ], [ -38.5734467999999, -6.40379249999995 ], [ -38.571968399999903, -6.40410659999998 ], [ -38.569074999999899, -6.40288579999998 ], [ -38.565436799999901, -6.40006469999997 ], [ -38.564353, -6.39972769999997 ], [ -38.5588013, -6.40025909999997 ], [ -38.5549609, -6.40016249999996 ], [ -38.5515225, -6.39816719999993 ], [ -38.548660599999899, -6.39886289999993 ], [ -38.5486513, -6.39887109999995 ], [ -38.5447741, -6.40226079999997 ], [ -38.544756999999898, -6.40225849999996 ], [ -38.5427154999999, -6.40198009999995 ], [ -38.5381318, -6.39932549999997 ], [ -38.5362696, -6.39898159999996 ], [ -38.5334912, -6.39758349999994 ], [ -38.532934899999901, -6.39685229999998 ], [ -38.5326856, -6.39552149999997 ], [ -38.5322136, -6.39431789999998 ], [ -38.5314771, -6.39350639999998 ], [ -38.5308332, -6.39312629999995 ], [ -38.529399899999902, -6.39289 ], [ -38.5293718, -6.39290669999997 ], [ -38.526313899999899, -6.39472709999995 ], [ -38.5245204, -6.396112 ], [ -38.524798099999899, -6.40121579999993 ], [ -38.5188565999999, -6.40573179999996 ], [ -38.517932099999904, -6.40682229999993 ], [ -38.5179093, -6.40873169999998 ], [ -38.5187126, -6.40934089999996 ], [ -38.5197595, -6.40934629999992 ], [ -38.5234601, -6.40721279999997 ], [ -38.5245176, -6.407083 ], [ -38.530019599999903, -6.41220969999995 ], [ -38.5339655, -6.417651 ], [ -38.536235099999899, -6.41985439999996 ], [ -38.5384126, -6.42126579999996 ], [ -38.5426090999999, -6.42283919999994 ], [ -38.5470433999999, -6.42701779999993 ], [ -38.5516585, -6.430203 ], [ -38.5542654, -6.43276309999993 ], [ -38.5554453, -6.43750979999993 ], [ -38.556018499999901, -6.44175249999995 ], [ -38.5558009, -6.44506839999997 ], [ -38.556404799999903, -6.44764259999994 ], [ -38.557780799999897, -6.44821679999995 ], [ -38.561864199999903, -6.449921 ], [ -38.564927899999901, -6.45119959999994 ], [ -38.565655799999902, -6.45150339999998 ], [ -38.567021, -6.45207329999994 ], [ -38.5675959, -6.45264969999994 ], [ -38.5679555, -6.45301009999997 ], [ -38.5698166, -6.45487589999993 ], [ -38.5705222, -6.45816659999997 ], [ -38.569403599999902, -6.46401839999993 ], [ -38.570410099999897, -6.47019509999996 ], [ -38.5757771, -6.47796509999995 ], [ -38.578612899999897, -6.481329 ], [ -38.5804221, -6.48330569999996 ], [ -38.582348099999898, -6.48541009999997 ], [ -38.594972299999903, -6.50044219999995 ], [ -38.5985607, -6.50383669999997 ], [ -38.6018837, -6.50572909999994 ], [ -38.606406299999897, -6.50717909999997 ], [ -38.6067717, -6.50758719999993 ], [ -38.6081647, -6.50981849999994 ], [ -38.6084006, -6.51043329999993 ], [ -38.6122882, -6.51319129999996 ], [ -38.6130132, -6.51471309999994 ], [ -38.6130757, -6.52015779999994 ], [ -38.615567199999902, -6.52333259999995 ], [ -38.616111499999903, -6.52814519999993 ] ] ] ] } }
]
}
