{
"type": "FeatureCollection",
"name": "juazeirodonorte",
"crs": { "type": "name", "properties": { "name": "urn:ogc:def:crs:EPSG::4674" } },
"features": [
{ "type": "Feature", "properties": { "CD_MUN": "2313252", "NM_MUN": "Tarrafas", "CD_RGI": "230011", "NM_RGI": "Juazeiro do Norte", "CD_RGINT": "2304", "NM_RGINT": "Juazeiro do Norte", "CD_UF": "23", "NM_UF": "Ceará", "SIGLA_UF": "CE", "CD_REGIAO": "2", "NM_REGIAO": "Nordeste", "SIGLA_RG": "NE", "CD_CONCURB": null, "NM_CONCURB": null, "AREA_KM2": 412.719 }, "geometry": { "type": "MultiPolygon", "coordinates": [ [ [ [ -39.6104032, -6.74870819999995 ], [ -39.6101497, -6.74891419999994 ], [ -39.6090924, -6.74919589999996 ], [ -39.6078883, -6.74904819999995 ], [ -39.6038642, -6.74967829999997 ], [ -39.6028664, -6.74910959999994 ], [ -39.6019823, -6.74911249999997 ], [ -39.6006321, -6.74894319999993 ], [ -39.599515499999903, -6.74900069999995 ], [ -39.5984002, -6.74928879999993 ], [ -39.5978759, -6.74988379999996 ], [ -39.597845699999901, -6.75039949999996 ], [ -39.597906599999902, -6.75094109999998 ], [ -39.5981427, -6.75186669999994 ], [ -39.5994598, -6.75325049999998 ], [ -39.600142199999901, -6.75428269999998 ], [ -39.6002372, -6.75515129999997 ], [ -39.6001419, -6.75572619999997 ], [ -39.599848699999903, -6.75646559999996 ], [ -39.5992859, -6.75860409999996 ], [ -39.6001497, -6.76041109999994 ], [ -39.602058499999899, -6.76240459999997 ], [ -39.6029434, -6.76529479999994 ], [ -39.6030043, -6.76620649999995 ], [ -39.604034199999901, -6.76854349999996 ], [ -39.604859599999898, -6.76933939999998 ], [ -39.606738699999902, -6.77047589999995 ], [ -39.607386, -6.77144469999996 ], [ -39.6083252, -6.77244389999993 ], [ -39.608503599999899, -6.77324059999995 ], [ -39.611048599999897, -6.77906439999992 ], [ -39.612811099999902, -6.77960219999994 ], [ -39.61326, -6.78169139999994 ], [ -39.6136296, -6.78425629999998 ], [ -39.6149248, -6.78733379999994 ], [ -39.6157552, -6.78845529999995 ], [ -39.6180428, -6.790645 ], [ -39.6196232, -6.79215769999996 ], [ -39.6208829, -6.79516229999996 ], [ -39.6226847, -6.79608959999996 ], [ -39.623615099999903, -6.79619539999993 ], [ -39.6244526999999, -6.79602109999996 ], [ -39.6255214, -6.795933 ], [ -39.6265035, -6.79572959999996 ], [ -39.626363899999902, -6.79424889999996 ], [ -39.6281476, -6.79359989999995 ], [ -39.628703, -6.79292559999993 ], [ -39.629325499999901, -6.79194389999998 ], [ -39.6308634, -6.79084919999997 ], [ -39.6317251, -6.79014939999996 ], [ -39.6324179, -6.78968639999994 ], [ -39.6333136, -6.78982959999996 ], [ -39.6341523, -6.79054509999997 ], [ -39.6345155, -6.79207459999998 ], [ -39.6357226, -6.79408809999995 ], [ -39.6371874, -6.79597519999993 ], [ -39.638324699999899, -6.79562369999996 ], [ -39.639538699999903, -6.79521169999992 ], [ -39.6410276, -6.79570559999996 ], [ -39.6423457, -6.79643909999993 ], [ -39.6448468, -6.79868319999997 ], [ -39.6459942, -6.79927959999998 ], [ -39.6475103, -6.80021919999996 ], [ -39.6487784, -6.80110939999997 ], [ -39.6497135, -6.80128089999994 ], [ -39.650894299999898, -6.80167139999998 ], [ -39.652017999999899, -6.80135639999997 ], [ -39.652973599999903, -6.80030639999995 ], [ -39.6540674, -6.79958679999993 ], [ -39.6554176, -6.79874709999996 ], [ -39.6563919, -6.79818149999994 ], [ -39.6572624, -6.79669629999995 ], [ -39.6566399, -6.79397909999994 ], [ -39.6563193, -6.792683 ], [ -39.6562456, -6.79117119999995 ], [ -39.6581608, -6.790707 ], [ -39.660249599999901, -6.792089 ], [ -39.6611399, -6.79272049999997 ], [ -39.6622012, -6.793232 ], [ -39.663432199999903, -6.79357569999996 ], [ -39.653101999999897, -6.82069929999994 ], [ -39.654243999999899, -6.82061279999994 ], [ -39.6552439, -6.82042859999996 ], [ -39.6565059, -6.82003719999994 ], [ -39.6571233, -6.81978739999994 ], [ -39.657964, -6.81995979999994 ], [ -39.658764399999903, -6.82041459999994 ], [ -39.6594454, -6.82116039999994 ], [ -39.659812799999898, -6.82173289999997 ], [ -39.659456, -6.82231629999995 ], [ -39.6597927, -6.82294769999993 ], [ -39.6603086, -6.82331139999997 ], [ -39.6609607, -6.823481 ], [ -39.661564499999898, -6.82392029999994 ], [ -39.6627248, -6.82393739999998 ], [ -39.6632094, -6.82462069999997 ], [ -39.6639170999999, -6.82471909999992 ], [ -39.664936899999901, -6.825389 ], [ -39.6666483999999, -6.82502189999997 ], [ -39.667277199999901, -6.82518469999997 ], [ -39.6676653, -6.82584469999995 ], [ -39.6683414, -6.82547619999997 ], [ -39.669099, -6.82578529999995 ], [ -39.6696813, -6.82613989999993 ], [ -39.670604599999898, -6.82592579999994 ], [ -39.6715902, -6.82609409999998 ], [ -39.6724732, -6.82610369999998 ], [ -39.6733282, -6.82621739999996 ], [ -39.6738985, -6.82654679999996 ], [ -39.674951599999901, -6.82707849999997 ], [ -39.6749899, -6.82622579999997 ], [ -39.6751121, -6.82521259999993 ], [ -39.6759719, -6.82465919999993 ], [ -39.6774447, -6.82486539999996 ], [ -39.678146, -6.82546749999995 ], [ -39.678298599999898, -6.82625919999998 ], [ -39.679149799999898, -6.82675129999996 ], [ -39.6795887, -6.827264 ], [ -39.6809797, -6.82843949999994 ], [ -39.681972899999899, -6.82845969999994 ], [ -39.6827301, -6.82880319999992 ], [ -39.683389, -6.82948869999996 ], [ -39.684965799999901, -6.83000989999994 ], [ -39.6858984, -6.83036749999997 ], [ -39.6867189, -6.83027659999993 ], [ -39.687710799999898, -6.83067849999998 ], [ -39.6887896, -6.83032209999993 ], [ -39.6896692, -6.83044949999993 ], [ -39.6906868, -6.83114689999996 ], [ -39.691275899999901, -6.83051419999993 ], [ -39.6920082, -6.83018929999997 ], [ -39.6922597, -6.82940229999997 ], [ -39.692371599999902, -6.82816559999998 ], [ -39.6917113, -6.82689019999998 ], [ -39.691452899999902, -6.82618449999995 ], [ -39.6914095, -6.82515549999994 ], [ -39.6914505, -6.82450329999995 ], [ -39.691754699999898, -6.823725 ], [ -39.692543699999902, -6.82295209999995 ], [ -39.6925984, -6.82214629999993 ], [ -39.6926126, -6.82092709999995 ], [ -39.692449699999898, -6.82002049999994 ], [ -39.6929478, -6.81882609999997 ], [ -39.6929906, -6.81757639999995 ], [ -39.6931604, -6.816729 ], [ -39.6937914, -6.81641669999993 ], [ -39.694689099999898, -6.81628379999995 ], [ -39.6953865, -6.81563259999996 ], [ -39.695477, -6.81475089999998 ], [ -39.695415899999901, -6.81384859999997 ], [ -39.6956526, -6.81197449999996 ], [ -39.6958116, -6.81014339999996 ], [ -39.6959656, -6.80899439999996 ], [ -39.6959464, -6.80818079999995 ], [ -39.6962146, -6.80737859999994 ], [ -39.696782, -6.80648029999998 ], [ -39.697080099999901, -6.80566619999996 ], [ -39.699185199999903, -6.80432289999993 ], [ -39.6995676, -6.80384369999996 ], [ -39.700367399999898, -6.802281 ], [ -39.7010567, -6.801548 ], [ -39.70096, -6.80086609999995 ], [ -39.7003821, -6.80001929999997 ], [ -39.6994768, -6.79899749999993 ], [ -39.696294599999902, -6.79779749999994 ], [ -39.6958824, -6.79699229999994 ], [ -39.695975099999899, -6.79593009999996 ], [ -39.6965511, -6.79578279999993 ], [ -39.6976164, -6.79570939999996 ], [ -39.6982503999999, -6.79531359999993 ], [ -39.6987652, -6.79474669999996 ], [ -39.6995608, -6.79431539999996 ], [ -39.7023176, -6.79322559999997 ], [ -39.7027138, -6.79308769999994 ], [ -39.7035261, -6.79280509999995 ], [ -39.704267899999898, -6.79249289999996 ], [ -39.7051296, -6.79236 ], [ -39.706571499999903, -6.79187919999993 ], [ -39.707402499999901, -6.79123179999993 ], [ -39.7078208, -6.79074459999993 ], [ -39.7072562, -6.78938919999996 ], [ -39.706422599999897, -6.78830749999997 ], [ -39.706451199999897, -6.78737409999997 ], [ -39.7069574, -6.78704159999995 ], [ -39.707629499999904, -6.78683989999996 ], [ -39.708221099999903, -6.78610909999998 ], [ -39.7085711, -6.78532869999998 ], [ -39.7093211, -6.78525189999993 ], [ -39.709866299999902, -6.78557419999993 ], [ -39.7107945, -6.78588389999993 ], [ -39.712027299999903, -6.78573849999998 ], [ -39.7129250999999, -6.78566539999997 ], [ -39.7137271, -6.78565229999998 ], [ -39.714672999999898, -6.78574659999992 ], [ -39.715876099999903, -6.78578069999998 ], [ -39.716444399999901, -6.78553459999995 ], [ -39.7173192, -6.78616549999998 ], [ -39.7185099, -6.78589649999998 ], [ -39.7195576, -6.78600859999995 ], [ -39.7209121, -6.78556379999998 ], [ -39.7214657, -6.78513819999995 ], [ -39.722183899999898, -6.78510129999995 ], [ -39.7226694, -6.78555529999994 ], [ -39.7227904, -6.78641659999994 ], [ -39.723055799999898, -6.78778039999997 ], [ -39.7234215, -6.788998 ], [ -39.724465, -6.78953729999995 ], [ -39.7246517, -6.79029089999995 ], [ -39.7248921999999, -6.79097259999998 ], [ -39.7255072, -6.79130679999997 ], [ -39.7261169, -6.79073149999994 ], [ -39.727006699999897, -6.79071419999997 ], [ -39.727801499999899, -6.79120759999995 ], [ -39.7287123999999, -6.79242679999993 ], [ -39.7294056, -6.79308979999996 ], [ -39.7301618, -6.79246389999997 ], [ -39.730665299999899, -6.79295639999998 ], [ -39.731391899999899, -6.79454079999994 ], [ -39.731734399999901, -6.79540349999996 ], [ -39.732541399999903, -6.79470659999993 ], [ -39.7331718, -6.79394579999996 ], [ -39.7341898, -6.79362109999994 ], [ -39.7345339, -6.794201 ], [ -39.7346127, -6.794853 ], [ -39.7345807, -6.79547229999997 ], [ -39.734687999999899, -6.79638339999997 ], [ -39.7354038, -6.79631049999995 ], [ -39.7363568, -6.79634729999998 ], [ -39.7369332, -6.79675809999998 ], [ -39.7374728, -6.79776239999995 ], [ -39.7386877, -6.79798319999998 ], [ -39.7396643, -6.79856319999993 ], [ -39.740536899999903, -6.799287 ], [ -39.7412303, -6.79967859999994 ], [ -39.741453099999902, -6.80080759999993 ], [ -39.741913699999898, -6.80234759999996 ], [ -39.741497599999903, -6.80422689999995 ], [ -39.741363099999901, -6.80547159999998 ], [ -39.7464831, -6.80514629999993 ], [ -39.747158, -6.80510339999995 ], [ -39.7738441, -6.80340779999995 ], [ -39.7761338, -6.80326229999997 ], [ -39.7907858, -6.80233129999993 ], [ -39.810581699999901, -6.79515359999994 ], [ -39.811518, -6.79481219999997 ], [ -39.841629899999901, -6.78383189999994 ], [ -39.8537711, -6.77940409999997 ], [ -39.8765865, -6.76847479999998 ], [ -39.876727199999898, -6.76840529999993 ], [ -39.8787684, -6.76742949999993 ], [ -39.9094459, -6.76346629999995 ], [ -39.9063398, -6.76149379999993 ], [ -39.905448799999903, -6.76067779999994 ], [ -39.9037488, -6.75882309999997 ], [ -39.902058899999901, -6.75750939999995 ], [ -39.898529499999903, -6.75568879999997 ], [ -39.8965299, -6.754157 ], [ -39.891023699999899, -6.74906629999998 ], [ -39.888857, -6.74674929999998 ], [ -39.8867524, -6.74419519999998 ], [ -39.8847797, -6.74258509999993 ], [ -39.8833968, -6.74107289999995 ], [ -39.8806372, -6.73887779999995 ], [ -39.878502099999899, -6.73495249999996 ], [ -39.8760819, -6.73345439999997 ], [ -39.874446299999903, -6.73255829999994 ], [ -39.8729395, -6.73134529999993 ], [ -39.8704756, -6.72969629999994 ], [ -39.867666, -6.72699949999998 ], [ -39.865428699999903, -6.72503889999996 ], [ -39.8637745, -6.72336929999994 ], [ -39.861277599999902, -6.72141639999995 ], [ -39.8590783, -6.71997209999995 ], [ -39.8548319, -6.71665549999994 ], [ -39.8533591, -6.71566589999998 ], [ -39.852280699999902, -6.71518749999996 ], [ -39.850643499999897, -6.71543269999995 ], [ -39.8482222, -6.71529309999994 ], [ -39.845560599999899, -6.71380429999994 ], [ -39.841668, -6.70989539999994 ], [ -39.84053, -6.70948489999995 ], [ -39.8389381, -6.70918729999994 ], [ -39.8372717, -6.70823409999997 ], [ -39.8352454, -6.70578089999998 ], [ -39.8341086, -6.70388869999994 ], [ -39.833778, -6.70311409999994 ], [ -39.8335132999999, -6.701075 ], [ -39.8333152, -6.700484 ], [ -39.832957399999898, -6.69993339999996 ], [ -39.832279099999901, -6.69948619999997 ], [ -39.8319554999999, -6.69926259999994 ], [ -39.8311368, -6.698132 ], [ -39.8291341, -6.69668 ], [ -39.8255826, -6.69533369999994 ], [ -39.823579499999902, -6.69425169999994 ], [ -39.820888, -6.69314719999994 ], [ -39.8192198, -6.69265339999993 ], [ -39.816953199999901, -6.69141169999995 ], [ -39.814056799999904, -6.69005239999996 ], [ -39.8103583, -6.68783159999998 ], [ -39.8093332, -6.68672259999994 ], [ -39.8079142, -6.68477739999997 ], [ -39.8051682, -6.68189919999998 ], [ -39.799077, -6.67634809999993 ], [ -39.797217799999899, -6.67407529999997 ], [ -39.795244899999901, -6.67256259999994 ], [ -39.793059, -6.67185519999992 ], [ -39.791888, -6.67166979999996 ], [ -39.7862797, -6.67038079999998 ], [ -39.7840510999999, -6.66951149999994 ], [ -39.7831553, -6.66889059999994 ], [ -39.782189, -6.668221 ], [ -39.7803615999999, -6.66483369999997 ], [ -39.778992899999899, -6.66311989999997 ], [ -39.7773324, -6.66169609999997 ], [ -39.7765525, -6.66052419999994 ], [ -39.7755782999999, -6.658268 ], [ -39.775224, -6.65679959999994 ], [ -39.7751595, -6.64968729999993 ], [ -39.776743399999901, -6.64725619999996 ], [ -39.7776345, -6.64613229999998 ], [ -39.7782405, -6.64557289999993 ], [ -39.7791275, -6.642625 ], [ -39.779078399999896, -6.64251859999996 ], [ -39.777825, -6.63980159999994 ], [ -39.776993499999897, -6.63858809999994 ], [ -39.775119399999902, -6.63697739999998 ], [ -39.773663199999902, -6.63597379999993 ], [ -39.7720528, -6.63355489999998 ], [ -39.773704199999898, -6.629217 ], [ -39.774483599999897, -6.62841069999996 ], [ -39.7738591, -6.62760389999994 ], [ -39.771987099999897, -6.627406 ], [ -39.770118399999902, -6.62750929999993 ], [ -39.767622699999897, -6.62700849999993 ], [ -39.763101999999897, -6.625001 ], [ -39.7602932, -6.62318629999993 ], [ -39.757378199999899, -6.62178149999994 ], [ -39.7543118, -6.62007119999993 ], [ -39.7507525, -6.61808859999996 ], [ -39.7461216, -6.61650669999995 ], [ -39.7365563, -6.61272489999993 ], [ -39.7364147, -6.61337819999994 ], [ -39.736147199999898, -6.61379979999998 ], [ -39.735975499999903, -6.61420209999994 ], [ -39.735861199999903, -6.61456609999993 ], [ -39.735670099999901, -6.61481529999998 ], [ -39.735421599999903, -6.61510279999993 ], [ -39.735135, -6.61554359999997 ], [ -39.7350400999999, -6.616099 ], [ -39.7349067, -6.61652039999996 ], [ -39.7346774, -6.61686539999994 ], [ -39.734543899999899, -6.61722929999996 ], [ -39.7345063, -6.61765059999993 ], [ -39.7344686, -6.61807189999996 ], [ -39.7344692, -6.61845479999994 ], [ -39.7345463, -6.61883759999995 ], [ -39.734278699999898, -6.61914429999996 ], [ -39.7342027, -6.61956569999995 ], [ -39.734203299999898, -6.61994859999993 ], [ -39.734223299999897, -6.62048459999994 ], [ -39.7343387, -6.62084829999998 ], [ -39.7347412, -6.621154 ], [ -39.7351055, -6.62149809999994 ], [ -39.735220899999902, -6.62180429999995 ], [ -39.7352212, -6.622034 ], [ -39.735145, -6.62230219999998 ], [ -39.7350304, -6.62245549999994 ], [ -39.734762499999903, -6.62262819999995 ], [ -39.7345329, -6.62270509999996 ], [ -39.734284199999898, -6.62285869999994 ], [ -39.734131299999902, -6.62303119999996 ], [ -39.7341316, -6.62322269999993 ], [ -39.7343809, -6.62350949999995 ], [ -39.7346681, -6.62350909999998 ], [ -39.734993599999903, -6.62348939999993 ], [ -39.7353001, -6.62356559999995 ], [ -39.7353004, -6.62377619999995 ], [ -39.7353007, -6.62396759999996 ], [ -39.735301, -6.62419739999996 ], [ -39.7353206, -6.62448459999996 ], [ -39.7353208, -6.62461859999996 ], [ -39.735359399999901, -6.62482909999994 ], [ -39.7354554, -6.62500129999995 ], [ -39.7355702999999, -6.62505859999993 ], [ -39.7358958, -6.62505809999993 ], [ -39.7359916, -6.62503879999997 ], [ -39.736201999999899, -6.62492359999993 ], [ -39.7362401, -6.62478949999996 ], [ -39.736469699999901, -6.62470869999993 ], [ -39.7370162, -6.62511749999993 ], [ -39.7371439, -6.62618039999995 ], [ -39.7372882, -6.62648319999994 ], [ -39.7376351999999, -6.62681379999998 ], [ -39.7380118, -6.62759929999993 ], [ -39.7382301, -6.62903349999993 ], [ -39.7381541, -6.62933239999995 ], [ -39.7381187, -6.62967939999993 ], [ -39.7382028, -6.62993059999997 ], [ -39.7380601, -6.63052909999993 ], [ -39.7380845, -6.63100739999993 ], [ -39.738251799999901, -6.63156569999995 ], [ -39.7381233999999, -6.63214029999995 ], [ -39.7377941, -6.63283 ], [ -39.737406899999897, -6.63320389999996 ], [ -39.7360836, -6.63361249999997 ], [ -39.735237, -6.63405889999996 ], [ -39.735008, -6.63459049999994 ], [ -39.7348799, -6.63535179999997 ], [ -39.7352256, -6.63605489999998 ], [ -39.7353567, -6.63649949999996 ], [ -39.735260799999899, -6.63696329999993 ], [ -39.7352167, -6.63769779999996 ], [ -39.735110099999901, -6.63818559999993 ], [ -39.735075, -6.63876 ], [ -39.7347162, -6.63891609999996 ], [ -39.7342963, -6.63891379999995 ], [ -39.7331197, -6.63957609999994 ], [ -39.732402, -6.63979249999994 ], [ -39.7314547, -6.640196 ], [ -39.7309577, -6.64076389999997 ], [ -39.730275499999898, -6.64070509999993 ], [ -39.7297359, -6.64053759999996 ], [ -39.7295212, -6.64047089999997 ], [ -39.7283116999999, -6.63992219999994 ], [ -39.7263834, -6.63893179999997 ], [ -39.725473899999898, -6.63889729999994 ], [ -39.7250066, -6.638527 ], [ -39.7245756, -6.638408 ], [ -39.7240241, -6.63773869999994 ], [ -39.723485299999901, -6.637536 ], [ -39.723030499999901, -6.63753669999994 ], [ -39.722887199999903, -6.63776429999996 ], [ -39.7227569, -6.638638 ], [ -39.7225427, -6.63897619999995 ], [ -39.7224355, -6.63927549999994 ], [ -39.7222563, -6.639551 ], [ -39.721943699999898, -6.63982689999995 ], [ -39.7217304, -6.63994659999997 ], [ -39.7215269, -6.639923 ], [ -39.7211078999999, -6.63983979999995 ], [ -39.7209162, -6.63972039999993 ], [ -39.720593, -6.63966109999996 ], [ -39.7199585, -6.63947049999996 ], [ -39.719372, -6.63941159999996 ], [ -39.7191561, -6.63912469999997 ], [ -39.7190241, -6.63888549999996 ], [ -39.718999799999899, -6.63863429999998 ], [ -39.7190115, -6.63840689999995 ], [ -39.718998199999902, -6.63804439999996 ], [ -39.7180164, -6.63719969999994 ], [ -39.7176931, -6.63706859999996 ], [ -39.7174659, -6.63717659999998 ], [ -39.7173222, -6.63715289999993 ], [ -39.7172383, -6.63705729999998 ], [ -39.7171901, -6.63678209999995 ], [ -39.7170222, -6.63659089999993 ], [ -39.7169024, -6.63647139999995 ], [ -39.716663, -6.63641189999993 ], [ -39.715837, -6.63628149999994 ], [ -39.715143, -6.63637819999997 ], [ -39.7148917, -6.63639059999997 ], [ -39.7143768, -6.636152 ], [ -39.7141492, -6.63600869999993 ], [ -39.7139215999999, -6.63582949999994 ], [ -39.713861199999897, -6.63548259999993 ], [ -39.713837, -6.63527919999996 ], [ -39.713824799999898, -6.63513559999996 ], [ -39.713693, -6.63501609999997 ], [ -39.7135852, -6.63492059999993 ], [ -39.7133458, -6.63492089999994 ], [ -39.7132262, -6.634957 ], [ -39.7131305999999, -6.63502889999995 ], [ -39.713059, -6.63518459999995 ], [ -39.713011299999899, -6.63535219999994 ], [ -39.7129279, -6.63554379999994 ], [ -39.7128084, -6.63569949999993 ], [ -39.7125523, -6.63571419999994 ], [ -39.7122171, -6.63562859999996 ], [ -39.7118441, -6.63588759999993 ], [ -39.7106095, -6.63621479999995 ], [ -39.7095947, -6.63621629999994 ], [ -39.7091829, -6.63612109999997 ], [ -39.708044599999901, -6.63683119999996 ], [ -39.707222199999897, -6.63755029999993 ], [ -39.7064185, -6.637877 ], [ -39.7058066, -6.63848089999993 ], [ -39.705500599999901, -6.638759 ], [ -39.7055682, -6.63931349999996 ], [ -39.705722299999898, -6.63980209999994 ], [ -39.705722799999897, -6.640118 ], [ -39.7055796, -6.640415 ], [ -39.705478, -6.64053 ], [ -39.7053587, -6.64078749999993 ], [ -39.705167399999901, -6.64090739999995 ], [ -39.7050958, -6.64105109999997 ], [ -39.7050302, -6.64118879999995 ], [ -39.705030399999899, -6.64133839999994 ], [ -39.7049527, -6.64141629999995 ], [ -39.704839, -6.64143439999998 ], [ -39.704743199999903, -6.64136269999995 ], [ -39.7046892, -6.641285 ], [ -39.7046472, -6.64120729999996 ], [ -39.7046472, -6.64115949999996 ], [ -39.7046291, -6.64105179999996 ], [ -39.704629, -6.640986 ], [ -39.704533, -6.64085449999993 ], [ -39.7044552999999, -6.64089049999995 ], [ -39.7043775, -6.64090849999997 ], [ -39.704251999999897, -6.64097449999997 ], [ -39.7041682, -6.64100459999997 ], [ -39.7039948, -6.64108859999993 ], [ -39.7037915, -6.64117259999995 ], [ -39.703713799999903, -6.64122059999994 ], [ -39.703510499999901, -6.64131659999993 ], [ -39.7034027, -6.64129289999994 ], [ -39.703300899999903, -6.64120919999993 ], [ -39.703240999999899, -6.64117339999996 ], [ -39.703217, -6.64117349999998 ], [ -39.7031752, -6.64120939999998 ], [ -39.7030976, -6.64131119999996 ], [ -39.703097699999901, -6.64142489999995 ], [ -39.703097899999896, -6.64155649999998 ], [ -39.7031221, -6.641754 ], [ -39.703110299999899, -6.64187359999994 ], [ -39.7030865, -6.64195739999997 ], [ -39.7030402, -6.64217889999998 ], [ -39.703083499999899, -6.64235109999993 ], [ -39.7031195, -6.64243009999996 ], [ -39.703377799999899, -6.64230049999998 ], [ -39.7034854999999, -6.64231469999993 ], [ -39.7035862, -6.64243659999994 ], [ -39.7036222999999, -6.64255139999995 ], [ -39.7036297, -6.64268059999995 ], [ -39.7035796, -6.64283149999994 ], [ -39.7035079, -6.64288179999994 ], [ -39.703328499999898, -6.64293949999995 ], [ -39.7031777, -6.64296849999994 ], [ -39.7029264, -6.64296879999995 ], [ -39.702861799999901, -6.64297609999994 ], [ -39.7027757, -6.643048 ], [ -39.7027615, -6.64316289999994 ], [ -39.702761699999897, -6.64329929999997 ], [ -39.7027547, -6.64345009999994 ], [ -39.7026974, -6.64354349999996 ], [ -39.7025419, -6.64360119999998 ], [ -39.7024463, -6.64367309999994 ], [ -39.7024345, -6.64381669999995 ], [ -39.7025067, -6.64411579999995 ], [ -39.7025427, -6.64416359999996 ], [ -39.702507, -6.64427139999998 ], [ -39.7024354, -6.64446289999995 ], [ -39.7022799, -6.644523 ], [ -39.7022082, -6.644559 ], [ -39.7021124, -6.64455909999998 ], [ -39.701980799999902, -6.64455929999997 ], [ -39.7018851, -6.64457139999996 ], [ -39.7018851999999, -6.64463119999994 ], [ -39.7018973, -6.64475089999996 ], [ -39.7018975, -6.64487049999997 ], [ -39.701849799999898, -6.64502619999996 ], [ -39.701814199999902, -6.64521769999993 ], [ -39.701757, -6.64539249999996 ], [ -39.700880299999902, -6.64490549999994 ], [ -39.6999316, -6.64434679999994 ], [ -39.6986955, -6.64363059999994 ], [ -39.6979046, -6.64289929999995 ], [ -39.6963233, -6.64176 ], [ -39.695741199999901, -6.64144489999995 ], [ -39.6951233, -6.64117289999996 ], [ -39.6948862, -6.64105839999996 ], [ -39.6946564, -6.64105869999997 ], [ -39.6943046, -6.64107349999995 ], [ -39.6940605, -6.64107389999998 ], [ -39.693845, -6.641067 ], [ -39.6937301, -6.64106 ], [ -39.693629499999901, -6.64100269999994 ], [ -39.6934067, -6.64082349999995 ], [ -39.693032699999897, -6.640422 ], [ -39.692781099999898, -6.64023559999993 ], [ -39.692579899999899, -6.64009949999996 ], [ -39.6922708, -6.63987019999996 ], [ -39.6920193, -6.63975559999994 ], [ -39.691796399999902, -6.63953339999995 ], [ -39.6915451, -6.63951219999996 ], [ -39.6910712, -6.63954879999994 ], [ -39.6906261, -6.63959249999994 ], [ -39.690209599999903, -6.63957869999996 ], [ -39.6899438, -6.639536 ], [ -39.6896636, -6.63941429999994 ], [ -39.689146299999898, -6.63916369999993 ], [ -39.689018599999898, -6.63897239999994 ], [ -39.688778899999903, -6.63873339999998 ], [ -39.688587, -6.63842259999996 ], [ -39.688371199999899, -6.63818359999993 ], [ -39.6877962, -6.63780139999994 ], [ -39.686837899999901, -6.63713259999997 ], [ -39.686526699999902, -6.63713309999997 ], [ -39.6861918, -6.63722929999994 ], [ -39.685761, -6.63730169999997 ], [ -39.685378199999903, -6.637374 ], [ -39.6849233, -6.63732679999993 ], [ -39.684277, -6.63723189999996 ], [ -39.6839179, -6.63718449999993 ], [ -39.6838223, -6.63728039999995 ], [ -39.683775099999899, -6.63778309999998 ], [ -39.6837755, -6.63809419999995 ], [ -39.683775899999901, -6.63838139999996 ], [ -39.6837520999999, -6.63847709999993 ], [ -39.683512999999898, -6.63866889999997 ], [ -39.6835133, -6.63883649999997 ], [ -39.6835402, -6.63924829999996 ], [ -39.6835621, -6.63953049999998 ], [ -39.6836340999999, -6.63967389999993 ], [ -39.683634299999902, -6.63981749999994 ], [ -39.6835148, -6.63998519999996 ], [ -39.683275599999902, -6.64003339999994 ], [ -39.683036399999899, -6.64017739999997 ], [ -39.6829887, -6.64027319999997 ], [ -39.682989099999901, -6.64056039999997 ], [ -39.6832052, -6.64108659999994 ], [ -39.6826548, -6.64115909999992 ], [ -39.682296, -6.64135109999995 ], [ -39.6821765, -6.641447 ], [ -39.6817695, -6.64139969999997 ], [ -39.6814103, -6.64125659999996 ], [ -39.6812184, -6.64094569999997 ], [ -39.681074599999903, -6.64082629999996 ], [ -39.6810267, -6.64077849999995 ], [ -39.680509599999901, -6.64070619999995 ], [ -39.679093, -6.64101449999993 ], [ -39.675818999999898, -6.641287 ], [ -39.674351499999901, -6.64043759999993 ], [ -39.6723703, -6.64043849999996 ], [ -39.669739, -6.63994269999995 ], [ -39.669050599999899, -6.63935659999993 ], [ -39.6661401, -6.63735959999997 ], [ -39.6657878, -6.63728959999997 ], [ -39.664265999999898, -6.63955409999994 ], [ -39.6637282, -6.64214449999997 ], [ -39.6635188, -6.64362809999994 ], [ -39.663673699999897, -6.64496569999994 ], [ -39.661434299999897, -6.64739379999997 ], [ -39.659511199999898, -6.64901249999997 ], [ -39.6579639, -6.65075179999997 ], [ -39.6566936, -6.65326959999993 ], [ -39.656938399999902, -6.65644609999993 ], [ -39.6572219, -6.65779549999996 ], [ -39.6570361, -6.65934519999996 ], [ -39.6561239, -6.66186749999997 ], [ -39.6554735, -6.66310759999993 ], [ -39.6543184, -6.66376219999995 ], [ -39.6548316, -6.66550279999996 ], [ -39.655477699999899, -6.66624269999994 ], [ -39.6557711, -6.66715319999997 ], [ -39.6564777, -6.66789219999993 ], [ -39.6571832999999, -6.66846209999994 ], [ -39.6570098, -6.67000089999993 ], [ -39.6556461, -6.67336219999993 ], [ -39.6549889, -6.67355079999993 ], [ -39.6543434, -6.67319949999995 ], [ -39.653813199999902, -6.67319639999994 ], [ -39.6527565, -6.67319969999994 ], [ -39.6522886999999, -6.67355439999994 ], [ -39.651936, -6.67388279999994 ], [ -39.651698399999901, -6.67411279999993 ], [ -39.6511626, -6.67430719999993 ], [ -39.6508185, -6.674398 ], [ -39.6501777, -6.67524749999995 ], [ -39.649530399999897, -6.67567089999994 ], [ -39.6491981, -6.67621569999994 ], [ -39.649197199999897, -6.67710729999993 ], [ -39.649174899999899, -6.67837579999997 ], [ -39.64948, -6.68031919999993 ], [ -39.6491523, -6.68083789999997 ], [ -39.6485668, -6.68209419999994 ], [ -39.6471144, -6.68490009999994 ], [ -39.6473162999999, -6.68624489999996 ], [ -39.6486418, -6.68838519999997 ], [ -39.648900899999902, -6.689844 ], [ -39.648900899999902, -6.69121159999997 ], [ -39.648909699999898, -6.69304379999994 ], [ -39.6481363, -6.69421869999996 ], [ -39.6466818, -6.69518309999995 ], [ -39.646659499999899, -6.697153 ], [ -39.6468955, -6.69772169999993 ], [ -39.6474378, -6.698678 ], [ -39.647861599999899, -6.69957159999996 ], [ -39.648153099999902, -6.70181129999997 ], [ -39.647567299999899, -6.70283869999997 ], [ -39.6465701, -6.70340719999996 ], [ -39.646529, -6.70397889999998 ], [ -39.6469860999999, -6.70678709999993 ], [ -39.646666, -6.70956349999994 ], [ -39.6467837, -6.71036019999997 ], [ -39.645375699999903, -6.71161579999995 ], [ -39.6452609, -6.71235679999995 ], [ -39.6452611, -6.71321339999997 ], [ -39.645497299999903, -6.71463689999996 ], [ -39.645911399999903, -6.71577609999997 ], [ -39.6439449, -6.717547 ], [ -39.640011199999897, -6.71982989999998 ], [ -39.639858499999903, -6.72045689999993 ], [ -39.639765899999901, -6.72143839999995 ], [ -39.6385182, -6.72325 ], [ -39.638755499999903, -6.72416239999995 ], [ -39.639049999999898, -6.724447 ], [ -39.6396955, -6.72473109999993 ], [ -39.640593099999897, -6.72552769999993 ], [ -39.6417448, -6.726324 ], [ -39.6427796, -6.72749129999994 ], [ -39.6431092, -6.72819509999994 ], [ -39.6433901, -6.72898609999993 ], [ -39.6433028, -6.72932629999997 ], [ -39.642746499999902, -6.73135479999996 ], [ -39.6429254, -6.73255039999998 ], [ -39.6434983, -6.73498369999993 ], [ -39.6441444, -6.73572949999993 ], [ -39.6448106, -6.73624509999996 ], [ -39.6451397, -6.73657329999998 ], [ -39.6451311, -6.73739509999996 ], [ -39.644567799999898, -6.73763059999993 ], [ -39.643881399999898, -6.73731879999997 ], [ -39.6434513, -6.73777619999993 ], [ -39.6424163, -6.73857529999998 ], [ -39.6413582, -6.73897469999997 ], [ -39.640242199999904, -6.73869309999998 ], [ -39.6399479, -6.73852869999996 ], [ -39.6390598, -6.738295 ], [ -39.6387779, -6.738178 ], [ -39.638363, -6.73812389999995 ], [ -39.6373333, -6.73812609999993 ], [ -39.636335, -6.73864029999993 ], [ -39.634689299999899, -6.73881339999997 ], [ -39.6339272, -6.73858639999997 ], [ -39.6329878, -6.73847189999998 ], [ -39.6321316, -6.73774059999994 ], [ -39.6311638, -6.73648149999997 ], [ -39.6301035, -6.73517219999997 ], [ -39.628076899999897, -6.733921 ], [ -39.6270339, -6.73345279999995 ], [ -39.6259779, -6.734081 ], [ -39.6259021, -6.73495049999997 ], [ -39.625493199999902, -6.73574889999998 ], [ -39.6247536, -6.73746849999998 ], [ -39.6247822999999, -6.73847379999995 ], [ -39.6245716, -6.73899649999993 ], [ -39.6244078, -6.73945439999994 ], [ -39.6236812, -6.74054509999996 ], [ -39.6217685, -6.74036869999998 ], [ -39.6197174, -6.74266309999996 ], [ -39.6186819, -6.74277559999996 ], [ -39.6178075999999, -6.74275409999996 ], [ -39.6168228, -6.74238 ], [ -39.616262199999902, -6.74193969999993 ], [ -39.614632, -6.74037679999998 ], [ -39.6122794, -6.738899 ], [ -39.6105034, -6.73765079999993 ], [ -39.609458, -6.73668089999995 ], [ -39.6080479, -6.73628289999994 ], [ -39.6064904, -6.73605679999997 ], [ -39.604958399999902, -6.73624379999995 ], [ -39.605407, -6.73810879999996 ], [ -39.605877899999903, -6.739077 ], [ -39.6078307, -6.74175819999994 ], [ -39.608581199999897, -6.74249049999997 ], [ -39.6104225, -6.74459909999996 ], [ -39.6113584, -6.74636419999996 ], [ -39.611202499999898, -6.74805879999997 ], [ -39.6104032, -6.74870819999995 ] ] ] ] } },
{ "type": "Feature", "properties": { "CD_MUN": "2304202", "NM_MUN": "Crato", "CD_RGI": "230011", "NM_RGI": "Juazeiro do Norte", "CD_RGINT": "2304", "NM_RGINT": "Juazeiro do Norte", "CD_UF": "23", "NM_UF": "Ceará", "SIGLA_UF": "CE", "CD_REGIAO": "2", "NM_REGIAO": "Nordeste", "SIGLA_RG": "NE", "CD_CONCURB": "2307304", "NM_CONCURB": "Juazeiro do Norte/CE", "AREA_KM2": 1138.15 }, "geometry": { "type": "MultiPolygon", "coordinates": [ [ [ [ -39.4460554, -7.38151019999998 ], [ -39.445665, -7.45616939999996 ], [ -39.445183799999903, -7.54819169999996 ], [ -39.4450765, -7.56870089999995 ], [ -39.445056599999901, -7.57251209999993 ], [ -39.445056399999899, -7.57254339999997 ], [ -39.4476, -7.57224709999997 ], [ -39.447617099999903, -7.57224519999994 ], [ -39.4508817, -7.57285759999996 ], [ -39.4601623, -7.57601369999998 ], [ -39.465804299999903, -7.574618 ], [ -39.470598499999902, -7.575848 ], [ -39.471680799999902, -7.57580059999998 ], [ -39.472453599999902, -7.575182 ], [ -39.4730708, -7.57402349999995 ], [ -39.4734559, -7.57286449999998 ], [ -39.4743794, -7.56892579999993 ], [ -39.4754551, -7.56328909999996 ], [ -39.4754556, -7.56328479999996 ], [ -39.475456199999897, -7.56327929999998 ], [ -39.476095, -7.55734189999993 ], [ -39.4765265999999, -7.55332979999997 ], [ -39.4765267, -7.55332869999995 ], [ -39.476526799999903, -7.55332769999995 ], [ -39.4812332, -7.54537019999998 ], [ -39.4833184, -7.54278919999996 ], [ -39.4842439, -7.54108979999995 ], [ -39.485014, -7.53838659999997 ], [ -39.4851641999999, -7.534449 ], [ -39.484698, -7.53282849999994 ], [ -39.482530499999903, -7.53005109999998 ], [ -39.4814479, -7.52928059999994 ], [ -39.4766528, -7.52704669999997 ], [ -39.469688399999903, -7.52056859999993 ], [ -39.4573058, -7.506183 ], [ -39.4556775, -7.50186089999994 ], [ -39.4567375, -7.48044239999996 ], [ -39.4579684, -7.47568869999998 ], [ -39.458277399999901, -7.47449549999993 ], [ -39.458492799999902, -7.47421039999995 ], [ -39.460747599999898, -7.471219 ], [ -39.467856599999898, -7.46959059999995 ], [ -39.472108999999897, -7.47089859999994 ], [ -39.4755119, -7.47267039999997 ], [ -39.487337099999898, -7.47273539999998 ], [ -39.489732499999903, -7.47242329999995 ], [ -39.4924366, -7.47126249999997 ], [ -39.4975342, -7.46801369999997 ], [ -39.49873, -7.46639089999996 ], [ -39.4992712, -7.46585049999993 ], [ -39.5023605, -7.46414839999994 ], [ -39.5076953, -7.46537749999993 ], [ -39.5121027, -7.46714789999993 ], [ -39.5216159, -7.47261839999993 ], [ -39.5305657, -7.47883169999994 ], [ -39.536443899999902, -7.48253029999995 ], [ -39.5432491, -7.48476049999994 ], [ -39.543678, -7.48462559999996 ], [ -39.5458528, -7.48394169999995 ], [ -39.548001499999899, -7.48326649999996 ], [ -39.5484253, -7.48313329999996 ], [ -39.5528279, -7.48065679999996 ], [ -39.5574548, -7.47254489999995 ], [ -39.5625406999999, -7.460378 ], [ -39.5646962, -7.45365809999993 ], [ -39.5656435, -7.45025759999993 ], [ -39.566017799999898, -7.44891579999995 ], [ -39.569057299999898, -7.43800919999995 ], [ -39.570281599999902, -7.43361619999996 ], [ -39.5712745, -7.43074589999998 ], [ -39.5715905, -7.42983129999993 ], [ -39.5730576, -7.42867139999993 ], [ -39.5754514999999, -7.42781879999995 ], [ -39.5765339, -7.427895 ], [ -39.583414699999899, -7.42997059999993 ], [ -39.587977599999903, -7.43235729999998 ], [ -39.5930779, -7.43235129999994 ], [ -39.5992019, -7.42865259999996 ], [ -39.6000662, -7.42802769999997 ], [ -39.6000660999999, -7.42793149999994 ], [ -39.6000299, -7.39809569999994 ], [ -39.6000293, -7.39756909999994 ], [ -39.5999676, -7.34754219999996 ], [ -39.5999633, -7.34402819999997 ], [ -39.5999609, -7.34199069999994 ], [ -39.599959899999902, -7.34034779999996 ], [ -39.5998516, -7.25129669999995 ], [ -39.5998243, -7.22844049999998 ], [ -39.5998245, -7.22813769999993 ], [ -39.5998015, -7.209633 ], [ -39.599703799999901, -7.16979839999993 ], [ -39.599703, -7.16946029999997 ], [ -39.5996223, -7.13396009999997 ], [ -39.5996201, -7.13304189999997 ], [ -39.599618899999903, -7.13252129999995 ], [ -39.599614099999897, -7.13052619999996 ], [ -39.5996119, -7.12956839999993 ], [ -39.5996079, -7.127884 ], [ -39.599572, -7.11275289999998 ], [ -39.5995702, -7.11199389999996 ], [ -39.5994989, -7.08188039999993 ], [ -39.5994946, -7.08007729999997 ], [ -39.598375299999901, -7.08022429999994 ], [ -39.596743199999899, -7.08168669999998 ], [ -39.596117799999902, -7.08155589999996 ], [ -39.5955964, -7.08127209999998 ], [ -39.5949957, -7.08090629999998 ], [ -39.5937666, -7.08060559999996 ], [ -39.593294699999902, -7.07992479999996 ], [ -39.5929588, -7.07842839999995 ], [ -39.5924714, -7.07779349999993 ], [ -39.591253299999899, -7.07700529999994 ], [ -39.5905192, -7.07616859999996 ], [ -39.589760899999902, -7.07522179999995 ], [ -39.589055899999899, -7.07472009999998 ], [ -39.5882235, -7.07465269999994 ], [ -39.5864912, -7.07374209999995 ], [ -39.5858188, -7.073703 ], [ -39.5848836, -7.07430089999997 ], [ -39.5846, -7.07484059999996 ], [ -39.583743, -7.07619149999994 ], [ -39.5828318, -7.076033 ], [ -39.581975, -7.07546609999997 ], [ -39.5809108, -7.07509409999994 ], [ -39.5796855, -7.074802 ], [ -39.579070699999903, -7.07496239999995 ], [ -39.578067599999898, -7.07489019999997 ], [ -39.577465, -7.074524 ], [ -39.577461, -7.07374359999994 ], [ -39.577880299999897, -7.07322149999993 ], [ -39.578310499999901, -7.072436 ], [ -39.5783863, -7.07172749999995 ], [ -39.578088099999903, -7.07083749999993 ], [ -39.5778286, -7.07018689999995 ], [ -39.577845599999897, -7.06847329999994 ], [ -39.578093099999897, -7.06708489999994 ], [ -39.5784747, -7.06574409999996 ], [ -39.5789326, -7.06410659999995 ], [ -39.5791391, -7.06301019999995 ], [ -39.579082899999896, -7.06160779999993 ], [ -39.5792345999999, -7.06031519999993 ], [ -39.579645399999897, -7.05929039999995 ], [ -39.5801332999999, -7.05862919999993 ], [ -39.5805442999999, -7.05779579999995 ], [ -39.580700799999903, -7.05648889999998 ], [ -39.5809341, -7.05536379999995 ], [ -39.5807748, -7.05480769999997 ], [ -39.580674299999899, -7.05446739999996 ], [ -39.5797893, -7.05432169999995 ], [ -39.5784897, -7.05464239999998 ], [ -39.5776868, -7.05409729999997 ], [ -39.577686399999898, -7.05306739999997 ], [ -39.5781805, -7.05257179999995 ], [ -39.5787834, -7.05194879999993 ], [ -39.579443899999902, -7.05142149999995 ], [ -39.5806638, -7.04993129999997 ], [ -39.581310099999897, -7.049495 ], [ -39.582306199999898, -7.04910119999994 ], [ -39.5830784999999, -7.04855459999993 ], [ -39.583365, -7.04778519999996 ], [ -39.5831583, -7.04678909999996 ], [ -39.5822307, -7.04617669999993 ], [ -39.5810756, -7.04589569999996 ], [ -39.5801843, -7.04574369999995 ], [ -39.5797478, -7.04537409999995 ], [ -39.5795927, -7.04466459999998 ], [ -39.5796875, -7.04379429999994 ], [ -39.580008399999898, -7.04214759999996 ], [ -39.5799435, -7.040571 ], [ -39.579418, -7.03936009999995 ], [ -39.5789485, -7.037458 ], [ -39.5786835, -7.03628559999993 ], [ -39.578502699999902, -7.03531659999993 ], [ -39.5783279, -7.03445519999997 ], [ -39.578209, -7.033514 ], [ -39.578858599999897, -7.03256379999993 ], [ -39.5789533, -7.03161239999997 ], [ -39.579113499999899, -7.03043949999994 ], [ -39.579442, -7.029763 ], [ -39.579847899999898, -7.02863759999997 ], [ -39.580217699999899, -7.02742849999993 ], [ -39.580849, -7.02459169999997 ], [ -39.5812306999999, -7.02334669999993 ], [ -39.580869999999898, -7.02224029999996 ], [ -39.5800068, -7.02158919999994 ], [ -39.5794968, -7.0208 ], [ -39.5787477, -7.02033419999998 ], [ -39.578308999999898, -7.01979339999997 ], [ -39.5780692, -7.018935 ], [ -39.577283599999902, -7.01804449999997 ], [ -39.5767739, -7.01746469999995 ], [ -39.5759411, -7.01721439999994 ], [ -39.575330199999897, -7.01718529999994 ], [ -39.574396299999897, -7.01744369999994 ], [ -39.5728399, -7.01791829999996 ], [ -39.5714179, -7.01822219999997 ], [ -39.570186799999902, -7.01780779999996 ], [ -39.569057299999898, -7.01719689999993 ], [ -39.5684429, -7.01686459999996 ], [ -39.5676999, -7.01651849999996 ], [ -39.566909399999901, -7.01650739999997 ], [ -39.5659638, -7.01699919999993 ], [ -39.5653978, -7.01777369999996 ], [ -39.5649572, -7.01854409999993 ], [ -39.5641859, -7.01758169999994 ], [ -39.5637718999999, -7.01697789999997 ], [ -39.5631425, -7.01643349999995 ], [ -39.562466099999902, -7.01670429999996 ], [ -39.5611431, -7.01711269999993 ], [ -39.560117799999901, -7.01614459999996 ], [ -39.5603793, -7.01566 ], [ -39.5605959, -7.01525849999996 ], [ -39.5616011, -7.01453939999993 ], [ -39.558924499999897, -7.01303049999996 ], [ -39.556924299999899, -7.01252109999996 ], [ -39.5554432, -7.01168119999994 ], [ -39.5545974, -7.01114509999996 ], [ -39.5533232, -7.01087609999996 ], [ -39.552748199999897, -7.01078229999996 ], [ -39.5514676, -7.01036939999995 ], [ -39.5500964, -7.01048239999994 ], [ -39.547868299999898, -7.01004049999995 ], [ -39.5459131, -7.00976349999996 ], [ -39.5447614, -7.009604 ], [ -39.5424709, -7.00957809999994 ], [ -39.5416561, -7.00906789999993 ], [ -39.54069, -7.00827029999994 ], [ -39.5398719, -7.007513 ], [ -39.5390704, -7.00722829999995 ], [ -39.5375642, -7.006728 ], [ -39.536425199999897, -7.00635149999994 ], [ -39.5332791, -7.00550459999994 ], [ -39.5313447999999, -7.00465189999994 ], [ -39.5300091, -7.00437479999994 ], [ -39.5272864, -7.003437 ], [ -39.5245854, -7.00296159999994 ], [ -39.5210205999999, -7.00248149999993 ], [ -39.5198847, -7.00204109999993 ], [ -39.5188838, -7.00196049999994 ], [ -39.5178146, -7.00204549999995 ], [ -39.5170173, -7.00234529999994 ], [ -39.5164217, -7.00165589999995 ], [ -39.515707099999901, -7.00169059999996 ], [ -39.515367899999902, -7.00233149999997 ], [ -39.5149782, -7.003241 ], [ -39.514028799999899, -7.00394409999996 ], [ -39.5133504, -7.00421209999996 ], [ -39.5124688, -7.00488719999993 ], [ -39.511764899999903, -7.00556609999995 ], [ -39.511236499999903, -7.00606919999996 ], [ -39.510849699999902, -7.00645259999993 ], [ -39.5098439, -7.00671689999996 ], [ -39.509287099999902, -7.00686709999997 ], [ -39.5087536, -7.00637709999995 ], [ -39.507806699999897, -7.00576579999995 ], [ -39.507124299999901, -7.005978 ], [ -39.5063036, -7.00578139999993 ], [ -39.5052977, -7.00595 ], [ -39.504393799999903, -7.006298 ], [ -39.5036832, -7.00632869999993 ], [ -39.5027833, -7.00664079999996 ], [ -39.5023947, -7.00732329999994 ], [ -39.502287599999903, -7.00794569999994 ], [ -39.502020899999899, -7.00871579999995 ], [ -39.5020957999999, -7.01035039999994 ], [ -39.5017402, -7.01123709999996 ], [ -39.501453899999902, -7.01233829999995 ], [ -39.4930608, -7.01181759999997 ], [ -39.492657199999897, -7.01179259999998 ], [ -39.492307, -7.011771 ], [ -39.4523343, -7.00929089999994 ], [ -39.4523983999999, -7.01050249999997 ], [ -39.4548384, -7.05654609999993 ], [ -39.4554294, -7.06240589999993 ], [ -39.4558201, -7.066279 ], [ -39.4551188, -7.06694319999997 ], [ -39.454123099999897, -7.06688039999995 ], [ -39.4531054999999, -7.06765509999997 ], [ -39.452511, -7.06739749999997 ], [ -39.4519941, -7.06659509999997 ], [ -39.4511077, -7.06672769999994 ], [ -39.4506107999999, -7.06595389999995 ], [ -39.4503025, -7.065079 ], [ -39.4496892, -7.06525459999995 ], [ -39.449105599999903, -7.06598489999993 ], [ -39.4480619, -7.06581089999997 ], [ -39.4467235, -7.06596529999996 ], [ -39.4464163, -7.06522839999997 ], [ -39.446741, -7.06376849999998 ], [ -39.446297399999899, -7.06306839999996 ], [ -39.4453177, -7.06307649999997 ], [ -39.4439169, -7.06442789999994 ], [ -39.4431498, -7.06480859999994 ], [ -39.442334, -7.06465349999996 ], [ -39.441826299999903, -7.06368549999996 ], [ -39.441661699999898, -7.06337169999995 ], [ -39.4420876, -7.06232839999996 ], [ -39.4425479, -7.06171459999996 ], [ -39.441122999999898, -7.06206609999998 ], [ -39.440100899999898, -7.06221359999995 ], [ -39.4390781, -7.06257909999994 ], [ -39.437412799999898, -7.06294559999998 ], [ -39.436332799999903, -7.06360289999998 ], [ -39.4357552, -7.06372829999998 ], [ -39.4342505, -7.06395579999997 ], [ -39.4334397, -7.06348889999992 ], [ -39.432671, -7.06257739999995 ], [ -39.432006199999897, -7.06245449999994 ], [ -39.4313926, -7.06279069999994 ], [ -39.430911099999904, -7.06343289999995 ], [ -39.4305474, -7.06473269999998 ], [ -39.4295686, -7.06531749999994 ], [ -39.428882299999898, -7.065333 ], [ -39.427801, -7.06562939999998 ], [ -39.4274303, -7.06480369999997 ], [ -39.4285371, -7.06369789999997 ], [ -39.428982, -7.06247859999996 ], [ -39.4284696, -7.06167409999995 ], [ -39.4276814, -7.06219529999993 ], [ -39.427008999999899, -7.06253189999995 ], [ -39.425635499999899, -7.06272269999994 ], [ -39.424422499999899, -7.06254149999995 ], [ -39.4233116, -7.06169579999994 ], [ -39.4221279, -7.061398 ], [ -39.4217475, -7.06084289999995 ], [ -39.421790799999897, -7.06008389999994 ], [ -39.4223301, -7.05894139999998 ], [ -39.420978799999901, -7.05934789999998 ], [ -39.4203228, -7.06039189999996 ], [ -39.420163699999897, -7.06215869999994 ], [ -39.4193622, -7.06251939999993 ], [ -39.4187241999999, -7.06195549999995 ], [ -39.4183773, -7.06126229999995 ], [ -39.417101, -7.06129509999994 ], [ -39.4162674, -7.06067319999994 ], [ -39.4153568999999, -7.06074219999994 ], [ -39.4150413, -7.06155 ], [ -39.414846399999902, -7.06273239999996 ], [ -39.4137997, -7.06233889999993 ], [ -39.4128901999999, -7.06221239999996 ], [ -39.4129828, -7.06321529999997 ], [ -39.4130079, -7.06433509999994 ], [ -39.412333299999901, -7.06448679999994 ], [ -39.412106, -7.06343539999995 ], [ -39.4118932, -7.06231889999998 ], [ -39.4113159, -7.06226879999997 ], [ -39.410687799999899, -7.06264879999998 ], [ -39.4097232, -7.06228929999997 ], [ -39.409026099999899, -7.06149189999996 ], [ -39.4080418, -7.06135939999996 ], [ -39.4070708, -7.06180839999996 ], [ -39.406573299999899, -7.060594 ], [ -39.4063312, -7.05988389999993 ], [ -39.4052647, -7.06031749999994 ], [ -39.404593, -7.06056679999995 ], [ -39.403628599999898, -7.060514 ], [ -39.4028549, -7.06150929999995 ], [ -39.4022499, -7.06052509999995 ], [ -39.4014955, -7.06068619999996 ], [ -39.400238699999903, -7.06071619999994 ], [ -39.3993819, -7.06153919999997 ], [ -39.3981588, -7.06037239999995 ], [ -39.3970823, -7.060325 ], [ -39.3955372, -7.06018 ], [ -39.3965583, -7.06220829999995 ], [ -39.396748499999902, -7.062821 ], [ -39.396734299999899, -7.06363829999998 ], [ -39.3972912, -7.06474769999994 ], [ -39.3975689, -7.06552809999994 ], [ -39.3972335, -7.06606119999998 ], [ -39.395991299999899, -7.06625269999995 ], [ -39.3952972, -7.06564719999994 ], [ -39.395391399999902, -7.06463259999992 ], [ -39.3953905, -7.06363939999994 ], [ -39.394975499999902, -7.06288109999997 ], [ -39.3938775, -7.06311559999995 ], [ -39.393153799999901, -7.06285339999994 ], [ -39.392978, -7.06221129999994 ], [ -39.3931626, -7.06167589999995 ], [ -39.394179699999903, -7.060488 ], [ -39.3934583, -7.06000689999996 ], [ -39.392552599999902, -7.06021159999995 ], [ -39.3916173, -7.06015449999995 ], [ -39.3908574, -7.05992179999993 ], [ -39.3901195, -7.06001649999996 ], [ -39.389879199999903, -7.06066619999996 ], [ -39.3899676999999, -7.06148379999996 ], [ -39.3900849, -7.06231109999993 ], [ -39.3889525, -7.06238289999993 ], [ -39.388120399999899, -7.06295219999993 ], [ -39.3883021, -7.06212749999997 ], [ -39.3886524, -7.06134609999998 ], [ -39.3887976, -7.06017139999994 ], [ -39.3882022, -7.05898929999995 ], [ -39.3872193999999, -7.06023059999995 ], [ -39.386358099999903, -7.06164789999997 ], [ -39.3855622, -7.06164079999996 ], [ -39.385312999999897, -7.06090429999995 ], [ -39.3855535, -7.05973619999997 ], [ -39.384661299999898, -7.058978 ], [ -39.383871499999898, -7.05864309999993 ], [ -39.381942599999903, -7.05842489999998 ], [ -39.380276599999902, -7.05792329999997 ], [ -39.3790392, -7.05708479999993 ], [ -39.378522599999897, -7.05727519999994 ], [ -39.3778369, -7.05810749999995 ], [ -39.3769305, -7.05807929999997 ], [ -39.3752496, -7.05768669999998 ], [ -39.3736718, -7.05764409999995 ], [ -39.3723568999999, -7.05795139999998 ], [ -39.370224699999902, -7.05882869999994 ], [ -39.369464299999898, -7.058567 ], [ -39.368738, -7.05861839999994 ], [ -39.3686329, -7.05937719999997 ], [ -39.368129199999899, -7.06030439999995 ], [ -39.367910499999901, -7.06102259999994 ], [ -39.3673243, -7.06189659999995 ], [ -39.370110899999901, -7.06316439999995 ], [ -39.370652699999901, -7.06359459999993 ], [ -39.3704374, -7.06440479999998 ], [ -39.3691765, -7.06439089999998 ], [ -39.3678901, -7.06361849999996 ], [ -39.3671667999999, -7.06269959999997 ], [ -39.3662889, -7.06124409999995 ], [ -39.3669525, -7.06018139999998 ], [ -39.3666929, -7.05890069999998 ], [ -39.3657818, -7.05800039999997 ], [ -39.364641499999898, -7.05768019999994 ], [ -39.3639155, -7.05776329999998 ], [ -39.363809499999903, -7.05777539999997 ], [ -39.3629329, -7.05826539999993 ], [ -39.362172799999897, -7.05771149999993 ], [ -39.3615588, -7.05763869999993 ], [ -39.3608429, -7.05809159999995 ], [ -39.35992, -7.05843369999997 ], [ -39.3607562, -7.05950819999993 ], [ -39.3618532, -7.06006189999994 ], [ -39.3619267, -7.06070379999994 ], [ -39.360331, -7.06041869999996 ], [ -39.360538899999902, -7.06135419999993 ], [ -39.3613285, -7.06190129999993 ], [ -39.3626441, -7.06243309999996 ], [ -39.3631932, -7.06346879999995 ], [ -39.3637411999999, -7.06425679999995 ], [ -39.365069199999901, -7.06532859999993 ], [ -39.3640933, -7.065811 ], [ -39.3635868, -7.06623969999993 ], [ -39.3628732, -7.06588519999997 ], [ -39.362047699999898, -7.06631639999995 ], [ -39.361390599999901, -7.06609039999995 ], [ -39.3610001, -7.06535129999997 ], [ -39.360117499999902, -7.06492349999996 ], [ -39.3594899, -7.06508139999994 ], [ -39.3595442, -7.06593589999994 ], [ -39.3583364, -7.06614429999996 ], [ -39.3573458, -7.06604819999995 ], [ -39.3577862, -7.06732789999995 ], [ -39.3587055, -7.068668 ], [ -39.359625299999898, -7.07043169999997 ], [ -39.359839, -7.07276049999996 ], [ -39.359346, -7.07466639999996 ], [ -39.356804699999898, -7.07727949999997 ], [ -39.352039299999902, -7.08149489999994 ], [ -39.3494974, -7.08275709999998 ], [ -39.348860199999898, -7.09042469999997 ], [ -39.3477935, -7.09048159999998 ], [ -39.3463618, -7.09023029999997 ], [ -39.3445376, -7.09087659999994 ], [ -39.3434783, -7.09217219999994 ], [ -39.3436866, -7.09278939999996 ], [ -39.344406, -7.09361449999994 ], [ -39.3451296, -7.094243 ], [ -39.344681099999903, -7.09519679999994 ], [ -39.343082, -7.09646079999993 ], [ -39.3399744, -7.09808319999996 ], [ -39.3369858, -7.09954349999998 ], [ -39.3368321, -7.10061009999993 ], [ -39.3371137, -7.10178769999993 ], [ -39.3374792, -7.10260149999993 ], [ -39.337483099999901, -7.10261019999996 ], [ -39.340161, -7.10860949999994 ], [ -39.3402368, -7.10994149999993 ], [ -39.3402383, -7.11078459999993 ], [ -39.3402821, -7.11180339999993 ], [ -39.3401272, -7.11279519999994 ], [ -39.340057, -7.11324459999997 ], [ -39.3400252, -7.11382369999995 ], [ -39.339825, -7.11518809999995 ], [ -39.339568799999903, -7.11659889999993 ], [ -39.3392565, -7.11732729999994 ], [ -39.339147599999897, -7.11798909999993 ], [ -39.3391774, -7.11868779999998 ], [ -39.3392072, -7.11876189999998 ], [ -39.339345299999898, -7.119852 ], [ -39.339761399999901, -7.12315069999994 ], [ -39.3404047, -7.12557339999995 ], [ -39.340953399999897, -7.12674539999995 ], [ -39.3416174, -7.127677 ], [ -39.3423177, -7.12884249999996 ], [ -39.3425174, -7.12934649999994 ], [ -39.3425073, -7.12964229999994 ], [ -39.3424573, -7.130102 ], [ -39.3424901, -7.13024719999993 ], [ -39.3427343, -7.13073679999997 ], [ -39.342974399999903, -7.13110779999994 ], [ -39.343834899999898, -7.132565 ], [ -39.3439079, -7.13282529999998 ], [ -39.3439678, -7.133379 ], [ -39.3440533, -7.13425749999993 ], [ -39.3439801, -7.13538159999996 ], [ -39.3435944, -7.13848139999993 ], [ -39.3433917, -7.13989779999997 ], [ -39.3432227, -7.14071529999995 ], [ -39.343131399999898, -7.14105979999994 ], [ -39.343257, -7.14116879999995 ], [ -39.3434149, -7.14143979999994 ], [ -39.3436333, -7.141684 ], [ -39.3438465999999, -7.14179789999997 ], [ -39.3444211999999, -7.14207149999993 ], [ -39.3448043, -7.14221119999996 ], [ -39.3450538, -7.14223719999995 ], [ -39.3451284, -7.14223739999994 ], [ -39.345404099999897, -7.14226559999997 ], [ -39.3456454, -7.14236289999997 ], [ -39.345727399999902, -7.14248559999993 ], [ -39.3458055, -7.14263119999993 ], [ -39.3459463, -7.14288789999995 ], [ -39.3461295, -7.14313039999996 ], [ -39.346314499999899, -7.14322919999995 ], [ -39.3467199, -7.14345679999997 ], [ -39.3474955, -7.14397189999994 ], [ -39.34786, -7.14420079999996 ], [ -39.3481029, -7.144237 ], [ -39.3483241, -7.14426409999993 ], [ -39.3485357, -7.14430449999998 ], [ -39.3487795, -7.14441479999994 ], [ -39.3490699, -7.14459919999996 ], [ -39.34922, -7.14475129999994 ], [ -39.3494382, -7.14498219999996 ], [ -39.3496921, -7.14540769999996 ], [ -39.3499732, -7.145792 ], [ -39.3502558, -7.14606249999997 ], [ -39.350422799999897, -7.14626749999996 ], [ -39.350652899999901, -7.14669459999993 ], [ -39.3507576, -7.14702979999993 ], [ -39.3508206999999, -7.14744269999994 ], [ -39.350901399999898, -7.14780939999997 ], [ -39.3509979, -7.14802269999996 ], [ -39.3513072, -7.14857269999993 ], [ -39.3517490999999, -7.14940189999993 ], [ -39.3522277, -7.15020869999995 ], [ -39.3526947, -7.15105219999998 ], [ -39.3529788, -7.15157679999993 ], [ -39.353208, -7.15205639999994 ], [ -39.353457999999897, -7.152482 ], [ -39.3540680999999, -7.15322389999994 ], [ -39.3549209, -7.15433969999998 ], [ -39.3560156, -7.15521919999998 ], [ -39.3570228, -7.15612049999993 ], [ -39.3585133999999, -7.157025 ], [ -39.3593635, -7.15743 ], [ -39.359642, -7.15765919999996 ], [ -39.359907099999901, -7.15798539999997 ], [ -39.3606511, -7.15925189999996 ], [ -39.3609795, -7.15945889999995 ], [ -39.361453299999901, -7.15971319999994 ], [ -39.3617262, -7.15977179999993 ], [ -39.3620194, -7.15980169999995 ], [ -39.3623329, -7.15979639999995 ], [ -39.3628639, -7.15982859999997 ], [ -39.3630117, -7.15987539999998 ], [ -39.3636504, -7.16015369999997 ], [ -39.3636926, -7.16016809999996 ], [ -39.3638263, -7.16021379999995 ], [ -39.364003099999898, -7.16027429999997 ], [ -39.364163, -7.160329 ], [ -39.3642677, -7.16036479999997 ], [ -39.3643807999999, -7.16040349999997 ], [ -39.3644424, -7.16042849999997 ], [ -39.3645673, -7.16047919999994 ], [ -39.3646805999999, -7.16052519999994 ], [ -39.3647731, -7.16056279999998 ], [ -39.3649915, -7.16072019999996 ], [ -39.3651146, -7.16089359999995 ], [ -39.365250199999899, -7.16114879999998 ], [ -39.365469899999901, -7.16154249999994 ], [ -39.3657241, -7.162005 ], [ -39.3660044, -7.16252589999993 ], [ -39.3662709, -7.16291489999998 ], [ -39.366501099999901, -7.16341259999996 ], [ -39.3667035, -7.16410559999997 ], [ -39.3665124, -7.16752259999993 ], [ -39.3657845, -7.18057579999993 ], [ -39.3646866, -7.20026249999995 ], [ -39.3641319, -7.21020919999995 ], [ -39.363981899999899, -7.21289909999996 ], [ -39.3582501, -7.22484119999996 ], [ -39.3578317, -7.22571279999994 ], [ -39.357042799999903, -7.227365 ], [ -39.3560633, -7.22791189999998 ], [ -39.3552812, -7.23240619999996 ], [ -39.3542887, -7.23811029999996 ], [ -39.3533434, -7.24275629999994 ], [ -39.353032599999899, -7.24428409999996 ], [ -39.3508212, -7.25515259999997 ], [ -39.3506093, -7.25508209999998 ], [ -39.3501406, -7.25497829999995 ], [ -39.3492252, -7.25480919999995 ], [ -39.347605, -7.261203 ], [ -39.347051899999897, -7.26382469999993 ], [ -39.346700199999901, -7.26550769999994 ], [ -39.3486177, -7.26621179999995 ], [ -39.349563499999903, -7.26649929999996 ], [ -39.349629299999897, -7.26651929999997 ], [ -39.3525098, -7.26739469999995 ], [ -39.3524576, -7.26806 ], [ -39.354188899999897, -7.26911659999996 ], [ -39.3567719, -7.27094109999996 ], [ -39.357744099999898, -7.27034119999996 ], [ -39.3591618, -7.27137769999996 ], [ -39.360380099999901, -7.27231009999997 ], [ -39.361430799999901, -7.27361729999996 ], [ -39.3616868, -7.27409859999995 ], [ -39.3618934, -7.27527589999994 ], [ -39.3618324, -7.27607949999998 ], [ -39.3614166, -7.27751329999995 ], [ -39.3610653, -7.27839569999998 ], [ -39.3609693, -7.27884559999995 ], [ -39.3607478, -7.27939289999995 ], [ -39.360342199999899, -7.27981389999997 ], [ -39.3599186, -7.28019729999994 ], [ -39.3604468, -7.28140309999998 ], [ -39.362310599999901, -7.28537479999994 ], [ -39.3628585, -7.28635259999993 ], [ -39.363760899999903, -7.28773049999995 ], [ -39.364551199999902, -7.28846509999994 ], [ -39.3646919, -7.28894079999998 ], [ -39.3650708, -7.28922289999997 ], [ -39.365828899999897, -7.29007429999996 ], [ -39.3673163, -7.29157609999993 ], [ -39.3679274, -7.29210789999996 ], [ -39.368175699999902, -7.29238059999994 ], [ -39.3693277, -7.29408849999993 ], [ -39.3696477, -7.29477609999998 ], [ -39.3697278, -7.29494819999996 ], [ -39.371215999999897, -7.29441579999997 ], [ -39.3715956, -7.29402319999997 ], [ -39.371747899999903, -7.29418769999995 ], [ -39.3717819, -7.29442089999998 ], [ -39.371853, -7.29459059999994 ], [ -39.371981199999901, -7.29477019999996 ], [ -39.3721568, -7.29487719999997 ], [ -39.3723391, -7.29496569999998 ], [ -39.3725784, -7.29498909999995 ], [ -39.3727428, -7.29495349999996 ], [ -39.373083, -7.29497019999997 ], [ -39.373234, -7.29500279999996 ], [ -39.3734266, -7.29512159999996 ], [ -39.3735962, -7.29513369999995 ], [ -39.3736471, -7.29506439999994 ], [ -39.373773899999897, -7.29494279999994 ], [ -39.3737745, -7.29492989999994 ], [ -39.373776899999903, -7.29477829999996 ], [ -39.373777, -7.29476619999997 ], [ -39.373809, -7.29465089999997 ], [ -39.3739198, -7.29457789999998 ], [ -39.374035499999898, -7.29460189999998 ], [ -39.37415, -7.29468679999997 ], [ -39.374189999999899, -7.29480249999995 ], [ -39.3741956, -7.29482669999993 ], [ -39.374237299999898, -7.29498769999998 ], [ -39.3742424, -7.29500049999996 ], [ -39.374309799999899, -7.29506419999996 ], [ -39.374327299999898, -7.29507049999995 ], [ -39.374338899999898, -7.29507689999997 ], [ -39.3744292, -7.29507689999997 ], [ -39.374541899999898, -7.29505529999994 ], [ -39.3746039, -7.29499559999994 ], [ -39.374726399999901, -7.29487159999996 ], [ -39.3755308, -7.305138 ], [ -39.383646499999898, -7.305815 ], [ -39.3889741, -7.30625939999993 ], [ -39.3889654, -7.306206 ], [ -39.388994099999898, -7.30626109999997 ], [ -39.3962691999999, -7.30746749999997 ], [ -39.4010693, -7.30715439999994 ], [ -39.4462942, -7.335859 ], [ -39.4460554, -7.38151019999998 ] ] ] ] } },
{ "type": "Feature", "properties": { "CD_MUN": "2304301", "NM_MUN": "Farias Brito", "CD_RGI": "230011", "NM_RGI": "Juazeiro do Norte", "CD_RGINT": "2304", "NM_RGINT": "Juazeiro do Norte", "CD_UF": "23", "NM_UF": "Ceará", "SIGLA_UF": "CE", "CD_REGIAO": "2", "NM_REGIAO": "Nordeste", "SIGLA_RG": "NE", "CD_CONCURB": null, "NM_CONCURB": null, "AREA_KM2": 530.54 }, "geometry": { "type": "MultiPolygon", "coordinates": [ [ [ [ -39.4356126, -6.96339379999995 ], [ -39.4523343, -7.00929089999994 ], [ -39.492307, -7.011771 ], [ -39.492657199999897, -7.01179259999998 ], [ -39.4930608, -7.01181759999997 ], [ -39.501453899999902, -7.01233829999995 ], [ -39.5017402, -7.01123709999996 ], [ -39.5020957999999, -7.01035039999994 ], [ -39.502020899999899, -7.00871579999995 ], [ -39.502287599999903, -7.00794569999994 ], [ -39.5023947, -7.00732329999994 ], [ -39.5027833, -7.00664079999996 ], [ -39.5036832, -7.00632869999993 ], [ -39.504393799999903, -7.006298 ], [ -39.5052977, -7.00595 ], [ -39.5063036, -7.00578139999993 ], [ -39.507124299999901, -7.005978 ], [ -39.507806699999897, -7.00576579999995 ], [ -39.5087536, -7.00637709999995 ], [ -39.509287099999902, -7.00686709999997 ], [ -39.5098439, -7.00671689999996 ], [ -39.510849699999902, -7.00645259999993 ], [ -39.511236499999903, -7.00606919999996 ], [ -39.511764899999903, -7.00556609999995 ], [ -39.5124688, -7.00488719999993 ], [ -39.5133504, -7.00421209999996 ], [ -39.514028799999899, -7.00394409999996 ], [ -39.5149782, -7.003241 ], [ -39.515367899999902, -7.00233149999997 ], [ -39.515707099999901, -7.00169059999996 ], [ -39.5164217, -7.00165589999995 ], [ -39.5170173, -7.00234529999994 ], [ -39.5178146, -7.00204549999995 ], [ -39.5188838, -7.00196049999994 ], [ -39.5198847, -7.00204109999993 ], [ -39.5210205999999, -7.00248149999993 ], [ -39.5245854, -7.00296159999994 ], [ -39.5272864, -7.003437 ], [ -39.5300091, -7.00437479999994 ], [ -39.5313447999999, -7.00465189999994 ], [ -39.5332791, -7.00550459999994 ], [ -39.536425199999897, -7.00635149999994 ], [ -39.5375642, -7.006728 ], [ -39.5390704, -7.00722829999995 ], [ -39.5398719, -7.007513 ], [ -39.54069, -7.00827029999994 ], [ -39.5416561, -7.00906789999993 ], [ -39.5424709, -7.00957809999994 ], [ -39.5447614, -7.009604 ], [ -39.5459131, -7.00976349999996 ], [ -39.547868299999898, -7.01004049999995 ], [ -39.5500964, -7.01048239999994 ], [ -39.5514676, -7.01036939999995 ], [ -39.552748199999897, -7.01078229999996 ], [ -39.5533232, -7.01087609999996 ], [ -39.5545974, -7.01114509999996 ], [ -39.5554432, -7.01168119999994 ], [ -39.556924299999899, -7.01252109999996 ], [ -39.558924499999897, -7.01303049999996 ], [ -39.5616011, -7.01453939999993 ], [ -39.5605959, -7.01525849999996 ], [ -39.5603793, -7.01566 ], [ -39.560117799999901, -7.01614459999996 ], [ -39.5611431, -7.01711269999993 ], [ -39.562466099999902, -7.01670429999996 ], [ -39.5631425, -7.01643349999995 ], [ -39.5637718999999, -7.01697789999997 ], [ -39.5641859, -7.01758169999994 ], [ -39.5649572, -7.01854409999993 ], [ -39.5653978, -7.01777369999996 ], [ -39.5659638, -7.01699919999993 ], [ -39.566909399999901, -7.01650739999997 ], [ -39.5676999, -7.01651849999996 ], [ -39.5684429, -7.01686459999996 ], [ -39.569057299999898, -7.01719689999993 ], [ -39.570186799999902, -7.01780779999996 ], [ -39.5714179, -7.01822219999997 ], [ -39.5728399, -7.01791829999996 ], [ -39.574396299999897, -7.01744369999994 ], [ -39.575330199999897, -7.01718529999994 ], [ -39.5759411, -7.01721439999994 ], [ -39.5767739, -7.01746469999995 ], [ -39.577283599999902, -7.01804449999997 ], [ -39.5780692, -7.018935 ], [ -39.578308999999898, -7.01979339999997 ], [ -39.5787477, -7.02033419999998 ], [ -39.5794968, -7.0208 ], [ -39.5800068, -7.02158919999994 ], [ -39.580869999999898, -7.02224029999996 ], [ -39.5812306999999, -7.02334669999993 ], [ -39.580849, -7.02459169999997 ], [ -39.580217699999899, -7.02742849999993 ], [ -39.579847899999898, -7.02863759999997 ], [ -39.579442, -7.029763 ], [ -39.579113499999899, -7.03043949999994 ], [ -39.5789533, -7.03161239999997 ], [ -39.578858599999897, -7.03256379999993 ], [ -39.578209, -7.033514 ], [ -39.5783279, -7.03445519999997 ], [ -39.578502699999902, -7.03531659999993 ], [ -39.5786835, -7.03628559999993 ], [ -39.5789485, -7.037458 ], [ -39.579418, -7.03936009999995 ], [ -39.5799435, -7.040571 ], [ -39.580008399999898, -7.04214759999996 ], [ -39.5796875, -7.04379429999994 ], [ -39.6103085, -7.03151309999993 ], [ -39.6323937, -7.02265529999994 ], [ -39.6286547999999, -7.01479939999996 ], [ -39.6302001, -7.01533279999995 ], [ -39.633676599999902, -7.01596939999996 ], [ -39.636104499999902, -7.01510859999996 ], [ -39.6378693999999, -7.014038 ], [ -39.640847999999899, -7.014678 ], [ -39.6438822, -7.01488639999997 ], [ -39.6445451, -7.01574119999998 ], [ -39.6439447, -7.01954019999994 ], [ -39.646317399999901, -7.01937409999994 ], [ -39.648142, -7.02022909999994 ], [ -39.6493538, -7.02055029999997 ], [ -39.6512308, -7.02065359999995 ], [ -39.6522237, -7.02043869999994 ], [ -39.6538758, -7.01968649999998 ], [ -39.6550197, -7.019343 ], [ -39.656414599999898, -7.01914839999995 ], [ -39.6583472, -7.02021489999993 ], [ -39.6590103, -7.02107049999995 ], [ -39.6628732, -7.02095749999995 ], [ -39.6648599, -7.02116809999995 ], [ -39.6665106, -7.021704 ], [ -39.670896399999897, -7.02320549999996 ], [ -39.675290899999901, -7.02329429999998 ], [ -39.6768865, -7.02040379999994 ], [ -39.6773266, -7.01922449999995 ], [ -39.680628899999903, -7.01614769999998 ], [ -39.679517299999901, -7.01434719999997 ], [ -39.6779557999999, -7.011818 ], [ -39.6743121, -7.01021809999997 ], [ -39.6722356, -7.00896169999993 ], [ -39.666771099999899, -7.00779089999997 ], [ -39.665715599999899, -7.00750069999998 ], [ -39.664753899999901, -7.00759219999998 ], [ -39.6638889, -7.00778419999995 ], [ -39.6630522, -7.00773419999996 ], [ -39.6595637, -7.00712649999997 ], [ -39.6581059, -7.006307 ], [ -39.656008299999897, -7.00502459999996 ], [ -39.6560089, -7.004168 ], [ -39.6568902, -7.00320519999997 ], [ -39.659203799999901, -7.00223769999997 ], [ -39.6628231, -6.99584389999995 ], [ -39.663315399999902, -6.99497209999993 ], [ -39.663551799999901, -6.99377869999995 ], [ -39.6639919, -6.99260169999997 ], [ -39.663274499999901, -6.992283 ], [ -39.658089399999902, -6.99325269999997 ], [ -39.6562117, -6.99250629999995 ], [ -39.6549967, -6.99250619999998 ], [ -39.6517426, -6.99219229999994 ], [ -39.6501967, -6.991763 ], [ -39.649093299999898, -6.99123259999993 ], [ -39.6463342, -6.99145079999994 ], [ -39.6452303, -6.99123609999998 ], [ -39.640087, -6.98554729999995 ], [ -39.638693499999903, -6.98463959999998 ], [ -39.6363921, -6.98343839999995 ], [ -39.635287499999897, -6.98130059999994 ], [ -39.6358354, -6.97947989999994 ], [ -39.6368254, -6.97851439999994 ], [ -39.6366049, -6.97744369999998 ], [ -39.632182999999898, -6.97167319999994 ], [ -39.6335025999999, -6.96878269999996 ], [ -39.632013099999902, -6.96782269999994 ], [ -39.6312391, -6.96718059999995 ], [ -39.629583899999901, -6.96621949999997 ], [ -39.6269331, -6.96536729999997 ], [ -39.625937399999899, -6.96408419999995 ], [ -39.6245028, -6.96376519999995 ], [ -39.623270499999897, -6.96315149999998 ], [ -39.6227211, -6.96221709999998 ], [ -39.6212939, -6.96035889999996 ], [ -39.624094199999902, -6.958139 ], [ -39.6241105, -6.95813219999997 ], [ -39.6399331, -6.94558319999993 ], [ -39.639807, -6.94485329999998 ], [ -39.639552599999902, -6.94337969999998 ], [ -39.6387596, -6.94278549999996 ], [ -39.6380526, -6.94135729999994 ], [ -39.63722, -6.94019819999994 ], [ -39.636665299999898, -6.93960579999998 ], [ -39.6355889, -6.93678029999995 ], [ -39.6348424, -6.93590209999996 ], [ -39.6340762, -6.93546449999997 ], [ -39.6324106, -6.93472669999994 ], [ -39.6310425, -6.93386809999993 ], [ -39.629815199999904, -6.933576 ], [ -39.6291633, -6.93369959999995 ], [ -39.6285755, -6.93434449999995 ], [ -39.627582699999898, -6.93490389999994 ], [ -39.6259984, -6.93533429999997 ], [ -39.625415599999897, -6.93638309999994 ], [ -39.6246886, -6.93698469999993 ], [ -39.6237503, -6.93666389999993 ], [ -39.6222587, -6.93540129999997 ], [ -39.618597099999903, -6.93261739999997 ], [ -39.617340199999902, -6.93014419999997 ], [ -39.616014699999901, -6.92779219999994 ], [ -39.6147922, -6.92676629999994 ], [ -39.613710899999901, -6.92490859999998 ], [ -39.6131811, -6.92291829999994 ], [ -39.6122591, -6.92214349999995 ], [ -39.6108864, -6.92153519999994 ], [ -39.6104973999999, -6.91964519999993 ], [ -39.609747899999903, -6.91888769999997 ], [ -39.6074646, -6.91741749999994 ], [ -39.6072019, -6.91372769999998 ], [ -39.606525, -6.90422 ], [ -39.6098327999999, -6.90165839999997 ], [ -39.6102283, -6.90135119999997 ], [ -39.611396199999902, -6.90166939999995 ], [ -39.6121047, -6.90202469999997 ], [ -39.6127006, -6.90216939999993 ], [ -39.6134881, -6.90164689999995 ], [ -39.6139201, -6.900512 ], [ -39.614524399999901, -6.90017849999998 ], [ -39.614916999999899, -6.8996 ], [ -39.6154048, -6.89927189999997 ], [ -39.6160389, -6.89906249999996 ], [ -39.6164499, -6.89838349999997 ], [ -39.6177655, -6.89766739999993 ], [ -39.6187641, -6.89782279999997 ], [ -39.6195852, -6.89786249999997 ], [ -39.620616599999899, -6.89812919999997 ], [ -39.621341, -6.89871129999995 ], [ -39.6223176, -6.89957989999994 ], [ -39.623034899999901, -6.900064 ], [ -39.6238571, -6.90019409999996 ], [ -39.6242444, -6.89967769999993 ], [ -39.6241694, -6.89845989999998 ], [ -39.6247195, -6.89719469999994 ], [ -39.6309759, -6.89632819999997 ], [ -39.633198499999899, -6.89465179999996 ], [ -39.6340797, -6.89358089999996 ], [ -39.635072599999901, -6.89325989999998 ], [ -39.635956599999901, -6.893154 ], [ -39.6372792, -6.89368479999996 ], [ -39.6380563, -6.89411189999993 ], [ -39.642356699999901, -6.89421189999996 ], [ -39.644976, -6.89326939999995 ], [ -39.6467532, -6.89280689999993 ], [ -39.6476281999999, -6.89318209999993 ], [ -39.648536299999897, -6.89381679999997 ], [ -39.6503327, -6.89398669999997 ], [ -39.6550472, -6.894945 ], [ -39.6560418, -6.89601359999995 ], [ -39.6561522, -6.89686969999997 ], [ -39.657919499999899, -6.89868639999997 ], [ -39.6607389, -6.90285629999994 ], [ -39.661074, -6.90467619999993 ], [ -39.661075099999898, -6.90617209999994 ], [ -39.6617391999999, -6.90692059999998 ], [ -39.6626271, -6.90722809999994 ], [ -39.663882, -6.90642939999998 ], [ -39.6647907, -6.90675979999997 ], [ -39.6658158, -6.90652419999998 ], [ -39.666366799999899, -6.90257349999996 ], [ -39.666247199999901, -6.90075369999994 ], [ -39.665679699999899, -6.89816579999996 ], [ -39.6655966, -6.89654029999997 ], [ -39.6652434, -6.895311 ], [ -39.6645774, -6.89435009999994 ], [ -39.664302899999903, -6.89315919999996 ], [ -39.6648906, -6.89180429999993 ], [ -39.6658523, -6.89085989999995 ], [ -39.665895599999899, -6.88941309999996 ], [ -39.6652304, -6.88748459999994 ], [ -39.6641615999999, -6.88645569999994 ], [ -39.6630038, -6.88600349999996 ], [ -39.662413899999898, -6.88500879999998 ], [ -39.661168099999898, -6.88213989999997 ], [ -39.661414799999903, -6.88025349999998 ], [ -39.6622919, -6.87890519999996 ], [ -39.665433499999899, -6.87475469999993 ], [ -39.667803799999902, -6.87335479999996 ], [ -39.6676672, -6.87238129999997 ], [ -39.6670829, -6.87110889999997 ], [ -39.6665302, -6.86939739999997 ], [ -39.667346, -6.866964 ], [ -39.6682274, -6.86392129999996 ], [ -39.6670761, -6.86403409999997 ], [ -39.666075799999902, -6.86363509999995 ], [ -39.6652119, -6.86234189999993 ], [ -39.664576699999898, -6.86185219999993 ], [ -39.6635343, -6.861363 ], [ -39.6622904, -6.86114809999998 ], [ -39.661269499999896, -6.86087669999995 ], [ -39.6603858, -6.86136459999994 ], [ -39.658603399999897, -6.86192859999994 ], [ -39.6569899, -6.86231859999998 ], [ -39.656345499999901, -6.86274389999994 ], [ -39.655477, -6.86266049999995 ], [ -39.6547391, -6.86244129999994 ], [ -39.6541733, -6.86192989999995 ], [ -39.652695799999897, -6.86018009999998 ], [ -39.65213, -6.85966389999993 ], [ -39.651391799999899, -6.85920539999995 ], [ -39.650711, -6.85867019999995 ], [ -39.6495325, -6.85838459999997 ], [ -39.648637, -6.85846239999995 ], [ -39.64778, -6.85865259999997 ], [ -39.646735099999901, -6.85801739999994 ], [ -39.6460132, -6.85688249999993 ], [ -39.6451827, -6.856353 ], [ -39.6444991, -6.85634659999994 ], [ -39.6441861, -6.855883 ], [ -39.6439396, -6.85551779999997 ], [ -39.642988199999898, -6.85518959999996 ], [ -39.6422607, -6.85475019999996 ], [ -39.642118, -6.85424939999996 ], [ -39.6418786, -6.85379839999996 ], [ -39.6413502999999, -6.85321169999997 ], [ -39.6405422999999, -6.85249739999995 ], [ -39.640075399999901, -6.85138919999997 ], [ -39.640995, -6.851312 ], [ -39.640614, -6.85054659999997 ], [ -39.639238299999903, -6.84964379999997 ], [ -39.638562599999901, -6.84898089999996 ], [ -39.6379765, -6.84791749999994 ], [ -39.6376832999999, -6.847152 ], [ -39.6373204, -6.845716 ], [ -39.6378382, -6.84480639999992 ], [ -39.638689, -6.84352249999995 ], [ -39.6386209, -6.84275669999994 ], [ -39.638787799999903, -6.84215819999997 ], [ -39.6383225, -6.84164659999993 ], [ -39.6378038, -6.840489 ], [ -39.636432899999903, -6.83961009999996 ], [ -39.6366264, -6.83875179999995 ], [ -39.6388191, -6.83810069999993 ], [ -39.6394763, -6.83773229999997 ], [ -39.6399097, -6.83593889999997 ], [ -39.6410001, -6.83479349999993 ], [ -39.6413105, -6.83415009999993 ], [ -39.641465599999897, -6.83347249999997 ], [ -39.6413348, -6.83260079999997 ], [ -39.6421718, -6.83181949999994 ], [ -39.6429535, -6.830842 ], [ -39.6429734, -6.82962609999993 ], [ -39.643506499999901, -6.82898079999995 ], [ -39.644670399999903, -6.82822259999995 ], [ -39.646115699999903, -6.82834869999994 ], [ -39.6475419, -6.82790359999996 ], [ -39.648367199999903, -6.82713469999993 ], [ -39.6491161, -6.826679 ], [ -39.650186, -6.82688929999995 ], [ -39.6514337, -6.82651789999994 ], [ -39.6523773, -6.82630589999997 ], [ -39.653487599999899, -6.82613459999993 ], [ -39.6543348, -6.82582469999994 ], [ -39.6550501, -6.82531039999998 ], [ -39.6546061, -6.82453429999993 ], [ -39.653816199999902, -6.82405089999997 ], [ -39.65337, -6.82238209999997 ], [ -39.6532376, -6.82142489999995 ], [ -39.653101999999897, -6.82069929999994 ], [ -39.663432199999903, -6.79357569999996 ], [ -39.6622012, -6.793232 ], [ -39.6611399, -6.79272049999997 ], [ -39.660249599999901, -6.792089 ], [ -39.6581608, -6.790707 ], [ -39.6562456, -6.79117119999995 ], [ -39.6563193, -6.792683 ], [ -39.6566399, -6.79397909999994 ], [ -39.6572624, -6.79669629999995 ], [ -39.6563919, -6.79818149999994 ], [ -39.6554176, -6.79874709999996 ], [ -39.6540674, -6.79958679999993 ], [ -39.652973599999903, -6.80030639999995 ], [ -39.652017999999899, -6.80135639999997 ], [ -39.650894299999898, -6.80167139999998 ], [ -39.6497135, -6.80128089999994 ], [ -39.6487784, -6.80110939999997 ], [ -39.6475103, -6.80021919999996 ], [ -39.6459942, -6.79927959999998 ], [ -39.6448468, -6.79868319999997 ], [ -39.6423457, -6.79643909999993 ], [ -39.6410276, -6.79570559999996 ], [ -39.639538699999903, -6.79521169999992 ], [ -39.638324699999899, -6.79562369999996 ], [ -39.6371874, -6.79597519999993 ], [ -39.6357226, -6.79408809999995 ], [ -39.6345155, -6.79207459999998 ], [ -39.6341523, -6.79054509999997 ], [ -39.6333136, -6.78982959999996 ], [ -39.6324179, -6.78968639999994 ], [ -39.6317251, -6.79014939999996 ], [ -39.6308634, -6.79084919999997 ], [ -39.629325499999901, -6.79194389999998 ], [ -39.628703, -6.79292559999993 ], [ -39.6281476, -6.79359989999995 ], [ -39.626363899999902, -6.79424889999996 ], [ -39.6265035, -6.79572959999996 ], [ -39.6255214, -6.795933 ], [ -39.6244526999999, -6.79602109999996 ], [ -39.623615099999903, -6.79619539999993 ], [ -39.6226847, -6.79608959999996 ], [ -39.6208829, -6.79516229999996 ], [ -39.6196232, -6.79215769999996 ], [ -39.6180428, -6.790645 ], [ -39.6157552, -6.78845529999995 ], [ -39.569057299999898, -6.77911539999997 ], [ -39.556469299999897, -6.77659769999997 ], [ -39.556291, -6.77647019999995 ], [ -39.5547438, -6.77463689999996 ], [ -39.5519897, -6.77623989999995 ], [ -39.5502139, -6.77757429999997 ], [ -39.5491688, -6.77683089999994 ], [ -39.548404499999897, -6.77568439999993 ], [ -39.5468728, -6.77034189999995 ], [ -39.544834099999903, -6.76851739999995 ], [ -39.543992, -6.76813949999996 ], [ -39.5149853, -6.77600269999994 ], [ -39.5147936, -6.77608859999998 ], [ -39.5141715, -6.77624289999994 ], [ -39.5132909, -6.77669379999998 ], [ -39.512381199999901, -6.7768 ], [ -39.511442499999902, -6.77668609999995 ], [ -39.510389099999898, -6.77674469999994 ], [ -39.5114991, -6.77961119999998 ], [ -39.5122132, -6.78175759999993 ], [ -39.5118982, -6.78419179999997 ], [ -39.5115503, -6.78526119999998 ], [ -39.5100821, -6.78662129999998 ], [ -39.5097517, -6.788315 ], [ -39.5092136, -6.78945269999997 ], [ -39.509119199999901, -6.79178289999993 ], [ -39.509687299999896, -6.793723 ], [ -39.5110197, -6.798757 ], [ -39.5123586, -6.80153529999995 ], [ -39.5135417, -6.80368879999997 ], [ -39.5141796, -6.80500619999998 ], [ -39.5139465, -6.80623249999996 ], [ -39.513875599999899, -6.80745839999997 ], [ -39.5147306, -6.80846169999995 ], [ -39.515975599999898, -6.80913279999993 ], [ -39.5168543999999, -6.810096 ], [ -39.515929399999898, -6.811152 ], [ -39.514414299999899, -6.81158389999996 ], [ -39.512493, -6.81323669999995 ], [ -39.5104052, -6.81666539999998 ], [ -39.5078329, -6.81645639999994 ], [ -39.5074078, -6.81839359999998 ], [ -39.506952199999901, -6.81976089999995 ], [ -39.5064601999999, -6.82197869999993 ], [ -39.5067083, -6.82276739999998 ], [ -39.507087, -6.82397149999997 ], [ -39.5063595, -6.82842179999994 ], [ -39.504827, -6.83245329999994 ], [ -39.502758099999902, -6.83499889999996 ], [ -39.501825799999899, -6.83570289999994 ], [ -39.500843, -6.83587409999996 ], [ -39.500054299999903, -6.83657009999996 ], [ -39.4999331, -6.83772529999993 ], [ -39.5002557, -6.83950839999994 ], [ -39.5008518, -6.84035519999998 ], [ -39.5017372, -6.84192269999994 ], [ -39.5027301, -6.84267719999997 ], [ -39.502622899999899, -6.84359839999996 ], [ -39.500740999999898, -6.84399089999994 ], [ -39.498382999999897, -6.84445379999994 ], [ -39.4950076, -6.84670719999997 ], [ -39.4935639, -6.84659079999994 ], [ -39.4918554, -6.84501769999997 ], [ -39.4904094, -6.84265729999993 ], [ -39.4867654, -6.83974019999994 ], [ -39.485289899999898, -6.83849879999997 ], [ -39.484228899999898, -6.83804529999998 ], [ -39.4830904, -6.84007309999993 ], [ -39.4823061, -6.84230459999998 ], [ -39.481214599999902, -6.84540519999996 ], [ -39.4801557, -6.84614929999998 ], [ -39.478438099999899, -6.846688 ], [ -39.4780643, -6.85175429999993 ], [ -39.4786546, -6.85449649999993 ], [ -39.4777561, -6.85550329999995 ], [ -39.4765791, -6.85612769999994 ], [ -39.4760673, -6.85704589999995 ], [ -39.4765915999999, -6.85820909999995 ], [ -39.4766402, -6.86023709999995 ], [ -39.475877399999902, -6.86133329999996 ], [ -39.4756015, -6.86154889999995 ], [ -39.474935699999897, -6.86206929999997 ], [ -39.4736791999999, -6.863282 ], [ -39.4731161999999, -6.86478239999997 ], [ -39.4742045, -6.86736479999996 ], [ -39.475309799999899, -6.86841569999996 ], [ -39.4773564, -6.86871489999993 ], [ -39.4784781, -6.868539 ], [ -39.4792189, -6.86958409999994 ], [ -39.4802056, -6.87176669999997 ], [ -39.48236, -6.87332049999998 ], [ -39.4839688, -6.87461009999993 ], [ -39.485124, -6.87514979999997 ], [ -39.4857289, -6.87610139999992 ], [ -39.485646099999897, -6.87743029999996 ], [ -39.4841205, -6.880794 ], [ -39.4832656, -6.88195189999993 ], [ -39.481512, -6.88243219999993 ], [ -39.4784781, -6.88420909999996 ], [ -39.4777625, -6.88561469999996 ], [ -39.478460799999901, -6.88707549999998 ], [ -39.4784079, -6.88830189999993 ], [ -39.477576999999897, -6.889334 ], [ -39.4791334, -6.89193709999995 ], [ -39.4797351, -6.893562 ], [ -39.480829099999902, -6.89551389999997 ], [ -39.4832284, -6.89795789999994 ], [ -39.4608843, -6.89698139999996 ], [ -39.4532785, -6.896649 ], [ -39.418699699999898, -6.89513779999993 ], [ -39.4090196, -6.90624549999995 ], [ -39.3949686999999, -6.92236869999994 ], [ -39.3990952999999, -6.928298 ], [ -39.4193284, -6.95737009999993 ], [ -39.4193905, -6.95745929999993 ], [ -39.4226767, -6.96218109999995 ], [ -39.4356126, -6.96339379999995 ] ] ] ] } },
{ "type": "Feature", "properties": { "CD_MUN": "2311959", "NM_MUN": "Salitre", "CD_RGI": "230011", "NM_RGI": "Juazeiro do Norte", "CD_RGINT": "2304", "NM_RGINT": "Juazeiro do Norte", "CD_UF": "23", "NM_UF": "Ceará", "SIGLA_UF": "CE", "CD_REGIAO": "2", "NM_REGIAO": "Nordeste", "SIGLA_RG": "NE", "CD_CONCURB": null, "NM_CONCURB": null, "AREA_KM2": 806.254 }, "geometry": { "type": "MultiPolygon", "coordinates": [ [ [ [ -40.33801539, -7.32379411999995 ], [ -40.3453514, -7.32916229999995 ], [ -40.3460858, -7.32969958999996 ], [ -40.346820099999903, -7.33023700999996 ], [ -40.35079361, -7.33417140499995 ], [ -40.352343495, -7.33768670999996 ], [ -40.354125399999901, -7.34429300999994 ], [ -40.3547904, -7.34578439499995 ], [ -40.355455404999901, -7.34727569999995 ], [ -40.35822359, -7.35249208999994 ], [ -40.360983906999898, -7.35560070699995 ], [ -40.3727696, -7.36244039999997 ], [ -40.3745223, -7.36298769999996 ], [ -40.3874805, -7.36703479999994 ], [ -40.393878099999903, -7.36816839999994 ], [ -40.3964946, -7.36831559999996 ], [ -40.4003496, -7.36853229999997 ], [ -40.4110261, -7.36855839999993 ], [ -40.433588299999897, -7.36717839999994 ], [ -40.433997599999898, -7.36701929999998 ], [ -40.4479421999999, -7.36156109999996 ], [ -40.448672299999899, -7.36127529999993 ], [ -40.449055, -7.36112549999996 ], [ -40.4590731, -7.35509369999994 ], [ -40.459308399999898, -7.35495169999996 ], [ -40.466737099999897, -7.35046759999994 ], [ -40.4761545, -7.34478309999997 ], [ -40.476247, -7.34472729999993 ], [ -40.4828681, -7.33929019999994 ], [ -40.486940499999903, -7.336506 ], [ -40.4870137999999, -7.33645989999997 ], [ -40.5004686, -7.32799529999994 ], [ -40.506750399999902, -7.32491939999994 ], [ -40.5102864999999, -7.32283019999994 ], [ -40.516571999999897, -7.32027729999993 ], [ -40.5165931, -7.32026879999995 ], [ -40.5236786, -7.31846189999993 ], [ -40.5237231999999, -7.31845049999993 ], [ -40.5237227, -7.31845009999995 ], [ -40.52372215, -7.31844964999993 ], [ -40.522875, -7.317864 ], [ -40.5182296, -7.31359659999993 ], [ -40.514268699999903, -7.30783209999993 ], [ -40.5121715, -7.30180069999994 ], [ -40.5116313, -7.29943059999994 ], [ -40.511631399999899, -7.299429 ], [ -40.5116315, -7.29942749999998 ], [ -40.5121075, -7.29057089999998 ], [ -40.5123828, -7.28544689999995 ], [ -40.5152778, -7.27516519999995 ], [ -40.5152859, -7.27498429999997 ], [ -40.515537499999901, -7.26983439999998 ], [ -40.515799399999899, -7.26446159999995 ], [ -40.513561099999897, -7.23970329999997 ], [ -40.5113272, -7.23468069999996 ], [ -40.510957899999902, -7.23385539999992 ], [ -40.510932, -7.233112 ], [ -40.5107131, -7.22696559999997 ], [ -40.5102678, -7.22435339999993 ], [ -40.5061165, -7.21085969999996 ], [ -40.5042515, -7.20479719999997 ], [ -40.5028196, -7.19885379999994 ], [ -40.5012968999999, -7.18865279999994 ], [ -40.495308899999898, -7.18322519999998 ], [ -40.494791899999903, -7.18234409999997 ], [ -40.495709299999902, -7.16961529999998 ], [ -40.4871972, -7.14483379999996 ], [ -40.484369699999903, -7.13319869999998 ], [ -40.4853014, -7.12701789999994 ], [ -40.4892141, -7.12151439999997 ], [ -40.489739299999897, -7.11869009999998 ], [ -40.485250699999902, -7.11100929999998 ], [ -40.4704331, -7.09397039999993 ], [ -40.470500199999897, -7.09122669999994 ], [ -40.4694211999999, -7.08764409999998 ], [ -40.4593778999999, -7.07851919999996 ], [ -40.4593637, -7.07849769999996 ], [ -40.4587392, -7.07844819999997 ], [ -40.4578033, -7.07844359999996 ], [ -40.4518355, -7.07887949999997 ], [ -40.4465638, -7.07935359999993 ], [ -40.4450538, -7.07947689999997 ], [ -40.441935999999899, -7.079725 ], [ -40.441043599999901, -7.07977539999996 ], [ -40.440931, -7.08053109999997 ], [ -40.4409345, -7.08166039999998 ], [ -40.4409194999999, -7.08292619999997 ], [ -40.4409193, -7.08294289999998 ], [ -40.441990099999899, -7.08373729999994 ], [ -40.442837499999897, -7.08358779999998 ], [ -40.4440274, -7.08419659999993 ], [ -40.4451602, -7.08542669999997 ], [ -40.4459828, -7.08651559999993 ], [ -40.4468955, -7.08837959999994 ], [ -40.4469213, -7.089293 ], [ -40.4402004, -7.09160069999996 ], [ -40.390141399999898, -7.10877609999994 ], [ -40.370442899999901, -7.11553469999996 ], [ -40.355788899999901, -7.12056289999992 ], [ -40.355216, -7.12075919999995 ], [ -40.3540652, -7.12115429999994 ], [ -40.3348642999999, -7.12774269999994 ], [ -40.3338408, -7.12780379999998 ], [ -40.332854499999897, -7.12802679999993 ], [ -40.330930099999897, -7.12857309999993 ], [ -40.3296326, -7.12889749999994 ], [ -40.3279987, -7.12884479999997 ], [ -40.3270388, -7.128831 ], [ -40.3255068, -7.12864139999994 ], [ -40.3245357, -7.12861219999996 ], [ -40.3235609, -7.12839809999997 ], [ -40.3213092, -7.12842369999993 ], [ -40.320348099999897, -7.12813829999993 ], [ -40.3208754, -7.12750849999998 ], [ -40.321493299999901, -7.12682479999995 ], [ -40.322096, -7.12573629999997 ], [ -40.322194399999901, -7.12466329999995 ], [ -40.322372899999898, -7.12393779999996 ], [ -40.322328599999899, -7.12301189999994 ], [ -40.322283, -7.12203479999994 ], [ -40.3224081, -7.12084639999995 ], [ -40.3227603, -7.11987129999994 ], [ -40.3232528999999, -7.11953969999996 ], [ -40.323685, -7.11902639999994 ], [ -40.3239588, -7.11843459999994 ], [ -40.324189499999903, -7.11786209999997 ], [ -40.3247466, -7.116688 ], [ -40.324759099999902, -7.116026 ], [ -40.3242044, -7.11527619999993 ], [ -40.3236823, -7.11475769999993 ], [ -40.3231228, -7.11454069999996 ], [ -40.3223962, -7.114356 ], [ -40.321963599999897, -7.11349919999998 ], [ -40.3216351, -7.11255979999993 ], [ -40.3212159, -7.11170679999998 ], [ -40.320849399999901, -7.11088789999997 ], [ -40.3206556, -7.11014109999996 ], [ -40.3203917, -7.10933589999996 ], [ -40.3202779, -7.10870409999995 ], [ -40.3205484, -7.10783229999993 ], [ -40.320856799999902, -7.10721309999997 ], [ -40.3211506, -7.10645479999994 ], [ -40.3216613, -7.10555829999993 ], [ -40.322354399999902, -7.10473229999997 ], [ -40.3225874, -7.10423319999995 ], [ -40.3231268, -7.10351859999997 ], [ -40.323644499999901, -7.10278729999993 ], [ -40.3242959, -7.10190249999994 ], [ -40.3246715, -7.10089409999995 ], [ -40.325205599999897, -7.10005749999993 ], [ -40.3257035, -7.09880539999995 ], [ -40.3252572, -7.09797559999993 ], [ -40.3245544, -7.09681789999996 ], [ -40.324313399999902, -7.09631769999993 ], [ -40.3237353, -7.09519319999993 ], [ -40.3234739, -7.09463659999994 ], [ -40.323285999999896, -7.09388 ], [ -40.3230751, -7.09327119999995 ], [ -40.3226102, -7.09263449999997 ], [ -40.3224427, -7.09213089999997 ], [ -40.3223139, -7.09147529999996 ], [ -40.321937299999902, -7.09047649999997 ], [ -40.3219071, -7.08909839999995 ], [ -40.3221889, -7.08775209999993 ], [ -40.3230646, -7.08398079999995 ], [ -40.3239014, -7.08197119999994 ], [ -40.3229767999999, -7.08177259999997 ], [ -40.3221581, -7.08148519999997 ], [ -40.321350499999902, -7.08125889999997 ], [ -40.320367, -7.08086989999993 ], [ -40.3196935, -7.080022 ], [ -40.3189295, -7.07927919999997 ], [ -40.3176167, -7.07868849999994 ], [ -40.3168332, -7.07797279999994 ], [ -40.3162088, -7.07741029999994 ], [ -40.315362799999903, -7.07681649999995 ], [ -40.314416, -7.07659189999993 ], [ -40.313571599999896, -7.07655839999995 ], [ -40.3121586, -7.07661819999993 ], [ -40.3112239, -7.07642739999994 ], [ -40.3103384, -7.07600119999995 ], [ -40.3096474, -7.07586349999997 ], [ -40.3089954, -7.07578709999996 ], [ -40.3089166, -7.07577789999993 ], [ -40.3079814, -7.07646939999995 ], [ -40.3071406, -7.07720309999996 ], [ -40.3064002, -7.077404 ], [ -40.305645899999902, -7.07750189999996 ], [ -40.304693799999903, -7.07748659999993 ], [ -40.303179, -7.07756259999996 ], [ -40.302296, -7.07766679999997 ], [ -40.3013417, -7.07794759999996 ], [ -40.3007489, -7.07797019999998 ], [ -40.299940299999903, -7.07790669999997 ], [ -40.299081, -7.07791209999993 ], [ -40.297855399999897, -7.07754159999996 ], [ -40.2967045, -7.07712009999995 ], [ -40.2959463, -7.07689489999996 ], [ -40.294685399999899, -7.07674289999994 ], [ -40.2934782, -7.07635089999997 ], [ -40.292641499999903, -7.07605459999996 ], [ -40.291354899999902, -7.07563149999993 ], [ -40.2906207999999, -7.07510309999998 ], [ -40.290182199999897, -7.07456989999997 ], [ -40.289611, -7.07372109999994 ], [ -40.2887334, -7.07251809999997 ], [ -40.288049, -7.07190689999993 ], [ -40.287138399999897, -7.07175979999994 ], [ -40.285813, -7.07123729999995 ], [ -40.2848051, -7.07090739999995 ], [ -40.2842223, -7.070718 ], [ -40.283459999999899, -7.07033639999997 ], [ -40.281597, -7.069804 ], [ -40.2806472, -7.06957929999993 ], [ -40.2796259, -7.06943849999993 ], [ -40.2779499, -7.069221 ], [ -40.276166499999903, -7.06899339999995 ], [ -40.275010199999898, -7.06878719999997 ], [ -40.2739797999999, -7.06861049999998 ], [ -40.2730812, -7.06849929999993 ], [ -40.2725085, -7.06854479999993 ], [ -40.271485599999899, -7.06856649999997 ], [ -40.270143, -7.06866139999994 ], [ -40.2697618, -7.068648 ], [ -40.2690755, -7.06862389999998 ], [ -40.2677992, -7.06831629999994 ], [ -40.267038399999898, -7.06822869999996 ], [ -40.2663234, -7.068419 ], [ -40.2656353, -7.06867439999996 ], [ -40.264665599999901, -7.06905929999994 ], [ -40.2638433, -7.06887109999997 ], [ -40.2628303, -7.06860349999994 ], [ -40.2619065, -7.06835949999993 ], [ -40.2601660999999, -7.06783779999995 ], [ -40.258455, -7.06748829999998 ], [ -40.2572099, -7.06766389999996 ], [ -40.2545969, -7.06862809999996 ], [ -40.2520463, -7.06787879999996 ], [ -40.2512781, -7.06723479999994 ], [ -40.250672699999903, -7.06659039999994 ], [ -40.2498401, -7.06575669999995 ], [ -40.2492985, -7.06507219999997 ], [ -40.2485677, -7.06407869999992 ], [ -40.2481405999999, -7.06319609999997 ], [ -40.2489796999999, -7.06230689999995 ], [ -40.2499134, -7.06182719999993 ], [ -40.2502809, -7.06103359999997 ], [ -40.251063799999898, -7.060612 ], [ -40.2515634, -7.06022539999998 ], [ -40.250622099999902, -7.05936289999994 ], [ -40.2498979, -7.05815049999995 ], [ -40.249363, -7.056965 ], [ -40.2487477, -7.05617229999996 ], [ -40.2478897, -7.05506659999998 ], [ -40.247326299999898, -7.05489349999993 ], [ -40.245623599999902, -7.05410359999996 ], [ -40.244537299999898, -7.05330889999993 ], [ -40.243938399999898, -7.052682 ], [ -40.2430979, -7.05186579999997 ], [ -40.2421047, -7.05127029999994 ], [ -40.2416145, -7.05067809999997 ], [ -40.2408503, -7.04972779999997 ], [ -40.2404116, -7.0487 ], [ -40.2400997, -7.04788729999996 ], [ -40.2395842, -7.04739089999993 ], [ -40.238833, -7.04683779999993 ], [ -40.2381348, -7.04637059999993 ], [ -40.2375876, -7.04594139999995 ], [ -40.2365798, -7.04526929999997 ], [ -40.235552799999901, -7.04455889999997 ], [ -40.2344649, -7.04436559999994 ], [ -40.233213299999903, -7.04387589999993 ], [ -40.232685499999903, -7.04354709999996 ], [ -40.2320745, -7.04255809999995 ], [ -40.231024799999901, -7.04066249999994 ], [ -40.2304852, -7.04022559999993 ], [ -40.2297473, -7.03970349999997 ], [ -40.228528099999899, -7.03924129999996 ], [ -40.2277706, -7.039461 ], [ -40.2257878, -7.03959189999995 ], [ -40.224806699999903, -7.039476 ], [ -40.2238355, -7.03903339999994 ], [ -40.2230731, -7.03874469999994 ], [ -40.222170499999898, -7.03845269999994 ], [ -40.221494, -7.03801659999993 ], [ -40.220860699999903, -7.03766649999994 ], [ -40.220207, -7.03682309999994 ], [ -40.219698, -7.03571739999995 ], [ -40.219240199999902, -7.03528079999995 ], [ -40.218135199999899, -7.03498339999993 ], [ -40.2173768, -7.03437759999997 ], [ -40.2168937, -7.03375429999994 ], [ -40.216223, -7.03292429999993 ], [ -40.2152712, -7.031926 ], [ -40.2146903, -7.031425 ], [ -40.2141523, -7.03084729999995 ], [ -40.213739099999898, -7.03037459999996 ], [ -40.2131401, -7.02935679999996 ], [ -40.211901399999903, -7.02921159999994 ], [ -40.210814399999897, -7.029358 ], [ -40.2099522, -7.02936979999993 ], [ -40.209180699999898, -7.02924259999998 ], [ -40.2086004, -7.029 ], [ -40.2079677, -7.02884849999998 ], [ -40.206826099999901, -7.02823889999996 ], [ -40.205417399999902, -7.02809889999997 ], [ -40.204509599999902, -7.02776939999995 ], [ -40.2038244, -7.027098 ], [ -40.2031531, -7.026803 ], [ -40.2021506, -7.02631259999993 ], [ -40.200306899999902, -7.026504 ], [ -40.198932, -7.02645489999998 ], [ -40.197331399999896, -7.02620529999996 ], [ -40.196441, -7.02641819999997 ], [ -40.1950176, -7.02614419999998 ], [ -40.192988199999903, -7.02553679999994 ], [ -40.1921493, -7.02466789999994 ], [ -40.191392999999898, -7.02405289999996 ], [ -40.190353, -7.02385319999996 ], [ -40.189049899999901, -7.02325019999995 ], [ -40.188549099999904, -7.02298669999993 ], [ -40.1881129, -7.02275719999994 ], [ -40.1875828, -7.02244749999994 ], [ -40.1869531, -7.02203989999998 ], [ -40.186371699999903, -7.02179969999997 ], [ -40.1854989, -7.021419 ], [ -40.185040199999897, -7.02116769999998 ], [ -40.1843855, -7.02089669999998 ], [ -40.1837209, -7.02015519999998 ], [ -40.182906699999897, -7.01926 ], [ -40.182193799999901, -7.01864439999997 ], [ -40.181573, -7.01820269999996 ], [ -40.1814227, -7.01772029999995 ], [ -40.1810335, -7.01725819999996 ], [ -40.180080099999898, -7.01740959999995 ], [ -40.1791934, -7.01811349999997 ], [ -40.1784084, -7.01910259999994 ], [ -40.177172599999899, -7.01911719999993 ], [ -40.17609, -7.01864179999995 ], [ -40.175101299999902, -7.01835349999993 ], [ -40.1742816, -7.01814019999995 ], [ -40.172923, -7.01789589999993 ], [ -40.171951799999903, -7.01744249999996 ], [ -40.171483899999899, -7.01709189999997 ], [ -40.1706588, -7.01659029999996 ], [ -40.1693887, -7.01571249999995 ], [ -40.1686768, -7.01515109999997 ], [ -40.1676653, -7.01463479999995 ], [ -40.167174499999902, -7.01489159999994 ], [ -40.166064499999898, -7.01496609999998 ], [ -40.164457599999899, -7.01454659999996 ], [ -40.162225099999901, -7.01457729999993 ], [ -40.1613755, -7.01471209999994 ], [ -40.1604270999999, -7.01470729999994 ], [ -40.1595149, -7.01484589999995 ], [ -40.1588925, -7.01496709999998 ], [ -40.157224, -7.01517739999997 ], [ -40.1559665, -7.01511069999998 ], [ -40.1548278, -7.01441239999997 ], [ -40.154173, -7.01401739999994 ], [ -40.1536988, -7.01363809999998 ], [ -40.153143699999902, -7.01326079999995 ], [ -40.1526363, -7.01291739999994 ], [ -40.152091799999901, -7.01269589999993 ], [ -40.1512546, -7.012045 ], [ -40.1507223, -7.01145139999994 ], [ -40.148948399999902, -7.00923649999993 ], [ -40.1481739, -7.00862229999996 ], [ -40.147151999999899, -7.008206 ], [ -40.1461226, -7.00802749999997 ], [ -40.145083199999902, -7.00818529999998 ], [ -40.1442061, -7.00772619999998 ], [ -40.1433933, -7.00737879999997 ], [ -40.1425487, -7.00722049999996 ], [ -40.1418977, -7.00661689999993 ], [ -40.141157899999897, -7.00557379999998 ], [ -40.1400264, -7.004665 ], [ -40.1391576, -7.00441459999996 ], [ -40.1383451, -7.00414739999997 ], [ -40.1375361, -7.003514 ], [ -40.136687, -7.00264029999994 ], [ -40.135638, -7.00187649999998 ], [ -40.134625099999901, -7.00123459999998 ], [ -40.133879, -7.00096359999998 ], [ -40.1331926, -7.00097089999997 ], [ -40.132731099999901, -7.00119009999997 ], [ -40.132035899999899, -7.001406 ], [ -40.1309042, -7.00188549999996 ], [ -40.1301869, -7.00240949999994 ], [ -40.129856399999902, -7.00313889999995 ], [ -40.129523199999902, -7.00425819999998 ], [ -40.1291563, -7.00552889999994 ], [ -40.1284896, -7.006186 ], [ -40.127891, -7.00676179999994 ], [ -40.1273891, -7.00721349999998 ], [ -40.1267695, -7.008028 ], [ -40.1262263, -7.00921559999995 ], [ -40.1257937, -7.01008349999995 ], [ -40.125219199999897, -7.01098039999994 ], [ -40.1247109, -7.011903 ], [ -40.1242162, -7.01243349999993 ], [ -40.123467499999897, -7.01306169999998 ], [ -40.1228702, -7.01351059999996 ], [ -40.1220676, -7.01391159999997 ], [ -40.1213356, -7.014286 ], [ -40.120406699999897, -7.01492269999994 ], [ -40.120822, -7.01636189999994 ], [ -40.121480899999902, -7.01747669999997 ], [ -40.121759499999897, -7.01843439999993 ], [ -40.121748899999901, -7.01935329999998 ], [ -40.1217953, -7.02034489999994 ], [ -40.121940299999899, -7.021272 ], [ -40.1222966, -7.02207339999995 ], [ -40.1241519, -7.02133889999993 ], [ -40.1244902, -7.02009979999997 ], [ -40.1238592999999, -7.019192 ], [ -40.1234211, -7.01875029999997 ], [ -40.1230505, -7.01776379999995 ], [ -40.125522799999899, -7.01872129999998 ], [ -40.1265777, -7.01953479999997 ], [ -40.127261599999898, -7.01969829999996 ], [ -40.1281561, -7.019394 ], [ -40.1290164, -7.01983459999997 ], [ -40.129879899999899, -7.02035 ], [ -40.1304953, -7.02061979999996 ], [ -40.131276399999898, -7.020933 ], [ -40.13235, -7.02163629999995 ], [ -40.134396599999903, -7.02359359999997 ], [ -40.1351653, -7.02371139999997 ], [ -40.1360617, -7.02381689999993 ], [ -40.136781299999903, -7.02422789999997 ], [ -40.1377793, -7.02465019999994 ], [ -40.138634, -7.02525839999993 ], [ -40.139669899999902, -7.02606149999997 ], [ -40.140936199999899, -7.02641929999993 ], [ -40.1418482999999, -7.02693289999996 ], [ -40.1429623, -7.02690529999995 ], [ -40.143759, -7.02745939999994 ], [ -40.1441378, -7.02806859999993 ], [ -40.1439955, -7.02866119999993 ], [ -40.143361899999903, -7.02910549999996 ], [ -40.1428442, -7.02960929999995 ], [ -40.143868499999897, -7.03059389999993 ], [ -40.1447082, -7.03114219999998 ], [ -40.1461873, -7.032008 ], [ -40.147021799999898, -7.03205779999996 ], [ -40.147752399999902, -7.03211579999993 ], [ -40.1487352, -7.03242449999993 ], [ -40.1501971, -7.03277989999998 ], [ -40.1515992, -7.03314139999998 ], [ -40.152558499999898, -7.03364749999997 ], [ -40.153388699999901, -7.03424249999995 ], [ -40.1540512, -7.03431379999995 ], [ -40.1551759, -7.03484689999993 ], [ -40.1556778, -7.03428189999994 ], [ -40.1564693, -7.03472659999994 ], [ -40.157448299999899, -7.035119 ], [ -40.158931499999902, -7.035585 ], [ -40.159604, -7.03630119999997 ], [ -40.1603981, -7.03658339999993 ], [ -40.161033, -7.03665359999997 ], [ -40.1619075, -7.03677109999995 ], [ -40.1627227, -7.03709209999994 ], [ -40.1642211, -7.03768659999997 ], [ -40.1648508, -7.038056 ], [ -40.165624299999898, -7.03847279999997 ], [ -40.166499299999899, -7.03878169999996 ], [ -40.167290299999898, -7.039013 ], [ -40.1675561, -7.03970629999998 ], [ -40.1670013, -7.040276 ], [ -40.1668548, -7.04109 ], [ -40.167065299999898, -7.04194369999993 ], [ -40.167051, -7.04254819999994 ], [ -40.166071799999898, -7.04308459999993 ], [ -40.1651649, -7.04326359999993 ], [ -40.165879899999901, -7.04489719999998 ], [ -40.1651902, -7.04555659999994 ], [ -40.1649667, -7.04611979999993 ], [ -40.164900499999902, -7.04670639999995 ], [ -40.1647063, -7.04736749999995 ], [ -40.1649464, -7.04804379999996 ], [ -40.1658206, -7.04849389999993 ], [ -40.166737, -7.05002189999993 ], [ -40.1665667, -7.05090289999993 ], [ -40.1665143, -7.05203429999995 ], [ -40.1668453999999, -7.05309579999994 ], [ -40.168050999999899, -7.05442159999996 ], [ -40.168355899999902, -7.05565559999997 ], [ -40.1683872999999, -7.05668919999994 ], [ -40.1682145, -7.05783549999995 ], [ -40.1685806999999, -7.05909359999993 ], [ -40.1693136, -7.06002139999993 ], [ -40.170341, -7.06102179999993 ], [ -40.171276599999899, -7.06264559999994 ], [ -40.1719118, -7.06375869999994 ], [ -40.1735672, -7.06483129999998 ], [ -40.1746022, -7.06488609999997 ], [ -40.1751687, -7.06553529999996 ], [ -40.1761023, -7.067036 ], [ -40.177481999999898, -7.06797119999993 ], [ -40.176998399999903, -7.06905089999998 ], [ -40.177424899999899, -7.07003339999994 ], [ -40.1766691999999, -7.07050559999993 ], [ -40.1760297, -7.07053459999997 ], [ -40.175724499999902, -7.07110729999994 ], [ -40.175440099999904, -7.07229249999995 ], [ -40.175251699999897, -7.07287739999992 ], [ -40.1756586, -7.07345489999994 ], [ -40.1763697, -7.07402449999995 ], [ -40.176524, -7.07465159999998 ], [ -40.1760277, -7.07542569999993 ], [ -40.1761794, -7.07633409999994 ], [ -40.1757246, -7.07682869999996 ], [ -40.174820899999901, -7.07654389999993 ], [ -40.174302, -7.07691849999998 ], [ -40.1744042999999, -7.077593 ], [ -40.1768384, -7.07962559999993 ], [ -40.182985, -7.08508319999993 ], [ -40.184635399999898, -7.08542079999995 ], [ -40.1859343, -7.08457819999995 ], [ -40.187179899999897, -7.08452349999993 ], [ -40.188700299999901, -7.08603989999995 ], [ -40.1898876999999, -7.08729059999996 ], [ -40.191529199999898, -7.08858139999995 ], [ -40.193024299999898, -7.08957719999995 ], [ -40.194135, -7.08876429999998 ], [ -40.1949139, -7.08888319999994 ], [ -40.1958781, -7.08936879999993 ], [ -40.1971328, -7.09024459999995 ], [ -40.1980227, -7.09090879999997 ], [ -40.198662399999897, -7.09142419999995 ], [ -40.1994106, -7.09141449999993 ], [ -40.2001928, -7.09170529999994 ], [ -40.201002, -7.09169919999994 ], [ -40.2021660999999, -7.09213079999995 ], [ -40.2032887, -7.09270929999997 ], [ -40.2034783, -7.09377129999996 ], [ -40.2047454, -7.09467249999994 ], [ -40.205772599999896, -7.09448319999996 ], [ -40.2067292999999, -7.09453069999995 ], [ -40.2076772, -7.09457869999994 ], [ -40.207995099999899, -7.09535649999998 ], [ -40.2086515, -7.09599249999997 ], [ -40.209016, -7.09672919999997 ], [ -40.2106214, -7.09922279999995 ], [ -40.211450699999901, -7.09941209999994 ], [ -40.2110213, -7.09825269999993 ], [ -40.211297499999901, -7.09750939999998 ], [ -40.2120024, -7.09708529999995 ], [ -40.213360099999903, -7.09672229999995 ], [ -40.2140123, -7.09660669999994 ], [ -40.214034899999902, -7.09782839999997 ], [ -40.2148979, -7.09854639999998 ], [ -40.215723599999897, -7.09825239999998 ], [ -40.2156299, -7.09906619999998 ], [ -40.216054799999903, -7.09940959999994 ], [ -40.2168758, -7.10006789999994 ], [ -40.217251099999899, -7.10067709999993 ], [ -40.216891299999901, -7.101584 ], [ -40.217757499999898, -7.10196939999997 ], [ -40.219087499999901, -7.10213669999996 ], [ -40.2198288, -7.10257989999997 ], [ -40.2196921, -7.103401 ], [ -40.220019799999903, -7.10415149999994 ], [ -40.220767099999897, -7.10412079999998 ], [ -40.2217292999999, -7.10381679999995 ], [ -40.2227495, -7.10369919999994 ], [ -40.2236758, -7.10431169999993 ], [ -40.224333699999903, -7.10488669999995 ], [ -40.2253451, -7.10552829999995 ], [ -40.2249198, -7.10639269999996 ], [ -40.225301699999903, -7.10679359999995 ], [ -40.2261313, -7.10707379999997 ], [ -40.2268498, -7.106769 ], [ -40.227631099999897, -7.10714639999998 ], [ -40.227954, -7.107873 ], [ -40.2282006, -7.108729 ], [ -40.2273254, -7.11012309999995 ], [ -40.2279280999999, -7.11074929999995 ], [ -40.2285113, -7.11062429999993 ], [ -40.2288176, -7.10946759999996 ], [ -40.229707699999899, -7.10975389999993 ], [ -40.230294399999899, -7.11065279999997 ], [ -40.2312805, -7.11098159999995 ], [ -40.2320723999999, -7.111687 ], [ -40.232566399999897, -7.11102869999996 ], [ -40.233058099999901, -7.11031929999996 ], [ -40.233640799999897, -7.11052589999997 ], [ -40.234523, -7.11121629999997 ], [ -40.2355183, -7.11120289999997 ], [ -40.2363665, -7.111294 ], [ -40.2370708999999, -7.11131359999996 ], [ -40.237589399999898, -7.11171419999994 ], [ -40.238380199999902, -7.11183409999995 ], [ -40.239440199999898, -7.11226439999996 ], [ -40.2399781, -7.11277029999997 ], [ -40.240066399999897, -7.113531 ], [ -40.240475699999898, -7.11430039999993 ], [ -40.2404304, -7.11526719999995 ], [ -40.240283, -7.11657409999998 ], [ -40.240441, -7.11784879999993 ], [ -40.2409809, -7.11892979999993 ], [ -40.2409241, -7.11994839999994 ], [ -40.2412044, -7.12112249999996 ], [ -40.2412037, -7.12115549999993 ], [ -40.2411883, -7.12183359999995 ], [ -40.2410103, -7.12245859999996 ], [ -40.2407923, -7.12336679999993 ], [ -40.240817, -7.12423779999995 ], [ -40.2412186, -7.12509609999995 ], [ -40.2415568, -7.12611819999995 ], [ -40.241881099999901, -7.12717319999996 ], [ -40.2421798, -7.12794829999996 ], [ -40.246566399999899, -7.13162019999993 ], [ -40.248930099999903, -7.13400279999996 ], [ -40.2490286, -7.13410209999995 ], [ -40.255944999999898, -7.13907789999996 ], [ -40.2595681, -7.14332139999993 ], [ -40.2596096, -7.14336969999994 ], [ -40.2614703, -7.14554929999997 ], [ -40.262585699999903, -7.14827059999993 ], [ -40.2613711, -7.15372049999996 ], [ -40.261868299999897, -7.15567979999997 ], [ -40.26199, -7.16262379999995 ], [ -40.2641234, -7.16917189999998 ], [ -40.2675671, -7.17313089999993 ], [ -40.268629099999899, -7.17471479999995 ], [ -40.2686899, -7.17827409999995 ], [ -40.2686911, -7.17834169999998 ], [ -40.2684118, -7.17939439999998 ], [ -40.267074799999897, -7.184434 ], [ -40.2662442, -7.18643539999994 ], [ -40.2648836, -7.18817879999995 ], [ -40.263865699999897, -7.18915789999994 ], [ -40.2633642, -7.19016279999994 ], [ -40.2623634, -7.19216859999995 ], [ -40.2622954, -7.19358059999996 ], [ -40.2624304, -7.19474069999995 ], [ -40.2623732, -7.19565479999994 ], [ -40.262371, -7.19569019999994 ], [ -40.262329099999903, -7.196361 ], [ -40.262327099999901, -7.196392 ], [ -40.259804899999899, -7.19836109999994 ], [ -40.2576263999999, -7.19903709999994 ], [ -40.257241399999899, -7.19910219999997 ], [ -40.257217399999902, -7.19910629999993 ], [ -40.2559021, -7.199329 ], [ -40.2545373, -7.19965579999996 ], [ -40.253136599999898, -7.20000649999997 ], [ -40.252223199999897, -7.20023039999995 ], [ -40.2514523, -7.20219219999996 ], [ -40.2512993, -7.20371639999996 ], [ -40.251370199999897, -7.20806819999996 ], [ -40.2508948, -7.21212239999994 ], [ -40.2509123, -7.21850879999994 ], [ -40.2490994, -7.22282969999998 ], [ -40.2488638, -7.22563289999994 ], [ -40.2495165999999, -7.22729119999997 ], [ -40.2508652, -7.229757 ], [ -40.2530136, -7.23257919999998 ], [ -40.253039199999897, -7.23261279999997 ], [ -40.2553723, -7.23522829999996 ], [ -40.256672099999903, -7.23668539999994 ], [ -40.266758, -7.24844979999995 ], [ -40.2614813, -7.26427049999995 ], [ -40.247857699999898, -7.30511689999997 ], [ -40.244113899999903, -7.31634169999995 ], [ -40.2475334, -7.31371859999996 ], [ -40.2556958, -7.30619929999995 ], [ -40.259230499999902, -7.30340569999993 ], [ -40.2601637, -7.30266819999997 ], [ -40.262973499999902, -7.30103379999997 ], [ -40.2629956, -7.30102089999997 ], [ -40.2680445, -7.30080089999996 ], [ -40.2789686, -7.29939549999995 ], [ -40.279003192999902, -7.29939039999994 ], [ -40.283880815, -7.29917449499993 ], [ -40.293899404999898, -7.29999988999998 ], [ -40.296544495, -7.30095149499994 ], [ -40.30083609, -7.30072538999997 ], [ -40.303549205, -7.30089968999994 ], [ -40.303566799999899, -7.30090091999995 ], [ -40.30358439, -7.300902 ], [ -40.30876079, -7.30123458999998 ], [ -40.3107408, -7.30069741999995 ], [ -40.31702159, -7.30355797999994 ], [ -40.31814459, -7.30339937999997 ], [ -40.31856319, -7.30334039999997 ], [ -40.321431409999903, -7.30589189999995 ], [ -40.325523599999897, -7.31227779999995 ], [ -40.32652071, -7.31483491999995 ], [ -40.329394379999897, -7.31855787999996 ], [ -40.337982419999904, -7.323774 ], [ -40.33801539, -7.32379411999995 ] ] ] ] } },
{ "type": "Feature", "properties": { "CD_MUN": "2312106", "NM_MUN": "Santana do Cariri", "CD_RGI": "230011", "NM_RGI": "Juazeiro do Norte", "CD_RGINT": "2304", "NM_RGINT": "Juazeiro do Norte", "CD_UF": "23", "NM_UF": "Ceará", "SIGLA_UF": "CE", "CD_REGIAO": "2", "NM_REGIAO": "Nordeste", "SIGLA_RG": "NE", "CD_CONCURB": null, "NM_CONCURB": null, "AREA_KM2": 855.159 }, "geometry": { "type": "MultiPolygon", "coordinates": [ [ [ [ -39.5999676, -7.34754219999996 ], [ -39.6000293, -7.39756909999994 ], [ -39.6000299, -7.39809569999994 ], [ -39.6000660999999, -7.42793149999994 ], [ -39.6000662, -7.42802769999997 ], [ -39.6055095, -7.42409219999996 ], [ -39.605524199999898, -7.42408159999997 ], [ -39.6086882, -7.42372659999995 ], [ -39.6155471, -7.42564679999998 ], [ -39.623284, -7.42686449999997 ], [ -39.626608, -7.42703439999997 ], [ -39.6266246, -7.42703519999998 ], [ -39.6289072, -7.42562849999996 ], [ -39.6301324, -7.42194159999997 ], [ -39.6313539, -7.41527149999996 ], [ -39.634155, -7.40684509999994 ], [ -39.6381138, -7.39884649999993 ], [ -39.639297, -7.39645589999998 ], [ -39.6394228, -7.39620179999997 ], [ -39.6396192999999, -7.39580479999995 ], [ -39.643894799999899, -7.38534169999997 ], [ -39.645718299999899, -7.38087809999996 ], [ -39.653088399999902, -7.37226219999997 ], [ -39.6713483999999, -7.35853719999994 ], [ -39.684869999999897, -7.350438 ], [ -39.697512, -7.34216559999993 ], [ -39.7061853, -7.337763 ], [ -39.7154465, -7.33493929999997 ], [ -39.715496899999899, -7.33492449999994 ], [ -39.7276213, -7.33122949999995 ], [ -39.7360522, -7.32840559999994 ], [ -39.741322099999898, -7.32681659999997 ], [ -39.7415821, -7.32681229999997 ], [ -39.7418546, -7.32680779999993 ], [ -39.7530454, -7.32662219999997 ], [ -39.760426799999898, -7.32625819999993 ], [ -39.7700897, -7.32734089999997 ], [ -39.7702274, -7.32735639999993 ], [ -39.7712644, -7.32747259999996 ], [ -39.776245399999901, -7.32803079999996 ], [ -39.777589299999903, -7.32859 ], [ -39.7803663, -7.32974529999996 ], [ -39.789227, -7.33199509999997 ], [ -39.7941362, -7.33208329999997 ], [ -39.797007, -7.33180369999997 ], [ -39.8007686, -7.33044679999995 ], [ -39.8008052, -7.33043349999997 ], [ -39.8037231, -7.33012 ], [ -39.8064623, -7.33040229999995 ], [ -39.8120155, -7.33015039999998 ], [ -39.8153339, -7.32870879999996 ], [ -39.8153675, -7.32869419999997 ], [ -39.8183341, -7.32914409999995 ], [ -39.824091, -7.33183149999996 ], [ -39.828695799999899, -7.33237019999996 ], [ -39.8398048, -7.329144 ], [ -39.8398349, -7.32913519999994 ], [ -39.848110399999896, -7.32510789999998 ], [ -39.8481391, -7.325094 ], [ -39.8514481, -7.32520989999995 ], [ -39.8576968, -7.32542869999997 ], [ -39.8639532, -7.32769209999998 ], [ -39.866611, -7.32915279999997 ], [ -39.874831599999901, -7.33246949999995 ], [ -39.883503899999901, -7.33805619999993 ], [ -39.8862817, -7.33931 ], [ -39.889434299999898, -7.33973489999994 ], [ -39.8894314, -7.33828029999995 ], [ -39.8893954, -7.32046059999993 ], [ -39.8892769, -7.26176049999998 ], [ -39.8891796, -7.21354789999998 ], [ -39.8891067, -7.17751209999994 ], [ -39.8890359, -7.14236829999993 ], [ -39.8885094, -7.13946069999997 ], [ -39.8896488, -7.13516989999994 ], [ -39.8896351, -7.12810979999995 ], [ -39.8919824, -7.12535409999998 ], [ -39.8940276, -7.12387819999998 ], [ -39.8942704, -7.12162419999993 ], [ -39.8936312, -7.11749859999998 ], [ -39.895289299999902, -7.11440029999994 ], [ -39.8958898, -7.111996 ], [ -39.8971678999999, -7.10677369999996 ], [ -39.8985944, -7.10270139999994 ], [ -39.8985901, -7.10048029999996 ], [ -39.898084099999899, -7.09951039999993 ], [ -39.897337, -7.09695159999995 ], [ -39.8962539, -7.09472959999994 ], [ -39.8945022999999, -7.09261549999997 ], [ -39.8941972, -7.09249169999993 ], [ -39.888962999999897, -7.09036759999998 ], [ -39.8835754, -7.08981259999996 ], [ -39.8829904, -7.088826 ], [ -39.8829888, -7.08698989999994 ], [ -39.887486899999899, -7.07935829999997 ], [ -39.886896799999903, -7.07568989999993 ], [ -39.8893573, -7.07357589999998 ], [ -39.8905277, -7.07060069999994 ], [ -39.8903751, -7.06749589999993 ], [ -39.8881992, -7.06497019999995 ], [ -39.889289899999902, -7.06046 ], [ -39.889857699999901, -7.05320739999996 ], [ -39.888995399999899, -7.053964 ], [ -39.880901999999899, -7.06106559999995 ], [ -39.8733751, -7.06767009999993 ], [ -39.872682499999897, -7.06658759999993 ], [ -39.863775299999901, -7.05266689999996 ], [ -39.8621694, -7.05211909999997 ], [ -39.8595275, -7.050897 ], [ -39.857466499999902, -7.05092849999994 ], [ -39.856494199999901, -7.05107859999993 ], [ -39.8556943, -7.05116149999998 ], [ -39.8541615, -7.05136529999993 ], [ -39.8526557, -7.05058309999993 ], [ -39.851998099999904, -7.04987589999996 ], [ -39.8511682, -7.04932219999995 ], [ -39.8504419, -7.04868959999993 ], [ -39.8497277, -7.04836879999993 ], [ -39.8484301, -7.04797269999995 ], [ -39.8466124999999, -7.04731569999996 ], [ -39.8455749, -7.04727869999994 ], [ -39.844383999999899, -7.04683939999995 ], [ -39.843269899999903, -7.04628519999994 ], [ -39.8400293, -7.04528479999993 ], [ -39.8380461, -7.04487539999997 ], [ -39.83605, -7.04453429999995 ], [ -39.8342069, -7.04465249999993 ], [ -39.8322109, -7.04488579999997 ], [ -39.8312511, -7.04481059999995 ], [ -39.8304449, -7.04458319999998 ], [ -39.829464899999898, -7.04408609999996 ], [ -39.8281732, -7.04342569999994 ], [ -39.8268729, -7.04286919999993 ], [ -39.826003399999898, -7.04241759999996 ], [ -39.8253745, -7.04244739999996 ], [ -39.824367, -7.04225059999993 ], [ -39.823840699999899, -7.04126789999998 ], [ -39.823211899999897, -7.04063239999994 ], [ -39.8226362999999, -7.04025049999996 ], [ -39.8220347, -7.04001949999997 ], [ -39.821452099999902, -7.03974049999994 ], [ -39.820804399999901, -7.03990929999998 ], [ -39.819991, -7.03981479999993 ], [ -39.818339099999903, -7.03937559999997 ], [ -39.817512, -7.039042 ], [ -39.8164631, -7.03879759999995 ], [ -39.814678399999899, -7.038731 ], [ -39.8140021, -7.03874369999994 ], [ -39.8130811999999, -7.03864939999994 ], [ -39.811928899999899, -7.03825789999996 ], [ -39.8103785, -7.03731779999993 ], [ -39.8096997, -7.03710129999996 ], [ -39.8083177, -7.03741029999998 ], [ -39.8074356, -7.037259 ], [ -39.8053982, -7.03628429999998 ], [ -39.8046155, -7.03617519999995 ], [ -39.8036089, -7.03585139999996 ], [ -39.801336, -7.034508 ], [ -39.7999651, -7.03426859999996 ], [ -39.7987863, -7.03406749999994 ], [ -39.797702899999898, -7.03376509999993 ], [ -39.796748799999897, -7.03334069999994 ], [ -39.795123799999899, -7.03278349999994 ], [ -39.794301899999901, -7.03216589999994 ], [ -39.7942591, -7.03140649999995 ], [ -39.7943916, -7.03046809999995 ], [ -39.7943361, -7.02972469999997 ], [ -39.7906345, -7.02978519999994 ], [ -39.788804899999903, -7.03009469999995 ], [ -39.7843644, -7.03209509999994 ], [ -39.7844858, -7.03285479999994 ], [ -39.7858117, -7.03325279999996 ], [ -39.7876143, -7.03338979999995 ], [ -39.7896693, -7.03383949999994 ], [ -39.7904402, -7.03661959999994 ], [ -39.7905026, -7.03802959999996 ], [ -39.7905656, -7.03972459999994 ], [ -39.790748199999904, -7.04110779999996 ], [ -39.790664999999898, -7.04331439999993 ], [ -39.7895809, -7.04463119999997 ], [ -39.78848, -7.04595369999993 ], [ -39.786267699999897, -7.04771509999995 ], [ -39.784155499999898, -7.05067149999996 ], [ -39.785009199999898, -7.05704509999993 ], [ -39.7834409, -7.058579 ], [ -39.7834401, -7.06026869999994 ], [ -39.7828625, -7.06083679999995 ], [ -39.7806758, -7.05971159999996 ], [ -39.7784904, -7.059291 ], [ -39.772531, -7.06098239999994 ], [ -39.771794199999903, -7.06057119999997 ], [ -39.770038999999898, -7.05535229999998 ], [ -39.7682887, -7.05252949999993 ], [ -39.764349, -7.04844569999995 ], [ -39.7643439, -7.04646839999998 ], [ -39.765363799999903, -7.045621 ], [ -39.767984199999901, -7.04519249999993 ], [ -39.768126299999899, -7.04349629999996 ], [ -39.7672507, -7.04236979999996 ], [ -39.7672486, -7.04109989999995 ], [ -39.768265299999896, -7.03997029999994 ], [ -39.7682637, -7.03897979999994 ], [ -39.7665145, -7.03785389999996 ], [ -39.7662864, -7.03491759999997 ], [ -39.7653756999999, -7.03386349999994 ], [ -39.763923, -7.03357919999996 ], [ -39.7629884, -7.03396059999994 ], [ -39.7605866, -7.03575619999998 ], [ -39.7597347, -7.03572259999993 ], [ -39.759242599999901, -7.03442369999993 ], [ -39.758259399999901, -7.03416879999997 ], [ -39.7571174999999, -7.03308279999993 ], [ -39.7551429, -7.02884079999995 ], [ -39.7542667, -7.02784989999998 ], [ -39.7474521, -7.02248019999996 ], [ -39.747714899999899, -7.02512819999993 ], [ -39.748697999999898, -7.02720149999993 ], [ -39.7491181, -7.02852029999997 ], [ -39.7509489, -7.03100479999995 ], [ -39.7517314, -7.03298469999993 ], [ -39.751799199999901, -7.03451619999993 ], [ -39.751801699999902, -7.03457339999994 ], [ -39.753012, -7.03620169999994 ], [ -39.753055399999901, -7.03753879999994 ], [ -39.754158, -7.03921769999994 ], [ -39.754484799999901, -7.040496 ], [ -39.7553373, -7.04190929999993 ], [ -39.756129799999897, -7.04259489999993 ], [ -39.7569176, -7.04384059999995 ], [ -39.757413, -7.04502429999997 ], [ -39.7569219, -7.04648019999996 ], [ -39.756294099999899, -7.04763319999995 ], [ -39.7567246999999, -7.04900769999995 ], [ -39.7566191, -7.05080989999993 ], [ -39.756068899999903, -7.05227309999998 ], [ -39.755198499999899, -7.05327009999996 ], [ -39.7546111, -7.05416389999993 ], [ -39.754803299999899, -7.05510269999996 ], [ -39.7548801, -7.05632819999994 ], [ -39.7544268, -7.05897669999996 ], [ -39.754691599999902, -7.05979959999996 ], [ -39.754118199999901, -7.06071949999995 ], [ -39.7524526, -7.06179909999997 ], [ -39.751548699999901, -7.06283449999995 ], [ -39.751032199999898, -7.063424 ], [ -39.750185799999898, -7.064409 ], [ -39.749490799999897, -7.06573119999996 ], [ -39.7486671999999, -7.06636079999993 ], [ -39.7492946, -7.06693249999995 ], [ -39.7490131, -7.06807969999994 ], [ -39.7486405, -7.06879819999995 ], [ -39.7480614, -7.07005669999995 ], [ -39.747364699999899, -7.06999049999996 ], [ -39.746706199999899, -7.06964369999997 ], [ -39.7458596, -7.06958449999996 ], [ -39.7454665, -7.07043789999994 ], [ -39.745268399999901, -7.07142339999996 ], [ -39.745649899999897, -7.07213389999993 ], [ -39.7459211, -7.07304569999997 ], [ -39.746873799999896, -7.07356349999998 ], [ -39.7467928, -7.07435579999998 ], [ -39.7485589, -7.07526189999993 ], [ -39.748652299999897, -7.07613339999995 ], [ -39.7492579, -7.07729789999996 ], [ -39.7492994999999, -7.07807959999997 ], [ -39.7487826, -7.07893559999997 ], [ -39.749279, -7.07927349999994 ], [ -39.749719599999899, -7.07950159999996 ], [ -39.7495139, -7.08008679999995 ], [ -39.7491613, -7.080554 ], [ -39.748483, -7.08084629999996 ], [ -39.747794499999898, -7.08047489999996 ], [ -39.7470225, -7.08042339999997 ], [ -39.7465237, -7.08129659999997 ], [ -39.7465185, -7.082553 ], [ -39.746172199999897, -7.08384 ], [ -39.745956099999901, -7.08496979999995 ], [ -39.7458592, -7.08517089999998 ], [ -39.7455785, -7.085753 ], [ -39.745307, -7.08671909999993 ], [ -39.7452512999999, -7.08786979999996 ], [ -39.7449976999999, -7.08884119999993 ], [ -39.744700899999899, -7.089716 ], [ -39.744725399999901, -7.09042719999997 ], [ -39.7443221999999, -7.09109669999998 ], [ -39.7436398, -7.09133829999996 ], [ -39.7431361, -7.09148479999993 ], [ -39.742867499999903, -7.09156289999993 ], [ -39.7425908, -7.09216309999994 ], [ -39.742129299999903, -7.09310089999997 ], [ -39.742038, -7.09323829999994 ], [ -39.7414267999999, -7.094159 ], [ -39.7400479, -7.09624139999994 ], [ -39.739743, -7.09669579999996 ], [ -39.7350163999999, -7.10381519999993 ], [ -39.7344598, -7.10465339999996 ], [ -39.715143199999901, -7.13375009999993 ], [ -39.711063599999903, -7.13989349999997 ], [ -39.710699299999902, -7.14044409999997 ], [ -39.7065638, -7.14667339999994 ], [ -39.7037091, -7.15666329999993 ], [ -39.7030867, -7.15904009999997 ], [ -39.701039299999898, -7.15985689999997 ], [ -39.700477099999901, -7.16044409999995 ], [ -39.6994306, -7.16163629999994 ], [ -39.698515799999903, -7.16274449999997 ], [ -39.69787, -7.16357119999998 ], [ -39.696781799999897, -7.16487709999996 ], [ -39.696387199999897, -7.16542219999997 ], [ -39.6956936, -7.16626689999993 ], [ -39.694414299999899, -7.16798 ], [ -39.693661899999903, -7.16959649999995 ], [ -39.6932078, -7.170375 ], [ -39.689279999999897, -7.17164929999996 ], [ -39.6848494, -7.17325939999995 ], [ -39.6820352, -7.174185 ], [ -39.6802031, -7.17482189999993 ], [ -39.678634299999899, -7.17535079999993 ], [ -39.6775446, -7.17573529999993 ], [ -39.675365199999902, -7.17654019999998 ], [ -39.6733176, -7.17729709999998 ], [ -39.670419599999903, -7.17829449999994 ], [ -39.66952, -7.17866139999995 ], [ -39.6685242, -7.17913759999993 ], [ -39.6660128, -7.17990439999994 ], [ -39.6638033, -7.18064949999996 ], [ -39.6616175999999, -7.18153529999995 ], [ -39.660264599999898, -7.18182729999995 ], [ -39.6589878999999, -7.182233 ], [ -39.6564443, -7.18304139999998 ], [ -39.6526721, -7.18441089999993 ], [ -39.6495823999999, -7.18550419999997 ], [ -39.645451, -7.18707169999993 ], [ -39.643702699999899, -7.18776219999995 ], [ -39.6405892, -7.189011 ], [ -39.6393752, -7.18951089999996 ], [ -39.631404599999897, -7.19279309999996 ], [ -39.630686099999899, -7.19314119999996 ], [ -39.629512599999899, -7.19360949999998 ], [ -39.6280398, -7.19430549999993 ], [ -39.6271058, -7.19474959999997 ], [ -39.625609499999896, -7.19578069999994 ], [ -39.6255404, -7.19583039999998 ], [ -39.6242928, -7.19672779999996 ], [ -39.6235986, -7.19723139999996 ], [ -39.6224349, -7.19810539999997 ], [ -39.6209532, -7.19914959999994 ], [ -39.6188943, -7.20066009999994 ], [ -39.6134005, -7.20499929999994 ], [ -39.6129276, -7.205335 ], [ -39.6109946999999, -7.206965 ], [ -39.6088177, -7.20876079999994 ], [ -39.607158599999899, -7.21012919999993 ], [ -39.606655799999899, -7.21011639999995 ], [ -39.603460299999902, -7.21003469999994 ], [ -39.6033116999999, -7.21001839999997 ], [ -39.6033035, -7.21001749999994 ], [ -39.603061399999902, -7.20999089999998 ], [ -39.602941799999897, -7.20997769999997 ], [ -39.6028415, -7.20996669999994 ], [ -39.6023215, -7.20990959999995 ], [ -39.6002708, -7.20968449999998 ], [ -39.6002333, -7.20968039999997 ], [ -39.6001803999999, -7.20967459999997 ], [ -39.600108299999903, -7.20966669999996 ], [ -39.6000361, -7.20965869999998 ], [ -39.5998015, -7.209633 ], [ -39.5998245, -7.22813769999993 ], [ -39.5998243, -7.22844049999998 ], [ -39.5998516, -7.25129669999995 ], [ -39.599959899999902, -7.34034779999996 ], [ -39.5999609, -7.34199069999994 ], [ -39.5999633, -7.34402819999997 ], [ -39.5999676, -7.34754219999996 ] ] ] ] } },
{ "type": "Feature", "properties": { "CD_MUN": "2303204", "NM_MUN": "Caririaçu", "CD_RGI": "230011", "NM_RGI": "Juazeiro do Norte", "CD_RGINT": "2304", "NM_RGINT": "Juazeiro do Norte", "CD_UF": "23", "NM_UF": "Ceará", "SIGLA_UF": "CE", "CD_REGIAO": "2", "NM_REGIAO": "Nordeste", "SIGLA_RG": "NE", "CD_CONCURB": null, "NM_CONCURB": null, "AREA_KM2": 634.179 }, "geometry": { "type": "MultiPolygon", "coordinates": [ [ [ [ -39.288312399999903, -7.10636089999997 ], [ -39.2896479, -7.10741909999996 ], [ -39.2927632, -7.11030549999998 ], [ -39.294704, -7.11040929999996 ], [ -39.329717699999897, -7.109023 ], [ -39.340161, -7.10860949999994 ], [ -39.337483099999901, -7.10261019999996 ], [ -39.3374792, -7.10260149999993 ], [ -39.3371137, -7.10178769999993 ], [ -39.3368321, -7.10061009999993 ], [ -39.3369858, -7.09954349999998 ], [ -39.3399744, -7.09808319999996 ], [ -39.343082, -7.09646079999993 ], [ -39.344681099999903, -7.09519679999994 ], [ -39.3451296, -7.094243 ], [ -39.344406, -7.09361449999994 ], [ -39.3436866, -7.09278939999996 ], [ -39.3434783, -7.09217219999994 ], [ -39.3445376, -7.09087659999994 ], [ -39.3463618, -7.09023029999997 ], [ -39.3477935, -7.09048159999998 ], [ -39.348860199999898, -7.09042469999997 ], [ -39.3494974, -7.08275709999998 ], [ -39.352039299999902, -7.08149489999994 ], [ -39.356804699999898, -7.07727949999997 ], [ -39.359346, -7.07466639999996 ], [ -39.359839, -7.07276049999996 ], [ -39.359625299999898, -7.07043169999997 ], [ -39.3587055, -7.068668 ], [ -39.3577862, -7.06732789999995 ], [ -39.3573458, -7.06604819999995 ], [ -39.3583364, -7.06614429999996 ], [ -39.3595442, -7.06593589999994 ], [ -39.3594899, -7.06508139999994 ], [ -39.360117499999902, -7.06492349999996 ], [ -39.3610001, -7.06535129999997 ], [ -39.361390599999901, -7.06609039999995 ], [ -39.362047699999898, -7.06631639999995 ], [ -39.3628732, -7.06588519999997 ], [ -39.3635868, -7.06623969999993 ], [ -39.3640933, -7.065811 ], [ -39.365069199999901, -7.06532859999993 ], [ -39.3637411999999, -7.06425679999995 ], [ -39.3631932, -7.06346879999995 ], [ -39.3626441, -7.06243309999996 ], [ -39.3613285, -7.06190129999993 ], [ -39.360538899999902, -7.06135419999993 ], [ -39.360331, -7.06041869999996 ], [ -39.3619267, -7.06070379999994 ], [ -39.3618532, -7.06006189999994 ], [ -39.3607562, -7.05950819999993 ], [ -39.35992, -7.05843369999997 ], [ -39.3608429, -7.05809159999995 ], [ -39.3615588, -7.05763869999993 ], [ -39.362172799999897, -7.05771149999993 ], [ -39.3629329, -7.05826539999993 ], [ -39.363809499999903, -7.05777539999997 ], [ -39.3639155, -7.05776329999998 ], [ -39.364641499999898, -7.05768019999994 ], [ -39.3657818, -7.05800039999997 ], [ -39.3666929, -7.05890069999998 ], [ -39.3669525, -7.06018139999998 ], [ -39.3662889, -7.06124409999995 ], [ -39.3671667999999, -7.06269959999997 ], [ -39.3678901, -7.06361849999996 ], [ -39.3691765, -7.06439089999998 ], [ -39.3704374, -7.06440479999998 ], [ -39.370652699999901, -7.06359459999993 ], [ -39.370110899999901, -7.06316439999995 ], [ -39.3673243, -7.06189659999995 ], [ -39.367910499999901, -7.06102259999994 ], [ -39.368129199999899, -7.06030439999995 ], [ -39.3686329, -7.05937719999997 ], [ -39.368738, -7.05861839999994 ], [ -39.369464299999898, -7.058567 ], [ -39.370224699999902, -7.05882869999994 ], [ -39.3723568999999, -7.05795139999998 ], [ -39.3736718, -7.05764409999995 ], [ -39.3752496, -7.05768669999998 ], [ -39.3769305, -7.05807929999997 ], [ -39.3778369, -7.05810749999995 ], [ -39.378522599999897, -7.05727519999994 ], [ -39.3790392, -7.05708479999993 ], [ -39.380276599999902, -7.05792329999997 ], [ -39.381942599999903, -7.05842489999998 ], [ -39.383871499999898, -7.05864309999993 ], [ -39.384661299999898, -7.058978 ], [ -39.3855535, -7.05973619999997 ], [ -39.385312999999897, -7.06090429999995 ], [ -39.3855622, -7.06164079999996 ], [ -39.386358099999903, -7.06164789999997 ], [ -39.3872193999999, -7.06023059999995 ], [ -39.3882022, -7.05898929999995 ], [ -39.3887976, -7.06017139999994 ], [ -39.3886524, -7.06134609999998 ], [ -39.3883021, -7.06212749999997 ], [ -39.388120399999899, -7.06295219999993 ], [ -39.3889525, -7.06238289999993 ], [ -39.3900849, -7.06231109999993 ], [ -39.3899676999999, -7.06148379999996 ], [ -39.389879199999903, -7.06066619999996 ], [ -39.3901195, -7.06001649999996 ], [ -39.3908574, -7.05992179999993 ], [ -39.3916173, -7.06015449999995 ], [ -39.392552599999902, -7.06021159999995 ], [ -39.3934583, -7.06000689999996 ], [ -39.394179699999903, -7.060488 ], [ -39.3931626, -7.06167589999995 ], [ -39.392978, -7.06221129999994 ], [ -39.393153799999901, -7.06285339999994 ], [ -39.3938775, -7.06311559999995 ], [ -39.394975499999902, -7.06288109999997 ], [ -39.3953905, -7.06363939999994 ], [ -39.395391399999902, -7.06463259999992 ], [ -39.3952972, -7.06564719999994 ], [ -39.395991299999899, -7.06625269999995 ], [ -39.3972335, -7.06606119999998 ], [ -39.3975689, -7.06552809999994 ], [ -39.3972912, -7.06474769999994 ], [ -39.396734299999899, -7.06363829999998 ], [ -39.396748499999902, -7.062821 ], [ -39.3965583, -7.06220829999995 ], [ -39.3955372, -7.06018 ], [ -39.3970823, -7.060325 ], [ -39.3981588, -7.06037239999995 ], [ -39.3993819, -7.06153919999997 ], [ -39.400238699999903, -7.06071619999994 ], [ -39.4014955, -7.06068619999996 ], [ -39.4022499, -7.06052509999995 ], [ -39.4028549, -7.06150929999995 ], [ -39.403628599999898, -7.060514 ], [ -39.404593, -7.06056679999995 ], [ -39.4052647, -7.06031749999994 ], [ -39.4063312, -7.05988389999993 ], [ -39.406573299999899, -7.060594 ], [ -39.4070708, -7.06180839999996 ], [ -39.4080418, -7.06135939999996 ], [ -39.409026099999899, -7.06149189999996 ], [ -39.4097232, -7.06228929999997 ], [ -39.410687799999899, -7.06264879999998 ], [ -39.4113159, -7.06226879999997 ], [ -39.4118932, -7.06231889999998 ], [ -39.412106, -7.06343539999995 ], [ -39.412333299999901, -7.06448679999994 ], [ -39.4130079, -7.06433509999994 ], [ -39.4129828, -7.06321529999997 ], [ -39.4128901999999, -7.06221239999996 ], [ -39.4137997, -7.06233889999993 ], [ -39.414846399999902, -7.06273239999996 ], [ -39.4150413, -7.06155 ], [ -39.4153568999999, -7.06074219999994 ], [ -39.4162674, -7.06067319999994 ], [ -39.417101, -7.06129509999994 ], [ -39.4183773, -7.06126229999995 ], [ -39.4187241999999, -7.06195549999995 ], [ -39.4193622, -7.06251939999993 ], [ -39.420163699999897, -7.06215869999994 ], [ -39.4203228, -7.06039189999996 ], [ -39.420978799999901, -7.05934789999998 ], [ -39.4223301, -7.05894139999998 ], [ -39.421790799999897, -7.06008389999994 ], [ -39.4217475, -7.06084289999995 ], [ -39.4221279, -7.061398 ], [ -39.4233116, -7.06169579999994 ], [ -39.424422499999899, -7.06254149999995 ], [ -39.425635499999899, -7.06272269999994 ], [ -39.427008999999899, -7.06253189999995 ], [ -39.4276814, -7.06219529999993 ], [ -39.4284696, -7.06167409999995 ], [ -39.428982, -7.06247859999996 ], [ -39.4285371, -7.06369789999997 ], [ -39.4274303, -7.06480369999997 ], [ -39.427801, -7.06562939999998 ], [ -39.428882299999898, -7.065333 ], [ -39.4295686, -7.06531749999994 ], [ -39.4305474, -7.06473269999998 ], [ -39.430911099999904, -7.06343289999995 ], [ -39.4313926, -7.06279069999994 ], [ -39.432006199999897, -7.06245449999994 ], [ -39.432671, -7.06257739999995 ], [ -39.4334397, -7.06348889999992 ], [ -39.4342505, -7.06395579999997 ], [ -39.4357552, -7.06372829999998 ], [ -39.436332799999903, -7.06360289999998 ], [ -39.437412799999898, -7.06294559999998 ], [ -39.4390781, -7.06257909999994 ], [ -39.440100899999898, -7.06221359999995 ], [ -39.441122999999898, -7.06206609999998 ], [ -39.4425479, -7.06171459999996 ], [ -39.4420876, -7.06232839999996 ], [ -39.441661699999898, -7.06337169999995 ], [ -39.441826299999903, -7.06368549999996 ], [ -39.442334, -7.06465349999996 ], [ -39.4431498, -7.06480859999994 ], [ -39.4439169, -7.06442789999994 ], [ -39.4453177, -7.06307649999997 ], [ -39.446297399999899, -7.06306839999996 ], [ -39.446741, -7.06376849999998 ], [ -39.4464163, -7.06522839999997 ], [ -39.4467235, -7.06596529999996 ], [ -39.4480619, -7.06581089999997 ], [ -39.449105599999903, -7.06598489999993 ], [ -39.4496892, -7.06525459999995 ], [ -39.4503025, -7.065079 ], [ -39.4506107999999, -7.06595389999995 ], [ -39.4511077, -7.06672769999994 ], [ -39.4519941, -7.06659509999997 ], [ -39.452511, -7.06739749999997 ], [ -39.4531054999999, -7.06765509999997 ], [ -39.454123099999897, -7.06688039999995 ], [ -39.4551188, -7.06694319999997 ], [ -39.4558201, -7.066279 ], [ -39.4554294, -7.06240589999993 ], [ -39.4548384, -7.05654609999993 ], [ -39.4523983999999, -7.01050249999997 ], [ -39.4523343, -7.00929089999994 ], [ -39.4356126, -6.96339379999995 ], [ -39.4226767, -6.96218109999995 ], [ -39.4193905, -6.95745929999993 ], [ -39.4193284, -6.95737009999993 ], [ -39.3990952999999, -6.928298 ], [ -39.3949686999999, -6.92236869999994 ], [ -39.392417599999902, -6.92228549999993 ], [ -39.3912043, -6.922246 ], [ -39.389926499999902, -6.92240589999994 ], [ -39.3889154, -6.92257819999998 ], [ -39.387804399999901, -6.92242049999993 ], [ -39.385963699999898, -6.92244849999997 ], [ -39.3835263, -6.92200959999997 ], [ -39.3816121999999, -6.92105289999995 ], [ -39.379918599999897, -6.92008279999993 ], [ -39.3791213, -6.91877809999994 ], [ -39.3779752, -6.91756269999996 ], [ -39.375800399999903, -6.91630589999994 ], [ -39.3746586, -6.91579889999997 ], [ -39.373201499999901, -6.915668 ], [ -39.3712773, -6.91560349999997 ], [ -39.3694464, -6.915788 ], [ -39.3677311, -6.91661959999993 ], [ -39.3656955, -6.91683649999993 ], [ -39.363491699999898, -6.91638349999994 ], [ -39.361982399999903, -6.91578629999998 ], [ -39.360641, -6.91557189999997 ], [ -39.3581257, -6.914784 ], [ -39.3562332, -6.91418709999994 ], [ -39.3551067, -6.91311089999994 ], [ -39.354459399999897, -6.91227369999996 ], [ -39.353309399999901, -6.91167619999993 ], [ -39.352447, -6.91138959999995 ], [ -39.3519886, -6.91113719999993 ], [ -39.3510292, -6.91060879999998 ], [ -39.3493086, -6.91009949999994 ], [ -39.3472484, -6.90940689999996 ], [ -39.3434386, -6.90694449999995 ], [ -39.3416177, -6.90601239999995 ], [ -39.3387916, -6.90581349999997 ], [ -39.3376994, -6.90645819999997 ], [ -39.3374808, -6.90722479999994 ], [ -39.336570799999897, -6.90738339999996 ], [ -39.335819199999897, -6.90799669999996 ], [ -39.3359586999999, -6.90879119999994 ], [ -39.3362140999999, -6.90934389999995 ], [ -39.3369438, -6.90984949999995 ], [ -39.337784699999901, -6.91030849999993 ], [ -39.338331299999901, -6.911001 ], [ -39.338590399999902, -6.91168289999996 ], [ -39.339029299999901, -6.91255139999993 ], [ -39.339417899999901, -6.91340559999998 ], [ -39.3392848, -6.91476029999995 ], [ -39.3394625, -6.91539439999997 ], [ -39.3395492, -6.91613389999998 ], [ -39.3396217, -6.91698829999996 ], [ -39.339036399999898, -6.91908769999998 ], [ -39.3389769, -6.91970289999995 ], [ -39.338926899999898, -6.92119239999994 ], [ -39.338473399999899, -6.92226649999998 ], [ -39.338067899999899, -6.92295129999997 ], [ -39.3378757999999, -6.92382029999993 ], [ -39.337709399999902, -6.92456149999992 ], [ -39.3379368, -6.925407 ], [ -39.3381623, -6.92596049999997 ], [ -39.3383689, -6.92679329999993 ], [ -39.3383886, -6.92758629999997 ], [ -39.3385774, -6.928646 ], [ -39.3389136, -6.92933789999995 ], [ -39.3396344, -6.92997329999997 ], [ -39.340207099999901, -6.93076029999997 ], [ -39.3403855, -6.93124189999997 ], [ -39.3408587, -6.93203939999995 ], [ -39.3414341, -6.93281919999993 ], [ -39.341921699999901, -6.93365339999997 ], [ -39.3426501, -6.93402779999997 ], [ -39.3434697, -6.93469579999993 ], [ -39.3443531, -6.93520569999993 ], [ -39.3452986, -6.935588 ], [ -39.346111699999902, -6.93602939999994 ], [ -39.346629199999903, -6.93626669999998 ], [ -39.347037, -6.93658549999998 ], [ -39.3462408, -6.93687079999995 ], [ -39.3453881, -6.93684989999997 ], [ -39.3447823999999, -6.93723439999997 ], [ -39.3448551, -6.93838679999993 ], [ -39.3451216999999, -6.93936789999998 ], [ -39.3457402, -6.94018839999995 ], [ -39.3461897, -6.94073729999997 ], [ -39.346832999999897, -6.94098459999998 ], [ -39.347881399999899, -6.94150379999996 ], [ -39.3475453, -6.942304 ], [ -39.3470105, -6.94300559999994 ], [ -39.346280299999897, -6.94368329999998 ], [ -39.346212, -6.94446849999997 ], [ -39.345615699999897, -6.94506969999998 ], [ -39.3443854, -6.94545559999995 ], [ -39.343322699999902, -6.94567569999998 ], [ -39.342809499999902, -6.945341 ], [ -39.3428034, -6.94458229999998 ], [ -39.3419564, -6.94424669999995 ], [ -39.3414435, -6.94422109999994 ], [ -39.3405648, -6.94497919999998 ], [ -39.3403336, -6.94614609999996 ], [ -39.3404067, -6.94749919999998 ], [ -39.339913, -6.94836779999997 ], [ -39.3394438, -6.94904119999995 ], [ -39.3396165, -6.95021289999994 ], [ -39.3390942, -6.951729 ], [ -39.338724899999903, -6.952566 ], [ -39.3381185, -6.95300919999994 ], [ -39.3372328, -6.95384149999995 ], [ -39.3369163, -6.95494119999995 ], [ -39.336685499999902, -6.95599 ], [ -39.336660499999901, -6.95735219999995 ], [ -39.336577599999899, -6.95861379999997 ], [ -39.337108, -6.95961049999994 ], [ -39.337435099999901, -6.96031309999995 ], [ -39.3376775, -6.96104049999997 ], [ -39.3371845, -6.96160569999995 ], [ -39.336509, -6.96157749999998 ], [ -39.3359341, -6.961597 ], [ -39.3349573, -6.96213019999993 ], [ -39.3338204, -6.96257109999993 ], [ -39.3331223, -6.96351849999996 ], [ -39.3319274, -6.96467479999995 ], [ -39.331167, -6.96465129999996 ], [ -39.3306097, -6.96563079999993 ], [ -39.330296599999897, -6.96629919999998 ], [ -39.3298425, -6.96676979999995 ], [ -39.32919, -6.96745959999993 ], [ -39.329725799999899, -6.96822389999994 ], [ -39.3298255, -6.96916989999994 ], [ -39.3299456, -6.97045489999994 ], [ -39.3300737, -6.971128 ], [ -39.3301569, -6.972047 ], [ -39.3300748, -6.97279739999993 ], [ -39.329870099999901, -6.97382519999996 ], [ -39.3298318, -6.97430819999994 ], [ -39.329667, -6.97492689999996 ], [ -39.3303696, -6.97557879999994 ], [ -39.3309283, -6.97622169999994 ], [ -39.3317478, -6.97740629999993 ], [ -39.3316215, -6.97825689999996 ], [ -39.331541, -6.97923979999996 ], [ -39.3312753, -6.97992689999995 ], [ -39.3311825, -6.98073829999993 ], [ -39.330842699999899, -6.98120769999997 ], [ -39.3300695, -6.98196089999993 ], [ -39.3294711, -6.98261589999993 ], [ -39.3290545999999, -6.98305779999993 ], [ -39.328798999999897, -6.98403809999996 ], [ -39.328437999999899, -6.98504349999996 ], [ -39.3278008999999, -6.98592889999998 ], [ -39.3271763, -6.98558709999998 ], [ -39.326749499999899, -6.98535339999995 ], [ -39.3261707, -6.98462729999994 ], [ -39.3256443, -6.98406659999995 ], [ -39.3250762, -6.98344949999995 ], [ -39.3237487, -6.96721569999994 ], [ -39.3209734, -6.93327539999996 ], [ -39.298678499999902, -6.93865309999995 ], [ -39.2977099, -6.93886879999997 ], [ -39.2965588, -6.93882549999995 ], [ -39.295086399999903, -6.93886989999993 ], [ -39.2932824, -6.93846749999994 ], [ -39.292346, -6.93829149999993 ], [ -39.2903168, -6.93791009999995 ], [ -39.2882893, -6.93803 ], [ -39.2860236, -6.93754159999997 ], [ -39.285013799999902, -6.93747749999994 ], [ -39.283397099999902, -6.93765129999997 ], [ -39.2822719, -6.93770979999994 ], [ -39.2804067, -6.937404 ], [ -39.2796162, -6.93670189999995 ], [ -39.278989, -6.93626209999996 ], [ -39.2780033, -6.93612029999997 ], [ -39.2769855, -6.93624059999996 ], [ -39.275534999999898, -6.93650939999998 ], [ -39.274875, -6.93510349999997 ], [ -39.2738861, -6.93417079999995 ], [ -39.272289199999904, -6.93469189999996 ], [ -39.2718093, -6.93578329999997 ], [ -39.2708711, -6.93607189999994 ], [ -39.2700434, -6.93596719999994 ], [ -39.269663099999903, -6.93470759999997 ], [ -39.269109899999897, -6.93512129999993 ], [ -39.268882399999903, -6.93542269999995 ], [ -39.268374499999901, -6.93609549999996 ], [ -39.267293, -6.93656419999996 ], [ -39.2662931, -6.93653629999994 ], [ -39.2648829, -6.93685409999995 ], [ -39.2633968, -6.93663879999997 ], [ -39.2626609, -6.93668259999993 ], [ -39.2619462, -6.93679829999996 ], [ -39.2612705, -6.93633689999996 ], [ -39.2615785, -6.93555879999997 ], [ -39.262371, -6.93463479999997 ], [ -39.2627964, -6.93382719999994 ], [ -39.2631061, -6.93319239999994 ], [ -39.264558599999901, -6.93247549999995 ], [ -39.2640577, -6.93189469999993 ], [ -39.2631913, -6.93166449999995 ], [ -39.2621819, -6.93163609999993 ], [ -39.2611716, -6.931463 ], [ -39.260421199999897, -6.93154539999995 ], [ -39.2600272, -6.93231 ], [ -39.2575662, -6.93512769999995 ], [ -39.256887499999898, -6.93564729999997 ], [ -39.2559499, -6.93598459999993 ], [ -39.254535599999897, -6.93550469999997 ], [ -39.253352199999902, -6.93497159999993 ], [ -39.2520532, -6.93504469999993 ], [ -39.250986, -6.93537639999994 ], [ -39.250119799999901, -6.935565 ], [ -39.2490086, -6.93560129999997 ], [ -39.2477823, -6.93533549999995 ], [ -39.247675399999899, -6.93533429999997 ], [ -39.2464979, -6.93532129999994 ], [ -39.2457679, -6.93456889999993 ], [ -39.244289099999897, -6.93363579999993 ], [ -39.2433862, -6.93339289999994 ], [ -39.2421825, -6.93316009999995 ], [ -39.2415594, -6.93243049999995 ], [ -39.240701499999901, -6.93206889999993 ], [ -39.2397141, -6.93206589999994 ], [ -39.2389635, -6.93173429999996 ], [ -39.2383814, -6.93113879999993 ], [ -39.237888199999901, -6.93079139999998 ], [ -39.236572399999901, -6.93061979999993 ], [ -39.235922, -6.93006859999997 ], [ -39.2356976, -6.929022 ], [ -39.235594499999898, -6.92826709999997 ], [ -39.2224851, -6.92969389999996 ], [ -39.197051499999901, -6.93246189999996 ], [ -39.1665778, -6.93577819999996 ], [ -39.1458074, -6.93866109999993 ], [ -39.11796, -6.94252619999997 ], [ -39.1159858, -6.94280019999997 ], [ -39.1070126, -6.96347229999998 ], [ -39.1085251, -6.96314649999994 ], [ -39.110464799999903, -6.96272879999998 ], [ -39.1157987, -6.96580129999995 ], [ -39.1224564, -6.97305089999998 ], [ -39.126901, -6.97755469999993 ], [ -39.12861, -6.97985459999995 ], [ -39.1299663, -6.98049739999993 ], [ -39.134031299999897, -6.98049619999995 ], [ -39.1361046, -6.98074979999996 ], [ -39.139326, -6.98113609999996 ], [ -39.1421874, -6.98282049999995 ], [ -39.1438008, -6.98304429999996 ], [ -39.149021499999897, -6.98326519999995 ], [ -39.1493318, -6.98669449999994 ], [ -39.1506107, -6.98835309999993 ], [ -39.1525803, -6.98983149999998 ], [ -39.1545234, -6.99052289999997 ], [ -39.1552591, -6.992122 ], [ -39.1553749, -6.99446839999996 ], [ -39.158026499999899, -6.99673989999997 ], [ -39.161527, -6.99946659999995 ], [ -39.162422299999903, -7.00606789999995 ], [ -39.1575802, -7.01125719999993 ], [ -39.155597499999899, -7.013382 ], [ -39.1569054, -7.02914759999993 ], [ -39.1572727, -7.03357529999994 ], [ -39.152249599999898, -7.04344729999997 ], [ -39.143612899999901, -7.06042159999993 ], [ -39.141557099999901, -7.06446169999998 ], [ -39.140916499999904, -7.06539539999994 ], [ -39.140051099999901, -7.06646229999996 ], [ -39.1392883, -7.06846759999996 ], [ -39.139243599999901, -7.06954839999997 ], [ -39.139258299999902, -7.07066849999995 ], [ -39.138460699999897, -7.07128629999994 ], [ -39.13734, -7.07164379999995 ], [ -39.136718099999896, -7.07327319999996 ], [ -39.1359719, -7.07568189999995 ], [ -39.135089299999898, -7.07690339999994 ], [ -39.1337993, -7.07843039999995 ], [ -39.1322177, -7.07883889999994 ], [ -39.1306752, -7.07866869999998 ], [ -39.128196, -7.07826239999997 ], [ -39.1269058, -7.07887329999994 ], [ -39.1259198, -7.07942409999993 ], [ -39.123951599999899, -7.07962059999994 ], [ -39.1226614, -7.08023149999997 ], [ -39.1216678, -7.08092869999996 ], [ -39.119723899999897, -7.08151359999994 ], [ -39.117364199999898, -7.08182729999993 ], [ -39.1149872, -7.08233689999997 ], [ -39.1138328, -7.083253 ], [ -39.1125087, -7.08450859999994 ], [ -39.111388299999902, -7.08542479999994 ], [ -39.110959799999897, -7.08640029999998 ], [ -39.110853899999903, -7.08746059999993 ], [ -39.1104127, -7.08827479999997 ], [ -39.1102478, -7.089434 ], [ -39.112493599999901, -7.09071139999998 ], [ -39.114319099999904, -7.09203929999995 ], [ -39.114788, -7.09327989999997 ], [ -39.115304799999898, -7.09580479999994 ], [ -39.1154748, -7.096834 ], [ -39.1154751, -7.09796469999998 ], [ -39.1154754, -7.09909539999995 ], [ -39.115917399999901, -7.10113079999996 ], [ -39.118159499999898, -7.103946 ], [ -39.1189413, -7.10652409999994 ], [ -39.1194853, -7.10906829999993 ], [ -39.1220334, -7.112935 ], [ -39.1240045, -7.11785359999993 ], [ -39.1256273, -7.121513 ], [ -39.126281499999898, -7.12392549999993 ], [ -39.1281203, -7.12537049999997 ], [ -39.129098199999902, -7.12637539999997 ], [ -39.1300184, -7.12762229999993 ], [ -39.1312412999999, -7.12857189999994 ], [ -39.1327021, -7.12979269999994 ], [ -39.1336711, -7.13021319999996 ], [ -39.135842399999902, -7.13075159999994 ], [ -39.1367915, -7.12959129999996 ], [ -39.137343799999897, -7.13001419999995 ], [ -39.13805, -7.13054689999996 ], [ -39.139069199999902, -7.13074759999995 ], [ -39.1392676, -7.13169219999997 ], [ -39.1403078, -7.132496 ], [ -39.1415489, -7.13209359999996 ], [ -39.1429097, -7.13146129999996 ], [ -39.1440886, -7.13135559999995 ], [ -39.1454401, -7.13160089999997 ], [ -39.1459962, -7.13227409999996 ], [ -39.1463765, -7.13301909999996 ], [ -39.1461821, -7.13403879999993 ], [ -39.146568199999898, -7.13459649999993 ], [ -39.1473098, -7.13373359999997 ], [ -39.147712199999901, -7.13331709999994 ], [ -39.1488332, -7.13215829999996 ], [ -39.149312199999898, -7.13147839999993 ], [ -39.1495611, -7.130596 ], [ -39.150164899999901, -7.13048249999997 ], [ -39.1511522, -7.13068319999996 ], [ -39.1519747, -7.13103139999993 ], [ -39.152566, -7.13102739999994 ], [ -39.1530696, -7.13029159999996 ], [ -39.1541816, -7.13267349999995 ], [ -39.1565395, -7.13288809999995 ], [ -39.1579593, -7.13299529999995 ], [ -39.1592532, -7.13310859999996 ], [ -39.1610562, -7.13257539999995 ], [ -39.162619699999901, -7.13262279999998 ], [ -39.164641199999899, -7.13365469999997 ], [ -39.1662271, -7.13508649999994 ], [ -39.1672401, -7.13598089999994 ], [ -39.1691364, -7.13892429999993 ], [ -39.1740627, -7.14279049999993 ], [ -39.1757145, -7.14462979999996 ], [ -39.1784574, -7.14626509999994 ], [ -39.181231099999899, -7.14767429999995 ], [ -39.182585199999899, -7.14787279999996 ], [ -39.184087, -7.14841039999993 ], [ -39.185085, -7.14847789999993 ], [ -39.1860823, -7.14867739999994 ], [ -39.1871169, -7.149577 ], [ -39.1887583, -7.15024569999997 ], [ -39.1905398, -7.15057969999998 ], [ -39.1918233, -7.15097989999992 ], [ -39.1934026, -7.15064209999997 ], [ -39.1933055, -7.14951349999996 ], [ -39.1932907, -7.14862319999997 ], [ -39.1933347, -7.14742719999998 ], [ -39.1929408, -7.14634609999996 ], [ -39.1928435, -7.14504759999994 ], [ -39.192584399999902, -7.14431529999996 ], [ -39.1932743, -7.14364009999997 ], [ -39.1944817, -7.14290439999996 ], [ -39.1951008, -7.14214069999997 ], [ -39.195865099999899, -7.14083779999993 ], [ -39.1972337999999, -7.14028989999997 ], [ -39.1976953, -7.13940409999998 ], [ -39.1984864, -7.13907 ], [ -39.199474, -7.13909709999996 ], [ -39.201045399999899, -7.13972739999997 ], [ -39.201724899999903, -7.14008639999997 ], [ -39.2029957, -7.139968 ], [ -39.2039588, -7.13947559999997 ], [ -39.2051178, -7.13895039999994 ], [ -39.2057343, -7.13836939999993 ], [ -39.2061403, -7.13752609999995 ], [ -39.208005899999897, -7.13547019999993 ], [ -39.209368299999902, -7.13304689999995 ], [ -39.209397099999897, -7.13304979999998 ], [ -39.2096078, -7.13149139999996 ], [ -39.2092716, -7.13085619999993 ], [ -39.208614, -7.12985869999994 ], [ -39.2084904, -7.12807539999994 ], [ -39.2087663, -7.126244 ], [ -39.2096579, -7.125204 ], [ -39.2114248, -7.12641409999998 ], [ -39.212575199999897, -7.126988 ], [ -39.2136249, -7.12736089999993 ], [ -39.2147608, -7.12751829999996 ], [ -39.2163343, -7.12711609999997 ], [ -39.2175731, -7.12757319999997 ], [ -39.219104, -7.12868409999993 ], [ -39.2202927, -7.12921009999997 ], [ -39.2215388, -7.12931479999997 ], [ -39.2235228, -7.12927549999995 ], [ -39.226974, -7.12793259999995 ], [ -39.2270109, -7.12791829999998 ], [ -39.228419899999899, -7.12806239999998 ], [ -39.2301229, -7.12860949999992 ], [ -39.230331799999902, -7.12955 ], [ -39.2305335, -7.13041149999998 ], [ -39.2312383, -7.13110049999995 ], [ -39.231914199999899, -7.13150219999994 ], [ -39.232762599999901, -7.13171719999997 ], [ -39.2334241, -7.13219079999993 ], [ -39.234588899999899, -7.13260659999997 ], [ -39.235881999999897, -7.13341239999994 ], [ -39.2370003999999, -7.13377079999998 ], [ -39.2380332, -7.13387219999993 ], [ -39.239029199999898, -7.13386 ], [ -39.2399918, -7.13378609999995 ], [ -39.2409226, -7.13344919999997 ], [ -39.241672799999897, -7.132947 ], [ -39.2427008, -7.13118009999994 ], [ -39.2426604, -7.13052959999993 ], [ -39.2417467, -7.129533 ], [ -39.2396646, -7.12869209999997 ], [ -39.2376163, -7.12743029999996 ], [ -39.2368714, -7.12600689999994 ], [ -39.237403, -7.12529579999995 ], [ -39.2366256, -7.12328569999994 ], [ -39.2382717999999, -7.122325 ], [ -39.2396998, -7.12109619999995 ], [ -39.2414739, -7.119819 ], [ -39.244051199999902, -7.11833429999996 ], [ -39.244739, -7.11759059999997 ], [ -39.2447726, -7.11752729999995 ], [ -39.245851, -7.11549809999997 ], [ -39.246195499999899, -7.11428219999993 ], [ -39.2480573, -7.11078589999994 ], [ -39.2485854, -7.10933739999996 ], [ -39.2489747, -7.10739679999995 ], [ -39.249193499999897, -7.10654879999993 ], [ -39.2499415, -7.10531 ], [ -39.251216, -7.10440769999997 ], [ -39.252524999999899, -7.10370429999995 ], [ -39.253644699999903, -7.10259649999995 ], [ -39.2546002999999, -7.10165119999994 ], [ -39.2575075, -7.10015539999995 ], [ -39.2590638, -7.09953579999996 ], [ -39.2601882, -7.09898789999994 ], [ -39.2616866, -7.09839639999996 ], [ -39.2635893, -7.09789149999995 ], [ -39.2643962, -7.09709949999996 ], [ -39.2647127, -7.09635029999993 ], [ -39.2649423, -7.09560119999998 ], [ -39.2653458, -7.09485289999998 ], [ -39.265828199999902, -7.09440069999994 ], [ -39.2663831, -7.09404539999997 ], [ -39.2675068, -7.09392259999993 ], [ -39.269756, -7.09436089999997 ], [ -39.272366599999899, -7.09345209999998 ], [ -39.2732142999999, -7.09353759999993 ], [ -39.274526299999899, -7.09377119999994 ], [ -39.2754631, -7.09415589999998 ], [ -39.2773653, -7.09347809999997 ], [ -39.2787486, -7.09282869999993 ], [ -39.279877199999902, -7.09264429999996 ], [ -39.2811265, -7.09267829999993 ], [ -39.2817737, -7.09318049999996 ], [ -39.282522599999901, -7.09394089999995 ], [ -39.283239, -7.09472819999996 ], [ -39.2832508, -7.09666149999993 ], [ -39.2832329, -7.098739 ], [ -39.2833835, -7.10052719999993 ], [ -39.284319099999898, -7.10246519999993 ], [ -39.285304799999899, -7.10456819999996 ], [ -39.285998199999902, -7.10564739999995 ], [ -39.286933099999899, -7.10634089999996 ], [ -39.288312399999903, -7.10636089999997 ] ] ] ] } },
{ "type": "Feature", "properties": { "CD_MUN": "2302701", "NM_MUN": "Campos Sales", "CD_RGI": "230011", "NM_RGI": "Juazeiro do Norte", "CD_RGINT": "2304", "NM_RGINT": "Juazeiro do Norte", "CD_UF": "23", "NM_UF": "Ceará", "SIGLA_UF": "CE", "CD_REGIAO": "2", "NM_REGIAO": "Nordeste", "SIGLA_RG": "NE", "CD_CONCURB": null, "NM_CONCURB": null, "AREA_KM2": 1082.581 }, "geometry": { "type": "MultiPolygon", "coordinates": [ [ [ [ -40.325205599999897, -7.10005749999993 ], [ -40.3246715, -7.10089409999995 ], [ -40.3242959, -7.10190249999994 ], [ -40.323644499999901, -7.10278729999993 ], [ -40.3231268, -7.10351859999997 ], [ -40.3225874, -7.10423319999995 ], [ -40.322354399999902, -7.10473229999997 ], [ -40.3216613, -7.10555829999993 ], [ -40.3211506, -7.10645479999994 ], [ -40.320856799999902, -7.10721309999997 ], [ -40.3205484, -7.10783229999993 ], [ -40.3202779, -7.10870409999995 ], [ -40.3203917, -7.10933589999996 ], [ -40.3206556, -7.11014109999996 ], [ -40.320849399999901, -7.11088789999997 ], [ -40.3212159, -7.11170679999998 ], [ -40.3216351, -7.11255979999993 ], [ -40.321963599999897, -7.11349919999998 ], [ -40.3223962, -7.114356 ], [ -40.3231228, -7.11454069999996 ], [ -40.3236823, -7.11475769999993 ], [ -40.3242044, -7.11527619999993 ], [ -40.324759099999902, -7.116026 ], [ -40.3247466, -7.116688 ], [ -40.324189499999903, -7.11786209999997 ], [ -40.3239588, -7.11843459999994 ], [ -40.323685, -7.11902639999994 ], [ -40.3232528999999, -7.11953969999996 ], [ -40.3227603, -7.11987129999994 ], [ -40.3224081, -7.12084639999995 ], [ -40.322283, -7.12203479999994 ], [ -40.322328599999899, -7.12301189999994 ], [ -40.322372899999898, -7.12393779999996 ], [ -40.322194399999901, -7.12466329999995 ], [ -40.322096, -7.12573629999997 ], [ -40.321493299999901, -7.12682479999995 ], [ -40.3208754, -7.12750849999998 ], [ -40.320348099999897, -7.12813829999993 ], [ -40.3213092, -7.12842369999993 ], [ -40.3235609, -7.12839809999997 ], [ -40.3245357, -7.12861219999996 ], [ -40.3255068, -7.12864139999994 ], [ -40.3270388, -7.128831 ], [ -40.3279987, -7.12884479999997 ], [ -40.3296326, -7.12889749999994 ], [ -40.330930099999897, -7.12857309999993 ], [ -40.332854499999897, -7.12802679999993 ], [ -40.3338408, -7.12780379999998 ], [ -40.3348642999999, -7.12774269999994 ], [ -40.3540652, -7.12115429999994 ], [ -40.355216, -7.12075919999995 ], [ -40.355788899999901, -7.12056289999992 ], [ -40.370442899999901, -7.11553469999996 ], [ -40.390141399999898, -7.10877609999994 ], [ -40.4402004, -7.09160069999996 ], [ -40.4469213, -7.089293 ], [ -40.4468955, -7.08837959999994 ], [ -40.4459828, -7.08651559999993 ], [ -40.4451602, -7.08542669999997 ], [ -40.4440274, -7.08419659999993 ], [ -40.442837499999897, -7.08358779999998 ], [ -40.441990099999899, -7.08373729999994 ], [ -40.4409193, -7.08294289999998 ], [ -40.4409194999999, -7.08292619999997 ], [ -40.4409345, -7.08166039999998 ], [ -40.440931, -7.08053109999997 ], [ -40.441043599999901, -7.07977539999996 ], [ -40.441935999999899, -7.079725 ], [ -40.4450538, -7.07947689999997 ], [ -40.4465638, -7.07935359999993 ], [ -40.4518355, -7.07887949999997 ], [ -40.4578033, -7.07844359999996 ], [ -40.4587392, -7.07844819999997 ], [ -40.4593637, -7.07849769999996 ], [ -40.4593494, -7.07847589999994 ], [ -40.457788, -7.07610279999994 ], [ -40.4533848, -7.07123379999996 ], [ -40.4487434, -7.06255389999995 ], [ -40.4442591, -7.05593219999997 ], [ -40.4438863, -7.052944 ], [ -40.4432815, -7.04809549999993 ], [ -40.4356271999999, -7.04011729999996 ], [ -40.4308928, -7.03676949999993 ], [ -40.4277177, -7.03388109999997 ], [ -40.4265655, -7.031445 ], [ -40.4269411, -7.02946029999993 ], [ -40.429835599999898, -7.02787579999995 ], [ -40.4318355, -7.02586829999996 ], [ -40.4320173, -7.02568589999993 ], [ -40.4348921, -7.02280079999997 ], [ -40.438385599999897, -7.01821659999996 ], [ -40.438684599999903, -7.01645939999997 ], [ -40.4375013, -7.01547379999994 ], [ -40.4340662, -7.01525489999995 ], [ -40.434040799999899, -7.01527009999995 ], [ -40.4290806, -7.01824439999996 ], [ -40.429053699999898, -7.01825029999998 ], [ -40.4280135, -7.01847669999995 ], [ -40.4277036, -7.01725779999992 ], [ -40.428311, -7.01618879999995 ], [ -40.427851299999901, -7.01535119999994 ], [ -40.425296499999902, -7.01573959999996 ], [ -40.4130489, -7.00831119999998 ], [ -40.407587799999902, -7.00621089999993 ], [ -40.407218199999903, -7.00596669999993 ], [ -40.406249499999902, -7.00532659999993 ], [ -40.4069751, -7.00365639999995 ], [ -40.4110716, -6.99907729999995 ], [ -40.415801799999898, -6.99772729999995 ], [ -40.423759, -6.99736989999997 ], [ -40.428615599999901, -6.99613979999998 ], [ -40.4286547, -6.99612989999997 ], [ -40.4293091, -6.99463 ], [ -40.4293355, -6.99456939999993 ], [ -40.4298702, -6.99334309999995 ], [ -40.430374099999902, -6.97575379999995 ], [ -40.4272844, -6.96632409999995 ], [ -40.428875199999901, -6.95874229999993 ], [ -40.429121199999898, -6.94850289999994 ], [ -40.4244739, -6.93720139999994 ], [ -40.42502, -6.93526979999996 ], [ -40.4270359, -6.92250359999997 ], [ -40.4270332, -6.91802289999993 ], [ -40.4277865, -6.91580739999995 ], [ -40.430687, -6.91190889999996 ], [ -40.4327058, -6.90853939999994 ], [ -40.433955, -6.90214289999994 ], [ -40.433808999999897, -6.89590839999994 ], [ -40.432913, -6.892717 ], [ -40.429475, -6.88744079999998 ], [ -40.4289613, -6.88486 ], [ -40.4300722999999, -6.87564709999998 ], [ -40.430179, -6.86781619999994 ], [ -40.4285196, -6.86425449999996 ], [ -40.4205253, -6.86059229999995 ], [ -40.415834, -6.85937449999994 ], [ -40.4107554, -6.85557979999993 ], [ -40.407551, -6.851293 ], [ -40.4074993, -6.85116849999997 ], [ -40.4074696, -6.85109709999995 ], [ -40.404127399999901, -6.84305859999995 ], [ -40.402219199999898, -6.83998949999994 ], [ -40.3970117, -6.83545519999996 ], [ -40.3871123, -6.83007579999997 ], [ -40.3859674, -6.82872619999995 ], [ -40.384306799999898, -6.82381449999997 ], [ -40.3834538999999, -6.82238059999997 ], [ -40.3829029, -6.82099179999994 ], [ -40.381681, -6.81938349999996 ], [ -40.3787076, -6.81546959999997 ], [ -40.370577399999902, -6.80799349999995 ], [ -40.370511, -6.80315779999995 ], [ -40.3639936, -6.80682959999996 ], [ -40.3564941, -6.80704029999993 ], [ -40.3545285, -6.80881929999993 ], [ -40.3523516999999, -6.80882549999995 ], [ -40.3512585, -6.80769129999993 ], [ -40.3508583, -6.79879669999997 ], [ -40.349513199999897, -6.79701169999993 ], [ -40.3485056, -6.79677109999994 ], [ -40.3472085, -6.79722209999994 ], [ -40.345311, -6.80120829999993 ], [ -40.3429689, -6.802433 ], [ -40.331622599999903, -6.80435769999997 ], [ -40.329279, -6.80421849999993 ], [ -40.3221126, -6.80257259999996 ], [ -40.318419999999897, -6.80063159999997 ], [ -40.3174089, -6.79884879999997 ], [ -40.3172157, -6.79612659999998 ], [ -40.317192599999899, -6.79580259999994 ], [ -40.3157568, -6.79157929999997 ], [ -40.3139917, -6.788985 ], [ -40.3123381, -6.78718229999993 ], [ -40.310368099999899, -6.78617279999997 ], [ -40.3077585999999, -6.78616749999998 ], [ -40.306837099999903, -6.78665659999996 ], [ -40.305834699999899, -6.78804119999995 ], [ -40.3040538, -6.79531629999997 ], [ -40.3029682, -6.79702849999995 ], [ -40.3017364, -6.79786919999998 ], [ -40.3009428, -6.79957429999996 ], [ -40.300619599999898, -6.80680879999994 ], [ -40.2979599, -6.808132 ], [ -40.293291, -6.80784539999996 ], [ -40.2916159, -6.80808919999993 ], [ -40.288912799999899, -6.80435759999995 ], [ -40.2847940999999, -6.79716009999993 ], [ -40.283396599999897, -6.79512709999995 ], [ -40.2811665, -6.79434389999994 ], [ -40.2782912, -6.79449579999994 ], [ -40.2661821, -6.79691419999995 ], [ -40.2649552, -6.79665519999998 ], [ -40.2632045, -6.79501149999993 ], [ -40.2629458, -6.79241069999995 ], [ -40.262187299999901, -6.79078729999998 ], [ -40.2584472, -6.78620759999995 ], [ -40.253507699999901, -6.78687 ], [ -40.251749, -6.78662989999998 ], [ -40.246658599999897, -6.78193129999994 ], [ -40.2442664, -6.77840219999996 ], [ -40.2420845, -6.77678529999997 ], [ -40.237601799999901, -6.77618619999993 ], [ -40.2219388, -6.77655149999993 ], [ -40.2120937, -6.776048 ], [ -40.2031267999999, -6.77428219999996 ], [ -40.197716399999898, -6.77100439999998 ], [ -40.1842596, -6.75970229999996 ], [ -40.1823305, -6.75924029999993 ], [ -40.180165, -6.75940109999993 ], [ -40.1781202, -6.76123569999993 ], [ -40.1711655, -6.77328679999994 ], [ -40.1693667, -6.77737909999996 ], [ -40.169001299999898, -6.78045759999998 ], [ -40.1693071, -6.78811429999996 ], [ -40.169145, -6.790388 ], [ -40.168392, -6.79181669999997 ], [ -40.1669146999999, -6.791928 ], [ -40.1633206, -6.78958509999995 ], [ -40.1605089, -6.78803389999996 ], [ -40.1566151, -6.78668729999993 ], [ -40.149915399999898, -6.78447109999996 ], [ -40.148800999999899, -6.78486119999997 ], [ -40.1467857, -6.78556919999994 ], [ -40.143902899999901, -6.78822419999995 ], [ -40.1415023, -6.79157989999993 ], [ -40.139611499999901, -6.80130779999996 ], [ -40.138997199999899, -6.80198249999995 ], [ -40.1342984999999, -6.80101819999993 ], [ -40.1306091, -6.80352039999997 ], [ -40.130343799999899, -6.80422639999995 ], [ -40.130653499999902, -6.80527149999995 ], [ -40.1328268, -6.80620039999997 ], [ -40.1348335, -6.80650869999994 ], [ -40.1352376, -6.80752069999994 ], [ -40.132914099999901, -6.80986139999993 ], [ -40.1330361999999, -6.81060179999997 ], [ -40.1356074, -6.811218 ], [ -40.1421998, -6.81455069999993 ], [ -40.1441702, -6.81591169999996 ], [ -40.145434599999902, -6.81852009999994 ], [ -40.1452987, -6.81874289999996 ], [ -40.146997499999898, -6.83058659999995 ], [ -40.0872855, -6.84665679999995 ], [ -40.0862961, -6.84789019999994 ], [ -40.0854835, -6.848543 ], [ -40.0843902, -6.84960809999995 ], [ -40.0832093, -6.85081669999994 ], [ -40.081508, -6.85238079999993 ], [ -40.0808868, -6.85296609999995 ], [ -40.0799507, -6.85404019999993 ], [ -40.079214799999903, -6.85474059999996 ], [ -40.077162799999897, -6.85669739999997 ], [ -40.0817903, -6.85958559999995 ], [ -40.0832928, -6.86009229999996 ], [ -40.0904550999999, -6.85989519999993 ], [ -40.0915836, -6.86032859999995 ], [ -40.0990012, -6.866869 ], [ -40.1011053, -6.86956169999996 ], [ -40.1031896, -6.87216049999995 ], [ -40.1080888, -6.87433159999995 ], [ -40.1103707, -6.87536009999997 ], [ -40.112894599999898, -6.87750789999996 ], [ -40.114909899999901, -6.879207 ], [ -40.1169828, -6.880973 ], [ -40.1184077, -6.88210869999995 ], [ -40.1198218, -6.88267969999993 ], [ -40.120416799999902, -6.88317609999996 ], [ -40.1214436, -6.88403509999995 ], [ -40.1221920999999, -6.88462679999998 ], [ -40.1224711, -6.88515259999997 ], [ -40.1227655, -6.88614259999997 ], [ -40.1232408, -6.886644 ], [ -40.123825399999902, -6.88678619999996 ], [ -40.124605599999903, -6.88663529999997 ], [ -40.125545, -6.88695449999994 ], [ -40.0849451999999, -6.91266289999993 ], [ -40.082786199999902, -6.91403 ], [ -40.0805491, -6.91544659999994 ], [ -40.0799504, -6.915436 ], [ -40.078738299999898, -6.91550449999994 ], [ -40.0768811, -6.91360029999993 ], [ -40.0765148999999, -6.91312849999997 ], [ -40.0760883, -6.91246539999997 ], [ -40.0753126, -6.91271049999995 ], [ -40.0752538, -6.91406659999996 ], [ -40.074943899999901, -6.91469349999994 ], [ -40.0741752, -6.91485339999997 ], [ -40.0732393, -6.91536139999994 ], [ -40.072338, -6.91544379999993 ], [ -40.0708897, -6.91545349999996 ], [ -40.0700831, -6.91482809999997 ], [ -40.0699013, -6.91386729999994 ], [ -40.0694455, -6.91347049999996 ], [ -40.0687875, -6.91370229999995 ], [ -40.0681898, -6.91413439999997 ], [ -40.0668345999999, -6.91491919999993 ], [ -40.0665299, -6.91572069999995 ], [ -40.066231199999898, -6.91637629999997 ], [ -40.0659691, -6.91695119999997 ], [ -40.065719199999897, -6.91765769999995 ], [ -40.065341299999901, -6.91821289999996 ], [ -40.064506, -6.91859959999994 ], [ -40.0636764, -6.91837719999995 ], [ -40.0628201, -6.91801589999994 ], [ -40.0622835, -6.91794049999993 ], [ -40.0610412, -6.91924749999993 ], [ -40.058554399999899, -6.91821809999993 ], [ -40.056981699999902, -6.91902919999995 ], [ -40.0576973, -6.91963269999997 ], [ -40.0584004, -6.920634 ], [ -40.0589952999999, -6.92150989999993 ], [ -40.0595567, -6.92291609999995 ], [ -40.0602936, -6.92362539999993 ], [ -40.061255399999901, -6.92403309999997 ], [ -40.0625448, -6.92414989999997 ], [ -40.063308, -6.92497669999995 ], [ -40.0629235, -6.92571639999994 ], [ -40.0621446, -6.92675019999996 ], [ -40.0616509, -6.92774139999995 ], [ -40.0616219, -6.92867219999994 ], [ -40.0612758, -6.92921379999996 ], [ -40.0605376, -6.92967029999994 ], [ -40.060319999999898, -6.93050949999997 ], [ -40.0601007, -6.93144119999994 ], [ -40.0597255, -6.93238419999994 ], [ -40.0592093, -6.93305079999993 ], [ -40.059761799999897, -6.933989 ], [ -40.0605515, -6.93408139999997 ], [ -40.061206, -6.934042 ], [ -40.0617539, -6.93452539999993 ], [ -40.062604, -6.93542979999995 ], [ -40.063226299999897, -6.93617719999997 ], [ -40.063400499999901, -6.93732149999994 ], [ -40.0639021, -6.93815319999993 ], [ -40.0644392, -6.93896789999997 ], [ -40.0650552, -6.93920429999997 ], [ -40.064125499999903, -6.94072409999995 ], [ -40.0631501, -6.94134239999994 ], [ -40.0624629, -6.94189429999994 ], [ -40.0629137, -6.94269489999994 ], [ -40.064427899999899, -6.94354049999993 ], [ -40.0647263, -6.94421079999995 ], [ -40.0638506, -6.94550849999996 ], [ -40.0630244, -6.94615739999995 ], [ -40.0626667, -6.94681869999994 ], [ -40.062323499999899, -6.94758039999994 ], [ -40.0619119, -6.94854909999998 ], [ -40.0623065, -6.94959779999994 ], [ -40.0627833, -6.95074529999994 ], [ -40.063697299999902, -6.95143969999998 ], [ -40.064273, -6.95188749999994 ], [ -40.0645287, -6.95271009999993 ], [ -40.0648155, -6.95376439999995 ], [ -40.0652539, -6.95479439999997 ], [ -40.0662523, -6.95504139999997 ], [ -40.0668822, -6.95558139999997 ], [ -40.067237599999899, -6.95653479999993 ], [ -40.0674217, -6.95716109999995 ], [ -40.0671328, -6.95785119999994 ], [ -40.0667213, -6.95856409999993 ], [ -40.066453, -6.95908509999992 ], [ -40.0662447, -6.95963 ], [ -40.0660503, -6.96049909999994 ], [ -40.067011099999903, -6.96141309999996 ], [ -40.0671401, -6.96226979999994 ], [ -40.0672625, -6.96314549999994 ], [ -40.0666795, -6.96394839999994 ], [ -40.0664545, -6.96503479999996 ], [ -40.0672992, -6.96528709999995 ], [ -40.0683389, -6.96499009999997 ], [ -40.0688865, -6.96646809999993 ], [ -40.0688610999999, -6.967557 ], [ -40.0686893, -6.96822019999996 ], [ -40.0689432, -6.96893509999995 ], [ -40.0694806999999, -6.96936469999997 ], [ -40.070075599999903, -6.96980359999998 ], [ -40.071053499999898, -6.97016519999994 ], [ -40.071584, -6.97033619999996 ], [ -40.0718022, -6.97081439999994 ], [ -40.0722273, -6.97238319999997 ], [ -40.0721728, -6.973666 ], [ -40.0721753, -6.974805 ], [ -40.0724933, -6.97562749999997 ], [ -40.0729167, -6.97644019999996 ], [ -40.0731196, -6.97719589999997 ], [ -40.0732085, -6.97835869999994 ], [ -40.073729399999898, -6.97994169999993 ], [ -40.074354399999898, -6.98093579999994 ], [ -40.074671599999903, -6.98142319999994 ], [ -40.074900199999902, -6.98221039999993 ], [ -40.0757697, -6.98262359999995 ], [ -40.076407699999898, -6.98235729999993 ], [ -40.077180199999901, -6.98222469999996 ], [ -40.07817, -6.98219059999997 ], [ -40.078872299999901, -6.98208689999996 ], [ -40.079402199999898, -6.98156159999996 ], [ -40.080429599999903, -6.981629 ], [ -40.0818257, -6.98292089999995 ], [ -40.0827879, -6.98344359999993 ], [ -40.0840736, -6.98497539999994 ], [ -40.0853306, -6.98461 ], [ -40.086418, -6.98451309999996 ], [ -40.087212, -6.98537109999995 ], [ -40.087913, -6.98539979999993 ], [ -40.088559299999901, -6.98526909999993 ], [ -40.089392099999898, -6.98498959999995 ], [ -40.090493, -6.98464249999995 ], [ -40.091583699999902, -6.98404649999998 ], [ -40.092423799999899, -6.98381 ], [ -40.0927674, -6.98428779999995 ], [ -40.093565399999903, -6.98552079999996 ], [ -40.094217899999897, -6.98665029999995 ], [ -40.0950541, -6.98713969999994 ], [ -40.0961045, -6.98775309999996 ], [ -40.0963105, -6.98842269999994 ], [ -40.0961745, -6.98901319999993 ], [ -40.096162799999902, -6.990138 ], [ -40.096716699999902, -6.99145279999993 ], [ -40.0972576, -6.99335879999995 ], [ -40.097816099999903, -6.99456119999996 ], [ -40.098306, -6.99515349999996 ], [ -40.098347299999901, -6.99639769999993 ], [ -40.0982536, -6.99730249999993 ], [ -40.0984725, -6.99832709999993 ], [ -40.0976266, -6.99853159999998 ], [ -40.0965853, -6.998366 ], [ -40.0957868, -6.99837069999995 ], [ -40.095824799999903, -6.99871619999993 ], [ -40.0958868, -6.99914579999995 ], [ -40.096805399999901, -7.00071349999996 ], [ -40.0976163999999, -7.00135769999997 ], [ -40.0984261, -7.00142279999994 ], [ -40.0994152, -7.001399 ], [ -40.099909099999898, -7.00197449999996 ], [ -40.099890199999898, -7.00318249999998 ], [ -40.099522599999901, -7.00409469999994 ], [ -40.1005589, -7.005328 ], [ -40.1000210999999, -7.00650179999997 ], [ -40.0986311999999, -7.00718469999993 ], [ -40.097417, -7.00725209999996 ], [ -40.097049899999902, -7.00902379999997 ], [ -40.0964041, -7.00982209999995 ], [ -40.0972424, -7.01008819999993 ], [ -40.0978808, -7.00994309999993 ], [ -40.098561399999902, -7.01011859999994 ], [ -40.0994193, -7.01031759999995 ], [ -40.100334299999901, -7.010349 ], [ -40.101384799999899, -7.00992769999993 ], [ -40.102604799999902, -7.01032449999997 ], [ -40.1037279, -7.01125989999997 ], [ -40.1043129, -7.011517 ], [ -40.1044916, -7.01211239999998 ], [ -40.105168499999898, -7.01274979999994 ], [ -40.105849299999903, -7.01300659999993 ], [ -40.1064254, -7.01352209999993 ], [ -40.107293899999902, -7.01414219999998 ], [ -40.1083651, -7.01543579999998 ], [ -40.1086835999999, -7.01639789999996 ], [ -40.1091731, -7.01677969999997 ], [ -40.1096884, -7.01667929999996 ], [ -40.110312399999899, -7.01644509999994 ], [ -40.1113526, -7.01646139999997 ], [ -40.1123001, -7.01633669999995 ], [ -40.1129827, -7.01667169999996 ], [ -40.113849, -7.01701749999995 ], [ -40.1152691, -7.01796169999994 ], [ -40.115969199999903, -7.01826629999994 ], [ -40.116956, -7.01824249999993 ], [ -40.1175479, -7.01871559999995 ], [ -40.1185055, -7.01921509999994 ], [ -40.119489799999897, -7.02016279999998 ], [ -40.1201148, -7.02109929999995 ], [ -40.120652699999901, -7.02168189999998 ], [ -40.120952499999902, -7.02234879999997 ], [ -40.1208121, -7.02324089999996 ], [ -40.1198716, -7.02341349999995 ], [ -40.1203728, -7.02455589999994 ], [ -40.1211006999999, -7.02470869999996 ], [ -40.1228705, -7.02362929999993 ], [ -40.122924399999903, -7.02295139999995 ], [ -40.1222966, -7.02207339999995 ], [ -40.121940299999899, -7.021272 ], [ -40.1217953, -7.02034489999994 ], [ -40.121748899999901, -7.01935329999998 ], [ -40.121759499999897, -7.01843439999993 ], [ -40.121480899999902, -7.01747669999997 ], [ -40.120822, -7.01636189999994 ], [ -40.120406699999897, -7.01492269999994 ], [ -40.1213356, -7.014286 ], [ -40.1220676, -7.01391159999997 ], [ -40.1228702, -7.01351059999996 ], [ -40.123467499999897, -7.01306169999998 ], [ -40.1242162, -7.01243349999993 ], [ -40.1247109, -7.011903 ], [ -40.125219199999897, -7.01098039999994 ], [ -40.1257937, -7.01008349999995 ], [ -40.1262263, -7.00921559999995 ], [ -40.1267695, -7.008028 ], [ -40.1273891, -7.00721349999998 ], [ -40.127891, -7.00676179999994 ], [ -40.1284896, -7.006186 ], [ -40.1291563, -7.00552889999994 ], [ -40.129523199999902, -7.00425819999998 ], [ -40.129856399999902, -7.00313889999995 ], [ -40.1301869, -7.00240949999994 ], [ -40.1309042, -7.00188549999996 ], [ -40.132035899999899, -7.001406 ], [ -40.132731099999901, -7.00119009999997 ], [ -40.1331926, -7.00097089999997 ], [ -40.133879, -7.00096359999998 ], [ -40.134625099999901, -7.00123459999998 ], [ -40.135638, -7.00187649999998 ], [ -40.136687, -7.00264029999994 ], [ -40.1375361, -7.003514 ], [ -40.1383451, -7.00414739999997 ], [ -40.1391576, -7.00441459999996 ], [ -40.1400264, -7.004665 ], [ -40.141157899999897, -7.00557379999998 ], [ -40.1418977, -7.00661689999993 ], [ -40.1425487, -7.00722049999996 ], [ -40.1433933, -7.00737879999997 ], [ -40.1442061, -7.00772619999998 ], [ -40.145083199999902, -7.00818529999998 ], [ -40.1461226, -7.00802749999997 ], [ -40.147151999999899, -7.008206 ], [ -40.1481739, -7.00862229999996 ], [ -40.148948399999902, -7.00923649999993 ], [ -40.1507223, -7.01145139999994 ], [ -40.1512546, -7.012045 ], [ -40.152091799999901, -7.01269589999993 ], [ -40.1526363, -7.01291739999994 ], [ -40.153143699999902, -7.01326079999995 ], [ -40.1536988, -7.01363809999998 ], [ -40.154173, -7.01401739999994 ], [ -40.1548278, -7.01441239999997 ], [ -40.1559665, -7.01511069999998 ], [ -40.157224, -7.01517739999997 ], [ -40.1588925, -7.01496709999998 ], [ -40.1595149, -7.01484589999995 ], [ -40.1604270999999, -7.01470729999994 ], [ -40.1613755, -7.01471209999994 ], [ -40.162225099999901, -7.01457729999993 ], [ -40.164457599999899, -7.01454659999996 ], [ -40.166064499999898, -7.01496609999998 ], [ -40.167174499999902, -7.01489159999994 ], [ -40.1676653, -7.01463479999995 ], [ -40.1686768, -7.01515109999997 ], [ -40.1693887, -7.01571249999995 ], [ -40.1706588, -7.01659029999996 ], [ -40.171483899999899, -7.01709189999997 ], [ -40.171951799999903, -7.01744249999996 ], [ -40.172923, -7.01789589999993 ], [ -40.1742816, -7.01814019999995 ], [ -40.175101299999902, -7.01835349999993 ], [ -40.17609, -7.01864179999995 ], [ -40.177172599999899, -7.01911719999993 ], [ -40.1784084, -7.01910259999994 ], [ -40.1791934, -7.01811349999997 ], [ -40.180080099999898, -7.01740959999995 ], [ -40.1810335, -7.01725819999996 ], [ -40.1814227, -7.01772029999995 ], [ -40.181573, -7.01820269999996 ], [ -40.182193799999901, -7.01864439999997 ], [ -40.182906699999897, -7.01926 ], [ -40.1837209, -7.02015519999998 ], [ -40.1843855, -7.02089669999998 ], [ -40.185040199999897, -7.02116769999998 ], [ -40.1854989, -7.021419 ], [ -40.186371699999903, -7.02179969999997 ], [ -40.1869531, -7.02203989999998 ], [ -40.1875828, -7.02244749999994 ], [ -40.1881129, -7.02275719999994 ], [ -40.188549099999904, -7.02298669999993 ], [ -40.189049899999901, -7.02325019999995 ], [ -40.190353, -7.02385319999996 ], [ -40.191392999999898, -7.02405289999996 ], [ -40.1921493, -7.02466789999994 ], [ -40.192988199999903, -7.02553679999994 ], [ -40.1950176, -7.02614419999998 ], [ -40.196441, -7.02641819999997 ], [ -40.197331399999896, -7.02620529999996 ], [ -40.198932, -7.02645489999998 ], [ -40.200306899999902, -7.026504 ], [ -40.2021506, -7.02631259999993 ], [ -40.2031531, -7.026803 ], [ -40.2038244, -7.027098 ], [ -40.204509599999902, -7.02776939999995 ], [ -40.205417399999902, -7.02809889999997 ], [ -40.206826099999901, -7.02823889999996 ], [ -40.2079677, -7.02884849999998 ], [ -40.2086004, -7.029 ], [ -40.209180699999898, -7.02924259999998 ], [ -40.2099522, -7.02936979999993 ], [ -40.210814399999897, -7.029358 ], [ -40.211901399999903, -7.02921159999994 ], [ -40.2131401, -7.02935679999996 ], [ -40.213739099999898, -7.03037459999996 ], [ -40.2141523, -7.03084729999995 ], [ -40.2146903, -7.031425 ], [ -40.2152712, -7.031926 ], [ -40.216223, -7.03292429999993 ], [ -40.2168937, -7.03375429999994 ], [ -40.2173768, -7.03437759999997 ], [ -40.218135199999899, -7.03498339999993 ], [ -40.219240199999902, -7.03528079999995 ], [ -40.219698, -7.03571739999995 ], [ -40.220207, -7.03682309999994 ], [ -40.220860699999903, -7.03766649999994 ], [ -40.221494, -7.03801659999993 ], [ -40.222170499999898, -7.03845269999994 ], [ -40.2230731, -7.03874469999994 ], [ -40.2238355, -7.03903339999994 ], [ -40.224806699999903, -7.039476 ], [ -40.2257878, -7.03959189999995 ], [ -40.2277706, -7.039461 ], [ -40.228528099999899, -7.03924129999996 ], [ -40.2297473, -7.03970349999997 ], [ -40.2304852, -7.04022559999993 ], [ -40.231024799999901, -7.04066249999994 ], [ -40.2320745, -7.04255809999995 ], [ -40.232685499999903, -7.04354709999996 ], [ -40.233213299999903, -7.04387589999993 ], [ -40.2344649, -7.04436559999994 ], [ -40.235552799999901, -7.04455889999997 ], [ -40.2365798, -7.04526929999997 ], [ -40.2375876, -7.04594139999995 ], [ -40.2381348, -7.04637059999993 ], [ -40.238833, -7.04683779999993 ], [ -40.2395842, -7.04739089999993 ], [ -40.2400997, -7.04788729999996 ], [ -40.2404116, -7.0487 ], [ -40.2408503, -7.04972779999997 ], [ -40.2416145, -7.05067809999997 ], [ -40.2421047, -7.05127029999994 ], [ -40.2430979, -7.05186579999997 ], [ -40.243938399999898, -7.052682 ], [ -40.244537299999898, -7.05330889999993 ], [ -40.245623599999902, -7.05410359999996 ], [ -40.247326299999898, -7.05489349999993 ], [ -40.2478897, -7.05506659999998 ], [ -40.2487477, -7.05617229999996 ], [ -40.249363, -7.056965 ], [ -40.2498979, -7.05815049999995 ], [ -40.250622099999902, -7.05936289999994 ], [ -40.2515634, -7.06022539999998 ], [ -40.251063799999898, -7.060612 ], [ -40.2502809, -7.06103359999997 ], [ -40.2499134, -7.06182719999993 ], [ -40.2489796999999, -7.06230689999995 ], [ -40.2481405999999, -7.06319609999997 ], [ -40.2485677, -7.06407869999992 ], [ -40.2492985, -7.06507219999997 ], [ -40.2498401, -7.06575669999995 ], [ -40.250672699999903, -7.06659039999994 ], [ -40.2512781, -7.06723479999994 ], [ -40.2520463, -7.06787879999996 ], [ -40.2545969, -7.06862809999996 ], [ -40.2572099, -7.06766389999996 ], [ -40.258455, -7.06748829999998 ], [ -40.2601660999999, -7.06783779999995 ], [ -40.2619065, -7.06835949999993 ], [ -40.2628303, -7.06860349999994 ], [ -40.2638433, -7.06887109999997 ], [ -40.264665599999901, -7.06905929999994 ], [ -40.2656353, -7.06867439999996 ], [ -40.2663234, -7.068419 ], [ -40.267038399999898, -7.06822869999996 ], [ -40.2677992, -7.06831629999994 ], [ -40.2690755, -7.06862389999998 ], [ -40.2697618, -7.068648 ], [ -40.270143, -7.06866139999994 ], [ -40.271485599999899, -7.06856649999997 ], [ -40.2725085, -7.06854479999993 ], [ -40.2730812, -7.06849929999993 ], [ -40.2739797999999, -7.06861049999998 ], [ -40.275010199999898, -7.06878719999997 ], [ -40.276166499999903, -7.06899339999995 ], [ -40.2779499, -7.069221 ], [ -40.2796259, -7.06943849999993 ], [ -40.2806472, -7.06957929999993 ], [ -40.281597, -7.069804 ], [ -40.283459999999899, -7.07033639999997 ], [ -40.2842223, -7.070718 ], [ -40.2848051, -7.07090739999995 ], [ -40.285813, -7.07123729999995 ], [ -40.287138399999897, -7.07175979999994 ], [ -40.288049, -7.07190689999993 ], [ -40.2887334, -7.07251809999997 ], [ -40.289611, -7.07372109999994 ], [ -40.290182199999897, -7.07456989999997 ], [ -40.2906207999999, -7.07510309999998 ], [ -40.291354899999902, -7.07563149999993 ], [ -40.292641499999903, -7.07605459999996 ], [ -40.2934782, -7.07635089999997 ], [ -40.294685399999899, -7.07674289999994 ], [ -40.2959463, -7.07689489999996 ], [ -40.2967045, -7.07712009999995 ], [ -40.297855399999897, -7.07754159999996 ], [ -40.299081, -7.07791209999993 ], [ -40.299940299999903, -7.07790669999997 ], [ -40.3007489, -7.07797019999998 ], [ -40.3013417, -7.07794759999996 ], [ -40.302296, -7.07766679999997 ], [ -40.303179, -7.07756259999996 ], [ -40.304693799999903, -7.07748659999993 ], [ -40.305645899999902, -7.07750189999996 ], [ -40.3064002, -7.077404 ], [ -40.3071406, -7.07720309999996 ], [ -40.3079814, -7.07646939999995 ], [ -40.3089166, -7.07577789999993 ], [ -40.3089954, -7.07578709999996 ], [ -40.3096474, -7.07586349999997 ], [ -40.3103384, -7.07600119999995 ], [ -40.3112239, -7.07642739999994 ], [ -40.3121586, -7.07661819999993 ], [ -40.313571599999896, -7.07655839999995 ], [ -40.314416, -7.07659189999993 ], [ -40.315362799999903, -7.07681649999995 ], [ -40.3162088, -7.07741029999994 ], [ -40.3168332, -7.07797279999994 ], [ -40.3176167, -7.07868849999994 ], [ -40.3189295, -7.07927919999997 ], [ -40.3196935, -7.080022 ], [ -40.320367, -7.08086989999993 ], [ -40.321350499999902, -7.08125889999997 ], [ -40.3221581, -7.08148519999997 ], [ -40.3229767999999, -7.08177259999997 ], [ -40.3239014, -7.08197119999994 ], [ -40.3230646, -7.08398079999995 ], [ -40.3221889, -7.08775209999993 ], [ -40.3219071, -7.08909839999995 ], [ -40.321937299999902, -7.09047649999997 ], [ -40.3223139, -7.09147529999996 ], [ -40.3224427, -7.09213089999997 ], [ -40.3226102, -7.09263449999997 ], [ -40.3230751, -7.09327119999995 ], [ -40.323285999999896, -7.09388 ], [ -40.3234739, -7.09463659999994 ], [ -40.3237353, -7.09519319999993 ], [ -40.324313399999902, -7.09631769999993 ], [ -40.3245544, -7.09681789999996 ], [ -40.3252572, -7.09797559999993 ], [ -40.3257035, -7.09880539999995 ], [ -40.325205599999897, -7.10005749999993 ] ] ] ] } },
{ "type": "Feature", "properties": { "CD_MUN": "2311207", "NM_MUN": "Potengi", "CD_RGI": "230011", "NM_RGI": "Juazeiro do Norte", "CD_RGINT": "2304", "NM_RGINT": "Juazeiro do Norte", "CD_UF": "23", "NM_UF": "Ceará", "SIGLA_UF": "CE", "CD_REGIAO": "2", "NM_REGIAO": "Nordeste", "SIGLA_RG": "NE", "CD_CONCURB": null, "NM_CONCURB": null, "AREA_KM2": 343.264 }, "geometry": { "type": "MultiPolygon", "coordinates": [ [ [ [ -40.039074899999903, -7.14817509999995 ], [ -40.071937499999898, -7.14568679999996 ], [ -40.084279599999903, -7.13688989999997 ], [ -40.0951962, -7.12907009999998 ], [ -40.1013768, -7.12654849999996 ], [ -40.1175205, -7.11996109999995 ], [ -40.1187689, -7.11945259999993 ], [ -40.1350939, -7.11279209999998 ], [ -40.1361952, -7.11234279999996 ], [ -40.1368065, -7.11094959999997 ], [ -40.1449875, -7.09230549999995 ], [ -40.1541215, -7.07148969999997 ], [ -40.1543258, -7.07102389999994 ], [ -40.1647063, -7.04736749999995 ], [ -40.164900499999902, -7.04670639999995 ], [ -40.1649667, -7.04611979999993 ], [ -40.1651902, -7.04555659999994 ], [ -40.165879899999901, -7.04489719999998 ], [ -40.1651649, -7.04326359999993 ], [ -40.166071799999898, -7.04308459999993 ], [ -40.167051, -7.04254819999994 ], [ -40.167065299999898, -7.04194369999993 ], [ -40.1668548, -7.04109 ], [ -40.1670013, -7.040276 ], [ -40.1675561, -7.03970629999998 ], [ -40.167290299999898, -7.039013 ], [ -40.166499299999899, -7.03878169999996 ], [ -40.165624299999898, -7.03847279999997 ], [ -40.1648508, -7.038056 ], [ -40.1642211, -7.03768659999997 ], [ -40.1627227, -7.03709209999994 ], [ -40.1619075, -7.03677109999995 ], [ -40.161033, -7.03665359999997 ], [ -40.1603981, -7.03658339999993 ], [ -40.159604, -7.03630119999997 ], [ -40.158931499999902, -7.035585 ], [ -40.157448299999899, -7.035119 ], [ -40.1564693, -7.03472659999994 ], [ -40.1556778, -7.03428189999994 ], [ -40.1551759, -7.03484689999993 ], [ -40.1540512, -7.03431379999995 ], [ -40.153388699999901, -7.03424249999995 ], [ -40.152558499999898, -7.03364749999997 ], [ -40.1515992, -7.03314139999998 ], [ -40.1501971, -7.03277989999998 ], [ -40.1487352, -7.03242449999993 ], [ -40.147752399999902, -7.03211579999993 ], [ -40.147021799999898, -7.03205779999996 ], [ -40.1461873, -7.032008 ], [ -40.1447082, -7.03114219999998 ], [ -40.143868499999897, -7.03059389999993 ], [ -40.1428442, -7.02960929999995 ], [ -40.143361899999903, -7.02910549999996 ], [ -40.1439955, -7.02866119999993 ], [ -40.1441378, -7.02806859999993 ], [ -40.143759, -7.02745939999994 ], [ -40.1429623, -7.02690529999995 ], [ -40.1418482999999, -7.02693289999996 ], [ -40.140936199999899, -7.02641929999993 ], [ -40.139669899999902, -7.02606149999997 ], [ -40.138634, -7.02525839999993 ], [ -40.1377793, -7.02465019999994 ], [ -40.136781299999903, -7.02422789999997 ], [ -40.1360617, -7.02381689999993 ], [ -40.1351653, -7.02371139999997 ], [ -40.134396599999903, -7.02359359999997 ], [ -40.13235, -7.02163629999995 ], [ -40.131276399999898, -7.020933 ], [ -40.1304953, -7.02061979999996 ], [ -40.129879899999899, -7.02035 ], [ -40.1290164, -7.01983459999997 ], [ -40.1281561, -7.019394 ], [ -40.127261599999898, -7.01969829999996 ], [ -40.1265777, -7.01953479999997 ], [ -40.125522799999899, -7.01872129999998 ], [ -40.1230505, -7.01776379999995 ], [ -40.1234211, -7.01875029999997 ], [ -40.1238592999999, -7.019192 ], [ -40.1244902, -7.02009979999997 ], [ -40.1241519, -7.02133889999993 ], [ -40.1222966, -7.02207339999995 ], [ -40.122924399999903, -7.02295139999995 ], [ -40.1228705, -7.02362929999993 ], [ -40.1211006999999, -7.02470869999996 ], [ -40.1203728, -7.02455589999994 ], [ -40.1198716, -7.02341349999995 ], [ -40.1208121, -7.02324089999996 ], [ -40.120952499999902, -7.02234879999997 ], [ -40.120652699999901, -7.02168189999998 ], [ -40.1201148, -7.02109929999995 ], [ -40.119489799999897, -7.02016279999998 ], [ -40.1185055, -7.01921509999994 ], [ -40.1175479, -7.01871559999995 ], [ -40.116956, -7.01824249999993 ], [ -40.115969199999903, -7.01826629999994 ], [ -40.1152691, -7.01796169999994 ], [ -40.113849, -7.01701749999995 ], [ -40.1129827, -7.01667169999996 ], [ -40.1123001, -7.01633669999995 ], [ -40.1113526, -7.01646139999997 ], [ -40.110312399999899, -7.01644509999994 ], [ -40.1096884, -7.01667929999996 ], [ -40.1091731, -7.01677969999997 ], [ -40.1086835999999, -7.01639789999996 ], [ -40.1083651, -7.01543579999998 ], [ -40.107293899999902, -7.01414219999998 ], [ -40.1064254, -7.01352209999993 ], [ -40.105849299999903, -7.01300659999993 ], [ -40.105168499999898, -7.01274979999994 ], [ -40.1044916, -7.01211239999998 ], [ -40.1043129, -7.011517 ], [ -40.1037279, -7.01125989999997 ], [ -40.102604799999902, -7.01032449999997 ], [ -40.101384799999899, -7.00992769999993 ], [ -40.100334299999901, -7.010349 ], [ -40.0994193, -7.01031759999995 ], [ -40.098561399999902, -7.01011859999994 ], [ -40.0978808, -7.00994309999993 ], [ -40.0972424, -7.01008819999993 ], [ -40.0964041, -7.00982209999995 ], [ -40.097049899999902, -7.00902379999997 ], [ -40.097417, -7.00725209999996 ], [ -40.0986311999999, -7.00718469999993 ], [ -40.1000210999999, -7.00650179999997 ], [ -40.1005589, -7.005328 ], [ -40.099522599999901, -7.00409469999994 ], [ -40.099890199999898, -7.00318249999998 ], [ -40.099909099999898, -7.00197449999996 ], [ -40.0994152, -7.001399 ], [ -40.0984261, -7.00142279999994 ], [ -40.0976163999999, -7.00135769999997 ], [ -40.096805399999901, -7.00071349999996 ], [ -40.0958868, -6.99914579999995 ], [ -40.095824799999903, -6.99871619999993 ], [ -40.0957868, -6.99837069999995 ], [ -40.0965853, -6.998366 ], [ -40.0976266, -6.99853159999998 ], [ -40.0984725, -6.99832709999993 ], [ -40.0982536, -6.99730249999993 ], [ -40.098347299999901, -6.99639769999993 ], [ -40.098306, -6.99515349999996 ], [ -40.097816099999903, -6.99456119999996 ], [ -40.0972576, -6.99335879999995 ], [ -40.096716699999902, -6.99145279999993 ], [ -40.096162799999902, -6.990138 ], [ -40.0961745, -6.98901319999993 ], [ -40.0963105, -6.98842269999994 ], [ -40.0961045, -6.98775309999996 ], [ -40.0950541, -6.98713969999994 ], [ -40.094217899999897, -6.98665029999995 ], [ -40.093565399999903, -6.98552079999996 ], [ -40.0927674, -6.98428779999995 ], [ -40.092423799999899, -6.98381 ], [ -40.091583699999902, -6.98404649999998 ], [ -40.090493, -6.98464249999995 ], [ -40.089392099999898, -6.98498959999995 ], [ -40.088559299999901, -6.98526909999993 ], [ -40.087913, -6.98539979999993 ], [ -40.087212, -6.98537109999995 ], [ -40.086418, -6.98451309999996 ], [ -40.0853306, -6.98461 ], [ -40.0840736, -6.98497539999994 ], [ -40.0827879, -6.98344359999993 ], [ -40.0818257, -6.98292089999995 ], [ -40.073168, -7.00511269999993 ], [ -40.0578146, -7.00588569999996 ], [ -40.0577074, -7.00589139999994 ], [ -39.9991221, -7.00839880699994 ], [ -39.9766025, -7.00452700699998 ], [ -39.9668708, -7.00285279999997 ], [ -39.9494202999999, -7.01082129999998 ], [ -39.948015499999897, -7.02533639999996 ], [ -39.944871099999901, -7.05772119999995 ], [ -39.9430176, -7.07681 ], [ -39.9420871, -7.07629019999996 ], [ -39.9412905, -7.075684 ], [ -39.940695199999901, -7.07508209999997 ], [ -39.9397981, -7.07450959999994 ], [ -39.938691499999898, -7.07426429999992 ], [ -39.937915099999898, -7.07363029999993 ], [ -39.93683, -7.07331109999996 ], [ -39.9359530999999, -7.07323459999998 ], [ -39.935168299999901, -7.07370049999997 ], [ -39.934130099999898, -7.07445879999995 ], [ -39.9335838, -7.07463729999995 ], [ -39.932990899999901, -7.07498279999993 ], [ -39.932411199999898, -7.07497909999995 ], [ -39.9317894, -7.07470759999995 ], [ -39.9310105, -7.07415389999994 ], [ -39.930306, -7.07403859999994 ], [ -39.9295339, -7.07465329999997 ], [ -39.928535399999902, -7.07512949999995 ], [ -39.927724699999899, -7.07483009999993 ], [ -39.9270397, -7.07446949999996 ], [ -39.925592799999897, -7.07469119999996 ], [ -39.9242282, -7.07478929999996 ], [ -39.9228227, -7.07428749999997 ], [ -39.9217393, -7.07394259999995 ], [ -39.9210297, -7.07372389999995 ], [ -39.9203302, -7.07372049999998 ], [ -39.9196013, -7.07365409999994 ], [ -39.9188925999999, -7.07359409999998 ], [ -39.918450999999898, -7.07314309999992 ], [ -39.9177996, -7.07324679999994 ], [ -39.9168854, -7.07289289999994 ], [ -39.916086699999902, -7.07267669999993 ], [ -39.9150336, -7.07250079999994 ], [ -39.914036399999901, -7.07214379999994 ], [ -39.912890699999899, -7.07182539999997 ], [ -39.912279399999903, -7.07123309999997 ], [ -39.9115568, -7.07083249999994 ], [ -39.9106748, -7.07062839999998 ], [ -39.9099747, -7.07031869999997 ], [ -39.9089005, -7.06981819999993 ], [ -39.9075672, -7.06906939999993 ], [ -39.9066855, -7.06899449999997 ], [ -39.905885199999901, -7.06891949999994 ], [ -39.9051425, -7.06890179999994 ], [ -39.9039857, -7.06859449999996 ], [ -39.903132899999903, -7.06872319999997 ], [ -39.902268799999902, -7.06827559999994 ], [ -39.901136199999897, -7.06839259999998 ], [ -39.900311299999899, -7.06796349999996 ], [ -39.899696999999897, -7.06744769999995 ], [ -39.8995295, -7.06672059999994 ], [ -39.899765699999897, -7.06580589999993 ], [ -39.8986221, -7.06490989999998 ], [ -39.8983689, -7.06445409999998 ], [ -39.898319699999902, -7.06375539999993 ], [ -39.898150799999897, -7.063167 ], [ -39.8977424999999, -7.06259349999993 ], [ -39.8968295, -7.06244449999997 ], [ -39.895886899999901, -7.062086 ], [ -39.8953344, -7.06220449999995 ], [ -39.894691899999899, -7.06139919999993 ], [ -39.894561399999901, -7.06017769999994 ], [ -39.894669399999898, -7.05904319999996 ], [ -39.8946801, -7.05713349999996 ], [ -39.8945856, -7.05633619999998 ], [ -39.8937725, -7.05603439999993 ], [ -39.8928061, -7.05593089999996 ], [ -39.8918843, -7.05571729999997 ], [ -39.891547699999897, -7.05507469999998 ], [ -39.8904717, -7.05475309999997 ], [ -39.890429, -7.05385339999998 ], [ -39.889857699999901, -7.05320739999996 ], [ -39.889289899999902, -7.06046 ], [ -39.8881992, -7.06497019999995 ], [ -39.8903751, -7.06749589999993 ], [ -39.8905277, -7.07060069999994 ], [ -39.8893573, -7.07357589999998 ], [ -39.886896799999903, -7.07568989999993 ], [ -39.887486899999899, -7.07935829999997 ], [ -39.8829888, -7.08698989999994 ], [ -39.8829904, -7.088826 ], [ -39.8835754, -7.08981259999996 ], [ -39.888962999999897, -7.09036759999998 ], [ -39.8941972, -7.09249169999993 ], [ -39.8945022999999, -7.09261549999997 ], [ -39.8962539, -7.09472959999994 ], [ -39.897337, -7.09695159999995 ], [ -39.9175296, -7.09429339999997 ], [ -39.9645027, -7.13200489999997 ], [ -39.9657879, -7.13301919999998 ], [ -39.975485, -7.14065709999994 ], [ -39.9761985, -7.14133619999996 ], [ -39.980868299999898, -7.14514569999994 ], [ -39.9853648, -7.14654209999998 ], [ -39.988829, -7.14639109999996 ], [ -39.9928593, -7.14732289999995 ], [ -39.9935606, -7.14790379999994 ], [ -39.995162999999899, -7.14761039999996 ], [ -39.996519099999901, -7.14868289999993 ], [ -39.9999657, -7.15113629999996 ], [ -40.0112319, -7.15028329999996 ], [ -40.039074899999903, -7.14817509999995 ] ] ] ] } },
{ "type": "Feature", "properties": { "CD_MUN": "2311108", "NM_MUN": "Porteiras", "CD_RGI": "230012", "NM_RGI": "Brejo Santo", "CD_RGINT": "2304", "NM_RGINT": "Juazeiro do Norte", "CD_UF": "23", "NM_UF": "Ceará", "SIGLA_UF": "CE", "CD_REGIAO": "2", "NM_REGIAO": "Nordeste", "SIGLA_RG": "NE", "CD_CONCURB": null, "NM_CONCURB": null, "AREA_KM2": 224.86 }, "geometry": { "type": "MultiPolygon", "coordinates": [ [ [ [ -39.0310509, -7.57806309999995 ], [ -39.0313272, -7.58899779999996 ], [ -39.031532399999897, -7.59711679999998 ], [ -39.0315633, -7.598339 ], [ -39.031567, -7.59848479999994 ], [ -39.031590299999898, -7.59940969999997 ], [ -39.0316261, -7.60082539999996 ], [ -39.031687, -7.603237 ], [ -39.0317545, -7.60590589999993 ], [ -39.0317985, -7.60764749999993 ], [ -39.0318402, -7.60930029999997 ], [ -39.031851199999899, -7.60973419999993 ], [ -39.0318516, -7.60974949999996 ], [ -39.031851699999898, -7.60975439999993 ], [ -39.0318518, -7.60975769999993 ], [ -39.0317964, -7.61049489999994 ], [ -39.0316826, -7.61106479999995 ], [ -39.030815699999899, -7.61417019999993 ], [ -39.0306214, -7.61504979999995 ], [ -39.030810099999897, -7.61682049999996 ], [ -39.031103899999898, -7.619347 ], [ -39.0314207, -7.62154409999994 ], [ -39.0314506, -7.62282209999995 ], [ -39.031262599999899, -7.62430129999996 ], [ -39.031029299999901, -7.62521819999995 ], [ -39.0306102, -7.62624189999997 ], [ -39.0301918, -7.62723289999997 ], [ -39.028016099999903, -7.63246109999994 ], [ -39.0271612, -7.634273 ], [ -39.0280675999999, -7.634443 ], [ -39.031161499999897, -7.63489749999997 ], [ -39.0322518, -7.63538749999998 ], [ -39.0329689, -7.63629629999997 ], [ -39.033587899999901, -7.63699989999998 ], [ -39.035778, -7.63693469999993 ], [ -39.036602899999899, -7.63732969999995 ], [ -39.037127499999897, -7.63781589999996 ], [ -39.037808, -7.63853159999996 ], [ -39.038533, -7.63918829999994 ], [ -39.0390186999999, -7.63999609999996 ], [ -39.0394972, -7.64070279999993 ], [ -39.040720099999902, -7.64161329999996 ], [ -39.042067, -7.64161319999994 ], [ -39.043043399999902, -7.64160349999997 ], [ -39.0444625, -7.64196 ], [ -39.045566, -7.64236669999997 ], [ -39.0465495, -7.64172039999994 ], [ -39.047443, -7.640763 ], [ -39.048124599999902, -7.64004109999996 ], [ -39.0489779, -7.63778309999998 ], [ -39.048636, -7.63707709999994 ], [ -39.048887799999903, -7.63605389999998 ], [ -39.0494471, -7.635473 ], [ -39.0504589, -7.63465359999998 ], [ -39.0512504, -7.63391159999998 ], [ -39.051775099999901, -7.633014 ], [ -39.0525049, -7.63275419999997 ], [ -39.0523153, -7.63178969999996 ], [ -39.053364, -7.63068329999993 ], [ -39.053512199999901, -7.62973179999994 ], [ -39.0543238, -7.63016889999994 ], [ -39.054942299999901, -7.630736 ], [ -39.055960399999897, -7.63099369999998 ], [ -39.0564515, -7.63012349999997 ], [ -39.0570705, -7.62969259999994 ], [ -39.0574382, -7.62914809999995 ], [ -39.0577886, -7.628426 ], [ -39.0584492, -7.62798709999993 ], [ -39.059237799999899, -7.62801689999998 ], [ -39.0598434999999, -7.62751619999995 ], [ -39.0608382, -7.62726729999997 ], [ -39.061867699999901, -7.62667089999997 ], [ -39.061956199999898, -7.625695 ], [ -39.0624758, -7.62470569999994 ], [ -39.063275299999901, -7.62428269999998 ], [ -39.0641428, -7.62377759999993 ], [ -39.064654399999903, -7.62271089999996 ], [ -39.0646343, -7.62185329999994 ], [ -39.064330299999902, -7.62113129999994 ], [ -39.064902, -7.62057679999998 ], [ -39.0663413, -7.62096349999996 ], [ -39.067284899999898, -7.621105 ], [ -39.0681484999999, -7.62152969999994 ], [ -39.069013299999902, -7.62179749999996 ], [ -39.069497899999902, -7.62246229999994 ], [ -39.069822499999901, -7.62338969999996 ], [ -39.0701655, -7.62389759999996 ], [ -39.070558499999898, -7.62443529999996 ], [ -39.071106, -7.625004 ], [ -39.071883899999897, -7.62568439999995 ], [ -39.0725537, -7.62615229999994 ], [ -39.0973991, -7.61014609999995 ], [ -39.1045736, -7.60552409999997 ], [ -39.107511499999902, -7.60363139999993 ], [ -39.1084466, -7.603029 ], [ -39.1117174, -7.60092179999998 ], [ -39.1135793, -7.59972229999994 ], [ -39.116512499999899, -7.59783269999997 ], [ -39.1173549, -7.59729 ], [ -39.1177938, -7.59700719999995 ], [ -39.118523, -7.59653749999995 ], [ -39.118629499999898, -7.59646889999993 ], [ -39.1186523, -7.59645419999993 ], [ -39.118696499999899, -7.59642569999994 ], [ -39.1187388, -7.59639839999994 ], [ -39.1188781, -7.59630869999995 ], [ -39.1189732, -7.59624739999998 ], [ -39.1189891, -7.59623719999996 ], [ -39.119068, -7.59618639999997 ], [ -39.1191514, -7.59613259999998 ], [ -39.1192111, -7.59609409999996 ], [ -39.133169, -7.58710209999998 ], [ -39.1617036, -7.56871919999998 ], [ -39.1708518, -7.56282559999994 ], [ -39.1717922999999, -7.56050929999998 ], [ -39.171974299999903, -7.56006119999995 ], [ -39.186011699999902, -7.52549 ], [ -39.187842499999903, -7.52098109999997 ], [ -39.1891732, -7.517704 ], [ -39.1949001999999, -7.50359949999995 ], [ -39.1872473, -7.473946 ], [ -39.1617803, -7.45656589999993 ], [ -39.153497, -7.45091289999993 ], [ -39.146157199999898, -7.45525079999993 ], [ -39.1214835, -7.46983289999997 ], [ -39.0983926, -7.48347969999998 ], [ -39.0884096999999, -7.48557639999996 ], [ -39.059967, -7.50862429999995 ], [ -39.0493379, -7.51723729999998 ], [ -39.0461816, -7.519795 ], [ -39.0299117, -7.53297889999993 ], [ -39.030107, -7.54070809999996 ], [ -39.0301124, -7.54091909999994 ], [ -39.030112899999899, -7.54093909999995 ], [ -39.030113399999898, -7.54095939999996 ], [ -39.030114599999898, -7.54100709999994 ], [ -39.0301168, -7.54109529999994 ], [ -39.030117899999901, -7.54113849999993 ], [ -39.0301186, -7.54116379999994 ], [ -39.030119399999897, -7.54119789999993 ], [ -39.0301243, -7.54139139999995 ], [ -39.030129299999899, -7.54158949999993 ], [ -39.030133799999902, -7.541766 ], [ -39.0301385, -7.541953 ], [ -39.0301431, -7.54213539999995 ], [ -39.030144, -7.54217069999993 ], [ -39.030158099999902, -7.54272969999994 ], [ -39.0301711, -7.54324489999993 ], [ -39.0301799, -7.54359309999995 ], [ -39.030202099999897, -7.54447179999994 ], [ -39.030256999999899, -7.54664439999993 ], [ -39.030344899999903, -7.55012029999995 ], [ -39.0305531999999, -7.55836449999993 ], [ -39.0306876, -7.56368459999993 ], [ -39.0308226, -7.56902639999993 ], [ -39.0309728, -7.57497239999998 ], [ -39.030997699999901, -7.57595539999994 ], [ -39.031020899999902, -7.57687549999997 ], [ -39.0310339, -7.57738839999996 ], [ -39.0310425, -7.57773119999996 ], [ -39.031042699999901, -7.57773689999993 ], [ -39.0310428, -7.57774229999995 ], [ -39.031043, -7.57774779999994 ], [ -39.0310431, -7.57775249999997 ], [ -39.0310438, -7.57778029999997 ], [ -39.031043899999901, -7.57778609999997 ], [ -39.0310441, -7.57779319999997 ], [ -39.0310445, -7.57780979999995 ], [ -39.0310463, -7.57787909999996 ], [ -39.0310496, -7.57800869999994 ], [ -39.0310509, -7.57806309999995 ] ] ] ] } },
{ "type": "Feature", "properties": { "CD_MUN": "2310605", "NM_MUN": "Penaforte", "CD_RGI": "230012", "NM_RGI": "Brejo Santo", "CD_RGINT": "2304", "NM_RGINT": "Juazeiro do Norte", "CD_UF": "23", "NM_UF": "Ceará", "SIGLA_UF": "CE", "CD_REGIAO": "2", "NM_REGIAO": "Nordeste", "SIGLA_RG": "NE", "CD_CONCURB": null, "NM_CONCURB": null, "AREA_KM2": 150.536 }, "geometry": { "type": "MultiPolygon", "coordinates": [ [ [ [ -39.0965472, -7.85015659999993 ], [ -39.095918, -7.84715489999996 ], [ -39.0957673, -7.84643609999995 ], [ -39.093602, -7.84303239999997 ], [ -39.0931437, -7.84248869999993 ], [ -39.0895978, -7.83957529999998 ], [ -39.0895239, -7.83947829999994 ], [ -39.0886862999999, -7.83837969999996 ], [ -39.0883274, -7.83790909999993 ], [ -39.088188, -7.83772609999994 ], [ -39.0878173, -7.83617179999993 ], [ -39.087951099999898, -7.83294549999994 ], [ -39.0879641, -7.83263269999998 ], [ -39.087964699999901, -7.832618 ], [ -39.0879648, -7.83261759999994 ], [ -39.0879649, -7.832617 ], [ -39.087964999999897, -7.83261649999997 ], [ -39.088772499999898, -7.83093909999997 ], [ -39.089283899999899, -7.82987659999998 ], [ -39.0917206, -7.824813 ], [ -39.0919373, -7.82436279999996 ], [ -39.092559499999901, -7.82307 ], [ -39.0928572, -7.82129559999993 ], [ -39.0924110999999, -7.81811369999997 ], [ -39.0913712, -7.815745 ], [ -39.090555499999901, -7.81167159999995 ], [ -39.0905551, -7.80960459999994 ], [ -39.092705599999903, -7.80501519999996 ], [ -39.094484099999903, -7.80234959999996 ], [ -39.096409499999901, -7.79509869999993 ], [ -39.0978921, -7.79243339999994 ], [ -39.101227499999901, -7.78880589999994 ], [ -39.1013733999999, -7.78842169999996 ], [ -39.1018179, -7.78725179999998 ], [ -39.101906, -7.78652779999993 ], [ -39.1021148, -7.78480959999996 ], [ -39.100559299999901, -7.77992649999993 ], [ -39.100333299999903, -7.77570769999994 ], [ -39.1026171, -7.77103819999996 ], [ -39.1034466, -7.76934249999994 ], [ -39.1047953, -7.765612 ], [ -39.106353899999903, -7.76022629999994 ], [ -39.1093852, -7.75683039999996 ], [ -39.1183836, -7.74923659999996 ], [ -39.118871199999901, -7.74846959999996 ], [ -39.1199439, -7.74678259999996 ], [ -39.1238533, -7.743246 ], [ -39.125787, -7.74020359999997 ], [ -39.1268823999999, -7.73848 ], [ -39.1278593, -7.73549129999998 ], [ -39.1307145, -7.73124379999996 ], [ -39.1327563, -7.72662629999996 ], [ -39.133952899999898, -7.72527789999998 ], [ -39.1342897, -7.72489819999993 ], [ -39.135640899999899, -7.72337509999994 ], [ -39.1369801, -7.72250079999998 ], [ -39.1382207999999, -7.72197079999995 ], [ -39.1422997, -7.71902569999997 ], [ -39.1436747, -7.71855989999995 ], [ -39.1437127, -7.718547 ], [ -39.1454959, -7.71847209999993 ], [ -39.1464584, -7.71824169999996 ], [ -39.1465294, -7.71822469999995 ], [ -39.1465157, -7.71819919999996 ], [ -39.146186, -7.717586 ], [ -39.144602, -7.71640909999996 ], [ -39.1437764, -7.71559559999997 ], [ -39.1430276, -7.714964 ], [ -39.1422259, -7.713919 ], [ -39.1421538, -7.71382509999995 ], [ -39.1410306, -7.712766 ], [ -39.1404785, -7.71205219999996 ], [ -39.1395906, -7.71158579999997 ], [ -39.138889999999897, -7.71139449999993 ], [ -39.138222799999902, -7.71098789999996 ], [ -39.1377115, -7.71057939999997 ], [ -39.137570099999898, -7.71046629999995 ], [ -39.1368356, -7.70949009999993 ], [ -39.135587799999897, -7.708964 ], [ -39.134973499999901, -7.70878709999994 ], [ -39.1342880999999, -7.70842249999993 ], [ -39.133682399999898, -7.70802159999994 ], [ -39.1333068, -7.70733949999993 ], [ -39.1328442, -7.70664229999994 ], [ -39.1323047, -7.70620789999998 ], [ -39.1313274, -7.70589659999996 ], [ -39.1307785, -7.70529889999995 ], [ -39.1304519, -7.70450439999996 ], [ -39.130101099999898, -7.70332079999997 ], [ -39.1294004, -7.70225979999998 ], [ -39.1292753, -7.70113809999998 ], [ -39.129553299999898, -7.70011769999996 ], [ -39.1295314, -7.69907659999996 ], [ -39.1299253, -7.69804569999997 ], [ -39.129725199999903, -7.69738679999995 ], [ -39.129159399999899, -7.69689159999996 ], [ -39.1284294, -7.69654949999995 ], [ -39.127755099999902, -7.69615249999993 ], [ -39.127507599999902, -7.69506909999996 ], [ -39.1259289, -7.69473139999997 ], [ -39.1240399, -7.69383269999997 ], [ -39.1231285, -7.69264769999995 ], [ -39.1220891, -7.68978369999996 ], [ -39.121176799999901, -7.68890259999995 ], [ -39.1196464, -7.68749209999993 ], [ -39.119525699999897, -7.68738089999994 ], [ -39.1187932, -7.68705809999994 ], [ -39.1183096, -7.68613329999994 ], [ -39.1182886, -7.685447 ], [ -39.1182582, -7.68445179999998 ], [ -39.117831899999899, -7.68346159999993 ], [ -39.075779699999899, -7.72495109999994 ], [ -39.0686706, -7.73196509999997 ], [ -39.059518, -7.75050149999993 ], [ -39.0218393, -7.77077159999993 ], [ -39.0136034, -7.775202 ], [ -39.0080389, -7.77819539999996 ], [ -38.9760542, -7.77537629999995 ], [ -38.9754914, -7.776127 ], [ -38.9742843, -7.77617 ], [ -38.9736134999999, -7.77632149999994 ], [ -38.9727677999999, -7.77608849999996 ], [ -38.972143899999899, -7.77600709999996 ], [ -38.971569499999902, -7.776382 ], [ -38.9710496, -7.77668669999997 ], [ -38.970430399999898, -7.77727539999995 ], [ -38.970051199999901, -7.77827579999996 ], [ -38.9700108, -7.77950309999994 ], [ -38.9699166, -7.78041069999995 ], [ -38.969225499999901, -7.78101849999996 ], [ -38.968158, -7.78179289999997 ], [ -38.9679679, -7.78266979999995 ], [ -38.9682574, -7.783608 ], [ -38.9673847, -7.78409379999994 ], [ -38.966898, -7.784426 ], [ -38.9663454, -7.78630759999993 ], [ -38.9663454, -7.78722659999994 ], [ -38.9661629, -7.78814559999995 ], [ -38.965606099999903, -7.78909329999993 ], [ -38.965452399999897, -7.79006019999997 ], [ -38.96527, -7.79098879999998 ], [ -38.965250599999898, -7.79279819999994 ], [ -38.964889, -7.79348429999993 ], [ -38.9637337999999, -7.79407 ], [ -38.9634559, -7.79483889999995 ], [ -38.963948899999899, -7.79529449999995 ], [ -38.9641695, -7.79597259999997 ], [ -38.9634649, -7.79649329999995 ], [ -38.9630329, -7.79687939999997 ], [ -38.9632807999999, -7.79776979999997 ], [ -38.963368699999897, -7.79888859999994 ], [ -38.9626727, -7.79969319999998 ], [ -38.9619263, -7.800924 ], [ -38.961410199999897, -7.80205289999998 ], [ -38.9614101, -7.80283069999996 ], [ -38.961104, -7.80352469999997 ], [ -38.960557999999899, -7.80423069999995 ], [ -38.9599504, -7.80470649999995 ], [ -38.9579186, -7.80644609999996 ], [ -38.9573225, -7.80764669999996 ], [ -38.9571624, -7.80826489999993 ], [ -38.9567704, -7.80892709999995 ], [ -38.9567087, -7.80999529999997 ], [ -38.957354199999898, -7.81092159999997 ], [ -38.957653999999899, -7.81198659999995 ], [ -38.9578339, -7.81332289999995 ], [ -38.9573298, -7.81419439999996 ], [ -38.9573033, -7.81504049999995 ], [ -38.9575738999999, -7.81582389999994 ], [ -38.9579656, -7.81640229999994 ], [ -38.9584775, -7.81668559999997 ], [ -38.9586255, -7.81738369999994 ], [ -38.9594173, -7.81817349999994 ], [ -38.960236699999903, -7.81907279999996 ], [ -38.9611211, -7.81978319999996 ], [ -38.9617138999999, -7.82019849999995 ], [ -38.9625778, -7.82038529999994 ], [ -38.963425, -7.82079459999994 ], [ -38.9641989, -7.82141689999997 ], [ -38.9658216999999, -7.82283209999997 ], [ -38.966724699999901, -7.823248 ], [ -38.9675166, -7.82375069999995 ], [ -38.9680835, -7.82437 ], [ -38.9682965, -7.82523859999998 ], [ -38.9690074, -7.82609329999997 ], [ -38.9694483, -7.82688609999997 ], [ -38.9695803, -7.82752029999995 ], [ -38.9698682, -7.82833409999995 ], [ -38.9696400999999, -7.82951279999997 ], [ -38.969668399999897, -7.83045049999993 ], [ -38.970084, -7.83120009999993 ], [ -38.97054, -7.83193009999997 ], [ -38.9705099, -7.83276179999996 ], [ -38.970239799999902, -7.83360539999995 ], [ -38.9700058, -7.83435329999998 ], [ -38.9697793, -7.83481269999993 ], [ -38.9689887, -7.835173 ], [ -38.9679317, -7.83580509999996 ], [ -38.967137, -7.83549089999997 ], [ -38.9663997, -7.83546589999997 ], [ -38.9654828, -7.83654529999995 ], [ -38.965151499999898, -7.83733259999997 ], [ -38.9649835, -7.83799079999994 ], [ -38.965001399999899, -7.838631 ], [ -38.965433399999903, -7.83960029999997 ], [ -38.9663153, -7.84086289999993 ], [ -38.9669511, -7.84246649999994 ], [ -38.965974399999901, -7.84562339999997 ], [ -38.966165499999903, -7.84563129999998 ], [ -38.970262499999897, -7.845806 ], [ -38.970286, -7.845807 ], [ -38.9702995, -7.84580759999994 ], [ -38.974638899999903, -7.84297449999997 ], [ -38.9754917, -7.843248 ], [ -38.977496, -7.84552329999997 ], [ -38.9793223, -7.84613059999998 ], [ -38.982244599999902, -7.84612559999994 ], [ -38.9889454, -7.84437149999997 ], [ -38.9903578999999, -7.84400169999998 ], [ -38.991078899999899, -7.84358989999993 ], [ -38.994780799999901, -7.84034489999993 ], [ -38.9996856, -7.840183 ], [ -39.001408599999898, -7.84012609999996 ], [ -39.0034143, -7.83812979999993 ], [ -39.004587699999902, -7.83593549999995 ], [ -39.0053535, -7.83450339999996 ], [ -39.0075198, -7.82359369999995 ], [ -39.0104694999999, -7.81641269999994 ], [ -39.010612099999904, -7.81618149999997 ], [ -39.0118290999999, -7.81420849999995 ], [ -39.0135695, -7.81296039999995 ], [ -39.0136914, -7.812873 ], [ -39.016370299999899, -7.81218069999994 ], [ -39.0180419, -7.812666 ], [ -39.0193141, -7.81303519999994 ], [ -39.021593, -7.81485419999996 ], [ -39.0227598, -7.81671819999997 ], [ -39.023275899999902, -7.81901149999993 ], [ -39.025207, -7.82337689999997 ], [ -39.0263931, -7.82463509999997 ], [ -39.0289136, -7.82485809999997 ], [ -39.0336596, -7.82189719999997 ], [ -39.0372525, -7.82106849999997 ], [ -39.0383260999999, -7.82082089999994 ], [ -39.0394438, -7.82056309999996 ], [ -39.040415499999902, -7.82041779999997 ], [ -39.0445248999999, -7.82010189999994 ], [ -39.0478896, -7.81984329999995 ], [ -39.050788899999901, -7.81937889999995 ], [ -39.0537557, -7.81930459999995 ], [ -39.0563503, -7.821005 ], [ -39.057761399999897, -7.822933 ], [ -39.0599898, -7.82974669999993 ], [ -39.0602163, -7.83043909999998 ], [ -39.0602198, -7.83044969999997 ], [ -39.0602327, -7.83048909999997 ], [ -39.0602678, -7.83059649999996 ], [ -39.060761, -7.83210469999995 ], [ -39.060799099999898, -7.83222109999997 ], [ -39.060961, -7.83271609999997 ], [ -39.060968199999898, -7.83273819999994 ], [ -39.0611732, -7.833365 ], [ -39.061691799999899, -7.83447089999993 ], [ -39.062803899999899, -7.83684269999998 ], [ -39.0648798, -7.83950419999996 ], [ -39.067626, -7.84187449999996 ], [ -39.071852299999897, -7.84453629999996 ], [ -39.085350199999901, -7.85171249999996 ], [ -39.086984599999901, -7.85312379999993 ], [ -39.0880098, -7.85477249999997 ], [ -39.0896519, -7.85740979999997 ], [ -39.0912968, -7.858182 ], [ -39.0929919, -7.85755779999994 ], [ -39.0954359, -7.85326409999993 ], [ -39.0965472, -7.85015659999993 ] ] ] ] } },
{ "type": "Feature", "properties": { "CD_MUN": "2302503", "NM_MUN": "Brejo Santo", "CD_RGI": "230012", "NM_RGI": "Brejo Santo", "CD_RGINT": "2304", "NM_RGINT": "Juazeiro do Norte", "CD_UF": "23", "NM_UF": "Ceará", "SIGLA_UF": "CE", "CD_REGIAO": "2", "NM_REGIAO": "Nordeste", "SIGLA_RG": "NE", "CD_CONCURB": null, "NM_CONCURB": null, "AREA_KM2": 654.658 }, "geometry": { "type": "MultiPolygon", "coordinates": [ [ [ [ -38.8376104, -7.51891149999994 ], [ -38.8281981, -7.53191639999994 ], [ -38.8147678, -7.55047279999997 ], [ -38.7758625, -7.60422769999997 ], [ -38.717232, -7.62623639999993 ], [ -38.7172378, -7.62624839999995 ], [ -38.717496, -7.62663969999994 ], [ -38.7175131, -7.62666519999993 ], [ -38.717563, -7.62674019999997 ], [ -38.7176147, -7.62682119999994 ], [ -38.7176539, -7.62687949999997 ], [ -38.7177778, -7.62687119999993 ], [ -38.720883899999897, -7.62658689999995 ], [ -38.723726499999898, -7.626884 ], [ -38.7253658999999, -7.62901229999994 ], [ -38.7283995, -7.63072929999993 ], [ -38.7321896999999, -7.63386549999996 ], [ -38.733879499999901, -7.63399429999993 ], [ -38.7340240999999, -7.63400529999996 ], [ -38.7355982, -7.63412519999997 ], [ -38.7360788, -7.63416189999998 ], [ -38.736551399999897, -7.63419789999995 ], [ -38.737215799999902, -7.63493209999996 ], [ -38.737272899999901, -7.63628109999996 ], [ -38.7356329, -7.63751519999994 ], [ -38.7349656, -7.63945739999997 ], [ -38.735414799999901, -7.64027079999994 ], [ -38.736490199999899, -7.64090089999996 ], [ -38.736603, -7.640967 ], [ -38.738407299999899, -7.64202419999998 ], [ -38.738577899999903, -7.64345809999998 ], [ -38.7386643, -7.64418419999993 ], [ -38.741822199999902, -7.64837329999995 ], [ -38.7426297, -7.65232659999998 ], [ -38.7422677, -7.65529579999998 ], [ -38.7428556, -7.65611049999995 ], [ -38.742802, -7.660322 ], [ -38.7436595, -7.66066589999997 ], [ -38.745355, -7.65993649999996 ], [ -38.747851099999899, -7.66038989999993 ], [ -38.7511584, -7.65972419999997 ], [ -38.7544670999999, -7.65974289999997 ], [ -38.755419399999901, -7.65909519999997 ], [ -38.7556741, -7.65892189999994 ], [ -38.7584305, -7.65704689999995 ], [ -38.760377199999901, -7.65611359999997 ], [ -38.7606124, -7.65600079999996 ], [ -38.763912699999899, -7.65640119999995 ], [ -38.7684722, -7.65796089999998 ], [ -38.769239099999901, -7.65876949999995 ], [ -38.7712953999999, -7.65908549999995 ], [ -38.7731563, -7.66103479999992 ], [ -38.7754289, -7.66243339999994 ], [ -38.777464, -7.66283509999994 ], [ -38.777488499999897, -7.66281459999993 ], [ -38.778832399999899, -7.661692 ], [ -38.7794754, -7.66163359999996 ], [ -38.780070899999899, -7.66157949999996 ], [ -38.780211699999903, -7.66156669999998 ], [ -38.7803638, -7.66155289999995 ], [ -38.781824399999898, -7.66186589999995 ], [ -38.783074499999898, -7.66664719999994 ], [ -38.78371, -7.66737709999995 ], [ -38.7849128, -7.66798339999997 ], [ -38.7850558, -7.66805549999998 ], [ -38.7861156, -7.66858969999993 ], [ -38.7885942999999, -7.67029159999993 ], [ -38.788848, -7.67046579999993 ], [ -38.7907478, -7.67114969999994 ], [ -38.791551, -7.67073209999995 ], [ -38.792490799999896, -7.66809669999998 ], [ -38.7930026, -7.66813459999997 ], [ -38.7942449, -7.66822659999997 ], [ -38.795433499999902, -7.66891419999996 ], [ -38.799379799999898, -7.66918009999995 ], [ -38.7998449, -7.66904969999996 ], [ -38.8021993, -7.66838969999998 ], [ -38.8028505999999, -7.667987 ], [ -38.804982, -7.66756009999995 ], [ -38.805573, -7.66744169999993 ], [ -38.8077418, -7.667708 ], [ -38.8100552, -7.66893939999994 ], [ -38.812191599999899, -7.66879719999997 ], [ -38.8122443, -7.66870059999997 ], [ -38.8131322, -7.66707089999994 ], [ -38.8156509, -7.66425379999993 ], [ -38.815826199999897, -7.66405779999997 ], [ -38.8163941, -7.66397059999997 ], [ -38.817934, -7.66373439999995 ], [ -38.8196899, -7.66482769999993 ], [ -38.8211972, -7.67230829999994 ], [ -38.8243262, -7.67725409999997 ], [ -38.8242413, -7.67834429999994 ], [ -38.819914599999898, -7.68167769999997 ], [ -38.819854, -7.68176289999997 ], [ -38.8192713, -7.68258259999993 ], [ -38.8191732, -7.68295739999996 ], [ -38.819142499999899, -7.68307469999996 ], [ -38.8185435, -7.68536379999995 ], [ -38.8158316, -7.686664 ], [ -38.8151043, -7.68797959999995 ], [ -38.8150317999999, -7.688528 ], [ -38.8154061, -7.69132849999994 ], [ -38.8150239, -7.69739079999994 ], [ -38.8168802, -7.69966659999994 ], [ -38.816907199999903, -7.70056479999994 ], [ -38.8169085, -7.70060979999994 ], [ -38.816908899999902, -7.70062159999998 ], [ -38.818064, -7.70200819999997 ], [ -38.818161099999898, -7.70212469999996 ], [ -38.8184391, -7.70298329999997 ], [ -38.817408199999903, -7.705859 ], [ -38.8190837, -7.70946219999996 ], [ -38.8219622, -7.71479439999996 ], [ -38.8245798, -7.71588979999996 ], [ -38.828109299999902, -7.71961449999998 ], [ -38.830650299999903, -7.72040119999997 ], [ -38.831823799999903, -7.72045809999997 ], [ -38.8335519, -7.71960789999997 ], [ -38.834482099999903, -7.71966779999997 ], [ -38.838022899999899, -7.71989549999995 ], [ -38.8385729, -7.71993079999993 ], [ -38.8461022, -7.720415 ], [ -38.8496881, -7.71712539999993 ], [ -38.851745, -7.71593739999997 ], [ -38.8518321, -7.71592069999997 ], [ -38.8537719, -7.71554939999993 ], [ -38.8544391, -7.71594039999997 ], [ -38.8545419, -7.71600069999994 ], [ -38.8555215, -7.71657469999997 ], [ -38.8575753, -7.71484759999993 ], [ -38.857740799999902, -7.71470829999993 ], [ -38.8609364, -7.71460779999995 ], [ -38.864436399999903, -7.71364209999996 ], [ -38.866662899999902, -7.71127979999994 ], [ -38.8680317, -7.71121719999996 ], [ -38.868851699999901, -7.71117979999997 ], [ -38.869744599999898, -7.71154169999994 ], [ -38.8730803, -7.71486649999997 ], [ -38.873327699999898, -7.71709569999996 ], [ -38.874161199999897, -7.719093 ], [ -38.879804099999902, -7.72330159999996 ], [ -38.8809128, -7.72496459999996 ], [ -38.881027199999899, -7.72623589999995 ], [ -38.881190499999903, -7.72805039999997 ], [ -38.8796321, -7.73124359999997 ], [ -38.8794854, -7.73250069999995 ], [ -38.87933, -7.733832 ], [ -38.880242, -7.73556539999993 ], [ -38.880155, -7.73591229999994 ], [ -38.8802587, -7.73617179999997 ], [ -38.8809646, -7.73793859999995 ], [ -38.8810534, -7.73877079999994 ], [ -38.8811042, -7.73924779999993 ], [ -38.881243799999901, -7.74055639999995 ], [ -38.8811851, -7.74107229999993 ], [ -38.881149, -7.74138519999997 ], [ -38.8811433, -7.74143429999998 ], [ -38.8811214, -7.74162459999997 ], [ -38.8808526, -7.74397179999994 ], [ -38.880626199999902, -7.74594779999995 ], [ -38.881397499999899, -7.74743229999996 ], [ -38.8851903999999, -7.74822109999997 ], [ -38.887526, -7.74817789999997 ], [ -38.8876594, -7.74817539999998 ], [ -38.8916709, -7.74943789999998 ], [ -38.892680299999903, -7.75029039999993 ], [ -38.8932872, -7.75033689999998 ], [ -38.8937892, -7.75037529999997 ], [ -38.8948106, -7.75045349999994 ], [ -38.8947942, -7.74011489999998 ], [ -38.894468699999898, -7.72553929999998 ], [ -38.892454799999904, -7.63535709999996 ], [ -38.8919111, -7.61101159999993 ], [ -38.892654999999898, -7.61154019999998 ], [ -38.8944061, -7.61128129999997 ], [ -38.895389599999902, -7.61105419999996 ], [ -38.896523, -7.61119209999993 ], [ -38.897308399999901, -7.61215559999994 ], [ -38.8978958, -7.61338829999994 ], [ -38.8987590999999, -7.61423819999993 ], [ -38.899904299999903, -7.61535129999993 ], [ -38.900929699999899, -7.61572249999995 ], [ -38.902392899999903, -7.61575879999998 ], [ -38.9034723, -7.61593249999993 ], [ -38.9047198, -7.61542419999995 ], [ -38.9055475, -7.61457479999996 ], [ -38.906087399999898, -7.613797 ], [ -38.907484899999901, -7.612849 ], [ -38.908102799999902, -7.61190669999996 ], [ -38.9087056, -7.61121579999997 ], [ -38.9095902, -7.61112919999994 ], [ -38.910445799999898, -7.61082619999996 ], [ -38.911107399999899, -7.61076449999996 ], [ -38.9116337, -7.61118889999995 ], [ -38.9122728, -7.611034 ], [ -38.9127326999999, -7.61033409999993 ], [ -38.912956699999903, -7.60972579999998 ], [ -38.9129389, -7.60840149999996 ], [ -38.9134647999999, -7.60764769999997 ], [ -38.9141964, -7.60769569999997 ], [ -38.914814, -7.60830609999994 ], [ -38.9161872, -7.60853369999995 ], [ -38.9174465, -7.60882719999995 ], [ -38.918657799999899, -7.60900689999994 ], [ -38.920628599999901, -7.60953179999996 ], [ -38.9221418999999, -7.60930669999993 ], [ -38.922915499999903, -7.60905749999995 ], [ -38.9236711, -7.60913939999995 ], [ -38.9242647, -7.60966009999993 ], [ -38.9245164, -7.61062939999994 ], [ -38.9251219, -7.61138349999993 ], [ -38.9258814, -7.61227309999992 ], [ -38.9269289, -7.61182649999995 ], [ -38.9272726, -7.61244089999997 ], [ -38.9270167, -7.613095 ], [ -38.9272404, -7.61371729999996 ], [ -38.928545799999902, -7.61323289999996 ], [ -38.930057, -7.61331689999997 ], [ -38.930315, -7.612593 ], [ -38.930183199999902, -7.61198859999996 ], [ -38.929175799999904, -7.61153969999998 ], [ -38.928489199999902, -7.61151569999993 ], [ -38.9286842, -7.61092929999995 ], [ -38.9293967, -7.61003189999997 ], [ -38.930165499999902, -7.61039109999996 ], [ -38.9307441, -7.61095659999995 ], [ -38.9314668, -7.61039129999995 ], [ -38.9323664, -7.60954179999993 ], [ -38.933505899999901, -7.60931459999995 ], [ -38.9345582999999, -7.60946429999996 ], [ -38.935064899999901, -7.61022429999997 ], [ -38.935713899999897, -7.61081749999994 ], [ -38.9359405, -7.609662 ], [ -38.935816799999898, -7.60831369999994 ], [ -38.9367323, -7.60859109999996 ], [ -38.937631699999898, -7.60936309999994 ], [ -38.938726599999903, -7.61012989999995 ], [ -38.9397521, -7.610012 ], [ -38.940644899999903, -7.61067079999998 ], [ -38.941409399999898, -7.61113469999998 ], [ -38.9416892, -7.61166919999994 ], [ -38.941241299999902, -7.61302539999997 ], [ -38.9412852, -7.61359979999997 ], [ -38.942200699999901, -7.61365379999995 ], [ -38.943292299999896, -7.61241539999997 ], [ -38.944024, -7.61195469999996 ], [ -38.944112, -7.61124269999993 ], [ -38.944817699999902, -7.61052479999995 ], [ -38.9456431999999, -7.61103949999995 ], [ -38.945661099999903, -7.61182929999995 ], [ -38.9452209, -7.61249219999996 ], [ -38.9450924, -7.61318389999997 ], [ -38.9456741, -7.61366259999994 ], [ -38.946435199999897, -7.61366779999997 ], [ -38.9476271999999, -7.61297639999998 ], [ -38.9482252, -7.61365929999994 ], [ -38.948836, -7.61407039999995 ], [ -38.9490024, -7.61320169999993 ], [ -38.949711299999898, -7.61282659999995 ], [ -38.950162099999901, -7.61216709999997 ], [ -38.950118, -7.61139779999996 ], [ -38.950747799999903, -7.61096489999994 ], [ -38.951138899999897, -7.60995239999994 ], [ -38.9519112999999, -7.61015439999994 ], [ -38.9524678, -7.60971079999996 ], [ -38.9532379, -7.60898569999995 ], [ -38.9539086, -7.60983939999994 ], [ -38.9543891, -7.61061209999997 ], [ -38.9549453999999, -7.61083409999998 ], [ -38.9554901, -7.61042549999996 ], [ -38.955932, -7.61015559999993 ], [ -38.9567254, -7.61079179999996 ], [ -38.957094799999901, -7.61115089999993 ], [ -38.9576561, -7.61162479999996 ], [ -38.958316, -7.61223619999993 ], [ -38.9592321, -7.61142149999995 ], [ -38.9594264, -7.61050489999997 ], [ -38.9590451, -7.609928 ], [ -38.959973499999897, -7.60920529999993 ], [ -38.9606499, -7.60926279999995 ], [ -38.960923299999898, -7.60997369999995 ], [ -38.961439599999899, -7.61043859999995 ], [ -38.9618445, -7.60960039999998 ], [ -38.9622673, -7.60864679999997 ], [ -38.962182799999901, -7.60768519999993 ], [ -38.9628392, -7.60645849999997 ], [ -38.9625356, -7.60564069999998 ], [ -38.9638165, -7.60588849999993 ], [ -38.96468, -7.60630139999995 ], [ -38.966161499999899, -7.60695039999996 ], [ -38.9673018, -7.60670249999993 ], [ -38.9681146, -7.60655859999997 ], [ -38.9685569, -7.60754029999993 ], [ -38.9696992, -7.60810039999996 ], [ -38.9705102, -7.60803729999998 ], [ -38.971254799999898, -7.60845469999998 ], [ -38.972333, -7.60841289999996 ], [ -38.973617499999897, -7.60899819999997 ], [ -38.9741895, -7.60952229999998 ], [ -38.9753517, -7.61007889999996 ], [ -38.9755693, -7.61098359999994 ], [ -38.9760712, -7.61155439999993 ], [ -38.976819599999899, -7.61183449999993 ], [ -38.9773053, -7.61231559999993 ], [ -38.978041899999901, -7.61292489999994 ], [ -38.9785467, -7.61205709999996 ], [ -38.978735599999901, -7.61140909999995 ], [ -38.979241199999898, -7.61100169999997 ], [ -38.9794643, -7.61159049999998 ], [ -38.979511, -7.61230849999993 ], [ -38.9798837, -7.61269339999996 ], [ -38.9804789, -7.61232889999997 ], [ -38.9808207, -7.61291709999995 ], [ -38.9826831, -7.61324349999995 ], [ -38.983411299999901, -7.61458469999997 ], [ -38.984214199999897, -7.61509759999996 ], [ -38.984627499999903, -7.61426649999993 ], [ -38.9853687, -7.61434789999993 ], [ -38.9858748, -7.61510179999993 ], [ -38.986436099999899, -7.61571929999997 ], [ -38.9871924999999, -7.61621229999997 ], [ -38.9872468, -7.61678669999998 ], [ -38.987714599999897, -7.61750719999998 ], [ -38.9893769, -7.61702129999998 ], [ -38.9905601, -7.61807289999996 ], [ -38.9931938, -7.61989419999998 ], [ -38.992938, -7.620327 ], [ -38.9955576, -7.620122 ], [ -38.9961127, -7.61994609999994 ], [ -38.9971176, -7.62041 ], [ -38.9992136, -7.62058039999994 ], [ -39.0000118, -7.62107159999994 ], [ -39.000374899999898, -7.62160619999997 ], [ -39.0009147, -7.62255379999993 ], [ -39.002109699999899, -7.62340209999996 ], [ -39.0043075, -7.62293619999997 ], [ -39.0054536, -7.62431159999994 ], [ -39.0083404, -7.62414219999994 ], [ -39.0097091, -7.62392859999994 ], [ -39.0105631, -7.62428279999995 ], [ -39.0118552, -7.62435249999993 ], [ -39.0124820999999, -7.62446939999995 ], [ -39.0132366, -7.624519 ], [ -39.0140906, -7.62480619999997 ], [ -39.0138388, -7.62578989999997 ], [ -39.013316099999898, -7.62635749999993 ], [ -39.0131407, -7.62717079999993 ], [ -39.0127378, -7.62800849999996 ], [ -39.0126898, -7.62870259999994 ], [ -39.0133087, -7.628918 ], [ -39.0138732, -7.62928649999998 ], [ -39.015035899999901, -7.62989439999996 ], [ -39.0158036, -7.63020549999993 ], [ -39.016195099999898, -7.63120209999994 ], [ -39.017075, -7.63204829999995 ], [ -39.0179418, -7.63164779999994 ], [ -39.019109199999903, -7.63163179999998 ], [ -39.020088, -7.63169879999998 ], [ -39.020716499999899, -7.63155279999995 ], [ -39.0215286, -7.63174969999994 ], [ -39.0226125, -7.63222739999998 ], [ -39.023537, -7.63287429999997 ], [ -39.024508899999901, -7.63377839999993 ], [ -39.025605, -7.63437679999993 ], [ -39.0263742, -7.63427879999995 ], [ -39.0271612, -7.634273 ], [ -39.028016099999903, -7.63246109999994 ], [ -39.0301918, -7.62723289999997 ], [ -39.0306102, -7.62624189999997 ], [ -39.031029299999901, -7.62521819999995 ], [ -39.031262599999899, -7.62430129999996 ], [ -39.0314506, -7.62282209999995 ], [ -39.0314207, -7.62154409999994 ], [ -39.031103899999898, -7.619347 ], [ -39.030810099999897, -7.61682049999996 ], [ -39.0306214, -7.61504979999995 ], [ -39.030815699999899, -7.61417019999993 ], [ -39.0316826, -7.61106479999995 ], [ -39.0317964, -7.61049489999994 ], [ -39.0318518, -7.60975769999993 ], [ -39.031851699999898, -7.60975439999993 ], [ -39.0318516, -7.60974949999996 ], [ -39.031851199999899, -7.60973419999993 ], [ -39.0318402, -7.60930029999997 ], [ -39.0317985, -7.60764749999993 ], [ -39.0317545, -7.60590589999993 ], [ -39.031687, -7.603237 ], [ -39.0316261, -7.60082539999996 ], [ -39.031590299999898, -7.59940969999997 ], [ -39.031567, -7.59848479999994 ], [ -39.0315633, -7.598339 ], [ -39.031532399999897, -7.59711679999998 ], [ -39.0313272, -7.58899779999996 ], [ -39.0310509, -7.57806309999995 ], [ -39.0310496, -7.57800869999994 ], [ -39.0310463, -7.57787909999996 ], [ -39.0310445, -7.57780979999995 ], [ -39.0310441, -7.57779319999997 ], [ -39.031043899999901, -7.57778609999997 ], [ -39.0310438, -7.57778029999997 ], [ -39.0310431, -7.57775249999997 ], [ -39.031043, -7.57774779999994 ], [ -39.0310428, -7.57774229999995 ], [ -39.031042699999901, -7.57773689999993 ], [ -39.0310425, -7.57773119999996 ], [ -39.0310339, -7.57738839999996 ], [ -39.031020899999902, -7.57687549999997 ], [ -39.030997699999901, -7.57595539999994 ], [ -39.0309728, -7.57497239999998 ], [ -39.0308226, -7.56902639999993 ], [ -39.0306876, -7.56368459999993 ], [ -39.0305531999999, -7.55836449999993 ], [ -39.030344899999903, -7.55012029999995 ], [ -39.030256999999899, -7.54664439999993 ], [ -39.030202099999897, -7.54447179999994 ], [ -39.0301799, -7.54359309999995 ], [ -39.0301711, -7.54324489999993 ], [ -39.030158099999902, -7.54272969999994 ], [ -39.030144, -7.54217069999993 ], [ -39.0301431, -7.54213539999995 ], [ -39.0301385, -7.541953 ], [ -39.030133799999902, -7.541766 ], [ -39.030129299999899, -7.54158949999993 ], [ -39.0301243, -7.54139139999995 ], [ -39.030119399999897, -7.54119789999993 ], [ -39.0301186, -7.54116379999994 ], [ -39.030117899999901, -7.54113849999993 ], [ -39.0301168, -7.54109529999994 ], [ -39.030114599999898, -7.54100709999994 ], [ -39.030113399999898, -7.54095939999996 ], [ -39.030112899999899, -7.54093909999995 ], [ -39.0301124, -7.54091909999994 ], [ -39.030107, -7.54070809999996 ], [ -39.0299117, -7.53297889999993 ], [ -39.0461816, -7.519795 ], [ -39.0493379, -7.51723729999998 ], [ -39.059967, -7.50862429999995 ], [ -39.0884096999999, -7.48557639999996 ], [ -39.0983926, -7.48347969999998 ], [ -39.1214835, -7.46983289999997 ], [ -39.146157199999898, -7.45525079999993 ], [ -39.153497, -7.45091289999993 ], [ -39.1474466, -7.45383789999994 ], [ -39.1464371, -7.45377359999998 ], [ -39.1453688, -7.45384219999994 ], [ -39.1445848, -7.45407579999994 ], [ -39.1435994, -7.454462 ], [ -39.1425887, -7.45452159999996 ], [ -39.141754299999903, -7.45455059999995 ], [ -39.1407364, -7.45463709999996 ], [ -39.1397833, -7.45488149999994 ], [ -39.139124, -7.45510909999996 ], [ -39.1382007999999, -7.45502919999996 ], [ -39.1371288, -7.45470639999996 ], [ -39.136157599999898, -7.45438959999996 ], [ -39.135301599999899, -7.45440659999997 ], [ -39.1337933, -7.45432329999994 ], [ -39.1328128, -7.45509189999996 ], [ -39.131960799999902, -7.455536 ], [ -39.13116, -7.45576789999996 ], [ -39.1310569, -7.45579779999997 ], [ -39.1301354, -7.45602089999994 ], [ -39.129108099999897, -7.45626969999995 ], [ -39.127809, -7.45658429999997 ], [ -39.126689699999901, -7.45685529999997 ], [ -39.125840599999897, -7.457166 ], [ -39.124919799999901, -7.45766929999996 ], [ -39.1241342, -7.45834409999998 ], [ -39.123364599999903, -7.459148 ], [ -39.122426699999899, -7.46013859999994 ], [ -39.1215275, -7.46038519999996 ], [ -39.1207726, -7.46056619999996 ], [ -39.1202046, -7.46078059999996 ], [ -39.1187868, -7.46107589999997 ], [ -39.1173769, -7.46144009999995 ], [ -39.117204699999903, -7.46145709999996 ], [ -39.1161157, -7.46156489999993 ], [ -39.114849999999898, -7.46085879999993 ], [ -39.114024099999902, -7.46062659999996 ], [ -39.112834099999901, -7.46046389999998 ], [ -39.1119709, -7.46046709999996 ], [ -39.1111311, -7.46051069999993 ], [ -39.109981199999901, -7.46088839999993 ], [ -39.1088283, -7.46114489999997 ], [ -39.107970599999902, -7.46164049999993 ], [ -39.1072272, -7.46177 ], [ -39.1065846, -7.46190889999997 ], [ -39.1058556999999, -7.46219629999996 ], [ -39.104935, -7.46253159999998 ], [ -39.103598599999899, -7.46284779999996 ], [ -39.1012327, -7.463059 ], [ -39.099592599999902, -7.46321259999996 ], [ -39.098523199999903, -7.46342819999995 ], [ -39.0977319, -7.46344269999997 ], [ -39.0970253, -7.46353219999997 ], [ -39.0961973, -7.46392169999996 ], [ -39.095276399999896, -7.464141 ], [ -39.094518799999904, -7.46404659999996 ], [ -39.093892099999898, -7.46390309999992 ], [ -39.092830499999899, -7.463372 ], [ -39.0912238, -7.46281709999994 ], [ -39.0901974, -7.46236729999993 ], [ -39.0892956, -7.46178349999997 ], [ -39.0886376999999, -7.46146409999994 ], [ -39.0861482, -7.45854649999995 ], [ -39.0836348999999, -7.458299 ], [ -39.0819064, -7.458074 ], [ -39.081483799999901, -7.458019 ], [ -39.0805746, -7.45724169999994 ], [ -39.080103999999899, -7.45562389999998 ], [ -39.080140899999897, -7.45404539999993 ], [ -39.0808918, -7.45039309999993 ], [ -39.0792488, -7.44743929999993 ], [ -39.078503399999903, -7.44613479999998 ], [ -39.0781807, -7.44488229999996 ], [ -39.077727599999903, -7.43935549999998 ], [ -39.0770444999999, -7.43810729999996 ], [ -39.0765271, -7.43623489999993 ], [ -39.076599299999899, -7.43425929999995 ], [ -39.0764722, -7.43290789999998 ], [ -39.076066899999901, -7.43106349999994 ], [ -39.0763573999999, -7.429627 ], [ -39.076934299999898, -7.42751109999995 ], [ -39.0770201999999, -7.42657479999997 ], [ -39.0781401, -7.42305149999993 ], [ -39.078199799999901, -7.42203409999996 ], [ -39.072098099999899, -7.42233069999997 ], [ -39.044297399999898, -7.42368229999994 ], [ -39.0386134, -7.42395869999996 ], [ -39.0305537, -7.42435049999995 ], [ -39.0300386, -7.42437549999994 ], [ -39.008871, -7.42540459999998 ], [ -39.0080766, -7.42544329999993 ], [ -39.008065499999901, -7.42544379999993 ], [ -39.007315199999901, -7.42548029999995 ], [ -39.0064025, -7.42552459999996 ], [ -39.005992999999897, -7.42554449999994 ], [ -39.0054895, -7.425569 ], [ -39.005031899999899, -7.42559129999995 ], [ -39.0044399, -7.42562009999995 ], [ -39.0041385, -7.42563469999993 ], [ -39.003712699999902, -7.42565539999993 ], [ -39.0035617, -7.42566279999994 ], [ -39.0028740999999, -7.42569619999995 ], [ -39.0024999, -7.42571439999995 ], [ -39.0020762, -7.425735 ], [ -39.001495799999901, -7.42576319999995 ], [ -39.0010164, -7.42578649999996 ], [ -39.000309, -7.42582089999996 ], [ -38.9991790999999, -7.42587579999997 ], [ -38.9948214, -7.42608769999993 ], [ -38.9921603, -7.426217 ], [ -38.9897493, -7.42633429999995 ], [ -38.9878035, -7.42642879999994 ], [ -38.986162099999902, -7.42650859999998 ], [ -38.9826636, -7.42667869999997 ], [ -38.9800944, -7.42680359999997 ], [ -38.978584, -7.42687709999996 ], [ -38.977410399999897, -7.42693409999993 ], [ -38.976501, -7.42697829999997 ], [ -38.975424299999901, -7.42703069999993 ], [ -38.9740821, -7.42709589999993 ], [ -38.9723564, -7.42717979999998 ], [ -38.971111, -7.42724039999996 ], [ -38.9705144, -7.42726939999994 ], [ -38.969878, -7.42730029999996 ], [ -38.9631338, -7.42745539999993 ], [ -38.9567408999999, -7.42760229999993 ], [ -38.9530847999999, -7.42768639999997 ], [ -38.951040799999902, -7.42773329999994 ], [ -38.9497633, -7.42776269999996 ], [ -38.9487837, -7.42778519999996 ], [ -38.948009699999901, -7.427803 ], [ -38.947459, -7.42781569999994 ], [ -38.9470744, -7.42782449999993 ], [ -38.946551, -7.42783659999998 ], [ -38.9463155, -7.427842 ], [ -38.9459558, -7.42785019999997 ], [ -38.9457603, -7.42785469999995 ], [ -38.945658099999903, -7.42785709999993 ], [ -38.945483, -7.42786109999997 ], [ -38.9454117, -7.42786269999993 ], [ -38.9452635, -7.42786619999993 ], [ -38.9450765, -7.42787049999993 ], [ -38.944816699999897, -7.42787639999995 ], [ -38.9446525, -7.42788019999995 ], [ -38.944448, -7.42788489999998 ], [ -38.9441388, -7.427892 ], [ -38.943926599999898, -7.42789689999995 ], [ -38.943922, -7.427897 ], [ -38.9436264, -7.42790379999997 ], [ -38.9433824, -7.42790939999998 ], [ -38.941733699999901, -7.42794729999997 ], [ -38.9416752, -7.42794859999998 ], [ -38.940520499999899, -7.42797519999993 ], [ -38.9391012, -7.42868549999997 ], [ -38.9272677, -7.43460829999998 ], [ -38.9266679, -7.43490849999995 ], [ -38.8823563, -7.45708689999998 ], [ -38.881204399999902, -7.45867839999994 ], [ -38.854303199999897, -7.49584729999998 ], [ -38.8376104, -7.51891149999994 ] ] ] ] } },
{ "type": "Feature", "properties": { "CD_MUN": "2301703", "NM_MUN": "Aurora", "CD_RGI": "230011", "NM_RGI": "Juazeiro do Norte", "CD_RGINT": "2304", "NM_RGINT": "Juazeiro do Norte", "CD_UF": "23", "NM_UF": "Ceará", "SIGLA_UF": "CE", "CD_REGIAO": "2", "NM_REGIAO": "Nordeste", "SIGLA_RG": "NE", "CD_CONCURB": null, "NM_CONCURB": null, "AREA_KM2": 885.87 }, "geometry": { "type": "MultiPolygon", "coordinates": [ [ [ [ -38.9611235, -7.08503439999993 ], [ -38.961597099999899, -7.08551359999996 ], [ -39.025453599999899, -7.15010609999996 ], [ -39.0262501999999, -7.150005 ], [ -39.027100899999901, -7.15053389999997 ], [ -39.0278127, -7.15096949999997 ], [ -39.0288431, -7.15128559999994 ], [ -39.0295919, -7.15167659999997 ], [ -39.0304015, -7.15139839999995 ], [ -39.0310727, -7.15197109999997 ], [ -39.0318516, -7.15177339999997 ], [ -39.0319234, -7.15057909999996 ], [ -39.03195, -7.14999319999993 ], [ -39.0318649, -7.14906669999993 ], [ -39.0329343, -7.148904 ], [ -39.0339721, -7.14867079999993 ], [ -39.0344142, -7.14926489999993 ], [ -39.035662699999897, -7.14939169999997 ], [ -39.0364415, -7.149193 ], [ -39.037095599999901, -7.14920189999998 ], [ -39.038074799999897, -7.14952169999998 ], [ -39.038717899999902, -7.14931 ], [ -39.039430099999898, -7.14866859999995 ], [ -39.0401605, -7.14837279999995 ], [ -39.040838199999897, -7.14802039999995 ], [ -39.0413498, -7.14716769999995 ], [ -39.0409893, -7.14634679999995 ], [ -39.040777799999901, -7.14567249999993 ], [ -39.040962799999903, -7.14494429999996 ], [ -39.041061, -7.14433159999993 ], [ -39.0410226, -7.143817 ], [ -39.0411814, -7.14298849999994 ], [ -39.0418116, -7.14212959999998 ], [ -39.042538799999903, -7.14238989999996 ], [ -39.043255799999898, -7.14231609999996 ], [ -39.0451055999999, -7.14199519999994 ], [ -39.0457863, -7.14189839999995 ], [ -39.0467542, -7.142244 ], [ -39.048284899999899, -7.14205709999993 ], [ -39.0491637, -7.14055879999995 ], [ -39.0496236, -7.139295 ], [ -39.050102799999898, -7.138261 ], [ -39.05132, -7.13765769999998 ], [ -39.052364699999899, -7.137897 ], [ -39.0530932, -7.138299 ], [ -39.053975099999903, -7.13875839999997 ], [ -39.0562371, -7.13916019999994 ], [ -39.058460899999901, -7.13961949999998 ], [ -39.0601095, -7.14017449999994 ], [ -39.0613172, -7.14046159999998 ], [ -39.0623717, -7.14169639999994 ], [ -39.0634262, -7.142893 ], [ -39.064059, -7.14385029999994 ], [ -39.0646214, -7.144916 ], [ -39.0653740999999, -7.14523109999993 ], [ -39.0662432, -7.145994 ], [ -39.0667659, -7.146649 ], [ -39.0676035, -7.14709279999994 ], [ -39.0681786, -7.14701489999993 ], [ -39.068716799999898, -7.14710529999996 ], [ -39.069158, -7.14717929999995 ], [ -39.0701195, -7.14705649999996 ], [ -39.0709462, -7.14697259999997 ], [ -39.072202499999896, -7.14707839999994 ], [ -39.0715891, -7.14646989999994 ], [ -39.0705153, -7.14596459999996 ], [ -39.070838099999897, -7.14517759999995 ], [ -39.071113599999897, -7.14450739999995 ], [ -39.0709618, -7.14388209999993 ], [ -39.0714469, -7.14321089999993 ], [ -39.0720613, -7.14278109999998 ], [ -39.0726048, -7.14215369999994 ], [ -39.0733058, -7.142712 ], [ -39.073539599999897, -7.14335819999997 ], [ -39.0737973, -7.14402829999995 ], [ -39.0737046, -7.14495579999993 ], [ -39.0734441, -7.14556609999994 ], [ -39.0733513, -7.14623629999994 ], [ -39.0741631, -7.14641269999993 ], [ -39.0749478, -7.14617019999997 ], [ -39.0756547, -7.14637159999995 ], [ -39.0754153, -7.14743349999998 ], [ -39.0757869, -7.14845579999997 ], [ -39.0766915, -7.14885049999998 ], [ -39.0776801, -7.14961629999993 ], [ -39.0783152, -7.14997519999997 ], [ -39.0787796, -7.15079179999998 ], [ -39.078582099999899, -7.15180609999993 ], [ -39.078719, -7.152901 ], [ -39.078442799999898, -7.15377589999997 ], [ -39.0778366, -7.15425939999994 ], [ -39.077330699999898, -7.15496239999993 ], [ -39.077486399999898, -7.15579429999997 ], [ -39.0782503, -7.15626379999998 ], [ -39.0793047, -7.15640129999997 ], [ -39.0801015, -7.15635919999994 ], [ -39.0809906, -7.15664029999994 ], [ -39.0818629, -7.15688549999993 ], [ -39.082664099999903, -7.15658179999997 ], [ -39.0838876, -7.15642839999992 ], [ -39.0848223, -7.15676529999996 ], [ -39.085684899999897, -7.15687279999997 ], [ -39.0867193999999, -7.15703419999994 ], [ -39.0880094, -7.15710569999993 ], [ -39.088872099999897, -7.15733289999997 ], [ -39.089810699999902, -7.15742849999998 ], [ -39.0900702, -7.15698569999995 ], [ -39.0903815, -7.15619879999997 ], [ -39.0910885, -7.15622559999997 ], [ -39.0914096999999, -7.156861 ], [ -39.0911846, -7.15785309999995 ], [ -39.0908014, -7.15857709999995 ], [ -39.0903183, -7.15941089999995 ], [ -39.090346399999902, -7.16023469999993 ], [ -39.0902627, -7.16112619999996 ], [ -39.0897656, -7.161949 ], [ -39.0899827, -7.16296439999996 ], [ -39.090706399999902, -7.16316049999995 ], [ -39.0913214, -7.16283329999993 ], [ -39.091760599999901, -7.16212519999993 ], [ -39.092119899999901, -7.161417 ], [ -39.0926433, -7.16059839999997 ], [ -39.093497399999897, -7.15946509999998 ], [ -39.0946354, -7.15860429999998 ], [ -39.0950986, -7.15787819999997 ], [ -39.0951623, -7.15695469999997 ], [ -39.0949854, -7.15606619999994 ], [ -39.094811299999897, -7.15485529999995 ], [ -39.095685699999898, -7.15447949999998 ], [ -39.096057899999899, -7.15385149999997 ], [ -39.097105699999901, -7.15408819999993 ], [ -39.097839599999901, -7.15459669999996 ], [ -39.0983529, -7.15502939999993 ], [ -39.0989122, -7.15568539999992 ], [ -39.100316399999897, -7.15604509999997 ], [ -39.1009609, -7.15518839999993 ], [ -39.101964199999898, -7.15431459999996 ], [ -39.1028459, -7.15476709999996 ], [ -39.1025157, -7.15579529999997 ], [ -39.101548299999898, -7.15627959999995 ], [ -39.102043099999896, -7.15727549999997 ], [ -39.1023784, -7.15836829999995 ], [ -39.1032407, -7.15818889999997 ], [ -39.1042765, -7.15817939999994 ], [ -39.104268299999902, -7.15733449999993 ], [ -39.1044358, -7.15643809999995 ], [ -39.1051666, -7.15591739999996 ], [ -39.105865499999901, -7.15586139999994 ], [ -39.1070836, -7.15588109999993 ], [ -39.1081379, -7.15562949999997 ], [ -39.108707099999897, -7.15577 ], [ -39.1087156, -7.15657959999993 ], [ -39.1092525, -7.15707429999998 ], [ -39.1100911, -7.15669109999993 ], [ -39.110791199999902, -7.15586419999994 ], [ -39.111457, -7.15664589999994 ], [ -39.1117856, -7.15773 ], [ -39.1121501, -7.15843379999995 ], [ -39.1128135, -7.15783979999998 ], [ -39.113030599999902, -7.15736749999996 ], [ -39.1135864, -7.15650569999997 ], [ -39.1142763, -7.15589279999995 ], [ -39.1150909, -7.15526079999995 ], [ -39.1152154, -7.15472459999995 ], [ -39.115033099999899, -7.15416459999994 ], [ -39.114735799999899, -7.153552 ], [ -39.1148075, -7.15272859999993 ], [ -39.115614799999904, -7.15174709999997 ], [ -39.1166989, -7.15162239999995 ], [ -39.116215, -7.15058279999994 ], [ -39.1166231, -7.149633 ], [ -39.116814599999898, -7.14892259999993 ], [ -39.117162699999902, -7.14808009999996 ], [ -39.1175938, -7.14723429999998 ], [ -39.117711799999903, -7.14630879999993 ], [ -39.118770599999898, -7.14670109999997 ], [ -39.119162199999899, -7.14584889999998 ], [ -39.1192818, -7.14508619999998 ], [ -39.1199958, -7.14499979999994 ], [ -39.1204814, -7.14464229999993 ], [ -39.121227299999902, -7.14437239999995 ], [ -39.1219637, -7.14487179999998 ], [ -39.122115699999902, -7.14374319999996 ], [ -39.1219052, -7.14276159999997 ], [ -39.122394299999897, -7.14254559999995 ], [ -39.122883, -7.14277309999994 ], [ -39.124253, -7.14331129999994 ], [ -39.125228299999897, -7.14322239999996 ], [ -39.1257841, -7.14287759999996 ], [ -39.1265819, -7.14295759999993 ], [ -39.127231499999901, -7.14335109999996 ], [ -39.1285543, -7.14375759999996 ], [ -39.1292797, -7.14399679999997 ], [ -39.1300208, -7.14358489999995 ], [ -39.1306724, -7.14291459999993 ], [ -39.131462999999897, -7.14242609999997 ], [ -39.1330493, -7.14250219999997 ], [ -39.133712199999898, -7.14247329999995 ], [ -39.1335619, -7.14190849999994 ], [ -39.1333493, -7.14129589999993 ], [ -39.1328091, -7.14038649999998 ], [ -39.1319212, -7.13948219999997 ], [ -39.132275799999903, -7.13883659999993 ], [ -39.132722199999897, -7.13846229999996 ], [ -39.1333787, -7.138228 ], [ -39.133904599999902, -7.13798209999993 ], [ -39.1348849, -7.13729369999993 ], [ -39.1359282, -7.13711289999998 ], [ -39.1363413, -7.13621669999998 ], [ -39.134994199999902, -7.135693 ], [ -39.1350421, -7.13490339999993 ], [ -39.1353303, -7.13372619999996 ], [ -39.135532, -7.13245849999993 ], [ -39.1353824, -7.13156729999997 ], [ -39.135842399999902, -7.13075159999994 ], [ -39.1336711, -7.13021319999996 ], [ -39.1327021, -7.12979269999994 ], [ -39.1312412999999, -7.12857189999994 ], [ -39.1300184, -7.12762229999993 ], [ -39.129098199999902, -7.12637539999997 ], [ -39.1281203, -7.12537049999997 ], [ -39.126281499999898, -7.12392549999993 ], [ -39.1256273, -7.121513 ], [ -39.1240045, -7.11785359999993 ], [ -39.1220334, -7.112935 ], [ -39.1194853, -7.10906829999993 ], [ -39.1189413, -7.10652409999994 ], [ -39.118159499999898, -7.103946 ], [ -39.115917399999901, -7.10113079999996 ], [ -39.1154754, -7.09909539999995 ], [ -39.1154751, -7.09796469999998 ], [ -39.1154748, -7.096834 ], [ -39.115304799999898, -7.09580479999994 ], [ -39.114788, -7.09327989999997 ], [ -39.114319099999904, -7.09203929999995 ], [ -39.112493599999901, -7.09071139999998 ], [ -39.1102478, -7.089434 ], [ -39.1104127, -7.08827479999997 ], [ -39.110853899999903, -7.08746059999993 ], [ -39.110959799999897, -7.08640029999998 ], [ -39.111388299999902, -7.08542479999994 ], [ -39.1125087, -7.08450859999994 ], [ -39.1138328, -7.083253 ], [ -39.1149872, -7.08233689999997 ], [ -39.117364199999898, -7.08182729999993 ], [ -39.119723899999897, -7.08151359999994 ], [ -39.1216678, -7.08092869999996 ], [ -39.1226614, -7.08023149999997 ], [ -39.123951599999899, -7.07962059999994 ], [ -39.1259198, -7.07942409999993 ], [ -39.1269058, -7.07887329999994 ], [ -39.128196, -7.07826239999997 ], [ -39.1306752, -7.07866869999998 ], [ -39.1322177, -7.07883889999994 ], [ -39.1337993, -7.07843039999995 ], [ -39.135089299999898, -7.07690339999994 ], [ -39.1359719, -7.07568189999995 ], [ -39.136718099999896, -7.07327319999996 ], [ -39.13734, -7.07164379999995 ], [ -39.138460699999897, -7.07128629999994 ], [ -39.139258299999902, -7.07066849999995 ], [ -39.139243599999901, -7.06954839999997 ], [ -39.1392883, -7.06846759999996 ], [ -39.140051099999901, -7.06646229999996 ], [ -39.140916499999904, -7.06539539999994 ], [ -39.141557099999901, -7.06446169999998 ], [ -39.143612899999901, -7.06042159999993 ], [ -39.152249599999898, -7.04344729999997 ], [ -39.1572727, -7.03357529999994 ], [ -39.1569054, -7.02914759999993 ], [ -39.155597499999899, -7.013382 ], [ -39.1575802, -7.01125719999993 ], [ -39.162422299999903, -7.00606789999995 ], [ -39.161527, -6.99946659999995 ], [ -39.158026499999899, -6.99673989999997 ], [ -39.1553749, -6.99446839999996 ], [ -39.1552591, -6.992122 ], [ -39.1545234, -6.99052289999997 ], [ -39.1525803, -6.98983149999998 ], [ -39.1506107, -6.98835309999993 ], [ -39.1493318, -6.98669449999994 ], [ -39.149021499999897, -6.98326519999995 ], [ -39.1438008, -6.98304429999996 ], [ -39.1421874, -6.98282049999995 ], [ -39.139326, -6.98113609999996 ], [ -39.1361046, -6.98074979999996 ], [ -39.134031299999897, -6.98049619999995 ], [ -39.1299663, -6.98049739999993 ], [ -39.12861, -6.97985459999995 ], [ -39.126901, -6.97755469999993 ], [ -39.1224564, -6.97305089999998 ], [ -39.1157987, -6.96580129999995 ], [ -39.110464799999903, -6.96272879999998 ], [ -39.1085251, -6.96314649999994 ], [ -39.1070126, -6.96347229999998 ], [ -39.106444, -6.96340139999995 ], [ -39.1044626, -6.96279709999993 ], [ -39.1021148, -6.96103359999995 ], [ -39.101300599999902, -6.95976829999995 ], [ -39.1005461, -6.95347339999995 ], [ -39.0985014, -6.95106309999994 ], [ -39.0974825, -6.950191 ], [ -39.0957574, -6.94758849999994 ], [ -39.0934422999999, -6.94464139999997 ], [ -39.093192299999899, -6.94431179999998 ], [ -39.092743299999903, -6.94371979999994 ], [ -39.090157299999902, -6.94289129999993 ], [ -39.088995699999899, -6.94054169999993 ], [ -39.087792299999897, -6.93861789999994 ], [ -39.086819799999901, -6.93731719999994 ], [ -39.087495299999901, -6.935976 ], [ -39.0892828, -6.93621039999994 ], [ -39.090381799999903, -6.93602839999994 ], [ -39.0908216, -6.93530829999997 ], [ -39.086532599999899, -6.93123929999996 ], [ -39.083486299999898, -6.93045909999995 ], [ -39.0791177, -6.93136089999996 ], [ -39.0748374, -6.92955959999995 ], [ -39.0729873, -6.93031969999993 ], [ -39.0714591999999, -6.93005039999997 ], [ -39.0736325, -6.92830149999998 ], [ -39.074556399999899, -6.92668569999995 ], [ -39.0738195, -6.92596029999993 ], [ -39.0706436, -6.92382139999995 ], [ -39.0681466999999, -6.92246939999995 ], [ -39.067104599999901, -6.92085389999994 ], [ -39.0686178999999, -6.91911959999993 ], [ -39.070185599999903, -6.918089 ], [ -39.069141699999903, -6.91726779999993 ], [ -39.064464299999898, -6.91630049999998 ], [ -39.0607595, -6.91152649999998 ], [ -39.0570463, -6.910664 ], [ -39.0520195, -6.90918829999993 ], [ -39.0486655999999, -6.90818189999993 ], [ -39.0474553, -6.90831769999994 ], [ -39.045097199999901, -6.90836829999995 ], [ -39.0449991999999, -6.90837039999997 ], [ -39.0427978, -6.90617869999994 ], [ -39.044361599999903, -6.90199569999993 ], [ -39.0434174, -6.90017029999996 ], [ -39.0362354, -6.89772209999995 ], [ -39.0226612, -6.89590829999997 ], [ -39.0208584, -6.895257 ], [ -39.0214043, -6.89149449999996 ], [ -39.021136, -6.89024029999996 ], [ -39.0200748, -6.889313 ], [ -39.0189071, -6.88763049999994 ], [ -39.0178551999999, -6.88493569999997 ], [ -39.015212, -6.88120069999997 ], [ -39.015410099999897, -6.87842529999995 ], [ -39.0145185, -6.87743569999998 ], [ -39.0119642, -6.87694549999998 ], [ -39.0065749, -6.87383379999994 ], [ -39.000659799999902, -6.87399209999995 ], [ -38.998980699999898, -6.873794 ], [ -38.997551499999901, -6.87269849999996 ], [ -38.9956969, -6.87094809999996 ], [ -38.9929897, -6.87010319999996 ], [ -38.988831699999899, -6.86855379999997 ], [ -38.9783428, -6.86845459999995 ], [ -38.9787492, -6.86784049999994 ], [ -38.9791701, -6.86715879999997 ], [ -38.9796345, -6.86649159999996 ], [ -38.980157, -6.86582439999995 ], [ -38.9806505, -6.86502669999993 ], [ -38.980868299999898, -6.86402589999994 ], [ -38.9808393, -6.86273489999996 ], [ -38.980491, -6.86200969999993 ], [ -38.9790882, -6.86128019999995 ], [ -38.976906299999897, -6.86135679999995 ], [ -38.9753244, -6.86173379999997 ], [ -38.9740575, -6.86293089999998 ], [ -38.973248899999902, -6.86328569999995 ], [ -38.9715074, -6.86332919999995 ], [ -38.970701899999902, -6.86327109999996 ], [ -38.969839299999897, -6.86270539999992 ], [ -38.969112799999898, -6.86203079999996 ], [ -38.964875, -6.86202329999998 ], [ -38.9608337, -6.86281329999997 ], [ -38.957272799999899, -6.86387229999997 ], [ -38.95562, -6.86440409999994 ], [ -38.953195, -6.86657119999995 ], [ -38.9507085, -6.86726289999996 ], [ -38.948277399999903, -6.86699759999993 ], [ -38.944494, -6.86642639999997 ], [ -38.941747099999901, -6.86544189999995 ], [ -38.938437399999899, -6.86295659999996 ], [ -38.937410199999903, -6.86254939999998 ], [ -38.9311379, -6.86091749999997 ], [ -38.920251999999898, -6.86120709999994 ], [ -38.918107899999903, -6.860636 ], [ -38.914235, -6.86015219999996 ], [ -38.9113479, -6.85965639999995 ], [ -38.906542699999903, -6.859058 ], [ -38.8910802, -6.85716419999994 ], [ -38.889027499999898, -6.85707409999998 ], [ -38.8832249, -6.85671629999996 ], [ -38.8775117, -6.85725039999994 ], [ -38.8750115, -6.85849909999996 ], [ -38.8717085, -6.85965789999995 ], [ -38.8673673, -6.86059929999993 ], [ -38.866313799999901, -6.86046509999994 ], [ -38.8656495, -6.85997279999998 ], [ -38.8629334, -6.85644949999994 ], [ -38.860982, -6.85658109999997 ], [ -38.856010399999903, -6.859032 ], [ -38.847510199999903, -6.86024829999997 ], [ -38.844728, -6.85997009999994 ], [ -38.843303299999903, -6.85981369999996 ], [ -38.8396142, -6.85848519999996 ], [ -38.8344931, -6.85741739999997 ], [ -38.8294566, -6.85743949999994 ], [ -38.8227588, -6.85695379999993 ], [ -38.8196712, -6.85672989999995 ], [ -38.818793399999898, -6.85748359999997 ], [ -38.8172021, -6.861378 ], [ -38.8162184, -6.86338489999997 ], [ -38.8134148, -6.86446829999994 ], [ -38.812885999999899, -6.86486619999994 ], [ -38.809743099999899, -6.864629 ], [ -38.794317299999904, -6.86335609999998 ], [ -38.7859804, -6.86314079999994 ], [ -38.783886299999899, -6.86446139999993 ], [ -38.779458, -6.86740749999996 ], [ -38.7773111, -6.86723279999995 ], [ -38.774627, -6.86820669999997 ], [ -38.7741879, -6.86844979999995 ], [ -38.7741381, -6.87044889999993 ], [ -38.7744006, -6.87233419999995 ], [ -38.773592999999899, -6.87664339999998 ], [ -38.7744311, -6.87971119999997 ], [ -38.7757589, -6.88457139999997 ], [ -38.7782662, -6.88638809999998 ], [ -38.783727999999897, -6.88835629999994 ], [ -38.7850629, -6.89074859999994 ], [ -38.785476, -6.89189129999994 ], [ -38.7861419, -6.89469319999995 ], [ -38.7851324, -6.895145 ], [ -38.783203, -6.89670529999995 ], [ -38.7840428, -6.90080009999997 ], [ -38.784680799999897, -6.90495879999997 ], [ -38.7842289, -6.90548049999995 ], [ -38.7786475999999, -6.90724829999994 ], [ -38.7768525, -6.90735869999997 ], [ -38.775003, -6.90573319999993 ], [ -38.768216799999898, -6.90755 ], [ -38.766508799999897, -6.909304 ], [ -38.7650279, -6.91048809999995 ], [ -38.765041799999899, -6.91052889999997 ], [ -38.7650532, -6.91056319999996 ], [ -38.7650685, -6.91060919999995 ], [ -38.7651772, -6.91093679999994 ], [ -38.760209099999898, -6.91403429999997 ], [ -38.7592236, -6.91548279999995 ], [ -38.7589272, -6.91662679999996 ], [ -38.758767099999901, -6.92527769999998 ], [ -38.762212, -6.92647559999995 ], [ -38.7624094, -6.92654419999997 ], [ -38.7612442, -6.929271 ], [ -38.7604726, -6.92985709999994 ], [ -38.7595501, -6.92985479999993 ], [ -38.7583006999999, -6.93125989999993 ], [ -38.7575433, -6.93440159999994 ], [ -38.7574913, -6.93461729999996 ], [ -38.7561104, -6.93616519999995 ], [ -38.7556769, -6.93764569999996 ], [ -38.7555869, -6.93795319999998 ], [ -38.755243499999899, -6.93912609999995 ], [ -38.7557173, -6.94012969999994 ], [ -38.7579688, -6.94065589999997 ], [ -38.7580876, -6.94068359999994 ], [ -38.7584386999999, -6.94076569999993 ], [ -38.7608268, -6.94302969999995 ], [ -38.7610208, -6.94321359999998 ], [ -38.7640248, -6.94461709999996 ], [ -38.765082699999901, -6.94633769999996 ], [ -38.765348699999898, -6.94793549999997 ], [ -38.7656034, -6.94946549999997 ], [ -38.7640228, -6.95237069999996 ], [ -38.7597938, -6.95642839999994 ], [ -38.7573015, -6.95817669999997 ], [ -38.7562655, -6.95850979999994 ], [ -38.7502577, -6.95849579999998 ], [ -38.748469, -6.95922239999993 ], [ -38.746965499999902, -6.96058009999996 ], [ -38.7459684, -6.96253479999996 ], [ -38.7478227, -6.96455289999994 ], [ -38.7479706, -6.96471389999994 ], [ -38.748075899999897, -6.96670459999996 ], [ -38.7468529, -6.96833839999994 ], [ -38.7462151, -6.97037409999996 ], [ -38.745825599999897, -6.97051709999994 ], [ -38.7433013, -6.97144379999997 ], [ -38.742574299999902, -6.972094 ], [ -38.7425175, -6.97214479999997 ], [ -38.742250399999897, -6.97427849999997 ], [ -38.742426099999903, -6.97448129999998 ], [ -38.7428785, -6.97500339999993 ], [ -38.7430178, -6.97516419999994 ], [ -38.7442737, -6.97661229999994 ], [ -38.746491499999898, -6.97916979999997 ], [ -38.748965499999898, -6.98079919999998 ], [ -38.7510746, -6.98767269999996 ], [ -38.7518883, -6.98858269999994 ], [ -38.754688, -6.989622 ], [ -38.755013, -6.98964429999995 ], [ -38.7609649, -6.99005329999994 ], [ -38.7648439, -6.99302369999998 ], [ -38.7651073, -6.99322539999997 ], [ -38.7649991, -6.993895 ], [ -38.7648182, -6.99407809999997 ], [ -38.764807, -6.994153 ], [ -38.767619399999901, -6.99410749999993 ], [ -38.7696793, -6.99370049999993 ], [ -38.7704785, -6.99415229999994 ], [ -38.770740799999899, -6.99697969999994 ], [ -38.7733208, -7.000883 ], [ -38.7775096, -7.000846 ], [ -38.781067999999898, -7.00057929999997 ], [ -38.7843774, -6.99871069999995 ], [ -38.7868596, -6.99740389999994 ], [ -38.7901734, -6.99524249999996 ], [ -38.793202199999897, -6.99428679999994 ], [ -38.7980719, -6.99287229999993 ], [ -38.8021499, -6.99063729999995 ], [ -38.8034724, -6.99016389999997 ], [ -38.806391699999899, -6.98946629999995 ], [ -38.8100969, -6.99051989999998 ], [ -38.813049299999903, -6.99017019999997 ], [ -38.8160391, -6.98930979999994 ], [ -38.818655, -6.98907149999997 ], [ -38.825489499999897, -6.98895459999994 ], [ -38.827128699999903, -6.98711519999995 ], [ -38.828721599999902, -6.98396779999996 ], [ -38.831507799999898, -6.98278919999996 ], [ -38.8378978, -6.982416 ], [ -38.8425743, -6.981504 ], [ -38.848388499999899, -6.98109519999997 ], [ -38.850561399999897, -6.98074309999993 ], [ -38.853338999999899, -6.98063809999996 ], [ -38.8549264, -6.97955039999994 ], [ -38.8561528, -6.97752909999997 ], [ -38.8643309, -6.99460359999995 ], [ -38.870514699999902, -7.00751449999996 ], [ -38.875400399999897, -7.01743819999996 ], [ -38.884006699999901, -7.03491879999996 ], [ -38.886947399999897, -7.04089189999996 ], [ -38.887734899999899, -7.04249139999996 ], [ -38.8982463, -7.06239059999996 ], [ -38.8987438999999, -7.06333289999998 ], [ -38.9089741, -7.082704 ], [ -38.9089987, -7.08270649999997 ], [ -38.9578729, -7.08174649999995 ], [ -38.9611235, -7.08503439999993 ] ] ] ] } },
{ "type": "Feature", "properties": { "CD_MUN": "2301604", "NM_MUN": "Assaré", "CD_RGI": "230011", "NM_RGI": "Juazeiro do Norte", "CD_RGINT": "2304", "NM_RGINT": "Juazeiro do Norte", "CD_UF": "23", "NM_UF": "Ceará", "SIGLA_UF": "CE", "CD_REGIAO": "2", "NM_REGIAO": "Nordeste", "SIGLA_RG": "NE", "CD_CONCURB": null, "NM_CONCURB": null, "AREA_KM2": 1155.124 }, "geometry": { "type": "MultiPolygon", "coordinates": [ [ [ [ -39.7617834, -6.99213219999996 ], [ -39.762425199999903, -6.99304849999993 ], [ -39.7632748999999, -6.99314929999997 ], [ -39.7636754, -6.99393359999993 ], [ -39.7651509, -6.99397909999993 ], [ -39.765661099999903, -6.99347089999998 ], [ -39.7662065, -6.99307749999997 ], [ -39.7670591, -6.99299949999994 ], [ -39.767893, -6.99323749999996 ], [ -39.7683774999999, -6.99359569999996 ], [ -39.768801799999899, -6.99434329999997 ], [ -39.769555399999902, -6.99472339999994 ], [ -39.769439299999902, -6.99527729999994 ], [ -39.769917, -6.99635789999996 ], [ -39.770371399999902, -6.997187 ], [ -39.7715772, -6.99777619999998 ], [ -39.7725881, -6.998778 ], [ -39.7727548, -6.99987039999996 ], [ -39.7738447, -7.00020869999997 ], [ -39.7741142, -7.00091429999998 ], [ -39.7749357, -7.001366 ], [ -39.7756365, -7.00112509999997 ], [ -39.7759121, -7.00193929999995 ], [ -39.776665299999898, -7.00245129999996 ], [ -39.7784961999999, -7.00200589999997 ], [ -39.7801866, -7.003432 ], [ -39.7812762, -7.00391789999998 ], [ -39.7823768, -7.00411129999998 ], [ -39.784815299999899, -7.00551189999993 ], [ -39.7866533, -7.00632209999998 ], [ -39.7878297, -7.00676679999998 ], [ -39.7890002, -7.007218 ], [ -39.7899102, -7.00777529999993 ], [ -39.790999, -7.00883289999996 ], [ -39.792480699999899, -7.00902759999997 ], [ -39.7936708, -7.00952709999996 ], [ -39.7944666, -7.01002849999998 ], [ -39.795366499999901, -7.01026489999998 ], [ -39.796732, -7.01036309999995 ], [ -39.8001637, -7.01130929999994 ], [ -39.7757242, -7.01648859999995 ], [ -39.7717537, -7.01733019999995 ], [ -39.7708847, -7.01751429999996 ], [ -39.7474521, -7.02248019999996 ], [ -39.7542667, -7.02784989999998 ], [ -39.7551429, -7.02884079999995 ], [ -39.7571174999999, -7.03308279999993 ], [ -39.758259399999901, -7.03416879999997 ], [ -39.759242599999901, -7.03442369999993 ], [ -39.7597347, -7.03572259999993 ], [ -39.7605866, -7.03575619999998 ], [ -39.7629884, -7.03396059999994 ], [ -39.763923, -7.03357919999996 ], [ -39.7653756999999, -7.03386349999994 ], [ -39.7662864, -7.03491759999997 ], [ -39.7665145, -7.03785389999996 ], [ -39.7682637, -7.03897979999994 ], [ -39.768265299999896, -7.03997029999994 ], [ -39.7672486, -7.04109989999995 ], [ -39.7672507, -7.04236979999996 ], [ -39.768126299999899, -7.04349629999996 ], [ -39.767984199999901, -7.04519249999993 ], [ -39.765363799999903, -7.045621 ], [ -39.7643439, -7.04646839999998 ], [ -39.764349, -7.04844569999995 ], [ -39.7682887, -7.05252949999993 ], [ -39.770038999999898, -7.05535229999998 ], [ -39.771794199999903, -7.06057119999997 ], [ -39.772531, -7.06098239999994 ], [ -39.7784904, -7.059291 ], [ -39.7806758, -7.05971159999996 ], [ -39.7828625, -7.06083679999995 ], [ -39.7834401, -7.06026869999994 ], [ -39.7834409, -7.058579 ], [ -39.785009199999898, -7.05704509999993 ], [ -39.784155499999898, -7.05067149999996 ], [ -39.786267699999897, -7.04771509999995 ], [ -39.78848, -7.04595369999993 ], [ -39.7895809, -7.04463119999997 ], [ -39.790664999999898, -7.04331439999993 ], [ -39.790748199999904, -7.04110779999996 ], [ -39.7905656, -7.03972459999994 ], [ -39.7905026, -7.03802959999996 ], [ -39.7904402, -7.03661959999994 ], [ -39.7896693, -7.03383949999994 ], [ -39.7876143, -7.03338979999995 ], [ -39.7858117, -7.03325279999996 ], [ -39.7844858, -7.03285479999994 ], [ -39.7843644, -7.03209509999994 ], [ -39.788804899999903, -7.03009469999995 ], [ -39.7906345, -7.02978519999994 ], [ -39.7943361, -7.02972469999997 ], [ -39.7943916, -7.03046809999995 ], [ -39.7942591, -7.03140649999995 ], [ -39.794301899999901, -7.03216589999994 ], [ -39.795123799999899, -7.03278349999994 ], [ -39.796748799999897, -7.03334069999994 ], [ -39.797702899999898, -7.03376509999993 ], [ -39.7987863, -7.03406749999994 ], [ -39.7999651, -7.03426859999996 ], [ -39.801336, -7.034508 ], [ -39.8036089, -7.03585139999996 ], [ -39.8046155, -7.03617519999995 ], [ -39.8053982, -7.03628429999998 ], [ -39.8074356, -7.037259 ], [ -39.8083177, -7.03741029999998 ], [ -39.8096997, -7.03710129999996 ], [ -39.8103785, -7.03731779999993 ], [ -39.811928899999899, -7.03825789999996 ], [ -39.8130811999999, -7.03864939999994 ], [ -39.8140021, -7.03874369999994 ], [ -39.814678399999899, -7.038731 ], [ -39.8164631, -7.03879759999995 ], [ -39.817512, -7.039042 ], [ -39.818339099999903, -7.03937559999997 ], [ -39.819991, -7.03981479999993 ], [ -39.820804399999901, -7.03990929999998 ], [ -39.821452099999902, -7.03974049999994 ], [ -39.8220347, -7.04001949999997 ], [ -39.8226362999999, -7.04025049999996 ], [ -39.823211899999897, -7.04063239999994 ], [ -39.823840699999899, -7.04126789999998 ], [ -39.824367, -7.04225059999993 ], [ -39.8253745, -7.04244739999996 ], [ -39.826003399999898, -7.04241759999996 ], [ -39.8268729, -7.04286919999993 ], [ -39.8281732, -7.04342569999994 ], [ -39.829464899999898, -7.04408609999996 ], [ -39.8304449, -7.04458319999998 ], [ -39.8312511, -7.04481059999995 ], [ -39.8322109, -7.04488579999997 ], [ -39.8342069, -7.04465249999993 ], [ -39.83605, -7.04453429999995 ], [ -39.8380461, -7.04487539999997 ], [ -39.8400293, -7.04528479999993 ], [ -39.843269899999903, -7.04628519999994 ], [ -39.844383999999899, -7.04683939999995 ], [ -39.8455749, -7.04727869999994 ], [ -39.8466124999999, -7.04731569999996 ], [ -39.8484301, -7.04797269999995 ], [ -39.8497277, -7.04836879999993 ], [ -39.8504419, -7.04868959999993 ], [ -39.8511682, -7.04932219999995 ], [ -39.851998099999904, -7.04987589999996 ], [ -39.8526557, -7.05058309999993 ], [ -39.8541615, -7.05136529999993 ], [ -39.8556943, -7.05116149999998 ], [ -39.856494199999901, -7.05107859999993 ], [ -39.857466499999902, -7.05092849999994 ], [ -39.8595275, -7.050897 ], [ -39.8621694, -7.05211909999997 ], [ -39.863775299999901, -7.05266689999996 ], [ -39.872682499999897, -7.06658759999993 ], [ -39.8733751, -7.06767009999993 ], [ -39.880901999999899, -7.06106559999995 ], [ -39.888995399999899, -7.053964 ], [ -39.889857699999901, -7.05320739999996 ], [ -39.890429, -7.05385339999998 ], [ -39.8904717, -7.05475309999997 ], [ -39.891547699999897, -7.05507469999998 ], [ -39.8918843, -7.05571729999997 ], [ -39.8928061, -7.05593089999996 ], [ -39.8937725, -7.05603439999993 ], [ -39.8945856, -7.05633619999998 ], [ -39.8946801, -7.05713349999996 ], [ -39.894669399999898, -7.05904319999996 ], [ -39.894561399999901, -7.06017769999994 ], [ -39.894691899999899, -7.06139919999993 ], [ -39.8953344, -7.06220449999995 ], [ -39.895886899999901, -7.062086 ], [ -39.8968295, -7.06244449999997 ], [ -39.8977424999999, -7.06259349999993 ], [ -39.898150799999897, -7.063167 ], [ -39.898319699999902, -7.06375539999993 ], [ -39.8983689, -7.06445409999998 ], [ -39.8986221, -7.06490989999998 ], [ -39.899765699999897, -7.06580589999993 ], [ -39.8995295, -7.06672059999994 ], [ -39.899696999999897, -7.06744769999995 ], [ -39.900311299999899, -7.06796349999996 ], [ -39.901136199999897, -7.06839259999998 ], [ -39.902268799999902, -7.06827559999994 ], [ -39.903132899999903, -7.06872319999997 ], [ -39.9039857, -7.06859449999996 ], [ -39.9051425, -7.06890179999994 ], [ -39.905885199999901, -7.06891949999994 ], [ -39.9066855, -7.06899449999997 ], [ -39.9075672, -7.06906939999993 ], [ -39.9089005, -7.06981819999993 ], [ -39.9099747, -7.07031869999997 ], [ -39.9106748, -7.07062839999998 ], [ -39.9115568, -7.07083249999994 ], [ -39.912279399999903, -7.07123309999997 ], [ -39.912890699999899, -7.07182539999997 ], [ -39.914036399999901, -7.07214379999994 ], [ -39.9150336, -7.07250079999994 ], [ -39.916086699999902, -7.07267669999993 ], [ -39.9168854, -7.07289289999994 ], [ -39.9177996, -7.07324679999994 ], [ -39.918450999999898, -7.07314309999992 ], [ -39.9188925999999, -7.07359409999998 ], [ -39.9196013, -7.07365409999994 ], [ -39.9203302, -7.07372049999998 ], [ -39.9210297, -7.07372389999995 ], [ -39.9217393, -7.07394259999995 ], [ -39.9228227, -7.07428749999997 ], [ -39.9242282, -7.07478929999996 ], [ -39.925592799999897, -7.07469119999996 ], [ -39.9270397, -7.07446949999996 ], [ -39.927724699999899, -7.07483009999993 ], [ -39.928535399999902, -7.07512949999995 ], [ -39.9295339, -7.07465329999997 ], [ -39.930306, -7.07403859999994 ], [ -39.9310105, -7.07415389999994 ], [ -39.9317894, -7.07470759999995 ], [ -39.932411199999898, -7.07497909999995 ], [ -39.932990899999901, -7.07498279999993 ], [ -39.9335838, -7.07463729999995 ], [ -39.934130099999898, -7.07445879999995 ], [ -39.935168299999901, -7.07370049999997 ], [ -39.9359530999999, -7.07323459999998 ], [ -39.93683, -7.07331109999996 ], [ -39.937915099999898, -7.07363029999993 ], [ -39.938691499999898, -7.07426429999992 ], [ -39.9397981, -7.07450959999994 ], [ -39.940695199999901, -7.07508209999997 ], [ -39.9412905, -7.075684 ], [ -39.9420871, -7.07629019999996 ], [ -39.9430176, -7.07681 ], [ -39.944871099999901, -7.05772119999995 ], [ -39.948015499999897, -7.02533639999996 ], [ -39.9494202999999, -7.01082129999998 ], [ -39.9668708, -7.00285279999997 ], [ -39.9766025, -7.00452700699998 ], [ -39.9991221, -7.00839880699994 ], [ -40.0577074, -7.00589139999994 ], [ -40.0578146, -7.00588569999996 ], [ -40.073168, -7.00511269999993 ], [ -40.0818257, -6.98292089999995 ], [ -40.080429599999903, -6.981629 ], [ -40.079402199999898, -6.98156159999996 ], [ -40.078872299999901, -6.98208689999996 ], [ -40.07817, -6.98219059999997 ], [ -40.077180199999901, -6.98222469999996 ], [ -40.076407699999898, -6.98235729999993 ], [ -40.0757697, -6.98262359999995 ], [ -40.074900199999902, -6.98221039999993 ], [ -40.074671599999903, -6.98142319999994 ], [ -40.074354399999898, -6.98093579999994 ], [ -40.073729399999898, -6.97994169999993 ], [ -40.0732085, -6.97835869999994 ], [ -40.0731196, -6.97719589999997 ], [ -40.0729167, -6.97644019999996 ], [ -40.0724933, -6.97562749999997 ], [ -40.0721753, -6.974805 ], [ -40.0721728, -6.973666 ], [ -40.0722273, -6.97238319999997 ], [ -40.0718022, -6.97081439999994 ], [ -40.071584, -6.97033619999996 ], [ -40.071053499999898, -6.97016519999994 ], [ -40.070075599999903, -6.96980359999998 ], [ -40.0694806999999, -6.96936469999997 ], [ -40.0689432, -6.96893509999995 ], [ -40.0686893, -6.96822019999996 ], [ -40.0688610999999, -6.967557 ], [ -40.0688865, -6.96646809999993 ], [ -40.0683389, -6.96499009999997 ], [ -40.0672992, -6.96528709999995 ], [ -40.0664545, -6.96503479999996 ], [ -40.0666795, -6.96394839999994 ], [ -40.0672625, -6.96314549999994 ], [ -40.0671401, -6.96226979999994 ], [ -40.067011099999903, -6.96141309999996 ], [ -40.0660503, -6.96049909999994 ], [ -40.0662447, -6.95963 ], [ -40.066453, -6.95908509999992 ], [ -40.0667213, -6.95856409999993 ], [ -40.0671328, -6.95785119999994 ], [ -40.0674217, -6.95716109999995 ], [ -40.067237599999899, -6.95653479999993 ], [ -40.0668822, -6.95558139999997 ], [ -40.0662523, -6.95504139999997 ], [ -40.0652539, -6.95479439999997 ], [ -40.0648155, -6.95376439999995 ], [ -40.0645287, -6.95271009999993 ], [ -40.064273, -6.95188749999994 ], [ -40.063697299999902, -6.95143969999998 ], [ -40.0627833, -6.95074529999994 ], [ -40.0623065, -6.94959779999994 ], [ -40.0619119, -6.94854909999998 ], [ -40.062323499999899, -6.94758039999994 ], [ -40.0626667, -6.94681869999994 ], [ -40.0630244, -6.94615739999995 ], [ -40.0638506, -6.94550849999996 ], [ -40.0647263, -6.94421079999995 ], [ -40.064427899999899, -6.94354049999993 ], [ -40.0629137, -6.94269489999994 ], [ -40.0624629, -6.94189429999994 ], [ -40.0631501, -6.94134239999994 ], [ -40.064125499999903, -6.94072409999995 ], [ -40.0650552, -6.93920429999997 ], [ -40.0644392, -6.93896789999997 ], [ -40.0639021, -6.93815319999993 ], [ -40.063400499999901, -6.93732149999994 ], [ -40.063226299999897, -6.93617719999997 ], [ -40.062604, -6.93542979999995 ], [ -40.0617539, -6.93452539999993 ], [ -40.061206, -6.934042 ], [ -40.0605515, -6.93408139999997 ], [ -40.059761799999897, -6.933989 ], [ -40.0592093, -6.93305079999993 ], [ -40.0597255, -6.93238419999994 ], [ -40.0601007, -6.93144119999994 ], [ -40.060319999999898, -6.93050949999997 ], [ -40.0605376, -6.92967029999994 ], [ -40.0612758, -6.92921379999996 ], [ -40.0616219, -6.92867219999994 ], [ -40.0616509, -6.92774139999995 ], [ -40.0621446, -6.92675019999996 ], [ -40.0629235, -6.92571639999994 ], [ -40.063308, -6.92497669999995 ], [ -40.0625448, -6.92414989999997 ], [ -40.061255399999901, -6.92403309999997 ], [ -40.0602936, -6.92362539999993 ], [ -40.0595567, -6.92291609999995 ], [ -40.0589952999999, -6.92150989999993 ], [ -40.0584004, -6.920634 ], [ -40.0576973, -6.91963269999997 ], [ -40.056981699999902, -6.91902919999995 ], [ -40.058554399999899, -6.91821809999993 ], [ -40.0610412, -6.91924749999993 ], [ -40.0622835, -6.91794049999993 ], [ -40.0628201, -6.91801589999994 ], [ -40.0636764, -6.91837719999995 ], [ -40.064506, -6.91859959999994 ], [ -40.065341299999901, -6.91821289999996 ], [ -40.065719199999897, -6.91765769999995 ], [ -40.0659691, -6.91695119999997 ], [ -40.066231199999898, -6.91637629999997 ], [ -40.0665299, -6.91572069999995 ], [ -40.0668345999999, -6.91491919999993 ], [ -40.0681898, -6.91413439999997 ], [ -40.0687875, -6.91370229999995 ], [ -40.0694455, -6.91347049999996 ], [ -40.0699013, -6.91386729999994 ], [ -40.0700831, -6.91482809999997 ], [ -40.0708897, -6.91545349999996 ], [ -40.072338, -6.91544379999993 ], [ -40.0732393, -6.91536139999994 ], [ -40.0741752, -6.91485339999997 ], [ -40.074943899999901, -6.91469349999994 ], [ -40.0752538, -6.91406659999996 ], [ -40.0753126, -6.91271049999995 ], [ -40.0760883, -6.91246539999997 ], [ -40.0765148999999, -6.91312849999997 ], [ -40.0768811, -6.91360029999993 ], [ -40.078738299999898, -6.91550449999994 ], [ -40.0799504, -6.915436 ], [ -40.0805491, -6.91544659999994 ], [ -40.082786199999902, -6.91403 ], [ -40.0849451999999, -6.91266289999993 ], [ -40.125545, -6.88695449999994 ], [ -40.124605599999903, -6.88663529999997 ], [ -40.123825399999902, -6.88678619999996 ], [ -40.1232408, -6.886644 ], [ -40.1227655, -6.88614259999997 ], [ -40.1224711, -6.88515259999997 ], [ -40.1221920999999, -6.88462679999998 ], [ -40.1214436, -6.88403509999995 ], [ -40.120416799999902, -6.88317609999996 ], [ -40.1198218, -6.88267969999993 ], [ -40.1184077, -6.88210869999995 ], [ -40.1169828, -6.880973 ], [ -40.114909899999901, -6.879207 ], [ -40.112894599999898, -6.87750789999996 ], [ -40.1103707, -6.87536009999997 ], [ -40.1080888, -6.87433159999995 ], [ -40.1031896, -6.87216049999995 ], [ -40.1011053, -6.86956169999996 ], [ -40.0990012, -6.866869 ], [ -40.0915836, -6.86032859999995 ], [ -40.0904550999999, -6.85989519999993 ], [ -40.0832928, -6.86009229999996 ], [ -40.0817903, -6.85958559999995 ], [ -40.077162799999897, -6.85669739999997 ], [ -40.069891799999901, -6.85436369999996 ], [ -40.068161099999898, -6.85299569999995 ], [ -40.0667313, -6.85163719999997 ], [ -40.0655606, -6.85079559999997 ], [ -40.0611709, -6.84865079999997 ], [ -40.058479299999902, -6.847544 ], [ -40.0530658, -6.84485449999994 ], [ -40.051716699999901, -6.84410729999996 ], [ -40.0511337, -6.84334339999998 ], [ -40.0519515, -6.84192219999994 ], [ -40.0537573, -6.83983679999994 ], [ -40.055033299999899, -6.83861779999995 ], [ -40.0560613, -6.836941 ], [ -40.0561966, -6.83603879999993 ], [ -40.0553889, -6.83243939999994 ], [ -40.0553123, -6.82948529999993 ], [ -40.0547854, -6.82771119999995 ], [ -40.0534969, -6.82504909999994 ], [ -40.051817899999897, -6.82367439999996 ], [ -40.050004499999901, -6.82212759999993 ], [ -40.0447961, -6.81831959999994 ], [ -40.043419399999898, -6.81698559999995 ], [ -40.0417277, -6.816316 ], [ -40.039834599999899, -6.81603339999998 ], [ -40.0376773, -6.81571819999994 ], [ -40.0340732, -6.81528319999995 ], [ -40.031785, -6.81448639999996 ], [ -40.029390299999903, -6.81421629999994 ], [ -40.0277502, -6.81418389999993 ], [ -40.0255116, -6.81415279999993 ], [ -40.0223968, -6.81305859999998 ], [ -40.0201445, -6.81218989999996 ], [ -40.017362299999903, -6.80986249999995 ], [ -40.0149395, -6.80763009999993 ], [ -40.0133934999999, -6.80705749999993 ], [ -40.0097506, -6.80565559999997 ], [ -40.0083236, -6.80469709999994 ], [ -40.0080032, -6.80448189999993 ], [ -40.0070878, -6.80415829999993 ], [ -40.0046957, -6.80400939999993 ], [ -40.0033058, -6.80369709999997 ], [ -40.00206, -6.80312879999997 ], [ -40.0001741, -6.80416429999997 ], [ -39.9985864, -6.80644089999993 ], [ -39.9976737, -6.807039 ], [ -39.9962868, -6.80894959999995 ], [ -39.9933917, -6.81041529999993 ], [ -39.9920915, -6.81339829999996 ], [ -39.990868, -6.81434169999994 ], [ -39.9898669, -6.81486609999996 ], [ -39.9891162, -6.81512519999995 ], [ -39.986918199999899, -6.81508079999998 ], [ -39.984841199999899, -6.81376689999996 ], [ -39.982891299999899, -6.81231419999995 ], [ -39.9797517, -6.81075249999998 ], [ -39.9788101, -6.80981849999995 ], [ -39.976263699999897, -6.80560329999997 ], [ -39.9747843, -6.80517979999996 ], [ -39.972251399999898, -6.80486429999996 ], [ -39.968858699999899, -6.80479509999998 ], [ -39.967114599999903, -6.80320859999995 ], [ -39.9644643, -6.80172409999994 ], [ -39.9598675, -6.79885819999993 ], [ -39.9573819, -6.79648669999995 ], [ -39.9536992, -6.79319259999994 ], [ -39.9518368, -6.79101619999994 ], [ -39.949891299999898, -6.78947689999995 ], [ -39.9480847, -6.788415 ], [ -39.945976099999903, -6.78691509999993 ], [ -39.942811999999897, -6.78523789999997 ], [ -39.9399821, -6.78392589999993 ], [ -39.939880199999898, -6.78388579999995 ], [ -39.9354226, -6.78212689999998 ], [ -39.9303098, -6.77929709999995 ], [ -39.9276666, -6.77721049999997 ], [ -39.9259493, -6.77560749999998 ], [ -39.9200853, -6.77162289999995 ], [ -39.9142881, -6.76733709999996 ], [ -39.9132051, -6.76653639999995 ], [ -39.9094459, -6.76346629999995 ], [ -39.8787684, -6.76742949999993 ], [ -39.876727199999898, -6.76840529999993 ], [ -39.8765865, -6.76847479999998 ], [ -39.8537711, -6.77940409999997 ], [ -39.841629899999901, -6.78383189999994 ], [ -39.811518, -6.79481219999997 ], [ -39.810581699999901, -6.79515359999994 ], [ -39.7907858, -6.80233129999993 ], [ -39.7761338, -6.80326229999997 ], [ -39.7738441, -6.80340779999995 ], [ -39.747158, -6.80510339999995 ], [ -39.7464831, -6.80514629999993 ], [ -39.741363099999901, -6.80547159999998 ], [ -39.741497599999903, -6.80422689999995 ], [ -39.741913699999898, -6.80234759999996 ], [ -39.741453099999902, -6.80080759999993 ], [ -39.7412303, -6.79967859999994 ], [ -39.740536899999903, -6.799287 ], [ -39.7396643, -6.79856319999993 ], [ -39.7386877, -6.79798319999998 ], [ -39.7374728, -6.79776239999995 ], [ -39.7369332, -6.79675809999998 ], [ -39.7363568, -6.79634729999998 ], [ -39.7354038, -6.79631049999995 ], [ -39.734687999999899, -6.79638339999997 ], [ -39.7345807, -6.79547229999997 ], [ -39.7346127, -6.794853 ], [ -39.7345339, -6.794201 ], [ -39.7341898, -6.79362109999994 ], [ -39.7331718, -6.79394579999996 ], [ -39.732541399999903, -6.79470659999993 ], [ -39.731734399999901, -6.79540349999996 ], [ -39.731391899999899, -6.79454079999994 ], [ -39.730665299999899, -6.79295639999998 ], [ -39.7301618, -6.79246389999997 ], [ -39.7294056, -6.79308979999996 ], [ -39.7287123999999, -6.79242679999993 ], [ -39.727801499999899, -6.79120759999995 ], [ -39.727006699999897, -6.79071419999997 ], [ -39.7261169, -6.79073149999994 ], [ -39.7255072, -6.79130679999997 ], [ -39.7248921999999, -6.79097259999998 ], [ -39.7246517, -6.79029089999995 ], [ -39.724465, -6.78953729999995 ], [ -39.7234215, -6.788998 ], [ -39.723055799999898, -6.78778039999997 ], [ -39.7227904, -6.78641659999994 ], [ -39.7226694, -6.78555529999994 ], [ -39.722183899999898, -6.78510129999995 ], [ -39.7214657, -6.78513819999995 ], [ -39.7209121, -6.78556379999998 ], [ -39.7195576, -6.78600859999995 ], [ -39.7185099, -6.78589649999998 ], [ -39.7173192, -6.78616549999998 ], [ -39.716444399999901, -6.78553459999995 ], [ -39.715876099999903, -6.78578069999998 ], [ -39.714672999999898, -6.78574659999992 ], [ -39.7137271, -6.78565229999998 ], [ -39.7129250999999, -6.78566539999997 ], [ -39.712027299999903, -6.78573849999998 ], [ -39.7107945, -6.78588389999993 ], [ -39.709866299999902, -6.78557419999993 ], [ -39.7093211, -6.78525189999993 ], [ -39.7085711, -6.78532869999998 ], [ -39.708221099999903, -6.78610909999998 ], [ -39.707629499999904, -6.78683989999996 ], [ -39.7069574, -6.78704159999995 ], [ -39.706451199999897, -6.78737409999997 ], [ -39.706422599999897, -6.78830749999997 ], [ -39.7072562, -6.78938919999996 ], [ -39.7078208, -6.79074459999993 ], [ -39.707402499999901, -6.79123179999993 ], [ -39.706571499999903, -6.79187919999993 ], [ -39.7051296, -6.79236 ], [ -39.704267899999898, -6.79249289999996 ], [ -39.7035261, -6.79280509999995 ], [ -39.7027138, -6.79308769999994 ], [ -39.7023176, -6.79322559999997 ], [ -39.6995608, -6.79431539999996 ], [ -39.6987652, -6.79474669999996 ], [ -39.6982503999999, -6.79531359999993 ], [ -39.6976164, -6.79570939999996 ], [ -39.6965511, -6.79578279999993 ], [ -39.695975099999899, -6.79593009999996 ], [ -39.6958824, -6.79699229999994 ], [ -39.696294599999902, -6.79779749999994 ], [ -39.6994768, -6.79899749999993 ], [ -39.7003821, -6.80001929999997 ], [ -39.70096, -6.80086609999995 ], [ -39.7010567, -6.801548 ], [ -39.700367399999898, -6.802281 ], [ -39.6995676, -6.80384369999996 ], [ -39.699185199999903, -6.80432289999993 ], [ -39.697080099999901, -6.80566619999996 ], [ -39.696782, -6.80648029999998 ], [ -39.6962146, -6.80737859999994 ], [ -39.6959464, -6.80818079999995 ], [ -39.6959656, -6.80899439999996 ], [ -39.6958116, -6.81014339999996 ], [ -39.6956526, -6.81197449999996 ], [ -39.695415899999901, -6.81384859999997 ], [ -39.695477, -6.81475089999998 ], [ -39.6953865, -6.81563259999996 ], [ -39.694689099999898, -6.81628379999995 ], [ -39.6937914, -6.81641669999993 ], [ -39.6931604, -6.816729 ], [ -39.6929906, -6.81757639999995 ], [ -39.6929478, -6.81882609999997 ], [ -39.692449699999898, -6.82002049999994 ], [ -39.6926126, -6.82092709999995 ], [ -39.6925984, -6.82214629999993 ], [ -39.692543699999902, -6.82295209999995 ], [ -39.691754699999898, -6.823725 ], [ -39.6914505, -6.82450329999995 ], [ -39.6914095, -6.82515549999994 ], [ -39.691452899999902, -6.82618449999995 ], [ -39.6917113, -6.82689019999998 ], [ -39.692371599999902, -6.82816559999998 ], [ -39.6922597, -6.82940229999997 ], [ -39.6920082, -6.83018929999997 ], [ -39.691275899999901, -6.83051419999993 ], [ -39.6906868, -6.83114689999996 ], [ -39.6896692, -6.83044949999993 ], [ -39.6887896, -6.83032209999993 ], [ -39.687710799999898, -6.83067849999998 ], [ -39.6867189, -6.83027659999993 ], [ -39.6858984, -6.83036749999997 ], [ -39.684965799999901, -6.83000989999994 ], [ -39.683389, -6.82948869999996 ], [ -39.6827301, -6.82880319999992 ], [ -39.681972899999899, -6.82845969999994 ], [ -39.6809797, -6.82843949999994 ], [ -39.6795887, -6.827264 ], [ -39.679149799999898, -6.82675129999996 ], [ -39.678298599999898, -6.82625919999998 ], [ -39.678146, -6.82546749999995 ], [ -39.6774447, -6.82486539999996 ], [ -39.6759719, -6.82465919999993 ], [ -39.6751121, -6.82521259999993 ], [ -39.6749899, -6.82622579999997 ], [ -39.674951599999901, -6.82707849999997 ], [ -39.6738985, -6.82654679999996 ], [ -39.6733282, -6.82621739999996 ], [ -39.6724732, -6.82610369999998 ], [ -39.6715902, -6.82609409999998 ], [ -39.670604599999898, -6.82592579999994 ], [ -39.6696813, -6.82613989999993 ], [ -39.669099, -6.82578529999995 ], [ -39.6683414, -6.82547619999997 ], [ -39.6676653, -6.82584469999995 ], [ -39.667277199999901, -6.82518469999997 ], [ -39.6666483999999, -6.82502189999997 ], [ -39.664936899999901, -6.825389 ], [ -39.6639170999999, -6.82471909999992 ], [ -39.6632094, -6.82462069999997 ], [ -39.6627248, -6.82393739999998 ], [ -39.661564499999898, -6.82392029999994 ], [ -39.6609607, -6.823481 ], [ -39.6603086, -6.82331139999997 ], [ -39.6597927, -6.82294769999993 ], [ -39.659456, -6.82231629999995 ], [ -39.659812799999898, -6.82173289999997 ], [ -39.6594454, -6.82116039999994 ], [ -39.658764399999903, -6.82041459999994 ], [ -39.657964, -6.81995979999994 ], [ -39.6571233, -6.81978739999994 ], [ -39.6565059, -6.82003719999994 ], [ -39.6552439, -6.82042859999996 ], [ -39.654243999999899, -6.82061279999994 ], [ -39.653101999999897, -6.82069929999994 ], [ -39.6532376, -6.82142489999995 ], [ -39.65337, -6.82238209999997 ], [ -39.653816199999902, -6.82405089999997 ], [ -39.6546061, -6.82453429999993 ], [ -39.6550501, -6.82531039999998 ], [ -39.6543348, -6.82582469999994 ], [ -39.653487599999899, -6.82613459999993 ], [ -39.6523773, -6.82630589999997 ], [ -39.6514337, -6.82651789999994 ], [ -39.650186, -6.82688929999995 ], [ -39.6491161, -6.826679 ], [ -39.648367199999903, -6.82713469999993 ], [ -39.6475419, -6.82790359999996 ], [ -39.646115699999903, -6.82834869999994 ], [ -39.644670399999903, -6.82822259999995 ], [ -39.643506499999901, -6.82898079999995 ], [ -39.6429734, -6.82962609999993 ], [ -39.6429535, -6.830842 ], [ -39.6421718, -6.83181949999994 ], [ -39.6413348, -6.83260079999997 ], [ -39.641465599999897, -6.83347249999997 ], [ -39.6413105, -6.83415009999993 ], [ -39.6410001, -6.83479349999993 ], [ -39.6399097, -6.83593889999997 ], [ -39.6394763, -6.83773229999997 ], [ -39.6388191, -6.83810069999993 ], [ -39.6366264, -6.83875179999995 ], [ -39.636432899999903, -6.83961009999996 ], [ -39.6378038, -6.840489 ], [ -39.6383225, -6.84164659999993 ], [ -39.638787799999903, -6.84215819999997 ], [ -39.6386209, -6.84275669999994 ], [ -39.638689, -6.84352249999995 ], [ -39.6378382, -6.84480639999992 ], [ -39.6373204, -6.845716 ], [ -39.6376832999999, -6.847152 ], [ -39.6379765, -6.84791749999994 ], [ -39.638562599999901, -6.84898089999996 ], [ -39.639238299999903, -6.84964379999997 ], [ -39.640614, -6.85054659999997 ], [ -39.640995, -6.851312 ], [ -39.640075399999901, -6.85138919999997 ], [ -39.6405422999999, -6.85249739999995 ], [ -39.6413502999999, -6.85321169999997 ], [ -39.6418786, -6.85379839999996 ], [ -39.642118, -6.85424939999996 ], [ -39.6422607, -6.85475019999996 ], [ -39.642988199999898, -6.85518959999996 ], [ -39.6439396, -6.85551779999997 ], [ -39.6441861, -6.855883 ], [ -39.6444991, -6.85634659999994 ], [ -39.6451827, -6.856353 ], [ -39.6460132, -6.85688249999993 ], [ -39.646735099999901, -6.85801739999994 ], [ -39.64778, -6.85865259999997 ], [ -39.648637, -6.85846239999995 ], [ -39.6495325, -6.85838459999997 ], [ -39.650711, -6.85867019999995 ], [ -39.651391799999899, -6.85920539999995 ], [ -39.65213, -6.85966389999993 ], [ -39.652695799999897, -6.86018009999998 ], [ -39.6541733, -6.86192989999995 ], [ -39.6547391, -6.86244129999994 ], [ -39.655477, -6.86266049999995 ], [ -39.656345499999901, -6.86274389999994 ], [ -39.6569899, -6.86231859999998 ], [ -39.658603399999897, -6.86192859999994 ], [ -39.6603858, -6.86136459999994 ], [ -39.661269499999896, -6.86087669999995 ], [ -39.6622904, -6.86114809999998 ], [ -39.6635343, -6.861363 ], [ -39.664576699999898, -6.86185219999993 ], [ -39.6652119, -6.86234189999993 ], [ -39.666075799999902, -6.86363509999995 ], [ -39.6670761, -6.86403409999997 ], [ -39.6682274, -6.86392129999996 ], [ -39.667346, -6.866964 ], [ -39.6665302, -6.86939739999997 ], [ -39.6670829, -6.87110889999997 ], [ -39.6676672, -6.87238129999997 ], [ -39.667803799999902, -6.87335479999996 ], [ -39.665433499999899, -6.87475469999993 ], [ -39.6622919, -6.87890519999996 ], [ -39.661414799999903, -6.88025349999998 ], [ -39.661168099999898, -6.88213989999997 ], [ -39.662413899999898, -6.88500879999998 ], [ -39.6630038, -6.88600349999996 ], [ -39.6641615999999, -6.88645569999994 ], [ -39.6652304, -6.88748459999994 ], [ -39.665895599999899, -6.88941309999996 ], [ -39.6658523, -6.89085989999995 ], [ -39.6648906, -6.89180429999993 ], [ -39.664302899999903, -6.89315919999996 ], [ -39.6645774, -6.89435009999994 ], [ -39.6652434, -6.895311 ], [ -39.6655966, -6.89654029999997 ], [ -39.665679699999899, -6.89816579999996 ], [ -39.666247199999901, -6.90075369999994 ], [ -39.666366799999899, -6.90257349999996 ], [ -39.6658158, -6.90652419999998 ], [ -39.6647907, -6.90675979999997 ], [ -39.663882, -6.90642939999998 ], [ -39.6626271, -6.90722809999994 ], [ -39.6617391999999, -6.90692059999998 ], [ -39.661075099999898, -6.90617209999994 ], [ -39.661074, -6.90467619999993 ], [ -39.6607389, -6.90285629999994 ], [ -39.657919499999899, -6.89868639999997 ], [ -39.6561522, -6.89686969999997 ], [ -39.6560418, -6.89601359999995 ], [ -39.6550472, -6.894945 ], [ -39.6503327, -6.89398669999997 ], [ -39.648536299999897, -6.89381679999997 ], [ -39.6476281999999, -6.89318209999993 ], [ -39.6467532, -6.89280689999993 ], [ -39.644976, -6.89326939999995 ], [ -39.642356699999901, -6.89421189999996 ], [ -39.6380563, -6.89411189999993 ], [ -39.6372792, -6.89368479999996 ], [ -39.635956599999901, -6.893154 ], [ -39.635072599999901, -6.89325989999998 ], [ -39.6340797, -6.89358089999996 ], [ -39.633198499999899, -6.89465179999996 ], [ -39.6309759, -6.89632819999997 ], [ -39.6247195, -6.89719469999994 ], [ -39.6241694, -6.89845989999998 ], [ -39.6242444, -6.89967769999993 ], [ -39.6238571, -6.90019409999996 ], [ -39.623034899999901, -6.900064 ], [ -39.6223176, -6.89957989999994 ], [ -39.621341, -6.89871129999995 ], [ -39.620616599999899, -6.89812919999997 ], [ -39.6195852, -6.89786249999997 ], [ -39.6187641, -6.89782279999997 ], [ -39.6177655, -6.89766739999993 ], [ -39.6164499, -6.89838349999997 ], [ -39.6160389, -6.89906249999996 ], [ -39.6154048, -6.89927189999997 ], [ -39.614916999999899, -6.8996 ], [ -39.614524399999901, -6.90017849999998 ], [ -39.6139201, -6.900512 ], [ -39.6134881, -6.90164689999995 ], [ -39.6127006, -6.90216939999993 ], [ -39.6121047, -6.90202469999997 ], [ -39.611396199999902, -6.90166939999995 ], [ -39.6102283, -6.90135119999997 ], [ -39.6098327999999, -6.90165839999997 ], [ -39.606525, -6.90422 ], [ -39.6072019, -6.91372769999998 ], [ -39.6074646, -6.91741749999994 ], [ -39.609747899999903, -6.91888769999997 ], [ -39.6104973999999, -6.91964519999993 ], [ -39.6108864, -6.92153519999994 ], [ -39.6122591, -6.92214349999995 ], [ -39.6131811, -6.92291829999994 ], [ -39.613710899999901, -6.92490859999998 ], [ -39.6147922, -6.92676629999994 ], [ -39.616014699999901, -6.92779219999994 ], [ -39.617340199999902, -6.93014419999997 ], [ -39.618597099999903, -6.93261739999997 ], [ -39.6222587, -6.93540129999997 ], [ -39.6237503, -6.93666389999993 ], [ -39.6246886, -6.93698469999993 ], [ -39.625415599999897, -6.93638309999994 ], [ -39.6259984, -6.93533429999997 ], [ -39.627582699999898, -6.93490389999994 ], [ -39.6285755, -6.93434449999995 ], [ -39.6291633, -6.93369959999995 ], [ -39.629815199999904, -6.933576 ], [ -39.6310425, -6.93386809999993 ], [ -39.6324106, -6.93472669999994 ], [ -39.6340762, -6.93546449999997 ], [ -39.6348424, -6.93590209999996 ], [ -39.6355889, -6.93678029999995 ], [ -39.636665299999898, -6.93960579999998 ], [ -39.63722, -6.94019819999994 ], [ -39.6380526, -6.94135729999994 ], [ -39.6387596, -6.94278549999996 ], [ -39.639552599999902, -6.94337969999998 ], [ -39.639807, -6.94485329999998 ], [ -39.6399331, -6.94558319999993 ], [ -39.642644, -6.94554669999997 ], [ -39.643377299999898, -6.94626729999993 ], [ -39.643180099999903, -6.94746419999996 ], [ -39.6439068, -6.94796429999997 ], [ -39.645143899999901, -6.94855279999996 ], [ -39.646906999999899, -6.94965669999993 ], [ -39.6495406, -6.95059269999996 ], [ -39.6526797, -6.952358 ], [ -39.6535092, -6.95326229999995 ], [ -39.6576830999999, -6.95352419999995 ], [ -39.6610593999999, -6.95571319999993 ], [ -39.665023899999902, -6.95736619999997 ], [ -39.6662031, -6.95822059999995 ], [ -39.6670556, -6.95918369999993 ], [ -39.6685231, -6.96037829999995 ], [ -39.6706794, -6.96086339999994 ], [ -39.6764195, -6.96321869999997 ], [ -39.679322899999903, -6.964622 ], [ -39.6832653, -6.96550749999994 ], [ -39.6846841, -6.96610849999996 ], [ -39.686274899999901, -6.96752549999997 ], [ -39.6878311, -6.96883029999998 ], [ -39.6906299, -6.969832 ], [ -39.6929095, -6.96932669999995 ], [ -39.6933466, -6.96723509999993 ], [ -39.6902042, -6.96229329999994 ], [ -39.6911866, -6.96083509999994 ], [ -39.6975833, -6.96103729999993 ], [ -39.697601399999897, -6.96103889999995 ], [ -39.697611499999901, -6.96102909999996 ], [ -39.6981822, -6.96047349999998 ], [ -39.6982829, -6.95816129999997 ], [ -39.6989022, -6.95765659999995 ], [ -39.7014968, -6.95715159999997 ], [ -39.702323, -6.95574109999995 ], [ -39.7023191, -6.95433459999998 ], [ -39.703046099999902, -6.95383149999998 ], [ -39.7040802, -6.95342919999996 ], [ -39.7064642, -6.95382729999994 ], [ -39.7072936, -6.95342539999996 ], [ -39.708121499999898, -6.95238189999998 ], [ -39.7088261, -6.95251529999996 ], [ -39.7091255, -6.95274189999998 ], [ -39.7096567, -6.953144 ], [ -39.709897, -6.95369639999996 ], [ -39.7102821, -6.95415179999998 ], [ -39.7110183, -6.95392019999997 ], [ -39.711414299999902, -6.95448389999996 ], [ -39.7119539, -6.95494979999995 ], [ -39.7127096, -6.95519309999997 ], [ -39.7134533, -6.95597089999995 ], [ -39.7140535, -6.95696929999997 ], [ -39.7143004, -6.95805179999996 ], [ -39.7146582, -6.95852429999997 ], [ -39.7151934, -6.959023 ], [ -39.715638, -6.95972049999995 ], [ -39.7155551, -6.96063649999996 ], [ -39.716481299999899, -6.96117529999998 ], [ -39.7179169, -6.96078509999995 ], [ -39.718722, -6.96101359999994 ], [ -39.7184599, -6.96187559999993 ], [ -39.718015799999897, -6.96277609999993 ], [ -39.718606099999903, -6.96354109999993 ], [ -39.7188733, -6.96438789999996 ], [ -39.7194416, -6.96481779999993 ], [ -39.7202584999999, -6.96484219999996 ], [ -39.721242899999901, -6.96450789999994 ], [ -39.7217418, -6.965403 ], [ -39.721711099999901, -6.96654409999996 ], [ -39.7232802, -6.96591759999995 ], [ -39.7240963, -6.96577559999997 ], [ -39.724764999999898, -6.966141 ], [ -39.7250921, -6.96666149999993 ], [ -39.726127, -6.96680349999997 ], [ -39.7277523, -6.96769129999996 ], [ -39.729722599999903, -6.96867909999997 ], [ -39.7335634, -6.97112859999993 ], [ -39.735563399999897, -6.97269059999996 ], [ -39.7367644, -6.97332769999997 ], [ -39.7377215, -6.97428109999993 ], [ -39.7389881, -6.97554279999997 ], [ -39.7395496, -6.97619379999998 ], [ -39.7407494, -6.976057 ], [ -39.7414582, -6.97673069999996 ], [ -39.7414921, -6.97768319999994 ], [ -39.742941899999899, -6.97892179999997 ], [ -39.7440885, -6.97926819999998 ], [ -39.7453861, -6.97961079999993 ], [ -39.7458151, -6.98052189999993 ], [ -39.7465563, -6.98125549999997 ], [ -39.7484703, -6.98287979999998 ], [ -39.7498519, -6.98409819999995 ], [ -39.751348499999899, -6.98538809999997 ], [ -39.7519382999999, -6.98571739999994 ], [ -39.752169599999903, -6.986593 ], [ -39.7527746, -6.98744639999995 ], [ -39.753574699999902, -6.98775529999995 ], [ -39.7544538, -6.98726109999996 ], [ -39.755504, -6.98724689999995 ], [ -39.7557978, -6.98772639999993 ], [ -39.755172199999897, -6.98897179999994 ], [ -39.7554193, -6.98994789999995 ], [ -39.7564364999999, -6.99068409999995 ], [ -39.7570878, -6.99159409999993 ], [ -39.7577686999999, -6.99197589999994 ], [ -39.7581827, -6.99321649999996 ], [ -39.7592033, -6.99338559999995 ], [ -39.760361799999899, -6.99285719999995 ], [ -39.7611939, -6.99206729999997 ], [ -39.7617834, -6.99213219999996 ] ] ] ] } },
{ "type": "Feature", "properties": { "CD_MUN": "2301901", "NM_MUN": "Barbalha", "CD_RGI": "230011", "NM_RGI": "Juazeiro do Norte", "CD_RGINT": "2304", "NM_RGINT": "Juazeiro do Norte", "CD_UF": "23", "NM_UF": "Ceará", "SIGLA_UF": "CE", "CD_REGIAO": "2", "NM_REGIAO": "Nordeste", "SIGLA_RG": "NE", "CD_CONCURB": "2307304", "NM_CONCURB": "Juazeiro do Norte/CE", "AREA_KM2": 608.142 }, "geometry": { "type": "MultiPolygon", "coordinates": [ [ [ [ -39.371943299999899, -7.58567329999994 ], [ -39.3719497, -7.59348869999997 ], [ -39.3719667, -7.61438019999997 ], [ -39.3719670999999, -7.61486949999994 ], [ -39.371967299999902, -7.61517419999996 ], [ -39.372695, -7.61416789999993 ], [ -39.376095, -7.61177239999995 ], [ -39.3808878, -7.61099549999994 ], [ -39.382356, -7.60960429999994 ], [ -39.3826783, -7.609399 ], [ -39.3839743, -7.60857369999997 ], [ -39.386065599999903, -7.60813459999997 ], [ -39.3918692, -7.60819239999995 ], [ -39.3931785, -7.60820549999994 ], [ -39.399285399999897, -7.60642369999994 ], [ -39.402377199999897, -7.60595739999997 ], [ -39.4064744, -7.605182 ], [ -39.409605699999901, -7.60488519999996 ], [ -39.4164094, -7.60495609999998 ], [ -39.418573799999898, -7.60487669999998 ], [ -39.419656099999898, -7.60441229999998 ], [ -39.4205439, -7.60329239999993 ], [ -39.4208169, -7.60199569999997 ], [ -39.422891, -7.59221109999993 ], [ -39.4232418, -7.58724439999997 ], [ -39.4232613, -7.58696859999998 ], [ -39.4232727999999, -7.58680579999998 ], [ -39.425092999999897, -7.58481529999995 ], [ -39.428756, -7.58080949999993 ], [ -39.428919699999902, -7.58062159999997 ], [ -39.431184599999902, -7.57802239999995 ], [ -39.4348304, -7.57385159999995 ], [ -39.434859699999897, -7.57381829999997 ], [ -39.441632899999902, -7.57294319999994 ], [ -39.445056399999899, -7.57254339999997 ], [ -39.445056599999901, -7.57251209999993 ], [ -39.4450765, -7.56870089999995 ], [ -39.445183799999903, -7.54819169999996 ], [ -39.445665, -7.45616939999996 ], [ -39.4460554, -7.38151019999998 ], [ -39.4462942, -7.335859 ], [ -39.4010693, -7.30715439999994 ], [ -39.3962691999999, -7.30746749999997 ], [ -39.388994099999898, -7.30626109999997 ], [ -39.3889654, -7.306206 ], [ -39.3889741, -7.30625939999993 ], [ -39.383646499999898, -7.305815 ], [ -39.3755308, -7.305138 ], [ -39.374726399999901, -7.29487159999996 ], [ -39.3746039, -7.29499559999994 ], [ -39.374541899999898, -7.29505529999994 ], [ -39.3744292, -7.29507689999997 ], [ -39.374338899999898, -7.29507689999997 ], [ -39.374327299999898, -7.29507049999995 ], [ -39.374309799999899, -7.29506419999996 ], [ -39.3742424, -7.29500049999996 ], [ -39.374237299999898, -7.29498769999998 ], [ -39.3741956, -7.29482669999993 ], [ -39.374189999999899, -7.29480249999995 ], [ -39.37415, -7.29468679999997 ], [ -39.374035499999898, -7.29460189999998 ], [ -39.3739198, -7.29457789999998 ], [ -39.373809, -7.29465089999997 ], [ -39.373777, -7.29476619999997 ], [ -39.373776899999903, -7.29477829999996 ], [ -39.3737745, -7.29492989999994 ], [ -39.373773899999897, -7.29494279999994 ], [ -39.3736471, -7.29506439999994 ], [ -39.3735962, -7.29513369999995 ], [ -39.3734266, -7.29512159999996 ], [ -39.373234, -7.29500279999996 ], [ -39.373083, -7.29497019999997 ], [ -39.3727428, -7.29495349999996 ], [ -39.3725784, -7.29498909999995 ], [ -39.3723391, -7.29496569999998 ], [ -39.3721568, -7.29487719999997 ], [ -39.371981199999901, -7.29477019999996 ], [ -39.371853, -7.29459059999994 ], [ -39.3717819, -7.29442089999998 ], [ -39.371747899999903, -7.29418769999995 ], [ -39.3715956, -7.29402319999997 ], [ -39.371215999999897, -7.29441579999997 ], [ -39.3697278, -7.29494819999996 ], [ -39.3696477, -7.29477609999998 ], [ -39.3693277, -7.29408849999993 ], [ -39.368175699999902, -7.29238059999994 ], [ -39.3679274, -7.29210789999996 ], [ -39.3673163, -7.29157609999993 ], [ -39.365828899999897, -7.29007429999996 ], [ -39.3650708, -7.28922289999997 ], [ -39.3646919, -7.28894079999998 ], [ -39.364551199999902, -7.28846509999994 ], [ -39.363760899999903, -7.28773049999995 ], [ -39.3628585, -7.28635259999993 ], [ -39.362310599999901, -7.28537479999994 ], [ -39.3604468, -7.28140309999998 ], [ -39.3599186, -7.28019729999994 ], [ -39.360342199999899, -7.27981389999997 ], [ -39.3607478, -7.27939289999995 ], [ -39.3609693, -7.27884559999995 ], [ -39.3610653, -7.27839569999998 ], [ -39.3614166, -7.27751329999995 ], [ -39.3618324, -7.27607949999998 ], [ -39.3618934, -7.27527589999994 ], [ -39.3616868, -7.27409859999995 ], [ -39.361430799999901, -7.27361729999996 ], [ -39.360380099999901, -7.27231009999997 ], [ -39.3591618, -7.27137769999996 ], [ -39.357744099999898, -7.27034119999996 ], [ -39.3567719, -7.27094109999996 ], [ -39.354188899999897, -7.26911659999996 ], [ -39.3524576, -7.26806 ], [ -39.3525098, -7.26739469999995 ], [ -39.349629299999897, -7.26651929999997 ], [ -39.349563499999903, -7.26649929999996 ], [ -39.3486177, -7.26621179999995 ], [ -39.346700199999901, -7.26550769999994 ], [ -39.3466293, -7.26587069999994 ], [ -39.3465962, -7.26595789999993 ], [ -39.346529, -7.266 ], [ -39.346434499999901, -7.265993 ], [ -39.3458049, -7.265856 ], [ -39.3437206, -7.26540929999993 ], [ -39.3434425, -7.26535069999994 ], [ -39.3420823, -7.26506439999997 ], [ -39.341794299999897, -7.26500789999994 ], [ -39.3403936, -7.264733 ], [ -39.3391381, -7.26451419999995 ], [ -39.3374181, -7.26419179999994 ], [ -39.3360362, -7.26391349999994 ], [ -39.3356191, -7.26382689999997 ], [ -39.3355536, -7.26381329999998 ], [ -39.334469399999897, -7.26358829999998 ], [ -39.3333216999999, -7.26335459999996 ], [ -39.3331747, -7.26332179999997 ], [ -39.3319351, -7.26308639999996 ], [ -39.3302082, -7.26274569999993 ], [ -39.3291616, -7.262536 ], [ -39.3277863, -7.262263 ], [ -39.3271996, -7.26215309999998 ], [ -39.3266325, -7.26203209999994 ], [ -39.326523, -7.26202369999993 ], [ -39.3264773, -7.263086 ], [ -39.3250763, -7.263076 ], [ -39.3244055, -7.26304569999996 ], [ -39.3229537, -7.26299919999997 ], [ -39.322167599999901, -7.26293249999998 ], [ -39.3220449, -7.262807 ], [ -39.3214871, -7.262722 ], [ -39.3210675999999, -7.262665 ], [ -39.320677499999903, -7.26261479999994 ], [ -39.3205027999999, -7.26260259999998 ], [ -39.3200782, -7.26264259999994 ], [ -39.3197456, -7.26268719999996 ], [ -39.319505999999897, -7.26270709999994 ], [ -39.3193304, -7.26272609999995 ], [ -39.319254, -7.262722 ], [ -39.3192227, -7.26269149999996 ], [ -39.319218099999901, -7.26262089999994 ], [ -39.3192951999999, -7.26244229999998 ], [ -39.319941399999898, -7.26096889999997 ], [ -39.320041699999898, -7.26071339999993 ], [ -39.3200641, -7.26066269999995 ], [ -39.3200740999999, -7.26061829999998 ], [ -39.3200782, -7.26060049999995 ], [ -39.319984799999901, -7.26060389999998 ], [ -39.318688699999903, -7.26072889999995 ], [ -39.3182682, -7.260772 ], [ -39.3181939, -7.26077959999998 ], [ -39.3177454, -7.26077619999995 ], [ -39.3172554, -7.26076509999996 ], [ -39.3168827, -7.26076319999993 ], [ -39.3167968999999, -7.26076129999996 ], [ -39.3166143, -7.26075789999993 ], [ -39.3159213, -7.260752 ], [ -39.315586499999903, -7.26075059999994 ], [ -39.3152655, -7.26074879999993 ], [ -39.3148067, -7.26074639999996 ], [ -39.3143873, -7.26074089999997 ], [ -39.311053699999903, -7.26074439999996 ], [ -39.310983, -7.26077979999997 ], [ -39.310942399999902, -7.26081989999994 ], [ -39.310766699999903, -7.261137 ], [ -39.3106271999999, -7.26139109999997 ], [ -39.3105542, -7.26156349999997 ], [ -39.3103841, -7.26156029999993 ], [ -39.310170399999897, -7.26155389999997 ], [ -39.309833399999903, -7.261537 ], [ -39.309542899999897, -7.261514 ], [ -39.309120499999899, -7.26149219999996 ], [ -39.3087178, -7.261475 ], [ -39.308293299999903, -7.26145679999996 ], [ -39.3080896, -7.26144309999995 ], [ -39.3080505, -7.26144039999997 ], [ -39.3075357, -7.26140949999996 ], [ -39.307460799999902, -7.261405 ], [ -39.3072025, -7.26139989999996 ], [ -39.3070604, -7.26140329999993 ], [ -39.3070554, -7.26140329999993 ], [ -39.3069527, -7.26141659999996 ], [ -39.306865, -7.26142789999994 ], [ -39.306543599999898, -7.26148459999996 ], [ -39.306488699999903, -7.26149659999993 ], [ -39.3064395, -7.26150739999997 ], [ -39.3063943, -7.26151729999998 ], [ -39.306334999999898, -7.26153019999998 ], [ -39.3062889, -7.26154029999998 ], [ -39.3062303, -7.26155309999996 ], [ -39.3058569, -7.26164479999994 ], [ -39.305716699999898, -7.26167909999998 ], [ -39.3056448, -7.26169669999996 ], [ -39.3055171, -7.261728 ], [ -39.3053108, -7.26177729999995 ], [ -39.3050757, -7.26182 ], [ -39.305004799999899, -7.26182529999994 ], [ -39.3049525, -7.26177619999993 ], [ -39.3049, -7.26174789999993 ], [ -39.3048527999999, -7.26175319999993 ], [ -39.3048046, -7.26178979999997 ], [ -39.304794399999899, -7.261816 ], [ -39.3046643, -7.26181039999994 ], [ -39.304440499999899, -7.26180059999996 ], [ -39.3042265999999, -7.26179129999997 ], [ -39.304067599999897, -7.26178439999995 ], [ -39.302923399999898, -7.26181289999994 ], [ -39.3018471, -7.26180979999998 ], [ -39.3015372999999, -7.26180889999995 ], [ -39.2999955, -7.26173969999996 ], [ -39.299351999999899, -7.261711 ], [ -39.2991499, -7.26168649999994 ], [ -39.2987491, -7.26188329999997 ], [ -39.298258599999897, -7.26216519999997 ], [ -39.297024099999902, -7.26283319999993 ], [ -39.296577399999897, -7.26305159999993 ], [ -39.2962368, -7.26316319999995 ], [ -39.294980199999898, -7.263325 ], [ -39.2945682, -7.26334269999995 ], [ -39.293707, -7.26331909999993 ], [ -39.2933365, -7.26330209999998 ], [ -39.292239, -7.26340409999995 ], [ -39.291795599999901, -7.26346069999994 ], [ -39.290864199999902, -7.263517 ], [ -39.2899788, -7.26361289999994 ], [ -39.289906599999902, -7.26362069999993 ], [ -39.2895462, -7.26364679999995 ], [ -39.288728999999897, -7.26363149999997 ], [ -39.288494199999903, -7.26365089999996 ], [ -39.288440299999898, -7.26365539999995 ], [ -39.2884141, -7.26365759999993 ], [ -39.2872676, -7.26372479999998 ], [ -39.287246599999897, -7.263726 ], [ -39.2860386, -7.26384009999992 ], [ -39.285792699999902, -7.26384429999996 ], [ -39.2849709, -7.26358159999995 ], [ -39.283813, -7.26324049999994 ], [ -39.282607599999899, -7.26291 ], [ -39.281466599999902, -7.2626 ], [ -39.2809424, -7.26248689999994 ], [ -39.2807313, -7.26241109999995 ], [ -39.280613, -7.26236759999995 ], [ -39.2804601, -7.26227139999997 ], [ -39.2803024, -7.26217219999995 ], [ -39.279187599999901, -7.26169439999995 ], [ -39.278919599999902, -7.26159519999993 ], [ -39.2781853, -7.26149019999997 ], [ -39.2780447, -7.26142139999996 ], [ -39.277690999999898, -7.26116819999993 ], [ -39.2774704999999, -7.26098389999993 ], [ -39.2771309, -7.26078419999993 ], [ -39.2766306, -7.26055919999993 ], [ -39.2762336, -7.26030219999996 ], [ -39.2759394999999, -7.26009059999996 ], [ -39.275293599999898, -7.25961579999995 ], [ -39.2751397, -7.259517 ], [ -39.275090599999899, -7.25942429999998 ], [ -39.275122199999899, -7.25928929999998 ], [ -39.2752386, -7.25904049999997 ], [ -39.2753944, -7.25853739999997 ], [ -39.2754274, -7.25840229999994 ], [ -39.2753933, -7.25830659999997 ], [ -39.27534, -7.25829349999998 ], [ -39.2752073999999, -7.25834669999995 ], [ -39.274862299999903, -7.258423 ], [ -39.273385699999899, -7.25866119999995 ], [ -39.2728759, -7.25871169999994 ], [ -39.2725239, -7.25871139999998 ], [ -39.2722376, -7.25870739999993 ], [ -39.2720318, -7.25874039999997 ], [ -39.2709348, -7.25894349999993 ], [ -39.2708473, -7.258958 ], [ -39.270688199999903, -7.25895719999994 ], [ -39.2704639, -7.25895979999996 ], [ -39.2703228, -7.25899609999993 ], [ -39.269715899999902, -7.25909319999994 ], [ -39.269526, -7.25915289999995 ], [ -39.268766899999903, -7.25935259999994 ], [ -39.2677249, -7.25935969999995 ], [ -39.2655326, -7.25931479999997 ], [ -39.2654433, -7.25932569999998 ], [ -39.2653056999999, -7.25939809999994 ], [ -39.265138599999901, -7.25950569999998 ], [ -39.2641585, -7.26021309999993 ], [ -39.2617202, -7.26178109999995 ], [ -39.261519, -7.26190249999996 ], [ -39.2598422, -7.26294669999993 ], [ -39.258303199999901, -7.263905 ], [ -39.258225799999899, -7.26390509999993 ], [ -39.2581595, -7.26386909999997 ], [ -39.258028, -7.26365919999995 ], [ -39.2577429, -7.26311159999995 ], [ -39.2544485, -7.26516979999997 ], [ -39.251353499999901, -7.26705639999994 ], [ -39.2483846, -7.268834 ], [ -39.2472976, -7.26951929999996 ], [ -39.244521899999903, -7.27160589999994 ], [ -39.2430952, -7.27269089999993 ], [ -39.2416507, -7.27344769999996 ], [ -39.2401583, -7.27421339999995 ], [ -39.2393943, -7.274723 ], [ -39.2384321, -7.27548839999997 ], [ -39.236967299999897, -7.27668479999994 ], [ -39.2365872, -7.27699479999995 ], [ -39.236523799999901, -7.277031 ], [ -39.234709, -7.280002 ], [ -39.234093899999898, -7.28101549999997 ], [ -39.231396, -7.28297869999994 ], [ -39.2275581, -7.28577149999995 ], [ -39.220389899999901, -7.29098769999996 ], [ -39.2197682, -7.29148029999993 ], [ -39.2188712, -7.292181 ], [ -39.217912399999904, -7.29294219999997 ], [ -39.216816499999901, -7.29378529999997 ], [ -39.2156651, -7.29468029999992 ], [ -39.2147257, -7.29539779999993 ], [ -39.2136073, -7.29627229999994 ], [ -39.2135036, -7.29634659999994 ], [ -39.2129353, -7.29678369999993 ], [ -39.212116799999897, -7.29741189999993 ], [ -39.2107687, -7.29846979999996 ], [ -39.209283099999901, -7.29961349999996 ], [ -39.2081097, -7.30052919999997 ], [ -39.206858899999901, -7.301501 ], [ -39.2067021, -7.30161909999993 ], [ -39.206700199999901, -7.30166669999994 ], [ -39.2066933, -7.30184109999993 ], [ -39.206756299999903, -7.30217109999995 ], [ -39.206805099999897, -7.30238259999993 ], [ -39.2071139, -7.30433389999996 ], [ -39.2073336, -7.30540429999996 ], [ -39.207470699999902, -7.30590989999996 ], [ -39.2076584, -7.30648049999996 ], [ -39.2079826, -7.30737529999993 ], [ -39.2080104, -7.30745209999998 ], [ -39.2081575999999, -7.30782359999995 ], [ -39.208219299999897, -7.30806829999995 ], [ -39.208325699999897, -7.30837189999994 ], [ -39.2084621, -7.30873219999995 ], [ -39.2085648, -7.30894559999996 ], [ -39.2086548, -7.30926269999998 ], [ -39.2088087, -7.30959359999997 ], [ -39.2089111, -7.30981659999998 ], [ -39.2089852, -7.30998879999993 ], [ -39.209133999999899, -7.31082569999995 ], [ -39.2091765, -7.31122289999996 ], [ -39.2092211, -7.31145759999993 ], [ -39.209238899999903, -7.31158 ], [ -39.2074153, -7.31323789999993 ], [ -39.2115338, -7.32066919999994 ], [ -39.2136664, -7.32046809999997 ], [ -39.2144509, -7.32117869999996 ], [ -39.215593399999896, -7.32232389999996 ], [ -39.216199199999899, -7.32290579999994 ], [ -39.2165074, -7.32330939999997 ], [ -39.217143399999898, -7.32402739999998 ], [ -39.21759, -7.32442949999995 ], [ -39.2182472, -7.32499949999993 ], [ -39.218817, -7.32538209999996 ], [ -39.219425699999903, -7.32556509999995 ], [ -39.220366399999897, -7.32585879999993 ], [ -39.220841199999903, -7.32626449999998 ], [ -39.221059899999901, -7.32658659999993 ], [ -39.221344799999898, -7.32696789999994 ], [ -39.221643, -7.32700839999995 ], [ -39.2216726999999, -7.32701849999995 ], [ -39.2221938, -7.32707439999996 ], [ -39.2230771, -7.32744259999993 ], [ -39.2244368, -7.32827689999993 ], [ -39.224454799999897, -7.32827659999998 ], [ -39.2251474, -7.32874309999994 ], [ -39.2254497, -7.32922469999994 ], [ -39.2256896, -7.32963909999995 ], [ -39.226114499999902, -7.330538 ], [ -39.2268531, -7.33211319999998 ], [ -39.2273532, -7.33307709999997 ], [ -39.227894299999903, -7.33412729999998 ], [ -39.2291891, -7.33679509999996 ], [ -39.229514499999901, -7.33754059999995 ], [ -39.2298934, -7.338292 ], [ -39.230885699999902, -7.34057539999998 ], [ -39.2319241, -7.34318639999998 ], [ -39.2329387, -7.34592869999994 ], [ -39.233753299999897, -7.34791539999998 ], [ -39.234540099999897, -7.34915329999995 ], [ -39.2351024, -7.35028549999993 ], [ -39.2353505, -7.350785 ], [ -39.236127699999898, -7.35254289999995 ], [ -39.2376601, -7.35470909999998 ], [ -39.2409421999999, -7.36285389999995 ], [ -39.2320061, -7.36729479999997 ], [ -39.2299393, -7.37113919999996 ], [ -39.2284514, -7.37278619999995 ], [ -39.229135, -7.37660969999996 ], [ -39.2310085, -7.37799919999998 ], [ -39.230871, -7.37994249999997 ], [ -39.231877499999896, -7.38152839999998 ], [ -39.2298996, -7.38399119999997 ], [ -39.2271512, -7.38853909999995 ], [ -39.2269345999999, -7.38972979999994 ], [ -39.2256302, -7.391274 ], [ -39.222938199999902, -7.39730289999994 ], [ -39.2240459, -7.40236459999994 ], [ -39.2259921, -7.407226 ], [ -39.2268756, -7.41352119999993 ], [ -39.240261299999901, -7.43012509999994 ], [ -39.254407199999903, -7.44767189999993 ], [ -39.2540322, -7.48770679999996 ], [ -39.2541011, -7.48774019999996 ], [ -39.3332144, -7.46781159999995 ], [ -39.3333367, -7.46778079999996 ], [ -39.33429, -7.46754049999993 ], [ -39.3346356, -7.46745329999993 ], [ -39.3718397, -7.45807329999997 ], [ -39.3718656, -7.48999479999998 ], [ -39.3718661, -7.49053419999996 ], [ -39.3718668, -7.49144829999994 ], [ -39.371866899999901, -7.491581 ], [ -39.3718673, -7.49209439999993 ], [ -39.371870999999899, -7.49659969999993 ], [ -39.371930899999903, -7.57034439999995 ], [ -39.371931199999899, -7.57074029999995 ], [ -39.371943299999899, -7.58567329999994 ] ] ] ] } },
{ "type": "Feature", "properties": { "CD_MUN": "2302008", "NM_MUN": "Barro", "CD_RGI": "230012", "NM_RGI": "Brejo Santo", "CD_RGINT": "2304", "NM_RGINT": "Juazeiro do Norte", "CD_UF": "23", "NM_UF": "Ceará", "SIGLA_UF": "CE", "CD_REGIAO": "2", "NM_REGIAO": "Nordeste", "SIGLA_RG": "NE", "CD_CONCURB": null, "NM_CONCURB": null, "AREA_KM2": 711.346 }, "geometry": { "type": "MultiPolygon", "coordinates": [ [ [ [ -38.778149, -7.23126829999995 ], [ -38.7785605, -7.23107019999998 ], [ -38.779570799999902, -7.23082649999998 ], [ -38.7805873, -7.23028609999994 ], [ -38.7813295, -7.22940569999997 ], [ -38.7821208, -7.22847629999995 ], [ -38.7828096, -7.22757319999994 ], [ -38.783014099999903, -7.22680769999994 ], [ -38.7836353, -7.22630859999992 ], [ -38.783837499999898, -7.22611159999997 ], [ -38.7843205, -7.22564119999993 ], [ -38.7844332, -7.22457329999997 ], [ -38.7843769, -7.22371269999996 ], [ -38.7855018, -7.221552 ], [ -38.7854965, -7.220651 ], [ -38.785225399999902, -7.21975089999995 ], [ -38.784637099999898, -7.21826189999996 ], [ -38.785434699999897, -7.21781239999996 ], [ -38.7867002999999, -7.21830829999993 ], [ -38.787374499999899, -7.21866089999997 ], [ -38.7881371, -7.21895619999998 ], [ -38.789020999999899, -7.21923339999995 ], [ -38.789800399999898, -7.21933779999995 ], [ -38.790816699999901, -7.21937129999998 ], [ -38.7918187, -7.21988419999997 ], [ -38.792530499999899, -7.22035849999997 ], [ -38.7932918, -7.220859 ], [ -38.7952235999999, -7.22006749999997 ], [ -38.795912299999898, -7.21931479999995 ], [ -38.796569599999899, -7.21829789999992 ], [ -38.7976128, -7.21812679999994 ], [ -38.7982041, -7.21915979999994 ], [ -38.798333, -7.22051039999997 ], [ -38.7986576, -7.22252759999998 ], [ -38.7990222, -7.22451229999996 ], [ -38.7992465, -7.22554739999993 ], [ -38.799272899999899, -7.22633509999997 ], [ -38.799031899999903, -7.22718949999995 ], [ -38.7984259, -7.22820949999993 ], [ -38.798282899999897, -7.22911349999993 ], [ -38.7981679, -7.22985269999998 ], [ -38.7981493, -7.23090269999994 ], [ -38.798091499999899, -7.23161059999995 ], [ -38.798600099999902, -7.23213889999994 ], [ -38.7992808, -7.23236639999993 ], [ -38.8002905, -7.232693 ], [ -38.800968399999903, -7.23205039999993 ], [ -38.801597199999897, -7.23112939999993 ], [ -38.8020658, -7.22968759999998 ], [ -38.8026679, -7.22869979999996 ], [ -38.8049814, -7.22752589999993 ], [ -38.8060912, -7.22715249999993 ], [ -38.8072812, -7.22696609999997 ], [ -38.8083932, -7.22718369999996 ], [ -38.8105186, -7.22705809999997 ], [ -38.8114472, -7.22701059999997 ], [ -38.8126377, -7.22701979999994 ], [ -38.8142341, -7.22534839999997 ], [ -38.815588299999902, -7.22519329999994 ], [ -38.818958699999897, -7.225998 ], [ -38.8203444, -7.22669059999993 ], [ -38.8219381, -7.22800739999997 ], [ -38.8237392, -7.22946169999994 ], [ -38.8255414999999, -7.23029369999995 ], [ -38.826996699999903, -7.23147119999993 ], [ -38.8278278, -7.23285639999995 ], [ -38.8282431, -7.23410309999997 ], [ -38.8295598, -7.23500359999997 ], [ -38.8312228, -7.23548909999994 ], [ -38.8333713, -7.23576669999994 ], [ -38.834651, -7.23656589999996 ], [ -38.8366804, -7.23821839999994 ], [ -38.838411999999899, -7.23908469999998 ], [ -38.8398467, -7.23953289999997 ], [ -38.840075899999903, -7.23960459999995 ], [ -38.841808699999902, -7.23977789999998 ], [ -38.8432989, -7.239536 ], [ -38.8445727, -7.23911759999993 ], [ -38.8464035, -7.23891919999994 ], [ -38.8511209, -7.23952689999993 ], [ -38.852794, -7.239332 ], [ -38.853556, -7.23877869999995 ], [ -38.8541116, -7.23798279999994 ], [ -38.8545965, -7.23711729999997 ], [ -38.8556015, -7.23575029999995 ], [ -38.856710399999898, -7.23517939999994 ], [ -38.8573691, -7.23476439999996 ], [ -38.857680899999899, -7.23396849999995 ], [ -38.857889499999899, -7.23313719999993 ], [ -38.8579942, -7.23156239999997 ], [ -38.8586521, -7.23088779999995 ], [ -38.859471799999902, -7.23097889999997 ], [ -38.8599172, -7.23194379999995 ], [ -38.8595989, -7.23311419999993 ], [ -38.8587376, -7.23550929999993 ], [ -38.859170199999902, -7.23663479999993 ], [ -38.8597596, -7.23784619999998 ], [ -38.860452199999898, -7.23898889999998 ], [ -38.861054399999901, -7.24023629999994 ], [ -38.8602162, -7.24170439999995 ], [ -38.8607234, -7.24208269999997 ], [ -38.861553899999898, -7.24224059999995 ], [ -38.8623825, -7.242109 ], [ -38.8631836, -7.24097979999993 ], [ -38.863833699999901, -7.24062989999993 ], [ -38.864595999999899, -7.24047009999992 ], [ -38.8654194, -7.24056529999996 ], [ -38.866332199999903, -7.24157779999996 ], [ -38.867637199999898, -7.24282289999996 ], [ -38.8687737999999, -7.24422149999998 ], [ -38.8694176999999, -7.24422279999993 ], [ -38.8706806, -7.24369309999997 ], [ -38.8716663, -7.24312839999993 ], [ -38.8721593, -7.24234659999996 ], [ -38.8721016, -7.24157939999998 ], [ -38.8721452, -7.24086939999995 ], [ -38.8728846, -7.240363 ], [ -38.873551399999897, -7.23987109999996 ], [ -38.874131299999902, -7.23926249999994 ], [ -38.8748572, -7.23832139999996 ], [ -38.876611099999899, -7.23751089999996 ], [ -38.878524599999899, -7.236179 ], [ -38.8796551, -7.23609249999993 ], [ -38.8809884, -7.23652789999994 ], [ -38.884382899999899, -7.23875139999996 ], [ -38.8986763999999, -7.24213429999998 ], [ -38.899923699999903, -7.24226759999993 ], [ -38.9008876, -7.24205789999996 ], [ -38.9015762, -7.24119259999998 ], [ -38.9017067, -7.23992019999997 ], [ -38.902294099999899, -7.23906039999997 ], [ -38.9031711, -7.23845269999993 ], [ -38.903809, -7.23797159999998 ], [ -38.9046536, -7.23739539999997 ], [ -38.9067881, -7.24116039999996 ], [ -38.9076944, -7.24130449999996 ], [ -38.9087253, -7.24074879999995 ], [ -38.9096056, -7.24098209999994 ], [ -38.9145078, -7.24300119999998 ], [ -38.9182245, -7.23130919999994 ], [ -38.921455, -7.22114679999993 ], [ -38.928975099999903, -7.19749019999995 ], [ -38.9345008, -7.18010749999996 ], [ -38.9466517, -7.14492449999995 ], [ -38.94704, -7.14380019999993 ], [ -38.947689099999899, -7.14192069999996 ], [ -38.9252139, -7.11420859999993 ], [ -38.9089741, -7.082704 ], [ -38.8987438999999, -7.06333289999998 ], [ -38.8982463, -7.06239059999996 ], [ -38.887734899999899, -7.04249139999996 ], [ -38.886947399999897, -7.04089189999996 ], [ -38.884006699999901, -7.03491879999996 ], [ -38.875400399999897, -7.01743819999996 ], [ -38.870514699999902, -7.00751449999996 ], [ -38.8643309, -6.99460359999995 ], [ -38.8561528, -6.97752909999997 ], [ -38.8549264, -6.97955039999994 ], [ -38.853338999999899, -6.98063809999996 ], [ -38.850561399999897, -6.98074309999993 ], [ -38.848388499999899, -6.98109519999997 ], [ -38.8425743, -6.981504 ], [ -38.8378978, -6.982416 ], [ -38.831507799999898, -6.98278919999996 ], [ -38.828721599999902, -6.98396779999996 ], [ -38.827128699999903, -6.98711519999995 ], [ -38.825489499999897, -6.98895459999994 ], [ -38.818655, -6.98907149999997 ], [ -38.8160391, -6.98930979999994 ], [ -38.813049299999903, -6.99017019999997 ], [ -38.8100969, -6.99051989999998 ], [ -38.806391699999899, -6.98946629999995 ], [ -38.8034724, -6.99016389999997 ], [ -38.8021499, -6.99063729999995 ], [ -38.7980719, -6.99287229999993 ], [ -38.793202199999897, -6.99428679999994 ], [ -38.7901734, -6.99524249999996 ], [ -38.7868596, -6.99740389999994 ], [ -38.7843774, -6.99871069999995 ], [ -38.781067999999898, -7.00057929999997 ], [ -38.7775096, -7.000846 ], [ -38.7733208, -7.000883 ], [ -38.770740799999899, -6.99697969999994 ], [ -38.7704785, -6.99415229999994 ], [ -38.7696793, -6.99370049999993 ], [ -38.767619399999901, -6.99410749999993 ], [ -38.764807, -6.994153 ], [ -38.7648182, -6.99407809999997 ], [ -38.762662, -6.99624389999997 ], [ -38.761749, -6.99619619999993 ], [ -38.758685699999901, -6.99846109999993 ], [ -38.757722199999897, -6.99859789999994 ], [ -38.7518823, -6.99692049999993 ], [ -38.7509919, -6.99731129999998 ], [ -38.747381899999901, -7.00188289999994 ], [ -38.744190499999902, -7.00249169999995 ], [ -38.740740899999899, -7.003816 ], [ -38.7368243, -7.00670829999996 ], [ -38.7365869, -7.00695549999995 ], [ -38.7332962, -7.01038269999998 ], [ -38.7308322, -7.01187719999996 ], [ -38.7305837, -7.01202789999996 ], [ -38.7171139, -7.01694149999997 ], [ -38.7153741, -7.01749379999995 ], [ -38.713517, -7.01808329999994 ], [ -38.7120715, -7.01854219999996 ], [ -38.710717299999899, -7.01897209999993 ], [ -38.705938699999898, -7.02238689999996 ], [ -38.7023015, -7.02419459999993 ], [ -38.6949097, -7.02694139999994 ], [ -38.6917496, -7.02894409999993 ], [ -38.6914411, -7.02913959999995 ], [ -38.691389699999903, -7.029232 ], [ -38.6909873, -7.02995539999995 ], [ -38.6909916, -7.03198709999998 ], [ -38.6926604, -7.03491019999996 ], [ -38.6917718, -7.03818409999997 ], [ -38.6898014, -7.04022939999993 ], [ -38.680357, -7.04397709999995 ], [ -38.677276199999902, -7.04492109999995 ], [ -38.673791799999897, -7.046227 ], [ -38.669849, -7.04770459999997 ], [ -38.669818099999901, -7.04787659999994 ], [ -38.669237199999898, -7.05111009999996 ], [ -38.6700253, -7.053986 ], [ -38.670068699999902, -7.05414469999994 ], [ -38.671319099999899, -7.05616849999996 ], [ -38.6753126, -7.05978049999993 ], [ -38.6752738, -7.06015019999995 ], [ -38.675167799999898, -7.06116109999994 ], [ -38.6750231, -7.06254019999994 ], [ -38.675294199999897, -7.06363309999995 ], [ -38.6769451, -7.06597019999998 ], [ -38.6770998, -7.06618929999996 ], [ -38.677242, -7.06710249999998 ], [ -38.677128, -7.06722989999997 ], [ -38.675829399999898, -7.068681 ], [ -38.6727572, -7.069407 ], [ -38.672583, -7.06944809999993 ], [ -38.671451499999897, -7.07053309999998 ], [ -38.6712145, -7.07094459999996 ], [ -38.6711883, -7.07098989999997 ], [ -38.670754, -7.07174379999998 ], [ -38.6704587, -7.07260969999993 ], [ -38.6704424, -7.07265739999997 ], [ -38.669995399999898, -7.076616 ], [ -38.6688669, -7.07907979999993 ], [ -38.6679453, -7.08033039999998 ], [ -38.6666878, -7.08168219999993 ], [ -38.6616638, -7.08375009999997 ], [ -38.6607142, -7.08507319999995 ], [ -38.6598008, -7.08554379999993 ], [ -38.657631299999899, -7.090742 ], [ -38.6564059, -7.09242579999994 ], [ -38.6571365, -7.09422349999994 ], [ -38.6576896, -7.09558439999995 ], [ -38.657766, -7.09577239999993 ], [ -38.6582902, -7.09706219999993 ], [ -38.658310399999898, -7.09779679999997 ], [ -38.658419599999903, -7.10176409999997 ], [ -38.6587989, -7.10334439999997 ], [ -38.6609157, -7.10694089999993 ], [ -38.6621544, -7.110179 ], [ -38.6630476, -7.111588 ], [ -38.6633522999999, -7.11179959999993 ], [ -38.6634266, -7.11185119999993 ], [ -38.6668933999999, -7.11425819999994 ], [ -38.6675839, -7.11473759999996 ], [ -38.667808099999903, -7.11489329999995 ], [ -38.667993099999897, -7.11502169999994 ], [ -38.6685436, -7.11732229999996 ], [ -38.669393699999901, -7.12087449999996 ], [ -38.6698053, -7.12259459999996 ], [ -38.6699993, -7.122743 ], [ -38.672857099999902, -7.124929 ], [ -38.6770414, -7.13044249999996 ], [ -38.6774153, -7.13093519999995 ], [ -38.6778823, -7.132675 ], [ -38.677871799999899, -7.13275039999996 ], [ -38.6778613, -7.132825 ], [ -38.6776537, -7.13430939999995 ], [ -38.676518499999901, -7.13758629999995 ], [ -38.675907, -7.13830939999997 ], [ -38.675548299999903, -7.14033869999997 ], [ -38.6749351, -7.143809 ], [ -38.674940999999897, -7.15335059999995 ], [ -38.675293, -7.15572189999995 ], [ -38.6766565, -7.15799469999996 ], [ -38.6776578999999, -7.15859389999997 ], [ -38.682381, -7.15933209999997 ], [ -38.684382, -7.16039169999993 ], [ -38.6851937, -7.161344 ], [ -38.6850474, -7.16347919999993 ], [ -38.6849806, -7.16356229999997 ], [ -38.6842736, -7.16444169999994 ], [ -38.6826308999999, -7.16543079999997 ], [ -38.6825228, -7.16549589999994 ], [ -38.677635199999898, -7.16672969999996 ], [ -38.6767186, -7.16757219999994 ], [ -38.6765824, -7.16919819999993 ], [ -38.677129799999904, -7.17093629999994 ], [ -38.6776601, -7.17261959999996 ], [ -38.6793539, -7.17503159999995 ], [ -38.6830169, -7.17598439999995 ], [ -38.6837978, -7.17832049999993 ], [ -38.683909899999897, -7.18086769999996 ], [ -38.6863513, -7.18311429999994 ], [ -38.68783, -7.19016119999998 ], [ -38.6874225, -7.189912 ], [ -38.683801699999897, -7.18769809999998 ], [ -38.6825226, -7.18746969999995 ], [ -38.6818425, -7.18734829999994 ], [ -38.675943899999901, -7.18957379999995 ], [ -38.6749665, -7.18888689999994 ], [ -38.674026, -7.18598629999997 ], [ -38.6734121, -7.18529189999998 ], [ -38.672194499999897, -7.185188 ], [ -38.6683492, -7.18581779999994 ], [ -38.664815, -7.18566879999997 ], [ -38.6593223, -7.18324769999998 ], [ -38.6547818, -7.18322769999997 ], [ -38.6497985, -7.18470469999994 ], [ -38.6475766, -7.18372259999995 ], [ -38.6452877, -7.18342409999997 ], [ -38.6444183999999, -7.183693 ], [ -38.6442036, -7.18375939999993 ], [ -38.6436340999999, -7.18393579999997 ], [ -38.642806699999902, -7.18479819999993 ], [ -38.6427472, -7.18486029999997 ], [ -38.6421609, -7.18686819999994 ], [ -38.6393287, -7.18898419999994 ], [ -38.636550999999898, -7.193755 ], [ -38.634288899999902, -7.19346769999993 ], [ -38.6300777, -7.191509 ], [ -38.626981999999899, -7.19114749999994 ], [ -38.624802799999898, -7.19132059999993 ], [ -38.6224025, -7.19316659999993 ], [ -38.6218818, -7.19356709999994 ], [ -38.6197946999999, -7.19705559999994 ], [ -38.6229347, -7.203752 ], [ -38.6230512, -7.20767019999994 ], [ -38.6205638, -7.21104689999993 ], [ -38.6197424, -7.21463779999993 ], [ -38.6199955, -7.22009159999993 ], [ -38.6199803, -7.22010889999996 ], [ -38.6200281, -7.22010669999997 ], [ -38.6223562, -7.22002689999994 ], [ -38.624969399999898, -7.22109639999996 ], [ -38.6273763, -7.22104159999998 ], [ -38.630246, -7.221379 ], [ -38.6334232, -7.22224389999997 ], [ -38.6357323, -7.22192459999997 ], [ -38.6408572, -7.22216839999993 ], [ -38.641867299999902, -7.22196749999995 ], [ -38.642595099999902, -7.22132229999994 ], [ -38.6437273, -7.22027389999994 ], [ -38.645141899999899, -7.21938669999997 ], [ -38.6462327, -7.219146 ], [ -38.647323099999902, -7.21938839999996 ], [ -38.6480099, -7.22023649999994 ], [ -38.648453, -7.22120559999996 ], [ -38.649118799999897, -7.22233679999994 ], [ -38.6499386, -7.22351239999995 ], [ -38.6511376999999, -7.22366979999993 ], [ -38.6523905, -7.22367079999998 ], [ -38.654128399999898, -7.22294569999997 ], [ -38.6562292, -7.22258459999995 ], [ -38.6582189, -7.22299949999996 ], [ -38.6595713, -7.22419089999994 ], [ -38.6608634, -7.22600829999993 ], [ -38.6618971, -7.22699909999994 ], [ -38.6649499, -7.22801309999994 ], [ -38.667211199999898, -7.22862079999993 ], [ -38.6725453, -7.231994 ], [ -38.6982345, -7.234182 ], [ -38.7057487, -7.234822 ], [ -38.706791, -7.23491069999994 ], [ -38.709415, -7.23513419999995 ], [ -38.7182528, -7.235887 ], [ -38.7186313999999, -7.23591919999996 ], [ -38.7201213, -7.23604609999995 ], [ -38.724810499999897, -7.23644549999995 ], [ -38.729911899999898, -7.23688 ], [ -38.7383144, -7.23759559999996 ], [ -38.7383326, -7.23759719999993 ], [ -38.738362, -7.23759969999998 ], [ -38.738407, -7.23760349999998 ], [ -38.7475861, -7.23690049999993 ], [ -38.7521495, -7.23726569999997 ], [ -38.754827599999899, -7.23775059999997 ], [ -38.755056099999898, -7.237792 ], [ -38.757196399999899, -7.23795409999997 ], [ -38.758593399999903, -7.23766989999996 ], [ -38.7613638999999, -7.23514939999995 ], [ -38.762615799999899, -7.23494919999996 ], [ -38.7642698, -7.23517349999997 ], [ -38.765682399999903, -7.236039 ], [ -38.767055399999897, -7.23656439999996 ], [ -38.769194, -7.23672649999997 ], [ -38.7718004, -7.23616879999997 ], [ -38.7735144, -7.23584129999995 ], [ -38.7746849, -7.23543929999994 ], [ -38.7759374, -7.23431009999996 ], [ -38.7769066, -7.23257649999994 ], [ -38.7776090999999, -7.23152809999993 ], [ -38.778149, -7.23126829999995 ] ] ] ] } },
{ "type": "Feature", "properties": { "CD_MUN": "2309201", "NM_MUN": "Nova Olinda", "CD_RGI": "230011", "NM_RGI": "Juazeiro do Norte", "CD_RGINT": "2304", "NM_RGINT": "Juazeiro do Norte", "CD_UF": "23", "NM_UF": "Ceará", "SIGLA_UF": "CE", "CD_REGIAO": "2", "NM_REGIAO": "Nordeste", "SIGLA_RG": "NE", "CD_CONCURB": null, "NM_CONCURB": null, "AREA_KM2": 282.584 }, "geometry": { "type": "MultiPolygon", "coordinates": [ [ [ [ -39.599618899999903, -7.13252129999995 ], [ -39.5996201, -7.13304189999997 ], [ -39.5996223, -7.13396009999997 ], [ -39.599703, -7.16946029999997 ], [ -39.599703799999901, -7.16979839999993 ], [ -39.5998015, -7.209633 ], [ -39.6000361, -7.20965869999998 ], [ -39.600108299999903, -7.20966669999996 ], [ -39.6001803999999, -7.20967459999997 ], [ -39.6002333, -7.20968039999997 ], [ -39.6002708, -7.20968449999998 ], [ -39.6023215, -7.20990959999995 ], [ -39.6028415, -7.20996669999994 ], [ -39.602941799999897, -7.20997769999997 ], [ -39.603061399999902, -7.20999089999998 ], [ -39.6033035, -7.21001749999994 ], [ -39.6033116999999, -7.21001839999997 ], [ -39.603460299999902, -7.21003469999994 ], [ -39.606655799999899, -7.21011639999995 ], [ -39.607158599999899, -7.21012919999993 ], [ -39.6088177, -7.20876079999994 ], [ -39.6109946999999, -7.206965 ], [ -39.6129276, -7.205335 ], [ -39.6134005, -7.20499929999994 ], [ -39.6188943, -7.20066009999994 ], [ -39.6209532, -7.19914959999994 ], [ -39.6224349, -7.19810539999997 ], [ -39.6235986, -7.19723139999996 ], [ -39.6242928, -7.19672779999996 ], [ -39.6255404, -7.19583039999998 ], [ -39.625609499999896, -7.19578069999994 ], [ -39.6271058, -7.19474959999997 ], [ -39.6280398, -7.19430549999993 ], [ -39.629512599999899, -7.19360949999998 ], [ -39.630686099999899, -7.19314119999996 ], [ -39.631404599999897, -7.19279309999996 ], [ -39.6393752, -7.18951089999996 ], [ -39.6405892, -7.189011 ], [ -39.643702699999899, -7.18776219999995 ], [ -39.645451, -7.18707169999993 ], [ -39.6495823999999, -7.18550419999997 ], [ -39.6526721, -7.18441089999993 ], [ -39.6564443, -7.18304139999998 ], [ -39.6589878999999, -7.182233 ], [ -39.660264599999898, -7.18182729999995 ], [ -39.6616175999999, -7.18153529999995 ], [ -39.6638033, -7.18064949999996 ], [ -39.6660128, -7.17990439999994 ], [ -39.6685242, -7.17913759999993 ], [ -39.66952, -7.17866139999995 ], [ -39.670419599999903, -7.17829449999994 ], [ -39.6733176, -7.17729709999998 ], [ -39.675365199999902, -7.17654019999998 ], [ -39.6775446, -7.17573529999993 ], [ -39.678634299999899, -7.17535079999993 ], [ -39.6802031, -7.17482189999993 ], [ -39.6820352, -7.174185 ], [ -39.6848494, -7.17325939999995 ], [ -39.689279999999897, -7.17164929999996 ], [ -39.6932078, -7.170375 ], [ -39.693661899999903, -7.16959649999995 ], [ -39.694414299999899, -7.16798 ], [ -39.6956936, -7.16626689999993 ], [ -39.696387199999897, -7.16542219999997 ], [ -39.696781799999897, -7.16487709999996 ], [ -39.69787, -7.16357119999998 ], [ -39.698515799999903, -7.16274449999997 ], [ -39.6994306, -7.16163629999994 ], [ -39.700477099999901, -7.16044409999995 ], [ -39.701039299999898, -7.15985689999997 ], [ -39.7030867, -7.15904009999997 ], [ -39.7037091, -7.15666329999993 ], [ -39.7065638, -7.14667339999994 ], [ -39.710699299999902, -7.14044409999997 ], [ -39.711063599999903, -7.13989349999997 ], [ -39.715143199999901, -7.13375009999993 ], [ -39.7344598, -7.10465339999996 ], [ -39.7350163999999, -7.10381519999993 ], [ -39.739743, -7.09669579999996 ], [ -39.7400479, -7.09624139999994 ], [ -39.7414267999999, -7.094159 ], [ -39.742038, -7.09323829999994 ], [ -39.742129299999903, -7.09310089999997 ], [ -39.7425908, -7.09216309999994 ], [ -39.742867499999903, -7.09156289999993 ], [ -39.7431361, -7.09148479999993 ], [ -39.7436398, -7.09133829999996 ], [ -39.7443221999999, -7.09109669999998 ], [ -39.744725399999901, -7.09042719999997 ], [ -39.744700899999899, -7.089716 ], [ -39.7449976999999, -7.08884119999993 ], [ -39.7452512999999, -7.08786979999996 ], [ -39.745307, -7.08671909999993 ], [ -39.7455785, -7.085753 ], [ -39.7458592, -7.08517089999998 ], [ -39.745956099999901, -7.08496979999995 ], [ -39.746172199999897, -7.08384 ], [ -39.7465185, -7.082553 ], [ -39.7465237, -7.08129659999997 ], [ -39.7470225, -7.08042339999997 ], [ -39.747794499999898, -7.08047489999996 ], [ -39.748483, -7.08084629999996 ], [ -39.7491613, -7.080554 ], [ -39.7495139, -7.08008679999995 ], [ -39.749719599999899, -7.07950159999996 ], [ -39.749279, -7.07927349999994 ], [ -39.7487826, -7.07893559999997 ], [ -39.7492994999999, -7.07807959999997 ], [ -39.7492579, -7.07729789999996 ], [ -39.748652299999897, -7.07613339999995 ], [ -39.7485589, -7.07526189999993 ], [ -39.7467928, -7.07435579999998 ], [ -39.746873799999896, -7.07356349999998 ], [ -39.7459211, -7.07304569999997 ], [ -39.745649899999897, -7.07213389999993 ], [ -39.745268399999901, -7.07142339999996 ], [ -39.7454665, -7.07043789999994 ], [ -39.7458596, -7.06958449999996 ], [ -39.746706199999899, -7.06964369999997 ], [ -39.747364699999899, -7.06999049999996 ], [ -39.7480614, -7.07005669999995 ], [ -39.7486405, -7.06879819999995 ], [ -39.7490131, -7.06807969999994 ], [ -39.7492946, -7.06693249999995 ], [ -39.7486671999999, -7.06636079999993 ], [ -39.749490799999897, -7.06573119999996 ], [ -39.750185799999898, -7.064409 ], [ -39.751032199999898, -7.063424 ], [ -39.751548699999901, -7.06283449999995 ], [ -39.7524526, -7.06179909999997 ], [ -39.754118199999901, -7.06071949999995 ], [ -39.754691599999902, -7.05979959999996 ], [ -39.7544268, -7.05897669999996 ], [ -39.7548801, -7.05632819999994 ], [ -39.754803299999899, -7.05510269999996 ], [ -39.7546111, -7.05416389999993 ], [ -39.755198499999899, -7.05327009999996 ], [ -39.756068899999903, -7.05227309999998 ], [ -39.7566191, -7.05080989999993 ], [ -39.7567246999999, -7.04900769999995 ], [ -39.756294099999899, -7.04763319999995 ], [ -39.7569219, -7.04648019999996 ], [ -39.757413, -7.04502429999997 ], [ -39.7569176, -7.04384059999995 ], [ -39.756129799999897, -7.04259489999993 ], [ -39.7553373, -7.04190929999993 ], [ -39.754484799999901, -7.040496 ], [ -39.754158, -7.03921769999994 ], [ -39.753055399999901, -7.03753879999994 ], [ -39.753012, -7.03620169999994 ], [ -39.751801699999902, -7.03457339999994 ], [ -39.751799199999901, -7.03451619999993 ], [ -39.7517314, -7.03298469999993 ], [ -39.7509489, -7.03100479999995 ], [ -39.7491181, -7.02852029999997 ], [ -39.748697999999898, -7.02720149999993 ], [ -39.747714899999899, -7.02512819999993 ], [ -39.7474521, -7.02248019999996 ], [ -39.759066699999899, -7.01334389999994 ], [ -39.7387765, -7.00803209999998 ], [ -39.7374316, -7.00768 ], [ -39.737282999999898, -7.00764 ], [ -39.7165684, -7.00221829999998 ], [ -39.691035499999899, -7.01601279999994 ], [ -39.680628899999903, -7.01614769999998 ], [ -39.6773266, -7.01922449999995 ], [ -39.6768865, -7.02040379999994 ], [ -39.675290899999901, -7.02329429999998 ], [ -39.670896399999897, -7.02320549999996 ], [ -39.6665106, -7.021704 ], [ -39.6648599, -7.02116809999995 ], [ -39.6628732, -7.02095749999995 ], [ -39.6590103, -7.02107049999995 ], [ -39.6583472, -7.02021489999993 ], [ -39.656414599999898, -7.01914839999995 ], [ -39.6550197, -7.019343 ], [ -39.6538758, -7.01968649999998 ], [ -39.6522237, -7.02043869999994 ], [ -39.6512308, -7.02065359999995 ], [ -39.6493538, -7.02055029999997 ], [ -39.648142, -7.02022909999994 ], [ -39.646317399999901, -7.01937409999994 ], [ -39.6439447, -7.01954019999994 ], [ -39.6445451, -7.01574119999998 ], [ -39.6438822, -7.01488639999997 ], [ -39.640847999999899, -7.014678 ], [ -39.6378693999999, -7.014038 ], [ -39.636104499999902, -7.01510859999996 ], [ -39.633676599999902, -7.01596939999996 ], [ -39.6302001, -7.01533279999995 ], [ -39.6286547999999, -7.01479939999996 ], [ -39.6323937, -7.02265529999994 ], [ -39.6103085, -7.03151309999993 ], [ -39.5796875, -7.04379429999994 ], [ -39.5795927, -7.04466459999998 ], [ -39.5797478, -7.04537409999995 ], [ -39.5801843, -7.04574369999995 ], [ -39.5810756, -7.04589569999996 ], [ -39.5822307, -7.04617669999993 ], [ -39.5831583, -7.04678909999996 ], [ -39.583365, -7.04778519999996 ], [ -39.5830784999999, -7.04855459999993 ], [ -39.582306199999898, -7.04910119999994 ], [ -39.581310099999897, -7.049495 ], [ -39.5806638, -7.04993129999997 ], [ -39.579443899999902, -7.05142149999995 ], [ -39.5787834, -7.05194879999993 ], [ -39.5781805, -7.05257179999995 ], [ -39.577686399999898, -7.05306739999997 ], [ -39.5776868, -7.05409729999997 ], [ -39.5784897, -7.05464239999998 ], [ -39.5797893, -7.05432169999995 ], [ -39.580674299999899, -7.05446739999996 ], [ -39.5807748, -7.05480769999997 ], [ -39.5809341, -7.05536379999995 ], [ -39.580700799999903, -7.05648889999998 ], [ -39.5805442999999, -7.05779579999995 ], [ -39.5801332999999, -7.05862919999993 ], [ -39.579645399999897, -7.05929039999995 ], [ -39.5792345999999, -7.06031519999993 ], [ -39.579082899999896, -7.06160779999993 ], [ -39.5791391, -7.06301019999995 ], [ -39.5789326, -7.06410659999995 ], [ -39.5784747, -7.06574409999996 ], [ -39.578093099999897, -7.06708489999994 ], [ -39.577845599999897, -7.06847329999994 ], [ -39.5778286, -7.07018689999995 ], [ -39.578088099999903, -7.07083749999993 ], [ -39.5783863, -7.07172749999995 ], [ -39.578310499999901, -7.072436 ], [ -39.577880299999897, -7.07322149999993 ], [ -39.577461, -7.07374359999994 ], [ -39.577465, -7.074524 ], [ -39.578067599999898, -7.07489019999997 ], [ -39.579070699999903, -7.07496239999995 ], [ -39.5796855, -7.074802 ], [ -39.5809108, -7.07509409999994 ], [ -39.581975, -7.07546609999997 ], [ -39.5828318, -7.076033 ], [ -39.583743, -7.07619149999994 ], [ -39.5846, -7.07484059999996 ], [ -39.5848836, -7.07430089999997 ], [ -39.5858188, -7.073703 ], [ -39.5864912, -7.07374209999995 ], [ -39.5882235, -7.07465269999994 ], [ -39.589055899999899, -7.07472009999998 ], [ -39.589760899999902, -7.07522179999995 ], [ -39.5905192, -7.07616859999996 ], [ -39.591253299999899, -7.07700529999994 ], [ -39.5924714, -7.07779349999993 ], [ -39.5929588, -7.07842839999995 ], [ -39.593294699999902, -7.07992479999996 ], [ -39.5937666, -7.08060559999996 ], [ -39.5949957, -7.08090629999998 ], [ -39.5955964, -7.08127209999998 ], [ -39.596117799999902, -7.08155589999996 ], [ -39.596743199999899, -7.08168669999998 ], [ -39.598375299999901, -7.08022429999994 ], [ -39.5994946, -7.08007729999997 ], [ -39.5994989, -7.08188039999993 ], [ -39.5995702, -7.11199389999996 ], [ -39.599572, -7.11275289999998 ], [ -39.5996079, -7.127884 ], [ -39.5996119, -7.12956839999993 ], [ -39.599614099999897, -7.13052619999996 ], [ -39.599618899999903, -7.13252129999995 ] ] ] ] } },
{ "type": "Feature", "properties": { "CD_MUN": "2301307", "NM_MUN": "Araripe", "CD_RGI": "230011", "NM_RGI": "Juazeiro do Norte", "CD_RGINT": "2304", "NM_RGINT": "Juazeiro do Norte", "CD_UF": "23", "NM_UF": "Ceará", "SIGLA_UF": "CE", "CD_REGIAO": "2", "NM_REGIAO": "Nordeste", "SIGLA_RG": "NE", "CD_CONCURB": null, "NM_CONCURB": null, "AREA_KM2": 1097.345 }, "geometry": { "type": "MultiPolygon", "coordinates": [ [ [ [ -39.8892769, -7.26176049999998 ], [ -39.8893954, -7.32046059999993 ], [ -39.8894314, -7.33828029999995 ], [ -39.889434299999898, -7.33973489999994 ], [ -39.8900904, -7.33982329999998 ], [ -39.8901197, -7.33982729999997 ], [ -39.8901306, -7.33982879999996 ], [ -39.8903455, -7.33982459999993 ], [ -39.8976699, -7.33968279999993 ], [ -39.904559699999901, -7.33834339999993 ], [ -39.9103853, -7.33721029999998 ], [ -39.915442299999903, -7.33808979999998 ], [ -39.926345, -7.34099889999993 ], [ -39.931546899999901, -7.34343589999997 ], [ -39.9384195, -7.34723969999993 ], [ -39.944209, -7.34918509999994 ], [ -39.952945699999901, -7.35386549999993 ], [ -39.961385999999898, -7.35707859999997 ], [ -39.9759711, -7.36346239999995 ], [ -39.9940311, -7.37077019999998 ], [ -39.9954064, -7.37213879999996 ], [ -40.000707, -7.37447829999996 ], [ -40.0061023, -7.37505369999997 ], [ -40.0090895, -7.37556729999994 ], [ -40.0145388, -7.37650429999997 ], [ -40.045163699999897, -7.380745 ], [ -40.0511468, -7.38122009999995 ], [ -40.0571596, -7.38152569999994 ], [ -40.057307799999897, -7.38153319999998 ], [ -40.0603662, -7.38168869999993 ], [ -40.076450599999902, -7.38282569999996 ], [ -40.0874545, -7.38309309999994 ], [ -40.1100068, -7.38254719999998 ], [ -40.1277542999999, -7.381915 ], [ -40.1376326, -7.37944549999997 ], [ -40.1376516999999, -7.37944069999998 ], [ -40.1509459, -7.37399269999997 ], [ -40.1518349, -7.37362839999997 ], [ -40.1571334, -7.371457 ], [ -40.1618179, -7.36958259999994 ], [ -40.1710267999999, -7.36642319999993 ], [ -40.1804691, -7.363 ], [ -40.1804997, -7.36298889999995 ], [ -40.1876387, -7.36121089999995 ], [ -40.187653, -7.36120739999996 ], [ -40.1956847, -7.35814869999996 ], [ -40.2139385, -7.345952 ], [ -40.22076, -7.34127029999996 ], [ -40.2293668, -7.33350779999995 ], [ -40.2323186, -7.329875 ], [ -40.232382099999903, -7.329797 ], [ -40.2419717, -7.31799519999993 ], [ -40.244113899999903, -7.31634169999995 ], [ -40.247857699999898, -7.30511689999997 ], [ -40.2614813, -7.26427049999995 ], [ -40.266758, -7.24844979999995 ], [ -40.256672099999903, -7.23668539999994 ], [ -40.2553723, -7.23522829999996 ], [ -40.253039199999897, -7.23261279999997 ], [ -40.2530136, -7.23257919999998 ], [ -40.2508652, -7.229757 ], [ -40.2495165999999, -7.22729119999997 ], [ -40.2488638, -7.22563289999994 ], [ -40.2490994, -7.22282969999998 ], [ -40.2509123, -7.21850879999994 ], [ -40.2508948, -7.21212239999994 ], [ -40.251370199999897, -7.20806819999996 ], [ -40.2512993, -7.20371639999996 ], [ -40.2514523, -7.20219219999996 ], [ -40.252223199999897, -7.20023039999995 ], [ -40.253136599999898, -7.20000649999997 ], [ -40.2545373, -7.19965579999996 ], [ -40.2559021, -7.199329 ], [ -40.257217399999902, -7.19910629999993 ], [ -40.257241399999899, -7.19910219999997 ], [ -40.2576263999999, -7.19903709999994 ], [ -40.259804899999899, -7.19836109999994 ], [ -40.262327099999901, -7.196392 ], [ -40.262329099999903, -7.196361 ], [ -40.262371, -7.19569019999994 ], [ -40.2623732, -7.19565479999994 ], [ -40.2624304, -7.19474069999995 ], [ -40.2622954, -7.19358059999996 ], [ -40.2623634, -7.19216859999995 ], [ -40.2633642, -7.19016279999994 ], [ -40.263865699999897, -7.18915789999994 ], [ -40.2648836, -7.18817879999995 ], [ -40.2662442, -7.18643539999994 ], [ -40.267074799999897, -7.184434 ], [ -40.2684118, -7.17939439999998 ], [ -40.2686911, -7.17834169999998 ], [ -40.2686899, -7.17827409999995 ], [ -40.268629099999899, -7.17471479999995 ], [ -40.2675671, -7.17313089999993 ], [ -40.2641234, -7.16917189999998 ], [ -40.26199, -7.16262379999995 ], [ -40.261868299999897, -7.15567979999997 ], [ -40.2613711, -7.15372049999996 ], [ -40.262585699999903, -7.14827059999993 ], [ -40.2614703, -7.14554929999997 ], [ -40.2596096, -7.14336969999994 ], [ -40.2595681, -7.14332139999993 ], [ -40.255944999999898, -7.13907789999996 ], [ -40.2490286, -7.13410209999995 ], [ -40.248930099999903, -7.13400279999996 ], [ -40.246566399999899, -7.13162019999993 ], [ -40.2421798, -7.12794829999996 ], [ -40.241881099999901, -7.12717319999996 ], [ -40.2415568, -7.12611819999995 ], [ -40.2412186, -7.12509609999995 ], [ -40.240817, -7.12423779999995 ], [ -40.2407923, -7.12336679999993 ], [ -40.2410103, -7.12245859999996 ], [ -40.2411883, -7.12183359999995 ], [ -40.2412037, -7.12115549999993 ], [ -40.2412044, -7.12112249999996 ], [ -40.2409241, -7.11994839999994 ], [ -40.2409809, -7.11892979999993 ], [ -40.240441, -7.11784879999993 ], [ -40.240283, -7.11657409999998 ], [ -40.2404304, -7.11526719999995 ], [ -40.240475699999898, -7.11430039999993 ], [ -40.240066399999897, -7.113531 ], [ -40.2399781, -7.11277029999997 ], [ -40.239440199999898, -7.11226439999996 ], [ -40.238380199999902, -7.11183409999995 ], [ -40.237589399999898, -7.11171419999994 ], [ -40.2370708999999, -7.11131359999996 ], [ -40.2363665, -7.111294 ], [ -40.2355183, -7.11120289999997 ], [ -40.234523, -7.11121629999997 ], [ -40.233640799999897, -7.11052589999997 ], [ -40.233058099999901, -7.11031929999996 ], [ -40.232566399999897, -7.11102869999996 ], [ -40.2320723999999, -7.111687 ], [ -40.2312805, -7.11098159999995 ], [ -40.230294399999899, -7.11065279999997 ], [ -40.229707699999899, -7.10975389999993 ], [ -40.2288176, -7.10946759999996 ], [ -40.2285113, -7.11062429999993 ], [ -40.2279280999999, -7.11074929999995 ], [ -40.2273254, -7.11012309999995 ], [ -40.2282006, -7.108729 ], [ -40.227954, -7.107873 ], [ -40.227631099999897, -7.10714639999998 ], [ -40.2268498, -7.106769 ], [ -40.2261313, -7.10707379999997 ], [ -40.225301699999903, -7.10679359999995 ], [ -40.2249198, -7.10639269999996 ], [ -40.2253451, -7.10552829999995 ], [ -40.224333699999903, -7.10488669999995 ], [ -40.2236758, -7.10431169999993 ], [ -40.2227495, -7.10369919999994 ], [ -40.2217292999999, -7.10381679999995 ], [ -40.220767099999897, -7.10412079999998 ], [ -40.220019799999903, -7.10415149999994 ], [ -40.2196921, -7.103401 ], [ -40.2198288, -7.10257989999997 ], [ -40.219087499999901, -7.10213669999996 ], [ -40.217757499999898, -7.10196939999997 ], [ -40.216891299999901, -7.101584 ], [ -40.217251099999899, -7.10067709999993 ], [ -40.2168758, -7.10006789999994 ], [ -40.216054799999903, -7.09940959999994 ], [ -40.2156299, -7.09906619999998 ], [ -40.215723599999897, -7.09825239999998 ], [ -40.2148979, -7.09854639999998 ], [ -40.214034899999902, -7.09782839999997 ], [ -40.2140123, -7.09660669999994 ], [ -40.213360099999903, -7.09672229999995 ], [ -40.2120024, -7.09708529999995 ], [ -40.211297499999901, -7.09750939999998 ], [ -40.2110213, -7.09825269999993 ], [ -40.211450699999901, -7.09941209999994 ], [ -40.2106214, -7.09922279999995 ], [ -40.209016, -7.09672919999997 ], [ -40.2086515, -7.09599249999997 ], [ -40.207995099999899, -7.09535649999998 ], [ -40.2076772, -7.09457869999994 ], [ -40.2067292999999, -7.09453069999995 ], [ -40.205772599999896, -7.09448319999996 ], [ -40.2047454, -7.09467249999994 ], [ -40.2034783, -7.09377129999996 ], [ -40.2032887, -7.09270929999997 ], [ -40.2021660999999, -7.09213079999995 ], [ -40.201002, -7.09169919999994 ], [ -40.2001928, -7.09170529999994 ], [ -40.1994106, -7.09141449999993 ], [ -40.198662399999897, -7.09142419999995 ], [ -40.1980227, -7.09090879999997 ], [ -40.1971328, -7.09024459999995 ], [ -40.1958781, -7.08936879999993 ], [ -40.1949139, -7.08888319999994 ], [ -40.194135, -7.08876429999998 ], [ -40.193024299999898, -7.08957719999995 ], [ -40.191529199999898, -7.08858139999995 ], [ -40.1898876999999, -7.08729059999996 ], [ -40.188700299999901, -7.08603989999995 ], [ -40.187179899999897, -7.08452349999993 ], [ -40.1859343, -7.08457819999995 ], [ -40.184635399999898, -7.08542079999995 ], [ -40.182985, -7.08508319999993 ], [ -40.1768384, -7.07962559999993 ], [ -40.1744042999999, -7.077593 ], [ -40.174302, -7.07691849999998 ], [ -40.174820899999901, -7.07654389999993 ], [ -40.1757246, -7.07682869999996 ], [ -40.1761794, -7.07633409999994 ], [ -40.1760277, -7.07542569999993 ], [ -40.176524, -7.07465159999998 ], [ -40.1763697, -7.07402449999995 ], [ -40.1756586, -7.07345489999994 ], [ -40.175251699999897, -7.07287739999992 ], [ -40.175440099999904, -7.07229249999995 ], [ -40.175724499999902, -7.07110729999994 ], [ -40.1760297, -7.07053459999997 ], [ -40.1766691999999, -7.07050559999993 ], [ -40.177424899999899, -7.07003339999994 ], [ -40.176998399999903, -7.06905089999998 ], [ -40.177481999999898, -7.06797119999993 ], [ -40.1761023, -7.067036 ], [ -40.1751687, -7.06553529999996 ], [ -40.1746022, -7.06488609999997 ], [ -40.1735672, -7.06483129999998 ], [ -40.1719118, -7.06375869999994 ], [ -40.171276599999899, -7.06264559999994 ], [ -40.170341, -7.06102179999993 ], [ -40.1693136, -7.06002139999993 ], [ -40.1685806999999, -7.05909359999993 ], [ -40.1682145, -7.05783549999995 ], [ -40.1683872999999, -7.05668919999994 ], [ -40.168355899999902, -7.05565559999997 ], [ -40.168050999999899, -7.05442159999996 ], [ -40.1668453999999, -7.05309579999994 ], [ -40.1665143, -7.05203429999995 ], [ -40.1665667, -7.05090289999993 ], [ -40.166737, -7.05002189999993 ], [ -40.1658206, -7.04849389999993 ], [ -40.1649464, -7.04804379999996 ], [ -40.1647063, -7.04736749999995 ], [ -40.1543258, -7.07102389999994 ], [ -40.1541215, -7.07148969999997 ], [ -40.1449875, -7.09230549999995 ], [ -40.1368065, -7.11094959999997 ], [ -40.1361952, -7.11234279999996 ], [ -40.1350939, -7.11279209999998 ], [ -40.1187689, -7.11945259999993 ], [ -40.1175205, -7.11996109999995 ], [ -40.1013768, -7.12654849999996 ], [ -40.0951962, -7.12907009999998 ], [ -40.084279599999903, -7.13688989999997 ], [ -40.071937499999898, -7.14568679999996 ], [ -40.039074899999903, -7.14817509999995 ], [ -40.0112319, -7.15028329999996 ], [ -39.9999657, -7.15113629999996 ], [ -39.996519099999901, -7.14868289999993 ], [ -39.995162999999899, -7.14761039999996 ], [ -39.9935606, -7.14790379999994 ], [ -39.9928593, -7.14732289999995 ], [ -39.988829, -7.14639109999996 ], [ -39.9853648, -7.14654209999998 ], [ -39.980868299999898, -7.14514569999994 ], [ -39.9761985, -7.14133619999996 ], [ -39.975485, -7.14065709999994 ], [ -39.9657879, -7.13301919999998 ], [ -39.9645027, -7.13200489999997 ], [ -39.9175296, -7.09429339999997 ], [ -39.897337, -7.09695159999995 ], [ -39.898084099999899, -7.09951039999993 ], [ -39.8985901, -7.10048029999996 ], [ -39.8985944, -7.10270139999994 ], [ -39.8971678999999, -7.10677369999996 ], [ -39.8958898, -7.111996 ], [ -39.895289299999902, -7.11440029999994 ], [ -39.8936312, -7.11749859999998 ], [ -39.8942704, -7.12162419999993 ], [ -39.8940276, -7.12387819999998 ], [ -39.8919824, -7.12535409999998 ], [ -39.8896351, -7.12810979999995 ], [ -39.8896488, -7.13516989999994 ], [ -39.8885094, -7.13946069999997 ], [ -39.8890359, -7.14236829999993 ], [ -39.8891067, -7.17751209999994 ], [ -39.8891796, -7.21354789999998 ], [ -39.8892769, -7.26176049999998 ] ] ] ] } },
{ "type": "Feature", "properties": { "CD_MUN": "2300606", "NM_MUN": "Altaneira", "CD_RGI": "230011", "NM_RGI": "Juazeiro do Norte", "CD_RGINT": "2304", "NM_RGINT": "Juazeiro do Norte", "CD_UF": "23", "NM_UF": "Ceará", "SIGLA_UF": "CE", "CD_REGIAO": "2", "NM_REGIAO": "Nordeste", "SIGLA_RG": "NE", "CD_CONCURB": null, "NM_CONCURB": null, "AREA_KM2": 72.675 }, "geometry": { "type": "MultiPolygon", "coordinates": [ [ [ [ -39.7708847, -7.01751429999996 ], [ -39.7717537, -7.01733019999995 ], [ -39.7757242, -7.01648859999995 ], [ -39.8001637, -7.01130929999994 ], [ -39.796732, -7.01036309999995 ], [ -39.795366499999901, -7.01026489999998 ], [ -39.7944666, -7.01002849999998 ], [ -39.7936708, -7.00952709999996 ], [ -39.792480699999899, -7.00902759999997 ], [ -39.790999, -7.00883289999996 ], [ -39.7899102, -7.00777529999993 ], [ -39.7890002, -7.007218 ], [ -39.7878297, -7.00676679999998 ], [ -39.7866533, -7.00632209999998 ], [ -39.784815299999899, -7.00551189999993 ], [ -39.7823768, -7.00411129999998 ], [ -39.7812762, -7.00391789999998 ], [ -39.7801866, -7.003432 ], [ -39.7784961999999, -7.00200589999997 ], [ -39.776665299999898, -7.00245129999996 ], [ -39.7759121, -7.00193929999995 ], [ -39.7756365, -7.00112509999997 ], [ -39.7749357, -7.001366 ], [ -39.7741142, -7.00091429999998 ], [ -39.7738447, -7.00020869999997 ], [ -39.7727548, -6.99987039999996 ], [ -39.7725881, -6.998778 ], [ -39.7715772, -6.99777619999998 ], [ -39.770371399999902, -6.997187 ], [ -39.769917, -6.99635789999996 ], [ -39.769439299999902, -6.99527729999994 ], [ -39.769555399999902, -6.99472339999994 ], [ -39.768801799999899, -6.99434329999997 ], [ -39.7683774999999, -6.99359569999996 ], [ -39.767893, -6.99323749999996 ], [ -39.7670591, -6.99299949999994 ], [ -39.7662065, -6.99307749999997 ], [ -39.765661099999903, -6.99347089999998 ], [ -39.7651509, -6.99397909999993 ], [ -39.7636754, -6.99393359999993 ], [ -39.7632748999999, -6.99314929999997 ], [ -39.762425199999903, -6.99304849999993 ], [ -39.7617834, -6.99213219999996 ], [ -39.7611939, -6.99206729999997 ], [ -39.760361799999899, -6.99285719999995 ], [ -39.7592033, -6.99338559999995 ], [ -39.7581827, -6.99321649999996 ], [ -39.7577686999999, -6.99197589999994 ], [ -39.7570878, -6.99159409999993 ], [ -39.7564364999999, -6.99068409999995 ], [ -39.7554193, -6.98994789999995 ], [ -39.755172199999897, -6.98897179999994 ], [ -39.7557978, -6.98772639999993 ], [ -39.755504, -6.98724689999995 ], [ -39.7544538, -6.98726109999996 ], [ -39.753574699999902, -6.98775529999995 ], [ -39.7527746, -6.98744639999995 ], [ -39.752169599999903, -6.986593 ], [ -39.7519382999999, -6.98571739999994 ], [ -39.751348499999899, -6.98538809999997 ], [ -39.7498519, -6.98409819999995 ], [ -39.7484703, -6.98287979999998 ], [ -39.7465563, -6.98125549999997 ], [ -39.7458151, -6.98052189999993 ], [ -39.7453861, -6.97961079999993 ], [ -39.7440885, -6.97926819999998 ], [ -39.742941899999899, -6.97892179999997 ], [ -39.7414921, -6.97768319999994 ], [ -39.7414582, -6.97673069999996 ], [ -39.7407494, -6.976057 ], [ -39.7395496, -6.97619379999998 ], [ -39.7389881, -6.97554279999997 ], [ -39.7377215, -6.97428109999993 ], [ -39.7367644, -6.97332769999997 ], [ -39.735563399999897, -6.97269059999996 ], [ -39.7335634, -6.97112859999993 ], [ -39.729722599999903, -6.96867909999997 ], [ -39.7277523, -6.96769129999996 ], [ -39.726127, -6.96680349999997 ], [ -39.7250921, -6.96666149999993 ], [ -39.724764999999898, -6.966141 ], [ -39.7240963, -6.96577559999997 ], [ -39.7232802, -6.96591759999995 ], [ -39.721711099999901, -6.96654409999996 ], [ -39.7217418, -6.965403 ], [ -39.721242899999901, -6.96450789999994 ], [ -39.7202584999999, -6.96484219999996 ], [ -39.7194416, -6.96481779999993 ], [ -39.7188733, -6.96438789999996 ], [ -39.718606099999903, -6.96354109999993 ], [ -39.718015799999897, -6.96277609999993 ], [ -39.7184599, -6.96187559999993 ], [ -39.718722, -6.96101359999994 ], [ -39.7179169, -6.96078509999995 ], [ -39.716481299999899, -6.96117529999998 ], [ -39.7155551, -6.96063649999996 ], [ -39.715638, -6.95972049999995 ], [ -39.7151934, -6.959023 ], [ -39.7146582, -6.95852429999997 ], [ -39.7143004, -6.95805179999996 ], [ -39.7140535, -6.95696929999997 ], [ -39.7134533, -6.95597089999995 ], [ -39.7127096, -6.95519309999997 ], [ -39.7119539, -6.95494979999995 ], [ -39.711414299999902, -6.95448389999996 ], [ -39.7110183, -6.95392019999997 ], [ -39.7102821, -6.95415179999998 ], [ -39.709897, -6.95369639999996 ], [ -39.7096567, -6.953144 ], [ -39.7091255, -6.95274189999998 ], [ -39.7088261, -6.95251529999996 ], [ -39.708121499999898, -6.95238189999998 ], [ -39.7072936, -6.95342539999996 ], [ -39.7064642, -6.95382729999994 ], [ -39.7040802, -6.95342919999996 ], [ -39.703046099999902, -6.95383149999998 ], [ -39.7023191, -6.95433459999998 ], [ -39.702323, -6.95574109999995 ], [ -39.7014968, -6.95715159999997 ], [ -39.6989022, -6.95765659999995 ], [ -39.6982829, -6.95816129999997 ], [ -39.6981822, -6.96047349999998 ], [ -39.697611499999901, -6.96102909999996 ], [ -39.697601399999897, -6.96103889999995 ], [ -39.6975833, -6.96103729999993 ], [ -39.6911866, -6.96083509999994 ], [ -39.6902042, -6.96229329999994 ], [ -39.6933466, -6.96723509999993 ], [ -39.6929095, -6.96932669999995 ], [ -39.6906299, -6.969832 ], [ -39.6878311, -6.96883029999998 ], [ -39.686274899999901, -6.96752549999997 ], [ -39.6846841, -6.96610849999996 ], [ -39.6832653, -6.96550749999994 ], [ -39.679322899999903, -6.964622 ], [ -39.6764195, -6.96321869999997 ], [ -39.6706794, -6.96086339999994 ], [ -39.6685231, -6.96037829999995 ], [ -39.6670556, -6.95918369999993 ], [ -39.6662031, -6.95822059999995 ], [ -39.665023899999902, -6.95736619999997 ], [ -39.6610593999999, -6.95571319999993 ], [ -39.6576830999999, -6.95352419999995 ], [ -39.6535092, -6.95326229999995 ], [ -39.6526797, -6.952358 ], [ -39.6495406, -6.95059269999996 ], [ -39.646906999999899, -6.94965669999993 ], [ -39.645143899999901, -6.94855279999996 ], [ -39.6439068, -6.94796429999997 ], [ -39.643180099999903, -6.94746419999996 ], [ -39.643377299999898, -6.94626729999993 ], [ -39.642644, -6.94554669999997 ], [ -39.6399331, -6.94558319999993 ], [ -39.6241105, -6.95813219999997 ], [ -39.624094199999902, -6.958139 ], [ -39.6212939, -6.96035889999996 ], [ -39.6227211, -6.96221709999998 ], [ -39.623270499999897, -6.96315149999998 ], [ -39.6245028, -6.96376519999995 ], [ -39.625937399999899, -6.96408419999995 ], [ -39.6269331, -6.96536729999997 ], [ -39.629583899999901, -6.96621949999997 ], [ -39.6312391, -6.96718059999995 ], [ -39.632013099999902, -6.96782269999994 ], [ -39.6335025999999, -6.96878269999996 ], [ -39.632182999999898, -6.97167319999994 ], [ -39.6366049, -6.97744369999998 ], [ -39.6368254, -6.97851439999994 ], [ -39.6358354, -6.97947989999994 ], [ -39.635287499999897, -6.98130059999994 ], [ -39.6363921, -6.98343839999995 ], [ -39.638693499999903, -6.98463959999998 ], [ -39.640087, -6.98554729999995 ], [ -39.6452303, -6.99123609999998 ], [ -39.6463342, -6.99145079999994 ], [ -39.649093299999898, -6.99123259999993 ], [ -39.6501967, -6.991763 ], [ -39.6517426, -6.99219229999994 ], [ -39.6549967, -6.99250619999998 ], [ -39.6562117, -6.99250629999995 ], [ -39.658089399999902, -6.99325269999997 ], [ -39.663274499999901, -6.992283 ], [ -39.6639919, -6.99260169999997 ], [ -39.663551799999901, -6.99377869999995 ], [ -39.663315399999902, -6.99497209999993 ], [ -39.6628231, -6.99584389999995 ], [ -39.659203799999901, -7.00223769999997 ], [ -39.6568902, -7.00320519999997 ], [ -39.6560089, -7.004168 ], [ -39.656008299999897, -7.00502459999996 ], [ -39.6581059, -7.006307 ], [ -39.6595637, -7.00712649999997 ], [ -39.6630522, -7.00773419999996 ], [ -39.6638889, -7.00778419999995 ], [ -39.664753899999901, -7.00759219999998 ], [ -39.665715599999899, -7.00750069999998 ], [ -39.666771099999899, -7.00779089999997 ], [ -39.6722356, -7.00896169999993 ], [ -39.6743121, -7.01021809999997 ], [ -39.6779557999999, -7.011818 ], [ -39.679517299999901, -7.01434719999997 ], [ -39.680628899999903, -7.01614769999998 ], [ -39.691035499999899, -7.01601279999994 ], [ -39.7165684, -7.00221829999998 ], [ -39.737282999999898, -7.00764 ], [ -39.7374316, -7.00768 ], [ -39.7387765, -7.00803209999998 ], [ -39.759066699999899, -7.01334389999994 ], [ -39.7474521, -7.02248019999996 ], [ -39.7708847, -7.01751429999996 ] ] ] ] } },
{ "type": "Feature", "properties": { "CD_MUN": "2300804", "NM_MUN": "Antonina do Norte", "CD_RGI": "230011", "NM_RGI": "Juazeiro do Norte", "CD_RGINT": "2304", "NM_RGINT": "Juazeiro do Norte", "CD_UF": "23", "NM_UF": "Ceará", "SIGLA_UF": "CE", "CD_REGIAO": "2", "NM_REGIAO": "Nordeste", "SIGLA_RG": "NE", "CD_CONCURB": null, "NM_CONCURB": null, "AREA_KM2": 259.706 }, "geometry": { "type": "MultiPolygon", "coordinates": [ [ [ [ -39.9399821, -6.78392589999993 ], [ -39.942811999999897, -6.78523789999997 ], [ -39.945976099999903, -6.78691509999993 ], [ -39.9480847, -6.788415 ], [ -39.949891299999898, -6.78947689999995 ], [ -39.9518368, -6.79101619999994 ], [ -39.9536992, -6.79319259999994 ], [ -39.9573819, -6.79648669999995 ], [ -39.9598675, -6.79885819999993 ], [ -39.9644643, -6.80172409999994 ], [ -39.967114599999903, -6.80320859999995 ], [ -39.968858699999899, -6.80479509999998 ], [ -39.972251399999898, -6.80486429999996 ], [ -39.9747843, -6.80517979999996 ], [ -39.976263699999897, -6.80560329999997 ], [ -39.9788101, -6.80981849999995 ], [ -39.9797517, -6.81075249999998 ], [ -39.982891299999899, -6.81231419999995 ], [ -39.984841199999899, -6.81376689999996 ], [ -39.986918199999899, -6.81508079999998 ], [ -39.9891162, -6.81512519999995 ], [ -39.9898669, -6.81486609999996 ], [ -39.990868, -6.81434169999994 ], [ -39.9920915, -6.81339829999996 ], [ -39.9933917, -6.81041529999993 ], [ -39.9962868, -6.80894959999995 ], [ -39.9976737, -6.807039 ], [ -39.9985864, -6.80644089999993 ], [ -40.0001741, -6.80416429999997 ], [ -40.00206, -6.80312879999997 ], [ -40.0033058, -6.80369709999997 ], [ -40.0046957, -6.80400939999993 ], [ -40.0070878, -6.80415829999993 ], [ -40.0080032, -6.80448189999993 ], [ -40.0083236, -6.80469709999994 ], [ -40.0097506, -6.80565559999997 ], [ -40.0133934999999, -6.80705749999993 ], [ -40.0149395, -6.80763009999993 ], [ -40.017362299999903, -6.80986249999995 ], [ -40.0201445, -6.81218989999996 ], [ -40.0223968, -6.81305859999998 ], [ -40.0255116, -6.81415279999993 ], [ -40.0277502, -6.81418389999993 ], [ -40.029390299999903, -6.81421629999994 ], [ -40.031785, -6.81448639999996 ], [ -40.0340732, -6.81528319999995 ], [ -40.0376773, -6.81571819999994 ], [ -40.039834599999899, -6.81603339999998 ], [ -40.0417277, -6.816316 ], [ -40.043419399999898, -6.81698559999995 ], [ -40.0447961, -6.81831959999994 ], [ -40.050004499999901, -6.82212759999993 ], [ -40.051817899999897, -6.82367439999996 ], [ -40.0534969, -6.82504909999994 ], [ -40.0547854, -6.82771119999995 ], [ -40.0553123, -6.82948529999993 ], [ -40.0553889, -6.83243939999994 ], [ -40.0561966, -6.83603879999993 ], [ -40.0560613, -6.836941 ], [ -40.055033299999899, -6.83861779999995 ], [ -40.0537573, -6.83983679999994 ], [ -40.0519515, -6.84192219999994 ], [ -40.0511337, -6.84334339999998 ], [ -40.051716699999901, -6.84410729999996 ], [ -40.0530658, -6.84485449999994 ], [ -40.058479299999902, -6.847544 ], [ -40.0611709, -6.84865079999997 ], [ -40.0655606, -6.85079559999997 ], [ -40.0667313, -6.85163719999997 ], [ -40.068161099999898, -6.85299569999995 ], [ -40.069891799999901, -6.85436369999996 ], [ -40.077162799999897, -6.85669739999997 ], [ -40.079214799999903, -6.85474059999996 ], [ -40.0799507, -6.85404019999993 ], [ -40.0808868, -6.85296609999995 ], [ -40.081508, -6.85238079999993 ], [ -40.0832093, -6.85081669999994 ], [ -40.0843902, -6.84960809999995 ], [ -40.0854835, -6.848543 ], [ -40.0862961, -6.84789019999994 ], [ -40.0872855, -6.84665679999995 ], [ -40.146997499999898, -6.83058659999995 ], [ -40.1452987, -6.81874289999996 ], [ -40.1449536, -6.81858579999994 ], [ -40.1444784, -6.81812029999998 ], [ -40.1434862999999, -6.81769909999997 ], [ -40.142300799999902, -6.81745369999993 ], [ -40.141625599999898, -6.81749529999996 ], [ -40.1401971, -6.81782169999997 ], [ -40.139961, -6.81824589999997 ], [ -40.140303699999897, -6.81895249999997 ], [ -40.1410054, -6.81946379999994 ], [ -40.1410369, -6.82098309999998 ], [ -40.140937199999897, -6.82164809999995 ], [ -40.140417899999903, -6.822068 ], [ -40.139782099999898, -6.82222869999993 ], [ -40.1391131, -6.82211 ], [ -40.1383946999999, -6.82175359999997 ], [ -40.1376304, -6.82111319999996 ], [ -40.1369124, -6.81986829999994 ], [ -40.136466299999903, -6.81956069999995 ], [ -40.1359704, -6.81938949999994 ], [ -40.1353018, -6.81913269999995 ], [ -40.1345987, -6.819004 ], [ -40.132901499999903, -6.81855679999995 ], [ -40.1321983, -6.81884559999997 ], [ -40.1309342, -6.81880549999994 ], [ -40.129560899999902, -6.81819129999997 ], [ -40.1283754, -6.81801459999997 ], [ -40.127599099999898, -6.81775079999994 ], [ -40.1269239, -6.81773089999996 ], [ -40.1263556, -6.81735889999993 ], [ -40.125861, -6.81734489999997 ], [ -40.125143799999897, -6.81749669999994 ], [ -40.1239343, -6.81808419999993 ], [ -40.1224936, -6.81850569999995 ], [ -40.1218071, -6.81899709999993 ], [ -40.1209431999999, -6.81891859999996 ], [ -40.120498199999901, -6.81904879999996 ], [ -40.120212599999903, -6.81979609999996 ], [ -40.1190571, -6.82013619999998 ], [ -40.11831, -6.82008049999996 ], [ -40.116845699999899, -6.81931679999997 ], [ -40.1167194, -6.81866989999997 ], [ -40.1166036, -6.81829689999995 ], [ -40.116279899999903, -6.81807509999993 ], [ -40.1158915, -6.81783909999996 ], [ -40.1145055, -6.81792119999994 ], [ -40.1140018, -6.81753469999995 ], [ -40.113652699999903, -6.81561869999996 ], [ -40.112907999999898, -6.81349549999993 ], [ -40.1124818, -6.81244109999994 ], [ -40.1123931, -6.81136449999997 ], [ -40.1120394, -6.81059719999996 ], [ -40.1117235, -6.81064809999998 ], [ -40.110989699999898, -6.81013289999993 ], [ -40.110564699999898, -6.80955239999997 ], [ -40.110140199999897, -6.80923749999994 ], [ -40.109636899999899, -6.80899459999995 ], [ -40.1091244, -6.80789019999997 ], [ -40.109135599999902, -6.80651179999995 ], [ -40.1089832, -6.805823 ], [ -40.108774299999901, -6.80537 ], [ -40.108421, -6.80496279999994 ], [ -40.107931199999904, -6.80433219999998 ], [ -40.107579, -6.80424679999993 ], [ -40.1071626, -6.80430519999993 ], [ -40.1068261, -6.80476539999995 ], [ -40.1069075999999, -6.80584209999995 ], [ -40.1063629, -6.80637459999997 ], [ -40.105695, -6.80638009999996 ], [ -40.10416, -6.80726979999997 ], [ -40.1035196999999, -6.80678309999996 ], [ -40.1033241, -6.80604409999995 ], [ -40.1028593999999, -6.80584729999993 ], [ -40.102, -6.80492 ], [ -40.1016036, -6.80431789999994 ], [ -40.1012218, -6.80382339999994 ], [ -40.1008621, -6.80354429999994 ], [ -40.0996258, -6.80313789999997 ], [ -40.098965399999898, -6.80329009999997 ], [ -40.097974899999898, -6.80357949999996 ], [ -40.0969125, -6.80381169999993 ], [ -40.0958919, -6.80350529999993 ], [ -40.0954163, -6.80280279999994 ], [ -40.094783, -6.80226579999993 ], [ -40.094070499999901, -6.80158539999996 ], [ -40.092887899999901, -6.80024069999996 ], [ -40.0919084, -6.79943009999994 ], [ -40.0915067, -6.79886679999993 ], [ -40.091434799999902, -6.79847569999993 ], [ -40.091218899999902, -6.79831819999993 ], [ -40.090136, -6.79725709999997 ], [ -40.087686, -6.79541869999997 ], [ -40.0867405, -6.79450629999997 ], [ -40.0859915, -6.793927 ], [ -40.084305, -6.79302129999996 ], [ -40.0835731, -6.79239929999994 ], [ -40.0824492, -6.79176689999997 ], [ -40.0818222, -6.79156659999995 ], [ -40.0811988, -6.79143439999996 ], [ -40.0808258, -6.79165069999993 ], [ -40.0806545, -6.79209609999998 ], [ -40.080915499999897, -6.79322979999995 ], [ -40.0804299, -6.794437 ], [ -40.079823, -6.79501069999998 ], [ -40.079243399999903, -6.79563689999998 ], [ -40.0780781, -6.796237 ], [ -40.077402499999899, -6.79602309999996 ], [ -40.0762634, -6.79462789999997 ], [ -40.074883999999898, -6.793875 ], [ -40.0741499, -6.79317309999993 ], [ -40.0735885, -6.79262869999997 ], [ -40.072711899999902, -6.79248709999996 ], [ -40.0706921, -6.79270609999998 ], [ -40.069414799999898, -6.79224989999994 ], [ -40.0684297, -6.79152219999997 ], [ -40.067131199999899, -6.79027419999994 ], [ -40.066607599999898, -6.78959059999994 ], [ -40.066201099999901, -6.788262 ], [ -40.0661416, -6.78751139999997 ], [ -40.066472, -6.78635389999994 ], [ -40.0694164, -6.78373149999993 ], [ -40.070160499999901, -6.78201819999992 ], [ -40.0711932, -6.78123369999997 ], [ -40.071426099999897, -6.78070369999995 ], [ -40.0719889, -6.77986589999995 ], [ -40.0719214, -6.779265 ], [ -40.0717041, -6.77841829999994 ], [ -40.071579, -6.77792389999996 ], [ -40.0700658, -6.77807729999995 ], [ -40.0691313, -6.77767739999996 ], [ -40.0691299, -6.77701689999998 ], [ -40.0694728, -6.77621209999995 ], [ -40.069600599999902, -6.775537 ], [ -40.0696851, -6.77476139999993 ], [ -40.0696536, -6.773498 ], [ -40.0698996, -6.77286569999995 ], [ -40.0698985, -6.77235989999997 ], [ -40.069749199999897, -6.771974 ], [ -40.0693467, -6.77114389999997 ], [ -40.068390599999901, -6.77088979999996 ], [ -40.067202699999903, -6.770528 ], [ -40.066227899999902, -6.77027489999995 ], [ -40.065077599999903, -6.76970309999996 ], [ -40.064300199999899, -6.76891509999996 ], [ -40.0636084, -6.767811 ], [ -40.0625302, -6.767397 ], [ -40.0618574, -6.76702789999996 ], [ -40.0612791, -6.76671059999995 ], [ -40.060502799999902, -6.76642509999994 ], [ -40.060085699999902, -6.76616749999994 ], [ -40.059194499999897, -6.765868 ], [ -40.058403199999901, -6.76523789999993 ], [ -40.058389299999902, -6.765199 ], [ -40.0578829, -6.76378889999995 ], [ -40.0571054, -6.76291469999995 ], [ -40.056530199999898, -6.76260009999993 ], [ -40.0554536, -6.76290389999997 ], [ -40.054755199999903, -6.76162449999993 ], [ -40.054501899999899, -6.761183 ], [ -40.0539113, -6.76091809999997 ], [ -40.0529251, -6.75964859999993 ], [ -40.052333099999899, -6.75854579999998 ], [ -40.051851499999898, -6.75838169999997 ], [ -40.0514112, -6.75733449999996 ], [ -40.0506705, -6.75686939999997 ], [ -40.049693499999897, -6.75672079999993 ], [ -40.0493337, -6.75642 ], [ -40.0493112, -6.75596779999995 ], [ -40.0484524, -6.75549649999994 ], [ -40.0476585, -6.75552629999993 ], [ -40.0471987, -6.75545549999993 ], [ -40.046781199999899, -6.75500409999995 ], [ -40.0465192999999, -6.75344679999995 ], [ -40.0460591, -6.75308789999997 ], [ -40.044859599999903, -6.75310569999994 ], [ -40.044465199999898, -6.75240419999994 ], [ -40.0442469, -6.75201579999998 ], [ -40.0433464, -6.75073979999996 ], [ -40.0424024, -6.74919829999993 ], [ -40.0428176, -6.74816389999995 ], [ -40.0431737, -6.74720809999997 ], [ -40.0431434, -6.74645429999993 ], [ -40.042222, -6.74546559999993 ], [ -40.041473799999899, -6.74483539999994 ], [ -40.041035, -6.74467459999994 ], [ -40.0390662, -6.74397179999994 ], [ -40.038179699999901, -6.742502 ], [ -40.037481399999898, -6.74169219999993 ], [ -40.0358993, -6.74066179999994 ], [ -40.0347644, -6.74052779999994 ], [ -40.033189499999899, -6.73954039999995 ], [ -40.033166, -6.7386 ], [ -40.0324595, -6.73730919999997 ], [ -40.032702599999901, -6.73678459999996 ], [ -40.032605299999901, -6.73485729999993 ], [ -40.0328342, -6.73453729999994 ], [ -40.032791099999898, -6.73385389999993 ], [ -40.0320571, -6.73310879999997 ], [ -40.030707499999899, -6.73324959999997 ], [ -40.0283805, -6.73321709999993 ], [ -40.0267423, -6.73283279999993 ], [ -40.025606599999897, -6.73233269999997 ], [ -40.0248579, -6.731444 ], [ -40.023129599999898, -6.72913589999996 ], [ -40.0221501, -6.727817 ], [ -40.0217610999999, -6.72721479999996 ], [ -40.0213489, -6.726284 ], [ -40.020608799999899, -6.72562339999996 ], [ -40.020749899999899, -6.72443129999994 ], [ -40.019843, -6.72342809999998 ], [ -40.0191505, -6.721922 ], [ -40.0180007, -6.72156539999997 ], [ -40.0163613, -6.720535 ], [ -40.0156708, -6.72000519999995 ], [ -40.0143287, -6.71909179999994 ], [ -40.0133125, -6.71861729999995 ], [ -40.013369, -6.71814329999995 ], [ -40.0135458, -6.716327 ], [ -40.0140385, -6.71547129999993 ], [ -40.013314599999902, -6.71475239999995 ], [ -40.0115054, -6.71287759999996 ], [ -40.011157099999899, -6.71112659999994 ], [ -40.0107254, -6.71075419999994 ], [ -40.009847799999903, -6.71000929999997 ], [ -40.0080531999999, -6.71032889999998 ], [ -40.006432399999902, -6.71069739999996 ], [ -40.0056855999999, -6.71053519999998 ], [ -40.0048648, -6.71030669999993 ], [ -40.0039437, -6.709361 ], [ -40.003551699999903, -6.70816849999994 ], [ -40.0025951, -6.70693909999994 ], [ -40.0021593, -6.70621189999997 ], [ -40.0005798, -6.70445229999996 ], [ -39.9999961, -6.70395959999996 ], [ -39.999406899999897, -6.70312429999996 ], [ -39.9988331, -6.70288119999998 ], [ -39.997224199999899, -6.70328659999996 ], [ -39.9958884, -6.70320319999996 ], [ -39.9952403, -6.70231429999995 ], [ -39.994980499999897, -6.701683 ], [ -39.9949402, -6.70108529999993 ], [ -39.9950535, -6.700684 ], [ -39.995340199999902, -6.70041059999994 ], [ -39.9958541, -6.70043209999994 ], [ -39.9966001, -6.70005719999995 ], [ -39.9970296, -6.69939589999996 ], [ -39.997208999999899, -6.69873019999994 ], [ -39.9972652, -6.69789339999994 ], [ -39.9974568, -6.69757149999998 ], [ -39.9975999, -6.69731269999994 ], [ -39.997858, -6.69711119999994 ], [ -39.998301899999902, -6.69695429999996 ], [ -39.9986049, -6.69715269999995 ], [ -39.9988781, -6.69732449999998 ], [ -39.999295, -6.69752469999997 ], [ -39.9998987, -6.69779619999997 ], [ -40.0006452, -6.69763679999994 ], [ -40.0010468, -6.69737749999996 ], [ -40.0014047, -6.69680239999997 ], [ -40.001359299999898, -6.69565389999997 ], [ -40.0017458, -6.69507869999995 ], [ -40.0031193, -6.69340529999994 ], [ -40.003629799999899, -6.689979 ], [ -40.0038158, -6.68935719999996 ], [ -40.0039168, -6.68922769999995 ], [ -40.003969, -6.6891 ], [ -40.004355099999898, -6.688117 ], [ -40.004705199999897, -6.68729519999994 ], [ -40.0050866, -6.68678689999996 ], [ -40.0043375, -6.68515529999996 ], [ -40.0037045, -6.68458229999993 ], [ -40.0031729, -6.68446849999998 ], [ -40.002129099999898, -6.684311 ], [ -40.0013916, -6.68418859999997 ], [ -40.0009696, -6.68404579999998 ], [ -40.0001993, -6.68410119999993 ], [ -39.999595999999897, -6.68403069999994 ], [ -39.9990723, -6.68370849999997 ], [ -39.9983443, -6.68353759999997 ], [ -39.9975016, -6.68346279999997 ], [ -39.9955297999999, -6.68369649999994 ], [ -39.9930209, -6.683491 ], [ -39.990784, -6.68173979999995 ], [ -39.988301299999897, -6.68129679999993 ], [ -39.9866102, -6.68023179999994 ], [ -39.9860896, -6.67844069999995 ], [ -39.9860136, -6.67489109999997 ], [ -39.9857423999999, -6.67225819999993 ], [ -39.9842831, -6.67134489999995 ], [ -39.979951899999897, -6.67170579999993 ], [ -39.9775569, -6.67095429999995 ], [ -39.9766071, -6.66997019999997 ], [ -39.976211099999901, -6.66829759999996 ], [ -39.9760185, -6.668513 ], [ -39.9758608, -6.66863539999997 ], [ -39.9757461, -6.66877919999996 ], [ -39.9756604, -6.668966 ], [ -39.9756393, -6.66918859999993 ], [ -39.9755466, -6.66954779999998 ], [ -39.975561899999903, -6.66999279999993 ], [ -39.975890499999899, -6.670787 ], [ -39.9761693, -6.67136079999995 ], [ -39.9763548, -6.67152759999993 ], [ -39.9765063, -6.67190069999998 ], [ -39.9764924999999, -6.67220219999996 ], [ -39.9763422, -6.67243229999997 ], [ -39.97613, -6.67240729999997 ], [ -39.9759687, -6.67238279999998 ], [ -39.975588, -6.67230449999994 ], [ -39.974476599999903, -6.672331 ], [ -39.974371399999903, -6.67239819999998 ], [ -39.974256899999901, -6.67257069999994 ], [ -39.9741711, -6.67279109999993 ], [ -39.974210099999901, -6.673126 ], [ -39.974364, -6.67348949999996 ], [ -39.9745607999999, -6.67376669999993 ], [ -39.974777399999901, -6.67436449999997 ], [ -39.974911, -6.67490479999998 ], [ -39.9750422, -6.67590959999995 ], [ -39.9754024, -6.67649759999995 ], [ -39.975913999999896, -6.67737249999993 ], [ -39.9765952, -6.67859279999993 ], [ -39.9772897, -6.679502 ], [ -39.977247, -6.67968879999995 ], [ -39.9769233, -6.67986439999993 ], [ -39.9766944, -6.67984059999998 ], [ -39.9760838999999, -6.67979159999993 ], [ -39.9756025, -6.67966329999996 ], [ -39.9754296, -6.67980989999995 ], [ -39.9754157, -6.68003969999995 ], [ -39.975517, -6.68038409999997 ], [ -39.9760206, -6.68088569999998 ], [ -39.976842299999902, -6.68204439999994 ], [ -39.977497399999898, -6.68285439999994 ], [ -39.9782604, -6.68378609999996 ], [ -39.978950499999897, -6.68417249999993 ], [ -39.9799565, -6.68450789999997 ], [ -39.9814861, -6.68502449999994 ], [ -39.9817242, -6.68512179999993 ], [ -39.9819833, -6.68545149999994 ], [ -39.9822356, -6.685932 ], [ -39.982337599999902, -6.68667849999997 ], [ -39.982331, -6.68693689999998 ], [ -39.981842899999897, -6.68707429999995 ], [ -39.9813612, -6.68716409999996 ], [ -39.981160499999902, -6.68737989999994 ], [ -39.9811409, -6.68789419999996 ], [ -39.9810629, -6.68841119999996 ], [ -39.9809188, -6.68860089999993 ], [ -39.980747199999897, -6.68862359999997 ], [ -39.980690099999897, -6.68872789999995 ], [ -39.9807119, -6.68883549999993 ], [ -39.9806187, -6.688929 ], [ -39.980475199999901, -6.68894369999992 ], [ -39.979504899999903, -6.68852919999995 ], [ -39.979059199999902, -6.68825009999995 ], [ -39.978512599999902, -6.687842 ], [ -39.977871299999897, -6.68672329999993 ], [ -39.9777127999999, -6.68648669999993 ], [ -39.977518099999898, -6.68604909999993 ], [ -39.977294899999897, -6.68573369999996 ], [ -39.9770925, -6.68549269999994 ], [ -39.9766263, -6.68534009999996 ], [ -39.976368, -6.68546989999993 ], [ -39.9761455, -6.68593969999995 ], [ -39.975930499999897, -6.68616979999996 ], [ -39.9754573, -6.68651539999996 ], [ -39.974547, -6.68690929999997 ], [ -39.974166599999897, -6.687025 ], [ -39.973723499999899, -6.686991 ], [ -39.9733036, -6.68677809999997 ], [ -39.973145299999899, -6.68663479999998 ], [ -39.9729298, -6.68657779999995 ], [ -39.9727151, -6.68652529999997 ], [ -39.9723564, -6.68667679999993 ], [ -39.9720063, -6.68684759999996 ], [ -39.971488099999902, -6.68697279999998 ], [ -39.971201199999904, -6.68716719999998 ], [ -39.9710729, -6.68763409999997 ], [ -39.9710029, -6.68837439999993 ], [ -39.971153399999899, -6.68880689999997 ], [ -39.971154199999901, -6.68923769999998 ], [ -39.9709685, -6.68974059999994 ], [ -39.9707973, -6.68986029999996 ], [ -39.9704318, -6.69025589999995 ], [ -39.9700735, -6.69064429999997 ], [ -39.9699092, -6.69149439999995 ], [ -39.9699100999999, -6.69196829999993 ], [ -39.9699108, -6.69229849999994 ], [ -39.970055, -6.69257109999995 ], [ -39.9702422, -6.69284349999998 ], [ -39.9704297, -6.69327389999995 ], [ -39.970430399999898, -6.69361849999996 ], [ -39.970273, -6.69387729999994 ], [ -39.9699436, -6.69435179999994 ], [ -39.969672, -6.69457209999996 ], [ -39.969399699999897, -6.69484549999993 ], [ -39.9691847, -6.69509719999996 ], [ -39.968432, -6.69575919999994 ], [ -39.9677644, -6.69584659999992 ], [ -39.9669742, -6.69569029999997 ], [ -39.966693899999903, -6.69556879999993 ], [ -39.9665141, -6.69541829999997 ], [ -39.9663558, -6.69526789999998 ], [ -39.966103299999901, -6.69466529999994 ], [ -39.966031, -6.69445009999993 ], [ -39.9656858, -6.69418509999997 ], [ -39.965506199999901, -6.69413519999995 ], [ -39.965276399999901, -6.69413569999995 ], [ -39.9647024, -6.69433779999997 ], [ -39.964543, -6.69456009999993 ], [ -39.964106899999898, -6.69464769999996 ], [ -39.963769199999902, -6.69453349999998 ], [ -39.963566899999897, -6.69430689999996 ], [ -39.9634085, -6.69413489999994 ], [ -39.9632505, -6.69412079999995 ], [ -39.9631357, -6.69413539999994 ], [ -39.963020899999897, -6.69417869999995 ], [ -39.9629499, -6.69459519999998 ], [ -39.962967499999898, -6.69502879999993 ], [ -39.962949, -6.69539259999993 ], [ -39.9633196999999, -6.69599179999994 ], [ -39.963651, -6.69651519999996 ], [ -39.9637592999999, -6.696795 ], [ -39.963470099999903, -6.69745929999993 ], [ -39.9632027, -6.69778519999994 ], [ -39.9628393, -6.69803479999996 ], [ -39.9625336, -6.69838009999995 ], [ -39.9623429, -6.69876329999994 ], [ -39.9623061, -6.69952919999997 ], [ -39.9623455, -6.70010349999995 ], [ -39.9624616, -6.700735 ], [ -39.9626350999999, -6.70128989999995 ], [ -39.962889699999899, -6.70174659999998 ], [ -39.9627282, -6.70198049999993 ], [ -39.962707, -6.70213849999993 ], [ -39.962556699999901, -6.70241879999998 ], [ -39.9624564, -6.70249079999996 ], [ -39.9623271, -6.70247669999998 ], [ -39.9621832999999, -6.70242669999993 ], [ -39.9619676, -6.70227639999996 ], [ -39.9617876, -6.70201109999994 ], [ -39.9617729, -6.70187469999996 ], [ -39.9617011, -6.70183179999998 ], [ -39.9614855, -6.70178189999996 ], [ -39.9612556, -6.70171779999993 ], [ -39.9610114, -6.70167519999995 ], [ -39.960767299999901, -6.70171869999996 ], [ -39.9605159, -6.701669 ], [ -39.9603433, -6.70156879999996 ], [ -39.9602068, -6.70154029999998 ], [ -39.9600991, -6.70152619999993 ], [ -39.959964199999902, -6.70134279999996 ], [ -39.959631699999903, -6.70122559999993 ], [ -39.9594809, -6.70119709999994 ], [ -39.9591511, -6.70147779999996 ], [ -39.9589359, -6.70157149999994 ], [ -39.958685, -6.70180889999995 ], [ -39.9582907, -6.70213279999996 ], [ -39.9580179, -6.70218359999996 ], [ -39.957859799999902, -6.70212639999994 ], [ -39.9576872, -6.70198319999997 ], [ -39.957658, -6.70174629999997 ], [ -39.9576786, -6.70128679999993 ], [ -39.957577899999897, -6.70118649999995 ], [ -39.9572334, -6.70130919999997 ], [ -39.9570165, -6.70169729999998 ], [ -39.9567895, -6.70198489999996 ], [ -39.9563663, -6.70222989999996 ], [ -39.955271599999897, -6.70297289999996 ], [ -39.9547987, -6.70351939999995 ], [ -39.954501799999903, -6.70387339999996 ], [ -39.9541287, -6.70402729999995 ], [ -39.953665, -6.70404669999994 ], [ -39.953047, -6.70398239999997 ], [ -39.9524723, -6.70408789999993 ], [ -39.9522047, -6.70430859999993 ], [ -39.952115299999903, -6.70468769999997 ], [ -39.9518717, -6.705004 ], [ -39.9516853, -6.70517669999998 ], [ -39.951398099999899, -6.70516289999995 ], [ -39.9511825, -6.70507719999995 ], [ -39.950621399999903, -6.70456139999993 ], [ -39.950477799999902, -6.70460469999995 ], [ -39.9503343, -6.70464809999993 ], [ -39.9501334999999, -6.70477769999997 ], [ -39.9499615, -6.70499339999998 ], [ -39.9496604, -6.70525239999995 ], [ -39.9496609, -6.70548219999995 ], [ -39.949804899999897, -6.70568289999994 ], [ -39.949920399999897, -6.70598419999993 ], [ -39.949719699999903, -6.7062 ], [ -39.9492607, -6.70648809999994 ], [ -39.9487012, -6.706805 ], [ -39.9484571, -6.70683419999995 ], [ -39.9478984, -6.70756759999995 ], [ -39.947439, -6.70771209999998 ], [ -39.9471948999999, -6.70771249999996 ], [ -39.9469238, -6.70744129999997 ], [ -39.9467438, -6.70720229999995 ], [ -39.946468099999898, -6.70698739999995 ], [ -39.9461927, -6.70692809999997 ], [ -39.946073399999896, -6.70713179999996 ], [ -39.945715, -6.70749139999998 ], [ -39.9449867, -6.70836629999997 ], [ -39.9446518, -6.70852249999996 ], [ -39.9443044, -6.70835569999997 ], [ -39.944076499999902, -6.70808089999997 ], [ -39.944076, -6.70784159999994 ], [ -39.9440757, -6.70767409999996 ], [ -39.944003699999897, -6.70757849999995 ], [ -39.943824199999902, -6.70756689999996 ], [ -39.94343, -6.70798639999992 ], [ -39.9433589, -6.70836949999995 ], [ -39.9432998, -6.70876449999997 ], [ -39.9432644, -6.70901579999997 ], [ -39.943121399999903, -6.70931519999993 ], [ -39.9425593, -6.70956759999996 ], [ -39.942260299999901, -6.70965189999993 ], [ -39.942069199999899, -6.70985569999993 ], [ -39.941926, -6.71009529999998 ], [ -39.9419384999999, -6.71038239999996 ], [ -39.9421426, -6.71069309999996 ], [ -39.942358399999897, -6.71087219999993 ], [ -39.942586199999901, -6.71106319999996 ], [ -39.942610499999901, -6.71125459999996 ], [ -39.9426109, -6.71147 ], [ -39.942300499999902, -6.71187739999993 ], [ -39.9421934, -6.71218879999998 ], [ -39.9419186, -6.71244059999998 ], [ -39.9416676, -6.71263249999993 ], [ -39.9412847, -6.71269309999997 ], [ -39.9409855, -6.71271759999996 ], [ -39.9406021, -6.712479 ], [ -39.940194899999902, -6.71234809999993 ], [ -39.9399193, -6.71216919999995 ], [ -39.9397395, -6.71203789999993 ], [ -39.939693599999899, -6.71180349999997 ], [ -39.9395425, -6.71164579999993 ], [ -39.9394419, -6.71163159999998 ], [ -39.939262299999903, -6.71160329999998 ], [ -39.9391186, -6.71156049999996 ], [ -39.939104, -6.71142409999993 ], [ -39.939204199999899, -6.71125159999997 ], [ -39.9392685, -6.71106479999997 ], [ -39.9391603, -6.71082089999993 ], [ -39.938879799999903, -6.71059889999998 ], [ -39.9386782, -6.71036239999995 ], [ -39.938598899999903, -6.71016869999994 ], [ -39.9386201, -6.709982 ], [ -39.9387419, -6.709831 ], [ -39.9387416, -6.70971609999998 ], [ -39.938633799999899, -6.709666 ], [ -39.9383897, -6.70965929999994 ], [ -39.938245799999898, -6.70953759999998 ], [ -39.938231099999904, -6.70937249999997 ], [ -39.9383672, -6.70915679999996 ], [ -39.938467499999902, -6.70903459999994 ], [ -39.938438399999903, -6.708848 ], [ -39.938316, -6.70870459999998 ], [ -39.9382724, -6.70842469999997 ], [ -39.9379989, -6.70808059999996 ], [ -39.937940899999901, -6.70782939999998 ], [ -39.9377324, -6.70767189999998 ], [ -39.9376103, -6.70770079999994 ], [ -39.9372155, -6.70776619999998 ], [ -39.937014299999902, -6.70770919999995 ], [ -39.9368489, -6.70758019999994 ], [ -39.9365258, -6.707588 ], [ -39.9362027, -6.707603 ], [ -39.9359441, -6.70761069999998 ], [ -39.935735599999902, -6.70747469999998 ], [ -39.935311399999897, -6.70720269999993 ], [ -39.9350309, -6.70694479999997 ], [ -39.9347577, -6.70678009999995 ], [ -39.934642499999903, -6.70663679999996 ], [ -39.9347066999999, -6.70640689999993 ], [ -39.9348282999999, -6.70617689999995 ], [ -39.9348853, -6.70593989999998 ], [ -39.934806099999903, -6.70580369999993 ], [ -39.934698099999899, -6.705689 ], [ -39.934690499999903, -6.70546639999998 ], [ -39.934740299999902, -6.70521509999998 ], [ -39.9347615, -6.70503549999995 ], [ -39.934710799999898, -6.70480589999994 ], [ -39.934638699999901, -6.70463369999993 ], [ -39.9345953, -6.70446149999998 ], [ -39.934458499999899, -6.70427509999996 ], [ -39.9343651, -6.70424659999998 ], [ -39.9342574, -6.70428979999997 ], [ -39.934135399999903, -6.70431159999993 ], [ -39.9339916, -6.70424009999994 ], [ -39.933926799999902, -6.70415409999993 ], [ -39.9339123, -6.704032 ], [ -39.9340485, -6.70395279999997 ], [ -39.934127299999901, -6.70382339999998 ], [ -39.934199, -6.70376589999995 ], [ -39.9342275999999, -6.70368679999996 ], [ -39.934232199999897, -6.70357329999996 ], [ -39.9340165999999, -6.70344449999993 ], [ -39.934016299999897, -6.70330089999993 ], [ -39.934188699999901, -6.703315 ], [ -39.934447299999903, -6.70340059999995 ], [ -39.9346773, -6.703472 ], [ -39.934849799999903, -6.70358649999997 ], [ -39.935079599999902, -6.70358609999994 ], [ -39.935294699999901, -6.70338469999996 ], [ -39.9353517, -6.70316919999993 ], [ -39.9352797, -6.70308319999998 ], [ -39.9351361, -6.70306909999994 ], [ -39.934949199999899, -6.70299759999995 ], [ -39.934891299999897, -6.70272489999996 ], [ -39.9348907, -6.70239469999996 ], [ -39.934731999999897, -6.70202159999997 ], [ -39.933913, -6.70183649999996 ], [ -39.9335826, -6.70183719999994 ], [ -39.9332808999999, -6.70176589999994 ], [ -39.9328927, -6.70155129999995 ], [ -39.932676399999899, -6.70109219999995 ], [ -39.932517699999899, -6.70069049999995 ], [ -39.932386, -6.70053389999993 ], [ -39.932338, -6.69993149999993 ], [ -39.9321679, -6.69966859999994 ], [ -39.9318744, -6.69914859999994 ], [ -39.9314583, -6.69879259999993 ], [ -39.9314112, -6.69861729999997 ], [ -39.9313639, -6.69837169999994 ], [ -39.93127, -6.69823729999996 ], [ -39.9309656, -6.69810339999998 ], [ -39.930702799999899, -6.69834949999995 ], [ -39.9306268, -6.69839649999994 ], [ -39.9305156, -6.698385 ], [ -39.930422, -6.69835589999997 ], [ -39.930415799999899, -6.69818629999997 ], [ -39.9304152, -6.69785879999995 ], [ -39.9303858, -6.697812 ], [ -39.930215099999899, -6.69779429999994 ], [ -39.9299774, -6.697991 ], [ -39.9296712, -6.69806819999997 ], [ -39.9290584, -6.69805019999995 ], [ -39.9287332, -6.69826139999998 ], [ -39.9287338, -6.69854859999998 ], [ -39.9287342, -6.69875919999993 ], [ -39.9286003, -6.698836 ], [ -39.9279101, -6.698397 ], [ -39.9277655, -6.69832649999995 ], [ -39.927514599999903, -6.69807329999998 ], [ -39.9273277, -6.69798749999995 ], [ -39.9272127, -6.69793749999997 ], [ -39.927097499999903, -6.69777249999993 ], [ -39.9270759, -6.69770079999995 ], [ -39.9269823, -6.69758609999997 ], [ -39.9268888, -6.69750729999993 ], [ -39.9267596, -6.69752189999997 ], [ -39.9265513, -6.69752949999997 ], [ -39.9264075, -6.69744359999993 ], [ -39.926278099999898, -6.69735769999994 ], [ -39.926206, -6.69722139999993 ], [ -39.9260904, -6.69681239999994 ], [ -39.9260542, -6.69665449999997 ], [ -39.925931999999897, -6.696626 ], [ -39.925874599999901, -6.69664049999994 ], [ -39.9258174, -6.696777 ], [ -39.9258176, -6.69687039999997 ], [ -39.925789, -6.69690629999997 ], [ -39.9256955, -6.69687779999992 ], [ -39.925558899999899, -6.69674159999994 ], [ -39.925551299999903, -6.69653339999996 ], [ -39.9254288, -6.69631829999997 ], [ -39.9252349, -6.69628989999995 ], [ -39.925148599999901, -6.69626849999997 ], [ -39.9250767999999, -6.69627589999993 ], [ -39.9250124, -6.69636209999993 ], [ -39.924689699999902, -6.69662839999995 ], [ -39.9244029, -6.69682279999995 ], [ -39.924281, -6.69690909999997 ], [ -39.924059, -6.69727569999998 ], [ -39.9239873, -6.69733329999997 ], [ -39.9239157, -6.69743389999996 ], [ -39.9239016, -6.69754879999994 ], [ -39.9239233, -6.69767079999997 ], [ -39.9239522, -6.69776409999997 ], [ -39.9239309, -6.69787179999997 ], [ -39.923693899999897, -6.69787949999994 ], [ -39.923140499999903, -6.69760769999993 ], [ -39.9228239, -6.697278 ], [ -39.9221408, -6.69678389999996 ], [ -39.9217742, -6.69662669999997 ], [ -39.921163, -6.69618989999998 ], [ -39.9209402, -6.69608979999992 ], [ -39.9207676, -6.69595369999996 ], [ -39.9206381, -6.695796 ], [ -39.920623299999903, -6.69558059999997 ], [ -39.9204219, -6.69539429999998 ], [ -39.9201705, -6.69533019999994 ], [ -39.9200269, -6.69535919999993 ], [ -39.9198473, -6.695338 ], [ -39.919689199999901, -6.69523779999997 ], [ -39.919415899999898, -6.69502289999997 ], [ -39.919207399999898, -6.69489409999994 ], [ -39.919056399999903, -6.69480819999995 ], [ -39.91892, -6.69479409999997 ], [ -39.918798, -6.69483739999993 ], [ -39.9187405, -6.69483749999995 ], [ -39.9186397, -6.69470129999996 ], [ -39.9186177, -6.69442129999993 ], [ -39.918588699999901, -6.694285 ], [ -39.9183441, -6.69404849999995 ], [ -39.917948599999903, -6.69376209999996 ], [ -39.917776199999899, -6.69372649999997 ], [ -39.917603799999902, -6.69371959999995 ], [ -39.9174745, -6.69365529999993 ], [ -39.917373499999897, -6.69344009999998 ], [ -39.9172584, -6.69331819999996 ], [ -39.917121699999903, -6.69319639999998 ], [ -39.917064, -6.69306009999997 ], [ -39.916905799999903, -6.69291679999998 ], [ -39.9167333, -6.692831 ], [ -39.9164747, -6.69279559999995 ], [ -39.9162736, -6.692796 ], [ -39.916086999999898, -6.69284659999994 ], [ -39.9158858, -6.69277509999995 ], [ -39.915749199999901, -6.69267489999993 ], [ -39.915619499999899, -6.69241669999997 ], [ -39.9155759, -6.69217979999996 ], [ -39.915561099999898, -6.69192139999996 ], [ -39.9155822, -6.69169879999993 ], [ -39.9156035, -6.69156229999993 ], [ -39.9156103, -6.69137569999998 ], [ -39.91561, -6.69119619999998 ], [ -39.915638499999901, -6.69107409999998 ], [ -39.915580799999901, -6.69095209999995 ], [ -39.915559099999903, -6.69085169999994 ], [ -39.915551799999903, -6.69077989999994 ], [ -39.915607899999898, -6.69070319999997 ], [ -39.9162145, -6.69068429999993 ], [ -39.916199999999897, -6.69054649999993 ], [ -39.9157923, -6.69009259999996 ], [ -39.9146545, -6.68966989999996 ], [ -39.914348699999898, -6.68934139999993 ], [ -39.913336199999897, -6.68870319999996 ], [ -39.913318499999903, -6.68826779999995 ], [ -39.9131265, -6.68800009999995 ], [ -39.9130688, -6.68782789999995 ], [ -39.9129156, -6.68781859999996 ], [ -39.9127723, -6.68801989999997 ], [ -39.912763599999899, -6.68845069999998 ], [ -39.9128574, -6.68868009999994 ], [ -39.9130196, -6.68903279999995 ], [ -39.9130499, -6.68918829999996 ], [ -39.9126507, -6.68955169999998 ], [ -39.9124207, -6.68941819999998 ], [ -39.912074, -6.68897469999996 ], [ -39.9114747, -6.68845529999993 ], [ -39.911228999999899, -6.68829419999997 ], [ -39.910466, -6.68826939999997 ], [ -39.9101118, -6.68854369999997 ], [ -39.909488399999901, -6.68870429999993 ], [ -39.909075599999902, -6.68875889999993 ], [ -39.9087223, -6.688604 ], [ -39.908464799999898, -6.68850879999997 ], [ -39.9080936, -6.68841969999994 ], [ -39.907818099999901, -6.68831249999994 ], [ -39.9073696, -6.68845689999995 ], [ -39.9071718, -6.68835569999993 ], [ -39.9070379, -6.68841339999994 ], [ -39.9067699, -6.68845219999997 ], [ -39.9060994, -6.68828109999993 ], [ -39.9058505, -6.68831989999995 ], [ -39.9056783999999, -6.68843509999994 ], [ -39.9055443, -6.68841619999995 ], [ -39.9055182, -6.68819719999993 ], [ -39.9054863, -6.68810989999997 ], [ -39.9051671, -6.68826359999997 ], [ -39.9050271999999, -6.688398 ], [ -39.9048546, -6.68826429999996 ], [ -39.904662599999902, -6.68795829999993 ], [ -39.9046814, -6.687786 ], [ -39.9048917, -6.68761329999995 ], [ -39.9050063, -6.68745989999996 ], [ -39.904848199999897, -6.68731879999996 ], [ -39.9046448, -6.68733119999996 ], [ -39.904480799999902, -6.68735469999996 ], [ -39.904279899999899, -6.68740369999995 ], [ -39.903718, -6.68775169999998 ], [ -39.903508499999901, -6.68772809999996 ], [ -39.9032836, -6.68780769999995 ], [ -39.9031115, -6.68798029999994 ], [ -39.9031059, -6.68809059999995 ], [ -39.9028873, -6.68833949999993 ], [ -39.902695999999899, -6.68844159999998 ], [ -39.9024034, -6.68821129999998 ], [ -39.902326, -6.687752 ], [ -39.902287, -6.68738829999995 ], [ -39.9023288, -6.68700489999998 ], [ -39.902124, -6.68686559999998 ], [ -39.902066299999902, -6.68670769999994 ], [ -39.9020803, -6.686521 ], [ -39.9020944, -6.686363 ], [ -39.902065299999897, -6.68620519999996 ], [ -39.9019072, -6.68609059999994 ], [ -39.9018065, -6.68603329999996 ], [ -39.9017057, -6.68586119999998 ], [ -39.901691, -6.68568889999995 ], [ -39.9018487, -6.685545 ], [ -39.901848399999899, -6.68540149999995 ], [ -39.9017332, -6.68522939999997 ], [ -39.901604, -6.68521519999996 ], [ -39.901445899999899, -6.68520119999994 ], [ -39.90146, -6.68504319999994 ], [ -39.901674899999897, -6.68475559999996 ], [ -39.9017896, -6.68465489999994 ], [ -39.901775, -6.68451129999994 ], [ -39.901731799999901, -6.68446829999993 ], [ -39.9015451, -6.68444 ], [ -39.901430199999901, -6.68444019999993 ], [ -39.9013153, -6.68444039999997 ], [ -39.901243399999899, -6.68439739999997 ], [ -39.9010567, -6.68439779999994 ], [ -39.9008269, -6.68439819999998 ], [ -39.9005397, -6.68442739999995 ], [ -39.900381799999899, -6.68442769999996 ], [ -39.9002525, -6.68439919999997 ], [ -39.9000943, -6.68432769999993 ], [ -39.900051, -6.68419859999995 ], [ -39.899864299999898, -6.68418459999998 ], [ -39.899735099999901, -6.68421349999994 ], [ -39.8995628, -6.68421379999995 ], [ -39.8993616, -6.68414239999993 ], [ -39.899103, -6.68411419999995 ], [ -39.8989452, -6.68420059999994 ], [ -39.8986725, -6.68430159999997 ], [ -39.898285, -6.68443159999993 ], [ -39.8980696, -6.68444629999993 ], [ -39.897724599999897, -6.68431769999995 ], [ -39.8973938, -6.68405989999997 ], [ -39.8969569, -6.68374129999995 ], [ -39.8966032, -6.68309009999996 ], [ -39.8955768, -6.68293969999996 ], [ -39.8953655, -6.68261459999997 ], [ -39.8951746, -6.68253589999995 ], [ -39.8950503, -6.68264139999997 ], [ -39.8949737, -6.68264149999993 ], [ -39.8947343, -6.68261319999993 ], [ -39.894532899999902, -6.68243169999994 ], [ -39.8944178, -6.68232659999995 ], [ -39.894302599999897, -6.68212579999994 ], [ -39.894149, -6.68191549999995 ], [ -39.893842499999899, -6.681849 ], [ -39.8935835999999, -6.68165809999994 ], [ -39.893372699999901, -6.68150529999997 ], [ -39.893152299999898, -6.68139079999997 ], [ -39.8929704, -6.68139109999993 ], [ -39.892826899999903, -6.68144879999994 ], [ -39.8920408, -6.68091419999996 ], [ -39.8913509, -6.68064739999994 ], [ -39.890953099999898, -6.68038489999998 ], [ -39.8901913, -6.68001289999995 ], [ -39.889659499999901, -6.67978409999995 ], [ -39.889113, -6.67939739999997 ], [ -39.888365399999898, -6.67893929999997 ], [ -39.888164, -6.67876729999995 ], [ -39.888049099999897, -6.67873879999996 ], [ -39.8879057, -6.67883959999995 ], [ -39.8877763, -6.678768 ], [ -39.887042999999899, -6.67832419999996 ], [ -39.8869422, -6.67816649999997 ], [ -39.8868127, -6.67802309999996 ], [ -39.8867407, -6.67793709999995 ], [ -39.8863961, -6.67793769999997 ], [ -39.8862812, -6.67793789999996 ], [ -39.886223599999902, -6.67788059999998 ], [ -39.8861946, -6.67770829999995 ], [ -39.886050699999899, -6.67755059999996 ], [ -39.8858496, -6.67753659999994 ], [ -39.8857204, -6.67753689999995 ], [ -39.8855482, -6.67762329999994 ], [ -39.8854046, -6.677638 ], [ -39.885275299999897, -6.67762379999994 ], [ -39.885189, -6.67755219999998 ], [ -39.8850596, -6.67745189999994 ], [ -39.8850163, -6.67733709999993 ], [ -39.8850161, -6.677251 ], [ -39.8849154, -6.677165 ], [ -39.8847428, -6.67700729999996 ], [ -39.8844814999999, -6.67686739999994 ], [ -39.8844333, -6.67661479999992 ], [ -39.8844116, -6.67648559999998 ], [ -39.8842963, -6.67627049999993 ], [ -39.8840877, -6.676077 ], [ -39.883915199999898, -6.67596239999995 ], [ -39.8837786, -6.67590519999993 ], [ -39.883598999999897, -6.67587679999997 ], [ -39.883275899999902, -6.67589179999993 ], [ -39.883117899999903, -6.67588489999997 ], [ -39.882974299999901, -6.67588509999996 ], [ -39.8828808, -6.67576319999995 ], [ -39.882887799999899, -6.67569859999998 ], [ -39.882973799999903, -6.67558359999992 ], [ -39.882988, -6.67548309999995 ], [ -39.882973499999899, -6.67542559999993 ], [ -39.8828945, -6.67541139999997 ], [ -39.8827795, -6.67538289999993 ], [ -39.8823303, -6.67537139999996 ], [ -39.882183499999897, -6.67537679999998 ], [ -39.8820828, -6.67529079999997 ], [ -39.882182999999898, -6.67508239999995 ], [ -39.8821758, -6.67506089999995 ], [ -39.8821469, -6.674982 ], [ -39.882024699999903, -6.67489609999996 ], [ -39.881809, -6.67476719999996 ], [ -39.8815574, -6.674581 ], [ -39.8813921, -6.674488 ], [ -39.8812411, -6.67440929999998 ], [ -39.8810614, -6.67432339999993 ], [ -39.880975, -6.67416559999998 ], [ -39.8809175, -6.67414419999994 ], [ -39.8807811, -6.67414439999993 ], [ -39.8806519, -6.67416619999995 ], [ -39.8803212, -6.67399449999994 ], [ -39.8795952, -6.67355779999997 ], [ -39.8793223, -6.67350809999994 ], [ -39.878941499999897, -6.67338669999998 ], [ -39.8786683, -6.67325079999995 ], [ -39.8784522999999, -6.67292809999998 ], [ -39.8780781, -6.67244769999996 ], [ -39.877804599999898, -6.67211079999993 ], [ -39.877172099999903, -6.67176009999997 ], [ -39.8766188, -6.67155289999994 ], [ -39.875986399999903, -6.67129549999993 ], [ -39.8758283, -6.67117379999996 ], [ -39.875794299999903, -6.67108629999996 ], [ -39.875791999999898, -6.67099429999996 ], [ -39.875713, -6.67095139999998 ], [ -39.875554899999898, -6.67088709999996 ], [ -39.8753214, -6.67088809999996 ], [ -39.8751938999999, -6.67095429999995 ], [ -39.8751629, -6.67093679999994 ], [ -39.875170099999899, -6.67082469999997 ], [ -39.8751303, -6.67080809999993 ], [ -39.8751238, -6.67072749999994 ], [ -39.8750818, -6.67066769999997 ], [ -39.874994899999898, -6.670638 ], [ -39.874908199999901, -6.67063509999997 ], [ -39.874758299999897, -6.67065219999995 ], [ -39.8745881, -6.67067159999993 ], [ -39.874414499999901, -6.670642 ], [ -39.8743067999999, -6.67063019999995 ], [ -39.8742439, -6.67060339999995 ], [ -39.8742258999999, -6.67057049999994 ], [ -39.8741869, -6.67051669999995 ], [ -39.8741673, -6.67047779999996 ], [ -39.873986, -6.67027479999996 ], [ -39.873911099999901, -6.670233 ], [ -39.873836299999901, -6.67022119999996 ], [ -39.8737376999999, -6.67027519999994 ], [ -39.8736599, -6.67027839999997 ], [ -39.8735672, -6.67030249999993 ], [ -39.873372699999898, -6.67030279999994 ], [ -39.8732519, -6.67032989999996 ], [ -39.8730795, -6.67028719999996 ], [ -39.872964399999901, -6.67021559999995 ], [ -39.8728207, -6.670144 ], [ -39.872518899999903, -6.67004409999993 ], [ -39.871973, -6.66991579999996 ], [ -39.871774199999898, -6.66969609999995 ], [ -39.8715554, -6.67012949999997 ], [ -39.871741299999897, -6.67059229999995 ], [ -39.8723674, -6.671231 ], [ -39.873939699999902, -6.67338239999998 ], [ -39.8770584, -6.67542679999997 ], [ -39.8772061, -6.67605969999994 ], [ -39.8766984, -6.67648119999996 ], [ -39.8764092, -6.67711669999994 ], [ -39.877066699999901, -6.67957939999997 ], [ -39.8770671, -6.68028579999998 ], [ -39.876342, -6.68056749999994 ], [ -39.8753976, -6.67958509999994 ], [ -39.873374899999902, -6.67962209999996 ], [ -39.8698821, -6.67917059999996 ], [ -39.8682125, -6.67839749999996 ], [ -39.867267899999902, -6.67783839999993 ], [ -39.866466199999898, -6.67671269999994 ], [ -39.865958799999902, -6.67629209999996 ], [ -39.865159999999896, -6.67629259999995 ], [ -39.864727699999897, -6.67685689999996 ], [ -39.864585799999901, -6.67953179999995 ], [ -39.864441699999901, -6.67988479999997 ], [ -39.8637165, -6.68009679999994 ], [ -39.8629912, -6.67974349999997 ], [ -39.861787299999897, -6.67950369999994 ], [ -39.8612491, -6.67939649999994 ], [ -39.860375099999899, -6.67883729999994 ], [ -39.8582716, -6.67876859999996 ], [ -39.8562385, -6.67806929999995 ], [ -39.854711, -6.67680379999996 ], [ -39.8531836, -6.67455329999996 ], [ -39.852603299999899, -6.67427209999994 ], [ -39.8510075, -6.67483929999997 ], [ -39.8497687, -6.674647 ], [ -39.8492658, -6.67470209999993 ], [ -39.8486866, -6.67512279999994 ], [ -39.8481825, -6.67709639999993 ], [ -39.848330299999901, -6.67942079999995 ], [ -39.8476788, -6.67984339999992 ], [ -39.8467340999999, -6.67921089999993 ], [ -39.8408563, -6.67865839999996 ], [ -39.8402063, -6.67943289999994 ], [ -39.8379876, -6.67919419999993 ], [ -39.8374466, -6.67972069999996 ], [ -39.8374477, -6.68035569999995 ], [ -39.8378112, -6.68077469999997 ], [ -39.8376696999999, -6.68162069999994 ], [ -39.8368593, -6.68231309999993 ], [ -39.8364831, -6.68342089999993 ], [ -39.836169, -6.68388 ], [ -39.835539099999899, -6.68536089999998 ], [ -39.8355938, -6.68612779999995 ], [ -39.835860099999898, -6.68735119999997 ], [ -39.8363886, -6.68801329999997 ], [ -39.8361237, -6.68862609999996 ], [ -39.8356504999999, -6.68862689999997 ], [ -39.834809499999899, -6.68883179999995 ], [ -39.834178199999897, -6.68944709999994 ], [ -39.8336025, -6.69036709999995 ], [ -39.8335523, -6.69169409999995 ], [ -39.8342226, -6.692696 ], [ -39.834922199999902, -6.69337409999997 ], [ -39.8362395, -6.69500369999997 ], [ -39.8363464, -6.69561759999993 ], [ -39.836088899999901, -6.69582609999998 ], [ -39.83519, -6.69607819999993 ], [ -39.834559399999897, -6.69659029999997 ], [ -39.833721399999902, -6.69807059999994 ], [ -39.832957399999898, -6.69993339999996 ], [ -39.8333152, -6.700484 ], [ -39.8335132999999, -6.701075 ], [ -39.833778, -6.70311409999994 ], [ -39.8341086, -6.70388869999994 ], [ -39.8352454, -6.70578089999998 ], [ -39.8372717, -6.70823409999997 ], [ -39.8389381, -6.70918729999994 ], [ -39.84053, -6.70948489999995 ], [ -39.841668, -6.70989539999994 ], [ -39.845560599999899, -6.71380429999994 ], [ -39.8482222, -6.71529309999994 ], [ -39.850643499999897, -6.71543269999995 ], [ -39.852280699999902, -6.71518749999996 ], [ -39.8533591, -6.71566589999998 ], [ -39.8548319, -6.71665549999994 ], [ -39.8590783, -6.71997209999995 ], [ -39.861277599999902, -6.72141639999995 ], [ -39.8637745, -6.72336929999994 ], [ -39.865428699999903, -6.72503889999996 ], [ -39.867666, -6.72699949999998 ], [ -39.8704756, -6.72969629999994 ], [ -39.8729395, -6.73134529999993 ], [ -39.874446299999903, -6.73255829999994 ], [ -39.8760819, -6.73345439999997 ], [ -39.878502099999899, -6.73495249999996 ], [ -39.8806372, -6.73887779999995 ], [ -39.8833968, -6.74107289999995 ], [ -39.8847797, -6.74258509999993 ], [ -39.8867524, -6.74419519999998 ], [ -39.888857, -6.74674929999998 ], [ -39.891023699999899, -6.74906629999998 ], [ -39.8965299, -6.754157 ], [ -39.898529499999903, -6.75568879999997 ], [ -39.902058899999901, -6.75750939999995 ], [ -39.9037488, -6.75882309999997 ], [ -39.905448799999903, -6.76067779999994 ], [ -39.9063398, -6.76149379999993 ], [ -39.9094459, -6.76346629999995 ], [ -39.9132051, -6.76653639999995 ], [ -39.9142881, -6.76733709999996 ], [ -39.9200853, -6.77162289999995 ], [ -39.9259493, -6.77560749999998 ], [ -39.9276666, -6.77721049999997 ], [ -39.9303098, -6.77929709999995 ], [ -39.9354226, -6.78212689999998 ], [ -39.939880199999898, -6.78388579999995 ], [ -39.9399821, -6.78392589999993 ] ] ] ] } },
{ "type": "Feature", "properties": { "CD_MUN": "2308302", "NM_MUN": "Milagres", "CD_RGI": "230012", "NM_RGI": "Brejo Santo", "CD_RGINT": "2304", "NM_RGINT": "Juazeiro do Norte", "CD_UF": "23", "NM_UF": "Ceará", "SIGLA_UF": "CE", "CD_REGIAO": "2", "NM_REGIAO": "Nordeste", "SIGLA_RG": "NE", "CD_CONCURB": null, "NM_CONCURB": null, "AREA_KM2": 579.097 }, "geometry": { "type": "MultiPolygon", "coordinates": [ [ [ [ -38.9266679, -7.43490849999995 ], [ -38.9272677, -7.43460829999998 ], [ -38.9391012, -7.42868549999997 ], [ -38.940520499999899, -7.42797519999993 ], [ -38.9416752, -7.42794859999998 ], [ -38.941733699999901, -7.42794729999997 ], [ -38.9433824, -7.42790939999998 ], [ -38.9436264, -7.42790379999997 ], [ -38.943922, -7.427897 ], [ -38.943926599999898, -7.42789689999995 ], [ -38.9441388, -7.427892 ], [ -38.944448, -7.42788489999998 ], [ -38.9446525, -7.42788019999995 ], [ -38.944816699999897, -7.42787639999995 ], [ -38.9450765, -7.42787049999993 ], [ -38.9452635, -7.42786619999993 ], [ -38.9454117, -7.42786269999993 ], [ -38.945483, -7.42786109999997 ], [ -38.945658099999903, -7.42785709999993 ], [ -38.9457603, -7.42785469999995 ], [ -38.9459558, -7.42785019999997 ], [ -38.9463155, -7.427842 ], [ -38.946551, -7.42783659999998 ], [ -38.9470744, -7.42782449999993 ], [ -38.947459, -7.42781569999994 ], [ -38.948009699999901, -7.427803 ], [ -38.9487837, -7.42778519999996 ], [ -38.9497633, -7.42776269999996 ], [ -38.951040799999902, -7.42773329999994 ], [ -38.9530847999999, -7.42768639999997 ], [ -38.9567408999999, -7.42760229999993 ], [ -38.9631338, -7.42745539999993 ], [ -38.969878, -7.42730029999996 ], [ -38.969727099999901, -7.42677329999998 ], [ -38.9692529, -7.42562759999993 ], [ -38.9690074, -7.42478269999998 ], [ -38.968872299999902, -7.42403669999993 ], [ -38.9686326, -7.42237089999998 ], [ -38.9681289, -7.41931749999998 ], [ -38.9678388, -7.41749159999995 ], [ -38.967269799999897, -7.4139 ], [ -38.967101399999898, -7.41286369999995 ], [ -38.9667469, -7.41063279999997 ], [ -38.9665585, -7.40988279999993 ], [ -38.966256499999901, -7.40928589999993 ], [ -38.965645299999899, -7.40847339999993 ], [ -38.9646561, -7.40718209999994 ], [ -38.963191299999899, -7.40524559999994 ], [ -38.9630653, -7.40496419999994 ], [ -38.9628273, -7.40443269999997 ], [ -38.9626048, -7.40316459999997 ], [ -38.962317299999903, -7.40103229999994 ], [ -38.962261899999902, -7.40057749999994 ], [ -38.9620927, -7.399189 ], [ -38.9619966, -7.39682319999997 ], [ -38.9619594, -7.39590929999997 ], [ -38.9625943, -7.39519929999994 ], [ -38.962807499999897, -7.394911 ], [ -38.9632515, -7.39431029999997 ], [ -38.9637193, -7.39367429999993 ], [ -38.9647261, -7.39230279999992 ], [ -38.9657084, -7.39096509999996 ], [ -38.966588, -7.38976689999993 ], [ -38.9671374, -7.38901749999997 ], [ -38.9678239, -7.38808689999996 ], [ -38.9684268, -7.38727179999995 ], [ -38.969814799999902, -7.38535519999994 ], [ -38.9716778, -7.38284219999997 ], [ -38.9729078, -7.38122679999998 ], [ -38.9739652, -7.37955389999996 ], [ -38.973969699999898, -7.37953809999993 ], [ -38.974288999999899, -7.37841229999998 ], [ -38.975188199999899, -7.37504479999996 ], [ -38.9763032, -7.37122509999995 ], [ -38.9775549, -7.36667289999997 ], [ -38.9785332, -7.36323369999997 ], [ -38.9790439, -7.36141 ], [ -38.980460999999899, -7.35633369999994 ], [ -38.9809629, -7.35461019999997 ], [ -38.9817414, -7.351681 ], [ -38.9827988, -7.34781809999993 ], [ -38.9838849, -7.34398759999993 ], [ -38.9847983, -7.34075289999993 ], [ -38.9857226, -7.33734959999992 ], [ -38.986345899999897, -7.33503619999993 ], [ -38.986382499999898, -7.33490039999998 ], [ -38.986848199999898, -7.333537 ], [ -38.9876202, -7.331864 ], [ -38.9894141, -7.32803669999993 ], [ -38.9899407999999, -7.32669439999995 ], [ -38.990362699999899, -7.32585189999998 ], [ -38.99136, -7.32384149999996 ], [ -38.9944093, -7.31872929999997 ], [ -38.995694199999903, -7.31656559999993 ], [ -38.9964037, -7.31542639999998 ], [ -38.9972475, -7.31376059999997 ], [ -38.9986858, -7.31145339999995 ], [ -39.000469199999898, -7.30846649999995 ], [ -39.0013274, -7.30741579999994 ], [ -39.002158, -7.30696339999997 ], [ -39.0037005, -7.30620949999997 ], [ -39.004851099999897, -7.30578939999998 ], [ -39.0060305, -7.30560629999997 ], [ -39.006864699999902, -7.30547709999996 ], [ -39.0075514, -7.30520059999998 ], [ -39.008259699999897, -7.30456519999996 ], [ -39.008827799999899, -7.30397639999995 ], [ -39.0098346, -7.30293519999998 ], [ -39.0103991, -7.30256189999994 ], [ -39.0111757, -7.30232849999993 ], [ -39.0124881, -7.30231049999998 ], [ -39.016414499999897, -7.30241089999993 ], [ -39.0176058, -7.30230079999995 ], [ -39.018338099999902, -7.30206979999997 ], [ -39.019255, -7.30158509999995 ], [ -39.0226599, -7.29970729999997 ], [ -39.0234611999999, -7.29938189999996 ], [ -39.0241305, -7.29929439999995 ], [ -39.0248424, -7.29925839999993 ], [ -39.026323799999901, -7.29928709999996 ], [ -39.0279336, -7.29916749999995 ], [ -39.0290461, -7.29891829999997 ], [ -39.0304694, -7.29848259999994 ], [ -39.031983099999898, -7.29804089999993 ], [ -39.033729799999897, -7.297419 ], [ -39.034316499999903, -7.29691349999996 ], [ -39.0350248, -7.29615949999993 ], [ -39.0355804, -7.295594 ], [ -39.0361447, -7.29501959999993 ], [ -39.0365325, -7.29480239999998 ], [ -39.0367505, -7.29468029999992 ], [ -39.0374186, -7.294463 ], [ -39.0384776, -7.29423939999998 ], [ -39.0386928, -7.294194 ], [ -39.0388187, -7.29416739999994 ], [ -39.0388611, -7.29415879999993 ], [ -39.0388899, -7.294153 ], [ -39.0389132, -7.29414829999996 ], [ -39.038924199999897, -7.29414609999998 ], [ -39.0389392, -7.29414309999993 ], [ -39.038966, -7.29413769999996 ], [ -39.0389924999999, -7.29413229999994 ], [ -39.0390138, -7.29412779999996 ], [ -39.0390351, -7.29412329999997 ], [ -39.039062999999899, -7.29411729999993 ], [ -39.0391208, -7.29410509999997 ], [ -39.0391935, -7.29408959999995 ], [ -39.0394026, -7.29404519999997 ], [ -39.0394329, -7.29403879999995 ], [ -39.0394618, -7.29403259999998 ], [ -39.0395144, -7.29402149999993 ], [ -39.039642399999899, -7.29399429999995 ], [ -39.039788299999898, -7.29396329999997 ], [ -39.039825, -7.29395549999998 ], [ -39.0398357, -7.293953 ], [ -39.039896999999897, -7.29393839999994 ], [ -39.0404151, -7.29381449999994 ], [ -39.040616499999899, -7.29376639999998 ], [ -39.040821999999899, -7.29371729999997 ], [ -39.0408934, -7.29370029999995 ], [ -39.0410004, -7.29367469999994 ], [ -39.0412406, -7.29361919999997 ], [ -39.041699499999901, -7.29351329999997 ], [ -39.041992, -7.29344579999997 ], [ -39.042486499999903, -7.29333169999995 ], [ -39.042898799999897, -7.29323649999998 ], [ -39.044020499999903, -7.29296359999995 ], [ -39.048363799999898, -7.29194349999995 ], [ -39.049543099999902, -7.29162029999998 ], [ -39.0511897, -7.29050719999998 ], [ -39.054008399999901, -7.28867589999993 ], [ -39.0578624, -7.28616239999997 ], [ -39.0594586, -7.28510669999997 ], [ -39.061134, -7.28401509999998 ], [ -39.0623348, -7.28323229999995 ], [ -39.0630753, -7.28274389999996 ], [ -39.0637584, -7.28229869999996 ], [ -39.0648945, -7.28153019999996 ], [ -39.065599099999901, -7.28111369999993 ], [ -39.0672744, -7.28000769999994 ], [ -39.0684787, -7.279092 ], [ -39.06946, -7.27741529999997 ], [ -39.071688499999901, -7.27348029999996 ], [ -39.074463799999897, -7.27151239999995 ], [ -39.0774117, -7.26949429999996 ], [ -39.081020899999899, -7.26713139999993 ], [ -39.084853399999901, -7.26613989999993 ], [ -39.0855723, -7.26569459999996 ], [ -39.0856085, -7.26565229999994 ], [ -39.0857353, -7.265504 ], [ -39.086649099999903, -7.26443569999998 ], [ -39.0871759, -7.26381969999994 ], [ -39.0880496999999, -7.26279819999996 ], [ -39.088146, -7.26268559999994 ], [ -39.0886995, -7.26200339999997 ], [ -39.089318499999898, -7.26128829999993 ], [ -39.0897879, -7.26074609999995 ], [ -39.091809, -7.25970909999995 ], [ -39.092288499999903, -7.256449 ], [ -39.0923779, -7.25599549999993 ], [ -39.092387099999897, -7.25594919999998 ], [ -39.0926812, -7.25445759999997 ], [ -39.0928152, -7.253663 ], [ -39.0928023, -7.25304709999995 ], [ -39.092009699999899, -7.25254029999996 ], [ -39.0911548999999, -7.25311129999994 ], [ -39.0909685, -7.252302 ], [ -39.090461199999901, -7.25155249999995 ], [ -39.089529, -7.25099809999995 ], [ -39.0890694, -7.25128309999997 ], [ -39.0885676, -7.25128 ], [ -39.0877527, -7.251194 ], [ -39.0879838, -7.25064809999998 ], [ -39.0878436, -7.249983 ], [ -39.0873673, -7.24953309999995 ], [ -39.088062299999898, -7.24916119999995 ], [ -39.088222, -7.24864739999992 ], [ -39.0882874, -7.24792779999996 ], [ -39.0888664, -7.24706129999993 ], [ -39.0889501, -7.24615809999995 ], [ -39.089414599999898, -7.24557419999996 ], [ -39.089514199999897, -7.24452809999997 ], [ -39.0892478, -7.24336039999997 ], [ -39.0886308, -7.24357209999994 ], [ -39.0881347, -7.24330539999994 ], [ -39.0874731, -7.24293209999996 ], [ -39.0865674, -7.24173459999997 ], [ -39.087487199999899, -7.24147019999998 ], [ -39.0873304, -7.24056749999994 ], [ -39.0865204, -7.24081019999994 ], [ -39.085845, -7.24046349999998 ], [ -39.0851602, -7.239892 ], [ -39.084559399999897, -7.23991969999997 ], [ -39.0839329, -7.23927949999995 ], [ -39.0832596, -7.23887509999997 ], [ -39.084089199999902, -7.23792929999996 ], [ -39.0838317, -7.23727719999994 ], [ -39.0842771, -7.23655189999994 ], [ -39.0850910999999, -7.23680069999995 ], [ -39.0852614, -7.23588939999996 ], [ -39.0859677, -7.235112 ], [ -39.086244399999899, -7.23454109999994 ], [ -39.0858799, -7.23375139999996 ], [ -39.084628699999897, -7.233768 ], [ -39.083907399999902, -7.23345739999996 ], [ -39.0840446, -7.23250339999993 ], [ -39.083748899999897, -7.23166949999995 ], [ -39.0829687, -7.23096049999998 ], [ -39.082178999999897, -7.23121169999996 ], [ -39.0813545, -7.23137889999998 ], [ -39.080671299999899, -7.23047669999994 ], [ -39.0801139, -7.22962959999995 ], [ -39.0792723, -7.22939239999994 ], [ -39.078533299999897, -7.22915909999995 ], [ -39.0777782, -7.22874939999997 ], [ -39.076652399999901, -7.22841669999997 ], [ -39.0747825, -7.22717649999993 ], [ -39.073363899999897, -7.22623559999994 ], [ -39.0729401, -7.22595449999994 ], [ -39.025343099999901, -7.19438679999996 ], [ -39.025453599999899, -7.15010609999996 ], [ -38.961597099999899, -7.08551359999996 ], [ -38.9611235, -7.08503439999993 ], [ -38.9578729, -7.08174649999995 ], [ -38.9089987, -7.08270649999997 ], [ -38.9089741, -7.082704 ], [ -38.9252139, -7.11420859999993 ], [ -38.947689099999899, -7.14192069999996 ], [ -38.94704, -7.14380019999993 ], [ -38.9466517, -7.14492449999995 ], [ -38.9345008, -7.18010749999996 ], [ -38.928975099999903, -7.19749019999995 ], [ -38.921455, -7.22114679999993 ], [ -38.9182245, -7.23130919999994 ], [ -38.9145078, -7.24300119999998 ], [ -38.9096056, -7.24098209999994 ], [ -38.9087253, -7.24074879999995 ], [ -38.9076944, -7.24130449999996 ], [ -38.9067881, -7.24116039999996 ], [ -38.9046536, -7.23739539999997 ], [ -38.903809, -7.23797159999998 ], [ -38.9031711, -7.23845269999993 ], [ -38.902294099999899, -7.23906039999997 ], [ -38.9017067, -7.23992019999997 ], [ -38.9015762, -7.24119259999998 ], [ -38.9008876, -7.24205789999996 ], [ -38.899923699999903, -7.24226759999993 ], [ -38.8986763999999, -7.24213429999998 ], [ -38.884382899999899, -7.23875139999996 ], [ -38.8809884, -7.23652789999994 ], [ -38.8796551, -7.23609249999993 ], [ -38.878524599999899, -7.236179 ], [ -38.876611099999899, -7.23751089999996 ], [ -38.8748572, -7.23832139999996 ], [ -38.874131299999902, -7.23926249999994 ], [ -38.873551399999897, -7.23987109999996 ], [ -38.8728846, -7.240363 ], [ -38.8721452, -7.24086939999995 ], [ -38.8721016, -7.24157939999998 ], [ -38.8721593, -7.24234659999996 ], [ -38.8716663, -7.24312839999993 ], [ -38.8706806, -7.24369309999997 ], [ -38.8694176999999, -7.24422279999993 ], [ -38.8687737999999, -7.24422149999998 ], [ -38.867637199999898, -7.24282289999996 ], [ -38.866332199999903, -7.24157779999996 ], [ -38.8654194, -7.24056529999996 ], [ -38.864595999999899, -7.24047009999992 ], [ -38.863833699999901, -7.24062989999993 ], [ -38.8631836, -7.24097979999993 ], [ -38.8623825, -7.242109 ], [ -38.861553899999898, -7.24224059999995 ], [ -38.8607234, -7.24208269999997 ], [ -38.8602162, -7.24170439999995 ], [ -38.861054399999901, -7.24023629999994 ], [ -38.860452199999898, -7.23898889999998 ], [ -38.8597596, -7.23784619999998 ], [ -38.859170199999902, -7.23663479999993 ], [ -38.8587376, -7.23550929999993 ], [ -38.8595989, -7.23311419999993 ], [ -38.8599172, -7.23194379999995 ], [ -38.859471799999902, -7.23097889999997 ], [ -38.8586521, -7.23088779999995 ], [ -38.8579942, -7.23156239999997 ], [ -38.857889499999899, -7.23313719999993 ], [ -38.857680899999899, -7.23396849999995 ], [ -38.8573691, -7.23476439999996 ], [ -38.856710399999898, -7.23517939999994 ], [ -38.8556015, -7.23575029999995 ], [ -38.8545965, -7.23711729999997 ], [ -38.8541116, -7.23798279999994 ], [ -38.853556, -7.23877869999995 ], [ -38.852794, -7.239332 ], [ -38.8511209, -7.23952689999993 ], [ -38.8464035, -7.23891919999994 ], [ -38.8445727, -7.23911759999993 ], [ -38.8432989, -7.239536 ], [ -38.841808699999902, -7.23977789999998 ], [ -38.840075899999903, -7.23960459999995 ], [ -38.8398467, -7.23953289999997 ], [ -38.838411999999899, -7.23908469999998 ], [ -38.8366804, -7.23821839999994 ], [ -38.834651, -7.23656589999996 ], [ -38.8333713, -7.23576669999994 ], [ -38.8312228, -7.23548909999994 ], [ -38.8295598, -7.23500359999997 ], [ -38.8282431, -7.23410309999997 ], [ -38.8278278, -7.23285639999995 ], [ -38.826996699999903, -7.23147119999993 ], [ -38.8255414999999, -7.23029369999995 ], [ -38.8237392, -7.22946169999994 ], [ -38.8219381, -7.22800739999997 ], [ -38.8203444, -7.22669059999993 ], [ -38.818958699999897, -7.225998 ], [ -38.815588299999902, -7.22519329999994 ], [ -38.8142341, -7.22534839999997 ], [ -38.8126377, -7.22701979999994 ], [ -38.8114472, -7.22701059999997 ], [ -38.8105186, -7.22705809999997 ], [ -38.8083932, -7.22718369999996 ], [ -38.8072812, -7.22696609999997 ], [ -38.8060912, -7.22715249999993 ], [ -38.8049814, -7.22752589999993 ], [ -38.8026679, -7.22869979999996 ], [ -38.8020658, -7.22968759999998 ], [ -38.801597199999897, -7.23112939999993 ], [ -38.800968399999903, -7.23205039999993 ], [ -38.8002905, -7.232693 ], [ -38.7992808, -7.23236639999993 ], [ -38.798600099999902, -7.23213889999994 ], [ -38.798091499999899, -7.23161059999995 ], [ -38.7981493, -7.23090269999994 ], [ -38.7981679, -7.22985269999998 ], [ -38.798282899999897, -7.22911349999993 ], [ -38.7984259, -7.22820949999993 ], [ -38.799031899999903, -7.22718949999995 ], [ -38.799272899999899, -7.22633509999997 ], [ -38.7992465, -7.22554739999993 ], [ -38.7990222, -7.22451229999996 ], [ -38.7986576, -7.22252759999998 ], [ -38.798333, -7.22051039999997 ], [ -38.7982041, -7.21915979999994 ], [ -38.7976128, -7.21812679999994 ], [ -38.796569599999899, -7.21829789999992 ], [ -38.795912299999898, -7.21931479999995 ], [ -38.7952235999999, -7.22006749999997 ], [ -38.7932918, -7.220859 ], [ -38.792530499999899, -7.22035849999997 ], [ -38.7918187, -7.21988419999997 ], [ -38.790816699999901, -7.21937129999998 ], [ -38.789800399999898, -7.21933779999995 ], [ -38.789020999999899, -7.21923339999995 ], [ -38.7881371, -7.21895619999998 ], [ -38.787374499999899, -7.21866089999997 ], [ -38.7867002999999, -7.21830829999993 ], [ -38.785434699999897, -7.21781239999996 ], [ -38.784637099999898, -7.21826189999996 ], [ -38.785225399999902, -7.21975089999995 ], [ -38.7854965, -7.220651 ], [ -38.7855018, -7.221552 ], [ -38.7843769, -7.22371269999996 ], [ -38.7844332, -7.22457329999997 ], [ -38.7843205, -7.22564119999993 ], [ -38.783837499999898, -7.22611159999997 ], [ -38.7836353, -7.22630859999992 ], [ -38.783014099999903, -7.22680769999994 ], [ -38.7919891, -7.24163969999995 ], [ -38.800439099999899, -7.25560409999997 ], [ -38.800947, -7.25644329999994 ], [ -38.8011815, -7.25683089999995 ], [ -38.8021153, -7.25837409999997 ], [ -38.8027627, -7.25944389999995 ], [ -38.806435599999901, -7.26551379999995 ], [ -38.810564699999901, -7.27233759999996 ], [ -38.825718499999901, -7.29738059999994 ], [ -38.8259073, -7.29769249999993 ], [ -38.829470699999902, -7.30358139999993 ], [ -38.829758899999902, -7.30405769999993 ], [ -38.8470459, -7.33262609999997 ], [ -38.8548043, -7.34544759999994 ], [ -38.860262, -7.35446689999998 ], [ -38.8675775, -7.38844509999996 ], [ -38.8811056, -7.45127789999998 ], [ -38.8823563, -7.45708689999998 ], [ -38.9266679, -7.43490849999995 ] ] ] ] } },
{ "type": "Feature", "properties": { "CD_MUN": "2308401", "NM_MUN": "Missão Velha", "CD_RGI": "230011", "NM_RGI": "Juazeiro do Norte", "CD_RGINT": "2304", "NM_RGINT": "Juazeiro do Norte", "CD_UF": "23", "NM_UF": "Ceará", "SIGLA_UF": "CE", "CD_REGIAO": "2", "NM_REGIAO": "Nordeste", "SIGLA_RG": "NE", "CD_CONCURB": null, "NM_CONCURB": null, "AREA_KM2": 613.317 }, "geometry": { "type": "MultiPolygon", "coordinates": [ [ [ [ -39.254407199999903, -7.44767189999993 ], [ -39.240261299999901, -7.43012509999994 ], [ -39.2268756, -7.41352119999993 ], [ -39.2259921, -7.407226 ], [ -39.2240459, -7.40236459999994 ], [ -39.222938199999902, -7.39730289999994 ], [ -39.2256302, -7.391274 ], [ -39.2269345999999, -7.38972979999994 ], [ -39.2271512, -7.38853909999995 ], [ -39.2298996, -7.38399119999997 ], [ -39.231877499999896, -7.38152839999998 ], [ -39.230871, -7.37994249999997 ], [ -39.2310085, -7.37799919999998 ], [ -39.229135, -7.37660969999996 ], [ -39.2284514, -7.37278619999995 ], [ -39.2299393, -7.37113919999996 ], [ -39.2320061, -7.36729479999997 ], [ -39.2409421999999, -7.36285389999995 ], [ -39.2376601, -7.35470909999998 ], [ -39.236127699999898, -7.35254289999995 ], [ -39.2353505, -7.350785 ], [ -39.2351024, -7.35028549999993 ], [ -39.234540099999897, -7.34915329999995 ], [ -39.233753299999897, -7.34791539999998 ], [ -39.2329387, -7.34592869999994 ], [ -39.2319241, -7.34318639999998 ], [ -39.230885699999902, -7.34057539999998 ], [ -39.2298934, -7.338292 ], [ -39.229514499999901, -7.33754059999995 ], [ -39.2291891, -7.33679509999996 ], [ -39.227894299999903, -7.33412729999998 ], [ -39.2273532, -7.33307709999997 ], [ -39.2268531, -7.33211319999998 ], [ -39.226114499999902, -7.330538 ], [ -39.2256896, -7.32963909999995 ], [ -39.2254497, -7.32922469999994 ], [ -39.2251474, -7.32874309999994 ], [ -39.224454799999897, -7.32827659999998 ], [ -39.2244368, -7.32827689999993 ], [ -39.2230771, -7.32744259999993 ], [ -39.2221938, -7.32707439999996 ], [ -39.2216726999999, -7.32701849999995 ], [ -39.221643, -7.32700839999995 ], [ -39.221344799999898, -7.32696789999994 ], [ -39.221059899999901, -7.32658659999993 ], [ -39.220841199999903, -7.32626449999998 ], [ -39.220366399999897, -7.32585879999993 ], [ -39.219425699999903, -7.32556509999995 ], [ -39.218817, -7.32538209999996 ], [ -39.2182472, -7.32499949999993 ], [ -39.21759, -7.32442949999995 ], [ -39.217143399999898, -7.32402739999998 ], [ -39.2165074, -7.32330939999997 ], [ -39.216199199999899, -7.32290579999994 ], [ -39.215593399999896, -7.32232389999996 ], [ -39.2144509, -7.32117869999996 ], [ -39.2136664, -7.32046809999997 ], [ -39.2115338, -7.32066919999994 ], [ -39.2074153, -7.31323789999993 ], [ -39.209238899999903, -7.31158 ], [ -39.2092211, -7.31145759999993 ], [ -39.2091765, -7.31122289999996 ], [ -39.209133999999899, -7.31082569999995 ], [ -39.2089852, -7.30998879999993 ], [ -39.2089111, -7.30981659999998 ], [ -39.2088087, -7.30959359999997 ], [ -39.2086548, -7.30926269999998 ], [ -39.2085648, -7.30894559999996 ], [ -39.2084621, -7.30873219999995 ], [ -39.208325699999897, -7.30837189999994 ], [ -39.208219299999897, -7.30806829999995 ], [ -39.2081575999999, -7.30782359999995 ], [ -39.2080104, -7.30745209999998 ], [ -39.2079826, -7.30737529999993 ], [ -39.2076584, -7.30648049999996 ], [ -39.207470699999902, -7.30590989999996 ], [ -39.2073336, -7.30540429999996 ], [ -39.2071139, -7.30433389999996 ], [ -39.206805099999897, -7.30238259999993 ], [ -39.206756299999903, -7.30217109999995 ], [ -39.2066933, -7.30184109999993 ], [ -39.206700199999901, -7.30166669999994 ], [ -39.2067021, -7.30161909999993 ], [ -39.206858899999901, -7.301501 ], [ -39.2081097, -7.30052919999997 ], [ -39.209283099999901, -7.29961349999996 ], [ -39.2107687, -7.29846979999996 ], [ -39.212116799999897, -7.29741189999993 ], [ -39.2129353, -7.29678369999993 ], [ -39.2135036, -7.29634659999994 ], [ -39.2136073, -7.29627229999994 ], [ -39.2147257, -7.29539779999993 ], [ -39.2156651, -7.29468029999992 ], [ -39.216816499999901, -7.29378529999997 ], [ -39.217912399999904, -7.29294219999997 ], [ -39.2188712, -7.292181 ], [ -39.2197682, -7.29148029999993 ], [ -39.220389899999901, -7.29098769999996 ], [ -39.2275581, -7.28577149999995 ], [ -39.231396, -7.28297869999994 ], [ -39.234093899999898, -7.28101549999997 ], [ -39.234709, -7.280002 ], [ -39.236523799999901, -7.277031 ], [ -39.2365872, -7.27699479999995 ], [ -39.236967299999897, -7.27668479999994 ], [ -39.2384321, -7.27548839999997 ], [ -39.2393943, -7.274723 ], [ -39.2401583, -7.27421339999995 ], [ -39.2416507, -7.27344769999996 ], [ -39.2430952, -7.27269089999993 ], [ -39.244521899999903, -7.27160589999994 ], [ -39.2472976, -7.26951929999996 ], [ -39.2483846, -7.268834 ], [ -39.251353499999901, -7.26705639999994 ], [ -39.2544485, -7.26516979999997 ], [ -39.2577429, -7.26311159999995 ], [ -39.256887, -7.26130659999995 ], [ -39.256677099999898, -7.26080329999996 ], [ -39.2562374, -7.25974889999998 ], [ -39.256219499999901, -7.25970359999997 ], [ -39.255330699999902, -7.25745079999996 ], [ -39.255095299999901, -7.25685439999995 ], [ -39.25474, -7.25577819999995 ], [ -39.254357599999899, -7.25481479999996 ], [ -39.254323999999897, -7.25473319999998 ], [ -39.2538564, -7.25339859999997 ], [ -39.253617899999902, -7.25258519999994 ], [ -39.253561499999897, -7.25240779999996 ], [ -39.2535692, -7.25227729999995 ], [ -39.2536148, -7.25179919999994 ], [ -39.2536173, -7.25133969999996 ], [ -39.2535592, -7.25109059999994 ], [ -39.2532146, -7.25032489999995 ], [ -39.2528171, -7.24945749999995 ], [ -39.2526751, -7.249186 ], [ -39.252556, -7.249058 ], [ -39.252314399999896, -7.24881759999994 ], [ -39.2520292, -7.24853379999996 ], [ -39.2507759, -7.24726289999995 ], [ -39.2494636, -7.24592389999998 ], [ -39.2486706, -7.24514629999993 ], [ -39.2474839, -7.24534639999996 ], [ -39.2458101, -7.24560679999996 ], [ -39.2441385, -7.24591219999996 ], [ -39.2425299, -7.24620739999995 ], [ -39.240982099999897, -7.24647819999996 ], [ -39.2393407, -7.24676209999996 ], [ -39.2378686, -7.24700069999994 ], [ -39.2360457, -7.24731619999994 ], [ -39.2347717, -7.24746119999998 ], [ -39.237289599999897, -7.233508 ], [ -39.2370759, -7.23304609999997 ], [ -39.236969299999899, -7.23281579999997 ], [ -39.236552, -7.23191369999995 ], [ -39.2362603, -7.23128329999997 ], [ -39.235914599999901, -7.230536 ], [ -39.2357253, -7.23012679999994 ], [ -39.2356095, -7.22987639999997 ], [ -39.235355, -7.22932629999997 ], [ -39.2349452, -7.22830289999996 ], [ -39.2336577, -7.22547 ], [ -39.219232299999902, -7.222239 ], [ -39.2180976, -7.22198489999994 ], [ -39.2179902, -7.22196079999998 ], [ -39.217485, -7.22184769999996 ], [ -39.216626, -7.22162149999997 ], [ -39.2158233, -7.22141009999996 ], [ -39.2159147, -7.21891349999993 ], [ -39.215849799999901, -7.21717219999994 ], [ -39.215559799999902, -7.21502809999993 ], [ -39.2153964, -7.21381939999998 ], [ -39.215218799999903, -7.21250639999994 ], [ -39.2151694, -7.21214109999994 ], [ -39.2149688, -7.21114179999995 ], [ -39.2143526, -7.20807269999995 ], [ -39.2141602, -7.20664279999994 ], [ -39.2133382, -7.20225859999994 ], [ -39.213434499999899, -7.20104189999995 ], [ -39.2133613, -7.19963289999993 ], [ -39.2132437, -7.19845719999995 ], [ -39.212235899999897, -7.19645469999995 ], [ -39.209209499999901, -7.19119029999996 ], [ -39.2082376, -7.18984739999996 ], [ -39.2080513, -7.18967039999995 ], [ -39.2068431, -7.18852259999994 ], [ -39.203780299999899, -7.18757019999993 ], [ -39.2030358, -7.187172 ], [ -39.2017518, -7.18691569999993 ], [ -39.2007594, -7.18626989999996 ], [ -39.2000403, -7.18581789999996 ], [ -39.1990766, -7.18502129999996 ], [ -39.1982494, -7.18400929999996 ], [ -39.1977926, -7.18301219999995 ], [ -39.196995399999899, -7.18085419999994 ], [ -39.1967581, -7.17986759999997 ], [ -39.197705299999903, -7.17889649999995 ], [ -39.1985627, -7.17803679999997 ], [ -39.199608399999903, -7.176884 ], [ -39.2003716, -7.17627489999995 ], [ -39.201228899999897, -7.17522609999997 ], [ -39.201610199999898, -7.17394319999994 ], [ -39.2020089, -7.17203779999994 ], [ -39.2021099, -7.17054359999997 ], [ -39.2025422, -7.16913859999994 ], [ -39.2028424, -7.16830689999995 ], [ -39.2040193, -7.16690449999993 ], [ -39.2042705, -7.16553569999996 ], [ -39.204093999999898, -7.16462749999994 ], [ -39.2033274, -7.16334239999998 ], [ -39.202346299999903, -7.162088 ], [ -39.2014057, -7.16119589999994 ], [ -39.1990102, -7.15804889999993 ], [ -39.198577, -7.15729289999996 ], [ -39.1979681, -7.15682349999997 ], [ -39.1968537, -7.15652479999994 ], [ -39.195691399999902, -7.15634579999994 ], [ -39.1954754, -7.15536459999993 ], [ -39.1955467, -7.15409609999995 ], [ -39.194494399999897, -7.15325849999994 ], [ -39.193621699999902, -7.15216749999996 ], [ -39.1934026, -7.15064209999997 ], [ -39.1918233, -7.15097989999992 ], [ -39.1905398, -7.15057969999998 ], [ -39.1887583, -7.15024569999997 ], [ -39.1871169, -7.149577 ], [ -39.1860823, -7.14867739999994 ], [ -39.185085, -7.14847789999993 ], [ -39.184087, -7.14841039999993 ], [ -39.182585199999899, -7.14787279999996 ], [ -39.181231099999899, -7.14767429999995 ], [ -39.1784574, -7.14626509999994 ], [ -39.1757145, -7.14462979999996 ], [ -39.1740627, -7.14279049999993 ], [ -39.1691364, -7.13892429999993 ], [ -39.1672401, -7.13598089999994 ], [ -39.1662271, -7.13508649999994 ], [ -39.164641199999899, -7.13365469999997 ], [ -39.162619699999901, -7.13262279999998 ], [ -39.1610562, -7.13257539999995 ], [ -39.1592532, -7.13310859999996 ], [ -39.1579593, -7.13299529999995 ], [ -39.1565395, -7.13288809999995 ], [ -39.1541816, -7.13267349999995 ], [ -39.1530696, -7.13029159999996 ], [ -39.152566, -7.13102739999994 ], [ -39.1519747, -7.13103139999993 ], [ -39.1511522, -7.13068319999996 ], [ -39.150164899999901, -7.13048249999997 ], [ -39.1495611, -7.130596 ], [ -39.149312199999898, -7.13147839999993 ], [ -39.1488332, -7.13215829999996 ], [ -39.147712199999901, -7.13331709999994 ], [ -39.1473098, -7.13373359999997 ], [ -39.146568199999898, -7.13459649999993 ], [ -39.1461821, -7.13403879999993 ], [ -39.1463765, -7.13301909999996 ], [ -39.1459962, -7.13227409999996 ], [ -39.1454401, -7.13160089999997 ], [ -39.1440886, -7.13135559999995 ], [ -39.1429097, -7.13146129999996 ], [ -39.1415489, -7.13209359999996 ], [ -39.1403078, -7.132496 ], [ -39.1392676, -7.13169219999997 ], [ -39.139069199999902, -7.13074759999995 ], [ -39.13805, -7.13054689999996 ], [ -39.137343799999897, -7.13001419999995 ], [ -39.1367915, -7.12959129999996 ], [ -39.135842399999902, -7.13075159999994 ], [ -39.1353824, -7.13156729999997 ], [ -39.135532, -7.13245849999993 ], [ -39.1353303, -7.13372619999996 ], [ -39.1350421, -7.13490339999993 ], [ -39.134994199999902, -7.135693 ], [ -39.1363413, -7.13621669999998 ], [ -39.1359282, -7.13711289999998 ], [ -39.1348849, -7.13729369999993 ], [ -39.133904599999902, -7.13798209999993 ], [ -39.1333787, -7.138228 ], [ -39.132722199999897, -7.13846229999996 ], [ -39.132275799999903, -7.13883659999993 ], [ -39.1319212, -7.13948219999997 ], [ -39.1328091, -7.14038649999998 ], [ -39.1333493, -7.14129589999993 ], [ -39.1335619, -7.14190849999994 ], [ -39.133712199999898, -7.14247329999995 ], [ -39.1330493, -7.14250219999997 ], [ -39.131462999999897, -7.14242609999997 ], [ -39.1306724, -7.14291459999993 ], [ -39.1300208, -7.14358489999995 ], [ -39.1292797, -7.14399679999997 ], [ -39.1285543, -7.14375759999996 ], [ -39.127231499999901, -7.14335109999996 ], [ -39.1265819, -7.14295759999993 ], [ -39.1257841, -7.14287759999996 ], [ -39.125228299999897, -7.14322239999996 ], [ -39.124253, -7.14331129999994 ], [ -39.122883, -7.14277309999994 ], [ -39.122394299999897, -7.14254559999995 ], [ -39.1219052, -7.14276159999997 ], [ -39.122115699999902, -7.14374319999996 ], [ -39.1219637, -7.14487179999998 ], [ -39.121227299999902, -7.14437239999995 ], [ -39.1204814, -7.14464229999993 ], [ -39.1199958, -7.14499979999994 ], [ -39.1192818, -7.14508619999998 ], [ -39.119162199999899, -7.14584889999998 ], [ -39.118770599999898, -7.14670109999997 ], [ -39.117711799999903, -7.14630879999993 ], [ -39.1175938, -7.14723429999998 ], [ -39.117162699999902, -7.14808009999996 ], [ -39.116814599999898, -7.14892259999993 ], [ -39.1166231, -7.149633 ], [ -39.116215, -7.15058279999994 ], [ -39.1166989, -7.15162239999995 ], [ -39.115614799999904, -7.15174709999997 ], [ -39.1148075, -7.15272859999993 ], [ -39.114735799999899, -7.153552 ], [ -39.115033099999899, -7.15416459999994 ], [ -39.1152154, -7.15472459999995 ], [ -39.1150909, -7.15526079999995 ], [ -39.1142763, -7.15589279999995 ], [ -39.1135864, -7.15650569999997 ], [ -39.113030599999902, -7.15736749999996 ], [ -39.1128135, -7.15783979999998 ], [ -39.1121501, -7.15843379999995 ], [ -39.1117856, -7.15773 ], [ -39.111457, -7.15664589999994 ], [ -39.110791199999902, -7.15586419999994 ], [ -39.1100911, -7.15669109999993 ], [ -39.1092525, -7.15707429999998 ], [ -39.1087156, -7.15657959999993 ], [ -39.108707099999897, -7.15577 ], [ -39.1081379, -7.15562949999997 ], [ -39.1070836, -7.15588109999993 ], [ -39.105865499999901, -7.15586139999994 ], [ -39.1051666, -7.15591739999996 ], [ -39.1044358, -7.15643809999995 ], [ -39.104268299999902, -7.15733449999993 ], [ -39.1042765, -7.15817939999994 ], [ -39.1032407, -7.15818889999997 ], [ -39.1023784, -7.15836829999995 ], [ -39.102043099999896, -7.15727549999997 ], [ -39.101548299999898, -7.15627959999995 ], [ -39.1025157, -7.15579529999997 ], [ -39.1028459, -7.15476709999996 ], [ -39.101964199999898, -7.15431459999996 ], [ -39.1009609, -7.15518839999993 ], [ -39.100316399999897, -7.15604509999997 ], [ -39.0989122, -7.15568539999992 ], [ -39.0983529, -7.15502939999993 ], [ -39.097839599999901, -7.15459669999996 ], [ -39.097105699999901, -7.15408819999993 ], [ -39.096057899999899, -7.15385149999997 ], [ -39.095685699999898, -7.15447949999998 ], [ -39.094811299999897, -7.15485529999995 ], [ -39.0949854, -7.15606619999994 ], [ -39.0951623, -7.15695469999997 ], [ -39.0950986, -7.15787819999997 ], [ -39.0946354, -7.15860429999998 ], [ -39.093497399999897, -7.15946509999998 ], [ -39.0926433, -7.16059839999997 ], [ -39.092119899999901, -7.161417 ], [ -39.091760599999901, -7.16212519999993 ], [ -39.0913214, -7.16283329999993 ], [ -39.090706399999902, -7.16316049999995 ], [ -39.0899827, -7.16296439999996 ], [ -39.0897656, -7.161949 ], [ -39.0902627, -7.16112619999996 ], [ -39.090346399999902, -7.16023469999993 ], [ -39.0903183, -7.15941089999995 ], [ -39.0908014, -7.15857709999995 ], [ -39.0911846, -7.15785309999995 ], [ -39.0914096999999, -7.156861 ], [ -39.0910885, -7.15622559999997 ], [ -39.0903815, -7.15619879999997 ], [ -39.0900702, -7.15698569999995 ], [ -39.089810699999902, -7.15742849999998 ], [ -39.088872099999897, -7.15733289999997 ], [ -39.0880094, -7.15710569999993 ], [ -39.0867193999999, -7.15703419999994 ], [ -39.085684899999897, -7.15687279999997 ], [ -39.0848223, -7.15676529999996 ], [ -39.0838876, -7.15642839999992 ], [ -39.082664099999903, -7.15658179999997 ], [ -39.0818629, -7.15688549999993 ], [ -39.0809906, -7.15664029999994 ], [ -39.0801015, -7.15635919999994 ], [ -39.0793047, -7.15640129999997 ], [ -39.0782503, -7.15626379999998 ], [ -39.077486399999898, -7.15579429999997 ], [ -39.077330699999898, -7.15496239999993 ], [ -39.0778366, -7.15425939999994 ], [ -39.078442799999898, -7.15377589999997 ], [ -39.078719, -7.152901 ], [ -39.078582099999899, -7.15180609999993 ], [ -39.0787796, -7.15079179999998 ], [ -39.0783152, -7.14997519999997 ], [ -39.0776801, -7.14961629999993 ], [ -39.0766915, -7.14885049999998 ], [ -39.0757869, -7.14845579999997 ], [ -39.0754153, -7.14743349999998 ], [ -39.0756547, -7.14637159999995 ], [ -39.0749478, -7.14617019999997 ], [ -39.0741631, -7.14641269999993 ], [ -39.0733513, -7.14623629999994 ], [ -39.0734441, -7.14556609999994 ], [ -39.0737046, -7.14495579999993 ], [ -39.0737973, -7.14402829999995 ], [ -39.073539599999897, -7.14335819999997 ], [ -39.0733058, -7.142712 ], [ -39.0726048, -7.14215369999994 ], [ -39.0720613, -7.14278109999998 ], [ -39.0714469, -7.14321089999993 ], [ -39.0709618, -7.14388209999993 ], [ -39.071113599999897, -7.14450739999995 ], [ -39.070838099999897, -7.14517759999995 ], [ -39.0705153, -7.14596459999996 ], [ -39.0715891, -7.14646989999994 ], [ -39.072202499999896, -7.14707839999994 ], [ -39.0709462, -7.14697259999997 ], [ -39.0701195, -7.14705649999996 ], [ -39.069158, -7.14717929999995 ], [ -39.068716799999898, -7.14710529999996 ], [ -39.0681786, -7.14701489999993 ], [ -39.0676035, -7.14709279999994 ], [ -39.0667659, -7.146649 ], [ -39.0662432, -7.145994 ], [ -39.0653740999999, -7.14523109999993 ], [ -39.0646214, -7.144916 ], [ -39.064059, -7.14385029999994 ], [ -39.0634262, -7.142893 ], [ -39.0623717, -7.14169639999994 ], [ -39.0613172, -7.14046159999998 ], [ -39.0601095, -7.14017449999994 ], [ -39.058460899999901, -7.13961949999998 ], [ -39.0562371, -7.13916019999994 ], [ -39.053975099999903, -7.13875839999997 ], [ -39.0530932, -7.138299 ], [ -39.052364699999899, -7.137897 ], [ -39.05132, -7.13765769999998 ], [ -39.050102799999898, -7.138261 ], [ -39.0496236, -7.139295 ], [ -39.0491637, -7.14055879999995 ], [ -39.048284899999899, -7.14205709999993 ], [ -39.0467542, -7.142244 ], [ -39.0457863, -7.14189839999995 ], [ -39.0451055999999, -7.14199519999994 ], [ -39.043255799999898, -7.14231609999996 ], [ -39.042538799999903, -7.14238989999996 ], [ -39.0418116, -7.14212959999998 ], [ -39.0411814, -7.14298849999994 ], [ -39.0410226, -7.143817 ], [ -39.041061, -7.14433159999993 ], [ -39.040962799999903, -7.14494429999996 ], [ -39.040777799999901, -7.14567249999993 ], [ -39.0409893, -7.14634679999995 ], [ -39.0413498, -7.14716769999995 ], [ -39.040838199999897, -7.14802039999995 ], [ -39.0401605, -7.14837279999995 ], [ -39.039430099999898, -7.14866859999995 ], [ -39.038717899999902, -7.14931 ], [ -39.038074799999897, -7.14952169999998 ], [ -39.037095599999901, -7.14920189999998 ], [ -39.0364415, -7.149193 ], [ -39.035662699999897, -7.14939169999997 ], [ -39.0344142, -7.14926489999993 ], [ -39.0339721, -7.14867079999993 ], [ -39.0329343, -7.148904 ], [ -39.0318649, -7.14906669999993 ], [ -39.03195, -7.14999319999993 ], [ -39.0319234, -7.15057909999996 ], [ -39.0318516, -7.15177339999997 ], [ -39.0310727, -7.15197109999997 ], [ -39.0304015, -7.15139839999995 ], [ -39.0295919, -7.15167659999997 ], [ -39.0288431, -7.15128559999994 ], [ -39.0278127, -7.15096949999997 ], [ -39.027100899999901, -7.15053389999997 ], [ -39.0262501999999, -7.150005 ], [ -39.025453599999899, -7.15010609999996 ], [ -39.025343099999901, -7.19438679999996 ], [ -39.0729401, -7.22595449999994 ], [ -39.073363899999897, -7.22623559999994 ], [ -39.0747825, -7.22717649999993 ], [ -39.076652399999901, -7.22841669999997 ], [ -39.0777782, -7.22874939999997 ], [ -39.078533299999897, -7.22915909999995 ], [ -39.0792723, -7.22939239999994 ], [ -39.0801139, -7.22962959999995 ], [ -39.080671299999899, -7.23047669999994 ], [ -39.0813545, -7.23137889999998 ], [ -39.082178999999897, -7.23121169999996 ], [ -39.0829687, -7.23096049999998 ], [ -39.083748899999897, -7.23166949999995 ], [ -39.0840446, -7.23250339999993 ], [ -39.083907399999902, -7.23345739999996 ], [ -39.084628699999897, -7.233768 ], [ -39.0858799, -7.23375139999996 ], [ -39.086244399999899, -7.23454109999994 ], [ -39.0859677, -7.235112 ], [ -39.0852614, -7.23588939999996 ], [ -39.0850910999999, -7.23680069999995 ], [ -39.0842771, -7.23655189999994 ], [ -39.0838317, -7.23727719999994 ], [ -39.084089199999902, -7.23792929999996 ], [ -39.0832596, -7.23887509999997 ], [ -39.0839329, -7.23927949999995 ], [ -39.084559399999897, -7.23991969999997 ], [ -39.0851602, -7.239892 ], [ -39.085845, -7.24046349999998 ], [ -39.0865204, -7.24081019999994 ], [ -39.0873304, -7.24056749999994 ], [ -39.087487199999899, -7.24147019999998 ], [ -39.0865674, -7.24173459999997 ], [ -39.0874731, -7.24293209999996 ], [ -39.0881347, -7.24330539999994 ], [ -39.0886308, -7.24357209999994 ], [ -39.0892478, -7.24336039999997 ], [ -39.089514199999897, -7.24452809999997 ], [ -39.089414599999898, -7.24557419999996 ], [ -39.0889501, -7.24615809999995 ], [ -39.0888664, -7.24706129999993 ], [ -39.0882874, -7.24792779999996 ], [ -39.088222, -7.24864739999992 ], [ -39.088062299999898, -7.24916119999995 ], [ -39.0873673, -7.24953309999995 ], [ -39.0878436, -7.249983 ], [ -39.0879838, -7.25064809999998 ], [ -39.0877527, -7.251194 ], [ -39.0885676, -7.25128 ], [ -39.0890694, -7.25128309999997 ], [ -39.089529, -7.25099809999995 ], [ -39.090461199999901, -7.25155249999995 ], [ -39.0909685, -7.252302 ], [ -39.0911548999999, -7.25311129999994 ], [ -39.092009699999899, -7.25254029999996 ], [ -39.0928023, -7.25304709999995 ], [ -39.0928152, -7.253663 ], [ -39.0926812, -7.25445759999997 ], [ -39.092387099999897, -7.25594919999998 ], [ -39.0923779, -7.25599549999993 ], [ -39.092288499999903, -7.256449 ], [ -39.091809, -7.25970909999995 ], [ -39.0916839, -7.26070329999993 ], [ -39.0911712, -7.261584 ], [ -39.0910365, -7.26225419999997 ], [ -39.090703, -7.26280269999995 ], [ -39.0901099, -7.26340919999996 ], [ -39.0900455, -7.26397709999998 ], [ -39.0900182, -7.26421769999996 ], [ -39.089774, -7.265385 ], [ -39.0889237, -7.26557 ], [ -39.0885544, -7.26565029999995 ], [ -39.0877044, -7.26585809999995 ], [ -39.0872143, -7.26619209999996 ], [ -39.0864389, -7.26634179999996 ], [ -39.086394799999901, -7.26635619999996 ], [ -39.0858871, -7.26652139999993 ], [ -39.085273, -7.26713779999994 ], [ -39.08456, -7.26752689999995 ], [ -39.0839488, -7.26775439999994 ], [ -39.082966199999902, -7.26815539999996 ], [ -39.0819776, -7.26882579999995 ], [ -39.081903899999901, -7.26963749999993 ], [ -39.0827869, -7.27065859999993 ], [ -39.0831706, -7.27153609999993 ], [ -39.083266599999902, -7.27240169999993 ], [ -39.084084699999899, -7.27324719999996 ], [ -39.084125899999897, -7.27456749999993 ], [ -39.083607399999899, -7.27510449999994 ], [ -39.0833751, -7.27603559999994 ], [ -39.083551999999898, -7.27672959999995 ], [ -39.084346099999898, -7.27742359999996 ], [ -39.0844422, -7.27823329999995 ], [ -39.084470399999901, -7.27960549999995 ], [ -39.085177299999899, -7.27987409999997 ], [ -39.0854972, -7.28054369999995 ], [ -39.0860585, -7.28036029999993 ], [ -39.0867253, -7.27997219999997 ], [ -39.0874507, -7.28007959999997 ], [ -39.0879641, -7.28072769999994 ], [ -39.0886553, -7.28070769999994 ], [ -39.089614, -7.280516 ], [ -39.0901833, -7.280857 ], [ -39.0907027, -7.28114409999995 ], [ -39.090567, -7.28177829999993 ], [ -39.090303499999898, -7.28244849999993 ], [ -39.0902138, -7.28313659999998 ], [ -39.089701499999897, -7.28381589999998 ], [ -39.088602099999903, -7.28459689999994 ], [ -39.0879012, -7.28598519999997 ], [ -39.0874729, -7.28662849999995 ], [ -39.086539899999899, -7.287353 ], [ -39.0858368, -7.28825509999996 ], [ -39.0857445, -7.289135 ], [ -39.084839299999899, -7.28988829999997 ], [ -39.0834522, -7.29065449999996 ], [ -39.082622899999897, -7.29118579999994 ], [ -39.0821735, -7.29168259999994 ], [ -39.081985599999904, -7.29279909999997 ], [ -39.082031099999902, -7.29306879999996 ], [ -39.0821865, -7.29398839999993 ], [ -39.082980099999901, -7.29475789999998 ], [ -39.0826756, -7.29560959999998 ], [ -39.0826058, -7.29639149999997 ], [ -39.082415099999899, -7.29719839999996 ], [ -39.0817347, -7.29754759999997 ], [ -39.0818955, -7.29856719999998 ], [ -39.0813914, -7.29967739999995 ], [ -39.0812223, -7.30046639999995 ], [ -39.0811505, -7.30120439999996 ], [ -39.081496199999897, -7.30197619999996 ], [ -39.0817364, -7.30298029999994 ], [ -39.0819136, -7.30397709999994 ], [ -39.082229299999902, -7.30499549999996 ], [ -39.0827454, -7.30557249999993 ], [ -39.0832988, -7.30643559999993 ], [ -39.084061, -7.306937 ], [ -39.084565499999897, -7.30750639999997 ], [ -39.085118899999898, -7.30805989999993 ], [ -39.0850763, -7.30897679999993 ], [ -39.085370899999901, -7.30950669999993 ], [ -39.0858744, -7.31019469999995 ], [ -39.0866296, -7.31060739999998 ], [ -39.088020099999902, -7.31143279999998 ], [ -39.0880835, -7.31146109999997 ], [ -39.0893626, -7.31203089999997 ], [ -39.090303499999898, -7.31247949999994 ], [ -39.0910527, -7.31299989999997 ], [ -39.092347399999902, -7.31404669999995 ], [ -39.0926352, -7.31460309999994 ], [ -39.0928512, -7.31586559999994 ], [ -39.0929113, -7.31684089999993 ], [ -39.093734599999898, -7.31743579999994 ], [ -39.095888699999897, -7.31853359999997 ], [ -39.096311199999903, -7.31874889999995 ], [ -39.0971738, -7.31936319999994 ], [ -39.098518399999897, -7.32079789999995 ], [ -39.099164599999902, -7.32152749999995 ], [ -39.0996446, -7.32232579999993 ], [ -39.1003382, -7.324579 ], [ -39.100907499999899, -7.32700979999993 ], [ -39.1013252, -7.32804169999997 ], [ -39.1016695, -7.329852 ], [ -39.1016506, -7.33079019999997 ], [ -39.101622099999901, -7.33209219999998 ], [ -39.1015841, -7.33367179999993 ], [ -39.1014216, -7.33615139999995 ], [ -39.1014122999999, -7.33733849999993 ], [ -39.1020794, -7.34039229999996 ], [ -39.1017507, -7.341794 ], [ -39.101381199999899, -7.34336909999996 ], [ -39.101250799999903, -7.34392509999998 ], [ -39.1009634, -7.34519849999998 ], [ -39.100628099999902, -7.34654839999996 ], [ -39.1001299, -7.34844409999994 ], [ -39.0989223, -7.35122059999998 ], [ -39.0969858, -7.35831249999995 ], [ -39.095011, -7.36112749999995 ], [ -39.094125399999903, -7.36334079999995 ], [ -39.094511399999902, -7.36575959999993 ], [ -39.0947322, -7.36828829999996 ], [ -39.0947601, -7.37001089999995 ], [ -39.093998699999901, -7.37171519999993 ], [ -39.0931916, -7.37403339999997 ], [ -39.0933107, -7.375091 ], [ -39.0936389, -7.375747 ], [ -39.0950645, -7.37697409999993 ], [ -39.0955878, -7.37766119999998 ], [ -39.0958358, -7.37845829999998 ], [ -39.0957533, -7.37918209999998 ], [ -39.0944777999999, -7.38012609999993 ], [ -39.089467199999902, -7.38275809999993 ], [ -39.088774699999902, -7.38413409999993 ], [ -39.0881004, -7.38849009999996 ], [ -39.088775499999898, -7.39077639999994 ], [ -39.0867655, -7.39368329999996 ], [ -39.086255799999897, -7.39445619999998 ], [ -39.0844908, -7.39764009999993 ], [ -39.0843331, -7.39855189999997 ], [ -39.0857199, -7.40082629999995 ], [ -39.085996899999898, -7.402233 ], [ -39.0859199, -7.40324779999997 ], [ -39.085724899999903, -7.404154 ], [ -39.085034999999898, -7.405572 ], [ -39.084122599999901, -7.40679039999998 ], [ -39.0835456, -7.40756089999996 ], [ -39.082704299999897, -7.40938969999996 ], [ -39.0823622, -7.41043749999994 ], [ -39.082101099999903, -7.41121729999998 ], [ -39.081990899999902, -7.41203579999996 ], [ -39.082087, -7.412907 ], [ -39.0819122, -7.41391939999994 ], [ -39.0810564, -7.41484579999997 ], [ -39.080629799999898, -7.41579839999997 ], [ -39.080735499999903, -7.41696159999998 ], [ -39.0805053999999, -7.41780409999996 ], [ -39.0800042, -7.41843739999996 ], [ -39.0792562, -7.41919379999996 ], [ -39.0785991, -7.41986619999994 ], [ -39.0780631, -7.42043159999997 ], [ -39.078199799999901, -7.42203409999996 ], [ -39.0781401, -7.42305149999993 ], [ -39.0770201999999, -7.42657479999997 ], [ -39.076934299999898, -7.42751109999995 ], [ -39.0763573999999, -7.429627 ], [ -39.076066899999901, -7.43106349999994 ], [ -39.0764722, -7.43290789999998 ], [ -39.076599299999899, -7.43425929999995 ], [ -39.0765271, -7.43623489999993 ], [ -39.0770444999999, -7.43810729999996 ], [ -39.077727599999903, -7.43935549999998 ], [ -39.0781807, -7.44488229999996 ], [ -39.078503399999903, -7.44613479999998 ], [ -39.0792488, -7.44743929999993 ], [ -39.0808918, -7.45039309999993 ], [ -39.080140899999897, -7.45404539999993 ], [ -39.080103999999899, -7.45562389999998 ], [ -39.0805746, -7.45724169999994 ], [ -39.081483799999901, -7.458019 ], [ -39.0819064, -7.458074 ], [ -39.0836348999999, -7.458299 ], [ -39.0861482, -7.45854649999995 ], [ -39.0886376999999, -7.46146409999994 ], [ -39.0892956, -7.46178349999997 ], [ -39.0901974, -7.46236729999993 ], [ -39.0912238, -7.46281709999994 ], [ -39.092830499999899, -7.463372 ], [ -39.093892099999898, -7.46390309999992 ], [ -39.094518799999904, -7.46404659999996 ], [ -39.095276399999896, -7.464141 ], [ -39.0961973, -7.46392169999996 ], [ -39.0970253, -7.46353219999997 ], [ -39.0977319, -7.46344269999997 ], [ -39.098523199999903, -7.46342819999995 ], [ -39.099592599999902, -7.46321259999996 ], [ -39.1012327, -7.463059 ], [ -39.103598599999899, -7.46284779999996 ], [ -39.104935, -7.46253159999998 ], [ -39.1058556999999, -7.46219629999996 ], [ -39.1065846, -7.46190889999997 ], [ -39.1072272, -7.46177 ], [ -39.107970599999902, -7.46164049999993 ], [ -39.1088283, -7.46114489999997 ], [ -39.109981199999901, -7.46088839999993 ], [ -39.1111311, -7.46051069999993 ], [ -39.1119709, -7.46046709999996 ], [ -39.112834099999901, -7.46046389999998 ], [ -39.114024099999902, -7.46062659999996 ], [ -39.114849999999898, -7.46085879999993 ], [ -39.1161157, -7.46156489999993 ], [ -39.117204699999903, -7.46145709999996 ], [ -39.1173769, -7.46144009999995 ], [ -39.1187868, -7.46107589999997 ], [ -39.1202046, -7.46078059999996 ], [ -39.1207726, -7.46056619999996 ], [ -39.1215275, -7.46038519999996 ], [ -39.122426699999899, -7.46013859999994 ], [ -39.123364599999903, -7.459148 ], [ -39.1241342, -7.45834409999998 ], [ -39.124919799999901, -7.45766929999996 ], [ -39.125840599999897, -7.457166 ], [ -39.126689699999901, -7.45685529999997 ], [ -39.127809, -7.45658429999997 ], [ -39.129108099999897, -7.45626969999995 ], [ -39.1301354, -7.45602089999994 ], [ -39.1310569, -7.45579779999997 ], [ -39.13116, -7.45576789999996 ], [ -39.131960799999902, -7.455536 ], [ -39.1328128, -7.45509189999996 ], [ -39.1337933, -7.45432329999994 ], [ -39.135301599999899, -7.45440659999997 ], [ -39.136157599999898, -7.45438959999996 ], [ -39.1371288, -7.45470639999996 ], [ -39.1382007999999, -7.45502919999996 ], [ -39.139124, -7.45510909999996 ], [ -39.1397833, -7.45488149999994 ], [ -39.1407364, -7.45463709999996 ], [ -39.141754299999903, -7.45455059999995 ], [ -39.1425887, -7.45452159999996 ], [ -39.1435994, -7.454462 ], [ -39.1445848, -7.45407579999994 ], [ -39.1453688, -7.45384219999994 ], [ -39.1464371, -7.45377359999998 ], [ -39.1474466, -7.45383789999994 ], [ -39.153497, -7.45091289999993 ], [ -39.1617803, -7.45656589999993 ], [ -39.1872473, -7.473946 ], [ -39.1949001999999, -7.50359949999995 ], [ -39.1999567, -7.50224629999997 ], [ -39.2541011, -7.48774019999996 ], [ -39.2540322, -7.48770679999996 ], [ -39.254407199999903, -7.44767189999993 ] ] ] ] } },
{ "type": "Feature", "properties": { "CD_MUN": "2300101", "NM_MUN": "Abaiara", "CD_RGI": "230012", "NM_RGI": "Brejo Santo", "CD_RGINT": "2304", "NM_RGINT": "Juazeiro do Norte", "CD_UF": "23", "NM_UF": "Ceará", "SIGLA_UF": "CE", "CD_REGIAO": "2", "NM_REGIAO": "Nordeste", "SIGLA_RG": "NE", "CD_CONCURB": null, "NM_CONCURB": null, "AREA_KM2": 180.833 }, "geometry": { "type": "MultiPolygon", "coordinates": [ [ [ [ -39.007315199999901, -7.42548029999995 ], [ -39.008065499999901, -7.42544379999993 ], [ -39.0080766, -7.42544329999993 ], [ -39.008871, -7.42540459999998 ], [ -39.0300386, -7.42437549999994 ], [ -39.0305537, -7.42435049999995 ], [ -39.0386134, -7.42395869999996 ], [ -39.044297399999898, -7.42368229999994 ], [ -39.072098099999899, -7.42233069999997 ], [ -39.078199799999901, -7.42203409999996 ], [ -39.0780631, -7.42043159999997 ], [ -39.0785991, -7.41986619999994 ], [ -39.0792562, -7.41919379999996 ], [ -39.0800042, -7.41843739999996 ], [ -39.0805053999999, -7.41780409999996 ], [ -39.080735499999903, -7.41696159999998 ], [ -39.080629799999898, -7.41579839999997 ], [ -39.0810564, -7.41484579999997 ], [ -39.0819122, -7.41391939999994 ], [ -39.082087, -7.412907 ], [ -39.081990899999902, -7.41203579999996 ], [ -39.082101099999903, -7.41121729999998 ], [ -39.0823622, -7.41043749999994 ], [ -39.082704299999897, -7.40938969999996 ], [ -39.0835456, -7.40756089999996 ], [ -39.084122599999901, -7.40679039999998 ], [ -39.085034999999898, -7.405572 ], [ -39.085724899999903, -7.404154 ], [ -39.0859199, -7.40324779999997 ], [ -39.085996899999898, -7.402233 ], [ -39.0857199, -7.40082629999995 ], [ -39.0843331, -7.39855189999997 ], [ -39.0844908, -7.39764009999993 ], [ -39.086255799999897, -7.39445619999998 ], [ -39.0867655, -7.39368329999996 ], [ -39.088775499999898, -7.39077639999994 ], [ -39.0881004, -7.38849009999996 ], [ -39.088774699999902, -7.38413409999993 ], [ -39.089467199999902, -7.38275809999993 ], [ -39.0944777999999, -7.38012609999993 ], [ -39.0957533, -7.37918209999998 ], [ -39.0958358, -7.37845829999998 ], [ -39.0955878, -7.37766119999998 ], [ -39.0950645, -7.37697409999993 ], [ -39.0936389, -7.375747 ], [ -39.0933107, -7.375091 ], [ -39.0931916, -7.37403339999997 ], [ -39.093998699999901, -7.37171519999993 ], [ -39.0947601, -7.37001089999995 ], [ -39.0947322, -7.36828829999996 ], [ -39.094511399999902, -7.36575959999993 ], [ -39.094125399999903, -7.36334079999995 ], [ -39.095011, -7.36112749999995 ], [ -39.0969858, -7.35831249999995 ], [ -39.0989223, -7.35122059999998 ], [ -39.1001299, -7.34844409999994 ], [ -39.100628099999902, -7.34654839999996 ], [ -39.1009634, -7.34519849999998 ], [ -39.101250799999903, -7.34392509999998 ], [ -39.101381199999899, -7.34336909999996 ], [ -39.1017507, -7.341794 ], [ -39.1020794, -7.34039229999996 ], [ -39.1014122999999, -7.33733849999993 ], [ -39.1014216, -7.33615139999995 ], [ -39.1015841, -7.33367179999993 ], [ -39.101622099999901, -7.33209219999998 ], [ -39.1016506, -7.33079019999997 ], [ -39.1016695, -7.329852 ], [ -39.1013252, -7.32804169999997 ], [ -39.100907499999899, -7.32700979999993 ], [ -39.1003382, -7.324579 ], [ -39.0996446, -7.32232579999993 ], [ -39.099164599999902, -7.32152749999995 ], [ -39.098518399999897, -7.32079789999995 ], [ -39.0971738, -7.31936319999994 ], [ -39.096311199999903, -7.31874889999995 ], [ -39.095888699999897, -7.31853359999997 ], [ -39.093734599999898, -7.31743579999994 ], [ -39.0929113, -7.31684089999993 ], [ -39.0928512, -7.31586559999994 ], [ -39.0926352, -7.31460309999994 ], [ -39.092347399999902, -7.31404669999995 ], [ -39.0910527, -7.31299989999997 ], [ -39.090303499999898, -7.31247949999994 ], [ -39.0893626, -7.31203089999997 ], [ -39.0880835, -7.31146109999997 ], [ -39.088020099999902, -7.31143279999998 ], [ -39.0866296, -7.31060739999998 ], [ -39.0858744, -7.31019469999995 ], [ -39.085370899999901, -7.30950669999993 ], [ -39.0850763, -7.30897679999993 ], [ -39.085118899999898, -7.30805989999993 ], [ -39.084565499999897, -7.30750639999997 ], [ -39.084061, -7.306937 ], [ -39.0832988, -7.30643559999993 ], [ -39.0827454, -7.30557249999993 ], [ -39.082229299999902, -7.30499549999996 ], [ -39.0819136, -7.30397709999994 ], [ -39.0817364, -7.30298029999994 ], [ -39.081496199999897, -7.30197619999996 ], [ -39.0811505, -7.30120439999996 ], [ -39.0812223, -7.30046639999995 ], [ -39.0813914, -7.29967739999995 ], [ -39.0818955, -7.29856719999998 ], [ -39.0817347, -7.29754759999997 ], [ -39.082415099999899, -7.29719839999996 ], [ -39.0826058, -7.29639149999997 ], [ -39.0826756, -7.29560959999998 ], [ -39.082980099999901, -7.29475789999998 ], [ -39.0821865, -7.29398839999993 ], [ -39.082031099999902, -7.29306879999996 ], [ -39.081985599999904, -7.29279909999997 ], [ -39.0821735, -7.29168259999994 ], [ -39.082622899999897, -7.29118579999994 ], [ -39.0834522, -7.29065449999996 ], [ -39.084839299999899, -7.28988829999997 ], [ -39.0857445, -7.289135 ], [ -39.0858368, -7.28825509999996 ], [ -39.086539899999899, -7.287353 ], [ -39.0874729, -7.28662849999995 ], [ -39.0879012, -7.28598519999997 ], [ -39.088602099999903, -7.28459689999994 ], [ -39.089701499999897, -7.28381589999998 ], [ -39.0902138, -7.28313659999998 ], [ -39.090303499999898, -7.28244849999993 ], [ -39.090567, -7.28177829999993 ], [ -39.0907027, -7.28114409999995 ], [ -39.0901833, -7.280857 ], [ -39.089614, -7.280516 ], [ -39.0886553, -7.28070769999994 ], [ -39.0879641, -7.28072769999994 ], [ -39.0874507, -7.28007959999997 ], [ -39.0867253, -7.27997219999997 ], [ -39.0860585, -7.28036029999993 ], [ -39.0854972, -7.28054369999995 ], [ -39.085177299999899, -7.27987409999997 ], [ -39.084470399999901, -7.27960549999995 ], [ -39.0844422, -7.27823329999995 ], [ -39.084346099999898, -7.27742359999996 ], [ -39.083551999999898, -7.27672959999995 ], [ -39.0833751, -7.27603559999994 ], [ -39.083607399999899, -7.27510449999994 ], [ -39.084125899999897, -7.27456749999993 ], [ -39.084084699999899, -7.27324719999996 ], [ -39.083266599999902, -7.27240169999993 ], [ -39.0831706, -7.27153609999993 ], [ -39.0827869, -7.27065859999993 ], [ -39.081903899999901, -7.26963749999993 ], [ -39.0819776, -7.26882579999995 ], [ -39.082966199999902, -7.26815539999996 ], [ -39.0839488, -7.26775439999994 ], [ -39.08456, -7.26752689999995 ], [ -39.085273, -7.26713779999994 ], [ -39.0858871, -7.26652139999993 ], [ -39.086394799999901, -7.26635619999996 ], [ -39.0864389, -7.26634179999996 ], [ -39.0872143, -7.26619209999996 ], [ -39.0877044, -7.26585809999995 ], [ -39.0885544, -7.26565029999995 ], [ -39.0889237, -7.26557 ], [ -39.089774, -7.265385 ], [ -39.0900182, -7.26421769999996 ], [ -39.0900455, -7.26397709999998 ], [ -39.0901099, -7.26340919999996 ], [ -39.090703, -7.26280269999995 ], [ -39.0910365, -7.26225419999997 ], [ -39.0911712, -7.261584 ], [ -39.0916839, -7.26070329999993 ], [ -39.091809, -7.25970909999995 ], [ -39.0897879, -7.26074609999995 ], [ -39.089318499999898, -7.26128829999993 ], [ -39.0886995, -7.26200339999997 ], [ -39.088146, -7.26268559999994 ], [ -39.0880496999999, -7.26279819999996 ], [ -39.0871759, -7.26381969999994 ], [ -39.086649099999903, -7.26443569999998 ], [ -39.0857353, -7.265504 ], [ -39.0856085, -7.26565229999994 ], [ -39.0855723, -7.26569459999996 ], [ -39.084853399999901, -7.26613989999993 ], [ -39.081020899999899, -7.26713139999993 ], [ -39.0774117, -7.26949429999996 ], [ -39.074463799999897, -7.27151239999995 ], [ -39.071688499999901, -7.27348029999996 ], [ -39.06946, -7.27741529999997 ], [ -39.0684787, -7.279092 ], [ -39.0672744, -7.28000769999994 ], [ -39.065599099999901, -7.28111369999993 ], [ -39.0648945, -7.28153019999996 ], [ -39.0637584, -7.28229869999996 ], [ -39.0630753, -7.28274389999996 ], [ -39.0623348, -7.28323229999995 ], [ -39.061134, -7.28401509999998 ], [ -39.0594586, -7.28510669999997 ], [ -39.0578624, -7.28616239999997 ], [ -39.054008399999901, -7.28867589999993 ], [ -39.0511897, -7.29050719999998 ], [ -39.049543099999902, -7.29162029999998 ], [ -39.048363799999898, -7.29194349999995 ], [ -39.044020499999903, -7.29296359999995 ], [ -39.042898799999897, -7.29323649999998 ], [ -39.042486499999903, -7.29333169999995 ], [ -39.041992, -7.29344579999997 ], [ -39.041699499999901, -7.29351329999997 ], [ -39.0412406, -7.29361919999997 ], [ -39.0410004, -7.29367469999994 ], [ -39.0408934, -7.29370029999995 ], [ -39.040821999999899, -7.29371729999997 ], [ -39.040616499999899, -7.29376639999998 ], [ -39.0404151, -7.29381449999994 ], [ -39.039896999999897, -7.29393839999994 ], [ -39.0398357, -7.293953 ], [ -39.039825, -7.29395549999998 ], [ -39.039788299999898, -7.29396329999997 ], [ -39.039642399999899, -7.29399429999995 ], [ -39.0395144, -7.29402149999993 ], [ -39.0394618, -7.29403259999998 ], [ -39.0394329, -7.29403879999995 ], [ -39.0394026, -7.29404519999997 ], [ -39.0391935, -7.29408959999995 ], [ -39.0391208, -7.29410509999997 ], [ -39.039062999999899, -7.29411729999993 ], [ -39.0390351, -7.29412329999997 ], [ -39.0390138, -7.29412779999996 ], [ -39.0389924999999, -7.29413229999994 ], [ -39.038966, -7.29413769999996 ], [ -39.0389392, -7.29414309999993 ], [ -39.038924199999897, -7.29414609999998 ], [ -39.0389132, -7.29414829999996 ], [ -39.0388899, -7.294153 ], [ -39.0388611, -7.29415879999993 ], [ -39.0388187, -7.29416739999994 ], [ -39.0386928, -7.294194 ], [ -39.0384776, -7.29423939999998 ], [ -39.0374186, -7.294463 ], [ -39.0367505, -7.29468029999992 ], [ -39.0365325, -7.29480239999998 ], [ -39.0361447, -7.29501959999993 ], [ -39.0355804, -7.295594 ], [ -39.0350248, -7.29615949999993 ], [ -39.034316499999903, -7.29691349999996 ], [ -39.033729799999897, -7.297419 ], [ -39.031983099999898, -7.29804089999993 ], [ -39.0304694, -7.29848259999994 ], [ -39.0290461, -7.29891829999997 ], [ -39.0279336, -7.29916749999995 ], [ -39.026323799999901, -7.29928709999996 ], [ -39.0248424, -7.29925839999993 ], [ -39.0241305, -7.29929439999995 ], [ -39.0234611999999, -7.29938189999996 ], [ -39.0226599, -7.29970729999997 ], [ -39.019255, -7.30158509999995 ], [ -39.018338099999902, -7.30206979999997 ], [ -39.0176058, -7.30230079999995 ], [ -39.016414499999897, -7.30241089999993 ], [ -39.0124881, -7.30231049999998 ], [ -39.0111757, -7.30232849999993 ], [ -39.0103991, -7.30256189999994 ], [ -39.0098346, -7.30293519999998 ], [ -39.008827799999899, -7.30397639999995 ], [ -39.008259699999897, -7.30456519999996 ], [ -39.0075514, -7.30520059999998 ], [ -39.006864699999902, -7.30547709999996 ], [ -39.0060305, -7.30560629999997 ], [ -39.004851099999897, -7.30578939999998 ], [ -39.0037005, -7.30620949999997 ], [ -39.002158, -7.30696339999997 ], [ -39.0013274, -7.30741579999994 ], [ -39.000469199999898, -7.30846649999995 ], [ -38.9986858, -7.31145339999995 ], [ -38.9972475, -7.31376059999997 ], [ -38.9964037, -7.31542639999998 ], [ -38.995694199999903, -7.31656559999993 ], [ -38.9944093, -7.31872929999997 ], [ -38.99136, -7.32384149999996 ], [ -38.990362699999899, -7.32585189999998 ], [ -38.9899407999999, -7.32669439999995 ], [ -38.9894141, -7.32803669999993 ], [ -38.9876202, -7.331864 ], [ -38.986848199999898, -7.333537 ], [ -38.986382499999898, -7.33490039999998 ], [ -38.986345899999897, -7.33503619999993 ], [ -38.9857226, -7.33734959999992 ], [ -38.9847983, -7.34075289999993 ], [ -38.9838849, -7.34398759999993 ], [ -38.9827988, -7.34781809999993 ], [ -38.9817414, -7.351681 ], [ -38.9809629, -7.35461019999997 ], [ -38.980460999999899, -7.35633369999994 ], [ -38.9790439, -7.36141 ], [ -38.9785332, -7.36323369999997 ], [ -38.9775549, -7.36667289999997 ], [ -38.9763032, -7.37122509999995 ], [ -38.975188199999899, -7.37504479999996 ], [ -38.974288999999899, -7.37841229999998 ], [ -38.973969699999898, -7.37953809999993 ], [ -38.9739652, -7.37955389999996 ], [ -38.9729078, -7.38122679999998 ], [ -38.9716778, -7.38284219999997 ], [ -38.969814799999902, -7.38535519999994 ], [ -38.9684268, -7.38727179999995 ], [ -38.9678239, -7.38808689999996 ], [ -38.9671374, -7.38901749999997 ], [ -38.966588, -7.38976689999993 ], [ -38.9657084, -7.39096509999996 ], [ -38.9647261, -7.39230279999992 ], [ -38.9637193, -7.39367429999993 ], [ -38.9632515, -7.39431029999997 ], [ -38.962807499999897, -7.394911 ], [ -38.9625943, -7.39519929999994 ], [ -38.9619594, -7.39590929999997 ], [ -38.9619966, -7.39682319999997 ], [ -38.9620927, -7.399189 ], [ -38.962261899999902, -7.40057749999994 ], [ -38.962317299999903, -7.40103229999994 ], [ -38.9626048, -7.40316459999997 ], [ -38.9628273, -7.40443269999997 ], [ -38.9630653, -7.40496419999994 ], [ -38.963191299999899, -7.40524559999994 ], [ -38.9646561, -7.40718209999994 ], [ -38.965645299999899, -7.40847339999993 ], [ -38.966256499999901, -7.40928589999993 ], [ -38.9665585, -7.40988279999993 ], [ -38.9667469, -7.41063279999997 ], [ -38.967101399999898, -7.41286369999995 ], [ -38.967269799999897, -7.4139 ], [ -38.9678388, -7.41749159999995 ], [ -38.9681289, -7.41931749999998 ], [ -38.9686326, -7.42237089999998 ], [ -38.968872299999902, -7.42403669999993 ], [ -38.9690074, -7.42478269999998 ], [ -38.9692529, -7.42562759999993 ], [ -38.969727099999901, -7.42677329999998 ], [ -38.969878, -7.42730029999996 ], [ -38.9705144, -7.42726939999994 ], [ -38.971111, -7.42724039999996 ], [ -38.9723564, -7.42717979999998 ], [ -38.9740821, -7.42709589999993 ], [ -38.975424299999901, -7.42703069999993 ], [ -38.976501, -7.42697829999997 ], [ -38.977410399999897, -7.42693409999993 ], [ -38.978584, -7.42687709999996 ], [ -38.9800944, -7.42680359999997 ], [ -38.9826636, -7.42667869999997 ], [ -38.986162099999902, -7.42650859999998 ], [ -38.9878035, -7.42642879999994 ], [ -38.9897493, -7.42633429999995 ], [ -38.9921603, -7.426217 ], [ -38.9948214, -7.42608769999993 ], [ -38.9991790999999, -7.42587579999997 ], [ -39.000309, -7.42582089999996 ], [ -39.0010164, -7.42578649999996 ], [ -39.001495799999901, -7.42576319999995 ], [ -39.0020762, -7.425735 ], [ -39.0024999, -7.42571439999995 ], [ -39.0028740999999, -7.42569619999995 ], [ -39.0035617, -7.42566279999994 ], [ -39.003712699999902, -7.42565539999993 ], [ -39.0041385, -7.42563469999993 ], [ -39.0044399, -7.42562009999995 ], [ -39.005031899999899, -7.42559129999995 ], [ -39.0054895, -7.425569 ], [ -39.005992999999897, -7.42554449999994 ], [ -39.0064025, -7.42552459999996 ], [ -39.007315199999901, -7.42548029999995 ] ] ] ] } },
{ "type": "Feature", "properties": { "CD_MUN": "2300408", "NM_MUN": "Aiuaba", "CD_RGI": "230011", "NM_RGI": "Juazeiro do Norte", "CD_RGINT": "2304", "NM_RGINT": "Juazeiro do Norte", "CD_UF": "23", "NM_UF": "Ceará", "SIGLA_UF": "CE", "CD_REGIAO": "2", "NM_REGIAO": "Nordeste", "SIGLA_RG": "NE", "CD_CONCURB": null, "NM_CONCURB": null, "AREA_KM2": 2438.563 }, "geometry": { "type": "MultiPolygon", "coordinates": [ [ [ [ -40.0396709, -6.592942 ], [ -40.0379396, -6.59370139999993 ], [ -40.0354113, -6.59360779999997 ], [ -40.0343243, -6.59401649999995 ], [ -40.033099999999898, -6.59447849999998 ], [ -40.0314652, -6.59420339999997 ], [ -40.0308031, -6.59473209999993 ], [ -40.0303438, -6.595833 ], [ -40.0317846, -6.59718059999994 ], [ -40.032974, -6.59834589999997 ], [ -40.0360961, -6.60008079999994 ], [ -40.038052799999903, -6.60097729999995 ], [ -40.040382899999898, -6.60157949999996 ], [ -40.0420675, -6.60307459999996 ], [ -40.0475612, -6.60691139999994 ], [ -40.051642699999903, -6.60860659999997 ], [ -40.0548075, -6.61133759999996 ], [ -40.057487, -6.62175929999995 ], [ -40.0571098, -6.62389829999995 ], [ -40.0558983, -6.62545019999993 ], [ -40.0544573, -6.62626089999998 ], [ -40.050169599999897, -6.62652869999994 ], [ -40.048949999999898, -6.62594249999995 ], [ -40.0462956, -6.62572739999996 ], [ -40.0434117, -6.62602649999997 ], [ -40.0400342, -6.62732339999997 ], [ -40.038595, -6.62902129999998 ], [ -40.0385256, -6.63218709999995 ], [ -40.0372389, -6.63454869999993 ], [ -40.0370507, -6.63536459999995 ], [ -40.0366015, -6.63731229999996 ], [ -40.0379076, -6.64203539999994 ], [ -40.0440315, -6.65015369999998 ], [ -40.045862699999901, -6.65545539999994 ], [ -40.047272099999901, -6.65806629999997 ], [ -40.048417, -6.65961049999993 ], [ -40.0507097, -6.66110249999997 ], [ -40.0537835, -6.66707619999994 ], [ -40.054819199999898, -6.66944949999993 ], [ -40.054971899999899, -6.67088509999996 ], [ -40.0556663, -6.67381509999996 ], [ -40.0548911, -6.67507309999996 ], [ -40.053689, -6.67573479999993 ], [ -40.0519418, -6.67551609999992 ], [ -40.049129299999898, -6.67382979999996 ], [ -40.0485222, -6.67420189999996 ], [ -40.048603, -6.67559729999994 ], [ -40.0516856, -6.679678 ], [ -40.0485024, -6.68233759999993 ], [ -40.0465965, -6.68240949999995 ], [ -40.0418526999999, -6.677313 ], [ -40.040094699999898, -6.67289649999998 ], [ -40.0390292, -6.67252249999996 ], [ -40.033296999999898, -6.67316139999997 ], [ -40.0316256999999, -6.67294419999996 ], [ -40.0307116, -6.67184079999993 ], [ -40.0296483, -6.67169649999994 ], [ -40.0288906, -6.67228509999995 ], [ -40.0287402, -6.67346669999995 ], [ -40.029505399999898, -6.67560049999997 ], [ -40.0290128, -6.67622739999996 ], [ -40.0277967, -6.67652569999996 ], [ -40.0248811, -6.675712 ], [ -40.019889, -6.67291819999997 ], [ -40.0165924, -6.67221729999994 ], [ -40.015547399999903, -6.67279409999998 ], [ -40.0140756, -6.67404159999995 ], [ -40.011918099999903, -6.67780459999994 ], [ -40.007853399999902, -6.68459019999995 ], [ -40.0050866, -6.68678689999996 ], [ -40.004705199999897, -6.68729519999994 ], [ -40.004355099999898, -6.688117 ], [ -40.003969, -6.6891 ], [ -40.0039168, -6.68922769999995 ], [ -40.0038158, -6.68935719999996 ], [ -40.003629799999899, -6.689979 ], [ -40.0031193, -6.69340529999994 ], [ -40.0017458, -6.69507869999995 ], [ -40.001359299999898, -6.69565389999997 ], [ -40.0014047, -6.69680239999997 ], [ -40.0010468, -6.69737749999996 ], [ -40.0006452, -6.69763679999994 ], [ -39.9998987, -6.69779619999997 ], [ -39.999295, -6.69752469999997 ], [ -39.9988781, -6.69732449999998 ], [ -39.9986049, -6.69715269999995 ], [ -39.998301899999902, -6.69695429999996 ], [ -39.997858, -6.69711119999994 ], [ -39.9975999, -6.69731269999994 ], [ -39.9974568, -6.69757149999998 ], [ -39.9972652, -6.69789339999994 ], [ -39.997208999999899, -6.69873019999994 ], [ -39.9970296, -6.69939589999996 ], [ -39.9966001, -6.70005719999995 ], [ -39.9958541, -6.70043209999994 ], [ -39.995340199999902, -6.70041059999994 ], [ -39.9950535, -6.700684 ], [ -39.9949402, -6.70108529999993 ], [ -39.994980499999897, -6.701683 ], [ -39.9952403, -6.70231429999995 ], [ -39.9958884, -6.70320319999996 ], [ -39.997224199999899, -6.70328659999996 ], [ -39.9988331, -6.70288119999998 ], [ -39.999406899999897, -6.70312429999996 ], [ -39.9999961, -6.70395959999996 ], [ -40.0005798, -6.70445229999996 ], [ -40.0021593, -6.70621189999997 ], [ -40.0025951, -6.70693909999994 ], [ -40.003551699999903, -6.70816849999994 ], [ -40.0039437, -6.709361 ], [ -40.0048648, -6.71030669999993 ], [ -40.0056855999999, -6.71053519999998 ], [ -40.006432399999902, -6.71069739999996 ], [ -40.0080531999999, -6.71032889999998 ], [ -40.009847799999903, -6.71000929999997 ], [ -40.0107254, -6.71075419999994 ], [ -40.011157099999899, -6.71112659999994 ], [ -40.0115054, -6.71287759999996 ], [ -40.013314599999902, -6.71475239999995 ], [ -40.0140385, -6.71547129999993 ], [ -40.0135458, -6.716327 ], [ -40.013369, -6.71814329999995 ], [ -40.0133125, -6.71861729999995 ], [ -40.0143287, -6.71909179999994 ], [ -40.0156708, -6.72000519999995 ], [ -40.0163613, -6.720535 ], [ -40.0180007, -6.72156539999997 ], [ -40.0191505, -6.721922 ], [ -40.019843, -6.72342809999998 ], [ -40.020749899999899, -6.72443129999994 ], [ -40.020608799999899, -6.72562339999996 ], [ -40.0213489, -6.726284 ], [ -40.0217610999999, -6.72721479999996 ], [ -40.0221501, -6.727817 ], [ -40.023129599999898, -6.72913589999996 ], [ -40.0248579, -6.731444 ], [ -40.025606599999897, -6.73233269999997 ], [ -40.0267423, -6.73283279999993 ], [ -40.0283805, -6.73321709999993 ], [ -40.030707499999899, -6.73324959999997 ], [ -40.0320571, -6.73310879999997 ], [ -40.032791099999898, -6.73385389999993 ], [ -40.0328342, -6.73453729999994 ], [ -40.032605299999901, -6.73485729999993 ], [ -40.032702599999901, -6.73678459999996 ], [ -40.0324595, -6.73730919999997 ], [ -40.033166, -6.7386 ], [ -40.033189499999899, -6.73954039999995 ], [ -40.0347644, -6.74052779999994 ], [ -40.0358993, -6.74066179999994 ], [ -40.037481399999898, -6.74169219999993 ], [ -40.038179699999901, -6.742502 ], [ -40.0390662, -6.74397179999994 ], [ -40.041035, -6.74467459999994 ], [ -40.041473799999899, -6.74483539999994 ], [ -40.042222, -6.74546559999993 ], [ -40.0431434, -6.74645429999993 ], [ -40.0431737, -6.74720809999997 ], [ -40.0428176, -6.74816389999995 ], [ -40.0424024, -6.74919829999993 ], [ -40.0433464, -6.75073979999996 ], [ -40.0442469, -6.75201579999998 ], [ -40.044465199999898, -6.75240419999994 ], [ -40.044859599999903, -6.75310569999994 ], [ -40.0460591, -6.75308789999997 ], [ -40.0465192999999, -6.75344679999995 ], [ -40.046781199999899, -6.75500409999995 ], [ -40.0471987, -6.75545549999993 ], [ -40.0476585, -6.75552629999993 ], [ -40.0484524, -6.75549649999994 ], [ -40.0493112, -6.75596779999995 ], [ -40.0493337, -6.75642 ], [ -40.049693499999897, -6.75672079999993 ], [ -40.0506705, -6.75686939999997 ], [ -40.0514112, -6.75733449999996 ], [ -40.051851499999898, -6.75838169999997 ], [ -40.052333099999899, -6.75854579999998 ], [ -40.0529251, -6.75964859999993 ], [ -40.0539113, -6.76091809999997 ], [ -40.054501899999899, -6.761183 ], [ -40.054755199999903, -6.76162449999993 ], [ -40.0554536, -6.76290389999997 ], [ -40.056530199999898, -6.76260009999993 ], [ -40.0571054, -6.76291469999995 ], [ -40.0578829, -6.76378889999995 ], [ -40.058389299999902, -6.765199 ], [ -40.058403199999901, -6.76523789999993 ], [ -40.059194499999897, -6.765868 ], [ -40.060085699999902, -6.76616749999994 ], [ -40.060502799999902, -6.76642509999994 ], [ -40.0612791, -6.76671059999995 ], [ -40.0618574, -6.76702789999996 ], [ -40.0625302, -6.767397 ], [ -40.0636084, -6.767811 ], [ -40.064300199999899, -6.76891509999996 ], [ -40.065077599999903, -6.76970309999996 ], [ -40.066227899999902, -6.77027489999995 ], [ -40.067202699999903, -6.770528 ], [ -40.068390599999901, -6.77088979999996 ], [ -40.0693467, -6.77114389999997 ], [ -40.069749199999897, -6.771974 ], [ -40.0698985, -6.77235989999997 ], [ -40.0698996, -6.77286569999995 ], [ -40.0696536, -6.773498 ], [ -40.0696851, -6.77476139999993 ], [ -40.069600599999902, -6.775537 ], [ -40.0694728, -6.77621209999995 ], [ -40.0691299, -6.77701689999998 ], [ -40.0691313, -6.77767739999996 ], [ -40.0700658, -6.77807729999995 ], [ -40.071579, -6.77792389999996 ], [ -40.0717041, -6.77841829999994 ], [ -40.0719214, -6.779265 ], [ -40.0719889, -6.77986589999995 ], [ -40.071426099999897, -6.78070369999995 ], [ -40.0711932, -6.78123369999997 ], [ -40.070160499999901, -6.78201819999992 ], [ -40.0694164, -6.78373149999993 ], [ -40.066472, -6.78635389999994 ], [ -40.0661416, -6.78751139999997 ], [ -40.066201099999901, -6.788262 ], [ -40.066607599999898, -6.78959059999994 ], [ -40.067131199999899, -6.79027419999994 ], [ -40.0684297, -6.79152219999997 ], [ -40.069414799999898, -6.79224989999994 ], [ -40.0706921, -6.79270609999998 ], [ -40.072711899999902, -6.79248709999996 ], [ -40.0735885, -6.79262869999997 ], [ -40.0741499, -6.79317309999993 ], [ -40.074883999999898, -6.793875 ], [ -40.0762634, -6.79462789999997 ], [ -40.077402499999899, -6.79602309999996 ], [ -40.0780781, -6.796237 ], [ -40.079243399999903, -6.79563689999998 ], [ -40.079823, -6.79501069999998 ], [ -40.0804299, -6.794437 ], [ -40.080915499999897, -6.79322979999995 ], [ -40.0806545, -6.79209609999998 ], [ -40.0808258, -6.79165069999993 ], [ -40.0811988, -6.79143439999996 ], [ -40.0818222, -6.79156659999995 ], [ -40.0824492, -6.79176689999997 ], [ -40.0835731, -6.79239929999994 ], [ -40.084305, -6.79302129999996 ], [ -40.0859915, -6.793927 ], [ -40.0867405, -6.79450629999997 ], [ -40.087686, -6.79541869999997 ], [ -40.090136, -6.79725709999997 ], [ -40.091218899999902, -6.79831819999993 ], [ -40.091434799999902, -6.79847569999993 ], [ -40.0915067, -6.79886679999993 ], [ -40.0919084, -6.79943009999994 ], [ -40.092887899999901, -6.80024069999996 ], [ -40.094070499999901, -6.80158539999996 ], [ -40.094783, -6.80226579999993 ], [ -40.0954163, -6.80280279999994 ], [ -40.0958919, -6.80350529999993 ], [ -40.0969125, -6.80381169999993 ], [ -40.097974899999898, -6.80357949999996 ], [ -40.098965399999898, -6.80329009999997 ], [ -40.0996258, -6.80313789999997 ], [ -40.1008621, -6.80354429999994 ], [ -40.1012218, -6.80382339999994 ], [ -40.1016036, -6.80431789999994 ], [ -40.102, -6.80492 ], [ -40.1028593999999, -6.80584729999993 ], [ -40.1033241, -6.80604409999995 ], [ -40.1035196999999, -6.80678309999996 ], [ -40.10416, -6.80726979999997 ], [ -40.105695, -6.80638009999996 ], [ -40.1063629, -6.80637459999997 ], [ -40.1069075999999, -6.80584209999995 ], [ -40.1068261, -6.80476539999995 ], [ -40.1071626, -6.80430519999993 ], [ -40.107579, -6.80424679999993 ], [ -40.107931199999904, -6.80433219999998 ], [ -40.108421, -6.80496279999994 ], [ -40.108774299999901, -6.80537 ], [ -40.1089832, -6.805823 ], [ -40.109135599999902, -6.80651179999995 ], [ -40.1091244, -6.80789019999997 ], [ -40.109636899999899, -6.80899459999995 ], [ -40.110140199999897, -6.80923749999994 ], [ -40.110564699999898, -6.80955239999997 ], [ -40.110989699999898, -6.81013289999993 ], [ -40.1117235, -6.81064809999998 ], [ -40.1120394, -6.81059719999996 ], [ -40.1123931, -6.81136449999997 ], [ -40.1124818, -6.81244109999994 ], [ -40.112907999999898, -6.81349549999993 ], [ -40.113652699999903, -6.81561869999996 ], [ -40.1140018, -6.81753469999995 ], [ -40.1145055, -6.81792119999994 ], [ -40.1158915, -6.81783909999996 ], [ -40.116279899999903, -6.81807509999993 ], [ -40.1166036, -6.81829689999995 ], [ -40.1167194, -6.81866989999997 ], [ -40.116845699999899, -6.81931679999997 ], [ -40.11831, -6.82008049999996 ], [ -40.1190571, -6.82013619999998 ], [ -40.120212599999903, -6.81979609999996 ], [ -40.120498199999901, -6.81904879999996 ], [ -40.1209431999999, -6.81891859999996 ], [ -40.1218071, -6.81899709999993 ], [ -40.1224936, -6.81850569999995 ], [ -40.1239343, -6.81808419999993 ], [ -40.125143799999897, -6.81749669999994 ], [ -40.125861, -6.81734489999997 ], [ -40.1263556, -6.81735889999993 ], [ -40.1269239, -6.81773089999996 ], [ -40.127599099999898, -6.81775079999994 ], [ -40.1283754, -6.81801459999997 ], [ -40.129560899999902, -6.81819129999997 ], [ -40.1309342, -6.81880549999994 ], [ -40.1321983, -6.81884559999997 ], [ -40.132901499999903, -6.81855679999995 ], [ -40.1345987, -6.819004 ], [ -40.1353018, -6.81913269999995 ], [ -40.1359704, -6.81938949999994 ], [ -40.136466299999903, -6.81956069999995 ], [ -40.1369124, -6.81986829999994 ], [ -40.1376304, -6.82111319999996 ], [ -40.1383946999999, -6.82175359999997 ], [ -40.1391131, -6.82211 ], [ -40.139782099999898, -6.82222869999993 ], [ -40.140417899999903, -6.822068 ], [ -40.140937199999897, -6.82164809999995 ], [ -40.1410369, -6.82098309999998 ], [ -40.1410054, -6.81946379999994 ], [ -40.140303699999897, -6.81895249999997 ], [ -40.139961, -6.81824589999997 ], [ -40.1401971, -6.81782169999997 ], [ -40.141625599999898, -6.81749529999996 ], [ -40.142300799999902, -6.81745369999993 ], [ -40.1434862999999, -6.81769909999997 ], [ -40.1444784, -6.81812029999998 ], [ -40.1449536, -6.81858579999994 ], [ -40.1452987, -6.81874289999996 ], [ -40.145434599999902, -6.81852009999994 ], [ -40.1441702, -6.81591169999996 ], [ -40.1421998, -6.81455069999993 ], [ -40.1356074, -6.811218 ], [ -40.1330361999999, -6.81060179999997 ], [ -40.132914099999901, -6.80986139999993 ], [ -40.1352376, -6.80752069999994 ], [ -40.1348335, -6.80650869999994 ], [ -40.1328268, -6.80620039999997 ], [ -40.130653499999902, -6.80527149999995 ], [ -40.130343799999899, -6.80422639999995 ], [ -40.1306091, -6.80352039999997 ], [ -40.1342984999999, -6.80101819999993 ], [ -40.138997199999899, -6.80198249999995 ], [ -40.139611499999901, -6.80130779999996 ], [ -40.1415023, -6.79157989999993 ], [ -40.143902899999901, -6.78822419999995 ], [ -40.1467857, -6.78556919999994 ], [ -40.148800999999899, -6.78486119999997 ], [ -40.149915399999898, -6.78447109999996 ], [ -40.1566151, -6.78668729999993 ], [ -40.1605089, -6.78803389999996 ], [ -40.1633206, -6.78958509999995 ], [ -40.1669146999999, -6.791928 ], [ -40.168392, -6.79181669999997 ], [ -40.169145, -6.790388 ], [ -40.1693071, -6.78811429999996 ], [ -40.169001299999898, -6.78045759999998 ], [ -40.1693667, -6.77737909999996 ], [ -40.1711655, -6.77328679999994 ], [ -40.1781202, -6.76123569999993 ], [ -40.180165, -6.75940109999993 ], [ -40.1823305, -6.75924029999993 ], [ -40.1842596, -6.75970229999996 ], [ -40.197716399999898, -6.77100439999998 ], [ -40.2031267999999, -6.77428219999996 ], [ -40.2120937, -6.776048 ], [ -40.2219388, -6.77655149999993 ], [ -40.237601799999901, -6.77618619999993 ], [ -40.2420845, -6.77678529999997 ], [ -40.2442664, -6.77840219999996 ], [ -40.246658599999897, -6.78193129999994 ], [ -40.251749, -6.78662989999998 ], [ -40.253507699999901, -6.78687 ], [ -40.2584472, -6.78620759999995 ], [ -40.262187299999901, -6.79078729999998 ], [ -40.2629458, -6.79241069999995 ], [ -40.2632045, -6.79501149999993 ], [ -40.2649552, -6.79665519999998 ], [ -40.2661821, -6.79691419999995 ], [ -40.2782912, -6.79449579999994 ], [ -40.2811665, -6.79434389999994 ], [ -40.283396599999897, -6.79512709999995 ], [ -40.2847940999999, -6.79716009999993 ], [ -40.288912799999899, -6.80435759999995 ], [ -40.2916159, -6.80808919999993 ], [ -40.293291, -6.80784539999996 ], [ -40.2979599, -6.808132 ], [ -40.300619599999898, -6.80680879999994 ], [ -40.3009428, -6.79957429999996 ], [ -40.3017364, -6.79786919999998 ], [ -40.3029682, -6.79702849999995 ], [ -40.3040538, -6.79531629999997 ], [ -40.305834699999899, -6.78804119999995 ], [ -40.306837099999903, -6.78665659999996 ], [ -40.3077585999999, -6.78616749999998 ], [ -40.310368099999899, -6.78617279999997 ], [ -40.3123381, -6.78718229999993 ], [ -40.3139917, -6.788985 ], [ -40.3157568, -6.79157929999997 ], [ -40.317192599999899, -6.79580259999994 ], [ -40.3172157, -6.79612659999998 ], [ -40.3174089, -6.79884879999997 ], [ -40.318419999999897, -6.80063159999997 ], [ -40.3221126, -6.80257259999996 ], [ -40.329279, -6.80421849999993 ], [ -40.331622599999903, -6.80435769999997 ], [ -40.3429689, -6.802433 ], [ -40.345311, -6.80120829999993 ], [ -40.3472085, -6.79722209999994 ], [ -40.3485056, -6.79677109999994 ], [ -40.349513199999897, -6.79701169999993 ], [ -40.3508583, -6.79879669999997 ], [ -40.3512585, -6.80769129999993 ], [ -40.3523516999999, -6.80882549999995 ], [ -40.3545285, -6.80881929999993 ], [ -40.3564941, -6.80704029999993 ], [ -40.3639936, -6.80682959999996 ], [ -40.370511, -6.80315779999995 ], [ -40.3705098, -6.80307039999997 ], [ -40.3741037, -6.80060569999995 ], [ -40.3751497, -6.80030809999994 ], [ -40.3819526, -6.79837269999996 ], [ -40.3887903, -6.79699869999996 ], [ -40.3950017, -6.79808809999997 ], [ -40.4041374, -6.80248779999994 ], [ -40.4168356, -6.812533 ], [ -40.4210189, -6.813626 ], [ -40.427735799999901, -6.81372959999993 ], [ -40.4321396, -6.81298219999996 ], [ -40.4321666, -6.81297759999995 ], [ -40.432398099999901, -6.81282369999997 ], [ -40.432799, -6.81255829999998 ], [ -40.4328856999999, -6.81250089999997 ], [ -40.4357080999999, -6.810632 ], [ -40.4389902, -6.80668889999993 ], [ -40.4417975, -6.79239639999997 ], [ -40.4429301, -6.78987389999998 ], [ -40.448428799999903, -6.78660059999993 ], [ -40.4520295, -6.78377549999993 ], [ -40.454180699999903, -6.778779 ], [ -40.4569271, -6.76321639999998 ], [ -40.456938799999897, -6.76314989999997 ], [ -40.4569463999999, -6.763107 ], [ -40.4570355, -6.76260219999995 ], [ -40.4581559, -6.75768319999997 ], [ -40.4597267, -6.75423749999993 ], [ -40.4618103, -6.75208019999997 ], [ -40.468694, -6.74858949999998 ], [ -40.4719372, -6.74493429999995 ], [ -40.4738871, -6.73487739999996 ], [ -40.476906299999897, -6.73284509999996 ], [ -40.476926299999903, -6.73283169999996 ], [ -40.4926907, -6.73193459999993 ], [ -40.5076448, -6.73153619999994 ], [ -40.5173877, -6.73049489999994 ], [ -40.5336928, -6.72586089999993 ], [ -40.549689, -6.72266259999998 ], [ -40.550126799999902, -6.72257509999997 ], [ -40.5589699, -6.720807 ], [ -40.5617781, -6.72037049999994 ], [ -40.564858899999898, -6.719891 ], [ -40.5793591, -6.71822709999998 ], [ -40.5922856, -6.717412 ], [ -40.5955263, -6.716736 ], [ -40.5986536, -6.71608359999993 ], [ -40.602207099999902, -6.71601179999993 ], [ -40.610022, -6.71367029999993 ], [ -40.6100522, -6.71366119999993 ], [ -40.6164213, -6.710402 ], [ -40.619268599999899, -6.708651 ], [ -40.632418899999898, -6.69890379999993 ], [ -40.6397436, -6.69091079999993 ], [ -40.6452325999999, -6.683 ], [ -40.649138, -6.67883109999997 ], [ -40.6513052, -6.67818539999996 ], [ -40.6543832999999, -6.67826269999995 ], [ -40.6589486, -6.67837729999997 ], [ -40.664907, -6.67901 ], [ -40.6750172, -6.67810479999997 ], [ -40.700523299999901, -6.67736289999993 ], [ -40.7101605, -6.67613239999997 ], [ -40.7101828, -6.67612949999994 ], [ -40.7178079, -6.67141429999998 ], [ -40.7260929, -6.66320479999996 ], [ -40.7314656, -6.656968 ], [ -40.732246099999898, -6.65522009999995 ], [ -40.7322401, -6.65358539999994 ], [ -40.7229809, -6.62149339999996 ], [ -40.7229263, -6.62134569999995 ], [ -40.7218947, -6.61855579999997 ], [ -40.722002599999897, -6.61768279999995 ], [ -40.7319661, -6.60865419999993 ], [ -40.733866099999901, -6.60613949999993 ], [ -40.7362735, -6.60054879999996 ], [ -40.7363774, -6.60030749999993 ], [ -40.7364195, -6.60020979999996 ], [ -40.736488999999899, -6.59993339999994 ], [ -40.7364885, -6.59993329999998 ], [ -40.7362275999999, -6.59993429999997 ], [ -40.7168952, -6.60000159999993 ], [ -40.685965399999901, -6.60010939999995 ], [ -40.677465599999898, -6.60046229999995 ], [ -40.6763031, -6.60052359999997 ], [ -40.6754567999999, -6.600713 ], [ -40.674855099999903, -6.60108829999996 ], [ -40.6743111, -6.60152079999995 ], [ -40.6741142, -6.60222669999996 ], [ -40.673867099999903, -6.602786 ], [ -40.6737431, -6.60325839999996 ], [ -40.67348, -6.60505509999996 ], [ -40.6723749, -6.61135509999997 ], [ -40.672216299999903, -6.61188739999994 ], [ -40.6719428, -6.61244519999997 ], [ -40.671687899999903, -6.61279959999996 ], [ -40.6713993, -6.61314439999995 ], [ -40.6710332, -6.61347959999995 ], [ -40.670662, -6.61378139999994 ], [ -40.6703487, -6.61395649999997 ], [ -40.6699963, -6.61404479999993 ], [ -40.669663, -6.61405559999997 ], [ -40.6693193999999, -6.61398189999994 ], [ -40.6681055, -6.61353309999993 ], [ -40.667147699999902, -6.61307969999996 ], [ -40.6661803, -6.61252319999994 ], [ -40.6654516, -6.61218989999998 ], [ -40.6642893, -6.611872 ], [ -40.662888699999897, -6.61149889999996 ], [ -40.661432799999901, -6.61126579999996 ], [ -40.660435, -6.61121759999997 ], [ -40.6596279, -6.61127179999994 ], [ -40.6589862, -6.61142579999995 ], [ -40.6584539, -6.61168149999997 ], [ -40.657015199999897, -6.61244189999996 ], [ -40.655631899999896, -6.61302009999997 ], [ -40.6548495, -6.61334459999995 ], [ -40.6546438, -6.61341289999996 ], [ -40.654383799999898, -6.61347489999997 ], [ -40.6540628, -6.61349109999998 ], [ -40.6534645999999, -6.61347509999996 ], [ -40.652529899999898, -6.613366 ], [ -40.6513927, -6.61314619999996 ], [ -40.650498099999901, -6.61288339999993 ], [ -40.6496556, -6.61253629999993 ], [ -40.649408799999897, -6.61240259999994 ], [ -40.649108199999901, -6.61215169999997 ], [ -40.6489258, -6.61185309999996 ], [ -40.6488892, -6.61169209999997 ], [ -40.648931699999899, -6.61138679999993 ], [ -40.6489237, -6.61123739999994 ], [ -40.6486672999999, -6.61038729999996 ], [ -40.648351799999901, -6.60964419999993 ], [ -40.647751899999903, -6.60838449999994 ], [ -40.647217199999901, -6.60747549999996 ], [ -40.646722, -6.60685709999996 ], [ -40.6462179, -6.60642269999994 ], [ -40.645709699999898, -6.606155 ], [ -40.645027099999901, -6.60593249999994 ], [ -40.644176, -6.60584809999995 ], [ -40.6433642, -6.60591859999994 ], [ -40.640813, -6.60624679999995 ], [ -40.639833199999899, -6.60620229999995 ], [ -40.6349615, -6.60546269999998 ], [ -40.6274867, -6.60456369999997 ], [ -40.625135, -6.60436019999997 ], [ -40.6237078999999, -6.60429629999993 ], [ -40.6231435, -6.60434729999997 ], [ -40.622621799999898, -6.60449429999994 ], [ -40.6212604, -6.60501229999994 ], [ -40.620604699999902, -6.60520189999994 ], [ -40.620033299999903, -6.60528759999994 ], [ -40.6186895, -6.60529189999994 ], [ -40.6176742, -6.60523709999995 ], [ -40.616871699999898, -6.60523 ], [ -40.616156499999903, -6.60530979999993 ], [ -40.6157367, -6.60540309999993 ], [ -40.615456499999901, -6.60549849999995 ], [ -40.6151788, -6.60561329999996 ], [ -40.6149784, -6.60573029999995 ], [ -40.6147419, -6.60586429999995 ], [ -40.614361, -6.60612959999997 ], [ -40.613306599999902, -6.60701649999993 ], [ -40.6130173, -6.60730969999997 ], [ -40.612943899999898, -6.60738409999993 ], [ -40.6123626, -6.60809779999994 ], [ -40.6119959, -6.60846209999994 ], [ -40.611739199999903, -6.60859919999996 ], [ -40.611314, -6.60865869999998 ], [ -40.610888499999902, -6.608602 ], [ -40.610511099999897, -6.60848689999995 ], [ -40.6101624, -6.60828459999993 ], [ -40.609833, -6.60807239999997 ], [ -40.6096681, -6.60785449999997 ], [ -40.6095725, -6.60761639999993 ], [ -40.6095453, -6.60726359999995 ], [ -40.609554199999899, -6.60700179999998 ], [ -40.6097081, -6.60627269999998 ], [ -40.6104018, -6.60443029999993 ], [ -40.610444399999899, -6.60417819999998 ], [ -40.6104531, -6.60386309999996 ], [ -40.6103568999999, -6.60357009999996 ], [ -40.610224199999898, -6.60336929999994 ], [ -40.6100349, -6.60314689999996 ], [ -40.6097004, -6.60291529999995 ], [ -40.60878, -6.60242879999993 ], [ -40.608513699999897, -6.60227939999993 ], [ -40.6082744, -6.60210759999995 ], [ -40.607529499999899, -6.60147309999996 ], [ -40.6070394, -6.60099219999995 ], [ -40.606889, -6.60079169999995 ], [ -40.6067866, -6.60054 ], [ -40.6065761, -6.599741 ], [ -40.606483399999902, -6.59951349999994 ], [ -40.6063624, -6.59931529999994 ], [ -40.6060391, -6.59889819999995 ], [ -40.6058886, -6.59872179999996 ], [ -40.6057018, -6.59854549999994 ], [ -40.605532099999898, -6.59839819999996 ], [ -40.605250899999902, -6.59820519999994 ], [ -40.605078999999897, -6.59810879999998 ], [ -40.6048471, -6.59800489999998 ], [ -40.6020736, -6.59706239999997 ], [ -40.6008583999999, -6.59668149999993 ], [ -40.6000529, -6.59637629999997 ], [ -40.5995303999999, -6.59612729999998 ], [ -40.5990649, -6.59578949999997 ], [ -40.5987239, -6.59538009999994 ], [ -40.5982288, -6.594522 ], [ -40.5979656, -6.59386359999996 ], [ -40.597709, -6.59306059999994 ], [ -40.5972176, -6.59149309999998 ], [ -40.5970755, -6.59091179999996 ], [ -40.5969231999999, -6.59015269999998 ], [ -40.596775099999903, -6.589182 ], [ -40.5966921999999, -6.58752919999995 ], [ -40.5966558, -6.58674879999995 ], [ -40.5964605, -6.58550869999993 ], [ -40.5961412999999, -6.58464909999998 ], [ -40.5957328, -6.58397169999995 ], [ -40.5950256, -6.58305069999994 ], [ -40.5946355, -6.58266619999995 ], [ -40.593617799999897, -6.58205859999993 ], [ -40.5930169, -6.58169219999996 ], [ -40.592706399999898, -6.581412 ], [ -40.592529, -6.58118359999997 ], [ -40.590700399999903, -6.57813909999993 ], [ -40.5888165, -6.57529059999996 ], [ -40.5884962, -6.57464819999996 ], [ -40.588310299999897, -6.57397979999996 ], [ -40.5881234, -6.57298169999996 ], [ -40.5879661, -6.57138089999995 ], [ -40.5878867, -6.57027779999993 ], [ -40.587845, -6.569102 ], [ -40.5878666, -6.56794489999993 ], [ -40.587949, -6.56647809999993 ], [ -40.587999399999902, -6.56604149999993 ], [ -40.5881178, -6.56561109999996 ], [ -40.5884808, -6.56470259999998 ], [ -40.5890444999999, -6.56344889999997 ], [ -40.589295, -6.56285389999994 ], [ -40.5894072, -6.56242349999997 ], [ -40.5894921, -6.56179879999996 ], [ -40.589453799999902, -6.56120949999996 ], [ -40.5892623, -6.56051459999998 ], [ -40.588805299999898, -6.55960559999994 ], [ -40.588570699999899, -6.55923809999996 ], [ -40.588307799999903, -6.55887529999995 ], [ -40.5880291, -6.55853159999998 ], [ -40.587615099999901, -6.55806819999998 ], [ -40.587377199999899, -6.55784129999995 ], [ -40.5871339, -6.55765089999994 ], [ -40.5868619, -6.55748229999995 ], [ -40.5865524, -6.55732709999995 ], [ -40.5860977, -6.55717049999993 ], [ -40.5858674, -6.55710219999997 ], [ -40.5855255, -6.55702449999995 ], [ -40.584901499999901, -6.55691579999996 ], [ -40.5845634, -6.55686589999993 ], [ -40.5844097, -6.556843 ], [ -40.5843272, -6.55683059999996 ], [ -40.5842368, -6.55681639999995 ], [ -40.5840435, -6.55678409999996 ], [ -40.5835994, -6.55669759999995 ], [ -40.5830111, -6.55652269999996 ], [ -40.5825373, -6.55630289999993 ], [ -40.5820395, -6.55594649999995 ], [ -40.5814159, -6.55529319999994 ], [ -40.58101, -6.55475649999994 ], [ -40.5806344, -6.55407589999993 ], [ -40.5804631, -6.55358059999998 ], [ -40.580122699999897, -6.55174579999994 ], [ -40.5800586, -6.55146739999998 ], [ -40.5799254, -6.55105579999997 ], [ -40.579600099999901, -6.55031029999998 ], [ -40.5793206, -6.54977949999994 ], [ -40.5789589, -6.54926779999994 ], [ -40.5784073, -6.54882169999996 ], [ -40.577990499999899, -6.54859339999996 ], [ -40.5775542, -6.54839859999993 ], [ -40.5769599, -6.54822309999997 ], [ -40.576391, -6.548092 ], [ -40.575802399999901, -6.54799039999995 ], [ -40.5757757, -6.54798589999996 ], [ -40.574930499999901, -6.54784809999995 ], [ -40.5739644, -6.54770019999995 ], [ -40.572869899999901, -6.54753569999997 ], [ -40.5705674, -6.54722309999994 ], [ -40.5688107, -6.54699519999997 ], [ -40.5678674, -6.54688289999996 ], [ -40.5668929, -6.54677149999998 ], [ -40.565927299999899, -6.54669079999996 ], [ -40.5653861, -6.54665269999998 ], [ -40.564398599999897, -6.54661959999993 ], [ -40.5636809, -6.54661489999995 ], [ -40.5631028, -6.54663479999994 ], [ -40.562367, -6.546689 ], [ -40.5621504, -6.54671689999998 ], [ -40.5618893, -6.54677039999996 ], [ -40.561697299999899, -6.54681709999994 ], [ -40.5614413, -6.54690029999995 ], [ -40.561244299999899, -6.54697329999993 ], [ -40.560969, -6.54708839999995 ], [ -40.5604261, -6.54735329999994 ], [ -40.5595534, -6.54783929999996 ], [ -40.559255, -6.54800819999997 ], [ -40.5589565, -6.54816549999993 ], [ -40.5585995, -6.54834849999997 ], [ -40.5583053, -6.54847689999997 ], [ -40.5579657, -6.54860569999994 ], [ -40.5569245, -6.54895829999998 ], [ -40.556157799999902, -6.54919809999996 ], [ -40.555611999999897, -6.54936439999994 ], [ -40.555031299999897, -6.54952439999994 ], [ -40.5542521, -6.54972319999996 ], [ -40.5535356, -6.54987419999998 ], [ -40.5528254, -6.54999979999997 ], [ -40.552205899999898, -6.55007879999994 ], [ -40.551726599999903, -6.55008079999993 ], [ -40.551151499999897, -6.549956 ], [ -40.5492351, -6.54911989999994 ], [ -40.5489188, -6.54895619999996 ], [ -40.548463599999899, -6.54879939999995 ], [ -40.5481957, -6.54874119999994 ], [ -40.5479784999999, -6.548709 ], [ -40.547503199999902, -6.54870109999996 ], [ -40.547048699999898, -6.54877049999993 ], [ -40.546644699999902, -6.54886359999995 ], [ -40.545518199999897, -6.54916769999994 ], [ -40.5448775999999, -6.54930429999996 ], [ -40.5442839, -6.54931869999996 ], [ -40.543790499999901, -6.54921729999995 ], [ -40.542688199999901, -6.54883069999994 ], [ -40.5414117, -6.54828789999993 ], [ -40.5407175, -6.547937 ], [ -40.540473899999903, -6.54780759999994 ], [ -40.5402056, -6.54765519999995 ], [ -40.5393844, -6.54716779999995 ], [ -40.5388675, -6.54682119999995 ], [ -40.538422899999901, -6.54649989999996 ], [ -40.5378526, -6.546065 ], [ -40.5332519, -6.54227309999993 ], [ -40.530054199999903, -6.53976409999996 ], [ -40.5294153, -6.53919069999995 ], [ -40.529028, -6.53882289999996 ], [ -40.5287825999999, -6.53861119999993 ], [ -40.5285784, -6.53845039999993 ], [ -40.528427, -6.53834179999996 ], [ -40.5282788, -6.53825039999998 ], [ -40.5280567, -6.53814729999993 ], [ -40.5278314, -6.53806729999997 ], [ -40.5275419, -6.53798749999993 ], [ -40.5268305, -6.537843 ], [ -40.526382899999902, -6.53774919999995 ], [ -40.5259785, -6.53766479999996 ], [ -40.5255329, -6.53757229999997 ], [ -40.525163099999901, -6.53750919999993 ], [ -40.5248359, -6.53745089999995 ], [ -40.524331199999899, -6.53738979999997 ], [ -40.524138, -6.53736859999998 ], [ -40.5238629, -6.53734819999994 ], [ -40.5230328, -6.53731809999994 ], [ -40.5201068, -6.537366 ], [ -40.519218, -6.53736219999996 ], [ -40.5174557, -6.53728379999995 ], [ -40.5168300999999, -6.53723019999995 ], [ -40.5164627999999, -6.53719869999998 ], [ -40.5155794, -6.53709339999995 ], [ -40.5153384, -6.53705389999993 ], [ -40.5148664, -6.53693249999998 ], [ -40.5146362, -6.53686239999996 ], [ -40.514113, -6.53663839999996 ], [ -40.513161899999901, -6.53616019999993 ], [ -40.512375, -6.53571779999993 ], [ -40.512059, -6.53554079999998 ], [ -40.512053299999899, -6.53553789999995 ], [ -40.5115653, -6.53529519999995 ], [ -40.5110389, -6.53507609999997 ], [ -40.5107113, -6.53496159999997 ], [ -40.510478299999903, -6.53490189999997 ], [ -40.5102001, -6.53484269999996 ], [ -40.5097957999999, -6.53478709999996 ], [ -40.5093716, -6.53476329999995 ], [ -40.5084006, -6.53474949999998 ], [ -40.508053399999902, -6.53475049999997 ], [ -40.507664599999899, -6.53473509999998 ], [ -40.5073298, -6.534711 ], [ -40.5070711, -6.53467929999994 ], [ -40.504993, -6.53431069999993 ], [ -40.5036034, -6.53402309999996 ], [ -40.5024612, -6.53374809999997 ], [ -40.5015437, -6.53350909999995 ], [ -40.5006781, -6.53328039999997 ], [ -40.4997855, -6.53302679999996 ], [ -40.4996025, -6.53296469999998 ], [ -40.4992447, -6.53279189999995 ], [ -40.4988822, -6.53256369999997 ], [ -40.498482099999897, -6.53224809999995 ], [ -40.4978275, -6.53167909999996 ], [ -40.497473199999902, -6.53137169999997 ], [ -40.497077299999901, -6.53107689999996 ], [ -40.4967066, -6.53085709999993 ], [ -40.496386, -6.53072469999995 ], [ -40.4961031, -6.53065049999998 ], [ -40.495845099999897, -6.53063879999996 ], [ -40.4955947, -6.53066689999997 ], [ -40.492612699999903, -6.53121209999995 ], [ -40.491954099999901, -6.53114479999994 ], [ -40.4918038, -6.53112429999993 ], [ -40.4916425, -6.53108819999994 ], [ -40.491467699999902, -6.53103559999994 ], [ -40.491245999999897, -6.53095709999997 ], [ -40.4905967, -6.53070289999994 ], [ -40.4864125, -6.52912069999996 ], [ -40.485358399999903, -6.52876569999995 ], [ -40.484176499999897, -6.52844409999994 ], [ -40.483236, -6.52823009999997 ], [ -40.482262499999898, -6.52808289999996 ], [ -40.481680299999901, -6.52801519999997 ], [ -40.480390699999901, -6.52794649999993 ], [ -40.4791599, -6.52798349999995 ], [ -40.4778793999999, -6.528079 ], [ -40.476407799999897, -6.52825 ], [ -40.4741266999999, -6.52856909999997 ], [ -40.473498199999902, -6.52867959999998 ], [ -40.472683, -6.528849 ], [ -40.469843099999899, -6.52957129999993 ], [ -40.469381499999898, -6.52968369999996 ], [ -40.4691635, -6.52973879999996 ], [ -40.4687916, -6.52981989999995 ], [ -40.4685808999999, -6.52986179999994 ], [ -40.4680873, -6.52954229999995 ], [ -40.4674409, -6.52940059999997 ], [ -40.4667588, -6.52929489999997 ], [ -40.465969, -6.52918959999994 ], [ -40.4650354999999, -6.52904869999998 ], [ -40.464424999999899, -6.528871 ], [ -40.4640297, -6.52869269999997 ], [ -40.4635273, -6.52869419999996 ], [ -40.4627007, -6.52826589999995 ], [ -40.461804, -6.52841209999997 ], [ -40.460548399999901, -6.52855929999993 ], [ -40.4590087, -6.52829439999994 ], [ -40.458429099999897, -6.52801549999998 ], [ -40.457342, -6.527467 ], [ -40.4566351, -6.52707009999995 ], [ -40.455580499999897, -6.52635579999998 ], [ -40.454250199999898, -6.52538039999996 ], [ -40.453664699999898, -6.52484429999993 ], [ -40.45336, -6.52444789999993 ], [ -40.453330999999899, -6.52441749999997 ], [ -40.4531319, -6.52404419999993 ], [ -40.4530629, -6.52348729999994 ], [ -40.4530999, -6.52312639999997 ], [ -40.453913, -6.52046769999993 ], [ -40.453952, -6.52019339999993 ], [ -40.453963, -6.51990229999996 ], [ -40.4539487, -6.519736 ], [ -40.453918799999897, -6.51954769999998 ], [ -40.453851299999897, -6.519387 ], [ -40.4537718, -6.51919719999995 ], [ -40.4536663, -6.51904469999994 ], [ -40.453424599999899, -6.51881559999993 ], [ -40.452973299999897, -6.51850409999997 ], [ -40.452636799999901, -6.51828319999993 ], [ -40.452411, -6.51809769999994 ], [ -40.4522327, -6.51791209999993 ], [ -40.452100099999903, -6.51768749999997 ], [ -40.4509816999999, -6.51507669999995 ], [ -40.449629899999898, -6.512058 ], [ -40.4494831, -6.51167169999997 ], [ -40.4486798, -6.50995679999994 ], [ -40.448036499999901, -6.50840939999995 ], [ -40.447653199999898, -6.50721619999996 ], [ -40.4474519, -6.50632709999996 ], [ -40.447434, -6.50604849999996 ], [ -40.4474587999999, -6.50570209999995 ], [ -40.4476385, -6.50510449999996 ], [ -40.447778399999898, -6.50481 ], [ -40.4479559, -6.50438519999994 ], [ -40.448118899999898, -6.50403859999994 ], [ -40.4482345, -6.50359619999995 ], [ -40.4483915, -6.50274829999995 ], [ -40.448472799999898, -6.50214979999993 ], [ -40.4485088, -6.50165029999994 ], [ -40.448500099999897, -6.501376 ], [ -40.4484648, -6.50116419999995 ], [ -40.4484472, -6.50104239999996 ], [ -40.448375499999898, -6.50075139999996 ], [ -40.4481321, -6.50005769999996 ], [ -40.4478513, -6.49928269999998 ], [ -40.447729, -6.49871389999993 ], [ -40.4477039, -6.49846879999996 ], [ -40.4479378, -6.49732339999997 ], [ -40.447762899999901, -6.49796669999995 ], [ -40.4479123, -6.49736469999993 ], [ -40.4479818, -6.49707839999996 ], [ -40.448032899999902, -6.49685309999995 ], [ -40.448061799999898, -6.49667329999994 ], [ -40.4480824, -6.49649449999993 ], [ -40.448088, -6.49634439999994 ], [ -40.448087, -6.496243 ], [ -40.4480794, -6.49613339999996 ], [ -40.4480606, -6.49600059999995 ], [ -40.4480381, -6.49590069999994 ], [ -40.448010399999902, -6.49580249999997 ], [ -40.447978799999902, -6.49571669999995 ], [ -40.447938399999899, -6.49562689999993 ], [ -40.4478981, -6.49554769999997 ], [ -40.447864799999898, -6.49549469999994 ], [ -40.4478164, -6.49541619999997 ], [ -40.4477431, -6.49531679999996 ], [ -40.4476685, -6.49522529999996 ], [ -40.4475375, -6.49507839999995 ], [ -40.447314199999902, -6.494853 ], [ -40.447173899999903, -6.49472369999995 ], [ -40.4470021, -6.494578 ], [ -40.446871, -6.49448579999995 ], [ -40.4466709, -6.49435239999997 ], [ -40.4464709, -6.49423189999993 ], [ -40.4461163, -6.49402919999994 ], [ -40.445808, -6.493868 ], [ -40.44551, -6.49370829999998 ], [ -40.4452792, -6.49357249999997 ], [ -40.4451058, -6.49346439999994 ], [ -40.4448702, -6.49330279999998 ], [ -40.4446871, -6.49314579999998 ], [ -40.4445569, -6.49302329999995 ], [ -40.4443985999999, -6.49284629999994 ], [ -40.4443419, -6.492767 ], [ -40.4442887, -6.49267889999993 ], [ -40.4442296, -6.49255459999995 ], [ -40.4441836, -6.49243449999994 ], [ -40.444003699999897, -6.49182409999997 ], [ -40.4439242999999, -6.49161359999994 ], [ -40.4438349, -6.49144849999993 ], [ -40.4436125, -6.49110649999994 ], [ -40.4435356, -6.49098979999997 ], [ -40.4433812, -6.490744 ], [ -40.443195, -6.49049519999994 ], [ -40.4429297, -6.49019619999996 ], [ -40.4426935, -6.49001249999998 ], [ -40.442403399999897, -6.48985729999993 ], [ -40.4416921, -6.48961759999997 ], [ -40.440659299999901, -6.48936219999996 ], [ -40.440304599999898, -6.489267 ], [ -40.439967099999897, -6.48916459999998 ], [ -40.4389634, -6.48880589999993 ], [ -40.438459599999902, -6.48863089999998 ], [ -40.4378665999999, -6.48844289999994 ], [ -40.4369955, -6.488216 ], [ -40.435913099999901, -6.48816159999996 ], [ -40.4339684, -6.48780819999996 ], [ -40.4309584, -6.48697909999993 ], [ -40.426714699999899, -6.48604919999997 ], [ -40.4258574, -6.48582039999997 ], [ -40.4250516, -6.48576959999997 ], [ -40.424452899999899, -6.48556189999994 ], [ -40.4239742, -6.48547359999998 ], [ -40.423225699999897, -6.48511669999994 ], [ -40.4225675, -6.484999 ], [ -40.4219987, -6.48476129999995 ], [ -40.4214302, -6.48467309999995 ], [ -40.4207117, -6.48434609999993 ], [ -40.4199935, -6.48416869999994 ], [ -40.4193647, -6.48387139999994 ], [ -40.4185866, -6.48366419999996 ], [ -40.4177789, -6.48351689999993 ], [ -40.4172998, -6.48330889999994 ], [ -40.416790999999897, -6.48313079999997 ], [ -40.415953, -6.48289389999997 ], [ -40.4150551, -6.48259729999995 ], [ -40.4144264, -6.48232989999997 ], [ -40.4134688, -6.48206339999996 ], [ -40.4126008, -6.48176669999998 ], [ -40.4114936, -6.48150059999995 ], [ -40.4109845, -6.48120289999997 ], [ -40.410296, -6.48096549999997 ], [ -40.4086197, -6.48034209999997 ], [ -40.4054767, -6.47918429999993 ], [ -40.4041898, -6.47879909999995 ], [ -40.403171799999903, -6.47832329999994 ], [ -40.4021546, -6.47811679999995 ], [ -40.401316699999903, -6.47790969999994 ], [ -40.399670899999897, -6.47749549999997 ], [ -40.397935699999898, -6.47717129999995 ], [ -40.3958833, -6.47624619999993 ], [ -40.3952576, -6.47610509999993 ], [ -40.3947785, -6.47598339999996 ], [ -40.3943432, -6.47585839999994 ], [ -40.393756499999903, -6.47562919999996 ], [ -40.393166699999902, -6.47537179999995 ], [ -40.3927186, -6.47521139999998 ], [ -40.3920492, -6.47501889999995 ], [ -40.391558, -6.47483779999993 ], [ -40.391197299999902, -6.47464029999998 ], [ -40.3909474, -6.47445059999995 ], [ -40.390673299999897, -6.47417519999993 ], [ -40.390570599999897, -6.47403119999996 ], [ -40.3904947999999, -6.47383289999993 ], [ -40.390482399999897, -6.47360289999995 ], [ -40.3905253, -6.47336479999996 ], [ -40.3908044, -6.47266969999993 ], [ -40.390861, -6.47253679999994 ], [ -40.3909183, -6.47232819999994 ], [ -40.3909194, -6.47211749999997 ], [ -40.390908399999901, -6.47200539999994 ], [ -40.3908092, -6.47102289999998 ], [ -40.3907121, -6.47028389999997 ], [ -40.3906153, -6.469704 ], [ -40.3904492, -6.46897019999994 ], [ -40.3902667999999, -6.46840539999994 ], [ -40.390075399999901, -6.46799659999994 ], [ -40.3898579, -6.46762839999997 ], [ -40.389641599999898, -6.46736989999994 ], [ -40.3894627, -6.46720749999997 ], [ -40.3886641, -6.46655789999994 ], [ -40.388497399999899, -6.46634479999994 ], [ -40.388345699999903, -6.46609979999994 ], [ -40.3879853, -6.46539149999995 ], [ -40.3878837, -6.465201 ], [ -40.3877522, -6.46497539999996 ], [ -40.3875929, -6.46473489999994 ], [ -40.387495499999901, -6.4646 ], [ -40.387356399999902, -6.46445139999997 ], [ -40.3872188, -6.46434709999994 ], [ -40.3870982, -6.46427729999994 ], [ -40.386947399999897, -6.46421009999995 ], [ -40.3867471, -6.46414909999993 ], [ -40.386447599999897, -6.46411009999997 ], [ -40.386099, -6.46409829999993 ], [ -40.385932399999902, -6.46410159999994 ], [ -40.3857897, -6.46412379999992 ], [ -40.385472799999903, -6.46419229999998 ], [ -40.3851994, -6.46425259999995 ], [ -40.3849953, -6.464273 ], [ -40.3848125, -6.46426969999993 ], [ -40.3845889, -6.46423449999998 ], [ -40.3844483, -6.46420049999995 ], [ -40.384348799999898, -6.46416949999997 ], [ -40.384228699999902, -6.46413009999998 ], [ -40.3841543999999, -6.46410049999997 ], [ -40.3840466, -6.46405259999995 ], [ -40.3839262, -6.46398989999994 ], [ -40.383801499999898, -6.46391559999995 ], [ -40.38365, -6.46381109999993 ], [ -40.3835654, -6.46374349999996 ], [ -40.383403799999897, -6.46360179999994 ], [ -40.383281699999898, -6.46347359999993 ], [ -40.3831554, -6.46333139999996 ], [ -40.3830326, -6.46318559999997 ], [ -40.382913, -6.46303989999996 ], [ -40.382807, -6.46291049999996 ], [ -40.3827017, -6.46278559999996 ], [ -40.3826304, -6.46270539999995 ], [ -40.3824104, -6.46248849999995 ], [ -40.381959499999901, -6.46213409999996 ], [ -40.3815319, -6.46182129999994 ], [ -40.3801123, -6.46089749999993 ], [ -40.3792945, -6.460365 ], [ -40.3788019, -6.46000829999997 ], [ -40.378161299999903, -6.459488 ], [ -40.3779603, -6.45927119999993 ], [ -40.3777228, -6.458937 ], [ -40.3772844, -6.45804539999995 ], [ -40.377079299999899, -6.45766459999993 ], [ -40.3768884999999, -6.457414 ], [ -40.3767002, -6.457225 ], [ -40.376283999999899, -6.45690889999997 ], [ -40.3758472, -6.45662179999994 ], [ -40.3747139, -6.45601089999997 ], [ -40.373794299999901, -6.455567 ], [ -40.3732137, -6.45527089999996 ], [ -40.372605, -6.45491449999997 ], [ -40.37221, -6.45464589999995 ], [ -40.3717119, -6.45425469999998 ], [ -40.3714924, -6.45405669999997 ], [ -40.3712633, -6.45384469999993 ], [ -40.3703265, -6.45288159999996 ], [ -40.3696064, -6.451929 ], [ -40.3690245, -6.45108659999994 ], [ -40.3683002, -6.44971889999994 ], [ -40.3681915, -6.44923489999996 ], [ -40.3682663, -6.44883359999994 ], [ -40.368438, -6.44844629999994 ], [ -40.368911599999898, -6.44757969999995 ], [ -40.369094, -6.44726329999997 ], [ -40.3692546, -6.44683859999998 ], [ -40.3692957, -6.44643739999998 ], [ -40.3692526, -6.446126 ], [ -40.3691552, -6.44578739999997 ], [ -40.3686834, -6.44485469999995 ], [ -40.3683645, -6.44428829999993 ], [ -40.368149399999901, -6.44383239999996 ], [ -40.368058699999899, -6.44347979999998 ], [ -40.368016699999899, -6.44314269999995 ], [ -40.368050099999898, -6.44280879999997 ], [ -40.3682281, -6.44230329999994 ], [ -40.368550899999903, -6.44175589999998 ], [ -40.369114599999897, -6.44095889999994 ], [ -40.3695754, -6.44036969999996 ], [ -40.3699323, -6.43968389999998 ], [ -40.3700418, -6.43935159999995 ], [ -40.370076099999899, -6.43902289999994 ], [ -40.3700534, -6.43857679999996 ], [ -40.369899599999897, -6.437837 ], [ -40.3696494, -6.43711829999995 ], [ -40.3693718, -6.43655179999996 ], [ -40.368934599999903, -6.43583539999997 ], [ -40.3687691, -6.43564729999997 ], [ -40.3685824, -6.43552329999994 ], [ -40.3683943999999, -6.43544419999995 ], [ -40.3683602999999, -6.43543369999998 ], [ -40.368211099999897, -6.43539 ], [ -40.3680859, -6.435361 ], [ -40.3679918, -6.43534039999997 ], [ -40.3678676, -6.43531789999997 ], [ -40.3677382, -6.43529559999996 ], [ -40.367644599999899, -6.43527969999997 ], [ -40.3673529, -6.43522509999997 ], [ -40.367260299999899, -6.43520279999996 ], [ -40.367202099999901, -6.43518719999997 ], [ -40.3671522, -6.43517179999998 ], [ -40.3670811, -6.43514749999997 ], [ -40.367023699999898, -6.43512459999994 ], [ -40.367001699999904, -6.43511509999996 ], [ -40.366948099999902, -6.43508829999996 ], [ -40.3669135, -6.43507029999995 ], [ -40.3668542999999, -6.43503439999995 ], [ -40.3668144, -6.435006 ], [ -40.366779, -6.43497749999995 ], [ -40.3667321, -6.43493329999995 ], [ -40.3666947, -6.43489209999996 ], [ -40.366651499999897, -6.434834 ], [ -40.3664547, -6.43445439999994 ], [ -40.366319299999901, -6.43399749999998 ], [ -40.3662644, -6.43352949999996 ], [ -40.3662418, -6.43306669999993 ], [ -40.3662717999999, -6.43225409999997 ], [ -40.3663066, -6.43124779999994 ], [ -40.366300099999897, -6.43079579999994 ], [ -40.366217999999897, -6.430231 ], [ -40.3660828, -6.42982789999996 ], [ -40.3659641, -6.42959679999996 ], [ -40.3657976, -6.42935069999993 ], [ -40.365307, -6.42875909999998 ], [ -40.3645374, -6.42794319999996 ], [ -40.3638488, -6.42731019999997 ], [ -40.363132699999902, -6.42671 ], [ -40.362628, -6.42635559999997 ], [ -40.3621833999999, -6.42610769999993 ], [ -40.3611716, -6.42560069999996 ], [ -40.3609662, -6.425511 ], [ -40.3602903, -6.425178 ], [ -40.359733999999897, -6.42485659999994 ], [ -40.3594585, -6.424665 ], [ -40.3591779, -6.42443939999993 ], [ -40.3589904, -6.42423159999993 ], [ -40.3587691, -6.42379629999994 ], [ -40.3586606, -6.42333919999993 ], [ -40.3585083, -6.42258629999998 ], [ -40.3583947, -6.42221539999997 ], [ -40.358290699999898, -6.42201929999993 ], [ -40.3581538, -6.42183759999995 ], [ -40.3579642, -6.42164269999995 ], [ -40.3577217, -6.42142619999993 ], [ -40.3575405, -6.42129139999997 ], [ -40.357422799999902, -6.42120759999995 ], [ -40.357081799999897, -6.42098119999997 ], [ -40.3567783, -6.42081049999996 ], [ -40.3565881, -6.42070669999993 ], [ -40.355786599999902, -6.42029049999996 ], [ -40.3551886, -6.41998849999993 ], [ -40.3546724999999, -6.41969389999997 ], [ -40.354266499999902, -6.41941779999996 ], [ -40.354054, -6.41926229999996 ], [ -40.353733299999902, -6.41896659999998 ], [ -40.3534993, -6.41867469999994 ], [ -40.3532302, -6.41815429999997 ], [ -40.352958999999899, -6.41735179999995 ], [ -40.352764299999897, -6.41681929999993 ], [ -40.3526183, -6.41643739999995 ], [ -40.352456399999902, -6.41612019999997 ], [ -40.352240799999898, -6.41582459999995 ], [ -40.351864299999903, -6.41551289999995 ], [ -40.3516116, -6.41536869999993 ], [ -40.3510901, -6.41516 ], [ -40.350617199999903, -6.41503749999993 ], [ -40.349623199999897, -6.41481389999996 ], [ -40.3492309, -6.41472339999996 ], [ -40.3487311, -6.41456319999998 ], [ -40.348309, -6.41434229999993 ], [ -40.3481427, -6.41422839999996 ], [ -40.3480516, -6.41408489999998 ], [ -40.3479732, -6.41382789999994 ], [ -40.3478527, -6.41349319999995 ], [ -40.347779499999902, -6.41294309999995 ], [ -40.347729699999903, -6.41220139999996 ], [ -40.347741799999902, -6.41154269999993 ], [ -40.347607099999898, -6.41107709999994 ], [ -40.347486699999898, -6.41076639999994 ], [ -40.347366399999899, -6.41047949999995 ], [ -40.3472214, -6.40992959999994 ], [ -40.346982, -6.40983449999993 ], [ -40.3466228999999, -6.40973969999993 ], [ -40.346239599999898, -6.40950139999995 ], [ -40.3456654, -6.40945509999995 ], [ -40.3451393, -6.40950429999998 ], [ -40.3446374, -6.40964919999993 ], [ -40.3442946, -6.41009689999993 ], [ -40.343657199999903, -6.41059549999994 ], [ -40.342822399999903, -6.41140349999995 ], [ -40.3423529, -6.41192009999997 ], [ -40.342188899999897, -6.41207389999994 ], [ -40.342006899999902, -6.41225549999996 ], [ -40.3418022, -6.41252119999996 ], [ -40.3412958, -6.41327409999997 ], [ -40.340686499999897, -6.41395219999993 ], [ -40.340352, -6.41419219999995 ], [ -40.340051, -6.41432389999994 ], [ -40.3397141, -6.41443679999998 ], [ -40.3394402, -6.41444039999993 ], [ -40.339185299999897, -6.41439409999998 ], [ -40.3389562, -6.41428849999994 ], [ -40.3386247, -6.41412339999994 ], [ -40.3384022, -6.41389919999995 ], [ -40.338305499999898, -6.41376689999993 ], [ -40.3380629, -6.41346119999997 ], [ -40.3380086, -6.41332269999998 ], [ -40.3377813, -6.41292889999994 ], [ -40.337584499999899, -6.41244419999992 ], [ -40.337566799999898, -6.41237569999993 ], [ -40.337335499999902, -6.41158839999997 ], [ -40.3369289, -6.40981469999997 ], [ -40.3367774, -6.40924069999994 ], [ -40.3366187, -6.40871659999993 ], [ -40.336526499999898, -6.40848349999993 ], [ -40.336433, -6.40827619999993 ], [ -40.336222, -6.40790979999997 ], [ -40.336202, -6.40787389999997 ], [ -40.336105599999897, -6.40772849999996 ], [ -40.3360107, -6.40759229999998 ], [ -40.3358306, -6.40736339999995 ], [ -40.335017999999899, -6.40639779999998 ], [ -40.3349688, -6.40634319999998 ], [ -40.3348106, -6.40619289999995 ], [ -40.3345912, -6.406031 ], [ -40.3342582, -6.40584359999997 ], [ -40.3338939, -6.40567329999993 ], [ -40.3333397, -6.40544309999996 ], [ -40.3328423, -6.40521919999998 ], [ -40.332496999999897, -6.405033 ], [ -40.332329, -6.40490649999998 ], [ -40.332141799999903, -6.40471979999995 ], [ -40.332037, -6.40458049999995 ], [ -40.3319544, -6.40441259999994 ], [ -40.331919399999897, -6.40433339999993 ], [ -40.3318813, -6.40418129999995 ], [ -40.3311054, -6.40379109999998 ], [ -40.330099, -6.40316489999998 ], [ -40.329151099999898, -6.40290889999994 ], [ -40.3287351, -6.40271729999995 ], [ -40.3281595999999, -6.40245209999995 ], [ -40.3274069, -6.401871 ], [ -40.325938699999902, -6.40200759999993 ], [ -40.325279599999902, -6.40240409999996 ], [ -40.324605899999902, -6.40275759999997 ], [ -40.3236302, -6.40282469999994 ], [ -40.3221641, -6.40197419999993 ], [ -40.3212933, -6.400993 ], [ -40.3200371, -6.40081679999997 ], [ -40.3193257, -6.40042379999994 ], [ -40.318233, -6.39965129999996 ], [ -40.3177295, -6.399186 ], [ -40.316818699999899, -6.39938209999997 ], [ -40.315534199999902, -6.39937109999994 ], [ -40.314003899999904, -6.39864279999995 ], [ -40.3133458, -6.39827159999993 ], [ -40.3129337, -6.39825069999995 ], [ -40.312460299999898, -6.39835959999994 ], [ -40.3121465, -6.39908539999993 ], [ -40.3121846, -6.39996109999993 ], [ -40.3123153, -6.40055659999996 ], [ -40.312467899999902, -6.40132429999994 ], [ -40.3122268, -6.402452 ], [ -40.3104855999999, -6.40290589999995 ], [ -40.3093363999999, -6.40303359999996 ], [ -40.3085973, -6.40302829999996 ], [ -40.307929999999899, -6.40304439999994 ], [ -40.3073767, -6.40275149999997 ], [ -40.3070276, -6.40235159999997 ], [ -40.3071413, -6.40000329999998 ], [ -40.307163, -6.39915369999994 ], [ -40.307232699999901, -6.398328 ], [ -40.3080366, -6.39781549999998 ], [ -40.3082823, -6.39719659999997 ], [ -40.3078446, -6.39674349999996 ], [ -40.307172799999897, -6.39592209999995 ], [ -40.3064256, -6.39557939999997 ], [ -40.3057362, -6.39537059999998 ], [ -40.3048223, -6.39498159999994 ], [ -40.3033427, -6.39472579999995 ], [ -40.3019998, -6.39458809999996 ], [ -40.299340399999899, -6.39352989999998 ], [ -40.296811799999901, -6.39248339999995 ], [ -40.2957006, -6.39193109999997 ], [ -40.2951254, -6.39149219999996 ], [ -40.293744499999903, -6.39021309999993 ], [ -40.29177, -6.38882069999994 ], [ -40.290495099999902, -6.38795339999996 ], [ -40.2901788, -6.38761859999994 ], [ -40.2894922999999, -6.38710489999994 ], [ -40.2889418, -6.38643059999993 ], [ -40.2880681, -6.38530759999998 ], [ -40.287242299999903, -6.38408449999997 ], [ -40.2869719, -6.38310889999997 ], [ -40.286548, -6.38192309999994 ], [ -40.2858191, -6.38121659999996 ], [ -40.2852503, -6.38080339999993 ], [ -40.284450999999898, -6.380743 ], [ -40.2839576, -6.38083469999998 ], [ -40.283159, -6.38108609999995 ], [ -40.2827588, -6.38128 ], [ -40.281915399999903, -6.38297809999995 ], [ -40.2812365, -6.383901 ], [ -40.2800945, -6.38454329999996 ], [ -40.2787255, -6.38550259999994 ], [ -40.277079, -6.38651959999993 ], [ -40.27575, -6.38731 ], [ -40.2743166, -6.38802189999996 ], [ -40.2732391, -6.38821519999993 ], [ -40.2717797, -6.38805129999997 ], [ -40.2707368, -6.387399 ], [ -40.2700659, -6.38692209999994 ], [ -40.2694681, -6.386693 ], [ -40.268904099999901, -6.38590479999993 ], [ -40.2685326, -6.38563049999993 ], [ -40.2679108, -6.385644 ], [ -40.2668464999999, -6.38568249999997 ], [ -40.2659977, -6.38581619999997 ], [ -40.264944699999901, -6.38561539999995 ], [ -40.263868499999901, -6.38567789999996 ], [ -40.263235199999897, -6.38591869999993 ], [ -40.2628187, -6.38611339999994 ], [ -40.262486599999903, -6.38627069999995 ], [ -40.2620879, -6.38631939999993 ], [ -40.260999599999899, -6.38623529999995 ], [ -40.260532699999899, -6.386045 ], [ -40.260101399999897, -6.38573489999993 ], [ -40.2591904, -6.38492359999998 ], [ -40.2579689, -6.38423259999996 ], [ -40.2573335, -6.383624 ], [ -40.2571763, -6.38289449999996 ], [ -40.2572347, -6.382344 ], [ -40.258294799999902, -6.38161459999998 ], [ -40.2595509, -6.38072319999998 ], [ -40.2603942, -6.37988159999998 ], [ -40.2606863, -6.37949 ], [ -40.260926599999898, -6.37883029999995 ], [ -40.2608008, -6.37830329999997 ], [ -40.2603807, -6.37768209999996 ], [ -40.259948699999903, -6.377085 ], [ -40.2594462, -6.37702639999998 ], [ -40.258871499999898, -6.37675259999997 ], [ -40.2583569, -6.37661029999992 ], [ -40.2573634, -6.37624179999995 ], [ -40.2566935, -6.37615969999996 ], [ -40.2561114, -6.376154 ], [ -40.255849399999903, -6.376437 ], [ -40.2553118, -6.37690679999997 ], [ -40.2551961, -6.37693789999997 ], [ -40.254158899999901, -6.37754459999996 ], [ -40.2517501, -6.378756 ], [ -40.250269199999899, -6.38025519999997 ], [ -40.249722899999902, -6.38183589999994 ], [ -40.249873099999903, -6.38247129999996 ], [ -40.2496075, -6.383559 ], [ -40.249717, -6.38433649999996 ], [ -40.249634899999897, -6.38500669999996 ], [ -40.249768199999899, -6.38571229999997 ], [ -40.249865, -6.38616669999993 ], [ -40.2508341, -6.38712009999995 ], [ -40.2507062, -6.38782769999995 ], [ -40.249774499999901, -6.38830859999996 ], [ -40.248123899999896, -6.38827669999995 ], [ -40.2473469, -6.38841019999995 ], [ -40.2463164, -6.38761109999996 ], [ -40.2456344, -6.38748109999995 ], [ -40.245207799999903, -6.38752019999993 ], [ -40.244809599999897, -6.38765059999997 ], [ -40.2445357, -6.38814179999997 ], [ -40.244633, -6.38882349999994 ], [ -40.2445744, -6.38929029999997 ], [ -40.244516, -6.38990059999998 ], [ -40.244062799999902, -6.39042819999997 ], [ -40.243037899999898, -6.39193819999997 ], [ -40.2420589, -6.39264649999996 ], [ -40.2412701, -6.39285179999996 ], [ -40.2401346, -6.39312969999997 ], [ -40.2393211999999, -6.39309579999997 ], [ -40.2384829, -6.39261919999996 ], [ -40.237585, -6.39226239999994 ], [ -40.237165499999897, -6.39186859999995 ], [ -40.237054199999903, -6.39034939999993 ], [ -40.236885399999899, -6.38978739999993 ], [ -40.236693199999898, -6.38944089999995 ], [ -40.2363697, -6.38917849999996 ], [ -40.235842799999901, -6.38891649999994 ], [ -40.235316699999899, -6.38898959999995 ], [ -40.2343359, -6.38893209999998 ], [ -40.233582199999901, -6.38885019999998 ], [ -40.2330071, -6.38840879999998 ], [ -40.2325513, -6.38784759999993 ], [ -40.2321441, -6.38759729999992 ], [ -40.2316532, -6.38739509999994 ], [ -40.2312575999999, -6.38701319999996 ], [ -40.2304569, -6.38691529999994 ], [ -40.2294957, -6.38708269999995 ], [ -40.2288363, -6.387393 ], [ -40.228062, -6.38769629999996 ], [ -40.2271617, -6.38787219999995 ], [ -40.2264332, -6.38774329999995 ], [ -40.225869, -6.38742059999993 ], [ -40.225053199999898, -6.38638159999994 ], [ -40.2245965, -6.38543749999997 ], [ -40.2245273, -6.38493129999995 ], [ -40.2241596, -6.38389349999994 ], [ -40.2233401, -6.38269449999996 ], [ -40.2220222, -6.38169259999995 ], [ -40.221447199999901, -6.38128719999997 ], [ -40.2207284, -6.38078639999998 ], [ -40.2200807, -6.37997429999996 ], [ -40.219813499999901, -6.378252 ], [ -40.2190697, -6.37729659999997 ], [ -40.2181108999999, -6.37641349999996 ], [ -40.21728, -6.37608849999998 ], [ -40.2164969, -6.37602659999993 ], [ -40.215861699999898, -6.37610769999998 ], [ -40.215575, -6.376252 ], [ -40.2146432, -6.376661 ], [ -40.2142868, -6.37771469999996 ], [ -40.213437699999901, -6.379099 ], [ -40.213137, -6.37954119999995 ], [ -40.2126412, -6.380289 ], [ -40.211757799999901, -6.38042469999994 ], [ -40.210869699999897, -6.38079 ], [ -40.2095864, -6.38099649999998 ], [ -40.2089733, -6.38091469999995 ], [ -40.2084887, -6.38092579999994 ], [ -40.2070988, -6.38105879999995 ], [ -40.2058148, -6.38086939999994 ], [ -40.2030351, -6.37869829999994 ], [ -40.202160499999898, -6.37805419999995 ], [ -40.2014644, -6.376991 ], [ -40.200792, -6.37586779999998 ], [ -40.2000489, -6.37517559999998 ], [ -40.198337099999897, -6.37448559999996 ], [ -40.197831699999902, -6.37313479999995 ], [ -40.1973629, -6.37213079999998 ], [ -40.1970868, -6.37170069999996 ], [ -40.1963335, -6.37173839999997 ], [ -40.1957108, -6.37139279999997 ], [ -40.194525199999902, -6.37071359999993 ], [ -40.1934724, -6.37054849999993 ], [ -40.1924668, -6.37012009999995 ], [ -40.1919523, -6.37001359999994 ], [ -40.1901553, -6.36870159999995 ], [ -40.1893405, -6.36800949999997 ], [ -40.1882095, -6.36728449999993 ], [ -40.1876333, -6.36638129999994 ], [ -40.1871791, -6.36546889999994 ], [ -40.1865703, -6.36474949999996 ], [ -40.183998, -6.36430069999994 ], [ -40.1824685, -6.36486659999997 ], [ -40.181703099999901, -6.36494689999995 ], [ -40.181315, -6.364794 ], [ -40.180255799999898, -6.36477589999993 ], [ -40.179334099999899, -6.36440709999994 ], [ -40.1785674, -6.36385849999994 ], [ -40.1779448, -6.36352489999996 ], [ -40.1768562, -6.36339579999998 ], [ -40.175826399999899, -6.36283579999997 ], [ -40.175454499999901, -6.36251809999993 ], [ -40.1749399, -6.36219169999993 ], [ -40.174269099999897, -6.36173849999994 ], [ -40.1732871, -6.36113059999997 ], [ -40.172424, -6.36060849999996 ], [ -40.1714681, -6.36062019999997 ], [ -40.1703439, -6.36061079999996 ], [ -40.1684655, -6.36025609999996 ], [ -40.1673532, -6.360404 ], [ -40.166934, -6.36054869999998 ], [ -40.165010299999899, -6.36076639999993 ], [ -40.164449299999902, -6.36124629999995 ], [ -40.1637936, -6.36214509999996 ], [ -40.162693299999901, -6.36214759999996 ], [ -40.161977799999903, -6.36214659999996 ], [ -40.1614488, -6.36182729999996 ], [ -40.1611722, -6.361134 ], [ -40.1608474, -6.36029719999993 ], [ -40.1606874, -6.35828739999994 ], [ -40.1605163, -6.35666059999994 ], [ -40.1602636, -6.35595519999993 ], [ -40.1600822999999, -6.355259 ], [ -40.1599494, -6.35449619999997 ], [ -40.1596615, -6.35411389999996 ], [ -40.1591705, -6.35381589999997 ], [ -40.1582743, -6.35411509999994 ], [ -40.157367399999899, -6.35414519999995 ], [ -40.1566068, -6.35414689999993 ], [ -40.1560739, -6.35418179999994 ], [ -40.155359599999898, -6.35410869999993 ], [ -40.1547841, -6.35409349999998 ], [ -40.153895299999903, -6.35454059999995 ], [ -40.153397, -6.35510189999997 ], [ -40.153533799999899, -6.35639379999998 ], [ -40.1540818, -6.35755079999996 ], [ -40.154121099999898, -6.35802929999994 ], [ -40.1539877, -6.358288 ], [ -40.1535981, -6.35872229999995 ], [ -40.1526479, -6.35982289999993 ], [ -40.151437499999901, -6.36051439999994 ], [ -40.149370599999898, -6.36098559999994 ], [ -40.1483957, -6.36080839999994 ], [ -40.147343099999901, -6.36075329999994 ], [ -40.1459841, -6.360584 ], [ -40.145141399999901, -6.36024129999993 ], [ -40.144545999999899, -6.35924709999995 ], [ -40.144563499999897, -6.35848129999994 ], [ -40.1450763, -6.35677629999998 ], [ -40.145207899999903, -6.35572309999998 ], [ -40.1449774, -6.35528329999994 ], [ -40.1443831, -6.354806 ], [ -40.1431956, -6.35431089999997 ], [ -40.1426397, -6.35383349999995 ], [ -40.142389099999903, -6.35303 ], [ -40.1421768, -6.35218819999994 ], [ -40.1420992, -6.35169059999993 ], [ -40.141876599999897, -6.35132659999994 ], [ -40.141623, -6.35107059999996 ], [ -40.1408539, -6.35100409999995 ], [ -40.1401840999999, -6.35123129999994 ], [ -40.1396889, -6.35204049999993 ], [ -40.139326299999901, -6.35246249999994 ], [ -40.1390077, -6.35274139999996 ], [ -40.138101699999901, -6.35246519999993 ], [ -40.137641099999897, -6.35185359999997 ], [ -40.137122599999898, -6.35100779999993 ], [ -40.1366143, -6.35059849999993 ], [ -40.1358858, -6.35049989999993 ], [ -40.135201799999898, -6.35040729999997 ], [ -40.1343186, -6.35028769999997 ], [ -40.133362, -6.35024819999995 ], [ -40.1327666, -6.35035009999996 ], [ -40.1323940999999, -6.35062369999997 ], [ -40.1318562, -6.35074689999993 ], [ -40.1311388, -6.350849 ], [ -40.130787499999897, -6.35095019999994 ], [ -40.1301089, -6.35094659999993 ], [ -40.129488299999899, -6.351254 ], [ -40.128964799999899, -6.351291 ], [ -40.1286775, -6.35131319999994 ], [ -40.1281973, -6.35153679999996 ], [ -40.1275229, -6.35173249999997 ], [ -40.126834099999897, -6.35175309999994 ], [ -40.126058, -6.35121879999997 ], [ -40.125234, -6.35069409999994 ], [ -40.1245435, -6.349949 ], [ -40.1239869, -6.34964639999993 ], [ -40.123193, -6.34925319999996 ], [ -40.1219965, -6.34896859999998 ], [ -40.1206855, -6.34876049999997 ], [ -40.119724, -6.34874819999993 ], [ -40.1191337, -6.34864509999994 ], [ -40.1184947, -6.34848849999997 ], [ -40.1180067, -6.34845369999994 ], [ -40.1164778999999, -6.34860639999994 ], [ -40.115594499999901, -6.34854059999998 ], [ -40.113969499999897, -6.348592 ], [ -40.1135358, -6.34869419999995 ], [ -40.1129836, -6.34883729999996 ], [ -40.1123095, -6.34902539999996 ], [ -40.111929599999897, -6.34924159999997 ], [ -40.111628499999902, -6.34937859999997 ], [ -40.111320299999903, -6.34952769999995 ], [ -40.1110050999999, -6.34976759999995 ], [ -40.110708799999898, -6.34991189999994 ], [ -40.1105367, -6.34996009999998 ], [ -40.110297699999897, -6.35006589999995 ], [ -40.1099727, -6.35020059999994 ], [ -40.109599699999897, -6.35026839999995 ], [ -40.1093991, -6.35037409999995 ], [ -40.1091218, -6.35048 ], [ -40.108921199999898, -6.350624 ], [ -40.108671399999899, -6.35081059999993 ], [ -40.108085, -6.35096759999993 ], [ -40.1070716, -6.35129529999995 ], [ -40.1063548, -6.35166049999998 ], [ -40.105710499999901, -6.35248789999997 ], [ -40.1051495, -6.35289549999993 ], [ -40.1048324, -6.35347569999993 ], [ -40.1044982, -6.35381139999993 ], [ -40.104075599999902, -6.35403929999995 ], [ -40.1035024, -6.35445689999995 ], [ -40.1033307, -6.35470849999996 ], [ -40.103051299999898, -6.35491729999995 ], [ -40.1027577, -6.35516209999997 ], [ -40.1020913, -6.35562289999996 ], [ -40.1011354, -6.35615419999993 ], [ -40.0998935, -6.35706619999996 ], [ -40.098359199999898, -6.358682 ], [ -40.0975131, -6.35897819999997 ], [ -40.0956856, -6.36006609999993 ], [ -40.0940479, -6.36088049999995 ], [ -40.0912471, -6.36294269999996 ], [ -40.0890113, -6.36438969999995 ], [ -40.0876148, -6.36527849999993 ], [ -40.0863474, -6.36575729999993 ], [ -40.0856378, -6.36613929999993 ], [ -40.0847987, -6.36653419999993 ], [ -40.0841055, -6.36740829999997 ], [ -40.0843619, -6.36810959999997 ], [ -40.0833511, -6.369739 ], [ -40.0829588, -6.37093149999993 ], [ -40.082638, -6.37194929999993 ], [ -40.0837437, -6.37449549999997 ], [ -40.0842913, -6.37672339999995 ], [ -40.0847906, -6.37754449999994 ], [ -40.0848531, -6.37878869999997 ], [ -40.084401, -6.37992639999993 ], [ -40.081801799999901, -6.38382059999998 ], [ -40.0814574999999, -6.38502979999993 ], [ -40.081448899999899, -6.38664509999995 ], [ -40.081124499999902, -6.38741179999994 ], [ -40.0804347, -6.387784 ], [ -40.0798973, -6.38820389999995 ], [ -40.0793255, -6.389282 ], [ -40.079147099999901, -6.38976089999994 ], [ -40.0791839, -6.39021549999995 ], [ -40.0786479, -6.39124569999996 ], [ -40.078744899999897, -6.39190359999998 ], [ -40.077849899999897, -6.39287459999997 ], [ -40.077851699999897, -6.39371219999992 ], [ -40.077162, -6.395664 ], [ -40.0774041, -6.39702749999998 ], [ -40.076191299999898, -6.39997719999997 ], [ -40.0750093, -6.40147169999995 ], [ -40.074412799999898, -6.40219079999997 ], [ -40.0728746999999, -6.403462 ], [ -40.072095499999897, -6.404055 ], [ -40.071676099999898, -6.40429329999995 ], [ -40.07144, -6.40435049999996 ], [ -40.0711732, -6.40424269999994 ], [ -40.0709305, -6.40405149999998 ], [ -40.070517499999902, -6.40387879999997 ], [ -40.069962599999897, -6.40393959999994 ], [ -40.0693611, -6.40424419999994 ], [ -40.0686722, -6.40459219999997 ], [ -40.066835399999903, -6.40497059999996 ], [ -40.066561599999901, -6.40561729999996 ], [ -40.0659904, -6.40699449999994 ], [ -40.065533699999897, -6.40807919999997 ], [ -40.065278099999901, -6.40958049999995 ], [ -40.0648609, -6.41027539999993 ], [ -40.0634206, -6.41364059999995 ], [ -40.0628033, -6.41590329999997 ], [ -40.061458699999903, -6.41752079999998 ], [ -40.0596896, -6.41853319999996 ], [ -40.0570112999999, -6.42037839999995 ], [ -40.055577899999903, -6.42092269999995 ], [ -40.0532547, -6.42152049999993 ], [ -40.051988999999899, -6.42107079999994 ], [ -40.051367, -6.42106009999998 ], [ -40.0498258, -6.42193669999995 ], [ -40.0473526, -6.42328189999995 ], [ -40.0456914, -6.42401519999993 ], [ -40.043385199999904, -6.42514469999998 ], [ -40.0423696, -6.42570909999995 ], [ -40.0417614, -6.42660769999998 ], [ -40.041523299999902, -6.42718259999998 ], [ -40.0404478, -6.42768729999995 ], [ -40.040018, -6.428095 ], [ -40.0396964, -6.42872979999993 ], [ -40.0388838, -6.42912629999995 ], [ -40.0379647, -6.43010939999994 ], [ -40.0360133, -6.43110969999998 ], [ -40.0334582, -6.43159019999996 ], [ -40.0296149, -6.43571409999993 ], [ -40.0280772, -6.43838779999993 ], [ -40.0281854999999, -6.43874659999994 ], [ -40.0284018, -6.43922479999998 ], [ -40.028534299999897, -6.43969109999995 ], [ -40.028487299999902, -6.44008609999997 ], [ -40.0282017, -6.44085249999995 ], [ -40.0280954999999, -6.44158259999995 ], [ -40.0278577999999, -6.44232489999996 ], [ -40.0286843, -6.44289759999998 ], [ -40.029282099999897, -6.44272889999996 ], [ -40.0306658, -6.44174329999993 ], [ -40.031276299999902, -6.44104969999995 ], [ -40.032251099999897, -6.44052649999998 ], [ -40.0327073999999, -6.44038819999997 ], [ -40.033126, -6.44035149999996 ], [ -40.0333765, -6.44046929999996 ], [ -40.0334152, -6.44070049999993 ], [ -40.0329348, -6.44101349999994 ], [ -40.0324461, -6.44131009999995 ], [ -40.0319206, -6.441706 ], [ -40.031669899999898, -6.44195779999995 ], [ -40.0319107, -6.442759 ], [ -40.032366, -6.443129 ], [ -40.0326425, -6.44377459999993 ], [ -40.032977399999901, -6.44376189999997 ], [ -40.033299499999899, -6.44335449999994 ], [ -40.034342299999899, -6.44274349999995 ], [ -40.0347563999999, -6.44210709999993 ], [ -40.034887, -6.44164019999994 ], [ -40.035028699999899, -6.44113859999993 ], [ -40.035004899999898, -6.44077839999994 ], [ -40.0355668, -6.44062169999995 ], [ -40.0361682, -6.44099879999993 ], [ -40.0369375, -6.44093749999996 ], [ -40.037271599999897, -6.44068 ], [ -40.0377075, -6.440402 ], [ -40.038042399999902, -6.44037739999993 ], [ -40.0382087999999, -6.44055839999993 ], [ -40.038688799999903, -6.44063929999993 ], [ -40.0402235, -6.44240709999997 ], [ -40.0414215, -6.44272919999997 ], [ -40.0423183999999, -6.44315249999994 ], [ -40.042590699999899, -6.443218 ], [ -40.0435868, -6.444268 ], [ -40.044244999999897, -6.44444609999994 ], [ -40.0447124, -6.444852 ], [ -40.0447493, -6.44535449999995 ], [ -40.044438899999903, -6.44564229999997 ], [ -40.0438056, -6.44601449999993 ], [ -40.043533, -6.44722359999997 ], [ -40.0443476, -6.44782019999997 ], [ -40.0452705, -6.44871569999998 ], [ -40.0469351, -6.44963359999997 ], [ -40.0471749, -6.44990829999995 ], [ -40.0468657, -6.45077049999998 ], [ -40.0468313, -6.45148849999993 ], [ -40.0470842, -6.45233749999994 ], [ -40.047755499999901, -6.45300619999995 ], [ -40.048665099999901, -6.45323159999998 ], [ -40.0487611, -6.45342289999996 ], [ -40.0488099, -6.45384159999998 ], [ -40.048571099999897, -6.45404109999993 ], [ -40.048176399999903, -6.45411809999996 ], [ -40.047870499999902, -6.45405829999993 ], [ -40.047350299999898, -6.45377279999997 ], [ -40.0468605, -6.45407289999997 ], [ -40.0473173, -6.45516079999993 ], [ -40.0493891, -6.45631719999994 ], [ -40.0498446, -6.456747 ], [ -40.0495604, -6.45813559999993 ], [ -40.049370699999898, -6.45896159999995 ], [ -40.049026399999903, -6.45955879999997 ], [ -40.048439, -6.45989789999993 ], [ -40.047937499999897, -6.46006059999996 ], [ -40.0478234, -6.46044369999993 ], [ -40.0485227, -6.460806 ], [ -40.0501315, -6.46131 ], [ -40.0508406, -6.46174889999998 ], [ -40.0511223, -6.46193739999995 ], [ -40.051138299999899, -6.46223649999996 ], [ -40.050665299999899, -6.462582 ], [ -40.050335399999902, -6.46273109999993 ], [ -40.049670499999898, -6.46284729999996 ], [ -40.0493792, -6.46310639999996 ], [ -40.049653099999901, -6.46368019999994 ], [ -40.0499702, -6.46428259999993 ], [ -40.0499227, -6.46448369999996 ], [ -40.0497655, -6.46479989999995 ], [ -40.049838099999903, -6.46521609999996 ], [ -40.050168799999902, -6.46545479999997 ], [ -40.0504698, -6.46525309999993 ], [ -40.0506995, -6.46523829999995 ], [ -40.050953299999897, -6.46534779999996 ], [ -40.0508963999999, -6.46561119999996 ], [ -40.050854, -6.46591279999996 ], [ -40.0507592, -6.46637249999998 ], [ -40.05076, -6.46674579999996 ], [ -40.0512014, -6.46733359999996 ], [ -40.0507762, -6.46763119999997 ], [ -40.0501096, -6.46694819999993 ], [ -40.0493592, -6.467347 ], [ -40.049020299999903, -6.46771139999993 ], [ -40.0485169, -6.46788 ], [ -40.0482198, -6.46767 ], [ -40.0476752, -6.468121 ], [ -40.0474758, -6.46885849999995 ], [ -40.047564, -6.46984419999995 ], [ -40.0465884, -6.47010469999998 ], [ -40.0464742999999, -6.47048779999994 ], [ -40.046696499999904, -6.47148289999996 ], [ -40.04687, -6.47212389999993 ], [ -40.0476937, -6.47242849999998 ], [ -40.047877399999898, -6.47334709999996 ], [ -40.0491646, -6.47334039999993 ], [ -40.0497626, -6.47336909999996 ], [ -40.0505479, -6.47357129999995 ], [ -40.0510568, -6.47366269999998 ], [ -40.051295599999897, -6.47416319999996 ], [ -40.0516588999999, -6.47400929999998 ], [ -40.051994299999897, -6.47419049999996 ], [ -40.0520139, -6.47441059999994 ], [ -40.0518901, -6.474698 ], [ -40.0517469, -6.47490889999995 ], [ -40.0515753, -6.47521559999996 ], [ -40.051336499999898, -6.47540749999996 ], [ -40.0512891, -6.47562779999993 ], [ -40.052411, -6.47672629999994 ], [ -40.053032099999903, -6.47700059999994 ], [ -40.0538002, -6.47743169999995 ], [ -40.0542022, -6.47746919999997 ], [ -40.0545951, -6.47772679999997 ], [ -40.055006999999897, -6.47791739999997 ], [ -40.0553424, -6.47811769999993 ], [ -40.055180199999903, -6.47837649999997 ], [ -40.0549321, -6.47870249999994 ], [ -40.0547988, -6.47901869999993 ], [ -40.054820199999902, -6.480129 ], [ -40.0556124, -6.47993969999993 ], [ -40.0557775999999, -6.48030889999995 ], [ -40.055722199999899, -6.481295 ], [ -40.0556179, -6.48176419999993 ], [ -40.055504, -6.48218559999998 ], [ -40.055352099999901, -6.48280809999994 ], [ -40.0551809, -6.48328709999993 ], [ -40.0546265, -6.48362329999998 ], [ -40.0539985999999, -6.48428989999996 ], [ -40.053884299999901, -6.48454859999993 ], [ -40.0545028, -6.48512879999993 ], [ -40.054532299999899, -6.48552359999996 ], [ -40.0540303, -6.48569689999994 ], [ -40.053750299999898, -6.48568319999993 ], [ -40.0531063, -6.48666089999995 ], [ -40.053358699999897, -6.48719159999996 ], [ -40.0541575, -6.48821659999993 ], [ -40.0550977, -6.48869349999995 ], [ -40.056254599999903, -6.48877219999997 ], [ -40.0565634, -6.488872 ], [ -40.0567798, -6.48937409999996 ], [ -40.057879399999898, -6.48930829999995 ], [ -40.0584807, -6.48928439999997 ], [ -40.0588407, -6.48978619999997 ], [ -40.0587626, -6.49022429999997 ], [ -40.058533899999901, -6.49066989999994 ], [ -40.0582052, -6.49139569999994 ], [ -40.057883499999903, -6.49199219999997 ], [ -40.0575832, -6.49258869999994 ], [ -40.0558475, -6.493217 ], [ -40.055281299999898, -6.49363449999993 ], [ -40.055088199999901, -6.49397239999996 ], [ -40.0546497, -6.49412609999996 ], [ -40.0543033, -6.494402 ], [ -40.0539568, -6.49458219999997 ], [ -40.0538258999999, -6.49491749999993 ], [ -40.0538506, -6.49531229999997 ], [ -40.0540788, -6.49573059999994 ], [ -40.054448799999903, -6.49622809999994 ], [ -40.054841399999901, -6.49720829999995 ], [ -40.055369299999903, -6.49795379999995 ], [ -40.0563948, -6.49865049999994 ], [ -40.0578126, -6.49931759999993 ], [ -40.0581774999999, -6.49990069999996 ], [ -40.058780899999903, -6.50010049999997 ], [ -40.059020599999897, -6.50031059999998 ], [ -40.059011499999897, -6.50054989999995 ], [ -40.0590983, -6.500856 ], [ -40.0590316, -6.50099969999997 ], [ -40.0587449, -6.50120129999993 ], [ -40.0585254, -6.50150809999997 ], [ -40.058422699999902, -6.50192759999993 ], [ -40.057693899999897, -6.50204589999993 ], [ -40.057963599999901, -6.502859 ], [ -40.057648599999901, -6.50324249999994 ], [ -40.057313399999899, -6.50314749999995 ], [ -40.0570068, -6.50300459999994 ], [ -40.056969099999897, -6.50325349999997 ], [ -40.057200099999903, -6.50391349999995 ], [ -40.0578328, -6.50441 ], [ -40.0578532, -6.50500339999996 ], [ -40.0586006999999, -6.50547089999998 ], [ -40.0585925, -6.50611219999996 ], [ -40.058497799999898, -6.50658149999992 ], [ -40.058354699999903, -6.50681149999997 ], [ -40.0577615999999, -6.50697549999995 ], [ -40.057172599999902, -6.50716119999993 ], [ -40.0568112999999, -6.50735009999994 ], [ -40.056202799999902, -6.50751479999997 ], [ -40.055915899999903, -6.50763979999994 ], [ -40.0556212, -6.50860719999997 ], [ -40.0556443, -6.51051209999997 ], [ -40.0554457, -6.51110429999994 ], [ -40.054861699999897, -6.51152839999997 ], [ -40.053655799999902, -6.511596 ], [ -40.0535298, -6.51079409999994 ], [ -40.0528978, -6.51064219999995 ], [ -40.0522015, -6.51178279999993 ], [ -40.0516385, -6.51257849999996 ], [ -40.0509612, -6.51321889999997 ], [ -40.050080799999897, -6.51349569999996 ], [ -40.049588399999898, -6.51469349999996 ], [ -40.049932199999901, -6.51588449999997 ], [ -40.0510834, -6.51718389999996 ], [ -40.0514775, -6.517968 ], [ -40.0518236999999, -6.51880009999996 ], [ -40.0524693999999, -6.51936589999997 ], [ -40.0523544, -6.52021559999997 ], [ -40.0522508, -6.52122589999993 ], [ -40.051389899999897, -6.52187369999996 ], [ -40.0509033, -6.52263089999997 ], [ -40.051066999999897, -6.52309 ], [ -40.050962599999899, -6.52350179999996 ], [ -40.050223199999898, -6.52340029999993 ], [ -40.04965, -6.52282489999993 ], [ -40.0486281, -6.52389919999996 ], [ -40.0477008, -6.524418 ], [ -40.0460883, -6.52681439999998 ], [ -40.0454293, -6.52751459999996 ], [ -40.044819699999898, -6.52892289999994 ], [ -40.044122, -6.529403 ], [ -40.0433386999999, -6.53015129999994 ], [ -40.042058499999897, -6.53076559999994 ], [ -40.0407496, -6.53219569999993 ], [ -40.0409574, -6.53882489999995 ], [ -40.0397174, -6.53984149999997 ], [ -40.034536199999899, -6.540039 ], [ -40.032684699999898, -6.54033 ], [ -40.0311086, -6.54185519999993 ], [ -40.030954699999903, -6.54306979999996 ], [ -40.030952, -6.54309109999997 ], [ -40.031252799999898, -6.54751629999993 ], [ -40.033667599999902, -6.55109609999994 ], [ -40.035147499999901, -6.556086 ], [ -40.0348503, -6.55844169999995 ], [ -40.0340083, -6.55977489999998 ], [ -40.0301357, -6.56291949999996 ], [ -40.030272, -6.56938529999996 ], [ -40.0279159, -6.57403029999995 ], [ -40.0272351, -6.57584659999998 ], [ -40.0271675, -6.57782239999995 ], [ -40.026079599999903, -6.58171589999995 ], [ -40.0261955, -6.58267049999995 ], [ -40.030206, -6.584735 ], [ -40.0345133, -6.58678359999993 ], [ -40.0373595, -6.58827769999994 ], [ -40.039303399999902, -6.58899939999998 ], [ -40.0404146, -6.590011 ], [ -40.0404569, -6.59129439999998 ], [ -40.0396709, -6.592942 ] ] ] ] } },
{ "type": "Feature", "properties": { "CD_MUN": "2308104", "NM_MUN": "Mauriti", "CD_RGI": "230012", "NM_RGI": "Brejo Santo", "CD_RGINT": "2304", "NM_RGINT": "Juazeiro do Norte", "CD_UF": "23", "NM_UF": "Ceará", "SIGLA_UF": "CE", "CD_REGIAO": "2", "NM_REGIAO": "Nordeste", "SIGLA_RG": "NE", "CD_CONCURB": null, "NM_CONCURB": null, "AREA_KM2": 1079.01 }, "geometry": { "type": "MultiPolygon", "coordinates": [ [ [ [ -38.635823699999897, -7.47501809999994 ], [ -38.635654, -7.47559009999998 ], [ -38.6356367, -7.47564839999995 ], [ -38.6354985, -7.47700139999995 ], [ -38.634807899999899, -7.47868489999996 ], [ -38.634543, -7.47933079999996 ], [ -38.6333797, -7.48080479999993 ], [ -38.630943, -7.48249889999994 ], [ -38.6305654, -7.48395219999998 ], [ -38.6306951, -7.48524649999996 ], [ -38.6309039, -7.48732979999994 ], [ -38.632188299999903, -7.48887 ], [ -38.6322964, -7.48899959999994 ], [ -38.633688699999901, -7.49066929999998 ], [ -38.6347757999999, -7.49147479999993 ], [ -38.6382417, -7.49212629999994 ], [ -38.642768499999903, -7.49737259999995 ], [ -38.6459957, -7.501926 ], [ -38.6461681, -7.50323539999994 ], [ -38.6449698, -7.50613329999993 ], [ -38.6477391, -7.50889069999994 ], [ -38.648395, -7.51142829999998 ], [ -38.647782, -7.51314639999993 ], [ -38.645941799999903, -7.51437559999994 ], [ -38.6457614999999, -7.51563459999994 ], [ -38.6464753, -7.51754159999996 ], [ -38.648602599999897, -7.51967119999995 ], [ -38.6490148, -7.519907 ], [ -38.6533712, -7.52116389999998 ], [ -38.654657799999903, -7.52222189999998 ], [ -38.6547983, -7.523331 ], [ -38.6536565, -7.52611119999995 ], [ -38.6525, -7.527016 ], [ -38.652421699999898, -7.52707719999995 ], [ -38.6514931, -7.52780379999996 ], [ -38.651279499999902, -7.53086449999995 ], [ -38.651268199999897, -7.53102559999996 ], [ -38.6512772, -7.53107939999995 ], [ -38.652706899999899, -7.53960819999998 ], [ -38.652709, -7.53964189999994 ], [ -38.6527111, -7.53967559999995 ], [ -38.652738499999899, -7.54011679999996 ], [ -38.652774, -7.54068789999997 ], [ -38.655797199999903, -7.54442249999994 ], [ -38.656487599999899, -7.54619349999996 ], [ -38.6563040999999, -7.54823889999994 ], [ -38.6532511, -7.55050409999996 ], [ -38.6529916, -7.55261939999997 ], [ -38.653573, -7.55456839999994 ], [ -38.654317999999897, -7.55520529999995 ], [ -38.6550478999999, -7.55716189999993 ], [ -38.657552, -7.55884779999997 ], [ -38.6591309, -7.56062009999994 ], [ -38.6591432, -7.56114489999993 ], [ -38.659155499999898, -7.56167039999997 ], [ -38.658468, -7.56235389999995 ], [ -38.6558499, -7.56354239999996 ], [ -38.6552715, -7.56454329999997 ], [ -38.6553251, -7.565543 ], [ -38.657189, -7.56590259999996 ], [ -38.6611819, -7.56829179999994 ], [ -38.6744677, -7.56933129999993 ], [ -38.6771712, -7.57056959999994 ], [ -38.6798446, -7.574723 ], [ -38.6829915, -7.57874319999996 ], [ -38.686059, -7.5812 ], [ -38.688817099999902, -7.582186 ], [ -38.694828899999898, -7.58250919999995 ], [ -38.6971877, -7.58210079999998 ], [ -38.6999537, -7.58118539999998 ], [ -38.7026142, -7.58102159999993 ], [ -38.7036588, -7.58095729999997 ], [ -38.706942599999898, -7.58367759999993 ], [ -38.709268, -7.585071 ], [ -38.7095246, -7.58599829999997 ], [ -38.711025, -7.586634 ], [ -38.711192299999901, -7.58754949999997 ], [ -38.7103326, -7.59073739999997 ], [ -38.7110754, -7.59273789999997 ], [ -38.7112140999999, -7.59469329999996 ], [ -38.710641399999901, -7.59563519999995 ], [ -38.710193499999903, -7.59705479999997 ], [ -38.710170199999901, -7.59712849999994 ], [ -38.7100740999999, -7.59743329999998 ], [ -38.7120738, -7.59799919999995 ], [ -38.7140745, -7.59934239999995 ], [ -38.713272399999902, -7.60243439999994 ], [ -38.712272599999899, -7.60425329999993 ], [ -38.713022599999903, -7.60835339999994 ], [ -38.713828799999902, -7.608879 ], [ -38.7176072, -7.60870969999996 ], [ -38.7182993, -7.60935549999994 ], [ -38.7180218, -7.61030579999994 ], [ -38.715606799999897, -7.612086 ], [ -38.715082799999898, -7.61485709999994 ], [ -38.714974299999902, -7.61627279999993 ], [ -38.7151129, -7.62191949999993 ], [ -38.7152118999999, -7.62197 ], [ -38.7152742, -7.62200169999994 ], [ -38.7166005, -7.62511039999993 ], [ -38.717232, -7.62623639999993 ], [ -38.7758625, -7.60422769999997 ], [ -38.8147678, -7.55047279999997 ], [ -38.8281981, -7.53191639999994 ], [ -38.8376104, -7.51891149999994 ], [ -38.854303199999897, -7.49584729999998 ], [ -38.881204399999902, -7.45867839999994 ], [ -38.8823563, -7.45708689999998 ], [ -38.8811056, -7.45127789999998 ], [ -38.8675775, -7.38844509999996 ], [ -38.860262, -7.35446689999998 ], [ -38.8548043, -7.34544759999994 ], [ -38.8470459, -7.33262609999997 ], [ -38.829758899999902, -7.30405769999993 ], [ -38.829470699999902, -7.30358139999993 ], [ -38.8259073, -7.29769249999993 ], [ -38.825718499999901, -7.29738059999994 ], [ -38.810564699999901, -7.27233759999996 ], [ -38.806435599999901, -7.26551379999995 ], [ -38.8027627, -7.25944389999995 ], [ -38.8021153, -7.25837409999997 ], [ -38.8011815, -7.25683089999995 ], [ -38.800947, -7.25644329999994 ], [ -38.800439099999899, -7.25560409999997 ], [ -38.7919891, -7.24163969999995 ], [ -38.783014099999903, -7.22680769999994 ], [ -38.7828096, -7.22757319999994 ], [ -38.7821208, -7.22847629999995 ], [ -38.7813295, -7.22940569999997 ], [ -38.7805873, -7.23028609999994 ], [ -38.779570799999902, -7.23082649999998 ], [ -38.7785605, -7.23107019999998 ], [ -38.778149, -7.23126829999995 ], [ -38.7776090999999, -7.23152809999993 ], [ -38.7769066, -7.23257649999994 ], [ -38.7759374, -7.23431009999996 ], [ -38.7746849, -7.23543929999994 ], [ -38.7735144, -7.23584129999995 ], [ -38.7718004, -7.23616879999997 ], [ -38.769194, -7.23672649999997 ], [ -38.767055399999897, -7.23656439999996 ], [ -38.765682399999903, -7.236039 ], [ -38.7642698, -7.23517349999997 ], [ -38.762615799999899, -7.23494919999996 ], [ -38.7613638999999, -7.23514939999995 ], [ -38.758593399999903, -7.23766989999996 ], [ -38.757196399999899, -7.23795409999997 ], [ -38.755056099999898, -7.237792 ], [ -38.754827599999899, -7.23775059999997 ], [ -38.7521495, -7.23726569999997 ], [ -38.7475861, -7.23690049999993 ], [ -38.738407, -7.23760349999998 ], [ -38.738362, -7.23759969999998 ], [ -38.7383326, -7.23759719999993 ], [ -38.7383144, -7.23759559999996 ], [ -38.729911899999898, -7.23688 ], [ -38.724810499999897, -7.23644549999995 ], [ -38.7201213, -7.23604609999995 ], [ -38.7186313999999, -7.23591919999996 ], [ -38.7182528, -7.235887 ], [ -38.709415, -7.23513419999995 ], [ -38.706791, -7.23491069999994 ], [ -38.7057487, -7.234822 ], [ -38.6982345, -7.234182 ], [ -38.6725453, -7.231994 ], [ -38.667211199999898, -7.22862079999993 ], [ -38.6649499, -7.22801309999994 ], [ -38.6618971, -7.22699909999994 ], [ -38.6608634, -7.22600829999993 ], [ -38.6595713, -7.22419089999994 ], [ -38.6582189, -7.22299949999996 ], [ -38.6562292, -7.22258459999995 ], [ -38.654128399999898, -7.22294569999997 ], [ -38.6523905, -7.22367079999998 ], [ -38.6511376999999, -7.22366979999993 ], [ -38.6499386, -7.22351239999995 ], [ -38.649118799999897, -7.22233679999994 ], [ -38.648453, -7.22120559999996 ], [ -38.6480099, -7.22023649999994 ], [ -38.647323099999902, -7.21938839999996 ], [ -38.6462327, -7.219146 ], [ -38.645141899999899, -7.21938669999997 ], [ -38.6437273, -7.22027389999994 ], [ -38.642595099999902, -7.22132229999994 ], [ -38.641867299999902, -7.22196749999995 ], [ -38.6408572, -7.22216839999993 ], [ -38.6357323, -7.22192459999997 ], [ -38.6334232, -7.22224389999997 ], [ -38.630246, -7.221379 ], [ -38.6273763, -7.22104159999998 ], [ -38.624969399999898, -7.22109639999996 ], [ -38.6223562, -7.22002689999994 ], [ -38.6200281, -7.22010669999997 ], [ -38.6199803, -7.22010889999996 ], [ -38.6199702, -7.22012 ], [ -38.619568199999897, -7.22055749999993 ], [ -38.6182789, -7.22196059999993 ], [ -38.6181616, -7.22208819999997 ], [ -38.616421199999898, -7.22511289999994 ], [ -38.6163706, -7.22520089999995 ], [ -38.615367999999897, -7.23018579999996 ], [ -38.6147627, -7.23051979999997 ], [ -38.6091693, -7.23360619999994 ], [ -38.6056988, -7.23663559999994 ], [ -38.6054245999999, -7.236875 ], [ -38.601477799999898, -7.23445669999995 ], [ -38.6014311, -7.23447419999997 ], [ -38.6006442999999, -7.23476839999995 ], [ -38.6006242, -7.23498249999994 ], [ -38.6004761, -7.23655969999993 ], [ -38.599687699999897, -7.23726849999997 ], [ -38.5996397, -7.23727889999998 ], [ -38.5987886, -7.23746279999995 ], [ -38.5982366, -7.23858059999998 ], [ -38.598157, -7.23874189999998 ], [ -38.5976633, -7.24418839999993 ], [ -38.595113, -7.24652889999993 ], [ -38.592774, -7.24761409999996 ], [ -38.587742299999903, -7.24864349999996 ], [ -38.583083499999901, -7.24838269999998 ], [ -38.5778099, -7.24605529999997 ], [ -38.5633839, -7.24193049999997 ], [ -38.558878299999897, -7.23941709999997 ], [ -38.5576837, -7.23939369999994 ], [ -38.5572324, -7.23956659999993 ], [ -38.5571659, -7.239592 ], [ -38.5569317, -7.23968169999995 ], [ -38.554828799999903, -7.24048879999998 ], [ -38.5546363, -7.24068949999997 ], [ -38.5519621, -7.24347849999998 ], [ -38.5521998, -7.24668029999998 ], [ -38.5522124, -7.24684969999993 ], [ -38.5544449, -7.25185709999994 ], [ -38.554606299999897, -7.25313739999996 ], [ -38.554908899999901, -7.25553939999998 ], [ -38.5538291, -7.25999619999993 ], [ -38.5520998, -7.26356009999995 ], [ -38.551896, -7.26371859999995 ], [ -38.5490784, -7.26590869999995 ], [ -38.547486999999897, -7.26652869999998 ], [ -38.542842699999902, -7.26565379999994 ], [ -38.5421454, -7.26590159999995 ], [ -38.542078699999898, -7.26677269999993 ], [ -38.5429397999999, -7.26795279999993 ], [ -38.5431371, -7.26907179999995 ], [ -38.5433338, -7.27292509999995 ], [ -38.542503199999899, -7.27534719999994 ], [ -38.542631099999902, -7.27839129999995 ], [ -38.541632499999899, -7.280876 ], [ -38.5384134, -7.28267449999993 ], [ -38.5382789, -7.28472649999998 ], [ -38.536286899999901, -7.28646409999993 ], [ -38.5364843, -7.28832709999995 ], [ -38.5350151, -7.29006439999995 ], [ -38.5348399, -7.29046009999996 ], [ -38.5345869, -7.293793 ], [ -38.535342399999898, -7.29673639999993 ], [ -38.535512099999899, -7.29739769999998 ], [ -38.5356839, -7.297522 ], [ -38.5382647, -7.29938889999994 ], [ -38.5385688, -7.30197859999993 ], [ -38.5387269, -7.303326 ], [ -38.539102699999901, -7.30441689999998 ], [ -38.5401103, -7.30621859999997 ], [ -38.542318, -7.30682689999998 ], [ -38.5460444, -7.31271389999995 ], [ -38.5496548, -7.31440619999995 ], [ -38.5503552, -7.31546419999995 ], [ -38.5513273, -7.31940359999993 ], [ -38.5513738, -7.32014129999993 ], [ -38.5512108, -7.32219609999993 ], [ -38.5493374, -7.32538779999993 ], [ -38.5490829, -7.32582139999994 ], [ -38.548657799999901, -7.32654609999997 ], [ -38.5485231, -7.33213169999993 ], [ -38.5493825, -7.33499759999995 ], [ -38.551377199999898, -7.33791689999993 ], [ -38.551553, -7.33848219999993 ], [ -38.552211499999899, -7.34060029999995 ], [ -38.5531414, -7.34359119999993 ], [ -38.553389599999903, -7.34438949999998 ], [ -38.5541635, -7.34561869999993 ], [ -38.556299, -7.34619789999994 ], [ -38.5572448, -7.34712889999997 ], [ -38.5576619, -7.34817419999996 ], [ -38.5577149, -7.35174789999996 ], [ -38.5583543, -7.35393589999995 ], [ -38.5611835999999, -7.35826409999993 ], [ -38.5632441999999, -7.35968109999993 ], [ -38.5645484, -7.36118819999996 ], [ -38.5676620999999, -7.36546749999997 ], [ -38.570949299999903, -7.37103919999993 ], [ -38.5744429, -7.37513479999996 ], [ -38.5764814999999, -7.37660889999995 ], [ -38.577119599999897, -7.37729749999994 ], [ -38.5786649, -7.37974829999996 ], [ -38.578993399999902, -7.38093919999994 ], [ -38.5781929, -7.38388129999993 ], [ -38.5781287, -7.38620159999994 ], [ -38.5807209, -7.39114059999997 ], [ -38.5810233999999, -7.391717 ], [ -38.581164, -7.39207069999998 ], [ -38.583602599999899, -7.39820469999995 ], [ -38.58451, -7.39931129999997 ], [ -38.584574599999897, -7.39939009999995 ], [ -38.5861015999999, -7.40003419999994 ], [ -38.588607, -7.40017989999996 ], [ -38.590385, -7.40118169999994 ], [ -38.591485299999903, -7.40459979999997 ], [ -38.5953292, -7.41148119999997 ], [ -38.5961253, -7.41475549999996 ], [ -38.595915799999901, -7.41510219999998 ], [ -38.5956274, -7.41557919999997 ], [ -38.58996, -7.41460519999993 ], [ -38.589467899999903, -7.41461879999997 ], [ -38.5872744, -7.41467949999998 ], [ -38.586078, -7.41506139999996 ], [ -38.584497499999898, -7.416351 ], [ -38.584276799999898, -7.41709659999998 ], [ -38.5834351, -7.41994029999995 ], [ -38.586044899999898, -7.42783649999996 ], [ -38.585860099999898, -7.42838659999995 ], [ -38.5842507, -7.43317789999998 ], [ -38.5853008, -7.43481509999998 ], [ -38.587616099999899, -7.43374149999994 ], [ -38.5915227, -7.43306019999994 ], [ -38.5936445, -7.43336809999994 ], [ -38.5937205, -7.43339949999995 ], [ -38.5950182999999, -7.43393739999993 ], [ -38.5958591, -7.43767349999996 ], [ -38.5960744, -7.43863039999997 ], [ -38.5978178, -7.44001829999996 ], [ -38.605803099999903, -7.44457449999993 ], [ -38.605155399999902, -7.44633649999997 ], [ -38.605026, -7.44668859999996 ], [ -38.6043076, -7.44794969999998 ], [ -38.6039757, -7.44853239999998 ], [ -38.6028441999999, -7.45355829999994 ], [ -38.603328, -7.457592 ], [ -38.604010899999899, -7.45772809999994 ], [ -38.6055521, -7.45803539999997 ], [ -38.6096024, -7.45729709999995 ], [ -38.613887, -7.45740789999996 ], [ -38.6161056, -7.45693819999997 ], [ -38.6171843, -7.45716739999995 ], [ -38.6219958, -7.46066979999995 ], [ -38.627327299999898, -7.46050559999998 ], [ -38.6380788, -7.45794929999994 ], [ -38.6417139, -7.45817609999995 ], [ -38.644918699999899, -7.46001879999994 ], [ -38.646257299999903, -7.46271809999996 ], [ -38.6461725999999, -7.46333909999993 ], [ -38.6416907, -7.46496749999994 ], [ -38.6409403, -7.46970559999994 ], [ -38.636249, -7.47358519999995 ], [ -38.636209699999903, -7.47371759999993 ], [ -38.635823699999897, -7.47501809999994 ] ] ] ] } },
{ "type": "Feature", "properties": { "CD_MUN": "2307304", "NM_MUN": "Juazeiro do Norte", "CD_RGI": "230011", "NM_RGI": "Juazeiro do Norte", "CD_RGINT": "2304", "NM_RGINT": "Juazeiro do Norte", "CD_UF": "23", "NM_UF": "Ceará", "SIGLA_UF": "CE", "CD_REGIAO": "2", "NM_REGIAO": "Nordeste", "SIGLA_RG": "NE", "CD_CONCURB": "2307304", "NM_CONCURB": "Juazeiro do Norte/CE", "AREA_KM2": 258.788 }, "geometry": { "type": "MultiPolygon", "coordinates": [ [ [ [ -39.310942399999902, -7.26081989999994 ], [ -39.310983, -7.26077979999997 ], [ -39.311053699999903, -7.26074439999996 ], [ -39.3143873, -7.26074089999997 ], [ -39.3148067, -7.26074639999996 ], [ -39.3152655, -7.26074879999993 ], [ -39.315586499999903, -7.26075059999994 ], [ -39.3159213, -7.260752 ], [ -39.3166143, -7.26075789999993 ], [ -39.3167968999999, -7.26076129999996 ], [ -39.3168827, -7.26076319999993 ], [ -39.3172554, -7.26076509999996 ], [ -39.3177454, -7.26077619999995 ], [ -39.3181939, -7.26077959999998 ], [ -39.3182682, -7.260772 ], [ -39.318688699999903, -7.26072889999995 ], [ -39.319984799999901, -7.26060389999998 ], [ -39.3200782, -7.26060049999995 ], [ -39.3200740999999, -7.26061829999998 ], [ -39.3200641, -7.26066269999995 ], [ -39.320041699999898, -7.26071339999993 ], [ -39.319941399999898, -7.26096889999997 ], [ -39.3192951999999, -7.26244229999998 ], [ -39.319218099999901, -7.26262089999994 ], [ -39.3192227, -7.26269149999996 ], [ -39.319254, -7.262722 ], [ -39.3193304, -7.26272609999995 ], [ -39.319505999999897, -7.26270709999994 ], [ -39.3197456, -7.26268719999996 ], [ -39.3200782, -7.26264259999994 ], [ -39.3205027999999, -7.26260259999998 ], [ -39.320677499999903, -7.26261479999994 ], [ -39.3210675999999, -7.262665 ], [ -39.3214871, -7.262722 ], [ -39.3220449, -7.262807 ], [ -39.322167599999901, -7.26293249999998 ], [ -39.3229537, -7.26299919999997 ], [ -39.3244055, -7.26304569999996 ], [ -39.3250763, -7.263076 ], [ -39.3264773, -7.263086 ], [ -39.326523, -7.26202369999993 ], [ -39.3266325, -7.26203209999994 ], [ -39.3271996, -7.26215309999998 ], [ -39.3277863, -7.262263 ], [ -39.3291616, -7.262536 ], [ -39.3302082, -7.26274569999993 ], [ -39.3319351, -7.26308639999996 ], [ -39.3331747, -7.26332179999997 ], [ -39.3333216999999, -7.26335459999996 ], [ -39.334469399999897, -7.26358829999998 ], [ -39.3355536, -7.26381329999998 ], [ -39.3356191, -7.26382689999997 ], [ -39.3360362, -7.26391349999994 ], [ -39.3374181, -7.26419179999994 ], [ -39.3391381, -7.26451419999995 ], [ -39.3403936, -7.264733 ], [ -39.341794299999897, -7.26500789999994 ], [ -39.3420823, -7.26506439999997 ], [ -39.3434425, -7.26535069999994 ], [ -39.3437206, -7.26540929999993 ], [ -39.3458049, -7.265856 ], [ -39.346434499999901, -7.265993 ], [ -39.346529, -7.266 ], [ -39.3465962, -7.26595789999993 ], [ -39.3466293, -7.26587069999994 ], [ -39.346700199999901, -7.26550769999994 ], [ -39.347051899999897, -7.26382469999993 ], [ -39.347605, -7.261203 ], [ -39.3492252, -7.25480919999995 ], [ -39.3501406, -7.25497829999995 ], [ -39.3506093, -7.25508209999998 ], [ -39.3508212, -7.25515259999997 ], [ -39.353032599999899, -7.24428409999996 ], [ -39.3533434, -7.24275629999994 ], [ -39.3542887, -7.23811029999996 ], [ -39.3552812, -7.23240619999996 ], [ -39.3560633, -7.22791189999998 ], [ -39.357042799999903, -7.227365 ], [ -39.3578317, -7.22571279999994 ], [ -39.3582501, -7.22484119999996 ], [ -39.363981899999899, -7.21289909999996 ], [ -39.3641319, -7.21020919999995 ], [ -39.3646866, -7.20026249999995 ], [ -39.3657845, -7.18057579999993 ], [ -39.3665124, -7.16752259999993 ], [ -39.3667035, -7.16410559999997 ], [ -39.366501099999901, -7.16341259999996 ], [ -39.3662709, -7.16291489999998 ], [ -39.3660044, -7.16252589999993 ], [ -39.3657241, -7.162005 ], [ -39.365469899999901, -7.16154249999994 ], [ -39.365250199999899, -7.16114879999998 ], [ -39.3651146, -7.16089359999995 ], [ -39.3649915, -7.16072019999996 ], [ -39.3647731, -7.16056279999998 ], [ -39.3646805999999, -7.16052519999994 ], [ -39.3645673, -7.16047919999994 ], [ -39.3644424, -7.16042849999997 ], [ -39.3643807999999, -7.16040349999997 ], [ -39.3642677, -7.16036479999997 ], [ -39.364163, -7.160329 ], [ -39.364003099999898, -7.16027429999997 ], [ -39.3638263, -7.16021379999995 ], [ -39.3636926, -7.16016809999996 ], [ -39.3636504, -7.16015369999997 ], [ -39.3630117, -7.15987539999998 ], [ -39.3628639, -7.15982859999997 ], [ -39.3623329, -7.15979639999995 ], [ -39.3620194, -7.15980169999995 ], [ -39.3617262, -7.15977179999993 ], [ -39.361453299999901, -7.15971319999994 ], [ -39.3609795, -7.15945889999995 ], [ -39.3606511, -7.15925189999996 ], [ -39.359907099999901, -7.15798539999997 ], [ -39.359642, -7.15765919999996 ], [ -39.3593635, -7.15743 ], [ -39.3585133999999, -7.157025 ], [ -39.3570228, -7.15612049999993 ], [ -39.3560156, -7.15521919999998 ], [ -39.3549209, -7.15433969999998 ], [ -39.3540680999999, -7.15322389999994 ], [ -39.353457999999897, -7.152482 ], [ -39.353208, -7.15205639999994 ], [ -39.3529788, -7.15157679999993 ], [ -39.3526947, -7.15105219999998 ], [ -39.3522277, -7.15020869999995 ], [ -39.3517490999999, -7.14940189999993 ], [ -39.3513072, -7.14857269999993 ], [ -39.3509979, -7.14802269999996 ], [ -39.350901399999898, -7.14780939999997 ], [ -39.3508206999999, -7.14744269999994 ], [ -39.3507576, -7.14702979999993 ], [ -39.350652899999901, -7.14669459999993 ], [ -39.350422799999897, -7.14626749999996 ], [ -39.3502558, -7.14606249999997 ], [ -39.3499732, -7.145792 ], [ -39.3496921, -7.14540769999996 ], [ -39.3494382, -7.14498219999996 ], [ -39.34922, -7.14475129999994 ], [ -39.3490699, -7.14459919999996 ], [ -39.3487795, -7.14441479999994 ], [ -39.3485357, -7.14430449999998 ], [ -39.3483241, -7.14426409999993 ], [ -39.3481029, -7.144237 ], [ -39.34786, -7.14420079999996 ], [ -39.3474955, -7.14397189999994 ], [ -39.3467199, -7.14345679999997 ], [ -39.346314499999899, -7.14322919999995 ], [ -39.3461295, -7.14313039999996 ], [ -39.3459463, -7.14288789999995 ], [ -39.3458055, -7.14263119999993 ], [ -39.345727399999902, -7.14248559999993 ], [ -39.3456454, -7.14236289999997 ], [ -39.345404099999897, -7.14226559999997 ], [ -39.3451284, -7.14223739999994 ], [ -39.3450538, -7.14223719999995 ], [ -39.3448043, -7.14221119999996 ], [ -39.3444211999999, -7.14207149999993 ], [ -39.3438465999999, -7.14179789999997 ], [ -39.3436333, -7.141684 ], [ -39.3434149, -7.14143979999994 ], [ -39.343257, -7.14116879999995 ], [ -39.343131399999898, -7.14105979999994 ], [ -39.3432227, -7.14071529999995 ], [ -39.3433917, -7.13989779999997 ], [ -39.3435944, -7.13848139999993 ], [ -39.3439801, -7.13538159999996 ], [ -39.3440533, -7.13425749999993 ], [ -39.3439678, -7.133379 ], [ -39.3439079, -7.13282529999998 ], [ -39.343834899999898, -7.132565 ], [ -39.342974399999903, -7.13110779999994 ], [ -39.3427343, -7.13073679999997 ], [ -39.3424901, -7.13024719999993 ], [ -39.3424573, -7.130102 ], [ -39.3425073, -7.12964229999994 ], [ -39.3425174, -7.12934649999994 ], [ -39.3423177, -7.12884249999996 ], [ -39.3416174, -7.127677 ], [ -39.340953399999897, -7.12674539999995 ], [ -39.3404047, -7.12557339999995 ], [ -39.339761399999901, -7.12315069999994 ], [ -39.339345299999898, -7.119852 ], [ -39.3392072, -7.11876189999998 ], [ -39.3391774, -7.11868779999998 ], [ -39.339147599999897, -7.11798909999993 ], [ -39.3392565, -7.11732729999994 ], [ -39.339568799999903, -7.11659889999993 ], [ -39.339825, -7.11518809999995 ], [ -39.3400252, -7.11382369999995 ], [ -39.340057, -7.11324459999997 ], [ -39.3401272, -7.11279519999994 ], [ -39.3402821, -7.11180339999993 ], [ -39.3402383, -7.11078459999993 ], [ -39.3402368, -7.10994149999993 ], [ -39.340161, -7.10860949999994 ], [ -39.329717699999897, -7.109023 ], [ -39.294704, -7.11040929999996 ], [ -39.2927632, -7.11030549999998 ], [ -39.2896479, -7.10741909999996 ], [ -39.288312399999903, -7.10636089999997 ], [ -39.286933099999899, -7.10634089999996 ], [ -39.285998199999902, -7.10564739999995 ], [ -39.285304799999899, -7.10456819999996 ], [ -39.284319099999898, -7.10246519999993 ], [ -39.2833835, -7.10052719999993 ], [ -39.2832329, -7.098739 ], [ -39.2832508, -7.09666149999993 ], [ -39.283239, -7.09472819999996 ], [ -39.282522599999901, -7.09394089999995 ], [ -39.2817737, -7.09318049999996 ], [ -39.2811265, -7.09267829999993 ], [ -39.279877199999902, -7.09264429999996 ], [ -39.2787486, -7.09282869999993 ], [ -39.2773653, -7.09347809999997 ], [ -39.2754631, -7.09415589999998 ], [ -39.274526299999899, -7.09377119999994 ], [ -39.2732142999999, -7.09353759999993 ], [ -39.272366599999899, -7.09345209999998 ], [ -39.269756, -7.09436089999997 ], [ -39.2675068, -7.09392259999993 ], [ -39.2663831, -7.09404539999997 ], [ -39.265828199999902, -7.09440069999994 ], [ -39.2653458, -7.09485289999998 ], [ -39.2649423, -7.09560119999998 ], [ -39.2647127, -7.09635029999993 ], [ -39.2643962, -7.09709949999996 ], [ -39.2635893, -7.09789149999995 ], [ -39.2616866, -7.09839639999996 ], [ -39.2601882, -7.09898789999994 ], [ -39.2590638, -7.09953579999996 ], [ -39.2575075, -7.10015539999995 ], [ -39.2546002999999, -7.10165119999994 ], [ -39.253644699999903, -7.10259649999995 ], [ -39.252524999999899, -7.10370429999995 ], [ -39.251216, -7.10440769999997 ], [ -39.2499415, -7.10531 ], [ -39.249193499999897, -7.10654879999993 ], [ -39.2489747, -7.10739679999995 ], [ -39.2485854, -7.10933739999996 ], [ -39.2480573, -7.11078589999994 ], [ -39.246195499999899, -7.11428219999993 ], [ -39.245851, -7.11549809999997 ], [ -39.2447726, -7.11752729999995 ], [ -39.244739, -7.11759059999997 ], [ -39.244051199999902, -7.11833429999996 ], [ -39.2414739, -7.119819 ], [ -39.2396998, -7.12109619999995 ], [ -39.2382717999999, -7.122325 ], [ -39.2366256, -7.12328569999994 ], [ -39.237403, -7.12529579999995 ], [ -39.2368714, -7.12600689999994 ], [ -39.2376163, -7.12743029999996 ], [ -39.2396646, -7.12869209999997 ], [ -39.2417467, -7.129533 ], [ -39.2426604, -7.13052959999993 ], [ -39.2427008, -7.13118009999994 ], [ -39.241672799999897, -7.132947 ], [ -39.2409226, -7.13344919999997 ], [ -39.2399918, -7.13378609999995 ], [ -39.239029199999898, -7.13386 ], [ -39.2380332, -7.13387219999993 ], [ -39.2370003999999, -7.13377079999998 ], [ -39.235881999999897, -7.13341239999994 ], [ -39.234588899999899, -7.13260659999997 ], [ -39.2334241, -7.13219079999993 ], [ -39.232762599999901, -7.13171719999997 ], [ -39.231914199999899, -7.13150219999994 ], [ -39.2312383, -7.13110049999995 ], [ -39.2305335, -7.13041149999998 ], [ -39.230331799999902, -7.12955 ], [ -39.2301229, -7.12860949999992 ], [ -39.228419899999899, -7.12806239999998 ], [ -39.2270109, -7.12791829999998 ], [ -39.226974, -7.12793259999995 ], [ -39.2235228, -7.12927549999995 ], [ -39.2215388, -7.12931479999997 ], [ -39.2202927, -7.12921009999997 ], [ -39.219104, -7.12868409999993 ], [ -39.2175731, -7.12757319999997 ], [ -39.2163343, -7.12711609999997 ], [ -39.2147608, -7.12751829999996 ], [ -39.2136249, -7.12736089999993 ], [ -39.212575199999897, -7.126988 ], [ -39.2114248, -7.12641409999998 ], [ -39.2096579, -7.125204 ], [ -39.2087663, -7.126244 ], [ -39.2084904, -7.12807539999994 ], [ -39.208614, -7.12985869999994 ], [ -39.2092716, -7.13085619999993 ], [ -39.2096078, -7.13149139999996 ], [ -39.209397099999897, -7.13304979999998 ], [ -39.209368299999902, -7.13304689999995 ], [ -39.208005899999897, -7.13547019999993 ], [ -39.2061403, -7.13752609999995 ], [ -39.2057343, -7.13836939999993 ], [ -39.2051178, -7.13895039999994 ], [ -39.2039588, -7.13947559999997 ], [ -39.2029957, -7.139968 ], [ -39.201724899999903, -7.14008639999997 ], [ -39.201045399999899, -7.13972739999997 ], [ -39.199474, -7.13909709999996 ], [ -39.1984864, -7.13907 ], [ -39.1976953, -7.13940409999998 ], [ -39.1972337999999, -7.14028989999997 ], [ -39.195865099999899, -7.14083779999993 ], [ -39.1951008, -7.14214069999997 ], [ -39.1944817, -7.14290439999996 ], [ -39.1932743, -7.14364009999997 ], [ -39.192584399999902, -7.14431529999996 ], [ -39.1928435, -7.14504759999994 ], [ -39.1929408, -7.14634609999996 ], [ -39.1933347, -7.14742719999998 ], [ -39.1932907, -7.14862319999997 ], [ -39.1933055, -7.14951349999996 ], [ -39.1934026, -7.15064209999997 ], [ -39.193621699999902, -7.15216749999996 ], [ -39.194494399999897, -7.15325849999994 ], [ -39.1955467, -7.15409609999995 ], [ -39.1954754, -7.15536459999993 ], [ -39.195691399999902, -7.15634579999994 ], [ -39.1968537, -7.15652479999994 ], [ -39.1979681, -7.15682349999997 ], [ -39.198577, -7.15729289999996 ], [ -39.1990102, -7.15804889999993 ], [ -39.2014057, -7.16119589999994 ], [ -39.202346299999903, -7.162088 ], [ -39.2033274, -7.16334239999998 ], [ -39.204093999999898, -7.16462749999994 ], [ -39.2042705, -7.16553569999996 ], [ -39.2040193, -7.16690449999993 ], [ -39.2028424, -7.16830689999995 ], [ -39.2025422, -7.16913859999994 ], [ -39.2021099, -7.17054359999997 ], [ -39.2020089, -7.17203779999994 ], [ -39.201610199999898, -7.17394319999994 ], [ -39.201228899999897, -7.17522609999997 ], [ -39.2003716, -7.17627489999995 ], [ -39.199608399999903, -7.176884 ], [ -39.1985627, -7.17803679999997 ], [ -39.197705299999903, -7.17889649999995 ], [ -39.1967581, -7.17986759999997 ], [ -39.196995399999899, -7.18085419999994 ], [ -39.1977926, -7.18301219999995 ], [ -39.1982494, -7.18400929999996 ], [ -39.1990766, -7.18502129999996 ], [ -39.2000403, -7.18581789999996 ], [ -39.2007594, -7.18626989999996 ], [ -39.2017518, -7.18691569999993 ], [ -39.2030358, -7.187172 ], [ -39.203780299999899, -7.18757019999993 ], [ -39.2068431, -7.18852259999994 ], [ -39.2080513, -7.18967039999995 ], [ -39.2082376, -7.18984739999996 ], [ -39.209209499999901, -7.19119029999996 ], [ -39.212235899999897, -7.19645469999995 ], [ -39.2132437, -7.19845719999995 ], [ -39.2133613, -7.19963289999993 ], [ -39.213434499999899, -7.20104189999995 ], [ -39.2133382, -7.20225859999994 ], [ -39.2141602, -7.20664279999994 ], [ -39.2143526, -7.20807269999995 ], [ -39.2149688, -7.21114179999995 ], [ -39.2151694, -7.21214109999994 ], [ -39.215218799999903, -7.21250639999994 ], [ -39.2153964, -7.21381939999998 ], [ -39.215559799999902, -7.21502809999993 ], [ -39.215849799999901, -7.21717219999994 ], [ -39.2159147, -7.21891349999993 ], [ -39.2158233, -7.22141009999996 ], [ -39.216626, -7.22162149999997 ], [ -39.217485, -7.22184769999996 ], [ -39.2179902, -7.22196079999998 ], [ -39.2180976, -7.22198489999994 ], [ -39.219232299999902, -7.222239 ], [ -39.2336577, -7.22547 ], [ -39.2349452, -7.22830289999996 ], [ -39.235355, -7.22932629999997 ], [ -39.2356095, -7.22987639999997 ], [ -39.2357253, -7.23012679999994 ], [ -39.235914599999901, -7.230536 ], [ -39.2362603, -7.23128329999997 ], [ -39.236552, -7.23191369999995 ], [ -39.236969299999899, -7.23281579999997 ], [ -39.2370759, -7.23304609999997 ], [ -39.237289599999897, -7.233508 ], [ -39.2347717, -7.24746119999998 ], [ -39.2360457, -7.24731619999994 ], [ -39.2378686, -7.24700069999994 ], [ -39.2393407, -7.24676209999996 ], [ -39.240982099999897, -7.24647819999996 ], [ -39.2425299, -7.24620739999995 ], [ -39.2441385, -7.24591219999996 ], [ -39.2458101, -7.24560679999996 ], [ -39.2474839, -7.24534639999996 ], [ -39.2486706, -7.24514629999993 ], [ -39.2494636, -7.24592389999998 ], [ -39.2507759, -7.24726289999995 ], [ -39.2520292, -7.24853379999996 ], [ -39.252314399999896, -7.24881759999994 ], [ -39.252556, -7.249058 ], [ -39.2526751, -7.249186 ], [ -39.2528171, -7.24945749999995 ], [ -39.2532146, -7.25032489999995 ], [ -39.2535592, -7.25109059999994 ], [ -39.2536173, -7.25133969999996 ], [ -39.2536148, -7.25179919999994 ], [ -39.2535692, -7.25227729999995 ], [ -39.253561499999897, -7.25240779999996 ], [ -39.253617899999902, -7.25258519999994 ], [ -39.2538564, -7.25339859999997 ], [ -39.254323999999897, -7.25473319999998 ], [ -39.254357599999899, -7.25481479999996 ], [ -39.25474, -7.25577819999995 ], [ -39.255095299999901, -7.25685439999995 ], [ -39.255330699999902, -7.25745079999996 ], [ -39.256219499999901, -7.25970359999997 ], [ -39.2562374, -7.25974889999998 ], [ -39.256677099999898, -7.26080329999996 ], [ -39.256887, -7.26130659999995 ], [ -39.2577429, -7.26311159999995 ], [ -39.258028, -7.26365919999995 ], [ -39.2581595, -7.26386909999997 ], [ -39.258225799999899, -7.26390509999993 ], [ -39.258303199999901, -7.263905 ], [ -39.2598422, -7.26294669999993 ], [ -39.261519, -7.26190249999996 ], [ -39.2617202, -7.26178109999995 ], [ -39.2641585, -7.26021309999993 ], [ -39.265138599999901, -7.25950569999998 ], [ -39.2653056999999, -7.25939809999994 ], [ -39.2654433, -7.25932569999998 ], [ -39.2655326, -7.25931479999997 ], [ -39.2677249, -7.25935969999995 ], [ -39.268766899999903, -7.25935259999994 ], [ -39.269526, -7.25915289999995 ], [ -39.269715899999902, -7.25909319999994 ], [ -39.2703228, -7.25899609999993 ], [ -39.2704639, -7.25895979999996 ], [ -39.270688199999903, -7.25895719999994 ], [ -39.2708473, -7.258958 ], [ -39.2709348, -7.25894349999993 ], [ -39.2720318, -7.25874039999997 ], [ -39.2722376, -7.25870739999993 ], [ -39.2725239, -7.25871139999998 ], [ -39.2728759, -7.25871169999994 ], [ -39.273385699999899, -7.25866119999995 ], [ -39.274862299999903, -7.258423 ], [ -39.2752073999999, -7.25834669999995 ], [ -39.27534, -7.25829349999998 ], [ -39.2753933, -7.25830659999997 ], [ -39.2754274, -7.25840229999994 ], [ -39.2753944, -7.25853739999997 ], [ -39.2752386, -7.25904049999997 ], [ -39.275122199999899, -7.25928929999998 ], [ -39.275090599999899, -7.25942429999998 ], [ -39.2751397, -7.259517 ], [ -39.275293599999898, -7.25961579999995 ], [ -39.2759394999999, -7.26009059999996 ], [ -39.2762336, -7.26030219999996 ], [ -39.2766306, -7.26055919999993 ], [ -39.2771309, -7.26078419999993 ], [ -39.2774704999999, -7.26098389999993 ], [ -39.277690999999898, -7.26116819999993 ], [ -39.2780447, -7.26142139999996 ], [ -39.2781853, -7.26149019999997 ], [ -39.278919599999902, -7.26159519999993 ], [ -39.279187599999901, -7.26169439999995 ], [ -39.2803024, -7.26217219999995 ], [ -39.2804601, -7.26227139999997 ], [ -39.280613, -7.26236759999995 ], [ -39.2807313, -7.26241109999995 ], [ -39.2809424, -7.26248689999994 ], [ -39.281466599999902, -7.2626 ], [ -39.282607599999899, -7.26291 ], [ -39.283813, -7.26324049999994 ], [ -39.2849709, -7.26358159999995 ], [ -39.285792699999902, -7.26384429999996 ], [ -39.2860386, -7.26384009999992 ], [ -39.287246599999897, -7.263726 ], [ -39.2872676, -7.26372479999998 ], [ -39.2884141, -7.26365759999993 ], [ -39.288440299999898, -7.26365539999995 ], [ -39.288494199999903, -7.26365089999996 ], [ -39.288728999999897, -7.26363149999997 ], [ -39.2895462, -7.26364679999995 ], [ -39.289906599999902, -7.26362069999993 ], [ -39.2899788, -7.26361289999994 ], [ -39.290864199999902, -7.263517 ], [ -39.291795599999901, -7.26346069999994 ], [ -39.292239, -7.26340409999995 ], [ -39.2933365, -7.26330209999998 ], [ -39.293707, -7.26331909999993 ], [ -39.2945682, -7.26334269999995 ], [ -39.294980199999898, -7.263325 ], [ -39.2962368, -7.26316319999995 ], [ -39.296577399999897, -7.26305159999993 ], [ -39.297024099999902, -7.26283319999993 ], [ -39.298258599999897, -7.26216519999997 ], [ -39.2987491, -7.26188329999997 ], [ -39.2991499, -7.26168649999994 ], [ -39.299351999999899, -7.261711 ], [ -39.2999955, -7.26173969999996 ], [ -39.3015372999999, -7.26180889999995 ], [ -39.3018471, -7.26180979999998 ], [ -39.302923399999898, -7.26181289999994 ], [ -39.304067599999897, -7.26178439999995 ], [ -39.3042265999999, -7.26179129999997 ], [ -39.304440499999899, -7.26180059999996 ], [ -39.3046643, -7.26181039999994 ], [ -39.304794399999899, -7.261816 ], [ -39.3048046, -7.26178979999997 ], [ -39.3048527999999, -7.26175319999993 ], [ -39.3049, -7.26174789999993 ], [ -39.3049525, -7.26177619999993 ], [ -39.305004799999899, -7.26182529999994 ], [ -39.3050757, -7.26182 ], [ -39.3053108, -7.26177729999995 ], [ -39.3055171, -7.261728 ], [ -39.3056448, -7.26169669999996 ], [ -39.305716699999898, -7.26167909999998 ], [ -39.3058569, -7.26164479999994 ], [ -39.3062303, -7.26155309999996 ], [ -39.3062889, -7.26154029999998 ], [ -39.306334999999898, -7.26153019999998 ], [ -39.3063943, -7.26151729999998 ], [ -39.3064395, -7.26150739999997 ], [ -39.306488699999903, -7.26149659999993 ], [ -39.306543599999898, -7.26148459999996 ], [ -39.306865, -7.26142789999994 ], [ -39.3069527, -7.26141659999996 ], [ -39.3070554, -7.26140329999993 ], [ -39.3070604, -7.26140329999993 ], [ -39.3072025, -7.26139989999996 ], [ -39.307460799999902, -7.261405 ], [ -39.3075357, -7.26140949999996 ], [ -39.3080505, -7.26144039999997 ], [ -39.3080896, -7.26144309999995 ], [ -39.308293299999903, -7.26145679999996 ], [ -39.3087178, -7.261475 ], [ -39.309120499999899, -7.26149219999996 ], [ -39.309542899999897, -7.261514 ], [ -39.309833399999903, -7.261537 ], [ -39.310170399999897, -7.26155389999997 ], [ -39.3103841, -7.26156029999993 ], [ -39.3105542, -7.26156349999997 ], [ -39.3106271999999, -7.26139109999997 ], [ -39.310766699999903, -7.261137 ], [ -39.310942399999902, -7.26081989999994 ] ] ] ] } },
{ "type": "Feature", "properties": { "CD_MUN": "2307205", "NM_MUN": "Jati", "CD_RGI": "230012", "NM_RGI": "Brejo Santo", "CD_RGINT": "2304", "NM_RGINT": "Juazeiro do Norte", "CD_UF": "23", "NM_UF": "Ceará", "SIGLA_UF": "CE", "CD_REGIAO": "2", "NM_REGIAO": "Nordeste", "SIGLA_RG": "NE", "CD_CONCURB": null, "NM_CONCURB": null, "AREA_KM2": 368.357 }, "geometry": { "type": "MultiPolygon", "coordinates": [ [ [ [ -38.9760542, -7.77537629999995 ], [ -39.0080389, -7.77819539999996 ], [ -39.0136034, -7.775202 ], [ -39.0218393, -7.77077159999993 ], [ -39.059518, -7.75050149999993 ], [ -39.0686706, -7.73196509999997 ], [ -39.075779699999899, -7.72495109999994 ], [ -39.117831899999899, -7.68346159999993 ], [ -39.1167121, -7.67679809999993 ], [ -39.1064588, -7.61578449999996 ], [ -39.0725537, -7.62615229999994 ], [ -39.071883899999897, -7.62568439999995 ], [ -39.071106, -7.625004 ], [ -39.070558499999898, -7.62443529999996 ], [ -39.0701655, -7.62389759999996 ], [ -39.069822499999901, -7.62338969999996 ], [ -39.069497899999902, -7.62246229999994 ], [ -39.069013299999902, -7.62179749999996 ], [ -39.0681484999999, -7.62152969999994 ], [ -39.067284899999898, -7.621105 ], [ -39.0663413, -7.62096349999996 ], [ -39.064902, -7.62057679999998 ], [ -39.064330299999902, -7.62113129999994 ], [ -39.0646343, -7.62185329999994 ], [ -39.064654399999903, -7.62271089999996 ], [ -39.0641428, -7.62377759999993 ], [ -39.063275299999901, -7.62428269999998 ], [ -39.0624758, -7.62470569999994 ], [ -39.061956199999898, -7.625695 ], [ -39.061867699999901, -7.62667089999997 ], [ -39.0608382, -7.62726729999997 ], [ -39.0598434999999, -7.62751619999995 ], [ -39.059237799999899, -7.62801689999998 ], [ -39.0584492, -7.62798709999993 ], [ -39.0577886, -7.628426 ], [ -39.0574382, -7.62914809999995 ], [ -39.0570705, -7.62969259999994 ], [ -39.0564515, -7.63012349999997 ], [ -39.055960399999897, -7.63099369999998 ], [ -39.054942299999901, -7.630736 ], [ -39.0543238, -7.63016889999994 ], [ -39.053512199999901, -7.62973179999994 ], [ -39.053364, -7.63068329999993 ], [ -39.0523153, -7.63178969999996 ], [ -39.0525049, -7.63275419999997 ], [ -39.051775099999901, -7.633014 ], [ -39.0512504, -7.63391159999998 ], [ -39.0504589, -7.63465359999998 ], [ -39.0494471, -7.635473 ], [ -39.048887799999903, -7.63605389999998 ], [ -39.048636, -7.63707709999994 ], [ -39.0489779, -7.63778309999998 ], [ -39.048124599999902, -7.64004109999996 ], [ -39.047443, -7.640763 ], [ -39.0465495, -7.64172039999994 ], [ -39.045566, -7.64236669999997 ], [ -39.0444625, -7.64196 ], [ -39.043043399999902, -7.64160349999997 ], [ -39.042067, -7.64161319999994 ], [ -39.040720099999902, -7.64161329999996 ], [ -39.0394972, -7.64070279999993 ], [ -39.0390186999999, -7.63999609999996 ], [ -39.038533, -7.63918829999994 ], [ -39.037808, -7.63853159999996 ], [ -39.037127499999897, -7.63781589999996 ], [ -39.036602899999899, -7.63732969999995 ], [ -39.035778, -7.63693469999993 ], [ -39.033587899999901, -7.63699989999998 ], [ -39.0329689, -7.63629629999997 ], [ -39.0322518, -7.63538749999998 ], [ -39.031161499999897, -7.63489749999997 ], [ -39.0280675999999, -7.634443 ], [ -39.0271612, -7.634273 ], [ -39.0263742, -7.63427879999995 ], [ -39.025605, -7.63437679999993 ], [ -39.024508899999901, -7.63377839999993 ], [ -39.023537, -7.63287429999997 ], [ -39.0226125, -7.63222739999998 ], [ -39.0215286, -7.63174969999994 ], [ -39.020716499999899, -7.63155279999995 ], [ -39.020088, -7.63169879999998 ], [ -39.019109199999903, -7.63163179999998 ], [ -39.0179418, -7.63164779999994 ], [ -39.017075, -7.63204829999995 ], [ -39.016195099999898, -7.63120209999994 ], [ -39.0158036, -7.63020549999993 ], [ -39.015035899999901, -7.62989439999996 ], [ -39.0138732, -7.62928649999998 ], [ -39.0133087, -7.628918 ], [ -39.0126898, -7.62870259999994 ], [ -39.0127378, -7.62800849999996 ], [ -39.0131407, -7.62717079999993 ], [ -39.013316099999898, -7.62635749999993 ], [ -39.0138388, -7.62578989999997 ], [ -39.0140906, -7.62480619999997 ], [ -39.0132366, -7.624519 ], [ -39.0124820999999, -7.62446939999995 ], [ -39.0118552, -7.62435249999993 ], [ -39.0105631, -7.62428279999995 ], [ -39.0097091, -7.62392859999994 ], [ -39.0083404, -7.62414219999994 ], [ -39.0054536, -7.62431159999994 ], [ -39.0043075, -7.62293619999997 ], [ -39.002109699999899, -7.62340209999996 ], [ -39.0009147, -7.62255379999993 ], [ -39.000374899999898, -7.62160619999997 ], [ -39.0000118, -7.62107159999994 ], [ -38.9992136, -7.62058039999994 ], [ -38.9971176, -7.62041 ], [ -38.9961127, -7.61994609999994 ], [ -38.9955576, -7.620122 ], [ -38.992938, -7.620327 ], [ -38.9931938, -7.61989419999998 ], [ -38.9905601, -7.61807289999996 ], [ -38.9893769, -7.61702129999998 ], [ -38.987714599999897, -7.61750719999998 ], [ -38.9872468, -7.61678669999998 ], [ -38.9871924999999, -7.61621229999997 ], [ -38.986436099999899, -7.61571929999997 ], [ -38.9858748, -7.61510179999993 ], [ -38.9853687, -7.61434789999993 ], [ -38.984627499999903, -7.61426649999993 ], [ -38.984214199999897, -7.61509759999996 ], [ -38.983411299999901, -7.61458469999997 ], [ -38.9826831, -7.61324349999995 ], [ -38.9808207, -7.61291709999995 ], [ -38.9804789, -7.61232889999997 ], [ -38.9798837, -7.61269339999996 ], [ -38.979511, -7.61230849999993 ], [ -38.9794643, -7.61159049999998 ], [ -38.979241199999898, -7.61100169999997 ], [ -38.978735599999901, -7.61140909999995 ], [ -38.9785467, -7.61205709999996 ], [ -38.978041899999901, -7.61292489999994 ], [ -38.9773053, -7.61231559999993 ], [ -38.976819599999899, -7.61183449999993 ], [ -38.9760712, -7.61155439999993 ], [ -38.9755693, -7.61098359999994 ], [ -38.9753517, -7.61007889999996 ], [ -38.9741895, -7.60952229999998 ], [ -38.973617499999897, -7.60899819999997 ], [ -38.972333, -7.60841289999996 ], [ -38.971254799999898, -7.60845469999998 ], [ -38.9705102, -7.60803729999998 ], [ -38.9696992, -7.60810039999996 ], [ -38.9685569, -7.60754029999993 ], [ -38.9681146, -7.60655859999997 ], [ -38.9673018, -7.60670249999993 ], [ -38.966161499999899, -7.60695039999996 ], [ -38.96468, -7.60630139999995 ], [ -38.9638165, -7.60588849999993 ], [ -38.9625356, -7.60564069999998 ], [ -38.9628392, -7.60645849999997 ], [ -38.962182799999901, -7.60768519999993 ], [ -38.9622673, -7.60864679999997 ], [ -38.9618445, -7.60960039999998 ], [ -38.961439599999899, -7.61043859999995 ], [ -38.960923299999898, -7.60997369999995 ], [ -38.9606499, -7.60926279999995 ], [ -38.959973499999897, -7.60920529999993 ], [ -38.9590451, -7.609928 ], [ -38.9594264, -7.61050489999997 ], [ -38.9592321, -7.61142149999995 ], [ -38.958316, -7.61223619999993 ], [ -38.9576561, -7.61162479999996 ], [ -38.957094799999901, -7.61115089999993 ], [ -38.9567254, -7.61079179999996 ], [ -38.955932, -7.61015559999993 ], [ -38.9554901, -7.61042549999996 ], [ -38.9549453999999, -7.61083409999998 ], [ -38.9543891, -7.61061209999997 ], [ -38.9539086, -7.60983939999994 ], [ -38.9532379, -7.60898569999995 ], [ -38.9524678, -7.60971079999996 ], [ -38.9519112999999, -7.61015439999994 ], [ -38.951138899999897, -7.60995239999994 ], [ -38.950747799999903, -7.61096489999994 ], [ -38.950118, -7.61139779999996 ], [ -38.950162099999901, -7.61216709999997 ], [ -38.949711299999898, -7.61282659999995 ], [ -38.9490024, -7.61320169999993 ], [ -38.948836, -7.61407039999995 ], [ -38.9482252, -7.61365929999994 ], [ -38.9476271999999, -7.61297639999998 ], [ -38.946435199999897, -7.61366779999997 ], [ -38.9456741, -7.61366259999994 ], [ -38.9450924, -7.61318389999997 ], [ -38.9452209, -7.61249219999996 ], [ -38.945661099999903, -7.61182929999995 ], [ -38.9456431999999, -7.61103949999995 ], [ -38.944817699999902, -7.61052479999995 ], [ -38.944112, -7.61124269999993 ], [ -38.944024, -7.61195469999996 ], [ -38.943292299999896, -7.61241539999997 ], [ -38.942200699999901, -7.61365379999995 ], [ -38.9412852, -7.61359979999997 ], [ -38.941241299999902, -7.61302539999997 ], [ -38.9416892, -7.61166919999994 ], [ -38.941409399999898, -7.61113469999998 ], [ -38.940644899999903, -7.61067079999998 ], [ -38.9397521, -7.610012 ], [ -38.938726599999903, -7.61012989999995 ], [ -38.937631699999898, -7.60936309999994 ], [ -38.9367323, -7.60859109999996 ], [ -38.935816799999898, -7.60831369999994 ], [ -38.9359405, -7.609662 ], [ -38.935713899999897, -7.61081749999994 ], [ -38.935064899999901, -7.61022429999997 ], [ -38.9345582999999, -7.60946429999996 ], [ -38.933505899999901, -7.60931459999995 ], [ -38.9323664, -7.60954179999993 ], [ -38.9314668, -7.61039129999995 ], [ -38.9307441, -7.61095659999995 ], [ -38.930165499999902, -7.61039109999996 ], [ -38.9293967, -7.61003189999997 ], [ -38.9286842, -7.61092929999995 ], [ -38.928489199999902, -7.61151569999993 ], [ -38.929175799999904, -7.61153969999998 ], [ -38.930183199999902, -7.61198859999996 ], [ -38.930315, -7.612593 ], [ -38.930057, -7.61331689999997 ], [ -38.928545799999902, -7.61323289999996 ], [ -38.9272404, -7.61371729999996 ], [ -38.9270167, -7.613095 ], [ -38.9272726, -7.61244089999997 ], [ -38.9269289, -7.61182649999995 ], [ -38.9258814, -7.61227309999992 ], [ -38.9251219, -7.61138349999993 ], [ -38.9245164, -7.61062939999994 ], [ -38.9242647, -7.60966009999993 ], [ -38.9236711, -7.60913939999995 ], [ -38.922915499999903, -7.60905749999995 ], [ -38.9221418999999, -7.60930669999993 ], [ -38.920628599999901, -7.60953179999996 ], [ -38.918657799999899, -7.60900689999994 ], [ -38.9174465, -7.60882719999995 ], [ -38.9161872, -7.60853369999995 ], [ -38.914814, -7.60830609999994 ], [ -38.9141964, -7.60769569999997 ], [ -38.9134647999999, -7.60764769999997 ], [ -38.9129389, -7.60840149999996 ], [ -38.912956699999903, -7.60972579999998 ], [ -38.9127326999999, -7.61033409999993 ], [ -38.9122728, -7.611034 ], [ -38.9116337, -7.61118889999995 ], [ -38.911107399999899, -7.61076449999996 ], [ -38.910445799999898, -7.61082619999996 ], [ -38.9095902, -7.61112919999994 ], [ -38.9087056, -7.61121579999997 ], [ -38.908102799999902, -7.61190669999996 ], [ -38.907484899999901, -7.612849 ], [ -38.906087399999898, -7.613797 ], [ -38.9055475, -7.61457479999996 ], [ -38.9047198, -7.61542419999995 ], [ -38.9034723, -7.61593249999993 ], [ -38.902392899999903, -7.61575879999998 ], [ -38.900929699999899, -7.61572249999995 ], [ -38.899904299999903, -7.61535129999993 ], [ -38.8987590999999, -7.61423819999993 ], [ -38.8978958, -7.61338829999994 ], [ -38.897308399999901, -7.61215559999994 ], [ -38.896523, -7.61119209999993 ], [ -38.895389599999902, -7.61105419999996 ], [ -38.8944061, -7.61128129999997 ], [ -38.892654999999898, -7.61154019999998 ], [ -38.8919111, -7.61101159999993 ], [ -38.892454799999904, -7.63535709999996 ], [ -38.894468699999898, -7.72553929999998 ], [ -38.8947942, -7.74011489999998 ], [ -38.8948106, -7.75045349999994 ], [ -38.8971326, -7.74856939999995 ], [ -38.899186299999897, -7.74570769999997 ], [ -38.9003352, -7.74488839999998 ], [ -38.9003532, -7.74487559999994 ], [ -38.9024105, -7.74487519999997 ], [ -38.907023, -7.74657359999998 ], [ -38.9100419, -7.74618349999997 ], [ -38.910073399999902, -7.74617949999993 ], [ -38.910804299999903, -7.74536559999996 ], [ -38.912151, -7.74481409999993 ], [ -38.912688, -7.74459419999994 ], [ -38.9127187, -7.74458169999997 ], [ -38.9155777, -7.74448709999996 ], [ -38.916440899999898, -7.74494439999995 ], [ -38.9165179, -7.74503869999995 ], [ -38.918247699999903, -7.74716709999996 ], [ -38.9153327, -7.75370609999993 ], [ -38.9151613, -7.75693969999998 ], [ -38.9161109, -7.75853809999995 ], [ -38.917345, -7.75884829999995 ], [ -38.9173603, -7.75885219999998 ], [ -38.9181315, -7.75830209999998 ], [ -38.9202182, -7.75456839999993 ], [ -38.9234369, -7.75365659999994 ], [ -38.927629599999896, -7.75380629999995 ], [ -38.9340515, -7.75883009999995 ], [ -38.9350266, -7.758958 ], [ -38.937301799999901, -7.75823189999994 ], [ -38.939578099999899, -7.75877259999993 ], [ -38.9416343, -7.76132079999996 ], [ -38.9417745, -7.76209479999994 ], [ -38.941789, -7.76217489999993 ], [ -38.941797699999903, -7.762223 ], [ -38.941848299999897, -7.76250209999995 ], [ -38.9419644, -7.76314309999998 ], [ -38.942186299999896, -7.76437209999995 ], [ -38.9411866, -7.76803429999995 ], [ -38.941022599999897, -7.77141279999995 ], [ -38.944678699999898, -7.77683059999993 ], [ -38.9457876, -7.779804 ], [ -38.9463818, -7.78139749999997 ], [ -38.946295399999897, -7.78282059999998 ], [ -38.9453687, -7.78536629999996 ], [ -38.9450793, -7.78616139999997 ], [ -38.9444731, -7.78672549999993 ], [ -38.9407246, -7.79021309999996 ], [ -38.9397982999999, -7.79155569999995 ], [ -38.939965099999903, -7.79510569999997 ], [ -38.9447698, -7.80390729999993 ], [ -38.947797299999898, -7.80713959999997 ], [ -38.9514414, -7.80904539999995 ], [ -38.9528553, -7.81054649999993 ], [ -38.9532503, -7.81937879999998 ], [ -38.954049199999901, -7.82151769999996 ], [ -38.958074399999902, -7.82561049999993 ], [ -38.964940399999897, -7.82982849999996 ], [ -38.965496099999903, -7.83179169999994 ], [ -38.9645176, -7.83370949999994 ], [ -38.960149199999897, -7.83721179999998 ], [ -38.9593611, -7.83826339999996 ], [ -38.9592139, -7.84027169999996 ], [ -38.9597742, -7.84215829999994 ], [ -38.9621136, -7.84417459999997 ], [ -38.9628595, -7.84481639999996 ], [ -38.965974399999901, -7.84562339999997 ], [ -38.9669511, -7.84246649999994 ], [ -38.9663153, -7.84086289999993 ], [ -38.965433399999903, -7.83960029999997 ], [ -38.965001399999899, -7.838631 ], [ -38.9649835, -7.83799079999994 ], [ -38.965151499999898, -7.83733259999997 ], [ -38.9654828, -7.83654529999995 ], [ -38.9663997, -7.83546589999997 ], [ -38.967137, -7.83549089999997 ], [ -38.9679317, -7.83580509999996 ], [ -38.9689887, -7.835173 ], [ -38.9697793, -7.83481269999993 ], [ -38.9700058, -7.83435329999998 ], [ -38.970239799999902, -7.83360539999995 ], [ -38.9705099, -7.83276179999996 ], [ -38.97054, -7.83193009999997 ], [ -38.970084, -7.83120009999993 ], [ -38.969668399999897, -7.83045049999993 ], [ -38.9696400999999, -7.82951279999997 ], [ -38.9698682, -7.82833409999995 ], [ -38.9695803, -7.82752029999995 ], [ -38.9694483, -7.82688609999997 ], [ -38.9690074, -7.82609329999997 ], [ -38.9682965, -7.82523859999998 ], [ -38.9680835, -7.82437 ], [ -38.9675166, -7.82375069999995 ], [ -38.966724699999901, -7.823248 ], [ -38.9658216999999, -7.82283209999997 ], [ -38.9641989, -7.82141689999997 ], [ -38.963425, -7.82079459999994 ], [ -38.9625778, -7.82038529999994 ], [ -38.9617138999999, -7.82019849999995 ], [ -38.9611211, -7.81978319999996 ], [ -38.960236699999903, -7.81907279999996 ], [ -38.9594173, -7.81817349999994 ], [ -38.9586255, -7.81738369999994 ], [ -38.9584775, -7.81668559999997 ], [ -38.9579656, -7.81640229999994 ], [ -38.9575738999999, -7.81582389999994 ], [ -38.9573033, -7.81504049999995 ], [ -38.9573298, -7.81419439999996 ], [ -38.9578339, -7.81332289999995 ], [ -38.957653999999899, -7.81198659999995 ], [ -38.957354199999898, -7.81092159999997 ], [ -38.9567087, -7.80999529999997 ], [ -38.9567704, -7.80892709999995 ], [ -38.9571624, -7.80826489999993 ], [ -38.9573225, -7.80764669999996 ], [ -38.9579186, -7.80644609999996 ], [ -38.9599504, -7.80470649999995 ], [ -38.960557999999899, -7.80423069999995 ], [ -38.961104, -7.80352469999997 ], [ -38.9614101, -7.80283069999996 ], [ -38.961410199999897, -7.80205289999998 ], [ -38.9619263, -7.800924 ], [ -38.9626727, -7.79969319999998 ], [ -38.963368699999897, -7.79888859999994 ], [ -38.9632807999999, -7.79776979999997 ], [ -38.9630329, -7.79687939999997 ], [ -38.9634649, -7.79649329999995 ], [ -38.9641695, -7.79597259999997 ], [ -38.963948899999899, -7.79529449999995 ], [ -38.9634559, -7.79483889999995 ], [ -38.9637337999999, -7.79407 ], [ -38.964889, -7.79348429999993 ], [ -38.965250599999898, -7.79279819999994 ], [ -38.96527, -7.79098879999998 ], [ -38.965452399999897, -7.79006019999997 ], [ -38.965606099999903, -7.78909329999993 ], [ -38.9661629, -7.78814559999995 ], [ -38.9663454, -7.78722659999994 ], [ -38.9663454, -7.78630759999993 ], [ -38.966898, -7.784426 ], [ -38.9673847, -7.78409379999994 ], [ -38.9682574, -7.783608 ], [ -38.9679679, -7.78266979999995 ], [ -38.968158, -7.78179289999997 ], [ -38.969225499999901, -7.78101849999996 ], [ -38.9699166, -7.78041069999995 ], [ -38.9700108, -7.77950309999994 ], [ -38.970051199999901, -7.77827579999996 ], [ -38.970430399999898, -7.77727539999995 ], [ -38.9710496, -7.77668669999997 ], [ -38.971569499999902, -7.776382 ], [ -38.972143899999899, -7.77600709999996 ], [ -38.9727677999999, -7.77608849999996 ], [ -38.9736134999999, -7.77632149999994 ], [ -38.9742843, -7.77617 ], [ -38.9754914, -7.776127 ], [ -38.9760542, -7.77537629999995 ] ] ] ] } },
{ "type": "Feature", "properties": { "CD_MUN": "2307502", "NM_MUN": "Lavras da Mangabeira", "CD_RGI": "230011", "NM_RGI": "Juazeiro do Norte", "CD_RGINT": "2304", "NM_RGINT": "Juazeiro do Norte", "CD_UF": "23", "NM_UF": "Ceará", "SIGLA_UF": "CE", "CD_REGIAO": "2", "NM_REGIAO": "Nordeste", "SIGLA_RG": "NE", "CD_CONCURB": null, "NM_CONCURB": null, "AREA_KM2": 945.263 }, "geometry": { "type": "MultiPolygon", "coordinates": [ [ [ [ -39.0145185, -6.87743569999998 ], [ -39.015410099999897, -6.87842529999995 ], [ -39.015212, -6.88120069999997 ], [ -39.0178551999999, -6.88493569999997 ], [ -39.0189071, -6.88763049999994 ], [ -39.0200748, -6.889313 ], [ -39.021136, -6.89024029999996 ], [ -39.0214043, -6.89149449999996 ], [ -39.0208584, -6.895257 ], [ -39.0226612, -6.89590829999997 ], [ -39.0362354, -6.89772209999995 ], [ -39.0434174, -6.90017029999996 ], [ -39.044361599999903, -6.90199569999993 ], [ -39.0427978, -6.90617869999994 ], [ -39.0449991999999, -6.90837039999997 ], [ -39.045097199999901, -6.90836829999995 ], [ -39.0474553, -6.90831769999994 ], [ -39.0486655999999, -6.90818189999993 ], [ -39.0520195, -6.90918829999993 ], [ -39.0570463, -6.910664 ], [ -39.0607595, -6.91152649999998 ], [ -39.064464299999898, -6.91630049999998 ], [ -39.069141699999903, -6.91726779999993 ], [ -39.070185599999903, -6.918089 ], [ -39.0686178999999, -6.91911959999993 ], [ -39.067104599999901, -6.92085389999994 ], [ -39.0681466999999, -6.92246939999995 ], [ -39.0706436, -6.92382139999995 ], [ -39.0738195, -6.92596029999993 ], [ -39.074556399999899, -6.92668569999995 ], [ -39.0736325, -6.92830149999998 ], [ -39.0714591999999, -6.93005039999997 ], [ -39.0729873, -6.93031969999993 ], [ -39.0748374, -6.92955959999995 ], [ -39.0791177, -6.93136089999996 ], [ -39.083486299999898, -6.93045909999995 ], [ -39.086532599999899, -6.93123929999996 ], [ -39.0908216, -6.93530829999997 ], [ -39.090381799999903, -6.93602839999994 ], [ -39.0892828, -6.93621039999994 ], [ -39.087495299999901, -6.935976 ], [ -39.086819799999901, -6.93731719999994 ], [ -39.087792299999897, -6.93861789999994 ], [ -39.088995699999899, -6.94054169999993 ], [ -39.090157299999902, -6.94289129999993 ], [ -39.092743299999903, -6.94371979999994 ], [ -39.093192299999899, -6.94431179999998 ], [ -39.0934422999999, -6.94464139999997 ], [ -39.0957574, -6.94758849999994 ], [ -39.0974825, -6.950191 ], [ -39.0985014, -6.95106309999994 ], [ -39.1005461, -6.95347339999995 ], [ -39.101300599999902, -6.95976829999995 ], [ -39.1021148, -6.96103359999995 ], [ -39.1044626, -6.96279709999993 ], [ -39.106444, -6.96340139999995 ], [ -39.1070126, -6.96347229999998 ], [ -39.1159858, -6.94280019999997 ], [ -39.11796, -6.94252619999997 ], [ -39.1458074, -6.93866109999993 ], [ -39.1665778, -6.93577819999996 ], [ -39.1665656, -6.92911749999996 ], [ -39.166532899999901, -6.91122319999994 ], [ -39.1665230999999, -6.90587429999994 ], [ -39.182668299999897, -6.87056079999996 ], [ -39.1827901, -6.87029429999996 ], [ -39.1858058, -6.86369829999995 ], [ -39.1846332, -6.85364549999997 ], [ -39.181558, -6.82728169999996 ], [ -39.1621736, -6.79028369999997 ], [ -39.1601181999999, -6.78636059999997 ], [ -39.142689399999902, -6.75309539999995 ], [ -39.1352816, -6.73895649999997 ], [ -39.135424999999898, -6.73832459999994 ], [ -39.1353817, -6.73741989999996 ], [ -39.1348747, -6.736552 ], [ -39.1343279, -6.73617319999994 ], [ -39.1336216, -6.73590409999997 ], [ -39.132780399999902, -6.73506069999996 ], [ -39.133202, -6.73370829999993 ], [ -39.1337882999999, -6.73269089999997 ], [ -39.1339077, -6.73159589999995 ], [ -39.1339791, -6.73004009999994 ], [ -39.133799399999901, -6.72944779999995 ], [ -39.1333772, -6.72860719999994 ], [ -39.1327456, -6.72817359999993 ], [ -39.1321948, -6.72778479999994 ], [ -39.1309136, -6.72644479999997 ], [ -39.130195, -6.72496109999997 ], [ -39.1295724, -6.72442269999993 ], [ -39.128883899999899, -6.72386639999996 ], [ -39.1282315, -6.723717 ], [ -39.1274653, -6.72345389999998 ], [ -39.1261165, -6.722812 ], [ -39.1259208, -6.72209009999995 ], [ -39.1252264, -6.72169529999996 ], [ -39.1248312, -6.72096239999996 ], [ -39.123749599999897, -6.720724 ], [ -39.1225456, -6.72067639999995 ], [ -39.1214322, -6.72019 ], [ -39.1203528, -6.72015039999997 ], [ -39.1195688, -6.72033009999996 ], [ -39.1189368, -6.72030629999995 ], [ -39.1184004, -6.72002159999994 ], [ -39.1175181999999, -6.71986509999994 ], [ -39.1166724, -6.71954389999996 ], [ -39.115967899999902, -6.71919889999998 ], [ -39.114989799999897, -6.71887479999998 ], [ -39.1140597, -6.71876369999995 ], [ -39.1131905, -6.71831509999993 ], [ -39.1124076, -6.71789529999995 ], [ -39.1110159, -6.71761369999996 ], [ -39.1099642, -6.71789439999998 ], [ -39.1091827, -6.71772369999996 ], [ -39.1084428, -6.71714939999993 ], [ -39.107930699999898, -6.71548459999997 ], [ -39.104933, -6.71447579999995 ], [ -39.1033336, -6.71375809999995 ], [ -39.1025387, -6.71316469999994 ], [ -39.1013991, -6.71310749999998 ], [ -39.1008533, -6.71317459999995 ], [ -39.0999436, -6.71341419999993 ], [ -39.099799899999901, -6.71341419999993 ], [ -39.099330699999904, -6.71334729999995 ], [ -39.0989668, -6.71325159999998 ], [ -39.0986986, -6.71306979999997 ], [ -39.0979227999999, -6.71233269999993 ], [ -39.0978557, -6.71226569999993 ], [ -39.0976929, -6.71208389999993 ], [ -39.0973385, -6.71193079999995 ], [ -39.0968884, -6.71180639999994 ], [ -39.0966203, -6.71175859999994 ], [ -39.096218099999902, -6.71178739999993 ], [ -39.096074499999901, -6.71190229999996 ], [ -39.0960075, -6.71207459999994 ], [ -39.0960554, -6.71243839999994 ], [ -39.0962375, -6.71293619999994 ], [ -39.0962375, -6.71305109999997 ], [ -39.096218399999898, -6.71326169999998 ], [ -39.0957779, -6.71330969999997 ], [ -39.0955959, -6.71317329999994 ], [ -39.0949494, -6.712599 ], [ -39.0939377, -6.71159989999995 ], [ -39.0931596, -6.71103759999994 ], [ -39.0928124, -6.710906 ], [ -39.092656799999901, -6.71090609999993 ], [ -39.092489199999903, -6.71097189999995 ], [ -39.092309699999902, -6.71104379999997 ], [ -39.0922558, -6.71118739999997 ], [ -39.0923157, -6.711331 ], [ -39.0925252, -6.71143859999995 ], [ -39.0925791, -6.71160019999996 ], [ -39.0925432, -6.71169589999994 ], [ -39.092351699999902, -6.71181559999997 ], [ -39.0921901, -6.71188149999995 ], [ -39.092040499999896, -6.71188749999993 ], [ -39.091855, -6.71182169999997 ], [ -39.0917592, -6.71180979999997 ], [ -39.0916635, -6.71189359999994 ], [ -39.0916635, -6.71200719999996 ], [ -39.091753299999901, -6.71216279999993 ], [ -39.0917932, -6.71230339999994 ], [ -39.0917873, -6.71259059999994 ], [ -39.0912726, -6.71276419999998 ], [ -39.090656099999897, -6.71275239999994 ], [ -39.0891106, -6.711739 ], [ -39.0885168, -6.71128919999995 ], [ -39.087549399999901, -6.71048519999994 ], [ -39.0868024, -6.71020769999996 ], [ -39.085231899999897, -6.70994939999997 ], [ -39.0846333, -6.70889419999997 ], [ -39.0843806, -6.70742879999995 ], [ -39.0841806, -6.70718459999995 ], [ -39.0828084, -6.70575649999995 ], [ -39.0823296, -6.70560339999997 ], [ -39.081923199999899, -6.70565479999993 ], [ -39.0793707, -6.70597729999997 ], [ -39.077283099999903, -6.70591059999998 ], [ -39.0757414, -6.70626509999994 ], [ -39.0736921, -6.70641859999995 ], [ -39.0724089, -6.70586349999996 ], [ -39.0708, -6.70546159999998 ], [ -39.0694210999999, -6.70545229999993 ], [ -39.0681666, -6.70542369999993 ], [ -39.066988599999902, -6.70438989999997 ], [ -39.065868, -6.70311669999995 ], [ -39.065235899999898, -6.70186269999994 ], [ -39.0646899, -6.70080009999998 ], [ -39.064297199999899, -6.70030229999998 ], [ -39.0636269, -6.70024489999997 ], [ -39.0628179, -6.70050469999995 ], [ -39.0614565, -6.69979179999996 ], [ -39.0604571, -6.69876139999997 ], [ -39.059758, -6.69882849999993 ], [ -39.058417399999897, -6.69901049999993 ], [ -39.057881199999898, -6.69908719999995 ], [ -39.0569523, -6.69880009999997 ], [ -39.0564926, -6.69830229999997 ], [ -39.055995, -6.69713289999993 ], [ -39.055995, -6.69697189999994 ], [ -39.0558475, -6.69673759999995 ], [ -39.0551589, -6.69615149999993 ], [ -39.0541365999999, -6.69606229999994 ], [ -39.053361, -6.69585179999996 ], [ -39.0526619, -6.69578479999996 ], [ -39.051867199999897, -6.69617739999995 ], [ -39.051397999999899, -6.69696249999993 ], [ -39.0510054, -6.69715409999998 ], [ -39.049837099999898, -6.69666589999997 ], [ -39.0489082, -6.69583309999996 ], [ -39.0474814, -6.69587149999995 ], [ -39.0458631, -6.69576639999997 ], [ -39.0456953999999, -6.69540259999997 ], [ -39.045781599999899, -6.69485689999993 ], [ -39.046289, -6.69424409999993 ], [ -39.046614599999899, -6.69358349999993 ], [ -39.0468347, -6.69289409999993 ], [ -39.047179399999898, -6.69195589999993 ], [ -39.0474761, -6.690874 ], [ -39.0482517, -6.69029949999998 ], [ -39.0483666, -6.689974 ], [ -39.0486921, -6.68962929999998 ], [ -39.0490847, -6.68928459999995 ], [ -39.0494485, -6.688758 ], [ -39.049868199999899, -6.68755169999997 ], [ -39.0496206, -6.68555079999993 ], [ -39.0498942, -6.68490439999994 ], [ -39.051056699999897, -6.68354009999996 ], [ -39.0529526, -6.68265909999997 ], [ -39.0548294, -6.682477 ], [ -39.0559593, -6.68218969999998 ], [ -39.056821, -6.68155769999993 ], [ -39.058171, -6.68059059999996 ], [ -39.058697499999901, -6.67873319999995 ], [ -39.058911, -6.67748259999996 ], [ -39.0590455, -6.67673159999993 ], [ -39.059179899999897, -6.67598059999995 ], [ -39.059314399999899, -6.67522949999994 ], [ -39.0596613, -6.67425149999997 ], [ -39.060994, -6.67264969999997 ], [ -39.0625285, -6.67121739999993 ], [ -39.0627923, -6.67015979999996 ], [ -39.0624306, -6.66735459999995 ], [ -39.061093099999901, -6.66365289999993 ], [ -39.0521517, -6.66044549999998 ], [ -39.0511796, -6.66232319999995 ], [ -39.0513013999999, -6.66398929999997 ], [ -39.0504615, -6.66840879999995 ], [ -39.0493748, -6.669687 ], [ -39.0480823, -6.67139609999998 ], [ -39.0482666, -6.67215669999996 ], [ -39.0474659, -6.67476269999997 ], [ -39.047148999999898, -6.67510119999997 ], [ -39.04679, -6.67518739999997 ], [ -39.045281799999898, -6.67445519999995 ], [ -39.0444917, -6.67386639999995 ], [ -39.0435581, -6.67373729999997 ], [ -39.042998, -6.67383789999997 ], [ -39.042308499999898, -6.67330659999993 ], [ -39.042049899999903, -6.67245929999996 ], [ -39.0416764, -6.67214339999992 ], [ -39.0412024, -6.67227269999995 ], [ -39.0398379, -6.67248819999998 ], [ -39.0392922, -6.67268929999994 ], [ -39.0385022, -6.67256009999994 ], [ -39.0372957, -6.672431 ], [ -39.036574899999898, -6.67193489999994 ], [ -39.035342199999903, -6.67155509999998 ], [ -39.0350405, -6.67039189999997 ], [ -39.0344372, -6.66940109999996 ], [ -39.0335365, -6.66971189999992 ], [ -39.03233, -6.669195 ], [ -39.031202699999902, -6.66871679999997 ], [ -39.030232899999902, -6.66860639999993 ], [ -39.029269199999902, -6.66816619999997 ], [ -39.028049699999897, -6.66804639999998 ], [ -39.0268247, -6.66747 ], [ -39.025722899999899, -6.66750079999997 ], [ -39.0253175, -6.667233 ], [ -39.02466, -6.66751529999993 ], [ -39.023917099999899, -6.66644449999995 ], [ -39.023395999999899, -6.66576329999998 ], [ -39.0219021999999, -6.66507409999997 ], [ -39.0208537, -6.66464329999997 ], [ -39.019589799999899, -6.66452849999996 ], [ -39.0195036, -6.66382479999993 ], [ -39.0198626, -6.66312109999996 ], [ -39.019397, -6.66262679999994 ], [ -39.0181708, -6.66160889999998 ], [ -39.016464, -6.66041489999998 ], [ -39.0148391, -6.66124829999995 ], [ -39.012634799999901, -6.66089 ], [ -39.0112551, -6.66107569999997 ], [ -39.0088995999999, -6.65938119999993 ], [ -39.0052514, -6.65841429999995 ], [ -39.0026662, -6.65769059999997 ], [ -39.001857399999899, -6.65784169999995 ], [ -39.000731899999899, -6.65815579999997 ], [ -38.9997361, -6.659027 ], [ -38.9979445, -6.65901069999995 ], [ -38.9973686, -6.65896679999997 ], [ -38.9950537, -6.65978559999996 ], [ -38.994294599999897, -6.65992949999998 ], [ -38.9932994, -6.659991 ], [ -38.9924806, -6.66024879999998 ], [ -38.992185699999901, -6.66028039999998 ], [ -38.9918110999999, -6.66018629999996 ], [ -38.991245799999902, -6.66005939999997 ], [ -38.990936799999901, -6.66004709999993 ], [ -38.9905603999999, -6.66010049999994 ], [ -38.9881882, -6.660883 ], [ -38.9876594, -6.66103459999994 ], [ -38.9854427, -6.66223129999997 ], [ -38.983527599999903, -6.66326039999996 ], [ -38.9812367, -6.66326309999994 ], [ -38.9801236, -6.66319119999997 ], [ -38.9786993, -6.66268849999994 ], [ -38.977658, -6.66242519999997 ], [ -38.9759705, -6.66124039999994 ], [ -38.9750847, -6.66138389999998 ], [ -38.9741033, -6.66122829999995 ], [ -38.973349299999903, -6.66090519999995 ], [ -38.972966299999896, -6.66048629999995 ], [ -38.972786799999902, -6.66040249999998 ], [ -38.972690999999898, -6.66039049999995 ], [ -38.9724636, -6.66036659999997 ], [ -38.971889099999899, -6.66047429999998 ], [ -38.9716736, -6.66046229999995 ], [ -38.971553899999897, -6.66040239999995 ], [ -38.9713146, -6.65997159999995 ], [ -38.971302599999902, -6.65978009999998 ], [ -38.9712787, -6.65958859999995 ], [ -38.9711230999999, -6.65938519999997 ], [ -38.970704199999901, -6.65913389999997 ], [ -38.970416999999898, -6.659086 ], [ -38.969998099999898, -6.659062 ], [ -38.969040499999899, -6.65932519999996 ], [ -38.9686695, -6.65931319999993 ], [ -38.9683942, -6.65921749999995 ], [ -38.968154899999902, -6.65883449999995 ], [ -38.9679634, -6.65840369999995 ], [ -38.967628299999902, -6.657566 ], [ -38.9668983, -6.65646489999995 ], [ -38.966611, -6.65621359999994 ], [ -38.9664435, -6.65611779999995 ], [ -38.966251999999898, -6.65614179999994 ], [ -38.9660484999999, -6.65622549999995 ], [ -38.965737299999901, -6.65622549999995 ], [ -38.9654381, -6.65620149999995 ], [ -38.9651987, -6.65606989999998 ], [ -38.965079, -6.65590229999998 ], [ -38.964624199999903, -6.65556719999995 ], [ -38.9644208, -6.65547149999998 ], [ -38.964349, -6.65533979999998 ], [ -38.964349, -6.65523209999998 ], [ -38.9644208, -6.65513639999995 ], [ -38.9645285, -6.65507659999997 ], [ -38.9645285, -6.654921 ], [ -38.964504599999898, -6.65470559999994 ], [ -38.9641576, -6.65433459999997 ], [ -38.9637506, -6.65419089999995 ], [ -38.9635711, -6.65419089999995 ], [ -38.962709399999902, -6.65364029999995 ], [ -38.962259699999898, -6.65350789999997 ], [ -38.9623316, -6.65281379999993 ], [ -38.9623556, -6.65178459999993 ], [ -38.962068499999901, -6.64963049999994 ], [ -38.9617696, -6.64830239999998 ], [ -38.961188499999899, -6.64621309999995 ], [ -38.9604965, -6.64579059999994 ], [ -38.9599464, -6.64502709999994 ], [ -38.957853, -6.64446429999998 ], [ -38.9566823, -6.64450849999997 ], [ -38.9546882, -6.64496509999998 ], [ -38.953684, -6.64496959999997 ], [ -38.952762999999898, -6.64485459999997 ], [ -38.9510205999999, -6.64387739999995 ], [ -38.9499053, -6.64224459999997 ], [ -38.949543499999898, -6.64134079999997 ], [ -38.9490163, -6.63906749999995 ], [ -38.948905099999898, -6.63798739999993 ], [ -38.9489432, -6.63684759999995 ], [ -38.948683699999897, -6.63659769999992 ], [ -38.948612, -6.63585569999998 ], [ -38.9484206, -6.63494619999994 ], [ -38.948324899999903, -6.63422819999994 ], [ -38.9479711, -6.63265959999995 ], [ -38.948301199999896, -6.63188259999993 ], [ -38.948372999999897, -6.63147569999995 ], [ -38.9482295, -6.63047039999998 ], [ -38.9473275, -6.62975479999994 ], [ -38.9439247, -6.62966309999996 ], [ -38.9401945, -6.62956249999996 ], [ -38.9380973, -6.62625149999997 ], [ -38.93758, -6.62480309999995 ], [ -38.936967599999903, -6.62380619999993 ], [ -38.9365017, -6.62216379999995 ], [ -38.935329099999898, -6.62024889999998 ], [ -38.9342043, -6.61840579999995 ], [ -38.9327205, -6.61663439999995 ], [ -38.930587199999898, -6.61577239999997 ], [ -38.929154299999901, -6.61519789999994 ], [ -38.9262823, -6.61301939999993 ], [ -38.9246868, -6.61117789999997 ], [ -38.9240737, -6.60931519999997 ], [ -38.9235773999999, -6.60726889999995 ], [ -38.9234832, -6.60411529999993 ], [ -38.9231963, -6.60232019999995 ], [ -38.9229093, -6.60109949999998 ], [ -38.922486, -6.59802909999996 ], [ -38.9222068, -6.595696 ], [ -38.921012399999903, -6.59186569999997 ], [ -38.9208833, -6.59043279999997 ], [ -38.9214517, -6.58554179999993 ], [ -38.9208781, -6.58039579999996 ], [ -38.9199209, -6.57934249999994 ], [ -38.919370699999902, -6.57759519999996 ], [ -38.9205062, -6.57240009999992 ], [ -38.9212625, -6.57110929999993 ], [ -38.9214542, -6.56931419999995 ], [ -38.9216938, -6.56773449999997 ], [ -38.9215743, -6.56668139999994 ], [ -38.9206409, -6.56656159999994 ], [ -38.920018599999899, -6.56658539999995 ], [ -38.9194363, -6.56641689999998 ], [ -38.9187797, -6.56661259999993 ], [ -38.91808, -6.566992 ], [ -38.917437699999901, -6.56758939999997 ], [ -38.9168830999999, -6.56838 ], [ -38.9165265, -6.56949289999994 ], [ -38.9163129, -6.57061549999997 ], [ -38.9161083, -6.571246 ], [ -38.9161227, -6.57182409999996 ], [ -38.9162664, -6.57263009999997 ], [ -38.9156925999999, -6.57421779999993 ], [ -38.915539399999901, -6.57447629999996 ], [ -38.9154257, -6.57471419999996 ], [ -38.915021, -6.57478649999996 ], [ -38.9141185, -6.57472659999996 ], [ -38.9139638, -6.57488939999996 ], [ -38.9133747999999, -6.57550719999995 ], [ -38.913207499999899, -6.57554239999996 ], [ -38.911909299999898, -6.57602709999998 ], [ -38.9101396, -6.57669649999997 ], [ -38.908732299999897, -6.57633239999996 ], [ -38.905592199999901, -6.57639889999996 ], [ -38.9050943, -6.576619 ], [ -38.904478, -6.57679919999993 ], [ -38.9042744, -6.57686789999997 ], [ -38.9041984, -6.57699539999993 ], [ -38.9043502, -6.57769739999998 ], [ -38.9043066999999, -6.57817319999998 ], [ -38.904123899999902, -6.57873589999997 ], [ -38.903942899999898, -6.57903439999995 ], [ -38.9032119, -6.57952719999997 ], [ -38.9023299, -6.57958039999994 ], [ -38.9012698, -6.57926629999997 ], [ -38.9006231, -6.57843709999997 ], [ -38.900307199999901, -6.57835089999998 ], [ -38.898516899999898, -6.57857069999994 ], [ -38.8974317, -6.57879969999993 ], [ -38.896556, -6.57890079999993 ], [ -38.896040399999897, -6.57921909999993 ], [ -38.8953655, -6.57983679999995 ], [ -38.8951746, -6.57994349999996 ], [ -38.8949521, -6.57979689999996 ], [ -38.8948897, -6.57939979999998 ], [ -38.894201399999901, -6.57920159999998 ], [ -38.8931511, -6.57925739999996 ], [ -38.890608799999903, -6.57990939999996 ], [ -38.890302399999896, -6.58007209999994 ], [ -38.8896913, -6.58082659999997 ], [ -38.888052199999898, -6.58164169999998 ], [ -38.886472599999898, -6.58182319999997 ], [ -38.8860609, -6.58172739999998 ], [ -38.885563299999902, -6.58095179999998 ], [ -38.8849698, -6.58034849999996 ], [ -38.8840891, -6.58011849999997 ], [ -38.883562599999898, -6.58003229999997 ], [ -38.882503799999903, -6.58020579999993 ], [ -38.8817627, -6.58004139999997 ], [ -38.8813415, -6.58001259999998 ], [ -38.8805508, -6.58041429999997 ], [ -38.880240399999899, -6.58073039999994 ], [ -38.8798191, -6.58096959999995 ], [ -38.8791489, -6.58106649999996 ], [ -38.877167, -6.58153379999993 ], [ -38.8765668, -6.58161809999996 ], [ -38.876620199999898, -6.58175419999998 ], [ -38.876730199999898, -6.58201749999995 ], [ -38.8767923999999, -6.58221619999995 ], [ -38.876869, -6.58236459999995 ], [ -38.8769718, -6.58267579999995 ], [ -38.8771082, -6.582963 ], [ -38.8773211, -6.58346089999998 ], [ -38.8775889, -6.584191 ], [ -38.8775697, -6.58452609999995 ], [ -38.8775433, -6.58486589999995 ], [ -38.877373299999903, -6.58520809999993 ], [ -38.876009199999899, -6.58623979999993 ], [ -38.875297799999899, -6.58668679999994 ], [ -38.87305, -6.58831619999995 ], [ -38.8726119, -6.58866069999993 ], [ -38.872123499999901, -6.58896219999997 ], [ -38.871685399999897, -6.58926359999998 ], [ -38.871225799999898, -6.58950759999993 ], [ -38.8710535, -6.589565 ], [ -38.869911699999903, -6.58987349999995 ], [ -38.869538299999903, -6.59004569999996 ], [ -38.8691145, -6.590577 ], [ -38.869021, -6.59143139999998 ], [ -38.869250599999901, -6.591891 ], [ -38.8695377, -6.59241519999995 ], [ -38.8695878999999, -6.59271679999995 ], [ -38.8692574, -6.59331269999996 ], [ -38.8690778, -6.59377939999996 ], [ -38.8691711, -6.59410969999993 ], [ -38.8719637, -6.59620709999996 ], [ -38.8721934, -6.59663079999996 ], [ -38.8720281, -6.59702569999996 ], [ -38.8714105, -6.59749219999998 ], [ -38.8713243, -6.59771479999995 ], [ -38.8717399, -6.600903 ], [ -38.8718547, -6.60142 ], [ -38.8718976, -6.60198729999996 ], [ -38.872033799999897, -6.60278429999994 ], [ -38.872514, -6.60636739999995 ], [ -38.8727317, -6.60699259999996 ], [ -38.873691199999897, -6.60805509999994 ], [ -38.873791599999898, -6.60849309999998 ], [ -38.8735394, -6.61181039999997 ], [ -38.8507781, -6.64711739999996 ], [ -38.8476142, -6.65617609999993 ], [ -38.843739, -6.667271 ], [ -38.8547062, -6.67350029999994 ], [ -38.8551484, -6.67567839999998 ], [ -38.8568112, -6.68145659999993 ], [ -38.8576884, -6.68608209999996 ], [ -38.8592087, -6.6886 ], [ -38.8593744, -6.691198 ], [ -38.8588763, -6.69269049999997 ], [ -38.8563043999999, -6.69438049999997 ], [ -38.8531512, -6.69415789999994 ], [ -38.8529038, -6.69562419999994 ], [ -38.8539367, -6.69983189999994 ], [ -38.854087, -6.70259909999993 ], [ -38.8535558, -6.704183 ], [ -38.8508252, -6.70641529999995 ], [ -38.8465922, -6.70921039999996 ], [ -38.848133699999899, -6.71624779999996 ], [ -38.8479402, -6.71867569999995 ], [ -38.8469195, -6.72173749999996 ], [ -38.8446855, -6.72412679999996 ], [ -38.8420034, -6.72486409999993 ], [ -38.841861299999898, -6.72485649999993 ], [ -38.839105, -6.72629489999997 ], [ -38.8375788, -6.72757069999994 ], [ -38.8303137999999, -6.73416219999996 ], [ -38.827982, -6.73653139999993 ], [ -38.827442, -6.73868959999993 ], [ -38.8288832, -6.74466229999996 ], [ -38.795647899999899, -6.76884589999997 ], [ -38.8222502, -6.77779029999994 ], [ -38.8223833, -6.77894759999998 ], [ -38.8221647, -6.78015479999993 ], [ -38.8218107, -6.78122109999993 ], [ -38.821359099999903, -6.78178109999993 ], [ -38.821073399999896, -6.78297139999995 ], [ -38.82109, -6.783441 ], [ -38.821088099999898, -6.78451369999993 ], [ -38.8206484, -6.78845549999994 ], [ -38.8201481, -6.79130679999997 ], [ -38.8177607, -6.79870379999994 ], [ -38.816848799999903, -6.80022949999994 ], [ -38.8172925, -6.80425879999996 ], [ -38.8185973, -6.807296 ], [ -38.8176247, -6.80911209999994 ], [ -38.8153442, -6.81094759999996 ], [ -38.813593099999899, -6.82017109999992 ], [ -38.8153404, -6.82579379999993 ], [ -38.8135394, -6.83028449999995 ], [ -38.812425699999899, -6.83142389999995 ], [ -38.8111757, -6.83419049999998 ], [ -38.809593499999899, -6.83895079999996 ], [ -38.8097658, -6.84493669999995 ], [ -38.810873899999898, -6.84657709999993 ], [ -38.811025099999902, -6.84663509999996 ], [ -38.8137707, -6.847081 ], [ -38.8235663, -6.84867549999996 ], [ -38.8265368, -6.84830979999998 ], [ -38.8282801, -6.84844439999995 ], [ -38.8298513, -6.84881059999998 ], [ -38.8315751, -6.84884769999996 ], [ -38.833011999999897, -6.84858009999994 ], [ -38.834449, -6.84815939999993 ], [ -38.835464499999901, -6.84762359999996 ], [ -38.856010399999903, -6.859032 ], [ -38.860982, -6.85658109999997 ], [ -38.8629334, -6.85644949999994 ], [ -38.8656495, -6.85997279999998 ], [ -38.866313799999901, -6.86046509999994 ], [ -38.8673673, -6.86059929999993 ], [ -38.8717085, -6.85965789999995 ], [ -38.8750115, -6.85849909999996 ], [ -38.8775117, -6.85725039999994 ], [ -38.8832249, -6.85671629999996 ], [ -38.889027499999898, -6.85707409999998 ], [ -38.8910802, -6.85716419999994 ], [ -38.906542699999903, -6.859058 ], [ -38.9113479, -6.85965639999995 ], [ -38.914235, -6.86015219999996 ], [ -38.918107899999903, -6.860636 ], [ -38.920251999999898, -6.86120709999994 ], [ -38.9311379, -6.86091749999997 ], [ -38.937410199999903, -6.86254939999998 ], [ -38.938437399999899, -6.86295659999996 ], [ -38.941747099999901, -6.86544189999995 ], [ -38.944494, -6.86642639999997 ], [ -38.948277399999903, -6.86699759999993 ], [ -38.9507085, -6.86726289999996 ], [ -38.953195, -6.86657119999995 ], [ -38.95562, -6.86440409999994 ], [ -38.957272799999899, -6.86387229999997 ], [ -38.9608337, -6.86281329999997 ], [ -38.964875, -6.86202329999998 ], [ -38.969112799999898, -6.86203079999996 ], [ -38.969839299999897, -6.86270539999992 ], [ -38.970701899999902, -6.86327109999996 ], [ -38.9715074, -6.86332919999995 ], [ -38.973248899999902, -6.86328569999995 ], [ -38.9740575, -6.86293089999998 ], [ -38.9753244, -6.86173379999997 ], [ -38.976906299999897, -6.86135679999995 ], [ -38.9790882, -6.86128019999995 ], [ -38.980491, -6.86200969999993 ], [ -38.9808393, -6.86273489999996 ], [ -38.980868299999898, -6.86402589999994 ], [ -38.9806505, -6.86502669999993 ], [ -38.980157, -6.86582439999995 ], [ -38.9796345, -6.86649159999996 ], [ -38.9791701, -6.86715879999997 ], [ -38.9787492, -6.86784049999994 ], [ -38.9783428, -6.86845459999995 ], [ -38.988831699999899, -6.86855379999997 ], [ -38.9929897, -6.87010319999996 ], [ -38.9956969, -6.87094809999996 ], [ -38.997551499999901, -6.87269849999996 ], [ -38.998980699999898, -6.873794 ], [ -39.000659799999902, -6.87399209999995 ], [ -39.0065749, -6.87383379999994 ], [ -39.0119642, -6.87694549999998 ], [ -39.0145185, -6.87743569999998 ] ] ] ] } },
{ "type": "Feature", "properties": { "CD_MUN": "2307106", "NM_MUN": "Jardim", "CD_RGI": "230011", "NM_RGI": "Juazeiro do Norte", "CD_RGINT": "2304", "NM_RGINT": "Juazeiro do Norte", "CD_UF": "23", "NM_UF": "Ceará", "SIGLA_UF": "CE", "CD_REGIAO": "2", "NM_REGIAO": "Nordeste", "SIGLA_RG": "NE", "CD_CONCURB": null, "NM_CONCURB": null, "AREA_KM2": 544.995 }, "geometry": { "type": "MultiPolygon", "coordinates": [ [ [ [ -39.117831899999899, -7.68346159999993 ], [ -39.1182582, -7.68445179999998 ], [ -39.1182886, -7.685447 ], [ -39.1183096, -7.68613329999994 ], [ -39.1187932, -7.68705809999994 ], [ -39.119525699999897, -7.68738089999994 ], [ -39.1196464, -7.68749209999993 ], [ -39.121176799999901, -7.68890259999995 ], [ -39.1220891, -7.68978369999996 ], [ -39.1231285, -7.69264769999995 ], [ -39.1240399, -7.69383269999997 ], [ -39.1259289, -7.69473139999997 ], [ -39.127507599999902, -7.69506909999996 ], [ -39.127755099999902, -7.69615249999993 ], [ -39.1284294, -7.69654949999995 ], [ -39.129159399999899, -7.69689159999996 ], [ -39.129725199999903, -7.69738679999995 ], [ -39.1299253, -7.69804569999997 ], [ -39.1295314, -7.69907659999996 ], [ -39.129553299999898, -7.70011769999996 ], [ -39.1292753, -7.70113809999998 ], [ -39.1294004, -7.70225979999998 ], [ -39.130101099999898, -7.70332079999997 ], [ -39.1304519, -7.70450439999996 ], [ -39.1307785, -7.70529889999995 ], [ -39.1313274, -7.70589659999996 ], [ -39.1323047, -7.70620789999998 ], [ -39.1328442, -7.70664229999994 ], [ -39.1333068, -7.70733949999993 ], [ -39.133682399999898, -7.70802159999994 ], [ -39.1342880999999, -7.70842249999993 ], [ -39.134973499999901, -7.70878709999994 ], [ -39.135587799999897, -7.708964 ], [ -39.1368356, -7.70949009999993 ], [ -39.137570099999898, -7.71046629999995 ], [ -39.1377115, -7.71057939999997 ], [ -39.138222799999902, -7.71098789999996 ], [ -39.138889999999897, -7.71139449999993 ], [ -39.1395906, -7.71158579999997 ], [ -39.1404785, -7.71205219999996 ], [ -39.1410306, -7.712766 ], [ -39.1421538, -7.71382509999995 ], [ -39.1422259, -7.713919 ], [ -39.1430276, -7.714964 ], [ -39.1437764, -7.71559559999997 ], [ -39.144602, -7.71640909999996 ], [ -39.146186, -7.717586 ], [ -39.1465157, -7.71819919999996 ], [ -39.1465294, -7.71822469999995 ], [ -39.1465529, -7.71821909999994 ], [ -39.1515777, -7.71701629999995 ], [ -39.154164099999903, -7.71746139999993 ], [ -39.1542747, -7.71740009999996 ], [ -39.1559971, -7.716445 ], [ -39.1584205999999, -7.71712339999993 ], [ -39.158556599999898, -7.71716149999997 ], [ -39.162885699999897, -7.71680769999995 ], [ -39.165803, -7.715628 ], [ -39.1673819, -7.71387789999994 ], [ -39.1686885, -7.71536669999995 ], [ -39.1710014, -7.71524029999995 ], [ -39.1744406, -7.71274849999998 ], [ -39.1777211, -7.70956559999996 ], [ -39.179887199999897, -7.70982039999996 ], [ -39.180924499999897, -7.70953519999995 ], [ -39.1811337, -7.70947769999998 ], [ -39.183386299999903, -7.70555959999996 ], [ -39.1875558, -7.70257239999995 ], [ -39.1880189, -7.70193869999997 ], [ -39.1893525999999, -7.70011359999995 ], [ -39.1899993, -7.69922859999997 ], [ -39.190224, -7.69892129999994 ], [ -39.191231899999899, -7.69803789999997 ], [ -39.1920231, -7.69734449999993 ], [ -39.195940699999902, -7.69708049999997 ], [ -39.2007761, -7.69550879999997 ], [ -39.2045219, -7.692155 ], [ -39.2045535, -7.69213279999997 ], [ -39.2083352, -7.68948029999996 ], [ -39.214945499999899, -7.693109 ], [ -39.2205016, -7.69500159999996 ], [ -39.2227425, -7.69680369999998 ], [ -39.224082699999897, -7.69654919999994 ], [ -39.2286352, -7.69568549999997 ], [ -39.2301904999999, -7.69572859999994 ], [ -39.230308099999903, -7.69578959999996 ], [ -39.232247899999898, -7.696795 ], [ -39.2346095, -7.69680069999993 ], [ -39.2347382, -7.696801 ], [ -39.2349285, -7.69690149999997 ], [ -39.238053799999904, -7.69855229999996 ], [ -39.239978699999902, -7.70161429999996 ], [ -39.2401738, -7.70192459999993 ], [ -39.2427246, -7.70478669999994 ], [ -39.2440549, -7.70529789999995 ], [ -39.2441724, -7.70534309999994 ], [ -39.2525649, -7.70493089999997 ], [ -39.250388, -7.698443 ], [ -39.2502565, -7.69832709999997 ], [ -39.2484223, -7.69670919999993 ], [ -39.250120099999897, -7.69293259999995 ], [ -39.2499083, -7.69275049999993 ], [ -39.247467, -7.69065159999997 ], [ -39.249885699999901, -7.68819419999994 ], [ -39.250062399999898, -7.68801519999994 ], [ -39.2500443, -7.68776429999997 ], [ -39.2497404, -7.68354459999995 ], [ -39.251031, -7.68091909999993 ], [ -39.252037399999899, -7.67887109999998 ], [ -39.2523199, -7.67829619999998 ], [ -39.252816, -7.67728679999993 ], [ -39.264180199999899, -7.67052039999993 ], [ -39.265338, -7.669831 ], [ -39.2663959, -7.66476539999996 ], [ -39.270321399999901, -7.65989729999995 ], [ -39.2718942, -7.66007589999998 ], [ -39.272401699999897, -7.66013349999997 ], [ -39.283751799999898, -7.66420839999995 ], [ -39.2849016, -7.66436469999996 ], [ -39.288845099999897, -7.66490089999996 ], [ -39.2894388, -7.66477069999996 ], [ -39.2959142999999, -7.66335079999993 ], [ -39.297708999999898, -7.66295729999996 ], [ -39.3004129, -7.66354329999996 ], [ -39.3022741999999, -7.66394669999994 ], [ -39.305566499999898, -7.66593159999996 ], [ -39.3068938, -7.66508609999994 ], [ -39.3085885, -7.66121219999997 ], [ -39.30926, -7.65875659999995 ], [ -39.3092947, -7.65862969999995 ], [ -39.3096482999999, -7.65733649999993 ], [ -39.311388599999901, -7.65523659999997 ], [ -39.314790199999898, -7.65469339999993 ], [ -39.3214402999999, -7.65422579999995 ], [ -39.324067699999901, -7.65167829999996 ], [ -39.3250464, -7.65124969999994 ], [ -39.331992399999898, -7.648208 ], [ -39.3320261, -7.64819329999995 ], [ -39.3320861, -7.648167 ], [ -39.3323217, -7.64806389999995 ], [ -39.3343326, -7.64718359999995 ], [ -39.3346566, -7.64704169999993 ], [ -39.3384437, -7.64464689999994 ], [ -39.341531099999898, -7.63693039999993 ], [ -39.3428445, -7.63561779999998 ], [ -39.350170499999898, -7.63121889999996 ], [ -39.354798699999897, -7.630128 ], [ -39.3554278, -7.62997949999993 ], [ -39.3592912, -7.62681089999995 ], [ -39.3631283, -7.62553029999998 ], [ -39.3681031, -7.62387 ], [ -39.369551499999901, -7.61939779999994 ], [ -39.3695891, -7.61928169999993 ], [ -39.370069199999897, -7.61779909999996 ], [ -39.371967299999902, -7.61517419999996 ], [ -39.3719670999999, -7.61486949999994 ], [ -39.3719667, -7.61438019999997 ], [ -39.3719497, -7.59348869999997 ], [ -39.371943299999899, -7.58567329999994 ], [ -39.371931199999899, -7.57074029999995 ], [ -39.371930899999903, -7.57034439999995 ], [ -39.371870999999899, -7.49659969999993 ], [ -39.3718673, -7.49209439999993 ], [ -39.371866899999901, -7.491581 ], [ -39.3718668, -7.49144829999994 ], [ -39.3718661, -7.49053419999996 ], [ -39.3718656, -7.48999479999998 ], [ -39.3718397, -7.45807329999997 ], [ -39.3346356, -7.46745329999993 ], [ -39.33429, -7.46754049999993 ], [ -39.3333367, -7.46778079999996 ], [ -39.3332144, -7.46781159999995 ], [ -39.2541011, -7.48774019999996 ], [ -39.1999567, -7.50224629999997 ], [ -39.1949001999999, -7.50359949999995 ], [ -39.1891732, -7.517704 ], [ -39.187842499999903, -7.52098109999997 ], [ -39.186011699999902, -7.52549 ], [ -39.171974299999903, -7.56006119999995 ], [ -39.1717922999999, -7.56050929999998 ], [ -39.1708518, -7.56282559999994 ], [ -39.1617036, -7.56871919999998 ], [ -39.133169, -7.58710209999998 ], [ -39.1192111, -7.59609409999996 ], [ -39.1191514, -7.59613259999998 ], [ -39.119068, -7.59618639999997 ], [ -39.1189891, -7.59623719999996 ], [ -39.1189732, -7.59624739999998 ], [ -39.1188781, -7.59630869999995 ], [ -39.1187388, -7.59639839999994 ], [ -39.118696499999899, -7.59642569999994 ], [ -39.1186523, -7.59645419999993 ], [ -39.118629499999898, -7.59646889999993 ], [ -39.118523, -7.59653749999995 ], [ -39.1177938, -7.59700719999995 ], [ -39.1173549, -7.59729 ], [ -39.116512499999899, -7.59783269999997 ], [ -39.1135793, -7.59972229999994 ], [ -39.1117174, -7.60092179999998 ], [ -39.1084466, -7.603029 ], [ -39.107511499999902, -7.60363139999993 ], [ -39.1045736, -7.60552409999997 ], [ -39.0973991, -7.61014609999995 ], [ -39.0725537, -7.62615229999994 ], [ -39.1064588, -7.61578449999996 ], [ -39.1167121, -7.67679809999993 ], [ -39.117831899999899, -7.68346159999993 ] ] ] ] } },
{ "type": "Feature", "properties": { "CD_MUN": "2314003", "NM_MUN": "Várzea Alegre", "CD_RGI": "230011", "NM_RGI": "Juazeiro do Norte", "CD_RGINT": "2304", "NM_RGINT": "Juazeiro do Norte", "CD_UF": "23", "NM_UF": "Ceará", "SIGLA_UF": "CE", "CD_REGIAO": "2", "NM_REGIAO": "Nordeste", "SIGLA_RG": "NE", "CD_CONCURB": null, "NM_CONCURB": null, "AREA_KM2": 829.977 }, "geometry": { "type": "MultiPolygon", "coordinates": [ [ [ [ -39.3519886, -6.91113719999993 ], [ -39.352447, -6.91138959999995 ], [ -39.353309399999901, -6.91167619999993 ], [ -39.354459399999897, -6.91227369999996 ], [ -39.3551067, -6.91311089999994 ], [ -39.3562332, -6.91418709999994 ], [ -39.3581257, -6.914784 ], [ -39.360641, -6.91557189999997 ], [ -39.361982399999903, -6.91578629999998 ], [ -39.363491699999898, -6.91638349999994 ], [ -39.3656955, -6.91683649999993 ], [ -39.3677311, -6.91661959999993 ], [ -39.3694464, -6.915788 ], [ -39.3712773, -6.91560349999997 ], [ -39.373201499999901, -6.915668 ], [ -39.3746586, -6.91579889999997 ], [ -39.375800399999903, -6.91630589999994 ], [ -39.3779752, -6.91756269999996 ], [ -39.3791213, -6.91877809999994 ], [ -39.379918599999897, -6.92008279999993 ], [ -39.3816121999999, -6.92105289999995 ], [ -39.3835263, -6.92200959999997 ], [ -39.385963699999898, -6.92244849999997 ], [ -39.387804399999901, -6.92242049999993 ], [ -39.3889154, -6.92257819999998 ], [ -39.389926499999902, -6.92240589999994 ], [ -39.3912043, -6.922246 ], [ -39.392417599999902, -6.92228549999993 ], [ -39.3949686999999, -6.92236869999994 ], [ -39.4090196, -6.90624549999995 ], [ -39.418699699999898, -6.89513779999993 ], [ -39.4532785, -6.896649 ], [ -39.4608843, -6.89698139999996 ], [ -39.4832284, -6.89795789999994 ], [ -39.480829099999902, -6.89551389999997 ], [ -39.4797351, -6.893562 ], [ -39.4791334, -6.89193709999995 ], [ -39.477576999999897, -6.889334 ], [ -39.4784079, -6.88830189999993 ], [ -39.478460799999901, -6.88707549999998 ], [ -39.4777625, -6.88561469999996 ], [ -39.4784781, -6.88420909999996 ], [ -39.481512, -6.88243219999993 ], [ -39.4832656, -6.88195189999993 ], [ -39.4841205, -6.880794 ], [ -39.485646099999897, -6.87743029999996 ], [ -39.4857289, -6.87610139999992 ], [ -39.485124, -6.87514979999997 ], [ -39.4839688, -6.87461009999993 ], [ -39.48236, -6.87332049999998 ], [ -39.4802056, -6.87176669999997 ], [ -39.4792189, -6.86958409999994 ], [ -39.4784781, -6.868539 ], [ -39.4773564, -6.86871489999993 ], [ -39.475309799999899, -6.86841569999996 ], [ -39.4742045, -6.86736479999996 ], [ -39.4731161999999, -6.86478239999997 ], [ -39.4736791999999, -6.863282 ], [ -39.474935699999897, -6.86206929999997 ], [ -39.4756015, -6.86154889999995 ], [ -39.475877399999902, -6.86133329999996 ], [ -39.4766402, -6.86023709999995 ], [ -39.4765915999999, -6.85820909999995 ], [ -39.4760673, -6.85704589999995 ], [ -39.4765791, -6.85612769999994 ], [ -39.4777561, -6.85550329999995 ], [ -39.4786546, -6.85449649999993 ], [ -39.4780643, -6.85175429999993 ], [ -39.478438099999899, -6.846688 ], [ -39.4801557, -6.84614929999998 ], [ -39.481214599999902, -6.84540519999996 ], [ -39.4823061, -6.84230459999998 ], [ -39.4830904, -6.84007309999993 ], [ -39.484228899999898, -6.83804529999998 ], [ -39.485289899999898, -6.83849879999997 ], [ -39.4867654, -6.83974019999994 ], [ -39.4904094, -6.84265729999993 ], [ -39.4918554, -6.84501769999997 ], [ -39.4935639, -6.84659079999994 ], [ -39.4950076, -6.84670719999997 ], [ -39.498382999999897, -6.84445379999994 ], [ -39.500740999999898, -6.84399089999994 ], [ -39.502622899999899, -6.84359839999996 ], [ -39.5027301, -6.84267719999997 ], [ -39.5017372, -6.84192269999994 ], [ -39.5008518, -6.84035519999998 ], [ -39.5002557, -6.83950839999994 ], [ -39.4999331, -6.83772529999993 ], [ -39.500054299999903, -6.83657009999996 ], [ -39.500843, -6.83587409999996 ], [ -39.501825799999899, -6.83570289999994 ], [ -39.502758099999902, -6.83499889999996 ], [ -39.504827, -6.83245329999994 ], [ -39.5063595, -6.82842179999994 ], [ -39.507087, -6.82397149999997 ], [ -39.5067083, -6.82276739999998 ], [ -39.5064601999999, -6.82197869999993 ], [ -39.506952199999901, -6.81976089999995 ], [ -39.5074078, -6.81839359999998 ], [ -39.5078329, -6.81645639999994 ], [ -39.5104052, -6.81666539999998 ], [ -39.512493, -6.81323669999995 ], [ -39.514414299999899, -6.81158389999996 ], [ -39.515929399999898, -6.811152 ], [ -39.5168543999999, -6.810096 ], [ -39.515975599999898, -6.80913279999993 ], [ -39.5147306, -6.80846169999995 ], [ -39.513875599999899, -6.80745839999997 ], [ -39.5139465, -6.80623249999996 ], [ -39.5141796, -6.80500619999998 ], [ -39.5135417, -6.80368879999997 ], [ -39.5123586, -6.80153529999995 ], [ -39.5110197, -6.798757 ], [ -39.509687299999896, -6.793723 ], [ -39.509119199999901, -6.79178289999993 ], [ -39.5092136, -6.78945269999997 ], [ -39.5097517, -6.788315 ], [ -39.5100821, -6.78662129999998 ], [ -39.5115503, -6.78526119999998 ], [ -39.5118982, -6.78419179999997 ], [ -39.5122132, -6.78175759999993 ], [ -39.5114991, -6.77961119999998 ], [ -39.510389099999898, -6.77674469999994 ], [ -39.5101773, -6.77572059999994 ], [ -39.509347299999902, -6.77463529999994 ], [ -39.5087457, -6.77287239999993 ], [ -39.507032, -6.77068679999996 ], [ -39.5063736, -6.76924659999997 ], [ -39.506435199999899, -6.76675089999998 ], [ -39.5048906, -6.76245569999998 ], [ -39.503705, -6.75878259999996 ], [ -39.5026549, -6.75655119999993 ], [ -39.501576199999903, -6.75474859999997 ], [ -39.500682, -6.75373179999997 ], [ -39.4993726, -6.75458529999997 ], [ -39.498355699999898, -6.75383279999994 ], [ -39.4971062, -6.75219409999994 ], [ -39.4952694, -6.751475 ], [ -39.492514399999898, -6.75180439999997 ], [ -39.4882193, -6.75217049999998 ], [ -39.4861205999999, -6.75368049999997 ], [ -39.4843519, -6.75584789999994 ], [ -39.4825159, -6.75775289999996 ], [ -39.4815973, -6.75755659999993 ], [ -39.480286, -6.75650949999994 ], [ -39.4781522, -6.75556 ], [ -39.476785699999901, -6.75876149999993 ], [ -39.4748137999999, -6.76216189999997 ], [ -39.47399, -6.76440049999997 ], [ -39.473141199999901, -6.76556209999995 ], [ -39.4726509, -6.766161 ], [ -39.471672199999901, -6.76669429999993 ], [ -39.4714408, -6.76682039999997 ], [ -39.4705882, -6.76760639999998 ], [ -39.469999, -6.76846089999998 ], [ -39.470063099999898, -6.76924959999997 ], [ -39.4711809, -6.770429 ], [ -39.4705241, -6.77055989999997 ], [ -39.4689503, -6.77043029999993 ], [ -39.46682, -6.77118759999996 ], [ -39.4663613, -6.77230329999998 ], [ -39.4671498, -6.77354909999997 ], [ -39.4681993, -6.77420389999997 ], [ -39.467611, -6.77512259999997 ], [ -39.4652493, -6.77617689999994 ], [ -39.4628574, -6.77791779999995 ], [ -39.4614142, -6.77811549999996 ], [ -39.4592496, -6.77713149999994 ], [ -39.456952199999897, -6.77739869999994 ], [ -39.4557067, -6.77798879999995 ], [ -39.4523947, -6.77802629999996 ], [ -39.451083299999901, -6.77881449999995 ], [ -39.450047299999902, -6.77998319999995 ], [ -39.4493290999999, -6.78333089999995 ], [ -39.4484481, -6.78665239999998 ], [ -39.446562899999897, -6.78837369999997 ], [ -39.4458131, -6.78887009999994 ], [ -39.4448135, -6.78931519999998 ], [ -39.442307099999901, -6.79015109999995 ], [ -39.439801499999902, -6.79001219999998 ], [ -39.4364661, -6.78925679999998 ], [ -39.434136099999897, -6.78827119999994 ], [ -39.4314342, -6.78664249999997 ], [ -39.4270908, -6.78607829999993 ], [ -39.4260062, -6.78572379999997 ], [ -39.424382099999903, -6.78494979999994 ], [ -39.4219677, -6.78384619999997 ], [ -39.420286299999901, -6.78328759999994 ], [ -39.419136599999902, -6.78280029999996 ], [ -39.418648, -6.78254229999993 ], [ -39.4183235, -6.78167969999993 ], [ -39.4183009, -6.78056219999996 ], [ -39.418375099999899, -6.77965609999995 ], [ -39.4174924, -6.77918909999994 ], [ -39.417493599999901, -6.77846279999994 ], [ -39.4178719, -6.77702119999998 ], [ -39.4177584, -6.77666609999994 ], [ -39.4172143, -6.77556389999995 ], [ -39.4171588, -6.77341519999993 ], [ -39.4156043999999, -6.77268829999997 ], [ -39.4119722, -6.76959719999996 ], [ -39.409621, -6.76827029999993 ], [ -39.4065396, -6.76690879999995 ], [ -39.405173299999902, -6.76601889999995 ], [ -39.404589, -6.76532649999996 ], [ -39.4036718, -6.76245249999994 ], [ -39.4026226, -6.75981829999995 ], [ -39.401281, -6.75808709999995 ], [ -39.3992349, -6.75575769999995 ], [ -39.3985658, -6.75527969999996 ], [ -39.397987699999902, -6.75533719999993 ], [ -39.3975273, -6.75563969999996 ], [ -39.3930786, -6.76091429999997 ], [ -39.3908542, -6.763069 ], [ -39.3885549, -6.76433369999995 ], [ -39.3868368, -6.76590629999993 ], [ -39.3856226999999, -6.76615789999994 ], [ -39.3844468, -6.76799369999998 ], [ -39.384075799999898, -6.76918359999996 ], [ -39.3820292999999, -6.76956379999996 ], [ -39.3702867, -6.76431279999997 ], [ -39.3671481, -6.76290929999993 ], [ -39.3641883, -6.764132 ], [ -39.3614385, -6.76707919999996 ], [ -39.3614405, -6.76969979999996 ], [ -39.3592841, -6.77101119999998 ], [ -39.351981899999899, -6.77007659999992 ], [ -39.3482243999999, -6.76907169999993 ], [ -39.346592799999897, -6.76896519999997 ], [ -39.341308899999902, -6.76623529999995 ], [ -39.339673199999901, -6.76560139999998 ], [ -39.338225399999899, -6.76560329999995 ], [ -39.335619999999899, -6.76673589999996 ], [ -39.3338711, -6.768577 ], [ -39.3320315, -6.77008259999997 ], [ -39.330543299999903, -6.77070239999995 ], [ -39.329790199999898, -6.770806 ], [ -39.3292286, -6.77088329999998 ], [ -39.3278617, -6.77031879999993 ], [ -39.3242291, -6.76722389999998 ], [ -39.3210377999999, -6.76508669999993 ], [ -39.3155065999999, -6.760409 ], [ -39.313173999999897, -6.75798439999994 ], [ -39.3101427, -6.756852 ], [ -39.307586699999902, -6.75604939999994 ], [ -39.3046977, -6.75518639999996 ], [ -39.3018342, -6.754517 ], [ -39.3004789, -6.75353909999995 ], [ -39.299613399999899, -6.75138479999993 ], [ -39.2996484, -6.74933589999995 ], [ -39.2988336, -6.747226 ], [ -39.2973881, -6.74516169999993 ], [ -39.2974121, -6.74450219999994 ], [ -39.2978543, -6.74297149999995 ], [ -39.2988109, -6.74124769999997 ], [ -39.3022305, -6.739817 ], [ -39.3056573, -6.73990319999996 ], [ -39.3065189, -6.73980669999997 ], [ -39.311878799999903, -6.73920669999995 ], [ -39.3141198, -6.73860279999997 ], [ -39.3161426, -6.73817319999995 ], [ -39.3187725, -6.73704929999997 ], [ -39.3249752, -6.73678379999996 ], [ -39.328248899999899, -6.73523109999996 ], [ -39.3284967, -6.73432589999993 ], [ -39.3285898, -6.73398579999997 ], [ -39.3292582999999, -6.73182649999995 ], [ -39.329796799999897, -6.73074779999996 ], [ -39.335309, -6.72910769999993 ], [ -39.3344465, -6.727557 ], [ -39.3346174, -6.72600179999995 ], [ -39.3363393999999, -6.72479659999993 ], [ -39.334443099999902, -6.72246949999993 ], [ -39.331683499999897, -6.72005879999995 ], [ -39.329269699999898, -6.71652709999995 ], [ -39.3220241, -6.70601509999995 ], [ -39.3187493, -6.70274079999996 ], [ -39.3184016, -6.69679419999994 ], [ -39.3196045, -6.69334689999994 ], [ -39.318569599999897, -6.69213989999997 ], [ -39.3164997, -6.69110729999994 ], [ -39.3154666, -6.68852259999994 ], [ -39.3161539, -6.68808979999994 ], [ -39.316841899999901, -6.68584859999993 ], [ -39.3166699, -6.68429829999997 ], [ -39.3146007, -6.68430149999995 ], [ -39.3132231, -6.68636839999994 ], [ -39.3106399, -6.68628409999997 ], [ -39.3080418, -6.68541469999997 ], [ -39.3054031, -6.68352679999998 ], [ -39.3024579, -6.68234389999998 ], [ -39.300446099999903, -6.68076549999995 ], [ -39.2972854, -6.67940319999997 ], [ -39.294697, -6.67741529999995 ], [ -39.2923872, -6.67592949999994 ], [ -39.2904502, -6.67454209999994 ], [ -39.290506999999899, -6.67271119999998 ], [ -39.2911177, -6.66957729999996 ], [ -39.2912509, -6.66693669999995 ], [ -39.2908378, -6.66449809999995 ], [ -39.2896676, -6.66220289999995 ], [ -39.2892818, -6.66005379999996 ], [ -39.2897259, -6.65823529999994 ], [ -39.2896779, -6.65788219999996 ], [ -39.2896114, -6.65739229999997 ], [ -39.2894524, -6.65622 ], [ -39.2883621, -6.65456879999994 ], [ -39.2844749, -6.65056009999995 ], [ -39.282502899999898, -6.64936349999994 ], [ -39.281225699999901, -6.64822989999993 ], [ -39.280667999999899, -6.64603559999995 ], [ -39.281171599999901, -6.64376209999995 ], [ -39.2810588, -6.64121119999993 ], [ -39.2816395, -6.63784669999995 ], [ -39.2831406, -6.63494659999998 ], [ -39.2834546, -6.63354609999993 ], [ -39.2828377, -6.63212619999996 ], [ -39.2811442, -6.63068339999995 ], [ -39.2802285, -6.63040529999995 ], [ -39.2794507, -6.62920709999997 ], [ -39.280279699999902, -6.62811839999995 ], [ -39.282588, -6.62573259999994 ], [ -39.2856164, -6.62340059999997 ], [ -39.2908955, -6.61789389999996 ], [ -39.2928974, -6.61454209999994 ], [ -39.2942275, -6.61205819999998 ], [ -39.2952998, -6.60851289999994 ], [ -39.2964426, -6.60750079999997 ], [ -39.299316, -6.60753739999996 ], [ -39.3022314, -6.60849469999994 ], [ -39.304080999999897, -6.60967019999993 ], [ -39.3057059, -6.61026289999995 ], [ -39.307839, -6.60990719999995 ], [ -39.3086284, -6.60918869999995 ], [ -39.3105206, -6.60617319999994 ], [ -39.3106877, -6.60559869999997 ], [ -39.310783199999896, -6.60514389999997 ], [ -39.3109979, -6.60392309999997 ], [ -39.311236699999903, -6.60310919999995 ], [ -39.3113316, -6.60172089999998 ], [ -39.311857099999898, -6.60014089999993 ], [ -39.3118324, -6.59884849999997 ], [ -39.3119032, -6.59731669999996 ], [ -39.312408699999899, -6.59147659999996 ], [ -39.312492099999901, -6.58745279999994 ], [ -39.312831399999901, -6.58454339999997 ], [ -39.3118919, -6.58372989999998 ], [ -39.3107792, -6.58373059999997 ], [ -39.309068099999898, -6.58424719999994 ], [ -39.3083839, -6.58373379999995 ], [ -39.3079536, -6.57988139999998 ], [ -39.3063275, -6.57890089999995 ], [ -39.3045309, -6.57727189999997 ], [ -39.3000827, -6.57505289999995 ], [ -39.2982842, -6.57179919999993 ], [ -39.296916699999898, -6.57055889999998 ], [ -39.2962304, -6.56953169999997 ], [ -39.294924599999902, -6.56708549999996 ], [ -39.294991599999904, -6.56594319999994 ], [ -39.2984225, -6.56168269999995 ], [ -39.2805316, -6.56831649999998 ], [ -39.2415147, -6.58278359999997 ], [ -39.2391815, -6.58364869999997 ], [ -39.2383333, -6.58392229999993 ], [ -39.237216499999903, -6.58428249999997 ], [ -39.2366461, -6.58446649999996 ], [ -39.2362004, -6.58470929999993 ], [ -39.2359516, -6.58501579999995 ], [ -39.2361912, -6.58540819999996 ], [ -39.2366125, -6.58568569999994 ], [ -39.2369098, -6.58670029999996 ], [ -39.2371211, -6.58805009999998 ], [ -39.236834299999899, -6.58895979999994 ], [ -39.236049099999903, -6.58855809999994 ], [ -39.234631599999901, -6.58745769999996 ], [ -39.2337601, -6.58675929999993 ], [ -39.2329941, -6.58663519999993 ], [ -39.2318548, -6.58643469999993 ], [ -39.2302559, -6.58618649999994 ], [ -39.229126199999897, -6.58621569999997 ], [ -39.2285136, -6.58647449999995 ], [ -39.228073299999899, -6.58672359999997 ], [ -39.227371499999897, -6.58728119999995 ], [ -39.2258983, -6.588824 ], [ -39.224990499999898, -6.58931379999996 ], [ -39.2234505, -6.58980389999994 ], [ -39.2219473, -6.58970129999994 ], [ -39.2211073, -6.58921049999998 ], [ -39.219991, -6.58983869999997 ], [ -39.2201994, -6.59054089999995 ], [ -39.2222278, -6.59236009999995 ], [ -39.2220187, -6.59424829999995 ], [ -39.2204467, -6.59561479999996 ], [ -39.218347999999899, -6.59596529999993 ], [ -39.216949999999898, -6.59561609999997 ], [ -39.2150637, -6.59624589999993 ], [ -39.2134892999999, -6.60076119999997 ], [ -39.212442199999899, -6.60229859999993 ], [ -39.2107136, -6.60634349999998 ], [ -39.209873699999903, -6.60781329999998 ], [ -39.204195599999899, -6.60907549999996 ], [ -39.201766399999897, -6.60943549999996 ], [ -39.199364, -6.60933229999995 ], [ -39.196544, -6.60954259999994 ], [ -39.194559399999903, -6.60985769999996 ], [ -39.1940293, -6.61009539999998 ], [ -39.1930452, -6.61053549999997 ], [ -39.1918964, -6.61252329999996 ], [ -39.186091599999898, -6.61317889999998 ], [ -39.1828364, -6.61340029999997 ], [ -39.180148, -6.61341579999993 ], [ -39.179313, -6.61278919999995 ], [ -39.1785815, -6.613311 ], [ -39.179313099999902, -6.614775 ], [ -39.1811931, -6.61738759999997 ], [ -39.180984899999899, -6.61843139999996 ], [ -39.1790541, -6.61838009999997 ], [ -39.1776952, -6.618171 ], [ -39.177591, -6.61921509999996 ], [ -39.178114299999898, -6.61953059999996 ], [ -39.1772768, -6.62026289999994 ], [ -39.176025599999903, -6.62026259999993 ], [ -39.174354, -6.62057769999996 ], [ -39.1734873999999, -6.62212279999994 ], [ -39.1731523, -6.62272039999993 ], [ -39.173898199999897, -6.62526059999993 ], [ -39.1754693, -6.62762959999998 ], [ -39.1776591, -6.63257449999998 ], [ -39.1786407, -6.63384959999996 ], [ -39.181462399999901, -6.63844559999995 ], [ -39.1835531, -6.64063989999994 ], [ -39.1838655, -6.64137139999997 ], [ -39.181672299999903, -6.641581 ], [ -39.1778601, -6.64215789999997 ], [ -39.175667599999898, -6.64299529999994 ], [ -39.174311, -6.64560719999997 ], [ -39.1764011, -6.64811489999994 ], [ -39.1757742, -6.64905719999996 ], [ -39.1746259, -6.64968319999997 ], [ -39.1737914, -6.65052049999997 ], [ -39.1743653999999, -6.65151339999994 ], [ -39.1745743, -6.65308049999993 ], [ -39.1754091, -6.653708 ], [ -39.175411499999903, -6.65475259999994 ], [ -39.1747844, -6.65517039999997 ], [ -39.1746803999999, -6.65631959999996 ], [ -39.1754104, -6.65652989999995 ], [ -39.176076099999896, -6.65700539999995 ], [ -39.1765604, -6.65767789999995 ], [ -39.173166, -6.65961319999997 ], [ -39.171732, -6.66308849999996 ], [ -39.171836599999899, -6.665283 ], [ -39.1733265, -6.66917609999996 ], [ -39.1746851999999, -6.67116109999995 ], [ -39.1727372, -6.672857 ], [ -39.170209499999899, -6.673394 ], [ -39.1694434999999, -6.67360489999993 ], [ -39.1686008, -6.67347109999997 ], [ -39.1669347, -6.673376 ], [ -39.163332099999899, -6.67367029999997 ], [ -39.161493699999902, -6.67413049999993 ], [ -39.160363899999901, -6.67424569999997 ], [ -39.1601722999999, -6.67411179999993 ], [ -39.159846699999903, -6.67393949999996 ], [ -39.1594253, -6.673729 ], [ -39.1590231, -6.67361429999994 ], [ -39.157529399999902, -6.67388279999994 ], [ -39.1573763, -6.67394029999997 ], [ -39.1571847, -6.67394039999994 ], [ -39.1568017, -6.67390219999993 ], [ -39.1561886, -6.67292589999994 ], [ -39.1560162, -6.67275359999996 ], [ -39.155862899999903, -6.67271539999996 ], [ -39.1556714, -6.67271539999996 ], [ -39.155403299999897, -6.67275379999995 ], [ -39.1551544, -6.67281129999998 ], [ -39.1547714, -6.67292629999997 ], [ -39.1544459, -6.67298389999996 ], [ -39.1540438, -6.67313719999993 ], [ -39.1533545, -6.67369269999995 ], [ -39.1522438, -6.67399939999996 ], [ -39.1511905999999, -6.67419119999994 ], [ -39.1506735, -6.67421049999996 ], [ -39.1505586, -6.67399989999996 ], [ -39.1504244999999, -6.67386589999995 ], [ -39.150232899999899, -6.673617 ], [ -39.150137, -6.67331069999994 ], [ -39.1500986, -6.67300439999997 ], [ -39.1500028, -6.67273629999994 ], [ -39.1500027, -6.67248739999997 ], [ -39.1500027, -6.67221929999994 ], [ -39.150079199999901, -6.67187469999993 ], [ -39.1501173999999, -6.67162569999994 ], [ -39.1501173, -6.67141509999993 ], [ -39.1501172, -6.67116619999996 ], [ -39.1500023, -6.67099389999993 ], [ -39.1499256, -6.670745 ], [ -39.1497148999999, -6.67053449999997 ], [ -39.149446899999901, -6.67091749999997 ], [ -39.1492172, -6.67133879999994 ], [ -39.1489108, -6.67143459999994 ], [ -39.1479916, -6.67158809999995 ], [ -39.1477427, -6.67179879999998 ], [ -39.147704599999898, -6.67220089999995 ], [ -39.1476089, -6.67266049999995 ], [ -39.147379199999897, -6.67290939999998 ], [ -39.147072799999897, -6.67290949999995 ], [ -39.146670599999901, -6.67275649999993 ], [ -39.145099899999899, -6.67183789999996 ], [ -39.144716899999899, -6.67168479999998 ], [ -39.144314699999903, -6.67172319999997 ], [ -39.14397, -6.67174249999994 ], [ -39.143407599999897, -6.67241639999997 ], [ -39.142938699999902, -6.67322079999997 ], [ -39.142709099999898, -6.67383349999994 ], [ -39.1427762, -6.67437919999998 ], [ -39.1429299, -6.67586309999996 ], [ -39.1427265, -6.67614669999995 ], [ -39.1421713, -6.67674049999994 ], [ -39.1412139, -6.67718119999995 ], [ -39.1400735, -6.67823339999995 ], [ -39.1399119, -6.67834719999996 ], [ -39.138494799999897, -6.67838819999997 ], [ -39.138112, -6.67909679999997 ], [ -39.1376908, -6.67974789999994 ], [ -39.1373273, -6.68093519999996 ], [ -39.1366189, -6.681797 ], [ -39.135446699999903, -6.68229729999996 ], [ -39.1351536, -6.68275149999994 ], [ -39.1341968, -6.68370519999996 ], [ -39.1340638, -6.68391929999996 ], [ -39.133921299999898, -6.68414849999994 ], [ -39.1337748, -6.68450039999993 ], [ -39.133682399999898, -6.68462689999996 ], [ -39.1338261, -6.68510549999996 ], [ -39.1338861, -6.685632 ], [ -39.1343772, -6.68673289999998 ], [ -39.134485, -6.68716369999993 ], [ -39.134377399999899, -6.68766629999993 ], [ -39.134281799999897, -6.68820489999996 ], [ -39.1339707, -6.68861189999996 ], [ -39.1328576, -6.68877969999994 ], [ -39.132259099999899, -6.688744 ], [ -39.1316487, -6.68878 ], [ -39.1311939, -6.68915109999995 ], [ -39.1309807, -6.68950729999995 ], [ -39.130655499999897, -6.68973529999994 ], [ -39.130341799999897, -6.690131 ], [ -39.1298178, -6.69070719999996 ], [ -39.1296743, -6.69129369999996 ], [ -39.129496699999898, -6.692018 ], [ -39.1292318, -6.69241869999996 ], [ -39.1293515999999, -6.69312469999994 ], [ -39.1299862, -6.693711 ], [ -39.1303334999999, -6.69446479999993 ], [ -39.1307145, -6.69552119999997 ], [ -39.130729, -6.69611619999995 ], [ -39.130729, -6.69641529999996 ], [ -39.130789, -6.69682219999993 ], [ -39.130837, -6.69715729999996 ], [ -39.1308251, -6.69740859999996 ], [ -39.1307413, -6.69765989999996 ], [ -39.130753399999897, -6.69787529999996 ], [ -39.1308372, -6.697995 ], [ -39.131136399999903, -6.69803079999997 ], [ -39.131304, -6.69810259999997 ], [ -39.131387899999901, -6.698318 ], [ -39.1314239, -6.69854529999998 ], [ -39.1314239, -6.69868889999998 ], [ -39.1313282, -6.69909579999995 ], [ -39.1313044, -6.69938309999998 ], [ -39.131280499999903, -6.69957449999993 ], [ -39.131280499999903, -6.69973009999995 ], [ -39.131304499999899, -6.69996939999993 ], [ -39.131352499999899, -6.70014889999993 ], [ -39.131520099999904, -6.70032839999993 ], [ -39.1314962, -6.70056779999993 ], [ -39.1314245, -6.70079519999996 ], [ -39.1312689, -6.70098669999993 ], [ -39.1310894, -6.70099869999996 ], [ -39.1309577, -6.70099869999996 ], [ -39.1307662, -6.70099879999998 ], [ -39.1305627, -6.70096289999998 ], [ -39.1301796, -6.70087929999994 ], [ -39.129964099999903, -6.70084339999994 ], [ -39.1299043, -6.70093919999994 ], [ -39.129880399999898, -6.70109469999994 ], [ -39.129832599999901, -6.70127429999997 ], [ -39.1297129, -6.70140589999994 ], [ -39.1298806, -6.70184869999997 ], [ -39.129988399999903, -6.70218369999998 ], [ -39.1300004, -6.70235129999998 ], [ -39.1300125, -6.70253079999998 ], [ -39.1300125, -6.70257859999998 ], [ -39.129952699999897, -6.70271029999998 ], [ -39.129557599999899, -6.70265059999997 ], [ -39.129306299999897, -6.70265059999997 ], [ -39.1292463999999, -6.70268649999997 ], [ -39.1292463999999, -6.70273439999994 ], [ -39.129378099999897, -6.70285409999997 ], [ -39.1293661999999, -6.70299769999997 ], [ -39.1293663, -6.703237 ], [ -39.1293664, -6.703596 ], [ -39.1293545999999, -6.704338 ], [ -39.129373799999897, -6.70500459999994 ], [ -39.1289603, -6.70709059999996 ], [ -39.1296967, -6.70935269999995 ], [ -39.1298391999999, -6.71037879999994 ], [ -39.1291643, -6.71124779999997 ], [ -39.128281, -6.71159989999995 ], [ -39.1263311, -6.71134449999994 ], [ -39.125318799999903, -6.71121189999997 ], [ -39.1246485, -6.71116419999993 ], [ -39.124466599999899, -6.71125039999993 ], [ -39.123746299999901, -6.71249909999995 ], [ -39.123157499999898, -6.71310239999997 ], [ -39.1224966999999, -6.71300209999993 ], [ -39.1211896, -6.71305979999994 ], [ -39.1200271, -6.71264609999997 ], [ -39.119748399999899, -6.71245529999993 ], [ -39.1175777, -6.71153019999997 ], [ -39.1172424, -6.71115209999994 ], [ -39.11707, -6.71088409999993 ], [ -39.116916699999898, -6.71064479999995 ], [ -39.116571899999897, -6.71044379999995 ], [ -39.116246299999901, -6.71041519999994 ], [ -39.115786699999902, -6.71043439999994 ], [ -39.1153748999999, -6.71043449999996 ], [ -39.114944, -6.71040589999996 ], [ -39.114675799999901, -6.71031019999998 ], [ -39.114513, -6.71015709999995 ], [ -39.1143693, -6.71001349999995 ], [ -39.1141203, -6.70970719999997 ], [ -39.1139861999999, -6.70946789999994 ], [ -39.1138425, -6.70926689999993 ], [ -39.1136701, -6.70926689999993 ], [ -39.1135169, -6.709334 ], [ -39.113421199999898, -6.70944889999993 ], [ -39.1133829, -6.70961169999993 ], [ -39.113287199999903, -6.70984139999996 ], [ -39.1130861, -6.7101 ], [ -39.112942599999897, -6.71033939999995 ], [ -39.112530799999902, -6.71049259999995 ], [ -39.1121861, -6.71067459999995 ], [ -39.111784, -6.71094279999994 ], [ -39.1113435, -6.71116309999996 ], [ -39.111094599999902, -6.71131629999996 ], [ -39.1108169, -6.71154609999996 ], [ -39.110501, -6.71173769999996 ], [ -39.1101179, -6.71191009999995 ], [ -39.1098497999999, -6.71203459999998 ], [ -39.109715799999897, -6.71226439999998 ], [ -39.1097063, -6.71253249999995 ], [ -39.109763799999897, -6.71280049999996 ], [ -39.1098501, -6.713059 ], [ -39.1098597, -6.71325049999996 ], [ -39.1098502, -6.71343239999993 ], [ -39.109707399999898, -6.71384719999998 ], [ -39.1094816, -6.71402839999996 ], [ -39.1090747, -6.71445929999993 ], [ -39.1082898, -6.71540079999994 ], [ -39.107930699999898, -6.71548459999997 ], [ -39.1084428, -6.71714939999993 ], [ -39.1091827, -6.71772369999996 ], [ -39.1099642, -6.71789439999998 ], [ -39.1110159, -6.71761369999996 ], [ -39.1124076, -6.71789529999995 ], [ -39.1131905, -6.71831509999993 ], [ -39.1140597, -6.71876369999995 ], [ -39.114989799999897, -6.71887479999998 ], [ -39.115967899999902, -6.71919889999998 ], [ -39.1166724, -6.71954389999996 ], [ -39.1175181999999, -6.71986509999994 ], [ -39.1184004, -6.72002159999994 ], [ -39.1189368, -6.72030629999995 ], [ -39.1195688, -6.72033009999996 ], [ -39.1203528, -6.72015039999997 ], [ -39.1214322, -6.72019 ], [ -39.1225456, -6.72067639999995 ], [ -39.123749599999897, -6.720724 ], [ -39.1248312, -6.72096239999996 ], [ -39.1252264, -6.72169529999996 ], [ -39.1259208, -6.72209009999995 ], [ -39.1261165, -6.722812 ], [ -39.1274653, -6.72345389999998 ], [ -39.1282315, -6.723717 ], [ -39.128883899999899, -6.72386639999996 ], [ -39.1295724, -6.72442269999993 ], [ -39.130195, -6.72496109999997 ], [ -39.1309136, -6.72644479999997 ], [ -39.1321948, -6.72778479999994 ], [ -39.1327456, -6.72817359999993 ], [ -39.1333772, -6.72860719999994 ], [ -39.133799399999901, -6.72944779999995 ], [ -39.1339791, -6.73004009999994 ], [ -39.1339077, -6.73159589999995 ], [ -39.1337882999999, -6.73269089999997 ], [ -39.133202, -6.73370829999993 ], [ -39.132780399999902, -6.73506069999996 ], [ -39.1336216, -6.73590409999997 ], [ -39.1343279, -6.73617319999994 ], [ -39.1348747, -6.736552 ], [ -39.1353817, -6.73741989999996 ], [ -39.135424999999898, -6.73832459999994 ], [ -39.1352816, -6.73895649999997 ], [ -39.142689399999902, -6.75309539999995 ], [ -39.1601181999999, -6.78636059999997 ], [ -39.1621736, -6.79028369999997 ], [ -39.181558, -6.82728169999996 ], [ -39.1846332, -6.85364549999997 ], [ -39.1858058, -6.86369829999995 ], [ -39.1889328, -6.86340789999997 ], [ -39.1903621, -6.86403319999994 ], [ -39.192032099999899, -6.86451389999996 ], [ -39.1927066, -6.86499509999993 ], [ -39.1936221, -6.86579709999995 ], [ -39.1952439, -6.86610129999997 ], [ -39.1958382, -6.86696779999994 ], [ -39.1971553, -6.86818679999993 ], [ -39.1981192, -6.86948619999993 ], [ -39.198874499999903, -6.87101039999993 ], [ -39.199886299999903, -6.87198889999996 ], [ -39.201476, -6.87298729999998 ], [ -39.2021991, -6.87343219999997 ], [ -39.203183399999901, -6.87374889999995 ], [ -39.204470699999902, -6.87410739999996 ], [ -39.2052973999999, -6.87511229999996 ], [ -39.2062306999999, -6.87680039999998 ], [ -39.2069695, -6.87732959999994 ], [ -39.207916699999899, -6.87699219999996 ], [ -39.2087531, -6.87683229999993 ], [ -39.209714899999902, -6.87670259999993 ], [ -39.211047699999902, -6.87687849999998 ], [ -39.2122682, -6.87751989999992 ], [ -39.213295699999897, -6.87729479999996 ], [ -39.2150134, -6.87658789999995 ], [ -39.2159928, -6.87639489999998 ], [ -39.2172451, -6.87620179999993 ], [ -39.218529799999899, -6.87657029999997 ], [ -39.2192845, -6.87682669999998 ], [ -39.2200715, -6.87722749999995 ], [ -39.2209066, -6.87756409999997 ], [ -39.2218541, -6.87807719999995 ], [ -39.222721299999897, -6.87842979999994 ], [ -39.2237253, -6.87936809999997 ], [ -39.2246003999999, -6.87955219999998 ], [ -39.2254033, -6.87955189999997 ], [ -39.2255675, -6.87965269999995 ], [ -39.2262385, -6.880065 ], [ -39.2273771, -6.880684 ], [ -39.2285671, -6.88109889999993 ], [ -39.2297555, -6.88145949999995 ], [ -39.2307188999999, -6.881459 ], [ -39.231746299999898, -6.88115359999995 ], [ -39.2328861, -6.88113289999995 ], [ -39.2339997999999, -6.88129989999993 ], [ -39.2355625, -6.88138289999995 ], [ -39.2377121, -6.88172889999993 ], [ -39.2592184, -6.88169949999997 ], [ -39.2662528, -6.88168989999997 ], [ -39.3224660999999, -6.90038429999993 ], [ -39.329328, -6.90266629999996 ], [ -39.3387916, -6.90581349999997 ], [ -39.3416177, -6.90601239999995 ], [ -39.3434386, -6.90694449999995 ], [ -39.3472484, -6.90940689999996 ], [ -39.3493086, -6.91009949999994 ], [ -39.3510292, -6.91060879999998 ], [ -39.3519886, -6.91113719999993 ] ] ] ] } },
{ "type": "Feature", "properties": { "CD_MUN": "2304806", "NM_MUN": "Granjeiro", "CD_RGI": "230011", "NM_RGI": "Juazeiro do Norte", "CD_RGINT": "2304", "NM_RGINT": "Juazeiro do Norte", "CD_UF": "23", "NM_UF": "Ceará", "SIGLA_UF": "CE", "CD_REGIAO": "2", "NM_REGIAO": "Nordeste", "SIGLA_RG": "NE", "CD_CONCURB": null, "NM_CONCURB": null, "AREA_KM2": 111.528 }, "geometry": { "type": "MultiPolygon", "coordinates": [ [ [ [ -39.3237487, -6.96721569999994 ], [ -39.3250762, -6.98344949999995 ], [ -39.3256443, -6.98406659999995 ], [ -39.3261707, -6.98462729999994 ], [ -39.326749499999899, -6.98535339999995 ], [ -39.3271763, -6.98558709999998 ], [ -39.3278008999999, -6.98592889999998 ], [ -39.328437999999899, -6.98504349999996 ], [ -39.328798999999897, -6.98403809999996 ], [ -39.3290545999999, -6.98305779999993 ], [ -39.3294711, -6.98261589999993 ], [ -39.3300695, -6.98196089999993 ], [ -39.330842699999899, -6.98120769999997 ], [ -39.3311825, -6.98073829999993 ], [ -39.3312753, -6.97992689999995 ], [ -39.331541, -6.97923979999996 ], [ -39.3316215, -6.97825689999996 ], [ -39.3317478, -6.97740629999993 ], [ -39.3309283, -6.97622169999994 ], [ -39.3303696, -6.97557879999994 ], [ -39.329667, -6.97492689999996 ], [ -39.3298318, -6.97430819999994 ], [ -39.329870099999901, -6.97382519999996 ], [ -39.3300748, -6.97279739999993 ], [ -39.3301569, -6.972047 ], [ -39.3300737, -6.971128 ], [ -39.3299456, -6.97045489999994 ], [ -39.3298255, -6.96916989999994 ], [ -39.329725799999899, -6.96822389999994 ], [ -39.32919, -6.96745959999993 ], [ -39.3298425, -6.96676979999995 ], [ -39.330296599999897, -6.96629919999998 ], [ -39.3306097, -6.96563079999993 ], [ -39.331167, -6.96465129999996 ], [ -39.3319274, -6.96467479999995 ], [ -39.3331223, -6.96351849999996 ], [ -39.3338204, -6.96257109999993 ], [ -39.3349573, -6.96213019999993 ], [ -39.3359341, -6.961597 ], [ -39.336509, -6.96157749999998 ], [ -39.3371845, -6.96160569999995 ], [ -39.3376775, -6.96104049999997 ], [ -39.337435099999901, -6.96031309999995 ], [ -39.337108, -6.95961049999994 ], [ -39.336577599999899, -6.95861379999997 ], [ -39.336660499999901, -6.95735219999995 ], [ -39.336685499999902, -6.95599 ], [ -39.3369163, -6.95494119999995 ], [ -39.3372328, -6.95384149999995 ], [ -39.3381185, -6.95300919999994 ], [ -39.338724899999903, -6.952566 ], [ -39.3390942, -6.951729 ], [ -39.3396165, -6.95021289999994 ], [ -39.3394438, -6.94904119999995 ], [ -39.339913, -6.94836779999997 ], [ -39.3404067, -6.94749919999998 ], [ -39.3403336, -6.94614609999996 ], [ -39.3405648, -6.94497919999998 ], [ -39.3414435, -6.94422109999994 ], [ -39.3419564, -6.94424669999995 ], [ -39.3428034, -6.94458229999998 ], [ -39.342809499999902, -6.945341 ], [ -39.343322699999902, -6.94567569999998 ], [ -39.3443854, -6.94545559999995 ], [ -39.345615699999897, -6.94506969999998 ], [ -39.346212, -6.94446849999997 ], [ -39.346280299999897, -6.94368329999998 ], [ -39.3470105, -6.94300559999994 ], [ -39.3475453, -6.942304 ], [ -39.347881399999899, -6.94150379999996 ], [ -39.346832999999897, -6.94098459999998 ], [ -39.3461897, -6.94073729999997 ], [ -39.3457402, -6.94018839999995 ], [ -39.3451216999999, -6.93936789999998 ], [ -39.3448551, -6.93838679999993 ], [ -39.3447823999999, -6.93723439999997 ], [ -39.3453881, -6.93684989999997 ], [ -39.3462408, -6.93687079999995 ], [ -39.347037, -6.93658549999998 ], [ -39.346629199999903, -6.93626669999998 ], [ -39.346111699999902, -6.93602939999994 ], [ -39.3452986, -6.935588 ], [ -39.3443531, -6.93520569999993 ], [ -39.3434697, -6.93469579999993 ], [ -39.3426501, -6.93402779999997 ], [ -39.341921699999901, -6.93365339999997 ], [ -39.3414341, -6.93281919999993 ], [ -39.3408587, -6.93203939999995 ], [ -39.3403855, -6.93124189999997 ], [ -39.340207099999901, -6.93076029999997 ], [ -39.3396344, -6.92997329999997 ], [ -39.3389136, -6.92933789999995 ], [ -39.3385774, -6.928646 ], [ -39.3383886, -6.92758629999997 ], [ -39.3383689, -6.92679329999993 ], [ -39.3381623, -6.92596049999997 ], [ -39.3379368, -6.925407 ], [ -39.337709399999902, -6.92456149999992 ], [ -39.3378757999999, -6.92382029999993 ], [ -39.338067899999899, -6.92295129999997 ], [ -39.338473399999899, -6.92226649999998 ], [ -39.338926899999898, -6.92119239999994 ], [ -39.3389769, -6.91970289999995 ], [ -39.339036399999898, -6.91908769999998 ], [ -39.3396217, -6.91698829999996 ], [ -39.3395492, -6.91613389999998 ], [ -39.3394625, -6.91539439999997 ], [ -39.3392848, -6.91476029999995 ], [ -39.339417899999901, -6.91340559999998 ], [ -39.339029299999901, -6.91255139999993 ], [ -39.338590399999902, -6.91168289999996 ], [ -39.338331299999901, -6.911001 ], [ -39.337784699999901, -6.91030849999993 ], [ -39.3369438, -6.90984949999995 ], [ -39.3362140999999, -6.90934389999995 ], [ -39.3359586999999, -6.90879119999994 ], [ -39.335819199999897, -6.90799669999996 ], [ -39.336570799999897, -6.90738339999996 ], [ -39.3374808, -6.90722479999994 ], [ -39.3376994, -6.90645819999997 ], [ -39.3387916, -6.90581349999997 ], [ -39.329328, -6.90266629999996 ], [ -39.3224660999999, -6.90038429999993 ], [ -39.2662528, -6.88168989999997 ], [ -39.2592184, -6.88169949999997 ], [ -39.2377121, -6.88172889999993 ], [ -39.2355625, -6.88138289999995 ], [ -39.2339997999999, -6.88129989999993 ], [ -39.2328861, -6.88113289999995 ], [ -39.231746299999898, -6.88115359999995 ], [ -39.2307188999999, -6.881459 ], [ -39.2297555, -6.88145949999995 ], [ -39.2285671, -6.88109889999993 ], [ -39.2273771, -6.880684 ], [ -39.2262385, -6.880065 ], [ -39.2255675, -6.87965269999995 ], [ -39.2254033, -6.87955189999997 ], [ -39.2246003999999, -6.87955219999998 ], [ -39.2237253, -6.87936809999997 ], [ -39.222721299999897, -6.87842979999994 ], [ -39.2218541, -6.87807719999995 ], [ -39.2209066, -6.87756409999997 ], [ -39.2200715, -6.87722749999995 ], [ -39.2192845, -6.87682669999998 ], [ -39.218529799999899, -6.87657029999997 ], [ -39.2172451, -6.87620179999993 ], [ -39.2159928, -6.87639489999998 ], [ -39.2150134, -6.87658789999995 ], [ -39.213295699999897, -6.87729479999996 ], [ -39.2122682, -6.87751989999992 ], [ -39.211047699999902, -6.87687849999998 ], [ -39.209714899999902, -6.87670259999993 ], [ -39.2087531, -6.87683229999993 ], [ -39.207916699999899, -6.87699219999996 ], [ -39.2069695, -6.87732959999994 ], [ -39.2062306999999, -6.87680039999998 ], [ -39.2052973999999, -6.87511229999996 ], [ -39.204470699999902, -6.87410739999996 ], [ -39.203183399999901, -6.87374889999995 ], [ -39.2021991, -6.87343219999997 ], [ -39.201476, -6.87298729999998 ], [ -39.199886299999903, -6.87198889999996 ], [ -39.198874499999903, -6.87101039999993 ], [ -39.1981192, -6.86948619999993 ], [ -39.1971553, -6.86818679999993 ], [ -39.1958382, -6.86696779999994 ], [ -39.1952439, -6.86610129999997 ], [ -39.1936221, -6.86579709999995 ], [ -39.1927066, -6.86499509999993 ], [ -39.192032099999899, -6.86451389999996 ], [ -39.1903621, -6.86403319999994 ], [ -39.1889328, -6.86340789999997 ], [ -39.1858058, -6.86369829999995 ], [ -39.1827901, -6.87029429999996 ], [ -39.182668299999897, -6.87056079999996 ], [ -39.1665230999999, -6.90587429999994 ], [ -39.166532899999901, -6.91122319999994 ], [ -39.1665656, -6.92911749999996 ], [ -39.1665778, -6.93577819999996 ], [ -39.197051499999901, -6.93246189999996 ], [ -39.2224851, -6.92969389999996 ], [ -39.235594499999898, -6.92826709999997 ], [ -39.2356976, -6.929022 ], [ -39.235922, -6.93006859999997 ], [ -39.236572399999901, -6.93061979999993 ], [ -39.237888199999901, -6.93079139999998 ], [ -39.2383814, -6.93113879999993 ], [ -39.2389635, -6.93173429999996 ], [ -39.2397141, -6.93206589999994 ], [ -39.240701499999901, -6.93206889999993 ], [ -39.2415594, -6.93243049999995 ], [ -39.2421825, -6.93316009999995 ], [ -39.2433862, -6.93339289999994 ], [ -39.244289099999897, -6.93363579999993 ], [ -39.2457679, -6.93456889999993 ], [ -39.2464979, -6.93532129999994 ], [ -39.247675399999899, -6.93533429999997 ], [ -39.2477823, -6.93533549999995 ], [ -39.2490086, -6.93560129999997 ], [ -39.250119799999901, -6.935565 ], [ -39.250986, -6.93537639999994 ], [ -39.2520532, -6.93504469999993 ], [ -39.253352199999902, -6.93497159999993 ], [ -39.254535599999897, -6.93550469999997 ], [ -39.2559499, -6.93598459999993 ], [ -39.256887499999898, -6.93564729999997 ], [ -39.2575662, -6.93512769999995 ], [ -39.2600272, -6.93231 ], [ -39.260421199999897, -6.93154539999995 ], [ -39.2611716, -6.931463 ], [ -39.2621819, -6.93163609999993 ], [ -39.2631913, -6.93166449999995 ], [ -39.2640577, -6.93189469999993 ], [ -39.264558599999901, -6.93247549999995 ], [ -39.2631061, -6.93319239999994 ], [ -39.2627964, -6.93382719999994 ], [ -39.262371, -6.93463479999997 ], [ -39.2615785, -6.93555879999997 ], [ -39.2612705, -6.93633689999996 ], [ -39.2619462, -6.93679829999996 ], [ -39.2626609, -6.93668259999993 ], [ -39.2633968, -6.93663879999997 ], [ -39.2648829, -6.93685409999995 ], [ -39.2662931, -6.93653629999994 ], [ -39.267293, -6.93656419999996 ], [ -39.268374499999901, -6.93609549999996 ], [ -39.268882399999903, -6.93542269999995 ], [ -39.269109899999897, -6.93512129999993 ], [ -39.269663099999903, -6.93470759999997 ], [ -39.2700434, -6.93596719999994 ], [ -39.2708711, -6.93607189999994 ], [ -39.2718093, -6.93578329999997 ], [ -39.272289199999904, -6.93469189999996 ], [ -39.2738861, -6.93417079999995 ], [ -39.274875, -6.93510349999997 ], [ -39.275534999999898, -6.93650939999998 ], [ -39.2769855, -6.93624059999996 ], [ -39.2780033, -6.93612029999997 ], [ -39.278989, -6.93626209999996 ], [ -39.2796162, -6.93670189999995 ], [ -39.2804067, -6.937404 ], [ -39.2822719, -6.93770979999994 ], [ -39.283397099999902, -6.93765129999997 ], [ -39.285013799999902, -6.93747749999994 ], [ -39.2860236, -6.93754159999997 ], [ -39.2882893, -6.93803 ], [ -39.2903168, -6.93791009999995 ], [ -39.292346, -6.93829149999993 ], [ -39.2932824, -6.93846749999994 ], [ -39.295086399999903, -6.93886989999993 ], [ -39.2965588, -6.93882549999995 ], [ -39.2977099, -6.93886879999997 ], [ -39.298678499999902, -6.93865309999995 ], [ -39.3209734, -6.93327539999996 ], [ -39.3237487, -6.96721569999994 ] ] ] ] } }
]
}
