{
"type": "FeatureCollection",
"name": "corrente_bomjesus",
"crs": { "type": "name", "properties": { "name": "urn:ogc:def:crs:EPSG::4674" } },
"features": [
{ "type": "Feature", "properties": { "CD_MUN": "2205524", "NM_MUN": "Júlio Borges", "CD_RGI": "220015", "NM_RGI": "Corrente", "CD_RGINT": "2205", "NM_RGINT": "Corrente - Bom Jesus", "CD_UF": "22", "NM_UF": "Piauí", "SIGLA_UF": "PI", "CD_REGIAO": "2", "NM_REGIAO": "Nordeste", "SIGLA_RG": "NE", "CD_CONCURB": null, "NM_CONCURB": null, "AREA_KM2": 1283.918 }, "geometry": { "type": "MultiPolygon", "coordinates": [ [ [ [ -44.0519401, -10.5092301999999 ], [ -44.0529236, -10.5123952 ], [ -44.055483099999897, -10.5241728 ], [ -44.0567018, -10.527922499999899 ], [ -44.0582156, -10.5366718 ], [ -44.0588663, -10.538397 ], [ -44.058900499999901, -10.5384877 ], [ -44.058909, -10.5385100999999 ], [ -44.058930599999897, -10.5385676 ], [ -44.0610836, -10.5442757 ], [ -44.062489099999901, -10.551337799999899 ], [ -44.0681112, -10.5641337 ], [ -44.0687639, -10.5661605999999 ], [ -44.072113699999903, -10.579927699999899 ], [ -44.072467399999901, -10.5804922999999 ], [ -44.0728212, -10.5810569 ], [ -44.0769473, -10.586003499999901 ], [ -44.0822901, -10.5887895 ], [ -44.083428599999898, -10.589089999999899 ], [ -44.083429399999901, -10.5890901999999 ], [ -44.0834305, -10.5890904999999 ], [ -44.086810699999901, -10.5899827 ], [ -44.0974156, -10.5909791999999 ], [ -44.1007513, -10.591722699999901 ], [ -44.107698099999901, -10.594873 ], [ -44.110621599999902, -10.597196 ], [ -44.1145931, -10.6024457999999 ], [ -44.1185378, -10.6088075 ], [ -44.1188273, -10.6095369 ], [ -44.1229796, -10.6199993 ], [ -44.1233397, -10.6209067 ], [ -44.1259262, -10.6274228 ], [ -44.1282889, -10.6314872999999 ], [ -44.131318399999898, -10.6348854 ], [ -44.134369999999898, -10.6371004 ], [ -44.139264, -10.639884299999901 ], [ -44.1491779, -10.6432108 ], [ -44.152954599999902, -10.6440794 ], [ -44.1598423, -10.64415 ], [ -44.165540099999902, -10.642901299999901 ], [ -44.169060199999898, -10.6403973 ], [ -44.1737252, -10.6359042 ], [ -44.176093799999897, -10.6328348 ], [ -44.178317299999897, -10.6314265999999 ], [ -44.179346199999898, -10.6313344 ], [ -44.1833715, -10.6295127 ], [ -44.189504499999899, -10.6295277999999 ], [ -44.1918436, -10.6288903 ], [ -44.1929848999999, -10.6285791999999 ], [ -44.201520199999898, -10.6217541 ], [ -44.2020706, -10.621314 ], [ -44.205568899999903, -10.6178408 ], [ -44.2086475, -10.6153242 ], [ -44.214096, -10.6144470999999 ], [ -44.218377, -10.6151805 ], [ -44.2213752, -10.616571 ], [ -44.2217323, -10.6170101 ], [ -44.2219946, -10.6173325 ], [ -44.2220894, -10.6174490999999 ], [ -44.2313495, -10.6240371 ], [ -44.2373502, -10.626549899999899 ], [ -44.2414587, -10.6273376 ], [ -44.2418971, -10.6273886999999 ], [ -44.2419366, -10.6273932999999 ], [ -44.245156199999897, -10.6277684 ], [ -44.246552, -10.6277721 ], [ -44.2495236, -10.62778 ], [ -44.2574708, -10.6267023 ], [ -44.2640198, -10.62467 ], [ -44.2654272, -10.62386 ], [ -44.266655399999898, -10.623153 ], [ -44.273393999999897, -10.6161372 ], [ -44.2764089, -10.613681999999899 ], [ -44.2771313, -10.6130937 ], [ -44.279799599999897, -10.6109208 ], [ -44.2829095, -10.6070907 ], [ -44.290181899999901, -10.596712 ], [ -44.293060399999902, -10.5900801999999 ], [ -44.298847, -10.5793206 ], [ -44.299565599999902, -10.5766957 ], [ -44.3017608, -10.5720431999999 ], [ -44.306098899999903, -10.5655358 ], [ -44.3145471999999, -10.557363 ], [ -44.322738399999899, -10.552331 ], [ -44.333099699999899, -10.5487656 ], [ -44.333745, -10.5487259 ], [ -44.3368429, -10.5485358 ], [ -44.344378699999901, -10.5496666999999 ], [ -44.3442287, -10.537100899999899 ], [ -44.3441609, -10.5314215 ], [ -44.3445174, -10.525135299999899 ], [ -44.347607599999897, -10.5164009 ], [ -44.3500215, -10.5095769 ], [ -44.3512618, -10.4949225 ], [ -44.347564, -10.4723860999999 ], [ -44.3385792999999, -10.4465314 ], [ -44.3300871, -10.432713 ], [ -44.329234, -10.4277478 ], [ -44.3220679, -10.4083719 ], [ -44.3193325, -10.4009758 ], [ -44.3071269, -10.374545 ], [ -44.2988114, -10.3605555 ], [ -44.2907521, -10.3395158 ], [ -44.2885643, -10.3338042 ], [ -44.287139399999901, -10.3306497 ], [ -44.2859637, -10.3275586999999 ], [ -44.285781, -10.3256426 ], [ -44.286034099999902, -10.323604799999901 ], [ -44.2877516, -10.321353499999899 ], [ -44.2898418, -10.3197206999999 ], [ -44.2931485, -10.3168241999999 ], [ -44.2960211, -10.313370599999899 ], [ -44.2980818, -10.310409499999899 ], [ -44.302638199999897, -10.3056622 ], [ -44.305569299999902, -10.3033207 ], [ -44.307459999999899, -10.2900172 ], [ -44.223213799999897, -10.2515397999999 ], [ -44.223085, -10.251481 ], [ -44.2228875, -10.2513716999999 ], [ -44.2004511, -10.2411392 ], [ -44.093297, -10.1921376999999 ], [ -44.093279299999899, -10.1921548 ], [ -44.0666747, -10.217726899999899 ], [ -44.033947899999902, -10.303436799999901 ], [ -44.032259199999899, -10.3078593 ], [ -44.0207563, -10.3379846999999 ], [ -43.993162599999899, -10.410251099999901 ], [ -43.9901939, -10.4180261 ], [ -43.9910611, -10.417246599999901 ], [ -43.9925327, -10.4153337999999 ], [ -43.9949027, -10.4129556999999 ], [ -43.998125199999897, -10.4100647 ], [ -44.0024467, -10.4075482 ], [ -44.0077056, -10.405343 ], [ -44.014147799999897, -10.404753 ], [ -44.018067599999902, -10.405147 ], [ -44.019289399999899, -10.4055973 ], [ -44.0233272, -10.4080698999999 ], [ -44.023540399999902, -10.408200399999901 ], [ -44.027765299999899, -10.412474 ], [ -44.029890899999899, -10.4169623 ], [ -44.0314289, -10.4225334 ], [ -44.032151199999902, -10.4236685 ], [ -44.0347965, -10.4301687 ], [ -44.0358667, -10.4354256 ], [ -44.0357645, -10.4447135 ], [ -44.034749, -10.4490091 ], [ -44.0303416, -10.4627131 ], [ -44.030341099999902, -10.4627146999999 ], [ -44.02609, -10.4731634 ], [ -44.025843699999903, -10.4754707 ], [ -44.027757999999899, -10.481252 ], [ -44.029619599999897, -10.4840813 ], [ -44.0377038, -10.4895554999999 ], [ -44.0415541, -10.4932365 ], [ -44.0476729, -10.5024084 ], [ -44.051010399999903, -10.5062386 ], [ -44.0519401, -10.5092301999999 ] ] ] ] } },
{ "type": "Feature", "properties": { "CD_MUN": "2204402", "NM_MUN": "Gilbués", "CD_RGI": "220015", "NM_RGI": "Corrente", "CD_RGINT": "2205", "NM_RGINT": "Corrente - Bom Jesus", "CD_UF": "22", "NM_UF": "Piauí", "SIGLA_UF": "PI", "CD_REGIAO": "2", "NM_REGIAO": "Nordeste", "SIGLA_RG": "NE", "CD_CONCURB": null, "NM_CONCURB": null, "AREA_KM2": 3495.692 }, "geometry": { "type": "MultiPolygon", "coordinates": [ [ [ [ -45.0785346, -9.956948699999939 ], [ -45.0785615, -9.956939499999979 ], [ -45.0785949, -9.956927899999931 ], [ -45.1147928, -9.944435099999961 ], [ -45.1159828, -9.944024399999931 ], [ -45.139927999999898, -9.935760399999941 ], [ -45.176294, -9.935715199999949 ], [ -45.257095499999899, -9.935614599999949 ], [ -45.257799, -9.935955 ], [ -45.25828, -9.936348 ], [ -45.25873, -9.936825 ], [ -45.258855, -9.937239 ], [ -45.258907, -9.93769 ], [ -45.258803999999898, -9.938167 ], [ -45.258538, -9.93867 ], [ -45.257869, -9.939109 ], [ -45.257387, -9.939441 ], [ -45.257112, -9.939639 ], [ -45.257018, -9.939859 ], [ -45.25719, -9.94026 ], [ -45.257928, -9.940767 ], [ -45.2584, -9.940902 ], [ -45.258743, -9.940873 ], [ -45.259464, -9.940463 ], [ -45.260258, -9.939825 ], [ -45.260769, -9.939541 ], [ -45.261365, -9.939372 ], [ -45.262052, -9.939431 ], [ -45.26246, -9.939609 ], [ -45.262648, -9.939828 ], [ -45.26288, -9.940386 ], [ -45.262881999999898, -9.940787 ], [ -45.262611999999898, -9.942359 ], [ -45.262386999999897, -9.943046 ], [ -45.261949, -9.943671 ], [ -45.260284, -9.94501 ], [ -45.259774999999898, -9.945467 ], [ -45.259333, -9.945641 ], [ -45.257471, -9.945763 ], [ -45.25625, -9.94611 ], [ -45.255941, -9.946241 ], [ -45.255782, -9.946478 ], [ -45.255854999999897, -9.946845 ], [ -45.256892999999899, -9.948007 ], [ -45.257325, -9.948587 ], [ -45.257754, -9.949863 ], [ -45.258346, -9.951773 ], [ -45.258472, -9.952673 ], [ -45.25845, -9.954071 ], [ -45.258433, -9.954514 ], [ -45.258208, -9.954745 ], [ -45.257494999999899, -9.955083 ], [ -45.256907, -9.955421 ], [ -45.256474, -9.955785 ], [ -45.256301999999899, -9.956038 ], [ -45.256264, -9.95638 ], [ -45.256616, -9.95679 ], [ -45.257435, -9.957149 ], [ -45.258302, -9.957356 ], [ -45.258993, -9.957297 ], [ -45.259517, -9.957132 ], [ -45.259662999999897, -9.956942 ], [ -45.259688, -9.956473 ], [ -45.259524999999897, -9.955852 ], [ -45.259143, -9.95529 ], [ -45.259083, -9.954906 ], [ -45.259092, -9.954259 ], [ -45.259536, -9.953708 ], [ -45.260102, -9.953223 ], [ -45.260351, -9.953109 ], [ -45.26069, -9.953214 ], [ -45.260986, -9.953472 ], [ -45.261313, -9.953899 ], [ -45.261643, -9.954604 ], [ -45.262137, -9.955157 ], [ -45.262344, -9.956229 ], [ -45.262403999999897, -9.957175 ], [ -45.262591, -9.957881 ], [ -45.262763, -9.958143 ], [ -45.263566, -9.958798 ], [ -45.264544, -9.959423 ], [ -45.264806, -9.959699 ], [ -45.264986, -9.96002 ], [ -45.265055, -9.96029 ], [ -45.264935, -9.961093 ], [ -45.264819, -9.961558 ], [ -45.265132, -9.962755 ], [ -45.265415, -9.963245 ], [ -45.265805999999898, -9.963507 ], [ -45.266033, -9.963545 ], [ -45.266213999999898, -9.963384 ], [ -45.266668, -9.96267 ], [ -45.267119, -9.962205 ], [ -45.267519, -9.961595 ], [ -45.267587999999897, -9.96138 ], [ -45.267395, -9.961186 ], [ -45.26688, -9.961143 ], [ -45.266506, -9.961181 ], [ -45.266326, -9.960898 ], [ -45.266356, -9.960598 ], [ -45.266541, -9.96045 ], [ -45.266837, -9.960396 ], [ -45.267879999999899, -9.960987 ], [ -45.268189, -9.961443 ], [ -45.268425, -9.961469 ], [ -45.269146, -9.961545 ], [ -45.269671, -9.961663 ], [ -45.270023, -9.961976 ], [ -45.270195, -9.962322 ], [ -45.270238, -9.962998 ], [ -45.270392, -9.963455 ], [ -45.270693, -9.963818 ], [ -45.271173, -9.964054 ], [ -45.272075, -9.964215 ], [ -45.272346, -9.964331 ], [ -45.272857, -9.964728 ], [ -45.273084, -9.965349 ], [ -45.273612, -9.966324 ], [ -45.274113999999898, -9.966506 ], [ -45.274895, -9.966684 ], [ -45.275033999999899, -9.966946 ], [ -45.274999, -9.96731 ], [ -45.274553, -9.967808 ], [ -45.274071999999897, -9.968095 ], [ -45.273206, -9.968349 ], [ -45.270528, -9.96856 ], [ -45.269900999999898, -9.968577 ], [ -45.269377, -9.968805 ], [ -45.269017, -9.969109 ], [ -45.268914, -9.969515 ], [ -45.269179999999899, -9.969996 ], [ -45.269927, -9.970556 ], [ -45.270578999999898, -9.970886 ], [ -45.270674, -9.971139 ], [ -45.27088, -9.971878 ], [ -45.271559, -9.972881 ], [ -45.272803, -9.974127 ], [ -45.273482, -9.975078 ], [ -45.273756999999897, -9.975627 ], [ -45.27386, -9.976295 ], [ -45.273766, -9.976498 ], [ -45.273345, -9.976675 ], [ -45.272281, -9.97659 ], [ -45.27174, -9.976776 ], [ -45.271371, -9.977114 ], [ -45.271035, -9.977876 ], [ -45.270619, -9.978222 ], [ -45.270052, -9.978645 ], [ -45.269803, -9.979371 ], [ -45.269662, -9.979933 ], [ -45.269257, -9.980459 ], [ -45.268661, -9.980894 ], [ -45.26842, -9.981021 ], [ -45.268064, -9.980957 ], [ -45.267888, -9.980548 ], [ -45.267953, -9.979445 ], [ -45.267931, -9.978621 ], [ -45.267265, -9.977132 ], [ -45.266947, -9.97682 ], [ -45.266673, -9.976811 ], [ -45.266269, -9.976929 ], [ -45.265995, -9.977508 ], [ -45.265802, -9.978349 ], [ -45.265638, -9.979185 ], [ -45.265692, -9.979797 ], [ -45.26613, -9.980811 ], [ -45.266821, -9.98188 ], [ -45.26737, -9.98237 ], [ -45.267938, -9.982735 ], [ -45.268847, -9.983098 ], [ -45.269852, -9.983098 ], [ -45.270513, -9.983174 ], [ -45.270778999999898, -9.983411 ], [ -45.271654, -9.984999 ], [ -45.326419299999898, -9.982827199999971 ], [ -45.327499799999899, -9.98278479999993 ], [ -45.3790677, -9.98074879999996 ], [ -45.378256, -9.97987739999996 ], [ -45.3771692, -9.97671879999996 ], [ -45.3803528, -9.97325609999996 ], [ -45.3829378, -9.97200179999993 ], [ -45.384853899999896, -9.970061299999941 ], [ -45.3862338, -9.965766099999939 ], [ -45.388092599999901, -9.96302159999993 ], [ -45.3893492999999, -9.95592509999994 ], [ -45.391269, -9.953719 ], [ -45.391531, -9.953546 ], [ -45.391758, -9.953259 ], [ -45.3919, -9.952764 ], [ -45.391886999999898, -9.952443 ], [ -45.391919, -9.952026 ], [ -45.39228, -9.95165 ], [ -45.392434, -9.951396 ], [ -45.392524, -9.950944 ], [ -45.39246, -9.950708 ], [ -45.392297, -9.950273 ], [ -45.392139, -9.950119 ], [ -45.391736, -9.949811 ], [ -45.391255, -9.949414 ], [ -45.391221, -9.949215 ], [ -45.391354, -9.949063 ], [ -45.391726999999896, -9.948937 ], [ -45.392049, -9.948721 ], [ -45.392594, -9.948047 ], [ -45.393049, -9.947439 ], [ -45.393092, -9.947156 ], [ -45.393009999999897, -9.94705 ], [ -45.392735, -9.946936 ], [ -45.392592, -9.946648 ], [ -45.392437, -9.946297 ], [ -45.392476, -9.946154 ], [ -45.392763, -9.945934 ], [ -45.392862, -9.945681 ], [ -45.392909, -9.945055 ], [ -45.392823, -9.944882 ], [ -45.392549, -9.944734 ], [ -45.392299, -9.944586 ], [ -45.392221999999897, -9.944193 ], [ -45.39226, -9.943602 ], [ -45.392183, -9.942973 ], [ -45.392054, -9.942673 ], [ -45.39164, -9.942233 ], [ -45.391125, -9.941595 ], [ -45.390614, -9.941063 ], [ -45.39046, -9.940547 ], [ -45.390486, -9.939914 ], [ -45.390722, -9.939703 ], [ -45.390936, -9.939732 ], [ -45.391224, -9.939897 ], [ -45.391374, -9.940129 ], [ -45.39134, -9.940522 ], [ -45.391331, -9.940923 ], [ -45.391559, -9.941114 ], [ -45.391736, -9.941148 ], [ -45.391847, -9.940983 ], [ -45.391906999999897, -9.940666 ], [ -45.392134999999897, -9.940311 ], [ -45.392508, -9.939851 ], [ -45.392886, -9.939513 ], [ -45.393062, -9.939412 ], [ -45.393315, -9.939234 ], [ -45.393345, -9.939124 ], [ -45.393332, -9.938976 ], [ -45.39325, -9.938812 ], [ -45.393023, -9.938744 ], [ -45.39262, -9.938491 ], [ -45.392426, -9.938508 ], [ -45.392271999999899, -9.93882 ], [ -45.391942, -9.939006 ], [ -45.391718, -9.938985 ], [ -45.391551, -9.938812 ], [ -45.391105, -9.938588 ], [ -45.390701, -9.938292 ], [ -45.390309, -9.938036 ], [ -45.389879, -9.937896 ], [ -45.389669, -9.937727 ], [ -45.389699, -9.937575 ], [ -45.389862, -9.937457 ], [ -45.390051, -9.937356 ], [ -45.390094, -9.937267 ], [ -45.390055, -9.937144 ], [ -45.389840999999898, -9.937035 ], [ -45.389068, -9.937001 ], [ -45.388768, -9.936942 ], [ -45.388639, -9.936684 ], [ -45.388596, -9.936342 ], [ -45.388686, -9.93608 ], [ -45.389046, -9.935733 ], [ -45.389449, -9.935403 ], [ -45.389514, -9.935281 ], [ -45.389454, -9.935205 ], [ -45.389229, -9.935035 ], [ -45.389169, -9.934769 ], [ -45.389264, -9.934516 ], [ -45.389594, -9.934148 ], [ -45.389812999999897, -9.934022 ], [ -45.389882, -9.933861 ], [ -45.389826, -9.933726 ], [ -45.389676, -9.933713 ], [ -45.389564, -9.93381 ], [ -45.389487, -9.933793 ], [ -45.389443, -9.933731 ], [ -45.389184999999898, -9.933457 ], [ -45.389134, -9.933309 ], [ -45.389198, -9.933106 ], [ -45.389348, -9.932768 ], [ -45.389502999999898, -9.93273 ], [ -45.389589, -9.932869 ], [ -45.389709, -9.932988 ], [ -45.389902, -9.933026 ], [ -45.39001, -9.932883 ], [ -45.390177999999899, -9.93219 ], [ -45.390276, -9.932025 ], [ -45.39047, -9.931915 ], [ -45.390538, -9.931759 ], [ -45.390482, -9.931679 ], [ -45.390264, -9.931628 ], [ -45.390087999999899, -9.931675 ], [ -45.390006, -9.93178 ], [ -45.389959, -9.932008 ], [ -45.389787, -9.932173 ], [ -45.389628, -9.932198 ], [ -45.389465, -9.932059 ], [ -45.389164999999899, -9.931941 ], [ -45.388787, -9.931856 ], [ -45.388598, -9.931869 ], [ -45.388483, -9.931966 ], [ -45.388126, -9.932173 ], [ -45.387933, -9.932241 ], [ -45.387843, -9.932118 ], [ -45.387839, -9.931966 ], [ -45.387876999999897, -9.931848 ], [ -45.387976, -9.931704 ], [ -45.388186, -9.931641 ], [ -45.388264, -9.931467 ], [ -45.388258999999898, -9.931328 ], [ -45.388135, -9.931214 ], [ -45.388028, -9.93091 ], [ -45.387852, -9.930483 ], [ -45.388123, -9.929821 ], [ -45.388424, -9.92961 ], [ -45.388492, -9.929361 ], [ -45.388599999999897, -9.928562 ], [ -45.38872, -9.928402 ], [ -45.389206999999899, -9.928168 ], [ -45.389499, -9.928147 ], [ -45.389756, -9.928345 ], [ -45.389862999999899, -9.928667 ], [ -45.390031, -9.928886 ], [ -45.39079, -9.929241 ], [ -45.391314, -9.929283 ], [ -45.391528, -9.92911 ], [ -45.391798999999899, -9.928629 ], [ -45.391971, -9.927974 ], [ -45.392123, -9.927601 ], [ -45.392359, -9.927394 ], [ -45.392586, -9.927182 ], [ -45.392586, -9.926937 ], [ -45.392501, -9.926511 ], [ -45.392268999999899, -9.926164 ], [ -45.391883, -9.925851 ], [ -45.391598, -9.92551 ], [ -45.391362, -9.925062 ], [ -45.391348999999899, -9.924758 ], [ -45.391495, -9.924336 ], [ -45.391718, -9.924065 ], [ -45.392091999999899, -9.923905 ], [ -45.392323, -9.923892 ], [ -45.392714, -9.924023 ], [ -45.392916, -9.924086 ], [ -45.393319, -9.923959 ], [ -45.393712, -9.923857 ], [ -45.393858, -9.923586 ], [ -45.393815, -9.923206 ], [ -45.393695, -9.922792 ], [ -45.393317, -9.922192 ], [ -45.393282999999897, -9.921981 ], [ -45.393504999999898, -9.92173 ], [ -45.393822, -9.921616 ], [ -45.394315999999897, -9.921274 ], [ -45.394539, -9.920864 ], [ -45.394526, -9.920399 ], [ -45.394447, -9.919984 ], [ -45.394292, -9.919616 ], [ -45.394249, -9.919346 ], [ -45.394284, -9.919071 ], [ -45.39455, -9.918577 ], [ -45.394657, -9.918099 ], [ -45.394646, -9.917503 ], [ -45.394765999999898, -9.917203 ], [ -45.395101, -9.916928 ], [ -45.3959126, -9.916442399999941 ], [ -45.396779, -9.915859 ], [ -45.397360299999903, -9.915645099999949 ], [ -45.398092, -9.915376 ], [ -45.398903, -9.914937 ], [ -45.399277, -9.914413 ], [ -45.399589999999897, -9.914054 ], [ -45.400126999999898, -9.913796 ], [ -45.400719, -9.913674 ], [ -45.401281, -9.913769 ], [ -45.402161, -9.914052 ], [ -45.402375, -9.914026 ], [ -45.402684, -9.913836 ], [ -45.40298, -9.913401 ], [ -45.403146999999898, -9.912858 ], [ -45.40343, -9.912291 ], [ -45.403739, -9.911353 ], [ -45.403871, -9.910503 ], [ -45.404013, -9.90978 ], [ -45.40433, -9.90913 ], [ -45.404849, -9.908635 ], [ -45.405434, -9.908145 ], [ -45.405575999999897, -9.907816 ], [ -45.405567, -9.907663 ], [ -45.405507, -9.907503 ], [ -45.405108, -9.9073 ], [ -45.404657, -9.907025 ], [ -45.404597, -9.906696 ], [ -45.404739, -9.906561 ], [ -45.405271, -9.906472 ], [ -45.405979, -9.906438 ], [ -45.406227999999899, -9.906476 ], [ -45.407322, -9.906907 ], [ -45.407889, -9.907017 ], [ -45.408396, -9.907226 ], [ -45.409112999999898, -9.907345 ], [ -45.409474, -9.907277 ], [ -45.409928, -9.906888 ], [ -45.410505, -9.906155 ], [ -45.411028, -9.9058 ], [ -45.411603, -9.905639 ], [ -45.412032, -9.905842 ], [ -45.412332999999897, -9.906374 ], [ -45.41241, -9.906915 ], [ -45.412404, -9.90845 ], [ -45.412494, -9.909071 ], [ -45.4127, -9.909755 ], [ -45.412953, -9.909954 ], [ -45.413884, -9.910148 ], [ -45.414476, -9.91011 ], [ -45.414785, -9.909882 ], [ -45.414960999999899, -9.909692 ], [ -45.414985, -9.909498 ], [ -45.414865, -9.909227 ], [ -45.414637, -9.908877 ], [ -45.414474, -9.908433 ], [ -45.414521, -9.908146 ], [ -45.41477, -9.907896 ], [ -45.414915999999899, -9.907863 ], [ -45.41538, -9.907972 ], [ -45.41586, -9.908067 ], [ -45.416071, -9.908156 ], [ -45.417028, -9.909035 ], [ -45.417358, -9.909735 ], [ -45.417925, -9.910479 ], [ -45.418259, -9.910453 ], [ -45.418543, -9.910115 ], [ -45.4188, -9.909101 ], [ -45.418937, -9.907267 ], [ -45.418691, -9.905309 ], [ -45.418759, -9.904781 ], [ -45.41894, -9.904599 ], [ -45.419472, -9.904485 ], [ -45.420266, -9.904481 ], [ -45.42118, -9.904595 ], [ -45.421964, -9.904603 ], [ -45.422435999999898, -9.904768 ], [ -45.422968, -9.905085 ], [ -45.423319999999897, -9.905233 ], [ -45.423654999999897, -9.905237 ], [ -45.424011, -9.905013 ], [ -45.424580999999897, -9.904614 ], [ -45.424718, -9.904234 ], [ -45.424662, -9.903946 ], [ -45.4243, -9.903432 ], [ -45.422557, -9.902443 ], [ -45.422007999999899, -9.901885 ], [ -45.421965, -9.901353 ], [ -45.422197, -9.900829 ], [ -45.422474, -9.899859 ], [ -45.422632, -9.899001 ], [ -45.422615, -9.898498 ], [ -45.422491, -9.897966 ], [ -45.422283999999898, -9.897704 ], [ -45.422055999999898, -9.897556 ], [ -45.421726, -9.897518 ], [ -45.421078, -9.897366 ], [ -45.420614, -9.897138 ], [ -45.420502999999897, -9.896774 ], [ -45.420666, -9.89639 ], [ -45.421129, -9.895963 ], [ -45.422336, -9.895377 ], [ -45.422632, -9.895318 ], [ -45.422843, -9.895369 ], [ -45.423109, -9.895563 ], [ -45.423641, -9.896315 ], [ -45.423873, -9.896505 ], [ -45.424139, -9.896539 ], [ -45.424799999999898, -9.896395 ], [ -45.425551, -9.896328 ], [ -45.425875, -9.896126 ], [ -45.426364, -9.89597 ], [ -45.426647, -9.895741 ], [ -45.426809999999897, -9.895188 ], [ -45.426823, -9.894372 ], [ -45.426918, -9.894102 ], [ -45.427132, -9.89395 ], [ -45.428162, -9.893984 ], [ -45.428664, -9.894258 ], [ -45.428866, -9.894613 ], [ -45.428913, -9.895678 ], [ -45.428828, -9.896863 ], [ -45.428944, -9.897167 ], [ -45.429253, -9.897302 ], [ -45.429648, -9.897289 ], [ -45.430408, -9.897218 ], [ -45.430677, -9.897035 ], [ -45.431153, -9.896697 ], [ -45.431561, -9.896029 ], [ -45.43172, -9.895907 ], [ -45.432076, -9.895797 ], [ -45.432412999999897, -9.895472 ], [ -45.433035, -9.895045 ], [ -45.434288, -9.894323 ], [ -45.434361399999901, -9.894248599999971 ], [ -45.434567, -9.89404 ], [ -45.434631, -9.893601 ], [ -45.434536, -9.892879 ], [ -45.434648, -9.892186 ], [ -45.434641999999897, -9.891708 ], [ -45.434381, -9.891074 ], [ -45.4342, -9.890508 ], [ -45.434303, -9.890229 ], [ -45.434677, -9.889807 ], [ -45.435251999999899, -9.889414 ], [ -45.435732, -9.889267 ], [ -45.436436, -9.889322 ], [ -45.437388999999897, -9.889681 ], [ -45.438651, -9.890378 ], [ -45.439143999999899, -9.890505 ], [ -45.439711, -9.89034 ], [ -45.439954999999898, -9.890053 ], [ -45.439947, -9.889804 ], [ -45.439801, -9.889423 ], [ -45.439698, -9.889001 ], [ -45.439445, -9.888418 ], [ -45.439239, -9.888283 ], [ -45.438509, -9.888329 ], [ -45.436771, -9.887936 ], [ -45.436539, -9.887754 ], [ -45.436174, -9.886909 ], [ -45.436017, -9.886258 ], [ -45.435866, -9.88532 ], [ -45.435789, -9.884746 ], [ -45.435515, -9.884057 ], [ -45.435302, -9.883504 ], [ -45.435143, -9.882777 ], [ -45.435105, -9.882088 ], [ -45.435375, -9.881721 ], [ -45.436178, -9.881323 ], [ -45.437297999999899, -9.881292 ], [ -45.437821, -9.881419 ], [ -45.438272, -9.881808 ], [ -45.43877, -9.881985 ], [ -45.439079, -9.881943 ], [ -45.439645, -9.88163 ], [ -45.440306, -9.881225 ], [ -45.441066, -9.880134 ], [ -45.441353999999897, -9.879671 ], [ -45.441951, -9.879071 ], [ -45.442405999999899, -9.878467 ], [ -45.442607, -9.877681 ], [ -45.442873, -9.87736 ], [ -45.443238, -9.877166 ], [ -45.443559999999898, -9.87714 ], [ -45.444387999999897, -9.877212 ], [ -45.444829, -9.877118 ], [ -45.445164, -9.876937 ], [ -45.4454, -9.876907 ], [ -45.445828999999897, -9.876941 ], [ -45.44637, -9.877283 ], [ -45.446829, -9.877478 ], [ -45.447301, -9.877537 ], [ -45.447554, -9.877431 ], [ -45.447778, -9.877173 ], [ -45.447846, -9.876882 ], [ -45.447808, -9.876628 ], [ -45.447577, -9.876095 ], [ -45.447271999999899, -9.875072 ], [ -45.447268, -9.8747 ], [ -45.44738, -9.87429 ], [ -45.447679999999899, -9.873868 ], [ -45.448039, -9.873552 ], [ -45.448850999999898, -9.872995 ], [ -45.450052, -9.872445 ], [ -45.450868, -9.872192 ], [ -45.451541, -9.871862 ], [ -45.452233, -9.871396 ], [ -45.452585, -9.870694 ], [ -45.452731, -9.870035 ], [ -45.452783, -9.868615 ], [ -45.452714, -9.868218 ], [ -45.452517, -9.868066 ], [ -45.451941, -9.86777 ], [ -45.451624, -9.867753 ], [ -45.450739999999897, -9.868074 ], [ -45.449899, -9.86848 ], [ -45.449297999999899, -9.868793 ], [ -45.449163999999897, -9.869181 ], [ -45.449078, -9.869722 ], [ -45.449293, -9.87069 ], [ -45.449275, -9.870939 ], [ -45.449112, -9.871227 ], [ -45.448554, -9.871489 ], [ -45.447837999999898, -9.871713 ], [ -45.447288, -9.871577 ], [ -45.446841999999897, -9.871387 ], [ -45.446658, -9.870952 ], [ -45.446738, -9.870497 ], [ -45.446944, -9.870028 ], [ -45.447522999999897, -9.869373 ], [ -45.447724999999899, -9.86903 ], [ -45.447802, -9.868642 ], [ -45.447747, -9.868392 ], [ -45.447532, -9.86808 ], [ -45.44733, -9.867716 ], [ -45.447088, -9.867482 ], [ -45.445723, -9.866848 ], [ -45.445354, -9.866493 ], [ -45.445371, -9.866189 ], [ -45.445551, -9.8658 ], [ -45.446032, -9.865226 ], [ -45.446779, -9.864533 ], [ -45.447311, -9.863865 ], [ -45.447766, -9.862885 ], [ -45.447983, -9.861924 ], [ -45.447957, -9.861171 ], [ -45.448004, -9.860702 ], [ -45.448278, -9.859803 ], [ -45.448603999999897, -9.858696 ], [ -45.44881, -9.85862 ], [ -45.449217, -9.858713 ], [ -45.450273, -9.859254 ], [ -45.451295, -9.85955 ], [ -45.451732, -9.85963 ], [ -45.452011, -9.859444 ], [ -45.452389, -9.859081 ], [ -45.452633999999897, -9.858447 ], [ -45.452838, -9.856875 ], [ -45.452700999999898, -9.855667 ], [ -45.452778, -9.855033 ], [ -45.453053, -9.854889 ], [ -45.453395, -9.854875 ], [ -45.453755999999899, -9.855154 ], [ -45.454168, -9.855737 ], [ -45.454717, -9.85665 ], [ -45.454991999999898, -9.856777 ], [ -45.455344, -9.856781 ], [ -45.455713, -9.856637 ], [ -45.456241, -9.85624 ], [ -45.456570999999897, -9.855695 ], [ -45.456615, -9.854811 ], [ -45.456438999999897, -9.853653 ], [ -45.456452, -9.853213 ], [ -45.456624, -9.852799 ], [ -45.45719, -9.852017 ], [ -45.457778, -9.851696 ], [ -45.458362, -9.851675 ], [ -45.458885, -9.851832 ], [ -45.459943, -9.852376 ], [ -45.460587, -9.852571 ], [ -45.461436999999897, -9.853006 ], [ -45.462046, -9.853141 ], [ -45.462603999999899, -9.853057 ], [ -45.463226, -9.852854 ], [ -45.463694, -9.852583 ], [ -45.464835, -9.851638 ], [ -45.465222, -9.851477 ], [ -45.465530999999899, -9.851511 ], [ -45.46578, -9.851773 ], [ -45.465848, -9.852094 ], [ -45.465865, -9.853015 ], [ -45.46596, -9.853396 ], [ -45.466269, -9.853582 ], [ -45.467847999999897, -9.853345 ], [ -45.468190999999898, -9.853201 ], [ -45.46882, -9.852359 ], [ -45.469896999999897, -9.850474 ], [ -45.470116, -9.850047 ], [ -45.469969999999897, -9.848289 ], [ -45.469738, -9.847604 ], [ -45.469352, -9.847105 ], [ -45.468108, -9.84588 ], [ -45.467557, -9.845228 ], [ -45.467441, -9.84448 ], [ -45.467592, -9.843183 ], [ -45.467956, -9.842405 ], [ -45.46885, -9.841482 ], [ -45.470288, -9.840599 ], [ -45.471322, -9.840295 ], [ -45.472063999999897, -9.840248 ], [ -45.473413, -9.840644 ], [ -45.474954, -9.841215 ], [ -45.475515, -9.84104 ], [ -45.475909999999899, -9.839079 ], [ -45.475893, -9.837541 ], [ -45.475966, -9.83688189999998 ], [ -45.475996, -9.836611 ], [ -45.478209999999898, -9.834819 ], [ -45.479051, -9.833585 ], [ -45.480187999999899, -9.830724 ], [ -45.480927, -9.829532 ], [ -45.481982, -9.82911 ], [ -45.482703, -9.829093 ], [ -45.483252999999898, -9.8296 ], [ -45.483853, -9.831451 ], [ -45.484602, -9.834002 ], [ -45.485385, -9.836317 ], [ -45.486539999999898, -9.838413 ], [ -45.487119, -9.838739 ], [ -45.489102, -9.838741 ], [ -45.490149, -9.838335 ], [ -45.49166, -9.838149 ], [ -45.494132, -9.83831 ], [ -45.494621, -9.838183 ], [ -45.494818, -9.837625 ], [ -45.494732, -9.836493 ], [ -45.494234999999897, -9.834904 ], [ -45.493505, -9.833425 ], [ -45.492847, -9.832353 ], [ -45.491229, -9.83007 ], [ -45.490782, -9.829378 ], [ -45.490688, -9.828744 ], [ -45.491151, -9.828263 ], [ -45.491842, -9.827854 ], [ -45.492692, -9.827829 ], [ -45.49367, -9.828167 ], [ -45.494571, -9.828953 ], [ -45.495155, -9.829207 ], [ -45.495799, -9.829063 ], [ -45.495988, -9.828674 ], [ -45.495885, -9.828361 ], [ -45.495593, -9.827685 ], [ -45.495355, -9.826525 ], [ -45.495376, -9.825447 ], [ -45.495758, -9.824995 ], [ -45.496754, -9.82434 ], [ -45.499603, -9.822635 ], [ -45.502007, -9.820674 ], [ -45.503757, -9.818959 ], [ -45.504477999999899, -9.81846 ], [ -45.504950999999899, -9.818409 ], [ -45.505414, -9.818587 ], [ -45.505551, -9.819136 ], [ -45.505466, -9.820252 ], [ -45.505254, -9.821642 ], [ -45.504761, -9.82343 ], [ -45.504824, -9.824498 ], [ -45.505682, -9.82602 ], [ -45.50685, -9.827676 ], [ -45.507504, -9.828149 ], [ -45.508268, -9.828512 ], [ -45.508993, -9.82844 ], [ -45.509624, -9.827929 ], [ -45.510439, -9.827599 ], [ -45.511448, -9.827608 ], [ -45.512769999999897, -9.827041 ], [ -45.513274, -9.826728 ], [ -45.513196999999899, -9.825823 ], [ -45.51263, -9.824141 ], [ -45.512055, -9.82311 ], [ -45.510942, -9.821945 ], [ -45.509113, -9.820128 ], [ -45.508847, -9.819359 ], [ -45.508958999999898, -9.819004 ], [ -45.509577, -9.818615 ], [ -45.511019, -9.818167 ], [ -45.512799, -9.81731 ], [ -45.513666, -9.816499 ], [ -45.513927, -9.815823 ], [ -45.513967, -9.814207 ], [ -45.513778, -9.811874 ], [ -45.513924, -9.811409 ], [ -45.514336, -9.811113 ], [ -45.516734, -9.810202 ], [ -45.520398999999898, -9.808719 ], [ -45.521188, -9.808716 ], [ -45.521677, -9.808792 ], [ -45.522587, -9.80929 ], [ -45.524895, -9.811666 ], [ -45.525376, -9.811928 ], [ -45.526294, -9.811454 ], [ -45.527375999999897, -9.810009 ], [ -45.52902, -9.806898 ], [ -45.529346, -9.805655 ], [ -45.529208, -9.805114 ], [ -45.528316, -9.8041 ], [ -45.527206, -9.803244 ], [ -45.524443, -9.801909 ], [ -45.523842, -9.801588 ], [ -45.523516, -9.800556 ], [ -45.523378, -9.799694 ], [ -45.523978999999898, -9.799238 ], [ -45.525747, -9.798545 ], [ -45.52791, -9.797209 ], [ -45.528819999999897, -9.796364 ], [ -45.529497999999897, -9.795213 ], [ -45.530819999999899, -9.792559 ], [ -45.531095, -9.790665 ], [ -45.531009, -9.789161 ], [ -45.531272999999899, -9.786098 ], [ -45.531702, -9.78286 ], [ -45.532251, -9.782429 ], [ -45.533195, -9.782285 ], [ -45.535190999999898, -9.783243 ], [ -45.537886, -9.785644 ], [ -45.539198999999897, -9.786667 ], [ -45.53986, -9.786785 ], [ -45.540609, -9.786489 ], [ -45.541798, -9.785703 ], [ -45.542952, -9.784625 ], [ -45.543604, -9.783552 ], [ -45.543877, -9.782881 ], [ -45.543782, -9.782467 ], [ -45.543061, -9.781757 ], [ -45.54142, -9.779975 ], [ -45.54066, -9.779257 ], [ -45.540356, -9.778327 ], [ -45.540394, -9.777469 ], [ -45.540799999999898, -9.776148 ], [ -45.541229, -9.774956 ], [ -45.542053, -9.773688 ], [ -45.543504, -9.772065 ], [ -45.544274, -9.77098 ], [ -45.545274, -9.769373 ], [ -45.545929999999899, -9.768959 ], [ -45.547967, -9.768476 ], [ -45.548911, -9.767977 ], [ -45.549323, -9.767495 ], [ -45.549374, -9.766946 ], [ -45.549091, -9.765669 ], [ -45.548664, -9.763423 ], [ -45.548514, -9.762387 ], [ -45.547986, -9.761356 ], [ -45.547080999999899, -9.760388 ], [ -45.546314, -9.760056 ], [ -45.543825, -9.75938 ], [ -45.540498, -9.758192 ], [ -45.539765, -9.758048 ], [ -45.538305, -9.758166 ], [ -45.537559, -9.758006 ], [ -45.537151, -9.757744 ], [ -45.536965, -9.757135 ], [ -45.536921999999898, -9.756332 ], [ -45.537574, -9.753101 ], [ -45.537887, -9.751706 ], [ -45.538299, -9.750599 ], [ -45.538873, -9.749775 ], [ -45.539594, -9.749437 ], [ -45.540401, -9.749403 ], [ -45.540959, -9.74953 ], [ -45.541173, -9.750004 ], [ -45.541336, -9.751356 ], [ -45.541688, -9.751593 ], [ -45.542014, -9.751525 ], [ -45.542658, -9.750841 ], [ -45.543788999999897, -9.749936 ], [ -45.544888, -9.749475 ], [ -45.546582999999899, -9.749568 ], [ -45.548043999999898, -9.749451 ], [ -45.549726, -9.74902 ], [ -45.552346999999898, -9.748151 ], [ -45.553021, -9.747686 ], [ -45.553845, -9.746727 ], [ -45.554758999999898, -9.745755 ], [ -45.557344, -9.744026 ], [ -45.557772999999898, -9.743299 ], [ -45.557799, -9.742631 ], [ -45.557363, -9.740934 ], [ -45.557184499999899, -9.739352 ], [ -45.6570179, -9.797920799999931 ], [ -45.6572107, -9.79803389999995 ], [ -45.6652566, -9.802754399999969 ], [ -45.721036899999902, -9.761457899999931 ], [ -45.724662099999897, -9.758215699999941 ], [ -45.734593899999901, -9.75201459999994 ], [ -45.736834299999899, -9.74934849999994 ], [ -45.7379501, -9.74578429999997 ], [ -45.7444209, -9.73941809999997 ], [ -45.7485602, -9.73460559999995 ], [ -45.7539097, -9.730171 ], [ -45.7565829, -9.72664639999994 ], [ -45.758914699999899, -9.72535549999998 ], [ -45.7653976, -9.72370879999994 ], [ -45.783334599999897, -9.70482819999995 ], [ -45.7879976, -9.702800699999949 ], [ -45.7915388, -9.70039019999996 ], [ -45.7989626, -9.69642489999995 ], [ -45.8011212, -9.69474609999997 ], [ -45.8043056, -9.68950359999997 ], [ -45.8062039, -9.688210799999981 ], [ -45.8116477, -9.687598 ], [ -45.8151910999999, -9.68664569999993 ], [ -45.8192483999999, -9.684018499999979 ], [ -45.823140099999897, -9.68417919999996 ], [ -45.825038499999899, -9.683402899999979 ], [ -45.8296778, -9.679906799999969 ], [ -45.829939099999898, -9.679456899999931 ], [ -45.8305137, -9.679170299999949 ], [ -45.8312455, -9.678390399999961 ], [ -45.8316775, -9.67738229999998 ], [ -45.8317747, -9.675866399999959 ], [ -45.8322623, -9.67407309999993 ], [ -45.832158499999899, -9.673268099999969 ], [ -45.8321993, -9.672423499999979 ], [ -45.832342299999901, -9.671148099999931 ], [ -45.8323695, -9.66992679999993 ], [ -45.8329279, -9.668368299999941 ], [ -45.8329052, -9.667607499999971 ], [ -45.8331026, -9.666801 ], [ -45.8329841, -9.66602939999996 ], [ -45.8330834, -9.66457 ], [ -45.832905799999899, -9.66295689999993 ], [ -45.8323020999999, -9.66098159999996 ], [ -45.8313994, -9.660371899999969 ], [ -45.8309356, -9.65956989999995 ], [ -45.8306964, -9.65875349999993 ], [ -45.830729399999903, -9.65799079999994 ], [ -45.8312645, -9.65745409999994 ], [ -45.831566, -9.65663309999996 ], [ -45.8322626, -9.65523549999995 ], [ -45.833026399999902, -9.654333 ], [ -45.833448599999898, -9.653180099999931 ], [ -45.8335115, -9.652277199999959 ], [ -45.833229699999897, -9.65122459999998 ], [ -45.8319265, -9.648991399999939 ], [ -45.830937199999902, -9.647765399999971 ], [ -45.830345599999902, -9.647571199999961 ], [ -45.8300381, -9.64718729999993 ], [ -45.8296889, -9.646195899999951 ], [ -45.8287923, -9.645056499999949 ], [ -45.8278981, -9.644110799999959 ], [ -45.8278964, -9.64349529999993 ], [ -45.8281802, -9.64280029999998 ], [ -45.828790599999898, -9.641944 ], [ -45.8291801, -9.64132719999998 ], [ -45.8291801, -9.640634699999961 ], [ -45.828729199999898, -9.64013389999997 ], [ -45.8280554, -9.639711299999931 ], [ -45.827598, -9.639309 ], [ -45.827512399999897, -9.63840029999994 ], [ -45.8276561, -9.63750309999995 ], [ -45.827673699999899, -9.637049499999931 ], [ -45.8275517, -9.63692919999994 ], [ -45.827403699999898, -9.636889399999969 ], [ -45.8271118, -9.63695049999995 ], [ -45.826882399999903, -9.637328799999979 ], [ -45.8267397, -9.637689199999951 ], [ -45.8264556, -9.637725199999981 ], [ -45.826246399999903, -9.63766349999997 ], [ -45.826030699999897, -9.63759789999995 ], [ -45.8257398, -9.63740289999993 ], [ -45.8256175, -9.636924599999929 ], [ -45.8256177, -9.63594509999996 ], [ -45.8258180999999, -9.635208699999961 ], [ -45.825893699999902, -9.63460739999994 ], [ -45.825575, -9.63412709999994 ], [ -45.825464, -9.63332579999997 ], [ -45.826019, -9.63130829999994 ], [ -45.8258567, -9.630523499999979 ], [ -45.8256871, -9.629826099999949 ], [ -45.825777899999899, -9.62942149999998 ], [ -45.8259937, -9.628998899999941 ], [ -45.8261616, -9.628581799999949 ], [ -45.826354599999902, -9.62809189999996 ], [ -45.826594199999903, -9.627498199999931 ], [ -45.8267503, -9.627108199999951 ], [ -45.8266407, -9.62671539999997 ], [ -45.8264927, -9.626441099999971 ], [ -45.8261793, -9.626187199999951 ], [ -45.8258544, -9.625982799999971 ], [ -45.8256671, -9.62572409999996 ], [ -45.8254625, -9.625445299999971 ], [ -45.8249743, -9.62537749999996 ], [ -45.824196599999901, -9.62513629999995 ], [ -45.823741299999902, -9.62515549999995 ], [ -45.8234255, -9.62529829999994 ], [ -45.823005899999899, -9.62554509999995 ], [ -45.822550099999901, -9.625657899999959 ], [ -45.822204999999897, -9.62569539999993 ], [ -45.8216752, -9.625671 ], [ -45.821275, -9.62557289999995 ], [ -45.8208306, -9.62532139999996 ], [ -45.8201362, -9.62488089999994 ], [ -45.819783599999901, -9.62444029999995 ], [ -45.8199011, -9.623944199999929 ], [ -45.8203111, -9.623471799999949 ], [ -45.820864099999902, -9.62299239999993 ], [ -45.821574199999901, -9.622450899999929 ], [ -45.8217524, -9.622137699999939 ], [ -45.821679, -9.62176649999998 ], [ -45.8213311, -9.620929899999959 ], [ -45.8208202, -9.61999879999996 ], [ -45.8205369, -9.61873029999998 ], [ -45.8203869, -9.617912799999941 ], [ -45.8204846, -9.617312099999941 ], [ -45.820803399999903, -9.61690729999998 ], [ -45.821319699999897, -9.616547 ], [ -45.8233127, -9.615997399999969 ], [ -45.8239976999999, -9.61541639999996 ], [ -45.8243649, -9.614659699999949 ], [ -45.8246884, -9.614311399999959 ], [ -45.824857, -9.61377269999997 ], [ -45.824729299999902, -9.613369 ], [ -45.8246111, -9.612966099999939 ], [ -45.824574799999901, -9.611955199999951 ], [ -45.8247736, -9.610941299999981 ], [ -45.824620799999899, -9.60970219999996 ], [ -45.824759599999901, -9.60895119999998 ], [ -45.825356199999902, -9.607950899999929 ], [ -45.8257783, -9.60699269999998 ], [ -45.826246399999903, -9.606618699999959 ], [ -45.8266583, -9.606577299999969 ], [ -45.8269693, -9.606770599999949 ], [ -45.827159, -9.607113799999979 ], [ -45.8273924, -9.60795679999995 ], [ -45.8275593, -9.608232599999949 ], [ -45.828006699999897, -9.608334499999961 ], [ -45.8283202, -9.60821949999996 ], [ -45.8284408, -9.607686199999931 ], [ -45.828437, -9.60693679999997 ], [ -45.828573199999902, -9.606217399999929 ], [ -45.8288559, -9.605903299999969 ], [ -45.8293525, -9.60564409999995 ], [ -45.8302434, -9.605210899999969 ], [ -45.830666699999902, -9.604692799999951 ], [ -45.8312711, -9.603711899999951 ], [ -45.8319617, -9.602860899999939 ], [ -45.8323804999999, -9.60262339999997 ], [ -45.8328954, -9.60259969999993 ], [ -45.8342708, -9.60250559999997 ], [ -45.8356519, -9.602458699999939 ], [ -45.836581599999903, -9.60235629999994 ], [ -45.8367433, -9.602126599999959 ], [ -45.836772799999899, -9.60166079999993 ], [ -45.8366276, -9.601012299999979 ], [ -45.836464299999903, -9.60035289999996 ], [ -45.8365338, -9.59986219999996 ], [ -45.8368326, -9.599128 ], [ -45.8368526, -9.598549099999961 ], [ -45.837057, -9.597240399999979 ], [ -45.837676299999899, -9.59630749999997 ], [ -45.8380764, -9.59538489999994 ], [ -45.838175299999897, -9.59454269999998 ], [ -45.837615399999898, -9.592349799999971 ], [ -45.8369996, -9.590526399999931 ], [ -45.8367729, -9.59018639999994 ], [ -45.8363983, -9.58987769999993 ], [ -45.8361862, -9.589452399999971 ], [ -45.835964499999903, -9.589275799999941 ], [ -45.8357162, -9.589226 ], [ -45.835316099999901, -9.58924029999997 ], [ -45.8351431, -9.58945469999998 ], [ -45.8350123, -9.58969309999998 ], [ -45.834381699999902, -9.59030669999993 ], [ -45.834092499999898, -9.590471199999969 ], [ -45.8338777, -9.59051849999997 ], [ -45.8337337, -9.59038969999995 ], [ -45.833665499999903, -9.59012669999993 ], [ -45.8336692, -9.58894719999995 ], [ -45.833626299999899, -9.58752969999995 ], [ -45.833876, -9.586815099999971 ], [ -45.8344344, -9.58627049999996 ], [ -45.8353524999999, -9.58582729999995 ], [ -45.836855, -9.58546249999995 ], [ -45.8370613, -9.58503919999993 ], [ -45.8371956, -9.584001299999951 ], [ -45.8373, -9.583443699999981 ], [ -45.8375042, -9.58327309999993 ], [ -45.8380504, -9.58321449999994 ], [ -45.8388942, -9.582777399999941 ], [ -45.839312699999901, -9.582315199999931 ], [ -45.8397874, -9.581408 ], [ -45.840201599999901, -9.58102689999993 ], [ -45.8410206, -9.58009149999998 ], [ -45.8412124, -9.579273699999931 ], [ -45.841079, -9.578598 ], [ -45.8410936, -9.577400599999979 ], [ -45.8412187, -9.57681359999998 ], [ -45.841627899999899, -9.576470099999939 ], [ -45.8422705999999, -9.576278899999981 ], [ -45.842613899999897, -9.576035299999941 ], [ -45.8426128, -9.57570739999994 ], [ -45.842436399999897, -9.57531849999998 ], [ -45.8423518, -9.574740399999939 ], [ -45.8425315, -9.57361259999993 ], [ -45.8426674, -9.572668599999931 ], [ -45.8425942, -9.57223929999998 ], [ -45.842170399999901, -9.57197069999995 ], [ -45.842022299999897, -9.57158409999994 ], [ -45.842072, -9.570988899999969 ], [ -45.841977299999897, -9.57053169999995 ], [ -45.8417062, -9.569685599999961 ], [ -45.8417253, -9.56832149999997 ], [ -45.8416058, -9.56657 ], [ -45.841471399999897, -9.56567889999997 ], [ -45.841573599999897, -9.564115499999961 ], [ -45.841857499999897, -9.56344569999993 ], [ -45.8419325, -9.562889899999959 ], [ -45.8417173, -9.56217009999995 ], [ -45.8408732, -9.56045339999997 ], [ -45.8404767, -9.56016339999996 ], [ -45.839417899999901, -9.559993099999931 ], [ -45.838634199999902, -9.559826299999941 ], [ -45.8378771, -9.55956809999998 ], [ -45.8367949, -9.558656099999951 ], [ -45.835887899999904, -9.557692799999931 ], [ -45.835007, -9.556076 ], [ -45.8344532, -9.55540049999996 ], [ -45.83345, -9.55490689999993 ], [ -45.833044899999898, -9.554527499999949 ], [ -45.83298, -9.554054 ], [ -45.833078699999902, -9.55366869999995 ], [ -45.8333486, -9.55316629999993 ], [ -45.8334002, -9.55277719999998 ], [ -45.8333259, -9.55237689999996 ], [ -45.8330915, -9.55211439999994 ], [ -45.8327967, -9.552090899999939 ], [ -45.8324861, -9.552343499999949 ], [ -45.8321204, -9.552493099999939 ], [ -45.8315618, -9.552533 ], [ -45.831288399999899, -9.552413599999969 ], [ -45.8311173, -9.552216 ], [ -45.831100499999899, -9.551849399999981 ], [ -45.8312409, -9.55153309999997 ], [ -45.831488, -9.55096329999998 ], [ -45.8315961, -9.550578799999929 ], [ -45.831565199999901, -9.55026729999997 ], [ -45.8313285, -9.550145 ], [ -45.8310807, -9.54981579999998 ], [ -45.831001, -9.54940669999996 ], [ -45.8307894, -9.54921159999998 ], [ -45.830246, -9.54878339999993 ], [ -45.8294963, -9.547982699999981 ], [ -45.828880899999902, -9.54739369999993 ], [ -45.828451399999899, -9.546057099999929 ], [ -45.828233899999901, -9.54445689999994 ], [ -45.82829, -9.54299109999994 ], [ -45.8287012, -9.542275399999941 ], [ -45.829054299999903, -9.541573799999981 ], [ -45.829958599999898, -9.54041129999996 ], [ -45.8306205, -9.539650399999971 ], [ -45.8311927, -9.538826099999939 ], [ -45.8316163, -9.53853379999993 ], [ -45.8322259, -9.538283799999929 ], [ -45.8323841, -9.537641199999941 ], [ -45.8323329, -9.53666309999994 ], [ -45.8318103, -9.53564679999994 ], [ -45.8309499, -9.53504189999995 ], [ -45.830391, -9.534912199999949 ], [ -45.829733099999899, -9.534718199999929 ], [ -45.829473499999899, -9.534416199999949 ], [ -45.8295376, -9.533990699999951 ], [ -45.8297904, -9.53369279999993 ], [ -45.829758599999899, -9.533278199999931 ], [ -45.8293748, -9.53298479999995 ], [ -45.8284378, -9.532608899999961 ], [ -45.827435299999898, -9.53230189999994 ], [ -45.8272337, -9.532153899999971 ], [ -45.827115799999902, -9.531781499999971 ], [ -45.8271902, -9.531486 ], [ -45.8274774, -9.53100369999993 ], [ -45.827962699999901, -9.53053749999998 ], [ -45.8281656999999, -9.52992659999995 ], [ -45.8281056, -9.52950969999995 ], [ -45.8278154, -9.529334699999939 ], [ -45.8275988, -9.529244299999959 ], [ -45.8273563, -9.529292199999929 ], [ -45.827182299999897, -9.529537599999969 ], [ -45.827173899999899, -9.52986469999996 ], [ -45.8271733, -9.53009869999994 ], [ -45.8268277, -9.530257899999979 ], [ -45.8266242, -9.53019009999997 ], [ -45.826417299999903, -9.530055899999979 ], [ -45.8261962, -9.52974769999997 ], [ -45.8260458, -9.529389 ], [ -45.8258342, -9.529087199999941 ], [ -45.8253075, -9.52891319999998 ], [ -45.824846799999897, -9.528744699999949 ], [ -45.824535899999901, -9.528148199999981 ], [ -45.824295199999902, -9.52784769999994 ], [ -45.8240106, -9.527730899999939 ], [ -45.8230399, -9.527530199999941 ], [ -45.8220471, -9.527140399999951 ], [ -45.8215886, -9.526831499999959 ], [ -45.821336, -9.52633339999994 ], [ -45.8213946, -9.525725899999941 ], [ -45.8217931, -9.524934299999931 ], [ -45.8224393, -9.52424709999997 ], [ -45.8230679, -9.52320269999996 ], [ -45.8236947, -9.522293 ], [ -45.823736799999899, -9.52190319999994 ], [ -45.823481, -9.52151569999995 ], [ -45.8231719, -9.521164299999951 ], [ -45.8224291, -9.519942699999939 ], [ -45.821809899999899, -9.51886029999997 ], [ -45.8209267, -9.51704669999998 ], [ -45.8205665999999, -9.516903099999981 ], [ -45.819975499999899, -9.516705199999929 ], [ -45.8194619, -9.51614839999996 ], [ -45.8192329, -9.51538359999995 ], [ -45.8189824, -9.51474519999994 ], [ -45.817824899999898, -9.513714599999959 ], [ -45.8166467, -9.512588499999939 ], [ -45.816114399999897, -9.512254899999959 ], [ -45.8149787, -9.51107619999993 ], [ -45.8145094, -9.51036869999996 ], [ -45.8142687, -9.509776 ], [ -45.8141249, -9.508718699999971 ], [ -45.813893, -9.508307 ], [ -45.812877399999898, -9.507080499999971 ], [ -45.8122784, -9.506266499999979 ], [ -45.812064, -9.505445499999951 ], [ -45.8118456, -9.50444019999998 ], [ -45.811539, -9.50400949999994 ], [ -45.8096305, -9.50276489999993 ], [ -45.8085692, -9.50243149999994 ], [ -45.8074761, -9.50215159999993 ], [ -45.8061885, -9.50213239999994 ], [ -45.8055198, -9.50206719999994 ], [ -45.8053307, -9.501868 ], [ -45.805253299999897, -9.501631 ], [ -45.805222, -9.500600399999939 ], [ -45.8048295, -9.499737099999949 ], [ -45.804444299999901, -9.498907 ], [ -45.804180099999897, -9.497947499999951 ], [ -45.8039583999999, -9.49734179999996 ], [ -45.8036056, -9.49711149999996 ], [ -45.8030795, -9.49689189999998 ], [ -45.8024449, -9.496150799999951 ], [ -45.8019576, -9.495947499999939 ], [ -45.800622099999899, -9.49589 ], [ -45.7992121999999, -9.495533 ], [ -45.7987186, -9.495186 ], [ -45.7982871, -9.49431069999997 ], [ -45.798205799999899, -9.49369829999995 ], [ -45.7984698, -9.49284389999997 ], [ -45.7984466999999, -9.492262899999959 ], [ -45.7985965, -9.491489199999929 ], [ -45.7988872, -9.49049039999994 ], [ -45.7987717, -9.490101099999951 ], [ -45.7980789, -9.488787099999969 ], [ -45.7976247, -9.487262099999951 ], [ -45.797164699999897, -9.48714549999994 ], [ -45.7967697999999, -9.48715439999995 ], [ -45.7961142999999, -9.487278799999959 ], [ -45.795665299999897, -9.487206899999929 ], [ -45.794722799999903, -9.48673519999994 ], [ -45.7923694, -9.48541629999994 ], [ -45.7914046, -9.48388719999997 ], [ -45.7910629, -9.48283309999994 ], [ -45.789758, -9.483488 ], [ -45.789295, -9.483847 ], [ -45.7882706, -9.48420109999995 ], [ -45.788266, -9.48421289999993 ], [ -45.786685, -9.484245 ], [ -45.784626, -9.484457 ], [ -45.783233, -9.484725 ], [ -45.782297, -9.485012 ], [ -45.780910999999897, -9.486142 ], [ -45.779568, -9.487195 ], [ -45.778027, -9.487864 ], [ -45.777057, -9.487885 ], [ -45.776618, -9.487715 ], [ -45.775699, -9.486937 ], [ -45.773322, -9.484619 ], [ -45.772686, -9.484509 ], [ -45.772163, -9.48461 ], [ -45.771382, -9.485219 ], [ -45.771124, -9.485964 ], [ -45.771254, -9.486528 ], [ -45.772439, -9.488854 ], [ -45.772729, -9.489868 ], [ -45.771923, -9.491408 ], [ -45.770918, -9.493303 ], [ -45.770577, -9.494497 ], [ -45.77038, -9.495529 ], [ -45.769985, -9.496375 ], [ -45.768594999999898, -9.49805 ], [ -45.767685, -9.499048 ], [ -45.767419, -9.499568 ], [ -45.767504, -9.500512 ], [ -45.767882, -9.502026 ], [ -45.768097, -9.502838 ], [ -45.767908, -9.503413 ], [ -45.767367, -9.504124 ], [ -45.766801, -9.50437 ], [ -45.766123, -9.504361 ], [ -45.765107, -9.504086 ], [ -45.764489, -9.503845 ], [ -45.76348, -9.503583 ], [ -45.762823, -9.503502 ], [ -45.760511, -9.504257 ], [ -45.758941, -9.504849 ], [ -45.758383, -9.504858 ], [ -45.758005, -9.504697 ], [ -45.756512, -9.50375 ], [ -45.755663, -9.503288 ], [ -45.753994, -9.502667 ], [ -45.753220999999897, -9.502658 ], [ -45.752603, -9.502856 ], [ -45.751955, -9.503241 ], [ -45.750920999999899, -9.504121 ], [ -45.750112999999899, -9.504702 ], [ -45.749104, -9.506073 ], [ -45.747643, -9.508284 ], [ -45.746905, -9.508943 ], [ -45.746115, -9.509256 ], [ -45.743661, -9.509688 ], [ -45.742135, -9.510257 ], [ -45.741474, -9.51068 ], [ -45.741148, -9.511196 ], [ -45.741337, -9.512 ], [ -45.741672, -9.512406 ], [ -45.742049, -9.512609 ], [ -45.744525, -9.512984 ], [ -45.745573, -9.513022 ], [ -45.747628, -9.5132 ], [ -45.748246, -9.513538 ], [ -45.748134999999898, -9.51405 ], [ -45.74765, -9.514604 ], [ -45.746079, -9.515374 ], [ -45.744989, -9.515991 ], [ -45.744216, -9.516507 ], [ -45.742813, -9.517611 ], [ -45.742556, -9.518068 ], [ -45.742586, -9.518449 ], [ -45.74289, -9.518884 ], [ -45.743400999999899, -9.519337 ], [ -45.744858, -9.520216 ], [ -45.745107, -9.520741 ], [ -45.744944, -9.521519 ], [ -45.744669, -9.52201 ], [ -45.744137, -9.522467 ], [ -45.742772, -9.523169 ], [ -45.740671, -9.524566 ], [ -45.739671, -9.52548 ], [ -45.737047, -9.528037 ], [ -45.736301, -9.529171 ], [ -45.7357, -9.529306 ], [ -45.735314, -9.529239 ], [ -45.733812, -9.528232 ], [ -45.732919, -9.527851 ], [ -45.732351999999899, -9.527978 ], [ -45.73182, -9.528317 ], [ -45.730744, -9.529716 ], [ -45.730307, -9.530718 ], [ -45.728821, -9.534479 ], [ -45.728348, -9.535486 ], [ -45.728288, -9.536332 ], [ -45.728898, -9.537211 ], [ -45.729662, -9.537499 ], [ -45.730891, -9.537086 ], [ -45.733054, -9.53542 ], [ -45.735045, -9.534675 ], [ -45.735921, -9.534853 ], [ -45.736972, -9.535678 ], [ -45.737135, -9.536439 ], [ -45.736792, -9.537031 ], [ -45.735818, -9.537886 ], [ -45.732387, -9.540225 ], [ -45.731117, -9.541114 ], [ -45.730473, -9.541334 ], [ -45.730112, -9.54108 ], [ -45.728901999999898, -9.539692 ], [ -45.727375, -9.537885 ], [ -45.726483, -9.536934 ], [ -45.725736, -9.536654 ], [ -45.725414, -9.536726 ], [ -45.725002, -9.536912 ], [ -45.72343, -9.538265 ], [ -45.720263, -9.541057 ], [ -45.718525, -9.542856 ], [ -45.717151999999899, -9.544624 ], [ -45.715538, -9.546079 ], [ -45.715212, -9.546071 ], [ -45.71478, -9.545766 ], [ -45.713727999999897, -9.544704 ], [ -45.712921999999899, -9.544011 ], [ -45.712479, -9.543909 ], [ -45.71208, -9.544002 ], [ -45.711574, -9.544332 ], [ -45.71075, -9.545275 ], [ -45.710082, -9.546109 ], [ -45.709764, -9.546701 ], [ -45.71009, -9.547141 ], [ -45.71082, -9.54742 ], [ -45.711927, -9.54693 ], [ -45.713119999999897, -9.546414 ], [ -45.713549, -9.54649 ], [ -45.713952999999897, -9.547463 ], [ -45.713909999999899, -9.548241 ], [ -45.713549, -9.548613 ], [ -45.712983, -9.548799 ], [ -45.712286999999897, -9.54885 ], [ -45.710442, -9.548596 ], [ -45.70906, -9.548452 ], [ -45.707846, -9.548604 ], [ -45.706807, -9.549222 ], [ -45.706, -9.550427 ], [ -45.706043, -9.551023 ], [ -45.706274999999899, -9.551418 ], [ -45.70709, -9.551875 ], [ -45.710824, -9.552577 ], [ -45.712086, -9.553195 ], [ -45.712558, -9.553905 ], [ -45.712651999999899, -9.554599 ], [ -45.712383, -9.555585 ], [ -45.711765, -9.556397 ], [ -45.711083, -9.5566 ], [ -45.709984, -9.556639 ], [ -45.707103, -9.556153 ], [ -45.705318, -9.55573 ], [ -45.702185, -9.555011 ], [ -45.701281, -9.55455 ], [ -45.699714, -9.553243 ], [ -45.699070999999897, -9.553082 ], [ -45.698692999999899, -9.553294 ], [ -45.698387, -9.553898 ], [ -45.698404, -9.554626 ], [ -45.698313, -9.555949 ], [ -45.698141, -9.556625 ], [ -45.697342999999897, -9.557442 ], [ -45.696776999999898, -9.557695 ], [ -45.695188, -9.557349 ], [ -45.692227, -9.556579 ], [ -45.691446, -9.556587 ], [ -45.69057, -9.556858 ], [ -45.690055, -9.557002 ], [ -45.688836, -9.557078 ], [ -45.688063999999898, -9.5569 ], [ -45.687686, -9.556376 ], [ -45.6881053, -9.55511559999997 ], [ -45.68661, -9.55419039999998 ], [ -45.6857185, -9.553011 ], [ -45.6848227999999, -9.547494499999971 ], [ -45.683839099999901, -9.545504499999939 ], [ -45.682672, -9.544905799999979 ], [ -45.6811393, -9.544954599999929 ], [ -45.679591899999899, -9.54616139999996 ], [ -45.6788463, -9.54621 ], [ -45.676232, -9.54558949999995 ], [ -45.675063599999902, -9.544895 ], [ -45.673708099999899, -9.543136199999941 ], [ -45.673093299999898, -9.53984719999994 ], [ -45.6695414, -9.537441199999931 ], [ -45.6675781, -9.535199899999951 ], [ -45.6663662, -9.535803199999981 ], [ -45.6618386, -9.53585969999995 ], [ -45.6596848, -9.532431499999969 ], [ -45.655921299999903, -9.531793599999959 ], [ -45.6522201, -9.532703 ], [ -45.6489505, -9.531687499999981 ], [ -45.6468512, -9.53169319999995 ], [ -45.644706, -9.53234669999995 ], [ -45.643862, -9.530909799999961 ], [ -45.641577, -9.53147049999995 ], [ -45.639942699999899, -9.531241 ], [ -45.6388221, -9.53038469999996 ], [ -45.636948899999901, -9.527191399999939 ], [ -45.6312541, -9.52520879999997 ], [ -45.6277479, -9.521923099999981 ], [ -45.624854099999901, -9.52111689999998 ], [ -45.623354199999902, -9.518755099999961 ], [ -45.6206883, -9.51634859999996 ], [ -45.6177475, -9.515381899999969 ], [ -45.6137782, -9.51330249999995 ], [ -45.611350899999898, -9.513053199999939 ], [ -45.6099062, -9.51356389999995 ], [ -45.608037099999898, -9.512734599999931 ], [ -45.6057976, -9.512597199999959 ], [ -45.6046305, -9.51278509999997 ], [ -45.6026720999999, -9.514180299999961 ], [ -45.5994539, -9.514604 ], [ -45.5954388, -9.51342719999997 ], [ -45.5942722, -9.51389349999994 ], [ -45.5925953, -9.515656 ], [ -45.591196099999898, -9.51579889999994 ], [ -45.589981899999898, -9.515199 ], [ -45.5890924999999, -9.51394719999996 ], [ -45.5871316, -9.51325879999996 ], [ -45.5864331, -9.513397 ], [ -45.5864347, -9.51474029999997 ], [ -45.585689199999898, -9.515785699999981 ], [ -45.584011599999897, -9.51694579999997 ], [ -45.582918499999899, -9.516866 ], [ -45.5813069, -9.516347899999969 ], [ -45.5789242, -9.51621319999998 ], [ -45.578130799999897, -9.515286799999959 ], [ -45.5757953, -9.514827399999939 ], [ -45.575465, -9.512741499999949 ], [ -45.573647999999899, -9.51216829999993 ], [ -45.5711732, -9.51370039999995 ], [ -45.569307799999898, -9.51323969999993 ], [ -45.5646937, -9.51333969999996 ], [ -45.5634234, -9.51232139999996 ], [ -45.561319, -9.50667 ], [ -45.559775, -9.50618289999994 ], [ -45.558328199999899, -9.506373 ], [ -45.5556798, -9.505270699999929 ], [ -45.5538433, -9.50346029999997 ], [ -45.5522561, -9.502765499999949 ], [ -45.5498297, -9.50300279999993 ], [ -45.5471689, -9.502404899999931 ], [ -45.540928199999897, -9.49873339999994 ], [ -45.5353196, -9.496985799999949 ], [ -45.5331919, -9.496933899999931 ], [ -45.531066, -9.49596309999993 ], [ -45.5284505, -9.493205299999939 ], [ -45.5229957, -9.48988639999993 ], [ -45.5180867, -9.48605169999996 ], [ -45.5155763, -9.48302439999998 ], [ -45.5156718, -9.47423189999995 ], [ -45.5172458, -9.470441699999981 ], [ -45.513974699999899, -9.468119199999929 ], [ -45.5135925, -9.46703459999998 ], [ -45.5141887, -9.46546859999995 ], [ -45.5128243, -9.46365809999998 ], [ -45.5134183, -9.458785 ], [ -45.4940511, -9.45879519999994 ], [ -45.464848399999902, -9.45881049999997 ], [ -45.4647563, -9.45881049999997 ], [ -45.463878099999903, -9.458811 ], [ -45.4099992, -9.458830699999959 ], [ -45.4940511, -9.221543699999931 ], [ -45.5016851, -9.199992299999961 ], [ -45.511594, -9.17195769999995 ], [ -45.4940511, -9.178184499999929 ], [ -45.3318189, -9.23576839999993 ], [ -45.311944299999901, -9.24282279999994 ], [ -45.1148216, -9.330529699999939 ], [ -45.2609793, -9.56240219999995 ], [ -45.3016413, -9.626915299999951 ], [ -45.3242069, -9.66271709999995 ], [ -45.3243105, -9.66288139999995 ], [ -45.3348721, -9.679640199999939 ], [ -45.3350910999999, -9.681394199999939 ], [ -45.3346663, -9.682558799999979 ], [ -45.3333875, -9.683512499999949 ], [ -45.3226122, -9.682465199999969 ], [ -45.3120519, -9.685122 ], [ -45.305123, -9.688443599999969 ], [ -45.3009632, -9.691308499999931 ], [ -45.3000056, -9.69301229999996 ], [ -45.300968899999901, -9.698881799999979 ], [ -45.3066335, -9.70999739999996 ], [ -45.311227899999899, -9.71656019999995 ], [ -45.3245793, -9.732595199999929 ], [ -45.3314151, -9.740055299999939 ], [ -45.3319508, -9.74196219999993 ], [ -45.330779, -9.74333959999996 ], [ -45.32918, -9.746631 ], [ -45.3271621, -9.76368819999993 ], [ -45.3262172, -9.77167 ], [ -45.325587, -9.77310929999993 ], [ -45.3224848, -9.774694599999981 ], [ -45.3219715, -9.774842 ], [ -45.321891999999899, -9.77486479999993 ], [ -45.3218729, -9.77487029999998 ], [ -45.3218105999999, -9.77488819999996 ], [ -45.3162958, -9.77647119999995 ], [ -45.310644099999898, -9.778093 ], [ -45.3082267, -9.780611199999949 ], [ -45.3071289, -9.785870799999939 ], [ -45.3064946, -9.79424279999995 ], [ -45.305856199999901, -9.79678539999998 ], [ -45.3035098, -9.798325 ], [ -45.29892, -9.799388299999981 ], [ -45.2910236, -9.80448059999998 ], [ -45.2871848999999, -9.807768 ], [ -45.285763099999897, -9.808464599999979 ], [ -45.2847295, -9.808971 ], [ -45.283554299999899, -9.80844219999994 ], [ -45.2806669, -9.805794099999961 ], [ -45.278528499999901, -9.802509599999951 ], [ -45.277355199999903, -9.80198159999998 ], [ -45.2759687, -9.80272439999993 ], [ -45.266683199999903, -9.810786 ], [ -45.2506736, -9.822192199999961 ], [ -45.2468307, -9.822989099999971 ], [ -45.2338015, -9.82119829999993 ], [ -45.197819099999897, -9.806997199999961 ], [ -45.1888286, -9.80266159999996 ], [ -45.1809241999999, -9.800969899999931 ], [ -45.1655491, -9.804264199999979 ], [ -45.1550803, -9.80442629999993 ], [ -45.1258121, -9.795960399999959 ], [ -45.1086129, -9.794198 ], [ -45.099960399999901, -9.79504929999996 ], [ -45.0908828, -9.802314299999979 ], [ -45.088310099999902, -9.805271799999961 ], [ -45.086991899999902, -9.80678719999997 ], [ -45.086449, -9.8072 ], [ -45.084680999999897, -9.8072 ], [ -45.08358, -9.807572 ], [ -45.081419, -9.808636 ], [ -45.080612, -9.809617 ], [ -45.079907999999897, -9.809803 ], [ -45.078878, -9.809465 ], [ -45.075736999999897, -9.807436 ], [ -45.073405, -9.806121 ], [ -45.072519999999898, -9.806349 ], [ -45.072143, -9.806713 ], [ -45.07137, -9.808547 ], [ -45.070909, -9.809853 ], [ -45.071064, -9.810614 ], [ -45.071458, -9.811138 ], [ -45.073741, -9.811966 ], [ -45.075578, -9.812676 ], [ -45.076557, -9.813352 ], [ -45.076677, -9.81386 ], [ -45.076591, -9.814333 ], [ -45.074651, -9.815702 ], [ -45.072488, -9.816835 ], [ -45.071291, -9.817587 ], [ -45.07075, -9.817747 ], [ -45.070278, -9.817671 ], [ -45.069969, -9.81724 ], [ -45.069746, -9.81462 ], [ -45.069386, -9.813394 ], [ -45.068981999999899, -9.813039 ], [ -45.06839, -9.81298 ], [ -45.067883, -9.813369 ], [ -45.067111, -9.814603 ], [ -45.065824, -9.817046 ], [ -45.064196, -9.819455 ], [ -45.064101999999899, -9.820275 ], [ -45.064143999999899, -9.821969 ], [ -45.064111, -9.822748 ], [ -45.06327, -9.82383 ], [ -45.062712, -9.824337 ], [ -45.061502, -9.824895 ], [ -45.060549, -9.824861 ], [ -45.05976, -9.824388 ], [ -45.059261999999897, -9.823652 ], [ -45.058953, -9.821184 ], [ -45.058601, -9.819898 ], [ -45.057331, -9.816923 ], [ -45.057159, -9.815435 ], [ -45.057262, -9.814151 ], [ -45.05764, -9.812021 ], [ -45.057736, -9.811072 ], [ -45.057642, -9.810557 ], [ -45.057119999999898, -9.809582 ], [ -45.056511, -9.809632 ], [ -45.055438, -9.810571 ], [ -45.053181, -9.813537 ], [ -45.052001, -9.814555 ], [ -45.050559, -9.815231 ], [ -45.048927999999897, -9.815299 ], [ -45.047331, -9.815011 ], [ -45.046439, -9.815468 ], [ -45.043748, -9.817429 ], [ -45.04234, -9.818088 ], [ -45.040092, -9.818375 ], [ -45.037826, -9.819339 ], [ -45.036933, -9.819339 ], [ -45.03501, -9.818697 ], [ -45.033636999999899, -9.817699 ], [ -45.029981, -9.816702 ], [ -45.028779, -9.815654 ], [ -45.027406, -9.813135 ], [ -45.026587999999897, -9.811865 ], [ -45.025377999999897, -9.811274 ], [ -45.023859, -9.810995 ], [ -45.022382, -9.8096 ], [ -45.02152, -9.808657 ], [ -45.020463999999897, -9.808196 ], [ -45.017336, -9.807858 ], [ -45.015667999999899, -9.807673 ], [ -45.011746, -9.806777 ], [ -45.009802, -9.806674 ], [ -45.008978, -9.806944 ], [ -45.008094, -9.807434 ], [ -45.007553, -9.808153 ], [ -45.007416, -9.809404 ], [ -45.00769, -9.810317 ], [ -45.008463, -9.811297 ], [ -45.008768, -9.812026 ], [ -45.00863, -9.812702 ], [ -45.008080999999898, -9.813226 ], [ -45.006844999999899, -9.813243 ], [ -45.003498, -9.812753 ], [ -44.999343, -9.81162 ], [ -44.99499, -9.80975 ], [ -44.992355, -9.809344 ], [ -44.990398, -9.809302 ], [ -44.988261, -9.809868 ], [ -44.986741, -9.810714 ], [ -44.986484, -9.811314 ], [ -44.986778, -9.813262 ], [ -44.986881, -9.814699 ], [ -44.986606, -9.815798 ], [ -44.986091, -9.81622 ], [ -44.985095999999899, -9.816372 ], [ -44.984597999999899, -9.816913 ], [ -44.984169, -9.817928 ], [ -44.983825, -9.818215 ], [ -44.98359, -9.818229 ], [ -44.983277, -9.818013 ], [ -44.982233999999899, -9.816919 ], [ -44.981036, -9.816117 ], [ -44.980177, -9.815897 ], [ -44.9781, -9.815948 ], [ -44.977035999999899, -9.815948 ], [ -44.975937, -9.816184 ], [ -44.975507999999898, -9.816776 ], [ -44.975422, -9.817892 ], [ -44.975152, -9.818684 ], [ -44.974654, -9.819335 ], [ -44.973762, -9.819977 ], [ -44.971418, -9.82078 ], [ -44.969307, -9.821067 ], [ -44.965449, -9.821887 ], [ -44.962719, -9.821668 ], [ -44.961568999999898, -9.821854 ], [ -44.960145, -9.822175 ], [ -44.9584783, -9.823700899999951 ], [ -44.957380999999899, -9.823966 ], [ -44.956389, -9.823744 ], [ -45.0275859, -9.97451569999993 ], [ -45.0785346, -9.956948699999939 ] ] ] ] } },
{ "type": "Feature", "properties": { "CD_MUN": "2203230", "NM_MUN": "Currais", "CD_RGI": "220016", "NM_RGI": "Bom Jesus", "CD_RGINT": "2205", "NM_RGINT": "Corrente - Bom Jesus", "CD_UF": "22", "NM_UF": "Piauí", "SIGLA_UF": "PI", "CD_REGIAO": "2", "NM_REGIAO": "Nordeste", "SIGLA_RG": "NE", "CD_CONCURB": null, "NM_CONCURB": null, "AREA_KM2": 3156.695 }, "geometry": { "type": "MultiPolygon", "coordinates": [ [ [ [ -44.3415869, -8.86008529999998 ], [ -44.3412216, -8.86089439999995 ], [ -44.3038875, -8.94352469999995 ], [ -44.333225399999897, -8.98193509999993 ], [ -44.3450089, -9.013466199999931 ], [ -44.350272399999902, -9.02755059999993 ], [ -44.355167, -9.040647 ], [ -44.3564595, -9.04022109999994 ], [ -44.356653, -9.039555299999961 ], [ -44.358086699999902, -9.03993679999996 ], [ -44.3588468, -9.038531899999951 ], [ -44.360671, -9.038704899999971 ], [ -44.3614458, -9.03824509999993 ], [ -44.3616373, -9.036907499999931 ], [ -44.3622538, -9.03637749999996 ], [ -44.3628265, -9.03714169999995 ], [ -44.363592, -9.035909099999969 ], [ -44.366857, -9.033720599999979 ], [ -44.3728318, -9.031686899999951 ], [ -44.374936799999901, -9.031498699999929 ], [ -44.381442799999903, -9.032082599999971 ], [ -44.3858878, -9.033088699999951 ], [ -44.3889473999999, -9.03261819999994 ], [ -44.3909533, -9.03385479999997 ], [ -44.393203899999897, -9.03352839999997 ], [ -44.3945469, -9.03389849999996 ], [ -44.3965817, -9.03248879999995 ], [ -44.398945399999903, -9.032491799999949 ], [ -44.4010511, -9.03182969999995 ], [ -44.4039193999999, -9.03273159999998 ], [ -44.4102852, -9.03199279999995 ], [ -44.418838299999898, -9.03395029999996 ], [ -44.4208485, -9.033288299999979 ], [ -44.4253327, -9.03343849999993 ], [ -44.4281665, -9.03420379999994 ], [ -44.430652, -9.033730599999959 ], [ -44.4578463, -9.03353539999995 ], [ -44.6366264, -9.032252199999959 ], [ -44.719079, -9.03162639999994 ], [ -44.7313452, -9.03153329999998 ], [ -44.7976325, -9.03101619999995 ], [ -44.7979931, -9.031013399999949 ], [ -45.0622878, -9.028830399999951 ], [ -45.0640278, -9.026791599999971 ], [ -45.0662313999999, -9.02524829999993 ], [ -45.0688964, -9.02094459999995 ], [ -45.069738, -9.02064749999994 ], [ -45.0736972, -9.01381759999998 ], [ -45.076957999999898, -9.010276899999949 ], [ -45.081406699999903, -9.006995199999951 ], [ -45.083742599999901, -9.00446809999994 ], [ -45.0846478, -9.00291929999997 ], [ -45.085166199999897, -8.999312799999929 ], [ -45.0848779, -8.996065 ], [ -45.0839889, -8.99577919999996 ], [ -45.082357, -8.99559 ], [ -45.080496799999899, -8.993890199999949 ], [ -45.0776675, -8.99256859999997 ], [ -45.0761876, -8.992229299999959 ], [ -45.0747062, -8.99143679999997 ], [ -45.073681399999899, -8.990643699999961 ], [ -45.0730717, -8.989695099999951 ], [ -45.072389799999897, -8.98739519999998 ], [ -45.0713451, -8.986489899999979 ], [ -45.0682327, -8.985546699999929 ], [ -45.0677391, -8.985093399999929 ], [ -45.0676256, -8.984640199999941 ], [ -45.067701699999901, -8.98377149999993 ], [ -45.0673598, -8.982070599999931 ], [ -45.066485999999898, -8.98131679999995 ], [ -45.0657649, -8.980936699999971 ], [ -45.064265, -8.98074889999998 ], [ -45.0632011, -8.98003259999996 ], [ -45.0614555, -8.979920199999979 ], [ -45.0610019, -8.97942759999995 ], [ -45.0608475, -8.978863599999951 ], [ -45.0616453, -8.97746429999995 ], [ -45.0611698, -8.973989699999951 ], [ -45.0604865, -8.972668499999941 ], [ -45.057826799999901, -8.97104269999994 ], [ -45.0566517, -8.96908139999994 ], [ -45.0561207, -8.96877919999997 ], [ -45.0542798, -8.968400899999949 ], [ -45.053825199999899, -8.96806109999994 ], [ -45.0522680999999, -8.96764669999993 ], [ -45.0513563, -8.96685189999994 ], [ -45.050899699999903, -8.966626499999959 ], [ -45.0496491, -8.96636419999993 ], [ -45.0481682, -8.96507839999998 ], [ -45.0462492999999, -8.964286299999969 ], [ -45.046168899999898, -8.963341499999959 ], [ -45.044696299999899, -8.963191 ], [ -45.044049, -8.96270009999995 ], [ -45.0436304, -8.961491599999929 ], [ -45.0430231, -8.96092479999993 ], [ -45.042795199999901, -8.960207 ], [ -45.0422644, -8.95960269999995 ], [ -45.041431499999902, -8.95911179999996 ], [ -45.0401572, -8.95899819999994 ], [ -45.0392456, -8.95926239999994 ], [ -45.0389436, -8.95922569999993 ], [ -45.0380326, -8.958508599999959 ], [ -45.0375761, -8.95839489999997 ], [ -45.037083, -8.95847059999994 ], [ -45.036628, -8.958848499999929 ], [ -45.0360578, -8.958621299999949 ], [ -45.0353747, -8.95862189999997 ], [ -45.034615899999899, -8.95896119999998 ], [ -45.0340087, -8.95967949999994 ], [ -45.0330013, -8.96035869999997 ], [ -45.0315603, -8.960772799999971 ], [ -45.0304598, -8.960434499999961 ], [ -45.028751199999903, -8.959527599999941 ], [ -45.0282576, -8.95903769999995 ], [ -45.027726099999903, -8.95805619999993 ], [ -45.0271953, -8.957527 ], [ -45.0253350999999, -8.956166899999969 ], [ -45.0237989, -8.95594069999993 ], [ -45.022701, -8.95594029999995 ], [ -45.0222409, -8.95567719999997 ], [ -45.0221652, -8.95458069999995 ], [ -45.0218237, -8.95390139999995 ], [ -45.0213297, -8.953903 ], [ -45.020952599999902, -8.95410659999993 ], [ -45.0205703, -8.953825799999951 ], [ -45.0205334, -8.95325919999993 ], [ -45.020304399999901, -8.952882 ], [ -45.0193929, -8.952920899999979 ], [ -45.0180846, -8.953373899999971 ], [ -45.0170586, -8.953298399999939 ], [ -45.015997399999897, -8.95291989999993 ], [ -45.0150856, -8.952126899999939 ], [ -45.0145932, -8.95125809999996 ], [ -45.0143265, -8.950199899999969 ], [ -45.013795, -8.94921839999995 ], [ -45.010638099999902, -8.947187499999931 ], [ -45.009601099999898, -8.946235099999971 ], [ -45.008614099999903, -8.94487549999997 ], [ -45.0064505, -8.94313739999996 ], [ -45.0055007, -8.942005599999961 ], [ -45.0024076999999, -8.940004 ], [ -45.0015342, -8.939284199999969 ], [ -45.0006994, -8.937586 ], [ -44.996734699999898, -8.93331879999994 ], [ -44.995367499999901, -8.93226019999997 ], [ -44.9917621, -8.930862899999971 ], [ -44.990470199999898, -8.929993699999949 ], [ -44.9891991, -8.928029599999951 ], [ -44.98882, -8.927654099999931 ], [ -44.9861245, -8.92583989999997 ], [ -44.984270299999899, -8.92226139999997 ], [ -44.982919, -8.920892199999971 ], [ -44.9807928, -8.91915419999998 ], [ -44.9787052, -8.916924799999951 ], [ -44.977832799999902, -8.91567969999994 ], [ -44.9758783999999, -8.91137519999995 ], [ -44.9750824, -8.910279399999981 ], [ -44.9721589, -8.90823909999995 ], [ -44.971781, -8.907521499999969 ], [ -44.971001199999897, -8.904008199999961 ], [ -44.9685722, -8.90215939999996 ], [ -44.9674721, -8.90041749999995 ], [ -44.9673782, -8.896416699999969 ], [ -44.9672262, -8.895172 ], [ -44.9660871, -8.89316829999996 ], [ -44.9657091999999, -8.89093969999993 ], [ -44.9648736, -8.889202399999929 ], [ -44.964438899999898, -8.88780529999997 ], [ -44.9649697, -8.88674849999995 ], [ -44.964665599999897, -8.885918299999959 ], [ -44.9643417999999, -8.88574429999994 ], [ -44.9634996999999, -8.885291699999931 ], [ -44.9612873, -8.884103099999949 ], [ -44.9600741, -8.882705199999981 ], [ -44.9597714, -8.88251659999997 ], [ -44.9587266, -8.882329 ], [ -44.9582712, -8.88191239999998 ], [ -44.9581952, -8.88127 ], [ -44.9583857, -8.880516 ], [ -44.959220199999898, -8.879609399999939 ], [ -44.9604347, -8.877456499999941 ], [ -44.961004499999902, -8.875077399999951 ], [ -44.9605678, -8.87394379999995 ], [ -44.960112299999899, -8.87367919999997 ], [ -44.959505799999903, -8.87356549999993 ], [ -44.9582909, -8.873603399999981 ], [ -44.957646399999902, -8.873150199999939 ], [ -44.9573422, -8.872356699999949 ], [ -44.9569617, -8.869978099999971 ], [ -44.956470399999901, -8.868845 ], [ -44.9561659, -8.86854279999994 ], [ -44.955312999999897, -8.868392 ], [ -44.9535274, -8.869221299999939 ], [ -44.9526188, -8.86937289999997 ], [ -44.951632399999902, -8.87042949999994 ], [ -44.9513659, -8.870507099999941 ], [ -44.9504549, -8.87020389999998 ], [ -44.9492025, -8.870430399999981 ], [ -44.9487852, -8.87027739999996 ], [ -44.948406799999901, -8.87039249999998 ], [ -44.948159099999899, -8.870921799999961 ], [ -44.9478101999999, -8.87112969999993 ], [ -44.9475517, -8.87084559999994 ], [ -44.9473614, -8.86986359999997 ], [ -44.9468696, -8.869448 ], [ -44.9456541, -8.867558699999959 ], [ -44.9444025, -8.86653879999994 ], [ -44.9435677, -8.866425899999969 ], [ -44.942959599999902, -8.86612269999995 ], [ -44.941841199999899, -8.864385899999951 ], [ -44.9419561, -8.863782899999929 ], [ -44.9429408, -8.86268609999996 ], [ -44.943017499999897, -8.86204549999997 ], [ -44.9425234, -8.861211699999959 ], [ -44.9413117, -8.86038309999998 ], [ -44.9412351, -8.85921169999995 ], [ -44.9408177, -8.859174 ], [ -44.940399399999897, -8.859361499999981 ], [ -44.9398694, -8.858946799999959 ], [ -44.9396224, -8.858380699999939 ], [ -44.9396993, -8.856114 ], [ -44.939433199999897, -8.855509099999949 ], [ -44.9387095, -8.85528179999994 ], [ -44.9372696, -8.85433959999995 ], [ -44.9356016, -8.851958899999939 ], [ -44.934519, -8.851204 ], [ -44.9337611, -8.85033619999996 ], [ -44.9318254, -8.84988069999997 ], [ -44.9304976, -8.848634699999931 ], [ -44.9299662, -8.84780359999996 ], [ -44.9292459, -8.847916899999969 ], [ -44.9289415, -8.847651399999959 ], [ -44.928942, -8.846857099999969 ], [ -44.9286931, -8.846624199999949 ], [ -44.9276718, -8.846556899999941 ], [ -44.9269879, -8.846746 ], [ -44.9261152, -8.84629189999993 ], [ -44.925052, -8.84512019999994 ], [ -44.924711199999898, -8.844894 ], [ -44.9237246, -8.844742599999959 ], [ -44.923375, -8.84432149999998 ], [ -44.923042, -8.84277959999997 ], [ -44.9225114, -8.842098599999931 ], [ -44.9229104, -8.840891299999949 ], [ -44.9223784, -8.839568899999961 ], [ -44.921733699999898, -8.839531099999929 ], [ -44.9211647, -8.839190499999971 ], [ -44.9207096, -8.83850959999995 ], [ -44.920558099999901, -8.837793 ], [ -44.9207476999999, -8.83560249999994 ], [ -44.920216599999897, -8.834279199999971 ], [ -44.919402299999902, -8.833373399999971 ], [ -44.9182249, -8.833183599999931 ], [ -44.9180358999999, -8.832883399999959 ], [ -44.9180353, -8.83250449999997 ], [ -44.918413799999897, -8.832089199999929 ], [ -44.9183394, -8.83175059999996 ], [ -44.917770399999903, -8.831484199999981 ], [ -44.917086599999898, -8.83148569999997 ], [ -44.9168604, -8.831106 ], [ -44.9171618, -8.82880639999996 ], [ -44.916790999999897, -8.82809719999995 ], [ -44.9163869, -8.82770869999996 ], [ -44.9157415, -8.825781399999929 ], [ -44.9152883, -8.824988 ], [ -44.9128961, -8.823175299999949 ], [ -44.913048199999899, -8.82272149999994 ], [ -44.914907899999903, -8.82230679999998 ], [ -44.9151737, -8.821851299999929 ], [ -44.9148701, -8.82158939999994 ], [ -44.914091799999902, -8.82158869999995 ], [ -44.914092, -8.82121079999996 ], [ -44.9143567, -8.82102229999998 ], [ -44.914699, -8.820380099999969 ], [ -44.914699599999899, -8.81939829999993 ], [ -44.914243199999902, -8.819322199999929 ], [ -44.9138258999999, -8.81905849999993 ], [ -44.9136374, -8.818187399999941 ], [ -44.9131828, -8.818038099999971 ], [ -44.912952899999901, -8.817736 ], [ -44.9135233, -8.81728239999995 ], [ -44.913713599999902, -8.81694119999997 ], [ -44.9135236, -8.816716 ], [ -44.912879099999898, -8.81645219999996 ], [ -44.9129923, -8.81558389999998 ], [ -44.9126717, -8.815017 ], [ -44.912253399999898, -8.81509179999995 ], [ -44.9121014, -8.815468799999961 ], [ -44.911646, -8.815204199999931 ], [ -44.9116462, -8.814753 ], [ -44.9114192, -8.81425889999997 ], [ -44.910812, -8.81395859999998 ], [ -44.910624, -8.81357979999996 ], [ -44.9113432, -8.813469199999931 ], [ -44.9115707, -8.813277199999961 ], [ -44.91157, -8.812825099999939 ], [ -44.9107734, -8.81150349999996 ], [ -44.909978099999897, -8.811012 ], [ -44.9095793, -8.81029489999997 ], [ -44.9093129, -8.808743899999969 ], [ -44.9086321, -8.808255 ], [ -44.9079482, -8.80859519999996 ], [ -44.9077191, -8.808443199999941 ], [ -44.9075306, -8.807422899999951 ], [ -44.907227, -8.80731029999993 ], [ -44.9069241, -8.807462 ], [ -44.9065065, -8.80810149999996 ], [ -44.90628, -8.808140799999929 ], [ -44.906089199999897, -8.80795219999993 ], [ -44.9064308, -8.806743599999949 ], [ -44.9060891, -8.806329 ], [ -44.905558299999903, -8.806138499999969 ], [ -44.9053875, -8.805836899999971 ], [ -44.9056156, -8.804439799999949 ], [ -44.905009499999899, -8.80379729999993 ], [ -44.9049717, -8.80315409999997 ], [ -44.9051618, -8.80300229999995 ], [ -44.905881899999898, -8.80304269999993 ], [ -44.906185799999903, -8.802513 ], [ -44.9061842999999, -8.80198409999997 ], [ -44.905995399999902, -8.801531199999941 ], [ -44.9056538, -8.80122819999997 ], [ -44.905654899999902, -8.800701099999969 ], [ -44.903849099999903, -8.79838089999993 ], [ -44.9037344, -8.79784669999998 ], [ -44.903331299999898, -8.795969 ], [ -44.9033246, -8.79593749999998 ], [ -44.9040424, -8.79481029999994 ], [ -44.903892, -8.793937399999949 ], [ -44.904803699999903, -8.792693299999939 ], [ -44.9049568, -8.79208769999997 ], [ -44.904877999999897, -8.791447099999971 ], [ -44.904366599999904, -8.790576299999939 ], [ -44.904216, -8.78993579999997 ], [ -44.9044066, -8.788689599999939 ], [ -44.904899199999903, -8.787254099999929 ], [ -44.904368799999901, -8.786271299999949 ], [ -44.9040279, -8.786122899999951 ], [ -44.9027369, -8.786158299999951 ], [ -44.9011816, -8.785515499999971 ], [ -44.9005361, -8.785515299999931 ], [ -44.8992663, -8.784428199999979 ], [ -44.8981271, -8.784466299999959 ], [ -44.8979381, -8.784239299999969 ], [ -44.898090099999898, -8.78401329999997 ], [ -44.898468299999898, -8.783938399999951 ], [ -44.898354099999899, -8.78333269999996 ], [ -44.8970662, -8.78250239999994 ], [ -44.8969892, -8.78193689999995 ], [ -44.8974459, -8.78137159999994 ], [ -44.898128799999903, -8.78110549999997 ], [ -44.8985082, -8.780616099999969 ], [ -44.8986975, -8.78004979999997 ], [ -44.8987087, -8.779446099999969 ], [ -44.899076599999901, -8.778056799999939 ], [ -44.8987083, -8.777764 ], [ -44.8986353, -8.776885 ], [ -44.8989069, -8.77604269999995 ], [ -44.898709499999903, -8.775715599999961 ], [ -44.898562899999902, -8.774763299999959 ], [ -44.898930699999902, -8.77359289999993 ], [ -44.8996658, -8.772056799999969 ], [ -44.8993373, -8.771032399999971 ], [ -44.898087099999898, -8.77044609999996 ], [ -44.8969106, -8.770373399999929 ], [ -44.8955139, -8.76927439999997 ], [ -44.894706, -8.76744619999994 ], [ -44.8940815999999, -8.764883499999939 ], [ -44.894560899999902, -8.75950549999993 ], [ -44.894011299999903, -8.758043399999959 ], [ -44.892012, -8.75463959999996 ], [ -44.889216599999898, -8.749150699999969 ], [ -44.8881888, -8.74750309999996 ], [ -44.8868856, -8.743553199999949 ], [ -44.886741099999902, -8.741027899999949 ], [ -44.8871816, -8.73722389999995 ], [ -44.8870904999999, -8.73415059999996 ], [ -44.886766099999903, -8.731916699999941 ], [ -44.8868715999999, -8.72979759999993 ], [ -44.8863777, -8.72430809999997 ], [ -44.8860455, -8.72343009999997 ], [ -44.8860832, -8.72215 ], [ -44.8857171, -8.72057719999998 ], [ -44.8853501, -8.71655219999997 ], [ -44.8860677, -8.713076299999949 ], [ -44.8855918, -8.70773379999997 ], [ -44.8859239, -8.70630789999996 ], [ -44.8859232, -8.704917899999939 ], [ -44.885462, -8.704076199999969 ], [ -44.8846571999999, -8.70125839999997 ], [ -44.8846214, -8.696318499999959 ], [ -44.8843102, -8.69416809999996 ], [ -44.885305199999898, -8.686194799999949 ], [ -44.885161099999898, -8.68334169999997 ], [ -44.8847739, -8.68147539999995 ], [ -44.8840393, -8.67950169999995 ], [ -44.8837103, -8.677818099999969 ], [ -44.8837095, -8.67617089999993 ], [ -44.8840774, -8.674124 ], [ -44.886044399999903, -8.669405499999931 ], [ -44.886227899999902, -8.66754019999996 ], [ -44.885716, -8.663845 ], [ -44.884358, -8.661978199999959 ], [ -44.8841557, -8.66110069999996 ], [ -44.8848169, -8.660370299999951 ], [ -44.8883071, -8.657482199999951 ], [ -44.8897036, -8.65521389999998 ], [ -44.8894466, -8.65396969999995 ], [ -44.8877386, -8.65083159999995 ], [ -44.8870061, -8.647979899999941 ], [ -44.887007, -8.645017699999929 ], [ -44.887447, -8.642420499999959 ], [ -44.887283, -8.64067379999995 ], [ -44.885375699999898, -8.63398009999997 ], [ -44.8850681, -8.62516679999993 ], [ -44.8844447, -8.621108199999981 ], [ -44.883545899999902, -8.617084199999971 ], [ -44.883398699999901, -8.61584179999994 ], [ -44.8834368, -8.614489299999949 ], [ -44.8843019, -8.606884399999959 ], [ -44.884264599999902, -8.60556769999994 ], [ -44.8838622, -8.60454439999995 ], [ -44.881402299999898, -8.60209279999998 ], [ -44.8812196, -8.599573 ], [ -44.880870699999903, -8.59832679999994 ], [ -44.87878, -8.59616789999995 ], [ -44.878229299999902, -8.594925 ], [ -44.8778639, -8.593572 ], [ -44.877972999999898, -8.59251159999997 ], [ -44.8778814, -8.589110499999951 ], [ -44.8787632, -8.587136399999959 ], [ -44.8790213, -8.586040099999931 ], [ -44.8793524, -8.58534579999997 ], [ -44.878656099999901, -8.581469599999931 ], [ -44.8790779, -8.579348099999949 ], [ -44.8792251, -8.57704419999993 ], [ -44.877722499999898, -8.57295 ], [ -44.8766583, -8.57163349999996 ], [ -44.876218499999901, -8.57046019999996 ], [ -44.8763474, -8.569218899999949 ], [ -44.876273099999899, -8.56830509999998 ], [ -44.875135199999903, -8.566915399999971 ], [ -44.8745127, -8.56570929999998 ], [ -44.8741454, -8.564246499999969 ], [ -44.8740379, -8.562782599999929 ], [ -44.874365899999901, -8.561759399999969 ], [ -44.875247499999901, -8.560918799999969 ], [ -44.8755242, -8.560333899999931 ], [ -44.8754152, -8.55938269999996 ], [ -44.8750102, -8.55854169999998 ], [ -44.8748274, -8.557261799999941 ], [ -44.8762588, -8.554409 ], [ -44.876479699999898, -8.55353249999996 ], [ -44.8762073, -8.549738699999979 ], [ -44.875801599999903, -8.548961 ], [ -44.87573, -8.54812049999992 ], [ -44.8758773, -8.54720659999998 ], [ -44.8758033, -8.545634499999951 ], [ -44.8753262, -8.544463 ], [ -44.875143599999902, -8.54347709999996 ], [ -44.877843299999903, -8.53773709999996 ], [ -44.8777837, -8.53680939999998 ], [ -44.8777686, -8.536567 ], [ -44.8771462, -8.535543099999931 ], [ -44.8773684, -8.535031099999969 ], [ -44.876891999999899, -8.53269029999996 ], [ -44.876029199999898, -8.531007 ], [ -44.8753695, -8.53097119999995 ], [ -44.8747804, -8.530531399999971 ], [ -44.8747802, -8.529363 ], [ -44.8745243, -8.528666499999931 ], [ -44.873092799999903, -8.52709509999994 ], [ -44.871844399999901, -8.526071 ], [ -44.8707266, -8.525740399999959 ], [ -44.8704681, -8.52625339999997 ], [ -44.8696619, -8.525814 ], [ -44.8685235, -8.52482549999996 ], [ -44.868318799999898, -8.52441789999995 ], [ -44.8684514, -8.523509799999941 ], [ -44.8683775, -8.523217799999941 ], [ -44.8679741, -8.523142299999961 ], [ -44.8673501, -8.523363699999949 ], [ -44.8661751, -8.52303349999994 ], [ -44.8659557, -8.52259609999993 ], [ -44.8658202, -8.521804199999959 ], [ -44.866342, -8.52069349999994 ], [ -44.866708699999897, -8.51941579999993 ], [ -44.866636899999897, -8.518352 ], [ -44.8660858, -8.517805099999981 ], [ -44.8657933, -8.517767 ], [ -44.8654612, -8.51827919999994 ], [ -44.864618, -8.518243499999929 ], [ -44.8646203, -8.51773169999996 ], [ -44.8649114, -8.517145399999951 ], [ -44.864655899999903, -8.516964399999949 ], [ -44.863590299999899, -8.51699949999994 ], [ -44.8634066, -8.51681569999994 ], [ -44.8634071, -8.51637889999995 ], [ -44.8638472, -8.51586749999996 ], [ -44.8638493999999, -8.51528149999996 ], [ -44.8634620999999, -8.51498849999996 ], [ -44.862948699999897, -8.514806 ], [ -44.8616646, -8.515425499999941 ], [ -44.8609657, -8.515133299999951 ], [ -44.861259, -8.51293919999995 ], [ -44.860417, -8.512281799999929 ], [ -44.860233999999899, -8.511842599999969 ], [ -44.860465, -8.51069569999993 ], [ -44.8600613, -8.51044339999993 ], [ -44.8590445, -8.510526899999951 ], [ -44.858359999999898, -8.510123399999941 ], [ -44.856397199999897, -8.50976429999997 ], [ -44.855518199999899, -8.509479499999941 ], [ -44.8554809, -8.50883549999998 ], [ -44.8548731, -8.50887229999995 ], [ -44.8546451, -8.50875979999995 ], [ -44.8547204, -8.508040699999979 ], [ -44.8543025, -8.507548699999971 ], [ -44.854416899999897, -8.506790299999979 ], [ -44.853448399999898, -8.506336399999951 ], [ -44.8530686, -8.505502299999931 ], [ -44.8531439, -8.50482249999993 ], [ -44.8529549, -8.50451979999997 ], [ -44.852537, -8.50433049999998 ], [ -44.8528413, -8.50368549999996 ], [ -44.8533346, -8.503269099999949 ], [ -44.8526904, -8.50292909999996 ], [ -44.851400399999903, -8.50292769999993 ], [ -44.851549299999903, -8.502171 ], [ -44.850675399999901, -8.50167819999996 ], [ -44.850238299999901, -8.500959799999981 ], [ -44.8506179, -8.49997619999994 ], [ -44.849516, -8.50020249999994 ], [ -44.848531099999903, -8.499407 ], [ -44.8483775999999, -8.49906409999994 ], [ -44.8486447, -8.49887639999997 ], [ -44.8491379, -8.49883969999996 ], [ -44.849326899999902, -8.49857519999995 ], [ -44.8488717, -8.49811979999993 ], [ -44.8491769, -8.497778499999979 ], [ -44.849518499999903, -8.497665 ], [ -44.8486455, -8.49758929999996 ], [ -44.8478469, -8.49728679999993 ], [ -44.847409, -8.49671839999996 ], [ -44.847373499999897, -8.496301299999971 ], [ -44.8478277, -8.49588579999994 ], [ -44.8488161, -8.49543169999993 ], [ -44.849233899999902, -8.494825099999961 ], [ -44.849272, -8.49406949999997 ], [ -44.8491592, -8.49327459999995 ], [ -44.848172599999899, -8.492629099999929 ], [ -44.8479436, -8.49160819999997 ], [ -44.8477154999999, -8.491532399999929 ], [ -44.8474874999999, -8.49103939999998 ], [ -44.8477908, -8.490169299999931 ], [ -44.847431, -8.48948659999996 ], [ -44.8474318, -8.488805099999979 ], [ -44.847774199999897, -8.48774569999995 ], [ -44.848687, -8.486194799999961 ], [ -44.848574299999903, -8.48600549999998 ], [ -44.8477738999999, -8.48562609999993 ], [ -44.847927399999897, -8.485209899999971 ], [ -44.8488022, -8.48483089999996 ], [ -44.849333499999901, -8.484150899999969 ], [ -44.8494861, -8.48358189999993 ], [ -44.8493334, -8.483203199999931 ], [ -44.8483277999999, -8.483128099999931 ], [ -44.847603799999902, -8.48335429999997 ], [ -44.8465037, -8.483392199999971 ], [ -44.8460476, -8.483203 ], [ -44.845021099999897, -8.483125599999941 ], [ -44.8442243, -8.48263289999994 ], [ -44.844376, -8.48221749999993 ], [ -44.845554999999898, -8.48138559999995 ], [ -44.8457811, -8.48085579999997 ], [ -44.8457829, -8.480437799999949 ], [ -44.8455167, -8.48006009999995 ], [ -44.8450615, -8.47987089999998 ], [ -44.8446817, -8.47918949999996 ], [ -44.8439458, -8.478850899999941 ], [ -44.8437496, -8.47865879999995 ], [ -44.8432031, -8.47856929999995 ], [ -44.842686699999902, -8.47816609999995 ], [ -44.842231399999903, -8.47699259999996 ], [ -44.8420796, -8.47612179999993 ], [ -44.841204699999899, -8.475175299999931 ], [ -44.8403686999999, -8.47347049999996 ], [ -44.840674799999903, -8.47301669999996 ], [ -44.8410163, -8.472866599999969 ], [ -44.8412071, -8.47259939999998 ], [ -44.8412243, -8.472297899999941 ], [ -44.8408836, -8.472032799999971 ], [ -44.840808099999897, -8.47157819999995 ], [ -44.8414548, -8.470631199999961 ], [ -44.8414538, -8.469722799999939 ], [ -44.8408468, -8.46839759999995 ], [ -44.841150899999903, -8.467377499999939 ], [ -44.8409619, -8.467074799999979 ], [ -44.8404677, -8.466921299999971 ], [ -44.840088, -8.46654189999998 ], [ -44.8398981, -8.46612569999996 ], [ -44.8403549, -8.465483399999931 ], [ -44.8400695999999, -8.465028399999939 ], [ -44.8393465, -8.465066099999939 ], [ -44.838778799999901, -8.465557599999951 ], [ -44.8382721, -8.465629 ], [ -44.838093, -8.46552029999998 ], [ -44.838057499999898, -8.46487639999998 ], [ -44.8393854, -8.464083599999981 ], [ -44.8394625, -8.463666499999929 ], [ -44.8393862, -8.463286899999961 ], [ -44.839159, -8.463097699999929 ], [ -44.838664, -8.46298349999995 ], [ -44.838246899999902, -8.462681799999929 ], [ -44.8380579, -8.461847699999961 ], [ -44.8375255, -8.46131729999996 ], [ -44.8374118999999, -8.460823399999979 ], [ -44.8380759, -8.46059849999995 ], [ -44.838836199999903, -8.46078759999995 ], [ -44.8393303, -8.460599 ], [ -44.8394066, -8.460409599999929 ], [ -44.8378503, -8.459007 ], [ -44.837603999999899, -8.458326099999971 ], [ -44.8376593999999, -8.457719099999959 ], [ -44.838458499999902, -8.456587199999939 ], [ -44.8384584, -8.456055699999981 ], [ -44.8380405, -8.455943299999941 ], [ -44.837545599999899, -8.45616679999995 ], [ -44.8373194, -8.456584899999941 ], [ -44.8366154, -8.456507899999959 ], [ -44.836541699999898, -8.45403569999996 ], [ -44.835364, -8.452683 ], [ -44.8352512, -8.45234369999997 ], [ -44.835364599999899, -8.451322699999929 ], [ -44.835211899999898, -8.45071629999995 ], [ -44.834832999999897, -8.450149299999961 ], [ -44.8347957, -8.44965629999996 ], [ -44.8351362, -8.449315 ], [ -44.835174299999899, -8.448822799999959 ], [ -44.8343586, -8.44855739999997 ], [ -44.8344728, -8.447800899999949 ], [ -44.835005099999897, -8.447422899999941 ], [ -44.8353465, -8.446892199999979 ], [ -44.8347014, -8.44587069999994 ], [ -44.835119, -8.444847799999931 ], [ -44.8350435, -8.44435659999994 ], [ -44.834627399999903, -8.443863799999971 ], [ -44.833221299999899, -8.44359729999996 ], [ -44.833221099999903, -8.443068499999979 ], [ -44.8336007, -8.44276649999995 ], [ -44.8342656, -8.442577299999931 ], [ -44.8343417, -8.44170639999993 ], [ -44.8346079, -8.44147769999995 ], [ -44.835785799999897, -8.440949299999939 ], [ -44.8354442, -8.440608299999949 ], [ -44.8344188, -8.440758799999969 ], [ -44.8341162, -8.44045619999997 ], [ -44.834266899999903, -8.439774599999961 ], [ -44.8355212, -8.43935959999993 ], [ -44.8356737, -8.43905679999995 ], [ -44.834573599999899, -8.43879289999995 ], [ -44.834457299999897, -8.43848839999993 ], [ -44.8346299, -8.438146699999949 ], [ -44.8353129, -8.437958799999929 ], [ -44.835505399999903, -8.43761759999995 ], [ -44.835389899999903, -8.43735229999993 ], [ -44.834932099999897, -8.437239 ], [ -44.8336787, -8.43742719999995 ], [ -44.833070899999903, -8.436934399999929 ], [ -44.8325022, -8.436176399999971 ], [ -44.831362199999901, -8.436290299999939 ], [ -44.830678099999901, -8.435836799999951 ], [ -44.830411899999902, -8.435533299999969 ], [ -44.8309068, -8.43477659999996 ], [ -44.8305842, -8.43375359999993 ], [ -44.831116199999897, -8.432997799999949 ], [ -44.8310026, -8.432544099999969 ], [ -44.8307364, -8.432429 ], [ -44.8300144, -8.432618599999961 ], [ -44.8294066999999, -8.43258049999997 ], [ -44.8292541, -8.432352799999929 ], [ -44.829331099999898, -8.431596299999971 ], [ -44.8289417, -8.43166049999996 ], [ -44.828495599999897, -8.43204949999995 ], [ -44.8280399, -8.43337509999998 ], [ -44.8276956999999, -8.43360119999994 ], [ -44.827355, -8.433527199999959 ], [ -44.827127899999901, -8.43318519999997 ], [ -44.8273356999999, -8.43250319999993 ], [ -44.8278316, -8.43204669999994 ], [ -44.828286299999903, -8.430308399999941 ], [ -44.8290082, -8.429703399999941 ], [ -44.8286691, -8.42830129999993 ], [ -44.829085899999903, -8.42792419999995 ], [ -44.829161199999902, -8.427507099999961 ], [ -44.8287443, -8.42735539999995 ], [ -44.8285926, -8.42754489999993 ], [ -44.827717999999898, -8.42777029999996 ], [ -44.8274527, -8.427582 ], [ -44.8274526, -8.427128299999939 ], [ -44.8277196, -8.426787 ], [ -44.827571299999903, -8.426605799999949 ], [ -44.72769, -8.53211089999996 ], [ -44.516650599999899, -8.66559709999996 ], [ -44.5046392, -8.67319219999996 ], [ -44.5044601, -8.673305499999969 ], [ -44.5027276, -8.674401 ], [ -44.473007499999902, -8.693167 ], [ -44.435606999999898, -8.716782399999939 ], [ -44.434276, -8.717622899999981 ], [ -44.355932799999898, -8.76709049999994 ], [ -44.3049715, -8.79926859999995 ], [ -44.332071799999902, -8.816916799999939 ], [ -44.3455054, -8.81935549999997 ], [ -44.3538904, -8.832833299999949 ], [ -44.3415869, -8.86008529999998 ] ] ] ] } },
{ "type": "Feature", "properties": { "CD_MUN": "2202901", "NM_MUN": "Corrente", "CD_RGI": "220015", "NM_RGI": "Corrente", "CD_RGINT": "2205", "NM_RGINT": "Corrente - Bom Jesus", "CD_UF": "22", "NM_UF": "Piauí", "SIGLA_UF": "PI", "CD_REGIAO": "2", "NM_REGIAO": "Nordeste", "SIGLA_RG": "NE", "CD_CONCURB": null, "NM_CONCURB": null, "AREA_KM2": 3048.746 }, "geometry": { "type": "MultiPolygon", "coordinates": [ [ [ [ -44.8142281, -10.4398947 ], [ -44.814016, -10.440414 ], [ -44.813423, -10.440966999999899 ], [ -44.812202, -10.441763 ], [ -44.811503, -10.442109 ], [ -44.811275, -10.442257 ], [ -44.811211, -10.442467 ], [ -44.811357, -10.442788 ], [ -44.811644999999899, -10.443235 ], [ -44.811662, -10.443534999999899 ], [ -44.811477, -10.443653 ], [ -44.811151, -10.443686 ], [ -44.810811999999899, -10.443235 ], [ -44.810465, -10.44329 ], [ -44.810161, -10.443433 ], [ -44.809989, -10.443708 ], [ -44.809895, -10.444281 ], [ -44.809821999999897, -10.445032 ], [ -44.809986, -10.445944 ], [ -44.810278, -10.446678 ], [ -44.811066, -10.448144 ], [ -44.811616, -10.448878 ], [ -44.812160999999897, -10.449511 ], [ -44.8125, -10.449663 ], [ -44.8138, -10.449886 ], [ -44.814186, -10.44991 ], [ -44.814391999999899, -10.449888999999899 ], [ -44.814521, -10.449712 ], [ -44.814799999999899, -10.449281 ], [ -44.8151, -10.44902 ], [ -44.815504, -10.448691 ], [ -44.81571, -10.448428 ], [ -44.815864, -10.448267999999899 ], [ -44.816242, -10.448171 ], [ -44.816611, -10.448276 ], [ -44.817608, -10.448853 ], [ -44.817831, -10.448891 ], [ -44.818028, -10.448862 ], [ -44.818166, -10.448908 ], [ -44.818286, -10.449047 ], [ -44.81835, -10.449288 ], [ -44.818328999999899, -10.449503 ], [ -44.818379999999898, -10.449752 ], [ -44.818547, -10.449933 ], [ -44.818844, -10.44992 ], [ -44.819183, -10.449793999999899 ], [ -44.81947, -10.44967 ], [ -44.819702, -10.449691 ], [ -44.820177999999899, -10.44983 ], [ -44.820462, -10.449817 ], [ -44.820753, -10.449733 ], [ -44.821015, -10.44953 ], [ -44.821539, -10.448856 ], [ -44.821908, -10.448417 ], [ -44.822216, -10.44824 ], [ -44.822512, -10.448159 ], [ -44.822915, -10.447893 ], [ -44.823189, -10.44761 ], [ -44.8236, -10.447517999999899 ], [ -44.8239088, -10.4476966 ], [ -44.824320999999898, -10.447935 ], [ -44.824818, -10.448269 ], [ -44.825012, -10.448509 ], [ -44.825085, -10.4488 ], [ -44.824815, -10.449275 ], [ -44.824635, -10.449895 ], [ -44.824523, -10.450321 ], [ -44.824515, -10.450608 ], [ -44.824609, -10.450759999999899 ], [ -44.824883999999898, -10.450705 ], [ -44.825386, -10.45014 ], [ -44.825884, -10.449402 ], [ -44.826201, -10.448879 ], [ -44.826298, -10.448479 ], [ -44.826456999999898, -10.448361 ], [ -44.826792, -10.44823 ], [ -44.827444, -10.448302 ], [ -44.827882, -10.448546 ], [ -44.828082, -10.448664 ], [ -44.828283999999897, -10.448769 ], [ -44.828584, -10.449267 ], [ -44.828876, -10.44979 ], [ -44.829348, -10.450305 ], [ -44.829588999999899, -10.450494 ], [ -44.829994, -10.450653 ], [ -44.830166, -10.450897999999899 ], [ -44.830209, -10.451286 ], [ -44.830123, -10.452151 ], [ -44.830191, -10.452872 ], [ -44.830418, -10.45391 ], [ -44.830525, -10.454243 ], [ -44.830877, -10.454804 ], [ -44.831002, -10.455091 ], [ -44.830997, -10.455568 ], [ -44.830774, -10.456129 ], [ -44.830111, -10.457982 ], [ -44.829878999999899, -10.458539 ], [ -44.829939, -10.458826 ], [ -44.830111, -10.459349 ], [ -44.830446, -10.459821 ], [ -44.83071, -10.460477 ], [ -44.830907, -10.461253 ], [ -44.831006, -10.461603 ], [ -44.831109, -10.461822 ], [ -44.831117, -10.461979 ], [ -44.831083, -10.462122 ], [ -44.830537999999898, -10.46248 ], [ -44.830212, -10.462708 ], [ -44.829755, -10.463103 ], [ -44.829459, -10.463542 ], [ -44.829291, -10.463968 ], [ -44.829253, -10.464617 ], [ -44.829321, -10.464988 ], [ -44.829631, -10.465445 ], [ -44.830189, -10.466065 ], [ -44.830614, -10.466322 ], [ -44.832073, -10.466921 ], [ -44.833486999999899, -10.467471 ], [ -44.834178, -10.467792 ], [ -44.834736, -10.468091 ], [ -44.834929, -10.468315 ], [ -44.834989, -10.468517 ], [ -44.834955, -10.468817 ], [ -44.835104999999899, -10.469424 ], [ -44.835267, -10.470146 ], [ -44.835383, -10.470766 ], [ -44.835482, -10.47112 ], [ -44.835838, -10.471639 ], [ -44.83616, -10.471998 ], [ -44.836455999999899, -10.472284 ], [ -44.836628, -10.472364 ], [ -44.836906999999897, -10.472255 ], [ -44.837632, -10.471618 ], [ -44.838279999999898, -10.470876 ], [ -44.838724, -10.470498 ], [ -44.838986, -10.470338 ], [ -44.839213, -10.470313 ], [ -44.839411, -10.470161 ], [ -44.839595, -10.469971 ], [ -44.839793, -10.469802 ], [ -44.839973, -10.469777 ], [ -44.840248, -10.469828 ], [ -44.840561, -10.470026 ], [ -44.841218, -10.470178 ], [ -44.841701999999898, -10.470266 ], [ -44.842549, -10.470172 ], [ -44.84345, -10.46997 ], [ -44.844072, -10.470025 ], [ -44.844400999999898, -10.470182 ], [ -44.845199, -10.470857 ], [ -44.845641, -10.471313 ], [ -44.845847, -10.47165 ], [ -44.845997, -10.47195 ], [ -44.846203, -10.472182 ], [ -44.846516, -10.47246 ], [ -44.846963, -10.472582 ], [ -44.847349, -10.472773 ], [ -44.847641, -10.473021 ], [ -44.847803999999897, -10.473253 ], [ -44.848044, -10.473325 ], [ -44.848285, -10.473363 ], [ -44.848408999999897, -10.47349 ], [ -44.848439, -10.473616 ], [ -44.848391999999897, -10.473848 ], [ -44.848147, -10.473932 ], [ -44.847933, -10.473953 ], [ -44.847722, -10.474055 ], [ -44.847662, -10.474194 ], [ -44.847718, -10.474476 ], [ -44.848014, -10.474805 ], [ -44.848285, -10.474902 ], [ -44.848970999999899, -10.474877 ], [ -44.84913, -10.474864 ], [ -44.849437, -10.475018 ], [ -44.849673, -10.475326 ], [ -44.84969, -10.475532 ], [ -44.849523, -10.475864999999899 ], [ -44.849063999999899, -10.476313 ], [ -44.848689, -10.476792 ], [ -44.848487, -10.477395 ], [ -44.84844, -10.478277 ], [ -44.848491, -10.479356 ], [ -44.848790999999899, -10.48065 ], [ -44.848757, -10.481021 ], [ -44.848711, -10.481202999999899 ], [ -44.84835, -10.481464 ], [ -44.847741, -10.481591 ], [ -44.847375999999898, -10.481751 ], [ -44.847169999999899, -10.482017 ], [ -44.847062999999899, -10.482308 ], [ -44.847075, -10.482662 ], [ -44.847183, -10.482999999999899 ], [ -44.847445, -10.483173 ], [ -44.847558, -10.4833 ], [ -44.847571, -10.483590999999899 ], [ -44.847369, -10.484079999999899 ], [ -44.847112, -10.484232 ], [ -44.846674, -10.484422 ], [ -44.846198, -10.484949 ], [ -44.846024, -10.485226 ], [ -44.846027999999897, -10.485344999999899 ], [ -44.846286, -10.485872 ], [ -44.846483, -10.486205 ], [ -44.846874, -10.486576 ], [ -44.846991, -10.486777 ], [ -44.847085, -10.48714 ], [ -44.846982, -10.487536 ], [ -44.846792999999899, -10.487861 ], [ -44.846527, -10.487984 ], [ -44.846064, -10.487979 ], [ -44.845828, -10.488127 ], [ -44.845296, -10.488709 ], [ -44.845142, -10.489404 ], [ -44.845043, -10.489602 ], [ -44.844752, -10.489965 ], [ -44.844541, -10.490433 ], [ -44.844365, -10.490635 ], [ -44.844287999999899, -10.490825 ], [ -44.844395, -10.491125 ], [ -44.844789999999897, -10.491375 ], [ -44.8457, -10.491885 ], [ -44.846146, -10.492122 ], [ -44.846429999999899, -10.492282 ], [ -44.846657, -10.492543 ], [ -44.846842, -10.492881 ], [ -44.846936, -10.493193 ], [ -44.847039, -10.493615 ], [ -44.847208, -10.493894 ], [ -44.847226, -10.494185 ], [ -44.847294, -10.49451 ], [ -44.847402, -10.494665999999899 ], [ -44.847645999999898, -10.494653 ], [ -44.847968, -10.494539 ], [ -44.848166, -10.494514 ], [ -44.848384, -10.494601999999899 ], [ -44.84856, -10.494805 ], [ -44.848745, -10.495092 ], [ -44.849007, -10.49529 ], [ -44.849263999999899, -10.495324 ], [ -44.849818, -10.495257 ], [ -44.850449, -10.495219 ], [ -44.850929, -10.495299 ], [ -44.851788, -10.495611 ], [ -44.852216999999897, -10.495889 ], [ -44.852443999999899, -10.496623 ], [ -44.852295, -10.496917 ], [ -44.851784, -10.497473 ], [ -44.85172, -10.497708999999899 ], [ -44.851793, -10.498064 ], [ -44.851753, -10.498286 ], [ -44.851881999999897, -10.498429 ], [ -44.852139, -10.498552 ], [ -44.85241, -10.498653 ], [ -44.85262, -10.498821 ], [ -44.85265, -10.499003 ], [ -44.852719, -10.499294 ], [ -44.852852, -10.499419999999899 ], [ -44.852958999999899, -10.499302 ], [ -44.853058, -10.499032 ], [ -44.853161, -10.498944 ], [ -44.85335, -10.498999 ], [ -44.853411999999899, -10.499266 ], [ -44.853438, -10.499552999999899 ], [ -44.853532, -10.499852 ], [ -44.853614, -10.500173 ], [ -44.854019999999899, -10.500301 ], [ -44.854397999999897, -10.500154 ], [ -44.854952, -10.49996 ], [ -44.855355, -10.499943 ], [ -44.855728, -10.500057 ], [ -44.85599, -10.500048 ], [ -44.856205, -10.500019 ], [ -44.856389, -10.500162 ], [ -44.856505, -10.500453 ], [ -44.856707, -10.50079 ], [ -44.85693, -10.501128 ], [ -44.857162, -10.501368 ], [ -44.857333, -10.501406 ], [ -44.857504999999897, -10.50125 ], [ -44.857754999999898, -10.50065 ], [ -44.858244, -10.500123 ], [ -44.858596, -10.499938 ], [ -44.859188, -10.500093999999899 ], [ -44.85936, -10.500237 ], [ -44.85939, -10.50052 ], [ -44.8605759, -10.5018155 ], [ -44.8624545, -10.501734 ], [ -44.8652169, -10.5028257 ], [ -44.867297, -10.503071 ], [ -44.867885999999899, -10.503475 ], [ -44.868414, -10.503715 ], [ -44.868878, -10.504078 ], [ -44.86916, -10.504463 ], [ -44.869409, -10.504922 ], [ -44.870057, -10.505382 ], [ -44.87052, -10.505728 ], [ -44.870995999999899, -10.505799 ], [ -44.871553999999897, -10.505572 ], [ -44.872005, -10.505416 ], [ -44.872543999999898, -10.505461 ], [ -44.873149, -10.505453 ], [ -44.873415, -10.505331 ], [ -44.873702, -10.505217 ], [ -44.874097, -10.505322 ], [ -44.874436, -10.505617 ], [ -44.874749, -10.505778 ], [ -44.875037, -10.505735 ], [ -44.875315999999899, -10.505617 ], [ -44.875735, -10.505581 ], [ -44.876143, -10.505809 ], [ -44.876521, -10.506226 ], [ -44.877014, -10.506745 ], [ -44.877023, -10.50704 ], [ -44.876967, -10.507225 ], [ -44.876855, -10.507419 ], [ -44.876941, -10.507605 ], [ -44.877142999999897, -10.507681 ], [ -44.877431, -10.507563 ], [ -44.87774, -10.507301 ], [ -44.878087, -10.507023 ], [ -44.878289, -10.506972 ], [ -44.878619, -10.507027 ], [ -44.879258999999898, -10.507086 ], [ -44.879657, -10.507003 ], [ -44.879863, -10.506834 ], [ -44.879888999999899, -10.506623 ], [ -44.880021999999897, -10.506442 ], [ -44.880291999999898, -10.506358 ], [ -44.880532, -10.506362 ], [ -44.880794, -10.506466999999899 ], [ -44.881172, -10.50653 ], [ -44.881515, -10.506438 ], [ -44.882031, -10.506414999999899 ], [ -44.882194, -10.506225 ], [ -44.882237, -10.505976 ], [ -44.88225, -10.50566 ], [ -44.882387, -10.505508 ], [ -44.882658, -10.505415 ], [ -44.882898, -10.505469999999899 ], [ -44.883168, -10.505752 ], [ -44.88325, -10.506069 ], [ -44.883197, -10.506547 ], [ -44.882973999999898, -10.506943 ], [ -44.882793999999897, -10.507314 ], [ -44.882764, -10.507888 ], [ -44.882990999999897, -10.508293 ], [ -44.883485, -10.508879 ], [ -44.884115999999899, -10.509115 ], [ -44.884771999999899, -10.509107 ], [ -44.885086, -10.508937999999899 ], [ -44.885463, -10.508495 ], [ -44.885841, -10.507698 ], [ -44.886231, -10.506841999999899 ], [ -44.886508999999897, -10.506432 ], [ -44.886655, -10.50601 ], [ -44.886775, -10.505791 ], [ -44.887029, -10.505643 ], [ -44.887277, -10.50561 ], [ -44.887848, -10.505846 ], [ -44.888097, -10.506154 ], [ -44.888204, -10.506482 ], [ -44.888376, -10.506639 ], [ -44.888582, -10.506634 ], [ -44.888797, -10.506668 ], [ -44.889097, -10.506862 ], [ -44.889329, -10.507153 ], [ -44.889556, -10.507507 ], [ -44.88955, -10.507735 ], [ -44.889382, -10.508144 ], [ -44.889267, -10.508452 ], [ -44.889300999999897, -10.508638 ], [ -44.889468, -10.508743 ], [ -44.889859, -10.508861 ], [ -44.890249, -10.508882 ], [ -44.890557999999899, -10.509008999999899 ], [ -44.890885, -10.509296 ], [ -44.891048, -10.509624 ], [ -44.891168, -10.509852 ], [ -44.89152, -10.510055 ], [ -44.8956843, -10.5160453999999 ], [ -44.9362996, -10.5744702 ], [ -44.936414399999897, -10.574637 ], [ -44.9369819, -10.5754535999999 ], [ -44.9370385, -10.5755351 ], [ -44.9651185, -10.6159438999999 ], [ -45.028881399999896, -10.6152551 ], [ -45.023918599999902, -10.6550427 ], [ -45.1113391, -10.6209560999999 ], [ -45.162137899999898, -10.6011258 ], [ -45.1623112, -10.6010582 ], [ -45.162804, -10.6008656999999 ], [ -45.191131799999901, -10.589802099999901 ], [ -45.208662699999898, -10.5924942 ], [ -45.208768399999897, -10.5925104 ], [ -45.212012, -10.5930084999999 ], [ -45.2757003, -10.6027796999999 ], [ -45.3044024, -10.6071832 ], [ -45.3112838, -10.6095551999999 ], [ -45.313032099999901, -10.6101578 ], [ -45.4144512, -10.6451162999999 ], [ -45.416915699999898, -10.6441596 ], [ -45.4188325, -10.6438196 ], [ -45.425356, -10.6388474 ], [ -45.4297971, -10.6340817 ], [ -45.432426, -10.6305551999999 ], [ -45.4358564999999, -10.622727999999899 ], [ -45.4373282, -10.6155663 ], [ -45.436793, -10.5767734999999 ], [ -45.438090799999898, -10.5730507 ], [ -45.440348, -10.5694976 ], [ -45.440998099999902, -10.5686954 ], [ -45.446161199999899, -10.5623236 ], [ -45.447129899999901, -10.5587891 ], [ -45.4473316, -10.5563375999999 ], [ -45.4464991, -10.5519993 ], [ -45.441544, -10.544226799999899 ], [ -45.4403723, -10.5416635 ], [ -45.4387667, -10.5354793999999 ], [ -45.438073, -10.530026099999899 ], [ -45.4380595, -10.527252599999899 ], [ -45.4381779, -10.525524599999899 ], [ -45.4390528, -10.5222931 ], [ -45.4409446, -10.5184768 ], [ -45.4436608, -10.5140933 ], [ -45.446472099999902, -10.5109899 ], [ -45.4474112, -10.5093552 ], [ -45.4472562999999, -10.507423 ], [ -45.4460268999999, -10.50486 ], [ -45.4420595, -10.5009433 ], [ -45.4398583, -10.497607 ], [ -45.4311026, -10.4883838 ], [ -45.4215154, -10.4804225 ], [ -45.4097376, -10.4728448 ], [ -45.4038565, -10.4672428 ], [ -45.4002689, -10.4630743 ], [ -45.398516899999898, -10.459726499999899 ], [ -45.396463, -10.4533867 ], [ -45.3960197, -10.4520185 ], [ -45.395436899999901, -10.4480227 ], [ -45.3959943, -10.4450252 ], [ -45.398632399999897, -10.442472 ], [ -45.4014617, -10.4407358 ], [ -45.403855899999897, -10.438547 ], [ -45.408799, -10.4358963 ], [ -45.4184946, -10.4323304 ], [ -45.420967899999901, -10.430409 ], [ -45.424496599999898, -10.4264901999999 ], [ -45.426744, -10.4206594 ], [ -45.428806, -10.4138573999999 ], [ -45.429931199999899, -10.4039055 ], [ -45.4297718, -10.4009055999999 ], [ -45.429442299999899, -10.3947018 ], [ -45.426709399999901, -10.3778146 ], [ -45.425803, -10.3754587 ], [ -45.4257722, -10.3702837 ], [ -45.426579499999903, -10.366292499999901 ], [ -45.430322499999903, -10.359463 ], [ -45.4396383, -10.3516223 ], [ -45.4484112, -10.345777 ], [ -45.456824299999901, -10.3385708 ], [ -45.4641808, -10.329394 ], [ -45.473266399999901, -10.3153328 ], [ -45.484651799999902, -10.304898 ], [ -45.490691, -10.3010207 ], [ -45.388457699999897, -10.2446542 ], [ -45.340172, -10.224430799999899 ], [ -45.322557199999899, -10.2170497 ], [ -45.2857265, -10.2016164 ], [ -45.1938408, -10.1456234999999 ], [ -45.193742, -10.1455632999999 ], [ -45.1922185, -10.1446349 ], [ -45.1917414, -10.1446005 ], [ -45.1708489, -10.1430937 ], [ -45.1701184, -10.1430430999999 ], [ -45.1700752, -10.143037799999901 ], [ -45.106151, -10.1384186 ], [ -45.0587613, -10.134987599999899 ], [ -45.0340965, -10.1331986 ], [ -45.0232703, -10.1324134 ], [ -45.000751, -10.13078 ], [ -44.9836763, -10.147131199999899 ], [ -44.9431412, -10.1859486 ], [ -44.94303, -10.1860551 ], [ -44.9423542, -10.1867023 ], [ -44.910040099999897, -10.217593 ], [ -44.9097889, -10.2178331 ], [ -44.7943681, -10.3281698 ], [ -44.8314132, -10.3405503 ], [ -44.799579999999899, -10.40615 ], [ -44.799686999999899, -10.406306 ], [ -44.799902, -10.406479 ], [ -44.800194, -10.406436999999899 ], [ -44.800859, -10.406336 ], [ -44.801249, -10.406378 ], [ -44.80149, -10.406618 ], [ -44.801571, -10.406985 ], [ -44.80152, -10.407196 ], [ -44.801288, -10.407508 ], [ -44.801181, -10.407736 ], [ -44.801228, -10.408145 ], [ -44.801468, -10.408449 ], [ -44.80188, -10.408647 ], [ -44.802245, -10.40874 ], [ -44.80263, -10.408775 ], [ -44.802861999999898, -10.408939 ], [ -44.803167, -10.40907 ], [ -44.803471, -10.4091 ], [ -44.803849, -10.40907 ], [ -44.80436, -10.409087 ], [ -44.804815, -10.409289999999899 ], [ -44.805089, -10.409471 ], [ -44.805797, -10.409745 ], [ -44.806075, -10.410024 ], [ -44.806311, -10.410390999999899 ], [ -44.806444, -10.410796 ], [ -44.806586, -10.411061 ], [ -44.806775, -10.411119999999899 ], [ -44.806942, -10.411036 ], [ -44.806959, -10.410871 ], [ -44.806852, -10.410661 ], [ -44.806728, -10.410407 ], [ -44.806745, -10.410175 ], [ -44.806872999999896, -10.409884 ], [ -44.807049, -10.409673 ], [ -44.807302999999898, -10.40964 ], [ -44.807539, -10.409669 ], [ -44.807805, -10.409749 ], [ -44.808058, -10.410032 ], [ -44.808372, -10.410706 ], [ -44.80848, -10.411127 ], [ -44.808385, -10.41157 ], [ -44.808179, -10.412123 ], [ -44.808104, -10.412885 ], [ -44.808083, -10.413770999999899 ], [ -44.808180999999898, -10.414138 ], [ -44.808518, -10.414527 ], [ -44.808578, -10.414767 ], [ -44.808578, -10.415362 ], [ -44.808467, -10.415872 ], [ -44.808247999999899, -10.416233 ], [ -44.807892, -10.416697 ], [ -44.807531, -10.416819 ], [ -44.806959999999897, -10.416975 ], [ -44.806548, -10.417203 ], [ -44.805725, -10.417874 ], [ -44.805295999999899, -10.418296 ], [ -44.805017, -10.418739 ], [ -44.804841, -10.418949999999899 ], [ -44.804311, -10.419199 ], [ -44.803749, -10.419514999999899 ], [ -44.803599, -10.419634 ], [ -44.803166, -10.420249 ], [ -44.802702, -10.420528 ], [ -44.802407, -10.420588 ], [ -44.802016, -10.420559 ], [ -44.801592, -10.42069 ], [ -44.801278, -10.420976 ], [ -44.801102, -10.42139 ], [ -44.80104, -10.42189 ], [ -44.800688, -10.422506 ], [ -44.80013, -10.423308 ], [ -44.800173, -10.423713 ], [ -44.800410999999897, -10.424126999999899 ], [ -44.800875, -10.425067 ], [ -44.801072, -10.425797 ], [ -44.801049, -10.426157 ], [ -44.800851, -10.426857 ], [ -44.80104, -10.427076999999899 ], [ -44.801400999999899, -10.427076999999899 ], [ -44.802053, -10.426722 ], [ -44.802911, -10.426123 ], [ -44.803478, -10.425955 ], [ -44.803924, -10.426081 ], [ -44.804739, -10.427001 ], [ -44.8056308, -10.4283862999999 ], [ -44.80589, -10.428789 ], [ -44.806064499999898, -10.4288577 ], [ -44.806316099999897, -10.4286533 ], [ -44.8071275, -10.4287221 ], [ -44.80753, -10.428811 ], [ -44.807912, -10.429005 ], [ -44.808191, -10.429225 ], [ -44.808400999999897, -10.429583 ], [ -44.808461, -10.429887 ], [ -44.808573, -10.430342999999899 ], [ -44.809049, -10.430743 ], [ -44.809497, -10.430945999999899 ], [ -44.809943, -10.430963 ], [ -44.810492, -10.430828 ], [ -44.811428, -10.430684 ], [ -44.812053999999897, -10.430718 ], [ -44.812604, -10.430819 ], [ -44.813178999999899, -10.431064 ], [ -44.813617, -10.431130999999899 ], [ -44.813891, -10.431080999999899 ], [ -44.814079999999898, -10.430904 ], [ -44.814089, -10.430693 ], [ -44.813728, -10.430397 ], [ -44.813428, -10.430161 ], [ -44.81323, -10.429807 ], [ -44.813178999999899, -10.42941 ], [ -44.813256, -10.428862 ], [ -44.813464, -10.42881 ], [ -44.813726, -10.428886 ], [ -44.814224, -10.429139 ], [ -44.814777, -10.429274 ], [ -44.815434, -10.429253 ], [ -44.816133, -10.429148 ], [ -44.816653, -10.428979 ], [ -44.817151, -10.428726 ], [ -44.81743, -10.428532 ], [ -44.817715, -10.428107 ], [ -44.818157, -10.42801 ], [ -44.818449, -10.427997999999899 ], [ -44.81862, -10.428082 ], [ -44.818624999999898, -10.428276 ], [ -44.818466, -10.428508 ], [ -44.818135, -10.428790999999899 ], [ -44.818045, -10.429031 ], [ -44.818067, -10.429504 ], [ -44.818289999999898, -10.430086 ], [ -44.818447, -10.430318 ], [ -44.818721, -10.430478 ], [ -44.818974, -10.430638 ], [ -44.819086, -10.430799 ], [ -44.819184999999898, -10.431229 ], [ -44.819202, -10.431491 ], [ -44.819086, -10.431798 ], [ -44.818906, -10.431912 ], [ -44.818382, -10.432039 ], [ -44.817613999999899, -10.432149 ], [ -44.816983, -10.432347 ], [ -44.816552999999899, -10.432682 ], [ -44.81633, -10.432801 ], [ -44.816098, -10.432855 ], [ -44.815857999999899, -10.432868 ], [ -44.815665, -10.43286 ], [ -44.815467, -10.432898 ], [ -44.815381, -10.433075 ], [ -44.81551, -10.433737 ], [ -44.8156, -10.434125 ], [ -44.8156, -10.434437 ], [ -44.814438, -10.436528 ], [ -44.814343, -10.437286 ], [ -44.814197, -10.437535 ], [ -44.813733, -10.437826 ], [ -44.813403, -10.438108 ], [ -44.813304, -10.438289 ], [ -44.813287, -10.438495999999899 ], [ -44.813721, -10.439171 ], [ -44.814025, -10.439297 ], [ -44.814166999999898, -10.439504 ], [ -44.8142281, -10.4398947 ] ] ] ] } },
{ "type": "Feature", "properties": { "CD_MUN": "2202752", "NM_MUN": "Colônia do Gurguéia", "CD_RGI": "220016", "NM_RGI": "Bom Jesus", "CD_RGINT": "2205", "NM_RGINT": "Corrente - Bom Jesus", "CD_UF": "22", "NM_UF": "Piauí", "SIGLA_UF": "PI", "CD_REGIAO": "2", "NM_REGIAO": "Nordeste", "SIGLA_RG": "NE", "CD_CONCURB": null, "NM_CONCURB": null, "AREA_KM2": 429.582 }, "geometry": { "type": "MultiPolygon", "coordinates": [ [ [ [ -43.7071063, -8.15605849999997 ], [ -43.6122877, -8.14938629999995 ], [ -43.5855685, -8.13512019999996 ], [ -43.5714606, -8.15758409999995 ], [ -43.536825899999897, -8.15114939999995 ], [ -43.529772099999903, -8.14983919999997 ], [ -43.5187452, -8.147791 ], [ -43.521884499999899, -8.167835599999931 ], [ -43.579717199999898, -8.256009899999979 ], [ -43.6306288, -8.263827 ], [ -43.630731, -8.263842899999929 ], [ -43.6475492, -8.252032699999971 ], [ -43.6918848, -8.252415099999951 ], [ -43.8228738, -8.25354469999996 ], [ -43.8220846, -8.252123399999959 ], [ -43.8215023, -8.25146769999998 ], [ -43.820882599999898, -8.250461 ], [ -43.8191985, -8.24883539999996 ], [ -43.818501099999899, -8.248228399999959 ], [ -43.8181089, -8.24815349999994 ], [ -43.817608999999898, -8.248226 ], [ -43.8172281, -8.24808219999994 ], [ -43.8157833, -8.24695439999994 ], [ -43.8155489, -8.246675 ], [ -43.8151917, -8.245157199999939 ], [ -43.815031099999899, -8.24403609999996 ], [ -43.8143663, -8.242869 ], [ -43.8138101, -8.242343699999941 ], [ -43.8135779, -8.24196459999996 ], [ -43.8135647, -8.24153849999993 ], [ -43.8138082, -8.240565 ], [ -43.8136473, -8.238866799999929 ], [ -43.813462399999899, -8.23745909999997 ], [ -43.813445499999901, -8.23581249999995 ], [ -43.813275099999899, -8.23467809999994 ], [ -43.813299099999902, -8.233881099999961 ], [ -43.8136229, -8.23321489999995 ], [ -43.81459, -8.232254299999971 ], [ -43.815287899999902, -8.230977199999931 ], [ -43.816283999999897, -8.229912899999929 ], [ -43.8172981, -8.229071399999951 ], [ -43.818219999999897, -8.228313199999951 ], [ -43.818924599999903, -8.227212599999969 ], [ -43.8192829, -8.22597489999993 ], [ -43.819696399999899, -8.224545899999949 ], [ -43.8196326, -8.22348749999998 ], [ -43.8190959, -8.222482299999969 ], [ -43.818717999999897, -8.22159709999994 ], [ -43.8179147, -8.220549099999969 ], [ -43.8175952, -8.21981459999995 ], [ -43.817291699999899, -8.218694 ], [ -43.8161612, -8.21723369999995 ], [ -43.8152608, -8.21554589999994 ], [ -43.8149691, -8.214861399999959 ], [ -43.8145244, -8.21214 ], [ -43.8145888, -8.21182059999995 ], [ -43.8147441, -8.21152769999998 ], [ -43.8150211, -8.210567399999951 ], [ -43.8150745, -8.20937489999994 ], [ -43.814700899999899, -8.208101699999929 ], [ -43.8144955, -8.20739729999997 ], [ -43.8144993, -8.206868 ], [ -43.8145966, -8.20656569999994 ], [ -43.8148254, -8.206331699999961 ], [ -43.815412799999898, -8.20485849999994 ], [ -43.8154956, -8.204283 ], [ -43.815379699999902, -8.203758 ], [ -43.8150595, -8.20331769999996 ], [ -43.8148786, -8.20152579999996 ], [ -43.8148292, -8.200740599999961 ], [ -43.8143721, -8.19932439999997 ], [ -43.8137909, -8.19833959999994 ], [ -43.8132562, -8.19790059999997 ], [ -43.8128212, -8.197830499999951 ], [ -43.8123538, -8.198038299999951 ], [ -43.8117222, -8.19796779999996 ], [ -43.811192199999901, -8.198038299999951 ], [ -43.8109337, -8.19824419999998 ], [ -43.810825899999898, -8.198775799999961 ], [ -43.8106352, -8.199164599999961 ], [ -43.8103039, -8.19930369999997 ], [ -43.809817, -8.199062399999949 ], [ -43.8088971, -8.197992899999971 ], [ -43.808692999999899, -8.197495299999961 ], [ -43.808817099999899, -8.196739 ], [ -43.809345999999898, -8.19586689999994 ], [ -43.8094245999999, -8.19515279999996 ], [ -43.8097635, -8.194477599999971 ], [ -43.8103083, -8.194234899999969 ], [ -43.811116599999899, -8.194415 ], [ -43.8123259, -8.194443499999981 ], [ -43.813126, -8.194033299999941 ], [ -43.8134554, -8.19325839999993 ], [ -43.8134626, -8.192569099999959 ], [ -43.813148199999901, -8.191823199999931 ], [ -43.812924199999898, -8.19126559999995 ], [ -43.8133443, -8.19068449999997 ], [ -43.8139626, -8.19014079999994 ], [ -43.8158137, -8.18963459999998 ], [ -43.816525199999901, -8.18986939999996 ], [ -43.8168524, -8.19025359999995 ], [ -43.816886699999898, -8.19062169999995 ], [ -43.816603, -8.19079609999994 ], [ -43.816434199999897, -8.19099719999997 ], [ -43.8164356, -8.191259799999949 ], [ -43.816751399999902, -8.191613599999931 ], [ -43.8168138999999, -8.192407399999979 ], [ -43.817012299999902, -8.19289479999998 ], [ -43.8174868, -8.193002699999971 ], [ -43.8183902, -8.19282019999997 ], [ -43.818987, -8.192197399999939 ], [ -43.8193901, -8.191044 ], [ -43.819339899999903, -8.19013469999993 ], [ -43.819040899999898, -8.18940059999994 ], [ -43.8187009, -8.18902809999997 ], [ -43.8181522, -8.18885159999996 ], [ -43.8175214, -8.18871739999997 ], [ -43.8172445, -8.188449299999951 ], [ -43.816831099999902, -8.18744189999995 ], [ -43.8163923, -8.186905899999941 ], [ -43.81571, -8.18616819999994 ], [ -43.815303099999902, -8.18557139999996 ], [ -43.8152754, -8.18467349999997 ], [ -43.815509399999897, -8.183910399999951 ], [ -43.8154135999999, -8.18308739999998 ], [ -43.8152011, -8.182464299999941 ], [ -43.8147531, -8.18245139999993 ], [ -43.813928299999901, -8.18256859999997 ], [ -43.8127894, -8.18244949999996 ], [ -43.812395, -8.18241669999998 ], [ -43.811787, -8.18180049999995 ], [ -43.8110427, -8.18075639999995 ], [ -43.810651499999899, -8.17974449999997 ], [ -43.810612999999897, -8.178901599999961 ], [ -43.8107856, -8.17876609999996 ], [ -43.8114184, -8.17861849999997 ], [ -43.8121872, -8.17831259999997 ], [ -43.8124809, -8.17827439999996 ], [ -43.8127808, -8.178348799999981 ], [ -43.8133645, -8.17873339999994 ], [ -43.8137505, -8.178653 ], [ -43.8143257, -8.178296299999939 ], [ -43.8149956, -8.177961499999981 ], [ -43.815460599999902, -8.177658 ], [ -43.8158652, -8.17702039999995 ], [ -43.816275, -8.176352 ], [ -43.8167165999999, -8.17579289999998 ], [ -43.8172961, -8.17550829999993 ], [ -43.8180134999999, -8.17548649999998 ], [ -43.8185032, -8.17553769999995 ], [ -43.8188321, -8.17531989999998 ], [ -43.818931899999903, -8.175073899999971 ], [ -43.8186335, -8.17392029999996 ], [ -43.817937, -8.17339839999994 ], [ -43.817421, -8.17222229999993 ], [ -43.816547899999897, -8.171099 ], [ -43.816325999999897, -8.17053909999993 ], [ -43.816265299999898, -8.169761 ], [ -43.8164201, -8.168765399999931 ], [ -43.8165797999999, -8.167840499999951 ], [ -43.8163903, -8.166879799999951 ], [ -43.816091099999902, -8.166457599999941 ], [ -43.8158028, -8.16636569999997 ], [ -43.815524599999897, -8.166521499999931 ], [ -43.815311999999899, -8.166632399999971 ], [ -43.8151763, -8.16654659999995 ], [ -43.8152082, -8.16600369999998 ], [ -43.815024299999898, -8.16558859999998 ], [ -43.814702399999902, -8.165197699999959 ], [ -43.8146747, -8.164116299999931 ], [ -43.8149594, -8.16320919999993 ], [ -43.8149907, -8.162769499999969 ], [ -43.814858899999898, -8.16230809999996 ], [ -43.814760099999901, -8.16179269999998 ], [ -43.8144642, -8.161411099999951 ], [ -43.8141467, -8.16134589999996 ], [ -43.813898299999899, -8.161501 ], [ -43.813712199999898, -8.161736 ], [ -43.8135334, -8.161770099999959 ], [ -43.8132932, -8.16154389999997 ], [ -43.8129475, -8.160358299999929 ], [ -43.813381, -8.15934539999995 ], [ -43.8136986, -8.15902719999997 ], [ -43.8138056, -8.15863469999994 ], [ -43.8138152, -8.157922099999951 ], [ -43.8142525, -8.156515 ], [ -43.8155697, -8.154750499999979 ], [ -43.8162715, -8.15439969999994 ], [ -43.8174193, -8.15395789999997 ], [ -43.8178722, -8.15385069999996 ], [ -43.8179648, -8.153674299999979 ], [ -43.8178746, -8.153300599999969 ], [ -43.8172041999999, -8.15263079999994 ], [ -43.817147299999903, -8.15172589999997 ], [ -43.816913499999899, -8.150663799999959 ], [ -43.8166216, -8.150110099999949 ], [ -43.8158698, -8.14912439999995 ], [ -43.8153469, -8.14880539999996 ], [ -43.8151167, -8.148628699999961 ], [ -43.8148916, -8.148369899999979 ], [ -43.814519, -8.14754729999993 ], [ -43.8142056, -8.14606549999996 ], [ -43.8136731, -8.14565339999996 ], [ -43.8128927, -8.14505469999995 ], [ -43.8122422, -8.14486159999996 ], [ -43.811806499999904, -8.14490979999994 ], [ -43.811304, -8.14516839999993 ], [ -43.8109835, -8.145217499999941 ], [ -43.8107295, -8.145056599999981 ], [ -43.810334699999899, -8.144379399999931 ], [ -43.8104154, -8.14378529999993 ], [ -43.8107338, -8.14353029999995 ], [ -43.8108477, -8.14331509999994 ], [ -43.8108007, -8.14283369999993 ], [ -43.8108874, -8.142451699999979 ], [ -43.8112192, -8.14205109999995 ], [ -43.8116367, -8.141768 ], [ -43.811956199999898, -8.14159589999997 ], [ -43.812239, -8.14151209999994 ], [ -43.812516699999897, -8.14161339999993 ], [ -43.812616499999898, -8.141870599999949 ], [ -43.812679199999899, -8.14208159999993 ], [ -43.8129125, -8.142309599999979 ], [ -43.813276099999896, -8.14222569999993 ], [ -43.813731, -8.14185369999996 ], [ -43.8143521, -8.14159879999994 ], [ -43.814603, -8.141281899999971 ], [ -43.814573799999899, -8.140985499999941 ], [ -43.8136097, -8.139969 ], [ -43.8126859, -8.138792499999971 ], [ -43.812256299999902, -8.137116299999949 ], [ -43.8115255, -8.136084 ], [ -43.8108293, -8.13571289999993 ], [ -43.8102914, -8.135678 ], [ -43.809752699999898, -8.13581349999993 ], [ -43.8095969, -8.136136299999979 ], [ -43.8096396, -8.13658189999995 ], [ -43.8097844, -8.136868 ], [ -43.8098082, -8.13711909999995 ], [ -43.809685, -8.137731699999961 ], [ -43.8099784, -8.13871959999994 ], [ -43.8100161, -8.139539299999971 ], [ -43.8097677, -8.140263699999929 ], [ -43.8095554, -8.140382 ], [ -43.8093282, -8.14032819999994 ], [ -43.808964199999899, -8.140219799999951 ], [ -43.808194199999903, -8.14013929999993 ], [ -43.8077855, -8.13992539999998 ], [ -43.807064, -8.138984099999959 ], [ -43.806685899999898, -8.138759 ], [ -43.8063425, -8.138826199999929 ], [ -43.8059589, -8.139267799999971 ], [ -43.8055342, -8.139507899999961 ], [ -43.8049174, -8.13936219999994 ], [ -43.804475099999898, -8.138846699999929 ], [ -43.8044904, -8.13803049999996 ], [ -43.804802, -8.13760089999994 ], [ -43.8050079, -8.13692469999995 ], [ -43.8054632, -8.13664329999995 ], [ -43.805582399999899, -8.136192899999971 ], [ -43.8055348, -8.135679099999949 ], [ -43.805890599999898, -8.134993799999959 ], [ -43.8069975, -8.134372399999959 ], [ -43.807332, -8.13406559999993 ], [ -43.807634699999902, -8.133793499999969 ], [ -43.8077575, -8.133408199999961 ], [ -43.807626599999899, -8.133003 ], [ -43.8074147, -8.13266929999998 ], [ -43.8074946, -8.132079199999961 ], [ -43.8083574, -8.131062899999961 ], [ -43.8088577, -8.130802799999969 ], [ -43.809827299999903, -8.130810099999961 ], [ -43.8110397, -8.13111469999996 ], [ -43.8114983, -8.13173269999993 ], [ -43.8116155, -8.13215489999993 ], [ -43.81149, -8.13264879999997 ], [ -43.8115564, -8.13328629999995 ], [ -43.811771399999898, -8.133605799999939 ], [ -43.8123264, -8.133663899999929 ], [ -43.8128998, -8.133416899999929 ], [ -43.8132803, -8.133017299999951 ], [ -43.8133993, -8.13252479999994 ], [ -43.8136238, -8.13221179999994 ], [ -43.814051999999897, -8.13221559999994 ], [ -43.814521, -8.132315899999981 ], [ -43.8148366, -8.132236199999969 ], [ -43.8152646, -8.131733799999949 ], [ -43.8154185, -8.130613199999971 ], [ -43.8152526, -8.12913619999995 ], [ -43.8146469, -8.128373799999959 ], [ -43.814290899999897, -8.12831549999993 ], [ -43.8139601, -8.12852219999996 ], [ -43.813403799999897, -8.128849499999941 ], [ -43.812865499999901, -8.128907099999941 ], [ -43.8122867, -8.128597499999961 ], [ -43.812078799999902, -8.128105 ], [ -43.8121345, -8.127656299999961 ], [ -43.8125471, -8.12743309999996 ], [ -43.8129125, -8.12729989999997 ], [ -43.813763299999898, -8.12658779999998 ], [ -43.8149293, -8.125717799999959 ], [ -43.815659799999899, -8.12471649999998 ], [ -43.8156766, -8.123600799999959 ], [ -43.8149653, -8.12302249999993 ], [ -43.813890199999904, -8.122297599999969 ], [ -43.8130186, -8.121803599999961 ], [ -43.8125722, -8.12174649999997 ], [ -43.811972, -8.12195269999995 ], [ -43.8116393, -8.122133899999939 ], [ -43.8112611, -8.12214559999995 ], [ -43.8109904, -8.12170529999997 ], [ -43.8106701, -8.12106739999996 ], [ -43.8107021, -8.11994439999995 ], [ -43.8111287, -8.118873 ], [ -43.8119614, -8.118218799999971 ], [ -43.812388999999897, -8.117511299999929 ], [ -43.8125645, -8.116930899999939 ], [ -43.8124649, -8.11655519999994 ], [ -43.812036799999902, -8.116499899999949 ], [ -43.8116322, -8.116278899999941 ], [ -43.8111582, -8.11627139999996 ], [ -43.8106271, -8.11635229999996 ], [ -43.8098229, -8.115843 ], [ -43.8090086, -8.11523979999993 ], [ -43.808904599999899, -8.114849199999981 ], [ -43.808933599999897, -8.11372479999994 ], [ -43.8085387, -8.11298 ], [ -43.807668, -8.112314799999981 ], [ -43.807351599999897, -8.111754 ], [ -43.8064995, -8.109193399999979 ], [ -43.8064312, -8.10782369999993 ], [ -43.8069621, -8.10728359999996 ], [ -43.807241299999902, -8.106789699999981 ], [ -43.8074316, -8.10617559999997 ], [ -43.8074660999999, -8.105695 ], [ -43.8072988, -8.10536949999994 ], [ -43.806962499999898, -8.105174099999941 ], [ -43.805222699999902, -8.104464699999941 ], [ -43.8049151, -8.104242399999981 ], [ -43.8044669, -8.10336369999993 ], [ -43.804670499999901, -8.102505399999931 ], [ -43.8047611, -8.102006499999961 ], [ -43.804437499999899, -8.100906299999959 ], [ -43.80454, -8.099963699999931 ], [ -43.8049305, -8.098975199999931 ], [ -43.8049713, -8.09832479999994 ], [ -43.8048464, -8.09755279999996 ], [ -43.8049392, -8.09701379999996 ], [ -43.8053272, -8.09670259999996 ], [ -43.8057707, -8.09663119999993 ], [ -43.806290499999903, -8.096878299999959 ], [ -43.806707199999899, -8.09709249999997 ], [ -43.807604599999898, -8.096973099999961 ], [ -43.8081433, -8.09654559999996 ], [ -43.8085546, -8.095973 ], [ -43.8090744, -8.095782499999929 ], [ -43.8096681, -8.09507029999997 ], [ -43.810220699999903, -8.09399909999996 ], [ -43.8101824, -8.093273299999961 ], [ -43.8097200999999, -8.093083499999979 ], [ -43.808244499999901, -8.093113899999929 ], [ -43.807829599999899, -8.093287 ], [ -43.8075923, -8.09359559999996 ], [ -43.8077197, -8.093908 ], [ -43.807972, -8.093987599999929 ], [ -43.8081243, -8.094131 ], [ -43.8080477, -8.094492499999941 ], [ -43.8077403, -8.09479549999998 ], [ -43.8070031, -8.09476009999997 ], [ -43.805954, -8.094650299999961 ], [ -43.8056323, -8.094407599999951 ], [ -43.8057008, -8.09401489999993 ], [ -43.8056551, -8.09347849999995 ], [ -43.8047247, -8.092261699999939 ], [ -43.804212999999898, -8.09128959999993 ], [ -43.8040023, -8.090700799999979 ], [ -43.804211199999898, -8.089969399999969 ], [ -43.8052991, -8.08877079999996 ], [ -43.806350699999903, -8.087501199999959 ], [ -43.807451899999897, -8.08659619999997 ], [ -43.8077456, -8.08609719999993 ], [ -43.807711299999902, -8.08555749999994 ], [ -43.807446399999897, -8.08529179999994 ], [ -43.8068446, -8.085326299999959 ], [ -43.8061853, -8.08543009999994 ], [ -43.8056908, -8.085268799999939 ], [ -43.8050626, -8.084546199999981 ], [ -43.8048779, -8.08376679999998 ], [ -43.804996399999901, -8.08315319999997 ], [ -43.8052838999999, -8.08251619999993 ], [ -43.805182, -8.08208749999994 ], [ -43.8048057, -8.081669499999981 ], [ -43.804566599999902, -8.08020119999998 ], [ -43.8039489, -8.079194899999949 ], [ -43.8035154, -8.07884819999992 ], [ -43.8033288, -8.078699 ], [ -43.802948, -8.078106499999929 ], [ -43.802830899999897, -8.076939099999951 ], [ -43.8028649, -8.07613179999993 ], [ -43.8025481, -8.075776299999969 ], [ -43.802075199999898, -8.075653599999949 ], [ -43.801795599999899, -8.07567659999995 ], [ -43.8016358, -8.07587859999995 ], [ -43.801424499999897, -8.076229 ], [ -43.801035899999903, -8.07638359999993 ], [ -43.800584699999902, -8.076285 ], [ -43.800341199999899, -8.075795 ], [ -43.7999533999999, -8.074948 ], [ -43.7992252, -8.074776499999929 ], [ -43.7985738, -8.074856399999931 ], [ -43.7980365, -8.07506319999993 ], [ -43.7978261, -8.075438199999949 ], [ -43.7976907, -8.07601279999994 ], [ -43.797323499999898, -8.076474299999971 ], [ -43.796713899999901, -8.076369899999969 ], [ -43.795423899999903, -8.075826799999961 ], [ -43.794841, -8.075374499999951 ], [ -43.7940437, -8.074170299999929 ], [ -43.7937729, -8.07309009999994 ], [ -43.794195499999901, -8.07237919999994 ], [ -43.7946582, -8.072179299999959 ], [ -43.7953993, -8.07213219999994 ], [ -43.7956551, -8.072013099999941 ], [ -43.795728499999903, -8.07173789999996 ], [ -43.795642299999898, -8.071391299999959 ], [ -43.7953605, -8.07101089999998 ], [ -43.7954268, -8.07054569999997 ], [ -43.7953504, -8.070027799999931 ], [ -43.795219, -8.06974409999998 ], [ -43.794700799999902, -8.06954919999993 ], [ -43.7945412, -8.06927 ], [ -43.7945625999999, -8.068998099999931 ], [ -43.7952035, -8.068302499999961 ], [ -43.7885375, -8.068127699999931 ], [ -43.7884875, -8.06741759999994 ], [ -43.733547299999898, -8.043917599999929 ], [ -43.723851599999897, -8.157236799999961 ], [ -43.7071063, -8.15605849999997 ] ] ] ] } },
{ "type": "Feature", "properties": { "CD_MUN": "2203107", "NM_MUN": "Cristino Castro", "CD_RGI": "220016", "NM_RGI": "Bom Jesus", "CD_RGINT": "2205", "NM_RGINT": "Corrente - Bom Jesus", "CD_UF": "22", "NM_UF": "Piauí", "SIGLA_UF": "PI", "CD_REGIAO": "2", "NM_REGIAO": "Nordeste", "SIGLA_RG": "NE", "CD_CONCURB": null, "NM_CONCURB": null, "AREA_KM2": 1845.69 }, "geometry": { "type": "MultiPolygon", "coordinates": [ [ [ [ -43.8369144, -8.932388199999931 ], [ -43.839511699999903, -8.93930609999995 ], [ -43.8397284, -8.93988379999996 ], [ -43.846737, -8.958556899999961 ], [ -43.8468793, -8.958935799999949 ], [ -43.869234199999902, -9.01851059999996 ], [ -43.907518599999896, -9.004707899999969 ], [ -43.9087815, -9.004252599999971 ], [ -43.9852726, -8.97667529999995 ], [ -44.0037129, -8.970027 ], [ -44.0076519, -8.96860679999998 ], [ -44.059518599999898, -8.949907399999971 ], [ -44.0598866, -8.949774699999979 ], [ -44.0977993, -8.936106099999961 ], [ -44.193385799999902, -8.90164429999993 ], [ -44.1941788, -8.901358399999941 ], [ -44.215199299999902, -8.89375719999992 ], [ -44.244861899999897, -8.883031 ], [ -44.2600116999999, -8.88297559999995 ], [ -44.2622043, -8.88296759999997 ], [ -44.2615602, -8.88150809999996 ], [ -44.2617051, -8.88098659999997 ], [ -44.262104, -8.880656199999979 ], [ -44.263645499999903, -8.880521899999961 ], [ -44.264188299999901, -8.88008289999993 ], [ -44.2641609, -8.87950509999996 ], [ -44.263335299999902, -8.879228 ], [ -44.262977799999902, -8.87888969999995 ], [ -44.2630093, -8.877567899999971 ], [ -44.262523499999901, -8.87740209999993 ], [ -44.2620683, -8.877593699999981 ], [ -44.2624109, -8.876988 ], [ -44.2625836, -8.876272799999979 ], [ -44.2626743, -8.873959099999979 ], [ -44.2630331, -8.87223109999996 ], [ -44.2634355, -8.871158799999931 ], [ -44.2641245, -8.869974299999971 ], [ -44.2665205, -8.86728459999995 ], [ -44.2670831, -8.866511599999971 ], [ -44.267484099999898, -8.86551949999995 ], [ -44.2682272, -8.864661 ], [ -44.2680889, -8.862710599999961 ], [ -44.268459999999898, -8.862161 ], [ -44.2692317, -8.86190339999996 ], [ -44.2704436, -8.86201739999996 ], [ -44.2722395, -8.86270919999993 ], [ -44.273864699999898, -8.863014899999939 ], [ -44.275034199999901, -8.86287809999993 ], [ -44.2756921, -8.86224749999997 ], [ -44.276136699999903, -8.861256499999969 ], [ -44.277051399999898, -8.8601 ], [ -44.278508, -8.85952559999993 ], [ -44.2807968, -8.859224799999939 ], [ -44.2829172, -8.858513899999931 ], [ -44.2849474, -8.85606509999997 ], [ -44.2858333, -8.85526909999993 ], [ -44.2868036, -8.85513249999997 ], [ -44.289715699999903, -8.855193699999971 ], [ -44.290615199999898, -8.85481 ], [ -44.291244499999898, -8.8534 ], [ -44.2915042, -8.85114749999997 ], [ -44.2924613, -8.85051549999997 ], [ -44.294601499999899, -8.850051199999941 ], [ -44.2961165, -8.848952699999931 ], [ -44.2975749, -8.84699929999994 ], [ -44.298017, -8.84675279999993 ], [ -44.298816499999901, -8.846643 ], [ -44.3006113, -8.84703319999994 ], [ -44.2695896, -8.82303889999997 ], [ -44.3049715, -8.79926859999995 ], [ -44.2756246, -8.79902829999997 ], [ -44.2725037, -8.799002799999929 ], [ -44.267470499999902, -8.79896109999993 ], [ -44.2392442, -8.79872739999996 ], [ -44.226787, -8.787404199999971 ], [ -44.202409499999902, -8.770973199999959 ], [ -44.198118, -8.773501 ], [ -44.1968947, -8.774235399999951 ], [ -44.1968295, -8.774150099999931 ], [ -44.196588399999897, -8.773746 ], [ -44.1964431, -8.77323309999997 ], [ -44.1964341, -8.77283529999994 ], [ -44.196500199999903, -8.772523699999971 ], [ -44.1965024, -8.772122199999959 ], [ -44.196464999999897, -8.77181319999994 ], [ -44.196291, -8.77162919999995 ], [ -44.195952599999899, -8.77146549999998 ], [ -44.1953956, -8.77130289999997 ], [ -44.194851399999898, -8.771199 ], [ -44.194272199999901, -8.77124849999996 ], [ -44.193872199999902, -8.771482299999951 ], [ -44.1935298, -8.771879599999981 ], [ -44.1933323, -8.77222829999994 ], [ -44.193075599999901, -8.772367 ], [ -44.1926974, -8.772337599999959 ], [ -44.1924397, -8.772423799999959 ], [ -44.192183199999903, -8.77275969999994 ], [ -44.1920398, -8.77302679999997 ], [ -44.1917938, -8.773036799999939 ], [ -44.1916591, -8.772782799999961 ], [ -44.1916017, -8.772384399999959 ], [ -44.1915728, -8.77200589999995 ], [ -44.1915097, -8.77148979999993 ], [ -44.1914004, -8.771224 ], [ -44.191168499999897, -8.77098669999998 ], [ -44.1909644, -8.770722399999951 ], [ -44.1907252, -8.77017209999997 ], [ -44.1903376, -8.769912599999939 ], [ -44.189927, -8.769812299999961 ], [ -44.189752199999901, -8.76961469999998 ], [ -44.189613699999903, -8.76928219999996 ], [ -44.189607899999899, -8.76890709999998 ], [ -44.189819499999899, -8.76850329999996 ], [ -44.1901973, -8.768302499999949 ], [ -44.190651, -8.768120799999959 ], [ -44.190899, -8.76773679999997 ], [ -44.190945199999902, -8.76748649999996 ], [ -44.190859799999899, -8.767271 ], [ -44.1906857, -8.767120299999929 ], [ -44.1906392, -8.766908699999931 ], [ -44.190651699999897, -8.76672349999996 ], [ -44.190737899999903, -8.766572599999961 ], [ -44.190884299999901, -8.766337199999951 ], [ -44.1909223, -8.76614019999994 ], [ -44.1908637, -8.76574949999997 ], [ -44.190522299999898, -8.765145 ], [ -44.190157199999902, -8.764924399999931 ], [ -44.1899528, -8.764558699999951 ], [ -44.189911299999899, -8.764365399999971 ], [ -44.189960299999903, -8.76404529999996 ], [ -44.1898775, -8.763916 ], [ -44.189616199999897, -8.763767799999931 ], [ -44.1889221, -8.763664199999941 ], [ -44.1882959, -8.763633 ], [ -44.1878738, -8.763710299999961 ], [ -44.1873922999999, -8.763919 ], [ -44.1871255, -8.764167599999951 ], [ -44.1868643, -8.764276699999931 ], [ -44.1865715, -8.764334399999941 ], [ -44.1864121999999, -8.76439629999993 ], [ -44.1860196, -8.76461829999994 ], [ -44.1856048, -8.76490719999993 ], [ -44.185450499999902, -8.764884099999961 ], [ -44.185174199999899, -8.764679199999931 ], [ -44.184739099999902, -8.764068499999951 ], [ -44.184480999999899, -8.76312559999997 ], [ -44.1845311, -8.762797899999949 ], [ -44.1847228, -8.76241029999994 ], [ -44.1850737, -8.762152199999949 ], [ -44.185659799999897, -8.76198039999997 ], [ -44.1860732, -8.76203419999996 ], [ -44.1864449, -8.76217349999996 ], [ -44.186868499999903, -8.76205609999994 ], [ -44.1870367, -8.76183349999997 ], [ -44.1870982, -8.761663599999959 ], [ -44.1870587, -8.76147229999998 ], [ -44.1869053, -8.76111639999993 ], [ -44.1866711, -8.76055469999994 ], [ -44.1862082, -8.760390699999959 ], [ -44.185694199999901, -8.76041219999996 ], [ -44.184360599999899, -8.76065049999994 ], [ -44.1836742, -8.76106609999994 ], [ -44.1830701, -8.761743 ], [ -44.1822842999999, -8.76191149999994 ], [ -44.182029, -8.76183729999997 ], [ -44.181563599999897, -8.76151689999995 ], [ -44.1808389, -8.76060659999996 ], [ -44.1807623, -8.759829899999939 ], [ -44.1806936999999, -8.759196399999951 ], [ -44.1803192, -8.75885339999996 ], [ -44.1799861, -8.758825099999971 ], [ -44.1796694, -8.758988 ], [ -44.1793496, -8.75927339999993 ], [ -44.1790219, -8.75934889999996 ], [ -44.178761199999897, -8.75931219999995 ], [ -44.1784918, -8.75904269999995 ], [ -44.1783601, -8.758851499999929 ], [ -44.1783935, -8.75849129999995 ], [ -44.1784666, -8.75814859999997 ], [ -44.178598899999898, -8.75786709999994 ], [ -44.1787922, -8.75728139999995 ], [ -44.1789777, -8.75694009999995 ], [ -44.1793051, -8.756636799999971 ], [ -44.1794563999999, -8.756371299999961 ], [ -44.1792968, -8.756164499999951 ], [ -44.1791097, -8.75590179999995 ], [ -44.178331399999898, -8.75580959999996 ], [ -44.177557299999897, -8.755807399999981 ], [ -44.1769442, -8.755939 ], [ -44.1765955, -8.75607409999998 ], [ -44.176000299999899, -8.756654699999959 ], [ -44.175703999999897, -8.75688089999994 ], [ -44.1755924, -8.756844399999981 ], [ -44.1754931, -8.756728399999931 ], [ -44.175420599999903, -8.75643629999996 ], [ -44.175443399999899, -8.75601289999997 ], [ -44.175559099999901, -8.75503389999994 ], [ -44.1755769, -8.754295299999971 ], [ -44.1756548, -8.75375019999996 ], [ -44.1757678, -8.753288 ], [ -44.175696, -8.753148099999979 ], [ -44.1749765, -8.75255339999995 ], [ -44.174317, -8.75220369999994 ], [ -44.173708, -8.75209429999995 ], [ -44.173323099999898, -8.752102399999959 ], [ -44.173077, -8.75194879999998 ], [ -44.1729151, -8.75165129999993 ], [ -44.1728785, -8.75129719999995 ], [ -44.1726484, -8.751048199999961 ], [ -44.1724535, -8.75101809999995 ], [ -44.1719858, -8.751044 ], [ -44.1713228, -8.751279 ], [ -44.1711806, -8.75154619999995 ], [ -44.171103699999897, -8.75182659999996 ], [ -44.170864799999897, -8.75180829999994 ], [ -44.1704801, -8.75153329999995 ], [ -44.1698605, -8.75081629999994 ], [ -44.1696928, -8.75024659999997 ], [ -44.1695308, -8.75006269999994 ], [ -44.169225599999898, -8.749995699999941 ], [ -44.1685502999999, -8.75018669999997 ], [ -44.168371299999897, -8.750191699999959 ], [ -44.1682251, -8.750043099999971 ], [ -44.1681679, -8.74981229999997 ], [ -44.1681723, -8.74962049999993 ], [ -44.1680332, -8.749470899999951 ], [ -44.1672933, -8.74873689999993 ], [ -44.166886799999901, -8.74850379999998 ], [ -44.1664554, -8.748378899999979 ], [ -44.165954999999897, -8.748315 ], [ -44.165420099999899, -8.748178499999939 ], [ -44.164797399999898, -8.74809259999995 ], [ -44.163035299999898, -8.74834359999994 ], [ -44.1621216, -8.74870889999994 ], [ -44.1614393999999, -8.748759799999959 ], [ -44.1609524, -8.74863869999996 ], [ -44.1607501, -8.74835469999994 ], [ -44.159904299999901, -8.747844199999969 ], [ -44.159379699999903, -8.74728569999996 ], [ -44.1590965, -8.747053699999981 ], [ -44.1583911, -8.74684149999996 ], [ -44.157336299999898, -8.74683419999997 ], [ -44.1568027, -8.747184199999939 ], [ -44.1565679, -8.747480899999969 ], [ -44.15632, -8.747568699999929 ], [ -44.155994899999897, -8.747541 ], [ -44.1558542, -8.747385599999969 ], [ -44.1557415, -8.747067 ], [ -44.1556432, -8.74683129999994 ], [ -44.1555592, -8.746469799999939 ], [ -44.1555956999999, -8.746093099999939 ], [ -44.1556388, -8.745662099999951 ], [ -44.1554245, -8.74517089999995 ], [ -44.1552252, -8.74503479999993 ], [ -44.1548746, -8.74495529999996 ], [ -44.1544459, -8.74437369999993 ], [ -44.154274799999897, -8.74392229999995 ], [ -44.1541046, -8.743094599999949 ], [ -44.153943899999902, -8.742060199999971 ], [ -44.1540239, -8.740668599999941 ], [ -44.154246, -8.73895089999996 ], [ -44.1541035, -8.73836709999995 ], [ -44.1539491999999, -8.73821339999995 ], [ -44.1535759, -8.73803039999996 ], [ -44.1529629, -8.73784549999993 ], [ -44.1526233, -8.737707299999951 ], [ -44.1522328, -8.73724969999995 ], [ -44.151832199999902, -8.73667149999994 ], [ -44.151547, -8.736332899999979 ], [ -44.1511043, -8.736075199999959 ], [ -44.150755499999903, -8.735514199999949 ], [ -44.150468799999899, -8.735039099999939 ], [ -44.150089299999898, -8.73452869999994 ], [ -44.15002, -8.734267699999981 ], [ -44.1500659, -8.73374469999993 ], [ -44.150114599999903, -8.73276649999997 ], [ -44.1503046, -8.73175379999998 ], [ -44.1506112, -8.73079409999997 ], [ -44.151135399999902, -8.72974 ], [ -44.1514581, -8.72904329999994 ], [ -44.1515899, -8.72848019999998 ], [ -44.151571299999901, -8.72810359999994 ], [ -44.1513547, -8.72766789999997 ], [ -44.151061899999902, -8.72685109999998 ], [ -44.151001999999899, -8.72660439999993 ], [ -44.150872299999897, -8.726069099999959 ], [ -44.1507185, -8.724806299999949 ], [ -44.1504798, -8.72442659999996 ], [ -44.149514699999898, -8.723533599999939 ], [ -44.148682, -8.72275779999995 ], [ -44.147936699999903, -8.722221899999971 ], [ -44.1473953, -8.721570899999961 ], [ -44.1466755, -8.720934199999929 ], [ -44.1461366, -8.720199399999959 ], [ -44.1458054, -8.719519499999929 ], [ -44.145549699999897, -8.718666199999969 ], [ -44.1453011, -8.71747719999996 ], [ -44.145113, -8.716876 ], [ -44.1450488, -8.716380099999981 ], [ -44.144906999999897, -8.71575539999998 ], [ -44.1446736, -8.714060599999931 ], [ -44.1442281, -8.71255579999996 ], [ -44.1438507, -8.71205009999994 ], [ -44.1428804, -8.71018039999996 ], [ -44.1424503, -8.70920369999993 ], [ -44.1422262, -8.70847869999994 ], [ -44.141782099999901, -8.70751709999996 ], [ -44.1416933, -8.70700619999997 ], [ -44.1416412, -8.706630599999929 ], [ -44.1416124, -8.70642289999995 ], [ -44.1413238, -8.705706299999971 ], [ -44.140890399999897, -8.70495529999994 ], [ -44.1400495, -8.704515 ], [ -44.1396764, -8.70377849999994 ], [ -44.139470699999897, -8.70308289999997 ], [ -44.1393760999999, -8.70235659999997 ], [ -44.1395706, -8.701828899999949 ], [ -44.139661499999903, -8.701197399999961 ], [ -44.1395125, -8.700565 ], [ -44.1389364, -8.69998139999996 ], [ -44.138166399999903, -8.69958439999994 ], [ -44.1374387, -8.69895229999997 ], [ -44.1363373, -8.69798449999996 ], [ -44.1353611, -8.69706469999994 ], [ -44.1350712, -8.69690609999998 ], [ -44.134836, -8.696830099999939 ], [ -44.134053299999898, -8.69659319999994 ], [ -44.1327062, -8.69607449999995 ], [ -44.1311365, -8.69551919999998 ], [ -44.13059, -8.695150899999931 ], [ -44.1287507, -8.694307299999929 ], [ -44.1277449, -8.694056399999971 ], [ -44.1269273999999, -8.69412269999998 ], [ -44.1259812, -8.69466619999997 ], [ -44.125099, -8.69502429999994 ], [ -44.1246346, -8.695051399999951 ], [ -44.1232623, -8.69479519999993 ], [ -44.121513799999903, -8.694957899999959 ], [ -44.1198297, -8.69575429999998 ], [ -44.119474599999897, -8.696051399999931 ], [ -44.119254199999901, -8.69638559999993 ], [ -44.118332699999897, -8.69740709999996 ], [ -44.1179713, -8.69848739999998 ], [ -44.1177966, -8.698639699999941 ], [ -44.1174573, -8.69865919999995 ], [ -44.117193299999897, -8.69850769999994 ], [ -44.1169955, -8.69811679999998 ], [ -44.1165583, -8.697404 ], [ -44.1159668, -8.696552299999951 ], [ -44.1159511, -8.695800399999939 ], [ -44.1163126, -8.69507639999995 ], [ -44.1167072, -8.69485929999996 ], [ -44.1168455, -8.69445909999996 ], [ -44.116714, -8.69428239999996 ], [ -44.1165415, -8.694152 ], [ -44.1162006, -8.693985399999971 ], [ -44.1161483, -8.69350509999998 ], [ -44.116352199999902, -8.69268169999998 ], [ -44.1162906, -8.69240909999996 ], [ -44.1160593, -8.692280199999971 ], [ -44.1158209, -8.692253899999971 ], [ -44.1151058, -8.692424099999929 ], [ -44.114569399999901, -8.69263819999998 ], [ -44.1136337, -8.69315169999993 ], [ -44.1123347, -8.69335879999994 ], [ -44.1098704999999, -8.692593899999959 ], [ -44.108853699999898, -8.69259549999998 ], [ -44.108233799999901, -8.692396699999961 ], [ -44.107346199999903, -8.69151639999995 ], [ -44.106886, -8.690970799999951 ], [ -44.1066111, -8.69021319999996 ], [ -44.106327099999902, -8.68901079999995 ], [ -44.1059069, -8.68825669999995 ], [ -44.105184, -8.68742919999994 ], [ -44.104793599999901, -8.686893899999969 ], [ -44.1045526, -8.686352199999931 ], [ -44.1041764, -8.685321199999979 ], [ -44.103703799999899, -8.684816099999979 ], [ -44.103644, -8.684727399999931 ], [ -44.1031745, -8.68403079999996 ], [ -44.102438999999897, -8.683203799999941 ], [ -44.102071099999897, -8.682961699999961 ], [ -44.1010588, -8.68279919999998 ], [ -44.1000761, -8.682614699999929 ], [ -44.098726699999901, -8.68248229999995 ], [ -44.0979952, -8.682003 ], [ -44.0975404, -8.68135209999997 ], [ -44.0973392, -8.680752899999961 ], [ -44.0973708, -8.67982159999997 ], [ -44.0973266, -8.67950889999997 ], [ -44.097152, -8.679196799999939 ], [ -44.096781399999898, -8.67898259999993 ], [ -44.096218399999898, -8.67884209999994 ], [ -44.0956937, -8.678923 ], [ -44.094809199999901, -8.679495599999941 ], [ -44.0942138, -8.67984549999994 ], [ -44.0939222, -8.679787899999949 ], [ -44.093680699999901, -8.67960039999997 ], [ -44.0934735, -8.67926249999994 ], [ -44.0933153, -8.678711899999939 ], [ -44.0931978, -8.678534099999981 ], [ -44.092875999999897, -8.67814539999995 ], [ -44.0926377, -8.67808569999994 ], [ -44.092181, -8.67806859999996 ], [ -44.0918063, -8.67807719999996 ], [ -44.091581, -8.677910299999949 ], [ -44.090652599999899, -8.676404199999981 ], [ -44.090122, -8.675402599999931 ], [ -44.0893967, -8.67460179999995 ], [ -44.088999199999897, -8.674345899999929 ], [ -44.0882301, -8.673511 ], [ -44.0873273, -8.67290559999998 ], [ -44.0857367999999, -8.67160439999998 ], [ -44.0843318, -8.66974639999995 ], [ -44.0841052, -8.66925689999994 ], [ -44.084039899999901, -8.668735899999939 ], [ -44.083834, -8.66828709999993 ], [ -44.0833628, -8.667789699999959 ], [ -44.082948799999897, -8.66763379999998 ], [ -44.0826388999999, -8.66764189999998 ], [ -44.081540899999901, -8.667723299999979 ], [ -44.0811211, -8.667600799999949 ], [ -44.080417899999901, -8.667319799999969 ], [ -44.0795171, -8.667135099999941 ], [ -44.078975399999898, -8.666879 ], [ -44.0784867, -8.666447099999971 ], [ -44.0779888, -8.66586519999993 ], [ -44.077165, -8.665430899999929 ], [ -44.076365, -8.66522409999993 ], [ -44.0759786, -8.66504589999994 ], [ -44.075444499999897, -8.66467169999993 ], [ -44.0750035, -8.66448589999993 ], [ -44.0745735, -8.664266399999971 ], [ -44.074118199999901, -8.66387009999994 ], [ -44.073548, -8.663554399999949 ], [ -44.072796599999897, -8.66331369999995 ], [ -44.072077599999901, -8.66321659999994 ], [ -44.071036299999903, -8.66312769999996 ], [ -44.0702597, -8.663477799999949 ], [ -44.0699063, -8.66381009999998 ], [ -44.069632199999901, -8.664267099999959 ], [ -44.069442299999899, -8.664895399999979 ], [ -44.0692544999999, -8.665124799999941 ], [ -44.068538799999899, -8.66544269999997 ], [ -44.0683102, -8.66550789999997 ], [ -44.067467899999897, -8.66517569999996 ], [ -44.0664525, -8.66423689999993 ], [ -44.0654283, -8.663571699999981 ], [ -44.0651596, -8.66331409999998 ], [ -44.064126499999901, -8.662783599999949 ], [ -44.063799199999899, -8.66248719999993 ], [ -44.063523599999897, -8.66210159999997 ], [ -44.0634628, -8.66162519999995 ], [ -44.0632945999999, -8.66129649999993 ], [ -44.063005599999897, -8.661025799999949 ], [ -44.0626437, -8.660573199999931 ], [ -44.0622362, -8.66024209999995 ], [ -44.060854999999897, -8.65981869999996 ], [ -44.0601334, -8.659817499999971 ], [ -44.059809399999899, -8.659982099999979 ], [ -44.0596753, -8.66037389999997 ], [ -44.059224399999898, -8.66070179999997 ], [ -44.058780199999902, -8.66108449999996 ], [ -44.0584014, -8.661707399999949 ], [ -44.0584085, -8.66202819999995 ], [ -44.058502599999898, -8.66233119999993 ], [ -44.0586023, -8.662707199999939 ], [ -44.0585095, -8.66288629999997 ], [ -44.0582851, -8.662861499999959 ], [ -44.057567199999902, -8.662302599999981 ], [ -44.057243399999898, -8.66190759999995 ], [ -44.0571793, -8.661529799999929 ], [ -44.0571011, -8.66136 ], [ -44.0563139, -8.66083719999995 ], [ -44.0556716, -8.660377899999959 ], [ -44.0552101, -8.660161799999971 ], [ -44.0549818, -8.660119099999971 ], [ -44.0538501, -8.66077 ], [ -44.0536756, -8.660725099999979 ], [ -44.0534772, -8.66072869999994 ], [ -44.0532214, -8.660845399999969 ], [ -44.0528725, -8.661095299999941 ], [ -44.0520905, -8.66125529999994 ], [ -44.050430499999898, -8.661967 ], [ -44.0496237999999, -8.662149399999979 ], [ -44.049065599999899, -8.66196889999998 ], [ -44.048951, -8.66179469999997 ], [ -44.0489858, -8.661525 ], [ -44.048909599999902, -8.661301499999979 ], [ -44.048555899999897, -8.66075229999996 ], [ -44.048495499999902, -8.660010599999961 ], [ -44.0487019, -8.659547599999939 ], [ -44.049163, -8.659094499999981 ], [ -44.0495668, -8.65830749999998 ], [ -44.0499608, -8.65785589999996 ], [ -44.050054799999899, -8.65763379999993 ], [ -44.0501032, -8.65737049999996 ], [ -44.0500241, -8.657143899999941 ], [ -44.0499414, -8.657056 ], [ -44.0497892, -8.657082899999979 ], [ -44.049619999999898, -8.657169 ], [ -44.0493352, -8.65727679999998 ], [ -44.0488156, -8.657462 ], [ -44.0485106, -8.65748009999993 ], [ -44.047917599999899, -8.65731929999993 ], [ -44.0476618, -8.657291 ], [ -44.047345199999903, -8.65737319999994 ], [ -44.0470883, -8.65758789999995 ], [ -44.047040799999898, -8.657858899999949 ], [ -44.0470721, -8.658358399999941 ], [ -44.046939699999903, -8.658682299999951 ], [ -44.0467444, -8.658854199999951 ], [ -44.046465399999903, -8.65889869999995 ], [ -44.046311699999897, -8.65871379999993 ], [ -44.046180799999902, -8.658353099999941 ], [ -44.046018499999903, -8.658153099999939 ], [ -44.045846599999898, -8.658059899999961 ], [ -44.0456469, -8.65797989999993 ], [ -44.045429199999901, -8.65767389999996 ], [ -44.0447775, -8.65685429999996 ], [ -44.043919, -8.655920299999931 ], [ -44.0434629, -8.65482239999994 ], [ -44.0426353, -8.653998 ], [ -44.0422783, -8.653966699999961 ], [ -44.0419304, -8.654128699999941 ], [ -44.0414876, -8.65431229999996 ], [ -44.0412954, -8.654233 ], [ -44.0411336, -8.65411529999994 ], [ -44.0408777, -8.654062 ], [ -44.0405248, -8.653839399999979 ], [ -44.040142499999902, -8.653292199999949 ], [ -44.0401469, -8.652841599999929 ], [ -44.040327299999902, -8.65222329999995 ], [ -44.0405502999999, -8.651969 ], [ -44.0408765, -8.65146789999994 ], [ -44.0413179, -8.651134799999969 ], [ -44.041621099999901, -8.65110039999996 ], [ -44.041832999999897, -8.65119189999996 ], [ -44.0419917, -8.65143789999996 ], [ -44.042149299999899, -8.65140469999994 ], [ -44.0421994, -8.65127479999995 ], [ -44.0422432, -8.651126799999931 ], [ -44.0426133, -8.650980199999941 ], [ -44.0435251, -8.650755 ], [ -44.043857, -8.65086929999995 ], [ -44.044038999999898, -8.651086699999951 ], [ -44.0446681, -8.651497399999929 ], [ -44.0447487, -8.651886499999931 ], [ -44.044906599999898, -8.652055099999931 ], [ -44.0450954, -8.65210949999994 ], [ -44.045366, -8.65212269999995 ], [ -44.0456938, -8.652342899999949 ], [ -44.0461776, -8.65228789999998 ], [ -44.046341, -8.65203759999997 ], [ -44.0466655, -8.65127479999995 ], [ -44.0466101, -8.650820099999979 ], [ -44.0464233, -8.650608099999941 ], [ -44.045764899999902, -8.650241699999979 ], [ -44.044648799999898, -8.64976509999997 ], [ -44.0445157, -8.64955579999997 ], [ -44.0445364999999, -8.64934559999995 ], [ -44.0446666, -8.64915489999993 ], [ -44.0450438, -8.64875069999994 ], [ -44.0454202, -8.648502 ], [ -44.045473699999903, -8.64831589999994 ], [ -44.0453256, -8.648165399999931 ], [ -44.0450772, -8.648053899999979 ], [ -44.044202, -8.647644499999959 ], [ -44.0439537, -8.64771009999993 ], [ -44.0438025999999, -8.647887499999969 ], [ -44.0436649, -8.647897499999941 ], [ -44.0434809, -8.647801299999969 ], [ -44.043246, -8.64769939999996 ], [ -44.0425258, -8.64775449999996 ], [ -44.0420554, -8.64782839999998 ], [ -44.0419653, -8.64812769999997 ], [ -44.041977099999897, -8.648361499999959 ], [ -44.041941199999897, -8.648506199999931 ], [ -44.041874499999899, -8.648564799999971 ], [ -44.041715399999902, -8.64855539999996 ], [ -44.041449499999899, -8.648591799999959 ], [ -44.0409253, -8.64884489999997 ], [ -44.0403836999999, -8.648980199999929 ], [ -44.039825, -8.64883709999998 ], [ -44.0390224, -8.648364 ], [ -44.038410199999902, -8.64771729999995 ], [ -44.038296199999898, -8.64731969999997 ], [ -44.038294999999898, -8.647041099999971 ], [ -44.038643099999902, -8.646284699999971 ], [ -44.039048299999898, -8.645738599999961 ], [ -44.0394965, -8.645436599999931 ], [ -44.040133099999899, -8.645165 ], [ -44.0410161, -8.64527969999995 ], [ -44.041688099999902, -8.64525249999997 ], [ -44.0419977, -8.64507419999995 ], [ -44.0420574, -8.644729899999961 ], [ -44.0420012, -8.644525499999929 ], [ -44.041782199999901, -8.64442339999994 ], [ -44.0416172, -8.64416869999997 ], [ -44.0414491, -8.64381869999994 ], [ -44.0413588, -8.643137199999961 ], [ -44.041415599999901, -8.642910499999971 ], [ -44.0416422, -8.642508 ], [ -44.041625699999898, -8.642320299999939 ], [ -44.0412679, -8.641735199999969 ], [ -44.0400261, -8.64051989999996 ], [ -44.039056199999898, -8.639966699999951 ], [ -44.0385835, -8.63987979999996 ], [ -44.0382402, -8.640169 ], [ -44.0379528, -8.64068239999995 ], [ -44.037751399999898, -8.64082059999993 ], [ -44.037561599999897, -8.640774299999981 ], [ -44.0371339, -8.640362499999981 ], [ -44.0370555, -8.640132 ], [ -44.036881999999899, -8.63995839999995 ], [ -44.0362636, -8.639683299999939 ], [ -44.035954699999898, -8.639467399999941 ], [ -44.0354776, -8.63888279999998 ], [ -44.0347768, -8.63840849999997 ], [ -44.0343812, -8.63826059999997 ], [ -44.0335077, -8.63838909999993 ], [ -44.033344199999902, -8.638663599999971 ], [ -44.0329938, -8.638932499999949 ], [ -44.032934899999901, -8.63913829999996 ], [ -44.0331128999999, -8.639571 ], [ -44.0329861, -8.639916 ], [ -44.0327827999999, -8.640059399999929 ], [ -44.0324428, -8.639930499999929 ], [ -44.032202, -8.63958729999996 ], [ -44.031979299999897, -8.63849529999993 ], [ -44.0321097, -8.637598699999961 ], [ -44.032200799999899, -8.637318299999951 ], [ -44.0324079, -8.636861599999969 ], [ -44.0324929, -8.63661709999997 ], [ -44.0323835, -8.63619929999993 ], [ -44.032062499999903, -8.63604839999994 ], [ -44.0318238, -8.63601389999997 ], [ -44.0317047, -8.63595189999995 ], [ -44.0316802, -8.635778199999949 ], [ -44.031881499999898, -8.635109 ], [ -44.031993499999899, -8.634921599999929 ], [ -44.0323949, -8.63473179999994 ], [ -44.033496699999901, -8.634761399999951 ], [ -44.0347427, -8.63533449999994 ], [ -44.035005, -8.63526359999997 ], [ -44.035727999999899, -8.634840099999961 ], [ -44.035936499999899, -8.63488 ], [ -44.0362034999999, -8.634994 ], [ -44.036376899999901, -8.63503839999993 ], [ -44.0368252, -8.634758399999949 ], [ -44.036941399999897, -8.63460119999996 ], [ -44.0369936, -8.634410499999939 ], [ -44.0369282999999, -8.634197299999929 ], [ -44.0366121, -8.63385129999995 ], [ -44.036145299999902, -8.63364329999996 ], [ -44.035491099999902, -8.633069199999969 ], [ -44.035114399999898, -8.63297559999995 ], [ -44.034701, -8.633025 ], [ -44.034365299999898, -8.63334929999996 ], [ -44.033977299999897, -8.63342619999997 ], [ -44.0337112, -8.633354 ], [ -44.0334278, -8.63313389999996 ], [ -44.0325693, -8.633141799999979 ], [ -44.032262499999902, -8.63324479999994 ], [ -44.0317367, -8.63365379999993 ], [ -44.031432499999902, -8.63376349999993 ], [ -44.0301249, -8.63350059999993 ], [ -44.029941999999899, -8.63337889999997 ], [ -44.029861599999897, -8.633089699999969 ], [ -44.0299117, -8.63277869999996 ], [ -44.029880499999898, -8.632585899999979 ], [ -44.0298546, -8.63207169999993 ], [ -44.0299979, -8.631667599999959 ], [ -44.030185399999901, -8.631572299999959 ], [ -44.0303506, -8.63160719999996 ], [ -44.0305797, -8.63152449999995 ], [ -44.030710999999897, -8.63126349999993 ], [ -44.0311421, -8.630924099999961 ], [ -44.0313896, -8.63092609999995 ], [ -44.031596799999903, -8.631252599999931 ], [ -44.031951299999903, -8.631476299999971 ], [ -44.0323329, -8.63148509999996 ], [ -44.0326957, -8.631323899999931 ], [ -44.032918299999899, -8.63113779999998 ], [ -44.033105799999902, -8.63096369999994 ], [ -44.033414999999898, -8.630760699999939 ], [ -44.033524499999899, -8.63047659999995 ], [ -44.0334865, -8.630331699999941 ], [ -44.0333803, -8.630128799999969 ], [ -44.033172299999897, -8.62967879999997 ], [ -44.0329579, -8.629562399999941 ], [ -44.0326774, -8.62948909999994 ], [ -44.0318836, -8.62935049999993 ], [ -44.031373599999903, -8.628971499999979 ], [ -44.031163, -8.62866669999994 ], [ -44.031149899999903, -8.628375499999949 ], [ -44.031218099999897, -8.628241499999939 ], [ -44.0314104, -8.628070599999941 ], [ -44.031532399999897, -8.62766309999995 ], [ -44.031797, -8.62722419999994 ], [ -44.031775799999899, -8.626869399999981 ], [ -44.0316627999999, -8.62671849999998 ], [ -44.0313272, -8.626585899999951 ], [ -44.0309404, -8.62656039999996 ], [ -44.030577, -8.626615499999961 ], [ -44.030343899999899, -8.62685729999993 ], [ -44.0301039, -8.626908 ], [ -44.029570299999897, -8.62706439999994 ], [ -44.0294067, -8.62731259999993 ], [ -44.0291983, -8.62778229999998 ], [ -44.0292085, -8.62831369999998 ], [ -44.028939299999898, -8.62873909999996 ], [ -44.0286935, -8.629339199999951 ], [ -44.028444, -8.629571599999959 ], [ -44.028065, -8.62966319999992 ], [ -44.027548399999901, -8.629589199999939 ], [ -44.0271377, -8.629351499999929 ], [ -44.0267578, -8.629192 ], [ -44.026261599999899, -8.628485099999979 ], [ -44.026213599999899, -8.627963499999961 ], [ -44.026241899999903, -8.62715659999998 ], [ -44.0261049, -8.626972399999939 ], [ -44.0259138, -8.62686639999993 ], [ -44.025579999999898, -8.626904699999949 ], [ -44.025266, -8.626983899999971 ], [ -44.025112299999897, -8.626942499999929 ], [ -44.024803399999897, -8.62643329999997 ], [ -44.0247638, -8.626288599999951 ], [ -44.0247299, -8.62584439999995 ], [ -44.0246581, -8.625551399999949 ], [ -44.0244383, -8.625138199999981 ], [ -44.0234811, -8.624390099999969 ], [ -44.022575, -8.62398989999997 ], [ -44.021880399999901, -8.623796899999951 ], [ -44.021654399999903, -8.62384649999996 ], [ -44.0214098, -8.62398479999996 ], [ -44.0211378, -8.624004099999979 ], [ -44.020413, -8.623932 ], [ -44.0200052, -8.62380439999993 ], [ -44.0195386, -8.623036299999971 ], [ -44.019448399999902, -8.62251489999994 ], [ -44.0194556, -8.62207049999995 ], [ -44.019848, -8.62154839999994 ], [ -44.020037199999898, -8.621420499999941 ], [ -44.020657399999898, -8.62138139999996 ], [ -44.0212792, -8.621267199999981 ], [ -44.0217233, -8.620880199999929 ], [ -44.0217876, -8.620625099999931 ], [ -44.0217736, -8.62045349999994 ], [ -44.0215497, -8.620163599999961 ], [ -44.0209179, -8.61948019999994 ], [ -44.020376199999902, -8.618898099999971 ], [ -44.0200818, -8.61810049999997 ], [ -44.019975299999899, -8.61708149999993 ], [ -44.020164899999898, -8.61636519999996 ], [ -44.0202963, -8.61611059999996 ], [ -44.0205678, -8.615952 ], [ -44.0211249, -8.61578949999995 ], [ -44.0216195, -8.61575779999993 ], [ -44.021986599999899, -8.61595409999995 ], [ -44.0222193, -8.616109199999929 ], [ -44.022414, -8.616061899999981 ], [ -44.022566599999898, -8.61600979999997 ], [ -44.0229701, -8.616097599999931 ], [ -44.023683499999898, -8.61654969999995 ], [ -44.024707, -8.617391199999931 ], [ -44.025685, -8.61863389999996 ], [ -44.0258962999999, -8.61876929999994 ], [ -44.0263222, -8.618760499999951 ], [ -44.026707799999897, -8.61860719999993 ], [ -44.02689, -8.618249299999951 ], [ -44.0268531, -8.61782509999995 ], [ -44.026671599999901, -8.617426899999939 ], [ -44.0261793, -8.61702229999997 ], [ -44.0248759, -8.61627569999996 ], [ -44.0244427, -8.61584959999993 ], [ -44.0242332, -8.61544829999997 ], [ -44.024214399999899, -8.615083499999971 ], [ -44.0245002, -8.61477089999994 ], [ -44.024559699999898, -8.61458189999996 ], [ -44.024509899999899, -8.61431479999993 ], [ -44.024313999999897, -8.61404179999994 ], [ -44.0240641, -8.61406469999997 ], [ -44.023631599999902, -8.61439409999997 ], [ -44.0232513, -8.61464849999993 ], [ -44.022862099999898, -8.614857 ], [ -44.0225326, -8.61481879999997 ], [ -44.0220649, -8.61465959999992 ], [ -44.022036, -8.614379499999931 ], [ -44.0222064, -8.614177 ], [ -44.0222467, -8.613969699999929 ], [ -44.0221604, -8.61366759999993 ], [ -44.0222423, -8.613231 ], [ -44.022405499999898, -8.61294519999996 ], [ -44.0227858, -8.612771199999941 ], [ -44.023024399999898, -8.61251479999993 ], [ -44.023552799999898, -8.611828899999979 ], [ -44.023825, -8.611615499999971 ], [ -44.0242344, -8.61156759999994 ], [ -44.024785199999897, -8.61180419999994 ], [ -44.0251082, -8.61254149999996 ], [ -44.025901299999902, -8.61317849999995 ], [ -44.026312, -8.613359599999971 ], [ -44.026539, -8.613210299999929 ], [ -44.0266903999999, -8.612815299999969 ], [ -44.026335, -8.61151969999997 ], [ -44.0280447, -8.610744599999981 ], [ -44.024636299999898, -8.60371689999994 ], [ -44.024305899999902, -8.60369149999997 ], [ -43.841295199999898, -8.58960489999993 ], [ -43.8412812, -8.58960379999996 ], [ -43.7777646, -8.58471479999997 ], [ -43.7682849, -8.5839852 ], [ -43.7661684, -8.5858979 ], [ -43.7643746, -8.5872055 ], [ -43.7620829, -8.588305 ], [ -43.7584383, -8.5886121 ], [ -43.7581481, -8.5886366 ], [ -43.7525308, -8.589381 ], [ -43.7477723, -8.5919001 ], [ -43.745299, -8.5925878 ], [ -43.7442597, -8.5928766 ], [ -43.7423977, -8.5930086 ], [ -43.7403935, -8.5936248 ], [ -43.737137, -8.5943737 ], [ -43.7347007, -8.5954718 ], [ -43.7326924, -8.5974697 ], [ -43.7317959, -8.5980882 ], [ -43.7297179, -8.5987735 ], [ -43.7277879, -8.598697 ], [ -43.726288, -8.5982783 ], [ -43.7246473, -8.5968898 ], [ -43.7229009, -8.5948779 ], [ -43.7208995, -8.5943196 ], [ -43.7193993, -8.5941778 ], [ -43.7169628, -8.5954823 ], [ -43.7133488, -8.5965065 ], [ -43.7099054, -8.5987754 ], [ -43.7079738, -8.5993229 ], [ -43.7024986, -8.6004101 ], [ -43.6987062, -8.6008096 ], [ -43.6945235, -8.6006594 ], [ -43.6921633, -8.6000977 ], [ -43.6900169, -8.6000909 ], [ -43.6834375, -8.5991162 ], [ -43.701958, -8.7171434 ], [ -43.7925245, -8.8141545 ], [ -43.7928403, -8.8149974 ], [ -43.813542, -8.8701362 ], [ -43.8137316, -8.870641199999969 ], [ -43.8141065, -8.87163969999995 ], [ -43.8369144, -8.932388199999931 ] ] ] ] } },
{ "type": "Feature", "properties": { "CD_MUN": "2203206", "NM_MUN": "Curimatá", "CD_RGI": "220015", "NM_RGI": "Corrente", "CD_RGINT": "2205", "NM_RGINT": "Corrente - Bom Jesus", "CD_UF": "22", "NM_UF": "Piauí", "SIGLA_UF": "PI", "CD_REGIAO": "2", "NM_REGIAO": "Nordeste", "SIGLA_RG": "NE", "CD_CONCURB": null, "NM_CONCURB": null, "AREA_KM2": 2344.949 }, "geometry": { "type": "MultiPolygon", "coordinates": [ [ [ [ -44.1501511, -10.1373788 ], [ -44.1263417, -10.1603109 ], [ -44.108694199999903, -10.177308 ], [ -44.108293499999903, -10.1776939 ], [ -44.093297, -10.1921376999999 ], [ -44.2004511, -10.2411392 ], [ -44.2228875, -10.2513716999999 ], [ -44.223085, -10.251481 ], [ -44.223213799999897, -10.2515397999999 ], [ -44.307459999999899, -10.2900172 ], [ -44.309553799999897, -10.2752806 ], [ -44.3352244, -10.2401695999999 ], [ -44.3352015, -10.239005599999899 ], [ -44.344703099999897, -10.2332868999999 ], [ -44.359774199999897, -10.222237199999901 ], [ -44.3639886, -10.2166386 ], [ -44.365083899999902, -10.2106428999999 ], [ -44.3607605999999, -10.204897099999901 ], [ -44.3595698, -10.1878156 ], [ -44.362729, -10.1683973999999 ], [ -44.3777901999999, -10.159170699999899 ], [ -44.392601, -10.140813799999901 ], [ -44.390334799999899, -10.1206007 ], [ -44.3926531, -10.1129139 ], [ -44.403480199999898, -10.1084195999999 ], [ -44.4143978, -10.1067765 ], [ -44.4184691, -10.105025699999899 ], [ -44.4214115999999, -10.102680399999899 ], [ -44.4217422, -10.0986101999999 ], [ -44.4189770999999, -10.095473899999901 ], [ -44.4145877999999, -10.0871870999999 ], [ -44.410869299999902, -10.0500324 ], [ -44.410839199999899, -10.0497349 ], [ -44.4425047, -10.0115562 ], [ -44.446105, -9.993459 ], [ -44.446474, -9.993603 ], [ -44.446791, -9.993645 ], [ -44.447169, -9.993518 ], [ -44.448413, -9.991626 ], [ -44.448413, -9.99117 ], [ -44.448424, -9.990823 ], [ -44.448295, -9.990637 ], [ -44.448141, -9.990528 ], [ -44.448151, -9.990338 ], [ -44.448352, -9.990203 ], [ -44.448425, -9.989916 ], [ -44.448408, -9.989451 ], [ -44.448281, -9.988876 ], [ -44.448054, -9.988483 ], [ -44.447805, -9.988238 ], [ -44.447589999999899, -9.988053 ], [ -44.447526, -9.98782 ], [ -44.447599, -9.98766 ], [ -44.447792, -9.987491 ], [ -44.447823, -9.987254 ], [ -44.447579, -9.987014 ], [ -44.447356, -9.986917 ], [ -44.446716, -9.986731 ], [ -44.445982, -9.986059 ], [ -44.445535999999898, -9.98553 ], [ -44.445308, -9.985369 ], [ -44.444845, -9.985192 ], [ -44.444579, -9.984744 ], [ -44.444144999999899, -9.983992 ], [ -44.444064, -9.983573 ], [ -44.443991, -9.983306 ], [ -44.443854, -9.983007 ], [ -44.443523, -9.982762 ], [ -44.443347, -9.982593 ], [ -44.443367, -9.982273 ], [ -44.443272, -9.981999 ], [ -44.442899, -9.981559 ], [ -44.442765999999899, -9.981534 ], [ -44.442585, -9.981589 ], [ -44.442318999999898, -9.981602 ], [ -44.442088, -9.981433 ], [ -44.441749, -9.980765 ], [ -44.441369, -9.980095 ], [ -44.44118, -9.979905 ], [ -44.441133, -9.979715 ], [ -44.441047, -9.979529 ], [ -44.441080999999897, -9.979407 ], [ -44.441352, -9.979246 ], [ -44.44145, -9.978887 ], [ -44.44142, -9.978714 ], [ -44.441317, -9.978511 ], [ -44.441375999999899, -9.978264 ], [ -44.441608, -9.97799 ], [ -44.44208, -9.977715 ], [ -44.442771, -9.977529 ], [ -44.443418999999899, -9.977398 ], [ -44.443689, -9.977462 ], [ -44.444119, -9.977402 ], [ -44.444337, -9.97725 ], [ -44.444505, -9.977081 ], [ -44.444711, -9.976938 ], [ -44.44511, -9.976836 ], [ -44.44547, -9.976855 ], [ -44.445599, -9.97683 ], [ -44.445779, -9.97661 ], [ -44.445946999999897, -9.976576 ], [ -44.446114, -9.976589 ], [ -44.446255999999899, -9.976631 ], [ -44.446418999999899, -9.97653 ], [ -44.446543, -9.976302 ], [ -44.446877, -9.975962 ], [ -44.447206999999899, -9.975599 ], [ -44.447731, -9.97513 ], [ -44.448126, -9.974952 ], [ -44.448524, -9.974696 ], [ -44.448828999999897, -9.974646 ], [ -44.449056, -9.974658 ], [ -44.449352, -9.97481 ], [ -44.449815999999899, -9.974903 ], [ -44.450369, -9.974912 ], [ -44.450661, -9.974869 ], [ -44.451022, -9.974692 ], [ -44.451137, -9.974401 ], [ -44.451172, -9.974037 ], [ -44.451301999999899, -9.973732 ], [ -44.45143, -9.973668 ], [ -44.451619, -9.973677 ], [ -44.451684, -9.973841 ], [ -44.451794999999898, -9.974027 ], [ -44.452074, -9.97412 ], [ -44.452652999999898, -9.974036 ], [ -44.453203, -9.973812 ], [ -44.453426, -9.973879 ], [ -44.453691999999897, -9.973968 ], [ -44.453881, -9.974014 ], [ -44.454104, -9.97412 ], [ -44.454284, -9.974099 ], [ -44.454396, -9.974002 ], [ -44.454546, -9.973942 ], [ -44.454782, -9.973955 ], [ -44.455048, -9.973896 ], [ -44.455344, -9.973748 ], [ -44.455533, -9.97374 ], [ -44.455824999999898, -9.973845 ], [ -44.4561, -9.973803 ], [ -44.456469, -9.973605 ], [ -44.45679, -9.973326 ], [ -44.456992, -9.9733 ], [ -44.457254, -9.97333 ], [ -44.457425999999899, -9.973254 ], [ -44.457737, -9.973049 ], [ -44.457973, -9.973007 ], [ -44.458453, -9.972986 ], [ -44.458968, -9.972901 ], [ -44.459590999999897, -9.972779 ], [ -44.460152999999899, -9.972512 ], [ -44.460303, -9.972293 ], [ -44.460532, -9.971982 ], [ -44.460789, -9.97175 ], [ -44.461265, -9.971627 ], [ -44.461638999999899, -9.971534 ], [ -44.461905, -9.971568 ], [ -44.462158, -9.971699 ], [ -44.462351, -9.971914 ], [ -44.462498, -9.972044 ], [ -44.462652999999897, -9.972073 ], [ -44.462906, -9.97179 ], [ -44.463198, -9.97136 ], [ -44.463335, -9.970886 ], [ -44.463604, -9.970751 ], [ -44.463939, -9.970451 ], [ -44.464214, -9.970143 ], [ -44.464441, -9.969754 ], [ -44.464553, -9.969516 ], [ -44.46463, -9.969351 ], [ -44.464819, -9.969204 ], [ -44.464925999999899, -9.968946 ], [ -44.464973, -9.968684 ], [ -44.465025, -9.968329 ], [ -44.465184, -9.968046 ], [ -44.465620999999899, -9.967556 ], [ -44.465894999999897, -9.967258 ], [ -44.466113999999898, -9.967043 ], [ -44.466383999999898, -9.966904 ], [ -44.466856, -9.96673 ], [ -44.466985, -9.966566 ], [ -44.467222999999898, -9.96639 ], [ -44.467412, -9.966343 ], [ -44.467661, -9.966259 ], [ -44.467841, -9.966022 ], [ -44.468064, -9.965591 ], [ -44.468227, -9.965219 ], [ -44.468422, -9.96503 ], [ -44.468606, -9.964738 ], [ -44.468628, -9.964413 ], [ -44.468649, -9.96421 ], [ -44.468761, -9.964088 ], [ -44.468953999999897, -9.964054 ], [ -44.469138, -9.964083 ], [ -44.469413, -9.964248 ], [ -44.469653, -9.964257 ], [ -44.469773, -9.96432 ], [ -44.469889, -9.964404 ], [ -44.470035, -9.96443 ], [ -44.470203, -9.964371 ], [ -44.470451, -9.964447 ], [ -44.470636, -9.964463 ], [ -44.470771, -9.964445 ], [ -44.471012, -9.964361 ], [ -44.471243, -9.964344 ], [ -44.471393, -9.964378 ], [ -44.471492, -9.964496 ], [ -44.471569, -9.964644 ], [ -44.471719999999898, -9.964749 ], [ -44.472097, -9.964939 ], [ -44.472256, -9.964952 ], [ -44.472415, -9.964813 ], [ -44.472548, -9.964686 ], [ -44.472973, -9.96469 ], [ -44.47354, -9.964807 ], [ -44.473793999999899, -9.964824 ], [ -44.474163, -9.964689 ], [ -44.474978, -9.964245 ], [ -44.475443, -9.963809 ], [ -44.47588, -9.963615 ], [ -44.476052, -9.963425 ], [ -44.476115999999898, -9.963256 ], [ -44.476262, -9.963121 ], [ -44.476713, -9.962791 ], [ -44.477206, -9.962605 ], [ -44.477347, -9.962494 ], [ -44.477501, -9.96246 ], [ -44.477865999999899, -9.962574 ], [ -44.478291, -9.962616 ], [ -44.478608999999899, -9.962688 ], [ -44.479094, -9.963047 ], [ -44.479351, -9.963191 ], [ -44.479518, -9.963347 ], [ -44.479634, -9.963436 ], [ -44.47975, -9.963457 ], [ -44.479995, -9.963296 ], [ -44.480232999999899, -9.963252 ], [ -44.48046, -9.963168 ], [ -44.480725999999898, -9.962876 ], [ -44.481027, -9.962741 ], [ -44.481259, -9.962699 ], [ -44.481568, -9.962813 ], [ -44.481825, -9.962855 ], [ -44.4820799, -9.96288709999993 ], [ -44.482092599999902, -9.962888699999951 ], [ -44.48241, -9.962729 ], [ -44.482619999999898, -9.962585 ], [ -44.482847999999898, -9.962116 ], [ -44.482783, -9.961791 ], [ -44.482736, -9.961436 ], [ -44.482835, -9.961064 ], [ -44.483066, -9.960811 ], [ -44.483423, -9.960376 ], [ -44.483989999999899, -9.959671 ], [ -44.484487999999899, -9.958243 ], [ -44.484693, -9.957403 ], [ -44.484783, -9.957276 ], [ -44.484813, -9.957086 ], [ -44.484851999999897, -9.95682 ], [ -44.485031999999897, -9.956714 ], [ -44.485474, -9.956643 ], [ -44.485783, -9.956634 ], [ -44.486032, -9.956537 ], [ -44.486301, -9.95635 ], [ -44.486735, -9.956092 ], [ -44.487876, -9.956008 ], [ -44.488777, -9.955509 ], [ -44.489425, -9.954939 ], [ -44.490136, -9.953971 ], [ -44.490741, -9.952928 ], [ -44.491366, -9.951477 ], [ -44.491499, -9.950754 ], [ -44.491413, -9.950239 ], [ -44.491144, -9.949613 ], [ -44.490595, -9.948776 ], [ -44.489804999999897, -9.947855 ], [ -44.489018, -9.946814 ], [ -44.487992, -9.945766 ], [ -44.487121, -9.9443 ], [ -44.486565, -9.942553 ], [ -44.486176999999898, -9.938844 ], [ -44.485728, -9.935817 ], [ -44.484896, -9.934229 ], [ -44.484097, -9.933333 ], [ -44.483917, -9.932767 ], [ -44.484029, -9.932243 ], [ -44.484260999999897, -9.931892 ], [ -44.484693999999898, -9.931618 ], [ -44.484909, -9.931246 ], [ -44.484938999999898, -9.930942 ], [ -44.484818, -9.930642 ], [ -44.484484, -9.930502 ], [ -44.484085, -9.930383 ], [ -44.483697999999897, -9.930189 ], [ -44.483590999999898, -9.929953 ], [ -44.483552, -9.929644 ], [ -44.483590999999898, -9.929353 ], [ -44.483716, -9.929065 ], [ -44.483896, -9.928939 ], [ -44.484115, -9.92871 ], [ -44.484192, -9.928419 ], [ -44.484226, -9.928074 ], [ -44.484325, -9.927842 ], [ -44.484574, -9.927736 ], [ -44.484625, -9.927571 ], [ -44.48463, -9.927318 ], [ -44.484548, -9.926934 ], [ -44.484415, -9.926697 ], [ -44.484217999999899, -9.926498 ], [ -44.484243, -9.926329 ], [ -44.484440999999897, -9.926181 ], [ -44.484651, -9.926131 ], [ -44.484783999999898, -9.926063 ], [ -44.484934, -9.925814 ], [ -44.485165, -9.925651 ], [ -44.485654, -9.925439 ], [ -44.48592, -9.925068 ], [ -44.48601, -9.924806 ], [ -44.485985, -9.924569 ], [ -44.486061999999897, -9.924358 ], [ -44.486272, -9.924235 ], [ -44.486487, -9.924252 ], [ -44.486671, -9.924214 ], [ -44.486899, -9.9241 ], [ -44.487093, -9.923967 ], [ -44.487329, -9.923772 ], [ -44.487501, -9.923798 ], [ -44.487637999999897, -9.92384 ], [ -44.487848, -9.923802 ], [ -44.488256, -9.923722 ], [ -44.488405999999898, -9.923582 ], [ -44.488521999999897, -9.923417 ], [ -44.488694, -9.923329 ], [ -44.488754, -9.92324 ], [ -44.488795, -9.923086 ], [ -44.488919, -9.922938 ], [ -44.489228, -9.922782 ], [ -44.489339399999899, -9.922771 ], [ -44.489451, -9.92276 ], [ -44.489627, -9.922866 ], [ -44.489812, -9.923187 ], [ -44.489902, -9.923542 ], [ -44.490009, -9.923901 ], [ -44.490215, -9.924003 ], [ -44.490438, -9.923952 ], [ -44.490661, -9.923745 ], [ -44.490732, -9.923539 ], [ -44.490749, -9.923125 ], [ -44.490788, -9.92272 ], [ -44.490972999999897, -9.922567 ], [ -44.49132, -9.92236 ], [ -44.491569, -9.922048 ], [ -44.491757999999898, -9.921959 ], [ -44.491955, -9.921946 ], [ -44.49226, -9.921841 ], [ -44.492637, -9.922084 ], [ -44.492825, -9.922084 ], [ -44.493053, -9.921983 ], [ -44.493229, -9.921852 ], [ -44.493383, -9.921632 ], [ -44.493503, -9.921497 ], [ -44.493738999999898, -9.921396 ], [ -44.494023, -9.921374 ], [ -44.494409, -9.92126 ], [ -44.494912999999897, -9.921127 ], [ -44.495802, -9.92078 ], [ -44.496518, -9.920544 ], [ -44.496916999999897, -9.920172 ], [ -44.497369999999897, -9.919848 ], [ -44.497794999999897, -9.919548 ], [ -44.498014, -9.919252 ], [ -44.498164, -9.919117 ], [ -44.498688, -9.918901 ], [ -44.498778, -9.918715 ], [ -44.498773, -9.918474 ], [ -44.498786, -9.918263 ], [ -44.499018, -9.917832 ], [ -44.499192, -9.917388 ], [ -44.499136, -9.917084 ], [ -44.499136, -9.916907 ], [ -44.499252, -9.916565 ], [ -44.499471, -9.916315 ], [ -44.499660999999897, -9.91613 ], [ -44.499965, -9.916147 ], [ -44.500146, -9.91624 ], [ -44.500347, -9.916451 ], [ -44.500545, -9.916527 ], [ -44.500815, -9.916548 ], [ -44.50106, -9.91643 ], [ -44.50124, -9.91627 ], [ -44.501601, -9.915779 ], [ -44.502062, -9.91523 ], [ -44.502113, -9.914939 ], [ -44.502028, -9.914782 ], [ -44.501821999999898, -9.914635 ], [ -44.501779, -9.914512 ], [ -44.501839, -9.914428 ], [ -44.501959, -9.914292 ], [ -44.502069999999897, -9.914225 ], [ -44.502207999999897, -9.914246 ], [ -44.502276, -9.914428 ], [ -44.502328, -9.914571 ], [ -44.502499999999898, -9.914605 ], [ -44.502688, -9.914508 ], [ -44.50274, -9.914373 ], [ -44.50271, -9.914237 ], [ -44.502641, -9.914098 ], [ -44.502654, -9.913954 ], [ -44.502795999999897, -9.913823 ], [ -44.502989, -9.913819 ], [ -44.503245999999898, -9.913878 ], [ -44.503654, -9.913828 ], [ -44.503843, -9.913714 ], [ -44.503917999999899, -9.913524 ], [ -44.504175, -9.913355 ], [ -44.504478999999897, -9.913225 ], [ -44.504886999999897, -9.913128 ], [ -44.505037, -9.913196 ], [ -44.505220999999899, -9.913606 ], [ -44.505363, -9.91388 ], [ -44.505595, -9.913897 ], [ -44.505873999999899, -9.913682 ], [ -44.506053999999899, -9.913441 ], [ -44.506507, -9.913363 ], [ -44.506945, -9.913008 ], [ -44.507407999999899, -9.912865 ], [ -44.507652999999898, -9.912958 ], [ -44.507751, -9.91316 ], [ -44.507957, -9.913177 ], [ -44.508232, -9.913 ], [ -44.508356, -9.912692 ], [ -44.508459, -9.912476 ], [ -44.508786, -9.91237 ], [ -44.508957, -9.9124 ], [ -44.508913999999898, -9.912662 ], [ -44.508913999999898, -9.912945 ], [ -44.509043, -9.91298 ], [ -44.509331, -9.912861 ], [ -44.509365, -9.912726 ], [ -44.509335, -9.912553 ], [ -44.509501, -9.912391 ], [ -44.509939, -9.912231 ], [ -44.510247999999898, -9.912298 ], [ -44.510591, -9.91267 ], [ -44.511029, -9.912924 ], [ -44.511999, -9.913118 ], [ -44.513381, -9.913557 ], [ -44.515029, -9.913599 ], [ -44.515406, -9.91349 ], [ -44.516239, -9.912577 ], [ -44.517088, -9.911824 ], [ -44.517547, -9.911211 ], [ -44.517641, -9.910818 ], [ -44.517577, -9.910603 ], [ -44.517573, -9.910421 ], [ -44.517696999999899, -9.910362 ], [ -44.517907, -9.910324 ], [ -44.518607, -9.910311 ], [ -44.519189, -9.9103 ], [ -44.519713, -9.910131 ], [ -44.520125, -9.909877 ], [ -44.520365, -9.909598 ], [ -44.520648, -9.909057 ], [ -44.520889, -9.90861 ], [ -44.521693, -9.90748 ], [ -44.522234, -9.906864 ], [ -44.522984999999899, -9.906289 ], [ -44.52347, -9.906264 ], [ -44.523736, -9.906475 ], [ -44.523899, -9.906813 ], [ -44.524268, -9.907033 ], [ -44.524705, -9.90715 ], [ -44.525416999999898, -9.907019 ], [ -44.525872, -9.906715 ], [ -44.526202, -9.906325 ], [ -44.526494, -9.905848 ], [ -44.526442, -9.90548 ], [ -44.526266, -9.905134 ], [ -44.526262, -9.904855 ], [ -44.526386, -9.904694 ], [ -44.526601, -9.90466 ], [ -44.527287, -9.904652 ], [ -44.527923, -9.90476 ], [ -44.528493, -9.90495 ], [ -44.529369, -9.90544 ], [ -44.530025, -9.906023 ], [ -44.530386, -9.906234 ], [ -44.530935, -9.906323 ], [ -44.531532, -9.906229 ], [ -44.53194, -9.906068 ], [ -44.532618, -9.905684 ], [ -44.53309, -9.905304 ], [ -44.533836, -9.904689 ], [ -44.534174999999898, -9.904322 ], [ -44.53439, -9.904216 ], [ -44.534939, -9.904102 ], [ -44.535205, -9.903929 ], [ -44.535403, -9.903819 ], [ -44.536119, -9.90362 ], [ -44.536347, -9.903663 ], [ -44.53669, -9.903789 ], [ -44.536828, -9.903781 ], [ -44.537039, -9.903611 ], [ -44.537249, -9.903598 ], [ -44.537421, -9.903691 ], [ -44.537562, -9.903928 ], [ -44.537601, -9.904101 ], [ -44.537545, -9.904266 ], [ -44.537416999999898, -9.904439 ], [ -44.537425, -9.904587 ], [ -44.537562, -9.904752 ], [ -44.537794, -9.905043 ], [ -44.538172, -9.905145 ], [ -44.538653, -9.905056 ], [ -44.538764, -9.904955 ], [ -44.538983, -9.904236 ], [ -44.539107, -9.904126 ], [ -44.539318, -9.904126 ], [ -44.539524, -9.904207 ], [ -44.540231999999897, -9.904595 ], [ -44.54076, -9.904748 ], [ -44.541514, -9.904789 ], [ -44.542072, -9.904485 ], [ -44.542784, -9.904037 ], [ -44.543745999999899, -9.903665 ], [ -44.547608, -9.903268 ], [ -44.5519102, -9.90348449999993 ], [ -44.553690699999898, -9.90282609999997 ], [ -44.555722, -9.899603799999969 ], [ -44.5621201, -9.89497709999995 ], [ -44.563428, -9.89285759999996 ], [ -44.563633599999903, -9.88466889999995 ], [ -44.5648684, -9.876176599999949 ], [ -44.568516499999902, -9.87047249999995 ], [ -44.571893799999899, -9.867459399999969 ], [ -44.5727565, -9.867238599999951 ], [ -44.574678499999898, -9.864401199999969 ], [ -44.5750123, -9.86411409999994 ], [ -44.575387099999901, -9.863386199999979 ], [ -44.5751539, -9.863185099999949 ], [ -44.5752757, -9.862436 ], [ -44.5759696, -9.862061399999959 ], [ -44.578417699999903, -9.86218519999994 ], [ -44.5810776, -9.86194789999996 ], [ -44.5820442, -9.86160579999995 ], [ -44.5828013, -9.860646499999969 ], [ -44.5846792, -9.857621199999929 ], [ -44.586463, -9.85603309999993 ], [ -44.586708, -9.85553549999997 ], [ -44.5875419, -9.854951399999949 ], [ -44.5877623, -9.85461289999995 ], [ -44.5882486, -9.854161199999959 ], [ -44.5883408, -9.85320139999993 ], [ -44.5878496999999, -9.851268599999971 ], [ -44.588061099999898, -9.85000149999996 ], [ -44.5884952, -9.84939479999997 ], [ -44.5896744, -9.84936469999997 ], [ -44.5901873, -9.84960739999997 ], [ -44.590791399999901, -9.85048989999996 ], [ -44.591544199999902, -9.851241699999949 ], [ -44.592542099999903, -9.85181369999998 ], [ -44.5939617, -9.85163579999994 ], [ -44.5953216, -9.851186699999969 ], [ -44.5968023, -9.850182 ], [ -44.5975609, -9.84916549999997 ], [ -44.599651799999897, -9.84458 ], [ -44.6012861, -9.84243769999995 ], [ -44.6037494, -9.840457399999931 ], [ -44.6062747, -9.83962589999993 ], [ -44.6076322, -9.83887569999996 ], [ -44.6077835, -9.838428199999949 ], [ -44.607788399999897, -9.837168599999931 ], [ -44.6080587, -9.836613599999961 ], [ -44.6095089, -9.83577669999994 ], [ -44.6092432, -9.833832199999961 ], [ -44.6100673, -9.83278879999995 ], [ -44.610198, -9.83207459999994 ], [ -44.6099962, -9.831635199999941 ], [ -44.6092578, -9.831304299999941 ], [ -44.608776799999902, -9.830901 ], [ -44.6086708, -9.82917869999994 ], [ -44.607767, -9.827832699999931 ], [ -44.6055718, -9.82777429999993 ], [ -44.6052215, -9.827425499999951 ], [ -44.604280399999901, -9.82691049999994 ], [ -44.6042259, -9.826583199999961 ], [ -44.6045587, -9.826105699999969 ], [ -44.6054821, -9.825704299999931 ], [ -44.6054755, -9.824557899999951 ], [ -44.606174699999897, -9.82165059999994 ], [ -44.6070534, -9.819966 ], [ -44.6070829, -9.819312399999941 ], [ -44.6065113, -9.818953099999931 ], [ -44.606297, -9.818472299999939 ], [ -44.606462599999901, -9.817748399999971 ], [ -44.606879, -9.817024099999969 ], [ -44.6083862, -9.815941399999931 ], [ -44.6085686, -9.815460799999929 ], [ -44.608328, -9.81462129999994 ], [ -44.608395599999902, -9.814328499999929 ], [ -44.608479799999898, -9.813963 ], [ -44.6091154, -9.81306529999995 ], [ -44.6100698, -9.81295129999995 ], [ -44.6107459, -9.813995499999979 ], [ -44.6112591999999, -9.814159599999931 ], [ -44.6123607, -9.81326749999994 ], [ -44.614072399999898, -9.81140469999997 ], [ -44.615268, -9.80953669999997 ], [ -44.6153896, -9.808660599999939 ], [ -44.616768099999902, -9.80635569999993 ], [ -44.617222599999899, -9.803867499999971 ], [ -44.617737799999901, -9.80341729999998 ], [ -44.6193934, -9.802791199999939 ], [ -44.621116899999897, -9.798991299999949 ], [ -44.6211666, -9.798557 ], [ -44.6217895999999, -9.79678039999993 ], [ -44.6215715, -9.794471099999949 ], [ -44.6247284, -9.79173069999996 ], [ -44.625131199999899, -9.791097 ], [ -44.6256772999999, -9.790582499999971 ], [ -44.6259423, -9.789821899999939 ], [ -44.6262725, -9.78930419999995 ], [ -44.6265137, -9.788255499999931 ], [ -44.625794299999903, -9.787611 ], [ -44.6260632, -9.78629249999994 ], [ -44.6250368, -9.78598959999994 ], [ -44.625072499999902, -9.78553349999993 ], [ -44.6263868999999, -9.784131899999981 ], [ -44.6265227, -9.783038399999951 ], [ -44.6265437, -9.78165069999994 ], [ -44.625952799999901, -9.779361599999961 ], [ -44.6264383, -9.77495819999996 ], [ -44.6256547, -9.77309779999996 ], [ -44.6252353, -9.77045 ], [ -44.6252673, -9.76808949999997 ], [ -44.6245726, -9.76769919999998 ], [ -44.6242726, -9.76711969999997 ], [ -44.6236306, -9.76692989999998 ], [ -44.6226617, -9.766206299999959 ], [ -44.6212044, -9.76598809999996 ], [ -44.6198547, -9.766052099999969 ], [ -44.6187037, -9.76610669999997 ], [ -44.616771399999898, -9.766436299999951 ], [ -44.614432099999902, -9.76639049999994 ], [ -44.6130593, -9.76579959999998 ], [ -44.6122718, -9.765111299999941 ], [ -44.6110391, -9.76440009999993 ], [ -44.6094841, -9.76373649999994 ], [ -44.608802099999899, -9.763734899999969 ], [ -44.6072962, -9.76452769999997 ], [ -44.606834299999903, -9.765129299999961 ], [ -44.606321299999898, -9.766500899999929 ], [ -44.6058128, -9.766717299999931 ], [ -44.605108899999898, -9.766716899999951 ], [ -44.6043328, -9.766402899999949 ], [ -44.603922699999899, -9.765558 ], [ -44.603704, -9.764521799999949 ], [ -44.603171599999897, -9.76387169999998 ], [ -44.602491, -9.76343719999994 ], [ -44.6016918, -9.76329309999994 ], [ -44.600937299999899, -9.76353409999996 ], [ -44.599503, -9.76476 ], [ -44.5983611, -9.765384099999951 ], [ -44.5974373, -9.76641859999995 ], [ -44.5964663, -9.766320699999939 ], [ -44.5953279, -9.76550229999998 ], [ -44.594817299999903, -9.764825099999941 ], [ -44.594476, -9.763999 ], [ -44.5934106999999, -9.762755 ], [ -44.592077399999901, -9.762053599999939 ], [ -44.590233199999901, -9.76178549999997 ], [ -44.5884379, -9.76120709999998 ], [ -44.5862318, -9.75913309999993 ], [ -44.5843618, -9.758359899999959 ], [ -44.5831707, -9.758596099999981 ], [ -44.581932299999899, -9.758343599999931 ], [ -44.581418299999903, -9.75801629999995 ], [ -44.579604, -9.756500099999929 ], [ -44.575786799999896, -9.75449279999998 ], [ -44.574034099999899, -9.754503 ], [ -44.573299, -9.75483019999996 ], [ -44.5715499, -9.75477969999997 ], [ -44.5688572, -9.75321189999994 ], [ -44.567887799999902, -9.752898899999931 ], [ -44.567439599999901, -9.75285369999995 ], [ -44.566842999999899, -9.753089099999951 ], [ -44.5660174, -9.75323169999996 ], [ -44.5629843, -9.75074679999994 ], [ -44.561799999999899, -9.750167199999961 ], [ -44.560434, -9.75023789999995 ], [ -44.559077499999901, -9.751679 ], [ -44.5583999, -9.75187469999997 ], [ -44.5575226999999, -9.75165529999998 ], [ -44.5569417, -9.751244899999961 ], [ -44.5550747, -9.749146199999929 ], [ -44.554006399999899, -9.74888129999994 ], [ -44.5534507, -9.748929499999971 ], [ -44.552766, -9.749120599999969 ], [ -44.552354799999897, -9.74960289999996 ], [ -44.548812199999901, -9.74865719999997 ], [ -44.5471152, -9.747669099999939 ], [ -44.546265499999897, -9.746993399999949 ], [ -44.543236099999902, -9.74518519999998 ], [ -44.542530499999899, -9.74489269999998 ], [ -44.5420444, -9.74486869999993 ], [ -44.541194899999901, -9.74508469999995 ], [ -44.5383035999999, -9.746789799999929 ], [ -44.5373064, -9.74710169999997 ], [ -44.536457799999901, -9.74712309999995 ], [ -44.535464299999902, -9.746954799999971 ], [ -44.5334007, -9.74594059999993 ], [ -44.532795099999902, -9.745241199999951 ], [ -44.5316318, -9.744469399999961 ], [ -44.5303688, -9.744541099999941 ], [ -44.5289349, -9.745621 ], [ -44.5277454, -9.745932099999949 ], [ -44.5265547, -9.745834299999959 ], [ -44.525536299999899, -9.74544849999995 ], [ -44.5247366, -9.744941 ], [ -44.524153399999904, -9.744001299999979 ], [ -44.5225804, -9.74241049999995 ], [ -44.5220952, -9.74209549999995 ], [ -44.5215133, -9.742070699999941 ], [ -44.5208827, -9.741708 ], [ -44.520324699999897, -9.74093849999997 ], [ -44.5195816, -9.73872969999996 ], [ -44.518726699999903, -9.738335 ], [ -44.517800099999903, -9.73818819999997 ], [ -44.5157159, -9.738281899999951 ], [ -44.5137745, -9.73794129999993 ], [ -44.5131195, -9.73760289999996 ], [ -44.5116153, -9.736446899999979 ], [ -44.510209099999898, -9.735818399999969 ], [ -44.5079268, -9.735764699999949 ], [ -44.5060846, -9.73463069999997 ], [ -44.5053325, -9.734342399999949 ], [ -44.503342599999897, -9.734074499999959 ], [ -44.5004552, -9.73337139999995 ], [ -44.500138999999898, -9.733587599999961 ], [ -44.4996032, -9.73351489999993 ], [ -44.4981486, -9.731804299999959 ], [ -44.4968172, -9.730982399999959 ], [ -44.4963331, -9.73088609999996 ], [ -44.494853, -9.73112389999994 ], [ -44.491961699999898, -9.731166799999929 ], [ -44.4892669, -9.73176559999996 ], [ -44.4870584, -9.731809399999969 ], [ -44.4861839, -9.73197719999996 ], [ -44.4851166, -9.731806899999979 ], [ -44.4831755, -9.730916399999961 ], [ -44.482521899999902, -9.73043259999997 ], [ -44.480586, -9.727255 ], [ -44.479784799999898, -9.726863599999939 ], [ -44.479153799999899, -9.72674089999998 ], [ -44.478424699999898, -9.72695649999997 ], [ -44.477257, -9.72697969999996 ], [ -44.473733, -9.72632059999995 ], [ -44.4708037, -9.725427899999939 ], [ -44.467724, -9.723930499999939 ], [ -44.4669732999999, -9.723304799999941 ], [ -44.4663954, -9.722567899999939 ], [ -44.4663232, -9.72193679999998 ], [ -44.4662977, -9.721713 ], [ -44.466330899999903, -9.72165769999998 ], [ -44.466759099999898, -9.720943 ], [ -44.467413099999902, -9.72039079999996 ], [ -44.4675362999999, -9.719716 ], [ -44.467440699999898, -9.719330499999961 ], [ -44.4659148, -9.718394399999969 ], [ -44.4658238, -9.71836739999998 ], [ -44.4651808, -9.718177 ], [ -44.4613648, -9.71771949999993 ], [ -44.459395399999899, -9.716675699999939 ], [ -44.4585081, -9.71585349999998 ], [ -44.458272, -9.71515449999993 ], [ -44.4587117, -9.71447239999998 ], [ -44.459431299999899, -9.713759499999981 ], [ -44.459808199999898, -9.713077399999969 ], [ -44.4599984, -9.712068899999959 ], [ -44.459750799999902, -9.710780599999961 ], [ -44.4594379, -9.71005279999997 ], [ -44.4589539, -9.709570099999951 ], [ -44.4576643, -9.70866369999993 ], [ -44.455955399999901, -9.706926599999971 ], [ -44.4533761, -9.705851699999929 ], [ -44.452814499999903, -9.70524729999994 ], [ -44.451423799999901, -9.70465489999998 ], [ -44.4482012, -9.70443059999997 ], [ -44.4469362, -9.704196799999981 ], [ -44.4444978, -9.70319989999996 ], [ -44.4423598, -9.70158309999994 ], [ -44.4411719, -9.699641699999971 ], [ -44.441113599999902, -9.69906629999997 ], [ -44.4406258, -9.69891009999998 ], [ -44.440580899999901, -9.698917899999969 ], [ -44.440266199999897, -9.69897209999993 ], [ -44.4399066, -9.699034 ], [ -44.4387632, -9.699838599999961 ], [ -44.4359977, -9.70071909999996 ], [ -44.4353065, -9.70110689999996 ], [ -44.4343501, -9.701428599999931 ], [ -44.432721699999902, -9.70165949999995 ], [ -44.431455899999897, -9.70212429999998 ], [ -44.430353899999901, -9.70285059999998 ], [ -44.4277268, -9.70551569999998 ], [ -44.426553899999902, -9.70597859999998 ], [ -44.4261298, -9.706366599999971 ], [ -44.4243938, -9.707139699999971 ], [ -44.4233133, -9.70803689999997 ], [ -44.422386, -9.709789699999931 ], [ -44.4215745, -9.71020629999998 ], [ -44.4198842, -9.71056019999997 ], [ -44.4180545, -9.71037139999993 ], [ -44.417536599999899, -9.71021519999994 ], [ -44.4158719, -9.70891379999995 ], [ -44.4149437, -9.709110399999931 ], [ -44.414582499999902, -9.709464399999939 ], [ -44.4135946, -9.71129479999996 ], [ -44.4130772, -9.71258149999994 ], [ -44.4117593, -9.71441159999995 ], [ -44.4116263, -9.715518799999931 ], [ -44.4112234, -9.716085 ], [ -44.4106945, -9.71739 ], [ -44.4094383999999, -9.718053 ], [ -44.406120299999898, -9.718575 ], [ -44.404339, -9.718603399999949 ], [ -44.4035575999999, -9.71835239999996 ], [ -44.402853999999898, -9.717933199999949 ], [ -44.401904499999901, -9.717093299999931 ], [ -44.401321499999902, -9.717045 ], [ -44.399899199999901, -9.71752489999994 ], [ -44.3985054, -9.71825 ], [ -44.3976453, -9.71832709999995 ], [ -44.396409999999896, -9.71823039999998 ], [ -44.395724, -9.717549399999941 ], [ -44.3943945, -9.71689249999997 ], [ -44.3936744, -9.717172299999961 ], [ -44.391106799999903, -9.718703599999969 ], [ -44.3903349, -9.718980199999979 ], [ -44.3887458, -9.718791599999969 ], [ -44.386465, -9.717804 ], [ -44.385463199999897, -9.717514 ], [ -44.3848214, -9.717481899999941 ], [ -44.383023799999897, -9.71782009999993 ], [ -44.3822873, -9.718099499999941 ], [ -44.3808167, -9.71905079999993 ], [ -44.3792366, -9.71987949999993 ], [ -44.3779382, -9.720138799999971 ], [ -44.3767763, -9.721004099999959 ], [ -44.375461, -9.721280699999969 ], [ -44.3741181, -9.721248799999961 ], [ -44.3728839, -9.72057929999994 ], [ -44.371726, -9.72045259999993 ], [ -44.3706526, -9.719833899999969 ], [ -44.3695668, -9.72037119999993 ], [ -44.368816599999903, -9.72052519999994 ], [ -44.3681417, -9.72188929999993 ], [ -44.367167299999899, -9.72314509999995 ], [ -44.364494299999897, -9.72405749999996 ], [ -44.3639425, -9.72441149999997 ], [ -44.363318799999902, -9.72495179999993 ], [ -44.3627529, -9.72630009999995 ], [ -44.3619944, -9.727023 ], [ -44.361076399999902, -9.727555099999959 ], [ -44.359410399999902, -9.727568499999959 ], [ -44.357793399999899, -9.72717649999993 ], [ -44.356541299999897, -9.727189799999961 ], [ -44.354871199999899, -9.72771869999997 ], [ -44.352369, -9.727641899999981 ], [ -44.3508196, -9.727749499999961 ], [ -44.3490811, -9.729289899999969 ], [ -44.3484245, -9.729451 ], [ -44.342331, -9.727867199999929 ], [ -44.339629499999901, -9.72774369999996 ], [ -44.3367557, -9.72705519999994 ], [ -44.3353678, -9.726468699999939 ], [ -44.3335954, -9.72624979999995 ], [ -44.3316217, -9.72552389999993 ], [ -44.329592799999901, -9.72553419999997 ], [ -44.3290612, -9.725411399999929 ], [ -44.3266312, -9.72444889999997 ], [ -44.3246502, -9.72384949999997 ], [ -44.32155, -9.722135799999929 ], [ -44.320485399999903, -9.721342499999929 ], [ -44.3196733999999, -9.721236899999949 ], [ -44.3174167, -9.72196869999993 ], [ -44.316651599999901, -9.721974099999951 ], [ -44.3161928, -9.721670499999959 ], [ -44.3149974, -9.720419499999929 ], [ -44.313944299999903, -9.719574799999981 ], [ -44.3128277, -9.719315199999929 ], [ -44.3110378, -9.71932679999998 ], [ -44.308798399999901, -9.719713799999971 ], [ -44.306253599999899, -9.71943929999998 ], [ -44.304884899999898, -9.71888539999998 ], [ -44.3042685, -9.718481099999959 ], [ -44.3036987, -9.717852299999951 ], [ -44.220815199999898, -9.67592819999993 ], [ -44.1879534, -9.65943969999995 ], [ -44.180776799999897, -9.665236199999979 ], [ -44.177322699999898, -9.666865199999959 ], [ -44.1753449, -9.66869179999998 ], [ -44.1731465, -9.671978 ], [ -44.1688131, -9.676318499999979 ], [ -44.167319099999901, -9.67724739999994 ], [ -44.162046599999897, -9.68329539999996 ], [ -44.159985699999901, -9.68480729999993 ], [ -44.1561809, -9.685635899999969 ], [ -44.151846299999903, -9.69247679999995 ], [ -44.150224799999897, -9.696551899999969 ], [ -44.1458964999999, -9.70257239999995 ], [ -44.1415934999999, -9.706219 ], [ -44.1350656, -9.714312799999959 ], [ -44.132345799999896, -9.71844909999993 ], [ -44.1254013, -9.725162799999961 ], [ -44.123345, -9.72806409999993 ], [ -44.1182299, -9.72961139999995 ], [ -44.115895599999902, -9.731435799999931 ], [ -44.1138996, -9.73586139999998 ], [ -44.115399099999898, -9.746918 ], [ -44.116422999999898, -9.75145839999993 ], [ -44.119762799999897, -9.757224 ], [ -44.119924, -9.759742699999951 ], [ -44.1194489, -9.76130709999995 ], [ -44.1186236, -9.76238189999998 ], [ -44.116038499999902, -9.76869039999997 ], [ -44.116285499999897, -9.770101599999981 ], [ -44.1177893, -9.771718199999951 ], [ -44.1183735, -9.77811829999996 ], [ -44.1182315, -9.78165539999998 ], [ -44.118988, -9.785367199999939 ], [ -44.118647199999899, -9.787221599999951 ], [ -44.1138735, -9.797781199999971 ], [ -44.113293199999902, -9.801662299999981 ], [ -44.110291, -9.802368599999969 ], [ -44.1089569, -9.803097899999949 ], [ -44.1067917, -9.80654819999995 ], [ -44.106067799999899, -9.80971 ], [ -44.106261699999898, -9.81084779999998 ], [ -44.1071271, -9.812094099999969 ], [ -44.1112595, -9.81321139999994 ], [ -44.1129831, -9.814215799999941 ], [ -44.1135629, -9.815167699999961 ], [ -44.1134845999999, -9.819576699999971 ], [ -44.113461, -9.820588 ], [ -44.120362999999898, -9.823518 ], [ -44.120973, -9.823687 ], [ -44.121173999999897, -9.824013 ], [ -44.121085, -9.824528 ], [ -44.120759, -9.825458 ], [ -44.120982, -9.825864 ], [ -44.12142, -9.826075 ], [ -44.12233, -9.825754 ], [ -44.123626, -9.825187 ], [ -44.126167, -9.826645 ], [ -44.130184, -9.82883 ], [ -44.130449999999897, -9.829037 ], [ -44.134569, -9.831177 ], [ -44.138643, -9.833399 ], [ -44.139527, -9.83375 ], [ -44.140217999999898, -9.83413 ], [ -44.141136, -9.834435 ], [ -44.14184, -9.834439 ], [ -44.142434, -9.834656 ], [ -44.143052, -9.834876 ], [ -44.143499, -9.834804 ], [ -44.143839, -9.83479 ], [ -44.144972, -9.834951 ], [ -44.145144, -9.834735 ], [ -44.145182, -9.834473 ], [ -44.145212, -9.83403 ], [ -44.145676, -9.833632 ], [ -44.146959, -9.833134 ], [ -44.147512, -9.833074 ], [ -44.148766, -9.833396 ], [ -44.148924899999898, -9.83339469999993 ], [ -44.1486194, -9.833803299999939 ], [ -44.145514299999903, -9.83577379999997 ], [ -44.1381099, -9.84298079999996 ], [ -44.1350957, -9.849883199999971 ], [ -44.134148599999897, -9.851049699999979 ], [ -44.127461099999898, -9.85448839999998 ], [ -44.1230336, -9.86077979999993 ], [ -44.121430099999898, -9.86669619999998 ], [ -44.1198458, -9.868996099999951 ], [ -44.1142268, -9.873550799999981 ], [ -44.111375199999898, -9.874982099999951 ], [ -44.102594699999898, -9.877287499999969 ], [ -44.0971840999999, -9.88159709999996 ], [ -44.0958989, -9.886695599999941 ], [ -44.096227499999898, -9.887535199999951 ], [ -44.0988692, -9.88861919999994 ], [ -44.101734599999901, -9.89063509999994 ], [ -44.107296399999903, -9.896271199999941 ], [ -44.110570799999898, -9.898609199999949 ], [ -44.1164527, -9.913727399999971 ], [ -44.1175691, -9.914821599999931 ], [ -44.1224151, -9.91671509999998 ], [ -44.1243739, -9.918128899999941 ], [ -44.126012199999899, -9.920094199999941 ], [ -44.1261168, -9.921461299999979 ], [ -44.1251774999999, -9.922957799999949 ], [ -44.1248434, -9.924651799999941 ], [ -44.1251229, -9.92623889999993 ], [ -44.1273461, -9.928470899999979 ], [ -44.1277013, -9.93241119999993 ], [ -44.1284807, -9.93375519999995 ], [ -44.131533299999901, -9.93571529999997 ], [ -44.131671599999898, -9.939312399999951 ], [ -44.1309519, -9.94192969999995 ], [ -44.1294816, -9.945045799999949 ], [ -44.1278422, -9.946459399999981 ], [ -44.1255685, -9.95010309999998 ], [ -44.1115741, -9.950008399999939 ], [ -44.1172301, -10.0001473 ], [ -44.119464, -10.027978099999901 ], [ -44.116205, -10.0268300999999 ], [ -44.111213, -10.0250442 ], [ -44.099803, -10.043968 ], [ -44.097658, -10.044745 ], [ -44.095203, -10.045404 ], [ -44.094017999999899, -10.045539 ], [ -44.092027, -10.046705 ], [ -44.089281, -10.049475 ], [ -44.0879866, -10.0504546999999 ], [ -44.1338686, -10.1041658 ], [ -44.134064099999897, -10.1043946 ], [ -44.1567835, -10.1309907999999 ], [ -44.1552656, -10.1324528 ], [ -44.155256999999899, -10.132461099999899 ], [ -44.1501511, -10.1373788 ] ] ] ] } },
{ "type": "Feature", "properties": { "CD_MUN": "2203008", "NM_MUN": "Cristalândia do Piauí", "CD_RGI": "220015", "NM_RGI": "Corrente", "CD_RGINT": "2205", "NM_RGINT": "Corrente - Bom Jesus", "CD_UF": "22", "NM_UF": "Piauí", "SIGLA_UF": "PI", "CD_REGIAO": "2", "NM_REGIAO": "Nordeste", "SIGLA_RG": "NE", "CD_CONCURB": null, "NM_CONCURB": null, "AREA_KM2": 1202.898 }, "geometry": { "type": "MultiPolygon", "coordinates": [ [ [ [ -44.8904375, -10.7459585999999 ], [ -44.882169299999902, -10.752330299999899 ], [ -44.8782481, -10.7830594 ], [ -44.8638008, -10.8852262999999 ], [ -44.868702799999902, -10.8901164 ], [ -44.8784499, -10.8968384999999 ], [ -44.884429699999899, -10.9023106999999 ], [ -44.8869041, -10.902672 ], [ -44.8895211, -10.901607899999901 ], [ -44.8912324, -10.9011005999999 ], [ -44.8932351999999, -10.9011432999999 ], [ -44.895787599999899, -10.9019481999999 ], [ -44.897444699999902, -10.902939499999899 ], [ -44.8985478, -10.9045381999999 ], [ -44.899999299999898, -10.9083577 ], [ -44.901180199999899, -10.9100167999999 ], [ -44.9026873, -10.9108856999999 ], [ -44.9066319, -10.9109372 ], [ -44.909984, -10.9119557999999 ], [ -44.912962299999897, -10.9160686 ], [ -44.916057099999897, -10.9188275 ], [ -44.920945, -10.9218013 ], [ -44.924239499999899, -10.925110599999901 ], [ -44.928425699999899, -10.9279470999999 ], [ -44.9312179, -10.9287563 ], [ -44.9336967, -10.9276378 ], [ -44.9399556, -10.9234862 ], [ -44.9445818, -10.9191767 ], [ -44.944694599999899, -10.9189995999999 ], [ -44.9479823, -10.913836499999899 ], [ -44.9500189, -10.9120687 ], [ -44.9531066, -10.9106887999999 ], [ -44.9551918, -10.9080607 ], [ -44.9570724, -10.9075498999999 ], [ -44.959157499999897, -10.9077197 ], [ -44.9683773, -10.9005094 ], [ -44.9703003, -10.8982391 ], [ -44.972780499999899, -10.8927646 ], [ -44.9729948, -10.8922914 ], [ -44.9739182, -10.8914746999999 ], [ -44.9768344, -10.8893431 ], [ -44.9829769, -10.8865509 ], [ -44.9950448, -10.8838946 ], [ -44.9973898, -10.8843110999999 ], [ -45.002132699999898, -10.887018 ], [ -45.006411199999903, -10.8869390999999 ], [ -45.0165971, -10.8845990999999 ], [ -45.0182735, -10.883235399999901 ], [ -45.0192666, -10.8800388 ], [ -45.0192771, -10.880005099999901 ], [ -45.0194685, -10.879389199999901 ], [ -45.021973499999902, -10.8750914 ], [ -45.026423099999903, -10.871368 ], [ -45.0306917999999, -10.8666512 ], [ -45.0367785, -10.8621484 ], [ -45.0441016, -10.8605823 ], [ -45.045471099999901, -10.8596456999999 ], [ -45.0479979, -10.854748599999899 ], [ -45.0500021, -10.8521443 ], [ -45.051501599999902, -10.851384699999899 ], [ -45.0608897, -10.849348099999901 ], [ -45.063280899999903, -10.8482645 ], [ -45.068307699999899, -10.8428165 ], [ -45.073235699999898, -10.8404226 ], [ -45.0762979, -10.8399042 ], [ -45.082113299999897, -10.8395029 ], [ -45.0868723, -10.8399769 ], [ -45.0919337, -10.8415385 ], [ -45.0952884, -10.8433302 ], [ -45.102100999999898, -10.846000199999899 ], [ -45.1052963, -10.84682 ], [ -45.106543799999898, -10.846465899999901 ], [ -45.1117242, -10.8431441999999 ], [ -45.1165195, -10.8407723 ], [ -45.1242655, -10.8405764 ], [ -45.1271877, -10.8394400999999 ], [ -45.132825099999899, -10.8385259 ], [ -45.140338299999897, -10.8393305 ], [ -45.1500379, -10.83894 ], [ -45.1537961, -10.8390797 ], [ -45.153824299999897, -10.8390845 ], [ -45.157868199999903, -10.839231 ], [ -45.1597163, -10.8391394999999 ], [ -45.1642803, -10.8383838 ], [ -45.1663374, -10.8377527 ], [ -45.170944399999897, -10.8347315 ], [ -45.174235399999901, -10.8363697 ], [ -45.1781096, -10.836601799999899 ], [ -45.1805323, -10.83626 ], [ -45.186826499999903, -10.8342534999999 ], [ -45.1926233, -10.8344084 ], [ -45.193929599999898, -10.834042 ], [ -45.1980253, -10.8334924 ], [ -45.2014033, -10.832426199999899 ], [ -45.205129499999899, -10.8329274 ], [ -45.2112668, -10.8308971 ], [ -45.215576499999898, -10.8302227 ], [ -45.2179710999999, -10.8289005 ], [ -45.219154699999898, -10.8261348999999 ], [ -45.219442199999897, -10.8229782999999 ], [ -45.2186872999999, -10.819146799999899 ], [ -45.219223199999902, -10.817376099999899 ], [ -45.2234926, -10.8175846 ], [ -45.2260687, -10.8179469 ], [ -45.2354912, -10.819272 ], [ -45.2386025, -10.8199316999999 ], [ -45.239433, -10.8202193999999 ], [ -45.245945999999897, -10.822475699999901 ], [ -45.2459674, -10.8224830999999 ], [ -45.245991199999899, -10.8224772 ], [ -45.2480519, -10.821967399999901 ], [ -45.2502488, -10.8194195 ], [ -45.2503063999999, -10.819294699999899 ], [ -45.2510262, -10.817735 ], [ -45.2574428, -10.811845 ], [ -45.259357, -10.8060586999999 ], [ -45.2596371, -10.8040445 ], [ -45.263719599999902, -10.793814 ], [ -45.2637897, -10.7934605 ], [ -45.2661785, -10.7814202 ], [ -45.2664958, -10.7798175 ], [ -45.2672206, -10.7778845 ], [ -45.268465999999897, -10.7762298 ], [ -45.272851, -10.7732396 ], [ -45.2783441, -10.7712567999999 ], [ -45.2853254, -10.7671875 ], [ -45.2893789, -10.7656205 ], [ -45.2949664, -10.7643007999999 ], [ -45.306056, -10.7635324 ], [ -45.3135814, -10.763010999999899 ], [ -45.322373599999899, -10.7602651 ], [ -45.3289407, -10.7560508 ], [ -45.3297056, -10.7555599 ], [ -45.331106799999901, -10.7542478 ], [ -45.342627499999899, -10.743459 ], [ -45.356609799999902, -10.7333689 ], [ -45.356676499999899, -10.7333207999999 ], [ -45.358219, -10.7322075 ], [ -45.3601343, -10.7294825999999 ], [ -45.3621097, -10.722765299999899 ], [ -45.3621931, -10.707293 ], [ -45.3651555, -10.7008665 ], [ -45.3674662, -10.6916578 ], [ -45.367717599999899, -10.6867804 ], [ -45.3691162, -10.6799495 ], [ -45.371383799999897, -10.6732602 ], [ -45.377104099999897, -10.663117199999901 ], [ -45.385216, -10.6516326 ], [ -45.3902128, -10.6483001 ], [ -45.398525699999901, -10.646260799999901 ], [ -45.4118222, -10.6461356 ], [ -45.4144512, -10.6451162999999 ], [ -45.313032099999901, -10.6101578 ], [ -45.3112838, -10.6095551999999 ], [ -45.3044024, -10.6071832 ], [ -45.2757003, -10.6027796999999 ], [ -45.212012, -10.5930084999999 ], [ -45.208768399999897, -10.5925104 ], [ -45.208662699999898, -10.5924942 ], [ -45.191131799999901, -10.589802099999901 ], [ -45.162804, -10.6008656999999 ], [ -45.1623112, -10.6010582 ], [ -45.162137899999898, -10.6011258 ], [ -45.1113391, -10.6209560999999 ], [ -45.023918599999902, -10.6550427 ], [ -45.0074255, -10.6614676999999 ], [ -45.007210799999903, -10.6615514 ], [ -45.0004183, -10.6641974 ], [ -44.9942788, -10.666149099999901 ], [ -44.993664, -10.666344299999899 ], [ -44.9936418, -10.6663614 ], [ -44.8906145999999, -10.7458222 ], [ -44.8905172, -10.7458971 ], [ -44.8904375, -10.7459585999999 ] ] ] ] } },
{ "type": "Feature", "properties": { "CD_MUN": "2210623", "NM_MUN": "Sebastião Barros", "CD_RGI": "220015", "NM_RGI": "Corrente", "CD_RGINT": "2205", "NM_RGINT": "Corrente - Bom Jesus", "CD_UF": "22", "NM_UF": "Piauí", "SIGLA_UF": "PI", "CD_REGIAO": "2", "NM_REGIAO": "Nordeste", "SIGLA_RG": "NE", "CD_CONCURB": null, "NM_CONCURB": null, "AREA_KM2": 893.489 }, "geometry": { "type": "MultiPolygon", "coordinates": [ [ [ [ -44.724228099999898, -10.767904999999899 ], [ -44.724433, -10.7680291999999 ], [ -44.7308015999999, -10.771891 ], [ -44.739474599999902, -10.7743709 ], [ -44.746086799999901, -10.7775803 ], [ -44.7512268, -10.782141399999899 ], [ -44.7527899, -10.7835286 ], [ -44.7574491, -10.7876633999999 ], [ -44.758338799999898, -10.788983799999899 ], [ -44.7592576, -10.7920022 ], [ -44.7592101, -10.794672299999901 ], [ -44.7585647, -10.7983376 ], [ -44.758499, -10.8034651999999 ], [ -44.7589257, -10.8048461 ], [ -44.7606271, -10.805443899999901 ], [ -44.7662376, -10.8041473 ], [ -44.7673103, -10.8040422999999 ], [ -44.7719149, -10.8039441 ], [ -44.778172599999898, -10.8040275999999 ], [ -44.7840212999999, -10.8057772999999 ], [ -44.785318899999901, -10.806344399999899 ], [ -44.788061899999903, -10.808521599999899 ], [ -44.7927154, -10.8177234 ], [ -44.794146199999901, -10.8198065999999 ], [ -44.797792899999898, -10.8232879 ], [ -44.8015088, -10.8285923 ], [ -44.803880499999899, -10.8365833 ], [ -44.8048534, -10.8390087 ], [ -44.8082504, -10.8438914999999 ], [ -44.810323099999898, -10.846584199999899 ], [ -44.8107232, -10.847972599999901 ], [ -44.8104926, -10.849427299999901 ], [ -44.808622699999901, -10.853308899999901 ], [ -44.808180799999903, -10.8559036 ], [ -44.807642799999897, -10.8590632 ], [ -44.807611699999903, -10.8633348999999 ], [ -44.808329199999903, -10.866149499999899 ], [ -44.811142699999898, -10.8704266 ], [ -44.8143899, -10.8726879 ], [ -44.8180636, -10.8738521 ], [ -44.8221741, -10.8751546 ], [ -44.824234499999903, -10.8765152 ], [ -44.831109, -10.8829822 ], [ -44.8407407, -10.8968045 ], [ -44.8442989, -10.9000328 ], [ -44.8471491, -10.901088 ], [ -44.8475921, -10.9010564 ], [ -44.8492307, -10.9003855 ], [ -44.8507344, -10.898836 ], [ -44.852885699999902, -10.8945325 ], [ -44.8550238999999, -10.8844937 ], [ -44.856657799999901, -10.883316 ], [ -44.8596626, -10.883179299999901 ], [ -44.8638008, -10.8852262999999 ], [ -44.8782481, -10.7830594 ], [ -44.882169299999902, -10.752330299999899 ], [ -44.8904375, -10.7459585999999 ], [ -44.8905172, -10.7458971 ], [ -44.8906145999999, -10.7458222 ], [ -44.9936418, -10.6663614 ], [ -44.993664, -10.666344299999899 ], [ -44.9942788, -10.666149099999901 ], [ -45.0004183, -10.6641974 ], [ -45.007210799999903, -10.6615514 ], [ -45.0074255, -10.6614676999999 ], [ -45.023918599999902, -10.6550427 ], [ -45.028881399999896, -10.6152551 ], [ -44.9651185, -10.6159438999999 ], [ -44.9370385, -10.5755351 ], [ -44.9369819, -10.5754535999999 ], [ -44.936414399999897, -10.574637 ], [ -44.9362996, -10.5744702 ], [ -44.8956843, -10.5160453999999 ], [ -44.89152, -10.510055 ], [ -44.891168, -10.509852 ], [ -44.891048, -10.509624 ], [ -44.890885, -10.509296 ], [ -44.890557999999899, -10.509008999999899 ], [ -44.890249, -10.508882 ], [ -44.889859, -10.508861 ], [ -44.889468, -10.508743 ], [ -44.889300999999897, -10.508638 ], [ -44.889267, -10.508452 ], [ -44.889382, -10.508144 ], [ -44.88955, -10.507735 ], [ -44.889556, -10.507507 ], [ -44.889329, -10.507153 ], [ -44.889097, -10.506862 ], [ -44.888797, -10.506668 ], [ -44.888582, -10.506634 ], [ -44.888376, -10.506639 ], [ -44.888204, -10.506482 ], [ -44.888097, -10.506154 ], [ -44.887848, -10.505846 ], [ -44.887277, -10.50561 ], [ -44.887029, -10.505643 ], [ -44.886775, -10.505791 ], [ -44.886655, -10.50601 ], [ -44.886508999999897, -10.506432 ], [ -44.886231, -10.506841999999899 ], [ -44.885841, -10.507698 ], [ -44.885463, -10.508495 ], [ -44.885086, -10.508937999999899 ], [ -44.884771999999899, -10.509107 ], [ -44.884115999999899, -10.509115 ], [ -44.883485, -10.508879 ], [ -44.882990999999897, -10.508293 ], [ -44.882764, -10.507888 ], [ -44.882793999999897, -10.507314 ], [ -44.882973999999898, -10.506943 ], [ -44.883197, -10.506547 ], [ -44.88325, -10.506069 ], [ -44.883168, -10.505752 ], [ -44.882898, -10.505469999999899 ], [ -44.882658, -10.505415 ], [ -44.882387, -10.505508 ], [ -44.88225, -10.50566 ], [ -44.882237, -10.505976 ], [ -44.882194, -10.506225 ], [ -44.882031, -10.506414999999899 ], [ -44.881515, -10.506438 ], [ -44.881172, -10.50653 ], [ -44.880794, -10.506466999999899 ], [ -44.880532, -10.506362 ], [ -44.880291999999898, -10.506358 ], [ -44.880021999999897, -10.506442 ], [ -44.879888999999899, -10.506623 ], [ -44.879863, -10.506834 ], [ -44.879657, -10.507003 ], [ -44.879258999999898, -10.507086 ], [ -44.878619, -10.507027 ], [ -44.878289, -10.506972 ], [ -44.878087, -10.507023 ], [ -44.87774, -10.507301 ], [ -44.877431, -10.507563 ], [ -44.877142999999897, -10.507681 ], [ -44.876941, -10.507605 ], [ -44.876855, -10.507419 ], [ -44.876967, -10.507225 ], [ -44.877023, -10.50704 ], [ -44.877014, -10.506745 ], [ -44.876521, -10.506226 ], [ -44.876143, -10.505809 ], [ -44.875735, -10.505581 ], [ -44.875315999999899, -10.505617 ], [ -44.875037, -10.505735 ], [ -44.874749, -10.505778 ], [ -44.874436, -10.505617 ], [ -44.874097, -10.505322 ], [ -44.873702, -10.505217 ], [ -44.873415, -10.505331 ], [ -44.873149, -10.505453 ], [ -44.872543999999898, -10.505461 ], [ -44.872005, -10.505416 ], [ -44.871553999999897, -10.505572 ], [ -44.870995999999899, -10.505799 ], [ -44.87052, -10.505728 ], [ -44.870057, -10.505382 ], [ -44.869409, -10.504922 ], [ -44.86916, -10.504463 ], [ -44.868878, -10.504078 ], [ -44.868414, -10.503715 ], [ -44.867885999999899, -10.503475 ], [ -44.867297, -10.503071 ], [ -44.8652169, -10.5028257 ], [ -44.8624545, -10.501734 ], [ -44.8605759, -10.5018155 ], [ -44.85939, -10.50052 ], [ -44.85936, -10.500237 ], [ -44.859188, -10.500093999999899 ], [ -44.858596, -10.499938 ], [ -44.858244, -10.500123 ], [ -44.857754999999898, -10.50065 ], [ -44.857504999999897, -10.50125 ], [ -44.857333, -10.501406 ], [ -44.857162, -10.501368 ], [ -44.85693, -10.501128 ], [ -44.856707, -10.50079 ], [ -44.856505, -10.500453 ], [ -44.856389, -10.500162 ], [ -44.856205, -10.500019 ], [ -44.85599, -10.500048 ], [ -44.855728, -10.500057 ], [ -44.855355, -10.499943 ], [ -44.854952, -10.49996 ], [ -44.854397999999897, -10.500154 ], [ -44.854019999999899, -10.500301 ], [ -44.853614, -10.500173 ], [ -44.853532, -10.499852 ], [ -44.853438, -10.499552999999899 ], [ -44.853411999999899, -10.499266 ], [ -44.85335, -10.498999 ], [ -44.853161, -10.498944 ], [ -44.853058, -10.499032 ], [ -44.852958999999899, -10.499302 ], [ -44.852852, -10.499419999999899 ], [ -44.852719, -10.499294 ], [ -44.85265, -10.499003 ], [ -44.85262, -10.498821 ], [ -44.85241, -10.498653 ], [ -44.852139, -10.498552 ], [ -44.851881999999897, -10.498429 ], [ -44.851753, -10.498286 ], [ -44.851793, -10.498064 ], [ -44.85172, -10.497708999999899 ], [ -44.851784, -10.497473 ], [ -44.852295, -10.496917 ], [ -44.852443999999899, -10.496623 ], [ -44.852216999999897, -10.495889 ], [ -44.851788, -10.495611 ], [ -44.850929, -10.495299 ], [ -44.850449, -10.495219 ], [ -44.849818, -10.495257 ], [ -44.849263999999899, -10.495324 ], [ -44.849007, -10.49529 ], [ -44.848745, -10.495092 ], [ -44.84856, -10.494805 ], [ -44.848384, -10.494601999999899 ], [ -44.848166, -10.494514 ], [ -44.847968, -10.494539 ], [ -44.847645999999898, -10.494653 ], [ -44.847402, -10.494665999999899 ], [ -44.847294, -10.49451 ], [ -44.847226, -10.494185 ], [ -44.847208, -10.493894 ], [ -44.847039, -10.493615 ], [ -44.846936, -10.493193 ], [ -44.846842, -10.492881 ], [ -44.846657, -10.492543 ], [ -44.846429999999899, -10.492282 ], [ -44.846146, -10.492122 ], [ -44.8457, -10.491885 ], [ -44.844789999999897, -10.491375 ], [ -44.844395, -10.491125 ], [ -44.844287999999899, -10.490825 ], [ -44.844365, -10.490635 ], [ -44.844541, -10.490433 ], [ -44.844752, -10.489965 ], [ -44.845043, -10.489602 ], [ -44.845142, -10.489404 ], [ -44.845296, -10.488709 ], [ -44.845828, -10.488127 ], [ -44.846064, -10.487979 ], [ -44.846527, -10.487984 ], [ -44.846792999999899, -10.487861 ], [ -44.846982, -10.487536 ], [ -44.847085, -10.48714 ], [ -44.846991, -10.486777 ], [ -44.846874, -10.486576 ], [ -44.846483, -10.486205 ], [ -44.846286, -10.485872 ], [ -44.846027999999897, -10.485344999999899 ], [ -44.846024, -10.485226 ], [ -44.846198, -10.484949 ], [ -44.846674, -10.484422 ], [ -44.847112, -10.484232 ], [ -44.847369, -10.484079999999899 ], [ -44.847571, -10.483590999999899 ], [ -44.847558, -10.4833 ], [ -44.847445, -10.483173 ], [ -44.847183, -10.482999999999899 ], [ -44.847075, -10.482662 ], [ -44.847062999999899, -10.482308 ], [ -44.847169999999899, -10.482017 ], [ -44.847375999999898, -10.481751 ], [ -44.847741, -10.481591 ], [ -44.84835, -10.481464 ], [ -44.848711, -10.481202999999899 ], [ -44.848757, -10.481021 ], [ -44.848790999999899, -10.48065 ], [ -44.848491, -10.479356 ], [ -44.84844, -10.478277 ], [ -44.848487, -10.477395 ], [ -44.848689, -10.476792 ], [ -44.849063999999899, -10.476313 ], [ -44.849523, -10.475864999999899 ], [ -44.84969, -10.475532 ], [ -44.849673, -10.475326 ], [ -44.849437, -10.475018 ], [ -44.84913, -10.474864 ], [ -44.848970999999899, -10.474877 ], [ -44.848285, -10.474902 ], [ -44.848014, -10.474805 ], [ -44.847718, -10.474476 ], [ -44.847662, -10.474194 ], [ -44.847722, -10.474055 ], [ -44.847933, -10.473953 ], [ -44.848147, -10.473932 ], [ -44.848391999999897, -10.473848 ], [ -44.848439, -10.473616 ], [ -44.848408999999897, -10.47349 ], [ -44.848285, -10.473363 ], [ -44.848044, -10.473325 ], [ -44.847803999999897, -10.473253 ], [ -44.847641, -10.473021 ], [ -44.847349, -10.472773 ], [ -44.846963, -10.472582 ], [ -44.846516, -10.47246 ], [ -44.846203, -10.472182 ], [ -44.845997, -10.47195 ], [ -44.845847, -10.47165 ], [ -44.845641, -10.471313 ], [ -44.845199, -10.470857 ], [ -44.844400999999898, -10.470182 ], [ -44.844072, -10.470025 ], [ -44.84345, -10.46997 ], [ -44.842549, -10.470172 ], [ -44.841701999999898, -10.470266 ], [ -44.841218, -10.470178 ], [ -44.840561, -10.470026 ], [ -44.840248, -10.469828 ], [ -44.839973, -10.469777 ], [ -44.839793, -10.469802 ], [ -44.839595, -10.469971 ], [ -44.839411, -10.470161 ], [ -44.839213, -10.470313 ], [ -44.838986, -10.470338 ], [ -44.838724, -10.470498 ], [ -44.838279999999898, -10.470876 ], [ -44.837632, -10.471618 ], [ -44.836906999999897, -10.472255 ], [ -44.836628, -10.472364 ], [ -44.836455999999899, -10.472284 ], [ -44.83616, -10.471998 ], [ -44.835838, -10.471639 ], [ -44.835482, -10.47112 ], [ -44.835383, -10.470766 ], [ -44.835267, -10.470146 ], [ -44.835104999999899, -10.469424 ], [ -44.834955, -10.468817 ], [ -44.834989, -10.468517 ], [ -44.834929, -10.468315 ], [ -44.834736, -10.468091 ], [ -44.834178, -10.467792 ], [ -44.833486999999899, -10.467471 ], [ -44.832073, -10.466921 ], [ -44.830614, -10.466322 ], [ -44.830189, -10.466065 ], [ -44.829631, -10.465445 ], [ -44.829321, -10.464988 ], [ -44.829253, -10.464617 ], [ -44.829291, -10.463968 ], [ -44.829459, -10.463542 ], [ -44.829755, -10.463103 ], [ -44.830212, -10.462708 ], [ -44.830537999999898, -10.46248 ], [ -44.831083, -10.462122 ], [ -44.831117, -10.461979 ], [ -44.831109, -10.461822 ], [ -44.831006, -10.461603 ], [ -44.830907, -10.461253 ], [ -44.83071, -10.460477 ], [ -44.830446, -10.459821 ], [ -44.830111, -10.459349 ], [ -44.829939, -10.458826 ], [ -44.829878999999899, -10.458539 ], [ -44.830111, -10.457982 ], [ -44.830774, -10.456129 ], [ -44.830997, -10.455568 ], [ -44.831002, -10.455091 ], [ -44.830877, -10.454804 ], [ -44.830525, -10.454243 ], [ -44.830418, -10.45391 ], [ -44.830191, -10.452872 ], [ -44.830123, -10.452151 ], [ -44.830209, -10.451286 ], [ -44.830166, -10.450897999999899 ], [ -44.829994, -10.450653 ], [ -44.829588999999899, -10.450494 ], [ -44.829348, -10.450305 ], [ -44.828876, -10.44979 ], [ -44.828584, -10.449267 ], [ -44.828283999999897, -10.448769 ], [ -44.828082, -10.448664 ], [ -44.827882, -10.448546 ], [ -44.827444, -10.448302 ], [ -44.826792, -10.44823 ], [ -44.826456999999898, -10.448361 ], [ -44.826298, -10.448479 ], [ -44.826201, -10.448879 ], [ -44.825884, -10.449402 ], [ -44.825386, -10.45014 ], [ -44.824883999999898, -10.450705 ], [ -44.824609, -10.450759999999899 ], [ -44.824515, -10.450608 ], [ -44.824523, -10.450321 ], [ -44.824635, -10.449895 ], [ -44.824815, -10.449275 ], [ -44.825085, -10.4488 ], [ -44.825012, -10.448509 ], [ -44.824818, -10.448269 ], [ -44.824320999999898, -10.447935 ], [ -44.8239088, -10.4476966 ], [ -44.8236, -10.447517999999899 ], [ -44.823189, -10.44761 ], [ -44.822915, -10.447893 ], [ -44.822512, -10.448159 ], [ -44.822216, -10.44824 ], [ -44.821908, -10.448417 ], [ -44.821539, -10.448856 ], [ -44.821015, -10.44953 ], [ -44.820753, -10.449733 ], [ -44.820462, -10.449817 ], [ -44.820177999999899, -10.44983 ], [ -44.819702, -10.449691 ], [ -44.81947, -10.44967 ], [ -44.819183, -10.449793999999899 ], [ -44.818844, -10.44992 ], [ -44.818547, -10.449933 ], [ -44.818379999999898, -10.449752 ], [ -44.818328999999899, -10.449503 ], [ -44.81835, -10.449288 ], [ -44.818286, -10.449047 ], [ -44.818166, -10.448908 ], [ -44.818028, -10.448862 ], [ -44.817831, -10.448891 ], [ -44.817608, -10.448853 ], [ -44.816611, -10.448276 ], [ -44.816242, -10.448171 ], [ -44.815864, -10.448267999999899 ], [ -44.81571, -10.448428 ], [ -44.815504, -10.448691 ], [ -44.8151, -10.44902 ], [ -44.814799999999899, -10.449281 ], [ -44.814521, -10.449712 ], [ -44.814391999999899, -10.449888999999899 ], [ -44.814186, -10.44991 ], [ -44.8138, -10.449886 ], [ -44.8125, -10.449663 ], [ -44.812160999999897, -10.449511 ], [ -44.811616, -10.448878 ], [ -44.811066, -10.448144 ], [ -44.810278, -10.446678 ], [ -44.809986, -10.445944 ], [ -44.809821999999897, -10.445032 ], [ -44.809895, -10.444281 ], [ -44.809989, -10.443708 ], [ -44.810161, -10.443433 ], [ -44.810465, -10.44329 ], [ -44.810811999999899, -10.443235 ], [ -44.811151, -10.443686 ], [ -44.811477, -10.443653 ], [ -44.811662, -10.443534999999899 ], [ -44.811644999999899, -10.443235 ], [ -44.811357, -10.442788 ], [ -44.811211, -10.442467 ], [ -44.811275, -10.442257 ], [ -44.811503, -10.442109 ], [ -44.812202, -10.441763 ], [ -44.813423, -10.440966999999899 ], [ -44.814016, -10.440414 ], [ -44.8142281, -10.4398947 ], [ -44.814166999999898, -10.439504 ], [ -44.814025, -10.439297 ], [ -44.813721, -10.439171 ], [ -44.813287, -10.438495999999899 ], [ -44.813304, -10.438289 ], [ -44.813403, -10.438108 ], [ -44.813733, -10.437826 ], [ -44.814197, -10.437535 ], [ -44.814343, -10.437286 ], [ -44.814438, -10.436528 ], [ -44.8156, -10.434437 ], [ -44.8156, -10.434125 ], [ -44.81551, -10.433737 ], [ -44.815381, -10.433075 ], [ -44.815467, -10.432898 ], [ -44.815665, -10.43286 ], [ -44.815857999999899, -10.432868 ], [ -44.816098, -10.432855 ], [ -44.81633, -10.432801 ], [ -44.816552999999899, -10.432682 ], [ -44.816983, -10.432347 ], [ -44.817613999999899, -10.432149 ], [ -44.818382, -10.432039 ], [ -44.818906, -10.431912 ], [ -44.819086, -10.431798 ], [ -44.819202, -10.431491 ], [ -44.819184999999898, -10.431229 ], [ -44.819086, -10.430799 ], [ -44.818974, -10.430638 ], [ -44.818721, -10.430478 ], [ -44.818447, -10.430318 ], [ -44.818289999999898, -10.430086 ], [ -44.818067, -10.429504 ], [ -44.818045, -10.429031 ], [ -44.818135, -10.428790999999899 ], [ -44.818466, -10.428508 ], [ -44.818624999999898, -10.428276 ], [ -44.81862, -10.428082 ], [ -44.818449, -10.427997999999899 ], [ -44.818157, -10.42801 ], [ -44.817715, -10.428107 ], [ -44.81743, -10.428532 ], [ -44.817151, -10.428726 ], [ -44.816653, -10.428979 ], [ -44.816133, -10.429148 ], [ -44.815434, -10.429253 ], [ -44.814777, -10.429274 ], [ -44.814224, -10.429139 ], [ -44.813726, -10.428886 ], [ -44.813464, -10.42881 ], [ -44.813256, -10.428862 ], [ -44.813178999999899, -10.42941 ], [ -44.81323, -10.429807 ], [ -44.813428, -10.430161 ], [ -44.813728, -10.430397 ], [ -44.814089, -10.430693 ], [ -44.814079999999898, -10.430904 ], [ -44.813891, -10.431080999999899 ], [ -44.813617, -10.431130999999899 ], [ -44.813178999999899, -10.431064 ], [ -44.812604, -10.430819 ], [ -44.812053999999897, -10.430718 ], [ -44.811428, -10.430684 ], [ -44.810492, -10.430828 ], [ -44.809943, -10.430963 ], [ -44.809497, -10.430945999999899 ], [ -44.809049, -10.430743 ], [ -44.808573, -10.430342999999899 ], [ -44.808461, -10.429887 ], [ -44.808400999999897, -10.429583 ], [ -44.808191, -10.429225 ], [ -44.807912, -10.429005 ], [ -44.80753, -10.428811 ], [ -44.8071275, -10.4287221 ], [ -44.806316099999897, -10.4286533 ], [ -44.806064499999898, -10.4288577 ], [ -44.8016491, -10.4324437999999 ], [ -44.8002705, -10.4335624 ], [ -44.8001834, -10.4336331 ], [ -44.797688, -10.435658 ], [ -44.7083107, -10.5081805999999 ], [ -44.7696141, -10.5660943999999 ], [ -44.7346641, -10.6449039 ], [ -44.734638399999902, -10.6449615 ], [ -44.7199843, -10.6777852 ], [ -44.6870651, -10.727851 ], [ -44.6667763, -10.7588804 ], [ -44.667684699999903, -10.760056599999899 ], [ -44.671677499999902, -10.7630612 ], [ -44.680688, -10.767915899999901 ], [ -44.685146599999896, -10.7690608 ], [ -44.6872112, -10.7692051 ], [ -44.6930186, -10.7680619 ], [ -44.7098913, -10.7615367 ], [ -44.7118149, -10.7611818 ], [ -44.7145743, -10.7617251 ], [ -44.7198308, -10.7647578999999 ], [ -44.723900899999897, -10.767706599999901 ], [ -44.724228099999898, -10.767904999999899 ] ] ] ] } },
{ "type": "Feature", "properties": { "CD_MUN": "2201903", "NM_MUN": "Bom Jesus", "CD_RGI": "220016", "NM_RGI": "Bom Jesus", "CD_RGINT": "2205", "NM_RGINT": "Corrente - Bom Jesus", "CD_UF": "22", "NM_UF": "Piauí", "SIGLA_UF": "PI", "CD_REGIAO": "2", "NM_REGIAO": "Nordeste", "SIGLA_RG": "NE", "CD_CONCURB": null, "NM_CONCURB": null, "AREA_KM2": 5470.984 }, "geometry": { "type": "MultiPolygon", "coordinates": [ [ [ [ -43.8165427, -9.39813729999997 ], [ -43.782168199999902, -9.45265419999993 ], [ -43.7842477, -9.45477289999997 ], [ -43.7861763, -9.45764609999998 ], [ -43.9249834, -9.52696629999997 ], [ -43.9252364, -9.52709259999995 ], [ -44.0434451, -9.586111 ], [ -44.0901239, -9.54422119999998 ], [ -44.127563699999897, -9.51062249999995 ], [ -44.2182776, -9.429215499999939 ], [ -44.260572, -9.413193699999971 ], [ -44.285363, -9.403802399999959 ], [ -44.290374, -9.401904099999969 ], [ -44.3927515, -9.363121799999931 ], [ -44.4284178, -9.344926399999959 ], [ -44.491154499999901, -9.32250529999993 ], [ -44.4923046, -9.32209429999995 ], [ -44.494182, -9.321423299999941 ], [ -44.5074928, -9.31605039999994 ], [ -44.5081036, -9.316024899999951 ], [ -44.5079054999999, -9.31618519999995 ], [ -44.507560899999902, -9.31634309999993 ], [ -44.507299499999903, -9.316559099999949 ], [ -44.5071237, -9.316772899999931 ], [ -44.5069652, -9.31706069999996 ], [ -44.506843199999899, -9.317400099999929 ], [ -44.506871499999903, -9.317816 ], [ -44.5070279, -9.31828459999997 ], [ -44.507343299999903, -9.318749599999929 ], [ -44.507799599999899, -9.319032599999961 ], [ -44.508271299999898, -9.319180499999961 ], [ -44.5089945, -9.31936019999995 ], [ -44.5095851, -9.319687899999961 ], [ -44.5096955, -9.319749199999929 ], [ -44.5100576, -9.320157799999951 ], [ -44.510136799999898, -9.320441099999931 ], [ -44.5101316, -9.32071229999997 ], [ -44.510012399999901, -9.32146869999997 ], [ -44.509988, -9.32169469999997 ], [ -44.510066299999899, -9.32224749999995 ], [ -44.5099738, -9.32288029999995 ], [ -44.509919099999898, -9.323255 ], [ -44.510079899999901, -9.32374529999993 ], [ -44.510452299999898, -9.32455459999994 ], [ -44.5106239, -9.32491149999993 ], [ -44.510602999999897, -9.32517189999993 ], [ -44.51051, -9.32533709999996 ], [ -44.510085699999898, -9.325472199999981 ], [ -44.5095023, -9.32557609999998 ], [ -44.50898, -9.32585029999996 ], [ -44.508690199999897, -9.32624249999998 ], [ -44.5085849, -9.32649109999994 ], [ -44.5086486, -9.32664459999995 ], [ -44.5087907, -9.326732799999951 ], [ -44.5093752, -9.32679889999997 ], [ -44.5099718, -9.327064099999969 ], [ -44.5102027, -9.327369 ], [ -44.510270799999901, -9.327786599999969 ], [ -44.5101976999999, -9.328345599999979 ], [ -44.51005, -9.32912059999995 ], [ -44.5099484, -9.32940359999998 ], [ -44.509834699999899, -9.32965089999993 ], [ -44.5098091, -9.32988519999998 ], [ -44.5098341, -9.33006719999997 ], [ -44.5099954, -9.330200699999979 ], [ -44.5102641, -9.33024729999994 ], [ -44.5107871, -9.330143299999969 ], [ -44.5111355, -9.32999739999997 ], [ -44.5114781, -9.32965529999996 ], [ -44.5117844, -9.32938449999995 ], [ -44.5122109, -9.329232799999939 ], [ -44.512773599999903, -9.32926179999993 ], [ -44.513024899999898, -9.32960349999996 ], [ -44.512994299999903, -9.32993049999993 ], [ -44.5127591, -9.330126499999951 ], [ -44.512351399999901, -9.330442399999979 ], [ -44.512081, -9.330760899999969 ], [ -44.511750999999897, -9.331320499999951 ], [ -44.511526199999899, -9.331739 ], [ -44.5113666, -9.332124299999981 ], [ -44.5112769, -9.332443099999979 ], [ -44.511363399999901, -9.33267639999997 ], [ -44.5115561, -9.33283119999993 ], [ -44.511918799999897, -9.33288279999994 ], [ -44.5122153, -9.332856899999969 ], [ -44.5128208, -9.332424599999969 ], [ -44.5132973999999, -9.331931499999939 ], [ -44.5136679, -9.33151689999994 ], [ -44.5140896999999, -9.331339 ], [ -44.5148308999999, -9.331291399999939 ], [ -44.515320899999899, -9.331590699999939 ], [ -44.5156072, -9.331869299999941 ], [ -44.5157091, -9.332232199999959 ], [ -44.5156072, -9.332753 ], [ -44.5153839, -9.333044199999961 ], [ -44.5147726, -9.33339809999995 ], [ -44.5140186, -9.334021699999941 ], [ -44.5137071, -9.334385299999949 ], [ -44.513498, -9.33475509999994 ], [ -44.5134097, -9.33518249999997 ], [ -44.513504, -9.33583349999998 ], [ -44.5135718, -9.336489099999939 ], [ -44.5133941, -9.33688029999996 ], [ -44.512883499999901, -9.33736869999996 ], [ -44.512446699999899, -9.33758719999997 ], [ -44.5119619, -9.337662899999939 ], [ -44.5112925, -9.337584899999969 ], [ -44.511027399999897, -9.337394199999951 ], [ -44.5107733, -9.337069 ], [ -44.5104175, -9.33690789999997 ], [ -44.509981799999899, -9.336999099999961 ], [ -44.509614499999898, -9.337447299999949 ], [ -44.5094826, -9.337700699999971 ], [ -44.5094978, -9.338009099999971 ], [ -44.5097099, -9.338268899999949 ], [ -44.510375699999898, -9.33855069999993 ], [ -44.511073699999898, -9.33890509999998 ], [ -44.5114025, -9.33924939999997 ], [ -44.5117987, -9.33972229999995 ], [ -44.512555, -9.34038219999996 ], [ -44.513008899999903, -9.34075259999997 ], [ -44.5136942, -9.341130299999969 ], [ -44.5141351, -9.34123539999996 ], [ -44.5144736, -9.34121539999995 ], [ -44.5149428, -9.341237599999941 ], [ -44.5153306, -9.34141189999997 ], [ -44.515645699999901, -9.341788199999939 ], [ -44.5158225, -9.34205129999998 ], [ -44.5158054, -9.34222729999993 ], [ -44.5156618, -9.342385299999931 ], [ -44.5153013, -9.342495499999931 ], [ -44.514627399999902, -9.34268859999997 ], [ -44.514217099999897, -9.342961699999931 ], [ -44.5140734, -9.343179299999971 ], [ -44.513816, -9.343584699999949 ], [ -44.5135936, -9.343986699999959 ], [ -44.513512499999898, -9.344247199999931 ], [ -44.5135223, -9.344828299999961 ], [ -44.5137432, -9.345497199999951 ], [ -44.514086, -9.34603889999994 ], [ -44.5146675, -9.34653789999993 ], [ -44.5149709, -9.34669989999998 ], [ -44.515297299999901, -9.34676329999996 ], [ -44.515615399999902, -9.34676589999998 ], [ -44.516236999999897, -9.34694159999998 ], [ -44.5166211, -9.347259799999961 ], [ -44.5173225, -9.34811609999997 ], [ -44.5179534, -9.34845219999994 ], [ -44.5182854, -9.348771399999981 ], [ -44.518657699999899, -9.349580399999979 ], [ -44.5187329, -9.350066799999979 ], [ -44.518587899999901, -9.350411599999971 ], [ -44.5183888, -9.350655199999951 ], [ -44.5179972, -9.350744099999931 ], [ -44.5175851, -9.35073659999995 ], [ -44.5170214, -9.35058869999995 ], [ -44.5158792, -9.350014699999971 ], [ -44.5151647, -9.349836499999981 ], [ -44.5142243, -9.34984709999998 ], [ -44.5132747, -9.350094499999949 ], [ -44.5128256, -9.350396199999979 ], [ -44.512400399999898, -9.35076939999993 ], [ -44.512219, -9.351007299999941 ], [ -44.512163299999898, -9.351152399999931 ], [ -44.5121679, -9.35135719999994 ], [ -44.5122833, -9.35145249999994 ], [ -44.512598, -9.351599299999981 ], [ -44.5128113, -9.35179119999998 ], [ -44.5130945, -9.35197609999994 ], [ -44.5134128, -9.352097899999929 ], [ -44.513766099999899, -9.35215669999997 ], [ -44.514019399999903, -9.35207369999995 ], [ -44.5142777, -9.35189789999993 ], [ -44.5145118, -9.351769699999981 ], [ -44.5148073, -9.35169279999997 ], [ -44.515177299999898, -9.351754 ], [ -44.5156722, -9.35202 ], [ -44.515940699999902, -9.35224509999995 ], [ -44.516023399999902, -9.35250329999997 ], [ -44.5159965, -9.352805399999969 ], [ -44.5158749, -9.35310739999994 ], [ -44.5155973, -9.353416299999941 ], [ -44.5152088, -9.353717899999941 ], [ -44.5146707, -9.35410019999995 ], [ -44.514151599999899, -9.354646899999979 ], [ -44.5138375, -9.35502719999994 ], [ -44.5135139, -9.35565039999994 ], [ -44.5132191, -9.35690069999993 ], [ -44.5130636, -9.357728699999941 ], [ -44.5130745, -9.35859729999993 ], [ -44.5130066, -9.35917939999996 ], [ -44.5130088, -9.359400699999981 ], [ -44.513103699999903, -9.359635199999961 ], [ -44.5133448, -9.359695 ], [ -44.5135523, -9.35957139999994 ], [ -44.513789, -9.359307599999971 ], [ -44.5138822, -9.359023299999929 ], [ -44.513821, -9.358793599999959 ], [ -44.513714, -9.358582899999931 ], [ -44.5137108, -9.358310499999959 ], [ -44.513859599999897, -9.357940599999949 ], [ -44.514168599999898, -9.35765309999994 ], [ -44.514417099999903, -9.357544 ], [ -44.5146726, -9.35750389999993 ], [ -44.514988399999901, -9.357523399999931 ], [ -44.5153146, -9.35776539999995 ], [ -44.5156574, -9.35818809999995 ], [ -44.515671499999897, -9.358445 ], [ -44.5156362, -9.35868639999995 ], [ -44.51579, -9.358929199999981 ], [ -44.5161993, -9.359131899999969 ], [ -44.5166917, -9.35929529999993 ], [ -44.5172195, -9.359633699999961 ], [ -44.5174504, -9.359998099999929 ], [ -44.5176451, -9.360314799999969 ], [ -44.5178376, -9.360529099999949 ], [ -44.5181578, -9.36069369999996 ], [ -44.5185935, -9.360951099999969 ], [ -44.5187028, -9.361204599999949 ], [ -44.5186227, -9.361635 ], [ -44.518405399999899, -9.36194389999997 ], [ -44.5180834, -9.362204 ], [ -44.5176893, -9.362309499999981 ], [ -44.5173543, -9.362304399999971 ], [ -44.516985799999901, -9.36217549999998 ], [ -44.516523199999902, -9.361982299999969 ], [ -44.5162002, -9.361953399999949 ], [ -44.5155032, -9.36206679999998 ], [ -44.5153160999999, -9.36216819999993 ], [ -44.5151167, -9.362471399999951 ], [ -44.5149135999999, -9.362859 ], [ -44.5147734, -9.363051599999951 ], [ -44.5144705, -9.363238 ], [ -44.5142653, -9.36334489999996 ], [ -44.5141674, -9.363484 ], [ -44.514129599999897, -9.36380169999995 ], [ -44.5142365, -9.36413149999993 ], [ -44.5144099, -9.36430059999998 ], [ -44.514705299999903, -9.36440209999995 ], [ -44.515083699999899, -9.36458339999996 ], [ -44.5154558999999, -9.36486579999996 ], [ -44.5157283, -9.36488749999995 ], [ -44.5159646, -9.364861499999961 ], [ -44.5163216, -9.36471679999994 ], [ -44.5166993, -9.364371 ], [ -44.517216899999902, -9.36389229999997 ], [ -44.517587299999903, -9.36353709999997 ], [ -44.5178778, -9.363434 ], [ -44.518231699999902, -9.36360339999993 ], [ -44.5183795, -9.363887799999929 ], [ -44.518330499999898, -9.364399 ], [ -44.518059, -9.36478519999997 ], [ -44.517854, -9.36505089999997 ], [ -44.517685, -9.365264799999981 ], [ -44.5175687999999, -9.36558819999993 ], [ -44.5176346, -9.365963 ], [ -44.5177207999999, -9.366374699999939 ], [ -44.5177332, -9.36693739999993 ], [ -44.517643399999898, -9.367375 ], [ -44.5174259, -9.367803 ], [ -44.517214599999903, -9.36807039999997 ], [ -44.5169635, -9.368374699999951 ], [ -44.5168050999999, -9.36869219999994 ], [ -44.516854, -9.369064599999939 ], [ -44.5170575, -9.369299699999941 ], [ -44.5173973, -9.36945 ], [ -44.517894, -9.36941 ], [ -44.518380099999902, -9.36914769999993 ], [ -44.5187207, -9.36858419999993 ], [ -44.5188496, -9.36776129999993 ], [ -44.5189366, -9.36669439999997 ], [ -44.518995399999902, -9.366056899999929 ], [ -44.519107899999902, -9.36575849999997 ], [ -44.519334699999902, -9.365561499999959 ], [ -44.519887599999898, -9.36560639999993 ], [ -44.520383599999903, -9.365745199999941 ], [ -44.520504899999899, -9.366034399999929 ], [ -44.5203425999999, -9.366614499999971 ], [ -44.5199502, -9.36729779999996 ], [ -44.519801399999899, -9.36772689999998 ], [ -44.519822599999898, -9.36805279999993 ], [ -44.5198907, -9.368470299999959 ], [ -44.5199129, -9.36896619999993 ], [ -44.519972499999902, -9.36938249999997 ], [ -44.520064799999901, -9.36971339999997 ], [ -44.520330699999903, -9.37007419999998 ], [ -44.520796899999901, -9.37024239999994 ], [ -44.5212124, -9.37040349999995 ], [ -44.521749699999901, -9.37079059999996 ], [ -44.5219815, -9.371265499999939 ], [ -44.5221665, -9.371589299999931 ], [ -44.5225199, -9.37199639999994 ], [ -44.5225196, -9.372234299999951 ], [ -44.5222737, -9.372386199999941 ], [ -44.5217415, -9.372318899999931 ], [ -44.520725899999903, -9.372259299999939 ], [ -44.5201977, -9.372575 ], [ -44.519812499999901, -9.373089599999959 ], [ -44.519498499999898, -9.37352939999994 ], [ -44.519397899999902, -9.37392309999996 ], [ -44.519528799999897, -9.37426459999995 ], [ -44.519734, -9.37448819999997 ], [ -44.5199679, -9.374598 ], [ -44.5209072, -9.37483379999998 ], [ -44.5213507, -9.37504149999995 ], [ -44.5217337, -9.375308599999929 ], [ -44.522063499999902, -9.375704 ], [ -44.5223692, -9.376028 ], [ -44.5225642999999, -9.37616619999994 ], [ -44.52288, -9.37624509999995 ], [ -44.523111, -9.37649039999997 ], [ -44.5232419, -9.37677239999994 ], [ -44.523275, -9.37725289999997 ], [ -44.523220099999897, -9.37764729999998 ], [ -44.523000399999901, -9.378232 ], [ -44.564680699999897, -9.355817799999951 ], [ -44.726284399999898, -9.26891309999996 ], [ -44.7917201, -9.407331699999929 ], [ -44.817755, -9.46240439999997 ], [ -44.968513099999903, -9.39555079999997 ], [ -44.9878442999999, -9.386967699999961 ], [ -44.988065499999898, -9.38686949999993 ], [ -45.0618224, -9.354086499999941 ], [ -45.1148216, -9.330529699999939 ], [ -45.311944299999901, -9.24282279999994 ], [ -45.309758299999899, -9.240809199999941 ], [ -45.309654099999896, -9.238430499999939 ], [ -45.3089912, -9.238179499999941 ], [ -45.306303399999898, -9.23875459999994 ], [ -45.3048426, -9.236791499999979 ], [ -45.303111699999903, -9.236184899999961 ], [ -45.299952899999901, -9.234011199999941 ], [ -45.2988066, -9.232215799999951 ], [ -45.2949503, -9.23038669999994 ], [ -45.2928957, -9.227517 ], [ -45.287979999999898, -9.223139799999959 ], [ -45.284059699999901, -9.221068699999931 ], [ -45.2830417, -9.21990419999997 ], [ -45.282732699999897, -9.21874229999997 ], [ -45.279397699999897, -9.216744299999959 ], [ -45.2767871, -9.213246899999939 ], [ -45.2677029, -9.204339199999939 ], [ -45.2654161, -9.203724699999951 ], [ -45.2638884, -9.20256129999996 ], [ -45.263269599999902, -9.20130359999996 ], [ -45.2591272, -9.19788319999998 ], [ -45.2573403, -9.19479839999997 ], [ -45.25495, -9.192520799999951 ], [ -45.2525277, -9.187892599999939 ], [ -45.250184499999897, -9.185516099999971 ], [ -45.247940099999902, -9.18091009999995 ], [ -45.245015599999903, -9.17653369999994 ], [ -45.2439419, -9.1735 ], [ -45.2439409, -9.17203179999996 ], [ -45.2422329, -9.167707 ], [ -45.2414161, -9.16411439999996 ], [ -45.2405995, -9.162646299999951 ], [ -45.2383972, -9.16140539999998 ], [ -45.238394899999903, -9.16140409999997 ], [ -45.2321223, -9.15786989999998 ], [ -45.2299839, -9.155796199999941 ], [ -45.2260234, -9.153574299999949 ], [ -45.225205899999899, -9.15211069999998 ], [ -45.2245607999999, -9.14959889999994 ], [ -45.2233868, -9.14782989999998 ], [ -45.2194675, -9.14464249999997 ], [ -45.216439599999902, -9.14431429999996 ], [ -45.214198199999899, -9.140774599999929 ], [ -45.2128729, -9.139459799999941 ], [ -45.2091836, -9.137869499999971 ], [ -45.2081645, -9.13569209999997 ], [ -45.207349, -9.13528809999997 ], [ -45.206938099999903, -9.13265689999997 ], [ -45.2042688, -9.131669399999961 ], [ -45.2031003, -9.13030479999998 ], [ -45.199994699999898, -9.12532019999998 ], [ -45.199555599999897, -9.122944 ], [ -45.1970113, -9.121981 ], [ -45.1948571, -9.117897199999961 ], [ -45.1942094999999, -9.11666949999994 ], [ -45.192784399999901, -9.115861099999959 ], [ -45.192836699999901, -9.115253499999939 ], [ -45.194333599999901, -9.113411 ], [ -45.1942319, -9.11284969999997 ], [ -45.193162899999898, -9.11214109999997 ], [ -45.1931494, -9.11111 ], [ -45.193106699999902, -9.107855499999969 ], [ -45.191586099999903, -9.10748479999995 ], [ -45.1906407, -9.106449199999931 ], [ -45.189319, -9.106650099999969 ], [ -45.1886072, -9.106144899999951 ], [ -45.188045799999898, -9.10518289999993 ], [ -45.1873825, -9.101641899999951 ], [ -45.185830399999901, -9.101517199999931 ], [ -45.1863367999999, -9.100502899999981 ], [ -45.185574099999897, -9.09873859999993 ], [ -45.1851169, -9.09853279999993 ], [ -45.1854197, -9.097952699999951 ], [ -45.1853098, -9.09609759999995 ], [ -45.1852681, -9.095393 ], [ -45.1843531, -9.09423039999996 ], [ -45.184987, -9.093395299999941 ], [ -45.1820377, -9.089751399999949 ], [ -45.1829489, -9.08929309999996 ], [ -45.182897599999897, -9.086869099999941 ], [ -45.1811645, -9.085382099999951 ], [ -45.179005199999899, -9.085826699999931 ], [ -45.179002599999897, -9.085376 ], [ -45.1784443, -9.085325099999981 ], [ -45.1780883, -9.086034499999929 ], [ -45.1775772, -9.085173899999971 ], [ -45.1762307, -9.08535359999996 ], [ -45.1752314, -9.08447329999996 ], [ -45.174854799999899, -9.08388049999996 ], [ -45.1746072, -9.082778499999961 ], [ -45.174345699999897, -9.07998839999993 ], [ -45.1724111, -9.080101299999971 ], [ -45.171165599999902, -9.080724099999941 ], [ -45.1707579, -9.080319199999961 ], [ -45.1715212, -9.07829379999993 ], [ -45.170248199999897, -9.07707889999995 ], [ -45.167881099999903, -9.075436399999941 ], [ -45.1668607, -9.07604139999995 ], [ -45.165286799999897, -9.07518489999995 ], [ -45.1646741, -9.072653699999931 ], [ -45.1629267, -9.070564699999981 ], [ -45.1631568, -9.06994169999996 ], [ -45.161749799999903, -9.068883599999941 ], [ -45.1616491, -9.067433 ], [ -45.1628621999999, -9.066056599999969 ], [ -45.1623049, -9.06559539999995 ], [ -45.1598073, -9.065082799999971 ], [ -45.1592242, -9.06496309999994 ], [ -45.1552555, -9.060715 ], [ -45.1549496, -9.059652799999981 ], [ -45.1540848, -9.05970369999994 ], [ -45.1541091, -9.058311499999951 ], [ -45.152888699999899, -9.05795779999994 ], [ -45.1523797, -9.056642299999959 ], [ -45.1515649, -9.05603549999995 ], [ -45.1499363, -9.056035 ], [ -45.1492752, -9.05517 ], [ -45.149045, -9.052216299999939 ], [ -45.146652, -9.051153399999979 ], [ -45.1433451, -9.05135689999997 ], [ -45.141184, -9.050776 ], [ -45.142150199999897, -9.04915609999995 ], [ -45.142148899999903, -9.04703029999996 ], [ -45.1415375, -9.046626 ], [ -45.1406726, -9.046980699999949 ], [ -45.1406706, -9.046321899999951 ], [ -45.139355599999902, -9.04581759999996 ], [ -45.1392475, -9.044298899999941 ], [ -45.138306999999898, -9.043253799999951 ], [ -45.1366298, -9.043161 ], [ -45.1357108999999, -9.04220039999996 ], [ -45.1354046, -9.04133939999997 ], [ -45.1357586, -9.03997119999997 ], [ -45.1341824, -9.03921219999995 ], [ -45.1346667, -9.038278 ], [ -45.133293799999898, -9.03787069999993 ], [ -45.1320135, -9.03544349999993 ], [ -45.129677199999897, -9.033117199999939 ], [ -45.1225368, -9.03106589999993 ], [ -45.1196507, -9.02639169999998 ], [ -45.115940099999897, -9.02456979999994 ], [ -45.114563099999899, -9.02300209999993 ], [ -45.1120963, -9.02150759999995 ], [ -45.1106144, -9.01877189999993 ], [ -45.106148399999903, -9.01726089999994 ], [ -45.104997899999901, -9.01606869999995 ], [ -45.1044873, -9.012425699999939 ], [ -45.103521199999904, -9.011465 ], [ -45.100671599999899, -9.01055489999993 ], [ -45.0995776, -9.009062 ], [ -45.094833299999898, -9.005305399999941 ], [ -45.0941693, -9.003125599999979 ], [ -45.0928464, -9.001028399999941 ], [ -45.0904686, -9.000135799999949 ], [ -45.0897304, -8.998492299999951 ], [ -45.0875947, -8.99770839999996 ], [ -45.0854064, -8.995990899999979 ], [ -45.0848779, -8.996065 ], [ -45.085166199999897, -8.999312799999929 ], [ -45.0846478, -9.00291929999997 ], [ -45.083742599999901, -9.00446809999994 ], [ -45.081406699999903, -9.006995199999951 ], [ -45.076957999999898, -9.010276899999949 ], [ -45.0736972, -9.01381759999998 ], [ -45.069738, -9.02064749999994 ], [ -45.0688964, -9.02094459999995 ], [ -45.0662313999999, -9.02524829999993 ], [ -45.0640278, -9.026791599999971 ], [ -45.0622878, -9.028830399999951 ], [ -44.7979931, -9.031013399999949 ], [ -44.7976325, -9.03101619999995 ], [ -44.7313452, -9.03153329999998 ], [ -44.719079, -9.03162639999994 ], [ -44.6366264, -9.032252199999959 ], [ -44.4578463, -9.03353539999995 ], [ -44.430652, -9.033730599999959 ], [ -44.4281665, -9.03420379999994 ], [ -44.4253327, -9.03343849999993 ], [ -44.4208485, -9.033288299999979 ], [ -44.418838299999898, -9.03395029999996 ], [ -44.4102852, -9.03199279999995 ], [ -44.4039193999999, -9.03273159999998 ], [ -44.4010511, -9.03182969999995 ], [ -44.398945399999903, -9.032491799999949 ], [ -44.3965817, -9.03248879999995 ], [ -44.3945469, -9.03389849999996 ], [ -44.393203899999897, -9.03352839999997 ], [ -44.3909533, -9.03385479999997 ], [ -44.3889473999999, -9.03261819999994 ], [ -44.3858878, -9.033088699999951 ], [ -44.381442799999903, -9.032082599999971 ], [ -44.374936799999901, -9.031498699999929 ], [ -44.3728318, -9.031686899999951 ], [ -44.366857, -9.033720599999979 ], [ -44.363592, -9.035909099999969 ], [ -44.3628265, -9.03714169999995 ], [ -44.3622538, -9.03637749999996 ], [ -44.3616373, -9.036907499999931 ], [ -44.3614458, -9.03824509999993 ], [ -44.360671, -9.038704899999971 ], [ -44.3588468, -9.038531899999951 ], [ -44.358086699999902, -9.03993679999996 ], [ -44.356653, -9.039555299999961 ], [ -44.3564595, -9.04022109999994 ], [ -44.355167, -9.040647 ], [ -44.350272399999902, -9.02755059999993 ], [ -44.3450089, -9.013466199999931 ], [ -44.333225399999897, -8.98193509999993 ], [ -44.3038875, -8.94352469999995 ], [ -44.290868799999899, -8.96874639999993 ], [ -44.2911491999999, -8.968680899999979 ], [ -44.2914549, -8.96878389999995 ], [ -44.2918882, -8.968955199999931 ], [ -44.292118, -8.968995799999959 ], [ -44.292157099999898, -8.969135899999969 ], [ -44.2919506, -8.969455799999929 ], [ -44.2918582, -8.969798099999929 ], [ -44.2918251, -8.97040849999996 ], [ -44.2919309, -8.97060179999994 ], [ -44.2920948, -8.970722 ], [ -44.2923999, -8.970675599999939 ], [ -44.2926615, -8.97054709999998 ], [ -44.2928413, -8.97055119999993 ], [ -44.2929771, -8.970630599999939 ], [ -44.2929788, -8.97086 ], [ -44.2929316, -8.97110479999998 ], [ -44.2927544, -8.97133889999998 ], [ -44.2921885, -8.97179929999993 ], [ -44.2916625, -8.971980099999939 ], [ -44.2914234, -8.972180599999939 ], [ -44.2912962, -8.97257279999997 ], [ -44.2912314, -8.97321939999995 ], [ -44.291388299999902, -8.97414709999993 ], [ -44.2915727, -8.97489869999993 ], [ -44.291685, -8.975173499999929 ], [ -44.2917881, -8.975290899999949 ], [ -44.292018799999902, -8.97524149999998 ], [ -44.2926227, -8.97485349999994 ], [ -44.293206499999897, -8.974423 ], [ -44.2935828, -8.97405419999996 ], [ -44.2939320999999, -8.973775299999939 ], [ -44.2942239, -8.973634699999931 ], [ -44.294508, -8.973733099999951 ], [ -44.294764299999898, -8.974093499999981 ], [ -44.294825, -8.97436729999993 ], [ -44.2947737, -8.974736499999951 ], [ -44.2944211, -8.97527539999993 ], [ -44.294217199999899, -8.97537119999993 ], [ -44.294049599999902, -8.975332799999929 ], [ -44.293766499999897, -8.975538099999939 ], [ -44.2933563, -8.97599849999995 ], [ -44.293118299999897, -8.976492 ], [ -44.2930236999999, -8.976692199999951 ], [ -44.2928297, -8.976818899999961 ], [ -44.292657899999902, -8.97693039999996 ], [ -44.292560599999902, -8.97711509999993 ], [ -44.2925172, -8.977384499999969 ], [ -44.292658399999901, -8.977503599999981 ], [ -44.293050799999897, -8.977409899999939 ], [ -44.2933851, -8.97727829999997 ], [ -44.2936404, -8.977314699999971 ], [ -44.2939408, -8.977656199999959 ], [ -44.2940932, -8.978085299999981 ], [ -44.294124199999899, -8.97851189999994 ], [ -44.2939454999999, -8.97915169999993 ], [ -44.293841, -8.979292799999939 ], [ -44.2935955, -8.97934619999995 ], [ -44.2934468999999, -8.97955509999997 ], [ -44.293228199999902, -8.98019359999995 ], [ -44.293020399999897, -8.98048539999996 ], [ -44.292948099999897, -8.98066139999997 ], [ -44.2930453, -8.98092729999996 ], [ -44.2932415, -8.981111099999961 ], [ -44.2934978, -8.981287099999969 ], [ -44.2935997, -8.981537699999929 ], [ -44.2936458, -8.98170759999994 ], [ -44.2937853, -8.98183369999998 ], [ -44.2941058, -8.981865 ], [ -44.294480099999902, -8.98168469999996 ], [ -44.294664699999899, -8.981553899999939 ], [ -44.2947784, -8.981312699999931 ], [ -44.294964, -8.98115129999996 ], [ -44.295466599999898, -8.98110959999997 ], [ -44.2958187, -8.98114279999993 ], [ -44.296190599999903, -8.981314699999929 ], [ -44.2964033, -8.98162949999994 ], [ -44.2964974, -8.98223389999993 ], [ -44.296413399999899, -8.98293819999998 ], [ -44.296007099999898, -8.98356429999995 ], [ -44.295670099999903, -8.983898299999961 ], [ -44.295412999999897, -8.984265099999959 ], [ -44.2953171999999, -8.984686299999961 ], [ -44.2953676, -8.984931899999941 ], [ -44.295544499999899, -8.98508279999993 ], [ -44.2960297, -8.985131499999969 ], [ -44.296974799999902, -8.98550159999996 ], [ -44.297846999999898, -8.986686 ], [ -44.299475599999901, -8.989023599999941 ], [ -44.299977399999896, -8.98986649999995 ], [ -44.3000779, -8.99036959999995 ], [ -44.3003168, -8.991074 ], [ -44.301018999999897, -8.991978899999941 ], [ -44.3018873, -8.992095899999979 ], [ -44.3021934, -8.99222879999996 ], [ -44.302438299999899, -8.99245819999993 ], [ -44.302766, -8.99277019999994 ], [ -44.3029543, -8.99282 ], [ -44.3031711, -8.99276459999993 ], [ -44.3033045, -8.992531299999939 ], [ -44.3031258, -8.99215479999998 ], [ -44.3024369, -8.99168659999998 ], [ -44.3016158, -8.991252899999949 ], [ -44.3013026, -8.99104879999993 ], [ -44.3011801, -8.990756399999951 ], [ -44.301418, -8.989814199999961 ], [ -44.3015819, -8.98959759999997 ], [ -44.301977399999899, -8.989368599999979 ], [ -44.3022384, -8.989247 ], [ -44.3025094, -8.98902409999994 ], [ -44.3027213, -8.988889499999971 ], [ -44.3028479, -8.988940299999969 ], [ -44.3029738, -8.989155499999979 ], [ -44.3032248, -8.989265199999981 ], [ -44.3034595, -8.989240699999931 ], [ -44.303645399999901, -8.988943199999939 ], [ -44.3036961, -8.98849739999997 ], [ -44.303692199999901, -8.98799379999997 ], [ -44.3041587, -8.987300799999961 ], [ -44.3044358, -8.986958099999979 ], [ -44.304574199999898, -8.986674099999959 ], [ -44.3047419, -8.98660579999995 ], [ -44.305170299999901, -8.98667579999994 ], [ -44.3054901, -8.986725699999971 ], [ -44.3056147, -8.98665459999995 ], [ -44.3056728, -8.986375399999931 ], [ -44.3055365, -8.986166099999931 ], [ -44.305593499999901, -8.985955799999941 ], [ -44.305759099999896, -8.98576569999994 ], [ -44.305955599999898, -8.98581759999996 ], [ -44.3063586, -8.986175499999939 ], [ -44.3066396, -8.986336399999971 ], [ -44.3068572, -8.986472 ], [ -44.3069307, -8.98675129999998 ], [ -44.3068026, -8.98702939999993 ], [ -44.3065662, -8.98715749999997 ], [ -44.3060836, -8.98712519999998 ], [ -44.305744499999903, -8.98724349999998 ], [ -44.3054092, -8.987380099999941 ], [ -44.3049905, -8.987468699999971 ], [ -44.3047445999999, -8.98766359999996 ], [ -44.304591899999899, -8.988065199999941 ], [ -44.304548399999902, -8.988452299999951 ], [ -44.3046661, -8.98866529999998 ], [ -44.304856, -8.988741599999971 ], [ -44.3051204, -8.98854289999997 ], [ -44.3053197999999, -8.98842229999997 ], [ -44.305537399999899, -8.988366099999951 ], [ -44.305758899999901, -8.98852 ], [ -44.3058786, -8.98885489999998 ], [ -44.3059084, -8.989166 ], [ -44.3057858, -8.989488899999969 ], [ -44.3055573, -8.98974909999993 ], [ -44.305498199999903, -8.98996739999995 ], [ -44.3056435, -8.99036969999997 ], [ -44.3058217, -8.990650799999971 ], [ -44.306074899999899, -8.990752399999961 ], [ -44.3066482999999, -8.990514099999929 ], [ -44.3068898, -8.990335399999941 ], [ -44.306988299999901, -8.99010149999998 ], [ -44.306811599999897, -8.989846799999951 ], [ -44.3066148999999, -8.989569499999959 ], [ -44.3065536, -8.98918069999996 ], [ -44.306598699999903, -8.98882 ], [ -44.3066858, -8.98853109999993 ], [ -44.3070169, -8.988150799999969 ], [ -44.307423399999898, -8.98781629999996 ], [ -44.307942, -8.987780199999969 ], [ -44.3090538, -8.987918199999971 ], [ -44.309852299999903, -8.98831129999996 ], [ -44.3106562, -8.98903509999997 ], [ -44.311005599999902, -8.98943079999998 ], [ -44.3110953, -8.98984439999998 ], [ -44.3111976, -8.990114099999969 ], [ -44.3113561, -8.99046789999994 ], [ -44.3119335, -8.99088919999997 ], [ -44.312597599999897, -8.99112539999993 ], [ -44.3134757, -8.991348899999929 ], [ -44.313961999999897, -8.99139949999994 ], [ -44.314253, -8.991329199999941 ], [ -44.3144698, -8.991273799999931 ], [ -44.3146373, -8.991335499999931 ], [ -44.3149099, -8.991608099999951 ], [ -44.3152514, -8.991837 ], [ -44.3153631, -8.99203979999993 ], [ -44.3152056, -8.992362 ], [ -44.3145213, -8.99271829999998 ], [ -44.3129289, -8.99328509999998 ], [ -44.3125267, -8.993662 ], [ -44.3123742, -8.99393349999997 ], [ -44.3122849, -8.99423049999996 ], [ -44.312242599999898, -8.99454859999997 ], [ -44.3120458, -8.994756499999941 ], [ -44.3118276, -8.99465549999996 ], [ -44.3114957, -8.994099899999981 ], [ -44.3111388, -8.993927499999931 ], [ -44.3106447, -8.994100099999971 ], [ -44.3104299, -8.994277299999959 ], [ -44.3103907, -8.99463 ], [ -44.3103932, -8.99484729999995 ], [ -44.3103624, -8.995090399999979 ], [ -44.3101819, -8.99543259999996 ], [ -44.3096785, -8.99554219999993 ], [ -44.3091484999999, -8.995523299999951 ], [ -44.308742499999902, -8.995338 ], [ -44.3084195, -8.99523519999997 ], [ -44.308048799999902, -8.995275899999969 ], [ -44.3078619, -8.99551239999994 ], [ -44.3076371, -8.99592079999996 ], [ -44.3075080999999, -8.99662329999995 ], [ -44.307564199999902, -8.99732259999996 ], [ -44.307753299999902, -8.99769319999996 ], [ -44.308042, -8.99776089999995 ], [ -44.308384299999901, -8.997695399999939 ], [ -44.3085872, -8.99736779999995 ], [ -44.308747099999898, -8.99677759999997 ], [ -44.3089783, -8.99647479999993 ], [ -44.309402299999903, -8.996075699999951 ], [ -44.309676, -8.995940099999929 ], [ -44.310016, -8.99601259999997 ], [ -44.310277799999902, -8.996211799999969 ], [ -44.3105459, -8.99616139999995 ], [ -44.3109873, -8.99582749999996 ], [ -44.3116201, -8.995899599999969 ], [ -44.3123224, -8.99618919999995 ], [ -44.3128027, -8.99668879999996 ], [ -44.3130245, -8.997651 ], [ -44.3129503, -8.99863649999998 ], [ -44.3127317, -8.999443299999941 ], [ -44.3118244, -9.00058979999994 ], [ -44.310915, -9.001275199999951 ], [ -44.310668, -9.001539099999951 ], [ -44.310510899999898, -9.001956799999959 ], [ -44.3104781, -9.002563299999959 ], [ -44.310521, -9.002826 ], [ -44.310463399999897, -9.00307069999997 ], [ -44.3103038, -9.003271099999949 ], [ -44.3098524, -9.00322109999996 ], [ -44.3089545, -9.00307029999993 ], [ -44.3082955, -9.003301 ], [ -44.3078644, -9.003628899999971 ], [ -44.3076364, -9.003984499999939 ], [ -44.307465599999901, -9.00448529999994 ], [ -44.307436, -9.00514469999996 ], [ -44.307356899999903, -9.006180899999951 ], [ -44.3074318, -9.006616599999971 ], [ -44.3078632, -9.007420199999959 ], [ -44.3079622, -9.007767 ], [ -44.3080411, -9.008091099999939 ], [ -44.308155, -9.008285899999979 ], [ -44.3085905, -9.008427 ], [ -44.309454699999897, -9.00837819999998 ], [ -44.3101579, -9.008243599999959 ], [ -44.3103225, -9.00799249999994 ], [ -44.3103512, -9.007627499999961 ], [ -44.3100117, -9.00703519999996 ], [ -44.309888699999902, -9.006647399999959 ], [ -44.3101778, -9.006009 ], [ -44.3107681, -9.00574049999994 ], [ -44.3112733, -9.005527499999969 ], [ -44.311736499999903, -9.00524269999994 ], [ -44.311917999999899, -9.00496139999996 ], [ -44.3121490999999, -9.00478859999993 ], [ -44.312444399999897, -9.004832 ], [ -44.3127777, -9.00505869999995 ], [ -44.313038999999897, -9.00577769999995 ], [ -44.313189099999903, -9.00638929999997 ], [ -44.3133068, -9.00660229999994 ], [ -44.313226, -9.006955 ], [ -44.312944699999903, -9.00766909999993 ], [ -44.312916099999903, -9.007904199999929 ], [ -44.3130978, -9.00859339999994 ], [ -44.3132853, -9.00929609999997 ], [ -44.3132893, -9.00966979999993 ], [ -44.3135823, -9.010336499999941 ], [ -44.313696499999899, -9.01104819999995 ], [ -44.313574399999901, -9.011951699999941 ], [ -44.313134499999897, -9.01292719999998 ], [ -44.312874399999899, -9.01323969999993 ], [ -44.3120197, -9.013576899999981 ], [ -44.3115333, -9.01399089999995 ], [ -44.3113691, -9.014467399999941 ], [ -44.3112677, -9.014873799999981 ], [ -44.3111330999999, -9.01517619999993 ], [ -44.3109014, -9.015383499999929 ], [ -44.310775, -9.015688 ], [ -44.310789499999899, -9.016141399999981 ], [ -44.3109878, -9.016575099999949 ], [ -44.3114662, -9.01697889999997 ], [ -44.3118213, -9.01725469999997 ], [ -44.3120412, -9.017382199999931 ], [ -44.3123093, -9.017331799999971 ], [ -44.312525, -9.01721549999996 ], [ -44.312749799999899, -9.016807 ], [ -44.3127845, -9.016452299999971 ], [ -44.312676199999899, -9.016172399999959 ], [ -44.3124427, -9.015998 ], [ -44.3122721, -9.015753599999931 ], [ -44.312309399999897, -9.015486199999939 ], [ -44.3124958, -9.01528419999994 ], [ -44.3127727, -9.01520139999997 ], [ -44.3129785, -9.01505709999998 ], [ -44.313031099999897, -9.014863 ], [ -44.3128932, -9.014627299999971 ], [ -44.312948499999898, -9.01439069999998 ], [ -44.313174199999899, -9.014173 ], [ -44.313652499999897, -9.014022199999941 ], [ -44.3140013, -9.014062499999969 ], [ -44.314542699999897, -9.01426619999995 ], [ -44.3150424, -9.01462359999994 ], [ -44.315283899999898, -9.01493009999996 ], [ -44.3152727, -9.01523039999995 ], [ -44.3151124, -9.015595299999969 ], [ -44.314948899999898, -9.015907299999981 ], [ -44.3149261, -9.016282599999951 ], [ -44.315127899999901, -9.01650919999997 ], [ -44.315358699999898, -9.016596199999981 ], [ -44.3160321, -9.016785699999961 ], [ -44.3163589, -9.01703669999995 ], [ -44.3166095, -9.01753619999994 ], [ -44.3166978, -9.018278699999939 ], [ -44.316575199999903, -9.01860149999993 ], [ -44.3166126, -9.018819399999931 ], [ -44.31681, -9.019062199999951 ], [ -44.316838699999899, -9.019312399999929 ], [ -44.3166538, -9.01967079999997 ], [ -44.3165226, -9.019896 ], [ -44.316497599999899, -9.020441499999951 ], [ -44.3166287, -9.02096129999995 ], [ -44.316590899999902, -9.02161849999993 ], [ -44.3163956, -9.022112799999951 ], [ -44.316121699999897, -9.022508 ], [ -44.31577, -9.02264029999998 ], [ -44.3154322, -9.022559699999929 ], [ -44.3151994, -9.022220899999979 ], [ -44.3156006, -9.02109649999994 ], [ -44.3158412, -9.020726899999939 ], [ -44.316017, -9.02017549999994 ], [ -44.3157712, -9.01975519999996 ], [ -44.314587699999898, -9.01925939999995 ], [ -44.314060299999902, -9.01884269999994 ], [ -44.3136607, -9.018763099999941 ], [ -44.3132064, -9.01888559999998 ], [ -44.3129364, -9.019169399999949 ], [ -44.3128622999999, -9.01966969999995 ], [ -44.312914799999902, -9.02009089999996 ], [ -44.313192899999898, -9.02042429999995 ], [ -44.313372199999897, -9.020766299999931 ], [ -44.313384799999902, -9.021237599999949 ], [ -44.313532, -9.02140649999996 ], [ -44.3139528, -9.02156969999993 ], [ -44.3142553, -9.021780699999971 ], [ -44.314320699999897, -9.022413299999929 ], [ -44.3139881, -9.023122499999941 ], [ -44.3135584, -9.02373669999997 ], [ -44.3132203, -9.02391589999996 ], [ -44.312724699999897, -9.023802299999939 ], [ -44.3121775, -9.023825899999959 ], [ -44.3111999, -9.024260599999931 ], [ -44.3107719, -9.024771299999941 ], [ -44.3104327, -9.025504799999959 ], [ -44.310351, -9.02645369999993 ], [ -44.3103943, -9.027005899999949 ], [ -44.310633, -9.02748489999993 ], [ -44.310862, -9.027805399999981 ], [ -44.3111516, -9.02806389999995 ], [ -44.311588599999901, -9.028361399999939 ], [ -44.3120251, -9.02917869999993 ], [ -44.3115673, -9.029647 ], [ -44.3064742, -9.034057799999969 ], [ -44.305956299999899, -9.034506399999939 ], [ -44.2895918, -9.048671 ], [ -44.237919799999901, -9.093396699999969 ], [ -44.1969715, -9.117897199999961 ], [ -44.1032461, -9.173975799999941 ], [ -44.101646199999898, -9.174933099999979 ], [ -44.0981722, -9.17701169999998 ], [ -43.869799999999898, -9.31365329999994 ], [ -43.858491899999898, -9.33160639999994 ], [ -43.8583467, -9.331837499999949 ], [ -43.8165427, -9.39813729999997 ] ] ] ] } },
{ "type": "Feature", "properties": { "CD_MUN": "2201309", "NM_MUN": "Barreiras do Piauí", "CD_RGI": "220015", "NM_RGI": "Corrente", "CD_RGINT": "2205", "NM_RGINT": "Corrente - Bom Jesus", "CD_UF": "22", "NM_UF": "Piauí", "SIGLA_UF": "PI", "CD_REGIAO": "2", "NM_REGIAO": "Nordeste", "SIGLA_RG": "NE", "CD_CONCURB": null, "NM_CONCURB": null, "AREA_KM2": 2168.713 }, "geometry": { "type": "MultiPolygon", "coordinates": [ [ [ [ -46.0282068, -10.2771033 ], [ -46.0219231, -10.2680801 ], [ -46.021536, -10.2612538 ], [ -46.0198746, -10.2556523 ], [ -46.0198291, -10.2556086999999 ], [ -46.0134285, -10.251356 ], [ -46.0124233, -10.2506961 ], [ -46.0063243, -10.2596283 ], [ -46.004051499999903, -10.2616585 ], [ -46.0029713, -10.2617647 ], [ -45.998834299999899, -10.2574533 ], [ -45.997973199999898, -10.2554694 ], [ -45.997473399999897, -10.252483 ], [ -45.996248099999903, -10.2503148 ], [ -45.9949192, -10.2501098 ], [ -45.9892811, -10.24924 ], [ -45.9852892, -10.2493 ], [ -45.9794517999999, -10.2493878 ], [ -45.9739471, -10.248369899999901 ], [ -45.9708366999999, -10.2489656999999 ], [ -45.9657485, -10.2508584999999 ], [ -45.9622083, -10.2527747 ], [ -45.946265299999901, -10.258549899999901 ], [ -45.9458827, -10.2565324 ], [ -45.9499345, -10.2341521 ], [ -45.955230899999897, -10.226014 ], [ -45.956073499999903, -10.2210775 ], [ -45.955294799999898, -10.218442799999901 ], [ -45.952362299999898, -10.213391699999899 ], [ -45.9492638, -10.2102515999999 ], [ -45.9485723, -10.2088937 ], [ -45.9457317, -10.2068204999999 ], [ -45.9454704999999, -10.2042246 ], [ -45.943917499999898, -10.2013812 ], [ -45.9441691, -10.1990835 ], [ -45.9452808, -10.197975799999901 ], [ -45.945619, -10.1964424999999 ], [ -45.9414017, -10.1924574 ], [ -45.93831, -10.1908923 ], [ -45.934703899999903, -10.1901386 ], [ -45.932909299999899, -10.1917571999999 ], [ -45.932217799999897, -10.1906547 ], [ -45.931187399999899, -10.1908256999999 ], [ -45.9292864, -10.1861135 ], [ -45.9268713, -10.181952099999901 ], [ -45.926432799999901, -10.1784661 ], [ -45.9251477, -10.1774477 ], [ -45.9243657, -10.1756649 ], [ -45.9247003, -10.1726869 ], [ -45.924267, -10.1711581 ], [ -45.9154105, -10.164165 ], [ -45.9137698, -10.1601722999999 ], [ -45.9135064, -10.1583871 ], [ -45.911357199999898, -10.1568191 ], [ -45.905007199999901, -10.1561543 ], [ -45.9036293999999, -10.1545442 ], [ -45.900021299999899, -10.1527685999999 ], [ -45.8982109, -10.1497535 ], [ -45.898463299999896, -10.1482227999999 ], [ -45.8991473, -10.1471979 ], [ -45.8983802, -10.1438580999999 ], [ -45.8977449, -10.1365709 ], [ -45.8924921999999, -10.1290590999999 ], [ -45.890624199999898, -10.1241340999999 ], [ -45.8901526, -10.1211966 ], [ -45.889719699999901, -10.120777599999901 ], [ -45.888523099999901, -10.1210313999999 ], [ -45.8886919, -10.119839899999899 ], [ -45.887575399999903, -10.1194186 ], [ -45.8875672, -10.1165263999999 ], [ -45.886792399999898, -10.1160176 ], [ -45.886280999999897, -10.1166097 ], [ -45.8862751, -10.1140624 ], [ -45.8854171999999, -10.114277 ], [ -45.885072, -10.1135978 ], [ -45.8830129, -10.1136031 ], [ -45.883439, -10.1126677 ], [ -45.8819837, -10.1115672999999 ], [ -45.8820633, -10.1110543 ], [ -45.883262699999896, -10.110797 ], [ -45.8829195, -10.1105423 ], [ -45.881202899999899, -10.1109714999999 ], [ -45.8785439, -10.1102993 ], [ -45.8787968, -10.1088511 ], [ -45.8773444999999, -10.106586499999899 ], [ -45.8776478999999, -10.106535699999901 ], [ -45.8773289, -10.1055804 ], [ -45.878439199999903, -10.1035368 ], [ -45.876461, -10.1021818999999 ], [ -45.87663, -10.100479 ], [ -45.877316, -10.1005638 ], [ -45.8769705, -10.0997143999999 ], [ -45.8771371, -10.0976712 ], [ -45.8763628, -10.0972914 ], [ -45.8767882, -10.0955867 ], [ -45.8760998, -10.0949098999999 ], [ -45.875748799999897, -10.091679 ], [ -45.8733409, -10.088623599999901 ], [ -45.8744444, -10.0852178 ], [ -45.873501599999898, -10.0856891999999 ], [ -45.8732026, -10.0846296 ], [ -45.8724998, -10.084307 ], [ -45.8729648999999, -10.0833797999999 ], [ -45.8720127, -10.0830672999999 ], [ -45.8705705, -10.080186 ], [ -45.8709855, -10.0768664 ], [ -45.8714499, -10.076291099999899 ], [ -45.8706983, -10.0752259 ], [ -45.8714926, -10.0749236999999 ], [ -45.871491299999903, -10.0745044999999 ], [ -45.869855599999902, -10.0748793 ], [ -45.8699362999999, -10.069292 ], [ -45.8710388, -10.0695373999999 ], [ -45.8711469, -10.0679646999999 ], [ -45.8725927, -10.066429099999899 ], [ -45.8731596, -10.066931 ], [ -45.874040299999898, -10.065985199999901 ], [ -45.875254799999901, -10.0653341 ], [ -45.8760525, -10.0656562 ], [ -45.876046899999899, -10.0641370999999 ], [ -45.877264, -10.0640754 ], [ -45.8775365, -10.0637811999999 ], [ -45.8801071, -10.0610063 ], [ -45.8801961, -10.058594 ], [ -45.878651799999901, -10.0576985 ], [ -45.876970899999897, -10.0582075 ], [ -45.8769649, -10.057285799999899 ], [ -45.8759813, -10.057098 ], [ -45.876213499999899, -10.056031599999899 ], [ -45.8750896, -10.055801 ], [ -45.874854099999901, -10.054966 ], [ -45.8754132, -10.054036499999899 ], [ -45.8750365, -10.053156 ], [ -45.8757825, -10.0527370999999 ], [ -45.876995, -10.0509709 ], [ -45.876096, -10.0475628 ], [ -45.8747915, -10.0451507 ], [ -45.8753836, -10.0431599 ], [ -45.8744473, -10.0428353 ], [ -45.8748674, -10.0426027999999 ], [ -45.8754686, -10.0402826 ], [ -45.8733134, -10.0385717 ], [ -45.8736365, -10.0370409 ], [ -45.8723252999999, -10.0362782999999 ], [ -45.8730211, -10.0348399 ], [ -45.8728803, -10.0342355 ], [ -45.8718175, -10.034697 ], [ -45.871667, -10.0342957 ], [ -45.8729666, -10.0317757 ], [ -45.8711921, -10.0320594999999 ], [ -45.871233399999902, -10.030667 ], [ -45.8721196, -10.0299676 ], [ -45.8714168, -10.028995 ], [ -45.8717412, -10.0283221999999 ], [ -45.8715481999999, -10.0263768 ], [ -45.8703758999999, -10.0241515 ], [ -45.8692971, -10.023691 ], [ -45.8698557, -10.0224838999999 ], [ -45.868309699999898, -10.0215140999999 ], [ -45.869048099999901, -10.020341799999899 ], [ -45.867599799999901, -10.018315 ], [ -45.867313099999897, -10.0168313 ], [ -45.8676393, -10.0158316 ], [ -45.8674045, -10.0153683 ], [ -45.8660947, -10.0152801999999 ], [ -45.8658798, -10.0148996999999 ], [ -45.8670217, -10.0117516999999 ], [ -45.865977299999898, -10.0101359 ], [ -45.8652314, -10.010518999999899 ], [ -45.864815, -10.0091128 ], [ -45.8662171, -10.0085063999999 ], [ -45.8653704, -10.0069778 ], [ -45.864112799999901, -10.0083023 ], [ -45.8638298, -10.007979299999899 ], [ -45.8641537, -10.006633099999901 ], [ -45.863498999999898, -10.0060324 ], [ -45.8634484, -10.0051043 ], [ -45.8623721, -10.0052 ], [ -45.8618569, -10.0044594 ], [ -45.8609683, -10.0044612 ], [ -45.8608239, -10.0033023999999 ], [ -45.859045599999902, -10.002470399999901 ], [ -45.8594628, -10.001404 ], [ -45.857821499999901, -9.999690499999931 ], [ -45.857368199999897, -9.997648399999949 ], [ -45.8565532, -9.99707429999995 ], [ -45.8564564, -9.995915 ], [ -45.8554278, -9.99665929999998 ], [ -45.8548191, -9.996336499999931 ], [ -45.8550951, -9.994061399999961 ], [ -45.8539673, -9.992208 ], [ -45.855041099999902, -9.99155519999994 ], [ -45.8540563, -9.99007609999995 ], [ -45.855311599999901, -9.987821099999961 ], [ -45.8551222, -9.98689409999997 ], [ -45.855680699999901, -9.985687 ], [ -45.8569408, -9.98531359999993 ], [ -45.857033199999897, -9.984756199999939 ], [ -45.8560504, -9.983783099999931 ], [ -45.8539918, -9.98365179999996 ], [ -45.853894599999897, -9.982398399999971 ], [ -45.8526787, -9.982169299999949 ], [ -45.8538455999999, -9.981146099999931 ], [ -45.8537683, -9.98062659999994 ], [ -45.852206899999899, -9.980245899999939 ], [ -45.851876699999899, -9.979551 ], [ -45.850827799999898, -9.971482 ], [ -45.8489483, -9.968098899999969 ], [ -45.848425, -9.964874899999931 ], [ -45.848356099999897, -9.96474829999994 ], [ -45.8470146, -9.962283199999939 ], [ -45.8470114, -9.960334499999931 ], [ -45.8490098, -9.956292899999941 ], [ -45.847269299999901, -9.952052699999969 ], [ -45.8453926, -9.949692499999969 ], [ -45.8451532, -9.947001 ], [ -45.8458492, -9.945469499999939 ], [ -45.8453302, -9.943383 ], [ -45.843037799999898, -9.942947899999981 ], [ -45.842286199999897, -9.94155789999996 ], [ -45.8425152, -9.939469699999959 ], [ -45.844214399999899, -9.935823899999949 ], [ -45.8448809, -9.93250679999994 ], [ -45.845813099999901, -9.930971099999971 ], [ -45.8470722, -9.93004239999993 ], [ -45.847582799999898, -9.928439199999961 ], [ -45.8475324999999, -9.92760419999996 ], [ -45.846078599999899, -9.92565909999996 ], [ -45.846496699999904, -9.924547 ], [ -45.847476599999901, -9.923476299999949 ], [ -45.8518197, -9.920819899999969 ], [ -45.852657, -9.91979679999997 ], [ -45.8525549, -9.91583249999996 ], [ -45.8552103, -9.913181099999971 ], [ -45.855674899999897, -9.911185399999971 ], [ -45.858049999999899, -9.907514299999949 ], [ -45.8574771, -9.903549399999971 ], [ -45.859699799999902, -9.89505479999997 ], [ -45.8589895, -9.89144039999996 ], [ -45.8605286, -9.88987429999997 ], [ -45.8599642, -9.88806519999997 ], [ -45.860060099999899, -9.886512799999929 ], [ -45.8598135, -9.884168599999949 ], [ -45.860138, -9.883331 ], [ -45.863547, -9.88142179999994 ], [ -45.863354, -9.87919539999996 ], [ -45.8621332, -9.877040099999929 ], [ -45.8615645, -9.874442899999959 ], [ -45.8626355, -9.87276959999997 ], [ -45.8638452, -9.87267939999998 ], [ -45.865999299999899, -9.87164819999998 ], [ -45.8662777, -9.870719 ], [ -45.8652853, -9.86884239999995 ], [ -45.864396199999902, -9.86536609999996 ], [ -45.8644305, -9.861467699999929 ], [ -45.8614737, -9.856008599999941 ], [ -45.8602911, -9.85208119999993 ], [ -45.8583667, -9.84902439999996 ], [ -45.8558886, -9.84907719999995 ], [ -45.85537, -9.847918499999929 ], [ -45.8557868, -9.84592159999994 ], [ -45.855127599999904, -9.844068199999979 ], [ -45.8561068, -9.84311459999998 ], [ -45.8561035, -9.84213929999993 ], [ -45.854372899999902, -9.841356499999961 ], [ -45.853336399999897, -9.83889949999997 ], [ -45.852075399999897, -9.83922759999996 ], [ -45.8514208, -9.83881259999993 ], [ -45.8531447, -9.83839069999993 ], [ -45.8531477, -9.83797169999997 ], [ -45.8521684, -9.83704649999993 ], [ -45.8519239, -9.83505169999995 ], [ -45.850609899999903, -9.83294369999993 ], [ -45.8507453, -9.83029969999996 ], [ -45.8489031, -9.82339079999997 ], [ -45.8490381, -9.822091 ], [ -45.8483787, -9.819356499999969 ], [ -45.8487928, -9.81746609999993 ], [ -45.847057199999902, -9.814592199999939 ], [ -45.847377499999901, -9.812319799999949 ], [ -45.8472944, -9.81213009999993 ], [ -45.845731999999899, -9.808565199999981 ], [ -45.842682599999897, -9.80450039999994 ], [ -45.842901299999902, -9.80370859999994 ], [ -45.84312, -9.802916899999961 ], [ -45.842020499999897, -9.80139249999996 ], [ -45.8395383, -9.799960599999959 ], [ -45.8390213, -9.79921849999994 ], [ -45.8393455, -9.79764029999996 ], [ -45.8387355, -9.79689859999996 ], [ -45.8345692, -9.795469599999929 ], [ -45.832883799999898, -9.79382029999994 ], [ -45.8295122, -9.792813099999931 ], [ -45.82848, -9.79170229999994 ], [ -45.8276351, -9.78705889999998 ], [ -45.8259808, -9.783075 ], [ -45.8259762, -9.781334099999979 ], [ -45.822600399999899, -9.777907299999979 ], [ -45.8214206, -9.77312709999995 ], [ -45.8231248, -9.763251299999981 ], [ -45.8227952, -9.761859099999979 ], [ -45.8210106, -9.75879809999998 ], [ -45.821141699999899, -9.756611 ], [ -45.8211578, -9.755878699999929 ], [ -45.821926899999902, -9.75487259999994 ], [ -45.8227946, -9.754311199999959 ], [ -45.824110899999901, -9.75286 ], [ -45.824922699999902, -9.751585199999971 ], [ -45.8254775999999, -9.75034589999996 ], [ -45.8262432, -9.748651499999941 ], [ -45.8272393, -9.74711259999998 ], [ -45.8275498, -9.74604929999998 ], [ -45.8274024, -9.74505309999995 ], [ -45.826935499999898, -9.74433809999994 ], [ -45.8261654, -9.744204899999939 ], [ -45.8251685, -9.743859199999971 ], [ -45.8243704, -9.74320629999994 ], [ -45.823895999999898, -9.74312119999996 ], [ -45.8230169, -9.74304919999997 ], [ -45.8222445, -9.742491799999931 ], [ -45.8213489, -9.74139329999997 ], [ -45.8208883, -9.74000259999997 ], [ -45.821009699999898, -9.739214199999941 ], [ -45.821612899999899, -9.73837959999997 ], [ -45.822232799999902, -9.73808539999993 ], [ -45.823077899999902, -9.737223 ], [ -45.8241517, -9.73643339999995 ], [ -45.825233899999901, -9.73491619999993 ], [ -45.825423699999902, -9.734324399999929 ], [ -45.825296099999903, -9.733888199999971 ], [ -45.825305, -9.733427899999979 ], [ -45.825638899999902, -9.732668099999961 ], [ -45.826431699999901, -9.73175509999993 ], [ -45.8265484, -9.731497 ], [ -45.826569499999898, -9.73117919999993 ], [ -45.8261436, -9.730579899999951 ], [ -45.825783499999901, -9.72989449999994 ], [ -45.8258077, -9.729701 ], [ -45.8259828, -9.729427799999939 ], [ -45.8264715, -9.72914409999993 ], [ -45.8274335999999, -9.728675 ], [ -45.827612, -9.72830489999996 ], [ -45.8273657, -9.727765 ], [ -45.827417599999897, -9.727330099999961 ], [ -45.8278457, -9.72678569999994 ], [ -45.8283954999999, -9.726058199999949 ], [ -45.8292625, -9.72457939999998 ], [ -45.8295519, -9.723316599999981 ], [ -45.8293401, -9.722188499999961 ], [ -45.828785099999898, -9.72195119999998 ], [ -45.8281686999999, -9.721785699999939 ], [ -45.8279795, -9.72151 ], [ -45.8275869, -9.720774199999941 ], [ -45.8268719, -9.71983069999993 ], [ -45.8259992, -9.718695 ], [ -45.8259648, -9.71820349999996 ], [ -45.826228199999903, -9.717341399999951 ], [ -45.8264085, -9.71614639999996 ], [ -45.8268595, -9.715413799999959 ], [ -45.827397, -9.715129599999949 ], [ -45.8276806, -9.71464669999995 ], [ -45.8280376, -9.71409789999996 ], [ -45.828712799999899, -9.71397479999996 ], [ -45.829504799999903, -9.714072199999981 ], [ -45.8301749, -9.71381579999996 ], [ -45.8313325, -9.71375539999997 ], [ -45.8321582, -9.713384699999949 ], [ -45.8325306, -9.712554299999971 ], [ -45.832563299999897, -9.711839899999971 ], [ -45.8321437, -9.710992 ], [ -45.831849799999901, -9.71021919999993 ], [ -45.8316033, -9.70934259999996 ], [ -45.8312409, -9.70897659999997 ], [ -45.8304146, -9.708414 ], [ -45.830103, -9.70783919999997 ], [ -45.829607199999899, -9.706164599999971 ], [ -45.828925, -9.70486069999993 ], [ -45.828724099999903, -9.70440259999998 ], [ -45.8289242, -9.703700399999949 ], [ -45.829529599999901, -9.702659399999961 ], [ -45.8299775, -9.702145799999929 ], [ -45.8305922, -9.70200559999995 ], [ -45.8317127, -9.70147079999998 ], [ -45.833144699999899, -9.700418799999969 ], [ -45.8339487, -9.699483199999969 ], [ -45.8356213, -9.69918819999998 ], [ -45.836736, -9.698794899999941 ], [ -45.8372515, -9.69845739999994 ], [ -45.8375641, -9.697581 ], [ -45.838286599999897, -9.69679879999995 ], [ -45.8385678, -9.69631769999995 ], [ -45.8383928, -9.695857899999959 ], [ -45.837899999999898, -9.695530699999949 ], [ -45.837301099999898, -9.694768699999941 ], [ -45.8367717, -9.693619899999931 ], [ -45.836516199999899, -9.69278519999995 ], [ -45.8360565, -9.69241979999993 ], [ -45.835155299999897, -9.691961299999949 ], [ -45.834482099999903, -9.69196769999996 ], [ -45.8340428, -9.691715899999959 ], [ -45.8334503, -9.690711199999949 ], [ -45.8329583, -9.68919159999996 ], [ -45.8329947, -9.68737219999997 ], [ -45.8332677, -9.686299399999941 ], [ -45.833469299999898, -9.685120099999949 ], [ -45.8332247, -9.684103799999949 ], [ -45.8324885, -9.682620899999961 ], [ -45.8313108, -9.681924599999951 ], [ -45.8301177, -9.68142519999998 ], [ -45.829824899999899, -9.68088869999997 ], [ -45.8296778, -9.679906799999969 ], [ -45.825038499999899, -9.683402899999979 ], [ -45.823140099999897, -9.68417919999996 ], [ -45.8192483999999, -9.684018499999979 ], [ -45.8151910999999, -9.68664569999993 ], [ -45.8116477, -9.687598 ], [ -45.8062039, -9.688210799999981 ], [ -45.8043056, -9.68950359999997 ], [ -45.8011212, -9.69474609999997 ], [ -45.7989626, -9.69642489999995 ], [ -45.7915388, -9.70039019999996 ], [ -45.7879976, -9.702800699999949 ], [ -45.783334599999897, -9.70482819999995 ], [ -45.7653976, -9.72370879999994 ], [ -45.758914699999899, -9.72535549999998 ], [ -45.7565829, -9.72664639999994 ], [ -45.7539097, -9.730171 ], [ -45.7485602, -9.73460559999995 ], [ -45.7444209, -9.73941809999997 ], [ -45.7379501, -9.74578429999997 ], [ -45.736834299999899, -9.74934849999994 ], [ -45.734593899999901, -9.75201459999994 ], [ -45.724662099999897, -9.758215699999941 ], [ -45.721036899999902, -9.761457899999931 ], [ -45.6652566, -9.802754399999969 ], [ -45.6572107, -9.79803389999995 ], [ -45.6570179, -9.797920799999931 ], [ -45.557184499999899, -9.739352 ], [ -45.557363, -9.740934 ], [ -45.557799, -9.742631 ], [ -45.557772999999898, -9.743299 ], [ -45.557344, -9.744026 ], [ -45.554758999999898, -9.745755 ], [ -45.553845, -9.746727 ], [ -45.553021, -9.747686 ], [ -45.552346999999898, -9.748151 ], [ -45.549726, -9.74902 ], [ -45.548043999999898, -9.749451 ], [ -45.546582999999899, -9.749568 ], [ -45.544888, -9.749475 ], [ -45.543788999999897, -9.749936 ], [ -45.542658, -9.750841 ], [ -45.542014, -9.751525 ], [ -45.541688, -9.751593 ], [ -45.541336, -9.751356 ], [ -45.541173, -9.750004 ], [ -45.540959, -9.74953 ], [ -45.540401, -9.749403 ], [ -45.539594, -9.749437 ], [ -45.538873, -9.749775 ], [ -45.538299, -9.750599 ], [ -45.537887, -9.751706 ], [ -45.537574, -9.753101 ], [ -45.536921999999898, -9.756332 ], [ -45.536965, -9.757135 ], [ -45.537151, -9.757744 ], [ -45.537559, -9.758006 ], [ -45.538305, -9.758166 ], [ -45.539765, -9.758048 ], [ -45.540498, -9.758192 ], [ -45.543825, -9.75938 ], [ -45.546314, -9.760056 ], [ -45.547080999999899, -9.760388 ], [ -45.547986, -9.761356 ], [ -45.548514, -9.762387 ], [ -45.548664, -9.763423 ], [ -45.549091, -9.765669 ], [ -45.549374, -9.766946 ], [ -45.549323, -9.767495 ], [ -45.548911, -9.767977 ], [ -45.547967, -9.768476 ], [ -45.545929999999899, -9.768959 ], [ -45.545274, -9.769373 ], [ -45.544274, -9.77098 ], [ -45.543504, -9.772065 ], [ -45.542053, -9.773688 ], [ -45.541229, -9.774956 ], [ -45.540799999999898, -9.776148 ], [ -45.540394, -9.777469 ], [ -45.540356, -9.778327 ], [ -45.54066, -9.779257 ], [ -45.54142, -9.779975 ], [ -45.543061, -9.781757 ], [ -45.543782, -9.782467 ], [ -45.543877, -9.782881 ], [ -45.543604, -9.783552 ], [ -45.542952, -9.784625 ], [ -45.541798, -9.785703 ], [ -45.540609, -9.786489 ], [ -45.53986, -9.786785 ], [ -45.539198999999897, -9.786667 ], [ -45.537886, -9.785644 ], [ -45.535190999999898, -9.783243 ], [ -45.533195, -9.782285 ], [ -45.532251, -9.782429 ], [ -45.531702, -9.78286 ], [ -45.531272999999899, -9.786098 ], [ -45.531009, -9.789161 ], [ -45.531095, -9.790665 ], [ -45.530819999999899, -9.792559 ], [ -45.529497999999897, -9.795213 ], [ -45.528819999999897, -9.796364 ], [ -45.52791, -9.797209 ], [ -45.525747, -9.798545 ], [ -45.523978999999898, -9.799238 ], [ -45.523378, -9.799694 ], [ -45.523516, -9.800556 ], [ -45.523842, -9.801588 ], [ -45.524443, -9.801909 ], [ -45.527206, -9.803244 ], [ -45.528316, -9.8041 ], [ -45.529208, -9.805114 ], [ -45.529346, -9.805655 ], [ -45.52902, -9.806898 ], [ -45.527375999999897, -9.810009 ], [ -45.526294, -9.811454 ], [ -45.525376, -9.811928 ], [ -45.524895, -9.811666 ], [ -45.522587, -9.80929 ], [ -45.521677, -9.808792 ], [ -45.521188, -9.808716 ], [ -45.520398999999898, -9.808719 ], [ -45.516734, -9.810202 ], [ -45.514336, -9.811113 ], [ -45.513924, -9.811409 ], [ -45.513778, -9.811874 ], [ -45.513967, -9.814207 ], [ -45.513927, -9.815823 ], [ -45.513666, -9.816499 ], [ -45.512799, -9.81731 ], [ -45.511019, -9.818167 ], [ -45.509577, -9.818615 ], [ -45.508958999999898, -9.819004 ], [ -45.508847, -9.819359 ], [ -45.509113, -9.820128 ], [ -45.510942, -9.821945 ], [ -45.512055, -9.82311 ], [ -45.51263, -9.824141 ], [ -45.513196999999899, -9.825823 ], [ -45.513274, -9.826728 ], [ -45.512769999999897, -9.827041 ], [ -45.511448, -9.827608 ], [ -45.510439, -9.827599 ], [ -45.509624, -9.827929 ], [ -45.508993, -9.82844 ], [ -45.508268, -9.828512 ], [ -45.507504, -9.828149 ], [ -45.50685, -9.827676 ], [ -45.505682, -9.82602 ], [ -45.504824, -9.824498 ], [ -45.504761, -9.82343 ], [ -45.505254, -9.821642 ], [ -45.505466, -9.820252 ], [ -45.505551, -9.819136 ], [ -45.505414, -9.818587 ], [ -45.504950999999899, -9.818409 ], [ -45.504477999999899, -9.81846 ], [ -45.503757, -9.818959 ], [ -45.502007, -9.820674 ], [ -45.499603, -9.822635 ], [ -45.496754, -9.82434 ], [ -45.495758, -9.824995 ], [ -45.495376, -9.825447 ], [ -45.495355, -9.826525 ], [ -45.495593, -9.827685 ], [ -45.495885, -9.828361 ], [ -45.495988, -9.828674 ], [ -45.495799, -9.829063 ], [ -45.495155, -9.829207 ], [ -45.494571, -9.828953 ], [ -45.49367, -9.828167 ], [ -45.492692, -9.827829 ], [ -45.491842, -9.827854 ], [ -45.491151, -9.828263 ], [ -45.490688, -9.828744 ], [ -45.490782, -9.829378 ], [ -45.491229, -9.83007 ], [ -45.492847, -9.832353 ], [ -45.493505, -9.833425 ], [ -45.494234999999897, -9.834904 ], [ -45.494732, -9.836493 ], [ -45.494818, -9.837625 ], [ -45.494621, -9.838183 ], [ -45.494132, -9.83831 ], [ -45.49166, -9.838149 ], [ -45.490149, -9.838335 ], [ -45.489102, -9.838741 ], [ -45.487119, -9.838739 ], [ -45.486539999999898, -9.838413 ], [ -45.485385, -9.836317 ], [ -45.484602, -9.834002 ], [ -45.483853, -9.831451 ], [ -45.483252999999898, -9.8296 ], [ -45.482703, -9.829093 ], [ -45.481982, -9.82911 ], [ -45.480927, -9.829532 ], [ -45.480187999999899, -9.830724 ], [ -45.479051, -9.833585 ], [ -45.478209999999898, -9.834819 ], [ -45.475996, -9.836611 ], [ -45.475966, -9.83688189999998 ], [ -45.475893, -9.837541 ], [ -45.475909999999899, -9.839079 ], [ -45.475515, -9.84104 ], [ -45.474954, -9.841215 ], [ -45.473413, -9.840644 ], [ -45.472063999999897, -9.840248 ], [ -45.471322, -9.840295 ], [ -45.470288, -9.840599 ], [ -45.46885, -9.841482 ], [ -45.467956, -9.842405 ], [ -45.467592, -9.843183 ], [ -45.467441, -9.84448 ], [ -45.467557, -9.845228 ], [ -45.468108, -9.84588 ], [ -45.469352, -9.847105 ], [ -45.469738, -9.847604 ], [ -45.469969999999897, -9.848289 ], [ -45.470116, -9.850047 ], [ -45.469896999999897, -9.850474 ], [ -45.46882, -9.852359 ], [ -45.468190999999898, -9.853201 ], [ -45.467847999999897, -9.853345 ], [ -45.466269, -9.853582 ], [ -45.46596, -9.853396 ], [ -45.465865, -9.853015 ], [ -45.465848, -9.852094 ], [ -45.46578, -9.851773 ], [ -45.465530999999899, -9.851511 ], [ -45.465222, -9.851477 ], [ -45.464835, -9.851638 ], [ -45.463694, -9.852583 ], [ -45.463226, -9.852854 ], [ -45.462603999999899, -9.853057 ], [ -45.462046, -9.853141 ], [ -45.461436999999897, -9.853006 ], [ -45.460587, -9.852571 ], [ -45.459943, -9.852376 ], [ -45.458885, -9.851832 ], [ -45.458362, -9.851675 ], [ -45.457778, -9.851696 ], [ -45.45719, -9.852017 ], [ -45.456624, -9.852799 ], [ -45.456452, -9.853213 ], [ -45.456438999999897, -9.853653 ], [ -45.456615, -9.854811 ], [ -45.456570999999897, -9.855695 ], [ -45.456241, -9.85624 ], [ -45.455713, -9.856637 ], [ -45.455344, -9.856781 ], [ -45.454991999999898, -9.856777 ], [ -45.454717, -9.85665 ], [ -45.454168, -9.855737 ], [ -45.453755999999899, -9.855154 ], [ -45.453395, -9.854875 ], [ -45.453053, -9.854889 ], [ -45.452778, -9.855033 ], [ -45.452700999999898, -9.855667 ], [ -45.452838, -9.856875 ], [ -45.452633999999897, -9.858447 ], [ -45.452389, -9.859081 ], [ -45.452011, -9.859444 ], [ -45.451732, -9.85963 ], [ -45.451295, -9.85955 ], [ -45.450273, -9.859254 ], [ -45.449217, -9.858713 ], [ -45.44881, -9.85862 ], [ -45.448603999999897, -9.858696 ], [ -45.448278, -9.859803 ], [ -45.448004, -9.860702 ], [ -45.447957, -9.861171 ], [ -45.447983, -9.861924 ], [ -45.447766, -9.862885 ], [ -45.447311, -9.863865 ], [ -45.446779, -9.864533 ], [ -45.446032, -9.865226 ], [ -45.445551, -9.8658 ], [ -45.445371, -9.866189 ], [ -45.445354, -9.866493 ], [ -45.445723, -9.866848 ], [ -45.447088, -9.867482 ], [ -45.44733, -9.867716 ], [ -45.447532, -9.86808 ], [ -45.447747, -9.868392 ], [ -45.447802, -9.868642 ], [ -45.447724999999899, -9.86903 ], [ -45.447522999999897, -9.869373 ], [ -45.446944, -9.870028 ], [ -45.446738, -9.870497 ], [ -45.446658, -9.870952 ], [ -45.446841999999897, -9.871387 ], [ -45.447288, -9.871577 ], [ -45.447837999999898, -9.871713 ], [ -45.448554, -9.871489 ], [ -45.449112, -9.871227 ], [ -45.449275, -9.870939 ], [ -45.449293, -9.87069 ], [ -45.449078, -9.869722 ], [ -45.449163999999897, -9.869181 ], [ -45.449297999999899, -9.868793 ], [ -45.449899, -9.86848 ], [ -45.450739999999897, -9.868074 ], [ -45.451624, -9.867753 ], [ -45.451941, -9.86777 ], [ -45.452517, -9.868066 ], [ -45.452714, -9.868218 ], [ -45.452783, -9.868615 ], [ -45.452731, -9.870035 ], [ -45.452585, -9.870694 ], [ -45.452233, -9.871396 ], [ -45.451541, -9.871862 ], [ -45.450868, -9.872192 ], [ -45.450052, -9.872445 ], [ -45.448850999999898, -9.872995 ], [ -45.448039, -9.873552 ], [ -45.447679999999899, -9.873868 ], [ -45.44738, -9.87429 ], [ -45.447268, -9.8747 ], [ -45.447271999999899, -9.875072 ], [ -45.447577, -9.876095 ], [ -45.447808, -9.876628 ], [ -45.447846, -9.876882 ], [ -45.447778, -9.877173 ], [ -45.447554, -9.877431 ], [ -45.447301, -9.877537 ], [ -45.446829, -9.877478 ], [ -45.44637, -9.877283 ], [ -45.445828999999897, -9.876941 ], [ -45.4454, -9.876907 ], [ -45.445164, -9.876937 ], [ -45.444829, -9.877118 ], [ -45.444387999999897, -9.877212 ], [ -45.443559999999898, -9.87714 ], [ -45.443238, -9.877166 ], [ -45.442873, -9.87736 ], [ -45.442607, -9.877681 ], [ -45.442405999999899, -9.878467 ], [ -45.441951, -9.879071 ], [ -45.441353999999897, -9.879671 ], [ -45.441066, -9.880134 ], [ -45.440306, -9.881225 ], [ -45.439645, -9.88163 ], [ -45.439079, -9.881943 ], [ -45.43877, -9.881985 ], [ -45.438272, -9.881808 ], [ -45.437821, -9.881419 ], [ -45.437297999999899, -9.881292 ], [ -45.436178, -9.881323 ], [ -45.435375, -9.881721 ], [ -45.435105, -9.882088 ], [ -45.435143, -9.882777 ], [ -45.435302, -9.883504 ], [ -45.435515, -9.884057 ], [ -45.435789, -9.884746 ], [ -45.435866, -9.88532 ], [ -45.436017, -9.886258 ], [ -45.436174, -9.886909 ], [ -45.436539, -9.887754 ], [ -45.436771, -9.887936 ], [ -45.438509, -9.888329 ], [ -45.439239, -9.888283 ], [ -45.439445, -9.888418 ], [ -45.439698, -9.889001 ], [ -45.439801, -9.889423 ], [ -45.439947, -9.889804 ], [ -45.439954999999898, -9.890053 ], [ -45.439711, -9.89034 ], [ -45.439143999999899, -9.890505 ], [ -45.438651, -9.890378 ], [ -45.437388999999897, -9.889681 ], [ -45.436436, -9.889322 ], [ -45.435732, -9.889267 ], [ -45.435251999999899, -9.889414 ], [ -45.434677, -9.889807 ], [ -45.434303, -9.890229 ], [ -45.4342, -9.890508 ], [ -45.434381, -9.891074 ], [ -45.434641999999897, -9.891708 ], [ -45.434648, -9.892186 ], [ -45.434536, -9.892879 ], [ -45.434631, -9.893601 ], [ -45.434567, -9.89404 ], [ -45.434361399999901, -9.894248599999971 ], [ -45.434288, -9.894323 ], [ -45.433035, -9.895045 ], [ -45.432412999999897, -9.895472 ], [ -45.432076, -9.895797 ], [ -45.43172, -9.895907 ], [ -45.431561, -9.896029 ], [ -45.431153, -9.896697 ], [ -45.430677, -9.897035 ], [ -45.430408, -9.897218 ], [ -45.429648, -9.897289 ], [ -45.429253, -9.897302 ], [ -45.428944, -9.897167 ], [ -45.428828, -9.896863 ], [ -45.428913, -9.895678 ], [ -45.428866, -9.894613 ], [ -45.428664, -9.894258 ], [ -45.428162, -9.893984 ], [ -45.427132, -9.89395 ], [ -45.426918, -9.894102 ], [ -45.426823, -9.894372 ], [ -45.426809999999897, -9.895188 ], [ -45.426647, -9.895741 ], [ -45.426364, -9.89597 ], [ -45.425875, -9.896126 ], [ -45.425551, -9.896328 ], [ -45.424799999999898, -9.896395 ], [ -45.424139, -9.896539 ], [ -45.423873, -9.896505 ], [ -45.423641, -9.896315 ], [ -45.423109, -9.895563 ], [ -45.422843, -9.895369 ], [ -45.422632, -9.895318 ], [ -45.422336, -9.895377 ], [ -45.421129, -9.895963 ], [ -45.420666, -9.89639 ], [ -45.420502999999897, -9.896774 ], [ -45.420614, -9.897138 ], [ -45.421078, -9.897366 ], [ -45.421726, -9.897518 ], [ -45.422055999999898, -9.897556 ], [ -45.422283999999898, -9.897704 ], [ -45.422491, -9.897966 ], [ -45.422615, -9.898498 ], [ -45.422632, -9.899001 ], [ -45.422474, -9.899859 ], [ -45.422197, -9.900829 ], [ -45.421965, -9.901353 ], [ -45.422007999999899, -9.901885 ], [ -45.422557, -9.902443 ], [ -45.4243, -9.903432 ], [ -45.424662, -9.903946 ], [ -45.424718, -9.904234 ], [ -45.424580999999897, -9.904614 ], [ -45.424011, -9.905013 ], [ -45.423654999999897, -9.905237 ], [ -45.423319999999897, -9.905233 ], [ -45.422968, -9.905085 ], [ -45.422435999999898, -9.904768 ], [ -45.421964, -9.904603 ], [ -45.42118, -9.904595 ], [ -45.420266, -9.904481 ], [ -45.419472, -9.904485 ], [ -45.41894, -9.904599 ], [ -45.418759, -9.904781 ], [ -45.418691, -9.905309 ], [ -45.418937, -9.907267 ], [ -45.4188, -9.909101 ], [ -45.418543, -9.910115 ], [ -45.418259, -9.910453 ], [ -45.417925, -9.910479 ], [ -45.417358, -9.909735 ], [ -45.417028, -9.909035 ], [ -45.416071, -9.908156 ], [ -45.41586, -9.908067 ], [ -45.41538, -9.907972 ], [ -45.414915999999899, -9.907863 ], [ -45.41477, -9.907896 ], [ -45.414521, -9.908146 ], [ -45.414474, -9.908433 ], [ -45.414637, -9.908877 ], [ -45.414865, -9.909227 ], [ -45.414985, -9.909498 ], [ -45.414960999999899, -9.909692 ], [ -45.414785, -9.909882 ], [ -45.414476, -9.91011 ], [ -45.413884, -9.910148 ], [ -45.412953, -9.909954 ], [ -45.4127, -9.909755 ], [ -45.412494, -9.909071 ], [ -45.412404, -9.90845 ], [ -45.41241, -9.906915 ], [ -45.412332999999897, -9.906374 ], [ -45.412032, -9.905842 ], [ -45.411603, -9.905639 ], [ -45.411028, -9.9058 ], [ -45.410505, -9.906155 ], [ -45.409928, -9.906888 ], [ -45.409474, -9.907277 ], [ -45.409112999999898, -9.907345 ], [ -45.408396, -9.907226 ], [ -45.407889, -9.907017 ], [ -45.407322, -9.906907 ], [ -45.406227999999899, -9.906476 ], [ -45.405979, -9.906438 ], [ -45.405271, -9.906472 ], [ -45.404739, -9.906561 ], [ -45.404597, -9.906696 ], [ -45.404657, -9.907025 ], [ -45.405108, -9.9073 ], [ -45.405507, -9.907503 ], [ -45.405567, -9.907663 ], [ -45.405575999999897, -9.907816 ], [ -45.405434, -9.908145 ], [ -45.404849, -9.908635 ], [ -45.40433, -9.90913 ], [ -45.404013, -9.90978 ], [ -45.403871, -9.910503 ], [ -45.403739, -9.911353 ], [ -45.40343, -9.912291 ], [ -45.403146999999898, -9.912858 ], [ -45.40298, -9.913401 ], [ -45.402684, -9.913836 ], [ -45.402375, -9.914026 ], [ -45.402161, -9.914052 ], [ -45.401281, -9.913769 ], [ -45.400719, -9.913674 ], [ -45.400126999999898, -9.913796 ], [ -45.399589999999897, -9.914054 ], [ -45.399277, -9.914413 ], [ -45.398903, -9.914937 ], [ -45.398092, -9.915376 ], [ -45.397360299999903, -9.915645099999949 ], [ -45.396779, -9.915859 ], [ -45.3959126, -9.916442399999941 ], [ -45.395101, -9.916928 ], [ -45.394765999999898, -9.917203 ], [ -45.394646, -9.917503 ], [ -45.394657, -9.918099 ], [ -45.39455, -9.918577 ], [ -45.394284, -9.919071 ], [ -45.394249, -9.919346 ], [ -45.394292, -9.919616 ], [ -45.394447, -9.919984 ], [ -45.394526, -9.920399 ], [ -45.394539, -9.920864 ], [ -45.394315999999897, -9.921274 ], [ -45.393822, -9.921616 ], [ -45.393504999999898, -9.92173 ], [ -45.393282999999897, -9.921981 ], [ -45.393317, -9.922192 ], [ -45.393695, -9.922792 ], [ -45.393815, -9.923206 ], [ -45.393858, -9.923586 ], [ -45.393712, -9.923857 ], [ -45.393319, -9.923959 ], [ -45.392916, -9.924086 ], [ -45.392714, -9.924023 ], [ -45.392323, -9.923892 ], [ -45.392091999999899, -9.923905 ], [ -45.391718, -9.924065 ], [ -45.391495, -9.924336 ], [ -45.391348999999899, -9.924758 ], [ -45.391362, -9.925062 ], [ -45.391598, -9.92551 ], [ -45.391883, -9.925851 ], [ -45.392268999999899, -9.926164 ], [ -45.392501, -9.926511 ], [ -45.392586, -9.926937 ], [ -45.392586, -9.927182 ], [ -45.392359, -9.927394 ], [ -45.392123, -9.927601 ], [ -45.391971, -9.927974 ], [ -45.391798999999899, -9.928629 ], [ -45.391528, -9.92911 ], [ -45.391314, -9.929283 ], [ -45.39079, -9.929241 ], [ -45.390031, -9.928886 ], [ -45.389862999999899, -9.928667 ], [ -45.389756, -9.928345 ], [ -45.389499, -9.928147 ], [ -45.389206999999899, -9.928168 ], [ -45.38872, -9.928402 ], [ -45.388599999999897, -9.928562 ], [ -45.388492, -9.929361 ], [ -45.388424, -9.92961 ], [ -45.388123, -9.929821 ], [ -45.387852, -9.930483 ], [ -45.388028, -9.93091 ], [ -45.388135, -9.931214 ], [ -45.388258999999898, -9.931328 ], [ -45.388264, -9.931467 ], [ -45.388186, -9.931641 ], [ -45.387976, -9.931704 ], [ -45.387876999999897, -9.931848 ], [ -45.387839, -9.931966 ], [ -45.387843, -9.932118 ], [ -45.387933, -9.932241 ], [ -45.388126, -9.932173 ], [ -45.388483, -9.931966 ], [ -45.388598, -9.931869 ], [ -45.388787, -9.931856 ], [ -45.389164999999899, -9.931941 ], [ -45.389465, -9.932059 ], [ -45.389628, -9.932198 ], [ -45.389787, -9.932173 ], [ -45.389959, -9.932008 ], [ -45.390006, -9.93178 ], [ -45.390087999999899, -9.931675 ], [ -45.390264, -9.931628 ], [ -45.390482, -9.931679 ], [ -45.390538, -9.931759 ], [ -45.39047, -9.931915 ], [ -45.390276, -9.932025 ], [ -45.390177999999899, -9.93219 ], [ -45.39001, -9.932883 ], [ -45.389902, -9.933026 ], [ -45.389709, -9.932988 ], [ -45.389589, -9.932869 ], [ -45.389502999999898, -9.93273 ], [ -45.389348, -9.932768 ], [ -45.389198, -9.933106 ], [ -45.389134, -9.933309 ], [ -45.389184999999898, -9.933457 ], [ -45.389443, -9.933731 ], [ -45.389487, -9.933793 ], [ -45.389564, -9.93381 ], [ -45.389676, -9.933713 ], [ -45.389826, -9.933726 ], [ -45.389882, -9.933861 ], [ -45.389812999999897, -9.934022 ], [ -45.389594, -9.934148 ], [ -45.389264, -9.934516 ], [ -45.389169, -9.934769 ], [ -45.389229, -9.935035 ], [ -45.389454, -9.935205 ], [ -45.389514, -9.935281 ], [ -45.389449, -9.935403 ], [ -45.389046, -9.935733 ], [ -45.388686, -9.93608 ], [ -45.388596, -9.936342 ], [ -45.388639, -9.936684 ], [ -45.388768, -9.936942 ], [ -45.389068, -9.937001 ], [ -45.389840999999898, -9.937035 ], [ -45.390055, -9.937144 ], [ -45.390094, -9.937267 ], [ -45.390051, -9.937356 ], [ -45.389862, -9.937457 ], [ -45.389699, -9.937575 ], [ -45.389669, -9.937727 ], [ -45.389879, -9.937896 ], [ -45.390309, -9.938036 ], [ -45.390701, -9.938292 ], [ -45.391105, -9.938588 ], [ -45.391551, -9.938812 ], [ -45.391718, -9.938985 ], [ -45.391942, -9.939006 ], [ -45.392271999999899, -9.93882 ], [ -45.392426, -9.938508 ], [ -45.39262, -9.938491 ], [ -45.393023, -9.938744 ], [ -45.39325, -9.938812 ], [ -45.393332, -9.938976 ], [ -45.393345, -9.939124 ], [ -45.393315, -9.939234 ], [ -45.393062, -9.939412 ], [ -45.392886, -9.939513 ], [ -45.392508, -9.939851 ], [ -45.392134999999897, -9.940311 ], [ -45.391906999999897, -9.940666 ], [ -45.391847, -9.940983 ], [ -45.391736, -9.941148 ], [ -45.391559, -9.941114 ], [ -45.391331, -9.940923 ], [ -45.39134, -9.940522 ], [ -45.391374, -9.940129 ], [ -45.391224, -9.939897 ], [ -45.390936, -9.939732 ], [ -45.390722, -9.939703 ], [ -45.390486, -9.939914 ], [ -45.39046, -9.940547 ], [ -45.390614, -9.941063 ], [ -45.391125, -9.941595 ], [ -45.39164, -9.942233 ], [ -45.392054, -9.942673 ], [ -45.392183, -9.942973 ], [ -45.39226, -9.943602 ], [ -45.392221999999897, -9.944193 ], [ -45.392299, -9.944586 ], [ -45.392549, -9.944734 ], [ -45.392823, -9.944882 ], [ -45.392909, -9.945055 ], [ -45.392862, -9.945681 ], [ -45.392763, -9.945934 ], [ -45.392476, -9.946154 ], [ -45.392437, -9.946297 ], [ -45.392592, -9.946648 ], [ -45.392735, -9.946936 ], [ -45.393009999999897, -9.94705 ], [ -45.393092, -9.947156 ], [ -45.393049, -9.947439 ], [ -45.392594, -9.948047 ], [ -45.392049, -9.948721 ], [ -45.391726999999896, -9.948937 ], [ -45.391354, -9.949063 ], [ -45.391221, -9.949215 ], [ -45.391255, -9.949414 ], [ -45.391736, -9.949811 ], [ -45.392139, -9.950119 ], [ -45.392297, -9.950273 ], [ -45.39246, -9.950708 ], [ -45.392524, -9.950944 ], [ -45.392434, -9.951396 ], [ -45.39228, -9.95165 ], [ -45.391919, -9.952026 ], [ -45.391886999999898, -9.952443 ], [ -45.3919, -9.952764 ], [ -45.391758, -9.953259 ], [ -45.391531, -9.953546 ], [ -45.391269, -9.953719 ], [ -45.3893492999999, -9.95592509999994 ], [ -45.388092599999901, -9.96302159999993 ], [ -45.3862338, -9.965766099999939 ], [ -45.384853899999896, -9.970061299999941 ], [ -45.3829378, -9.97200179999993 ], [ -45.3803528, -9.97325609999996 ], [ -45.3771692, -9.97671879999996 ], [ -45.378256, -9.97987739999996 ], [ -45.3790677, -9.98074879999996 ], [ -45.3790724, -9.98084819999997 ], [ -45.491031, -9.97651869999993 ], [ -45.4940511, -9.97640189999993 ], [ -45.549892999999898, -9.97424239999998 ], [ -45.551845, -9.974313 ], [ -45.551709, -9.974447 ], [ -45.551683, -9.974725 ], [ -45.551653, -9.975029 ], [ -45.55152, -9.975363 ], [ -45.550924, -9.976069 ], [ -45.550756, -9.976381 ], [ -45.550617, -9.976931 ], [ -45.550488, -9.977599 ], [ -45.550462, -9.978 ], [ -45.550518, -9.978351 ], [ -45.550752, -9.978676 ], [ -45.551911, -9.979601 ], [ -45.552473, -9.980201 ], [ -45.552708, -9.980499 ], [ -45.553266, -9.980749 ], [ -45.553442, -9.980998 ], [ -45.553449999999899, -9.981167 ], [ -45.553279, -9.981441 ], [ -45.552844999999898, -9.981902 ], [ -45.552428, -9.982397 ], [ -45.552067, -9.982963 ], [ -45.551239, -9.983686 ], [ -45.550677, -9.984104 ], [ -45.550452, -9.984232 ], [ -45.550288, -9.98443 ], [ -45.550022, -9.984811 ], [ -45.549838, -9.985385 ], [ -45.549911, -9.9859 ], [ -45.549971, -9.986238 ], [ -45.549954, -9.986506 ], [ -45.549842, -9.986853 ], [ -45.549579999999899, -9.987292 ], [ -45.549289, -9.987584 ], [ -45.549211, -9.987833 ], [ -45.549289, -9.987989 ], [ -45.549422, -9.988095 ], [ -45.549519, -9.988286 ], [ -45.549562, -9.988696 ], [ -45.549661, -9.988912 ], [ -45.54986, -9.989239 ], [ -45.550011, -9.989585 ], [ -45.550217, -9.989733 ], [ -45.550430999999897, -9.989906 ], [ -45.55068, -9.990307 ], [ -45.551371, -9.991561 ], [ -45.551495, -9.991806 ], [ -45.551495, -9.992072 ], [ -45.55147, -9.992292 ], [ -45.551392, -9.992448 ], [ -45.551204, -9.992566 ], [ -45.551006, -9.992735 ], [ -45.550857, -9.993145 ], [ -45.550745, -9.993631 ], [ -45.550831, -9.993939 ], [ -45.551072, -9.994269 ], [ -45.551809999999897, -9.994539 ], [ -45.552458, -9.994738 ], [ -45.552878, -9.9947 ], [ -45.553289999999897, -9.994569 ], [ -45.553591, -9.994641 ], [ -45.553959, -9.994865 ], [ -45.554191, -9.995262 ], [ -45.554388, -9.995828 ], [ -45.554427, -9.99625 ], [ -45.554417999999899, -9.996432 ], [ -45.554305999999897, -9.99677 ], [ -45.554302, -9.997044 ], [ -45.554482, -9.997408 ], [ -45.554784, -9.997871 ], [ -45.554947, -9.998298 ], [ -45.555157, -9.998585 ], [ -45.555183, -9.998805 ], [ -45.55508, -9.999291 ], [ -45.554773, -10.000287 ], [ -45.554527999999898, -10.000713 ], [ -45.554371199999899, -10.0011501999999 ], [ -45.554159, -10.001769 ], [ -45.553983, -10.002465 ], [ -45.553842, -10.002633999999899 ], [ -45.553636, -10.002808 ], [ -45.553567, -10.002951 ], [ -45.553559, -10.003221 ], [ -45.553906, -10.003754 ], [ -45.554194, -10.004358 ], [ -45.554475, -10.00494 ], [ -45.554561, -10.005223 ], [ -45.554526, -10.005734 ], [ -45.554526, -10.005996 ], [ -45.554543, -10.00619 ], [ -45.554685, -10.006368 ], [ -45.55526, -10.006459999999899 ], [ -45.555813999999899, -10.0063 ], [ -45.556277, -10.006304 ], [ -45.556511999999898, -10.006561 ], [ -45.556537999999897, -10.006785 ], [ -45.556319, -10.007254 ], [ -45.555933, -10.007866 ], [ -45.555332, -10.008217 ], [ -45.554834, -10.008196 ], [ -45.554379, -10.007959 ], [ -45.553804, -10.007786 ], [ -45.553512, -10.007503 ], [ -45.552796, -10.006777 ], [ -45.552346, -10.006524 ], [ -45.55214, -10.006642 ], [ -45.551883, -10.007140999999899 ], [ -45.551814, -10.007724 ], [ -45.552003, -10.008585 ], [ -45.552398, -10.009447 ], [ -45.55323, -10.010081 ], [ -45.554707, -10.010696999999899 ], [ -45.555183999999898, -10.011083 ], [ -45.555579, -10.011497 ], [ -45.555909, -10.011713 ], [ -45.556235, -10.011806 ], [ -45.556522, -10.011968 ], [ -45.556664, -10.012115 ], [ -45.556694, -10.012322 ], [ -45.556591, -10.012744999999899 ], [ -45.556578, -10.012994 ], [ -45.556638, -10.01318 ], [ -45.556857, -10.01329 ], [ -45.557071, -10.01323 ], [ -45.557466, -10.012956 ], [ -45.557646, -10.012969 ], [ -45.557784, -10.013142 ], [ -45.557848, -10.013352999999899 ], [ -45.557766, -10.013839 ], [ -45.557547999999898, -10.014079 ], [ -45.557249, -10.014531 ], [ -45.556721, -10.015279 ], [ -45.556154999999897, -10.015925 ], [ -45.555757, -10.016579 ], [ -45.555508, -10.017266999999899 ], [ -45.555202999999899, -10.017711 ], [ -45.554877, -10.018056999999899 ], [ -45.554555999999899, -10.018312 ], [ -45.554398, -10.018397 ], [ -45.554316, -10.018519 ], [ -45.554316, -10.018676 ], [ -45.554604, -10.018844999999899 ], [ -45.55484, -10.019072999999899 ], [ -45.554947, -10.019288 ], [ -45.554934, -10.019435999999899 ], [ -45.554269, -10.01966 ], [ -45.553612, -10.01966 ], [ -45.552419, -10.019402 ], [ -45.551834, -10.019258 ], [ -45.551126, -10.01925 ], [ -45.550989, -10.0193 ], [ -45.550963, -10.019457 ], [ -45.551092, -10.019693 ], [ -45.551392, -10.019989 ], [ -45.551667, -10.020293 ], [ -45.552058, -10.020542 ], [ -45.552182, -10.020786 ], [ -45.552337, -10.021251 ], [ -45.552345, -10.021483 ], [ -45.552238, -10.021707 ], [ -45.551803999999898, -10.022171 ], [ -45.551392, -10.022421 ], [ -45.551094, -10.022679 ], [ -45.550944, -10.022877999999899 ], [ -45.550935, -10.023258 ], [ -45.551110999999899, -10.023625 ], [ -45.551468, -10.023946 ], [ -45.551613, -10.024275999999899 ], [ -45.551757, -10.024818 ], [ -45.55204, -10.025177 ], [ -45.552388, -10.025511 ], [ -45.552847, -10.025726 ], [ -45.553109, -10.025992 ], [ -45.553143, -10.026190999999899 ], [ -45.553036, -10.026478 ], [ -45.552779, -10.026658999999899 ], [ -45.551490999999899, -10.026917 ], [ -45.55089, -10.027044 ], [ -45.549942, -10.027352 ], [ -45.549201, -10.027584 ], [ -45.548862, -10.027719 ], [ -45.548711, -10.027854 ], [ -45.548608, -10.028165999999899 ], [ -45.548698, -10.028496 ], [ -45.549093, -10.029197 ], [ -45.549115, -10.029353 ], [ -45.549101999999898, -10.029594 ], [ -45.549389, -10.029898 ], [ -45.550002999999897, -10.030329 ], [ -45.550432, -10.030697 ], [ -45.55057, -10.031009 ], [ -45.55066, -10.031748 ], [ -45.550559, -10.032316 ], [ -45.550542, -10.032485 ], [ -45.550593, -10.032625 ], [ -45.550735, -10.032743 ], [ -45.550790999999897, -10.032891 ], [ -45.550722, -10.033043 ], [ -45.550469, -10.033115 ], [ -45.550091, -10.033085 ], [ -45.549802999999898, -10.033245 ], [ -45.549632, -10.033334 ], [ -45.549383, -10.033655 ], [ -45.549246, -10.033879 ], [ -45.549045, -10.034081 ], [ -45.548963, -10.034275 ], [ -45.548968, -10.034461 ], [ -45.549148, -10.034613 ], [ -45.549242, -10.034761 ], [ -45.549242, -10.035048 ], [ -45.54929, -10.035225 ], [ -45.549211, -10.035461 ], [ -45.549172999999897, -10.035663999999899 ], [ -45.54916, -10.035858 ], [ -45.5491, -10.03601 ], [ -45.548872, -10.036272 ], [ -45.548623, -10.036541999999899 ], [ -45.548589, -10.036737 ], [ -45.548456, -10.037163 ], [ -45.548319, -10.037396 ], [ -45.547997, -10.03756 ], [ -45.547606, -10.037759 ], [ -45.547348999999898, -10.037746 ], [ -45.547134, -10.037555999999899 ], [ -45.546987999999899, -10.037213999999899 ], [ -45.546987999999899, -10.037053 ], [ -45.547078, -10.036783 ], [ -45.547083, -10.036584999999899 ], [ -45.547001, -10.036357 ], [ -45.546829, -10.036140999999899 ], [ -45.546714, -10.035896 ], [ -45.546425999999897, -10.035563 ], [ -45.546155999999897, -10.035300999999899 ], [ -45.545752, -10.035191 ], [ -45.545465, -10.035208 ], [ -45.545272, -10.0353 ], [ -45.545057, -10.035482 ], [ -45.54486, -10.035807 ], [ -45.544739, -10.036039 ], [ -45.544529, -10.036347 ], [ -45.544182, -10.036629999999899 ], [ -45.543742, -10.037149 ], [ -45.543677, -10.037318 ], [ -45.543652, -10.037482 ], [ -45.543733, -10.037600999999899 ], [ -45.543926, -10.03763 ], [ -45.543999, -10.037698 ], [ -45.544008, -10.037846 ], [ -45.544089, -10.038023 ], [ -45.544583, -10.038623 ], [ -45.544688, -10.038945 ], [ -45.544516, -10.039549 ], [ -45.5441, -10.040199 ], [ -45.543894, -10.040457 ], [ -45.543726999999897, -10.040529 ], [ -45.543516, -10.040516 ], [ -45.543275999999899, -10.040275 ], [ -45.543104, -10.040232999999899 ], [ -45.542928, -10.040309 ], [ -45.542787, -10.040394 ], [ -45.542521, -10.040406 ], [ -45.542392, -10.040284 ], [ -45.542352999999899, -10.040149 ], [ -45.542255, -10.040064 ], [ -45.542109, -10.040051 ], [ -45.542019, -10.040073 ], [ -45.541946, -10.039983999999899 ], [ -45.541992999999898, -10.039849 ], [ -45.542027, -10.03968 ], [ -45.542035999999896, -10.039456 ], [ -45.541868, -10.038894 ], [ -45.541697, -10.038594 ], [ -45.541439, -10.038451 ], [ -45.541178, -10.038486 ], [ -45.541069999999898, -10.038494 ], [ -45.540989, -10.038545 ], [ -45.540984, -10.038659 ], [ -45.541036, -10.038857 ], [ -45.540976, -10.039187 ], [ -45.540899, -10.039448 ], [ -45.540748, -10.039579 ], [ -45.540723, -10.039689 ], [ -45.540675, -10.039888 ], [ -45.540465, -10.040389999999899 ], [ -45.540251, -10.040638999999899 ], [ -45.540072, -10.040776 ], [ -45.539982, -10.040894 ], [ -45.539952, -10.041122 ], [ -45.539862, -10.041471999999899 ], [ -45.539768, -10.041616 ], [ -45.539648, -10.041696 ], [ -45.539377, -10.041671 ], [ -45.539124, -10.041696 ], [ -45.538922, -10.041886 ], [ -45.538832, -10.042093 ], [ -45.538781, -10.042378 ], [ -45.538652, -10.042577 ], [ -45.538320999999897, -10.042835 ], [ -45.538140999999897, -10.042919 ], [ -45.53797, -10.042932 ], [ -45.537807, -10.042911 ], [ -45.537673, -10.042999 ], [ -45.537583, -10.043194 ], [ -45.537459, -10.043823 ], [ -45.537296, -10.044368 ], [ -45.53698, -10.045186 ], [ -45.536852, -10.0456 ], [ -45.536762, -10.045892 ], [ -45.536586, -10.04617 ], [ -45.536444, -10.046335 ], [ -45.536242, -10.046331 ], [ -45.535885999999898, -10.046153 ], [ -45.535598999999898, -10.046128 ], [ -45.535187, -10.046196 ], [ -45.535010999999898, -10.046293 ], [ -45.534833999999897, -10.04671 ], [ -45.53464, -10.047098 ], [ -45.534533, -10.047293 ], [ -45.534258, -10.047559 ], [ -45.534104, -10.047829 ], [ -45.533936, -10.048483 ], [ -45.533739, -10.048898 ], [ -45.533658, -10.04924 ], [ -45.533606, -10.049481 ], [ -45.533632, -10.0497 ], [ -45.533743, -10.04984 ], [ -45.533786, -10.050034 ], [ -45.533713, -10.050182 ], [ -45.533306, -10.050271 ], [ -45.533031, -10.050258 ], [ -45.532668, -10.050307 ], [ -45.532471, -10.050505 ], [ -45.532063, -10.050657 ], [ -45.531935, -10.050607 ], [ -45.531896, -10.050366 ], [ -45.531784, -10.05021 ], [ -45.5316, -10.050201 ], [ -45.531410999999899, -10.050265 ], [ -45.531363999999897, -10.050417 ], [ -45.531500999999899, -10.050742 ], [ -45.531410999999899, -10.051118 ], [ -45.531185999999899, -10.051836 ], [ -45.53101, -10.052195 ], [ -45.5308, -10.052461 ], [ -45.530645, -10.052601 ], [ -45.530507999999898, -10.052715 ], [ -45.530349, -10.052765 ], [ -45.530121, -10.052757 ], [ -45.529937, -10.052719 ], [ -45.529795, -10.052748 ], [ -45.52977, -10.053103 ], [ -45.529774, -10.053448999999899 ], [ -45.529847, -10.053935 ], [ -45.529812, -10.054125 ], [ -45.529714, -10.054197 ], [ -45.529572, -10.054163 ], [ -45.529449, -10.054151 ], [ -45.529316, -10.054202 ], [ -45.529316, -10.054362 ], [ -45.529359, -10.054518 ], [ -45.529281, -10.054687 ], [ -45.529166, -10.054844 ], [ -45.529028, -10.055024999999899 ], [ -45.529011, -10.055148 ], [ -45.52908, -10.055316999999899 ], [ -45.529251, -10.05554 ], [ -45.529274, -10.055767 ], [ -45.529209, -10.055974 ], [ -45.529136999999899, -10.056126 ], [ -45.529111, -10.056366 ], [ -45.529226999999899, -10.056830999999899 ], [ -45.529321, -10.057165 ], [ -45.529311999999898, -10.057549 ], [ -45.529278, -10.057975 ], [ -45.529137999999897, -10.058226999999899 ], [ -45.529009, -10.058383 ], [ -45.528914, -10.058658 ], [ -45.528846, -10.059067 ], [ -45.528734, -10.059414 ], [ -45.528596999999898, -10.059701 ], [ -45.528421, -10.059802 ], [ -45.528138, -10.059797999999899 ], [ -45.527918999999898, -10.059747 ], [ -45.52779, -10.059574 ], [ -45.527726, -10.059359 ], [ -45.527524, -10.059295 ], [ -45.527309, -10.059384 ], [ -45.527107999999899, -10.059619999999899 ], [ -45.526955, -10.060003 ], [ -45.527007, -10.060274 ], [ -45.527282, -10.060552 ], [ -45.52747, -10.060949 ], [ -45.527538999999898, -10.061371999999899 ], [ -45.527282, -10.061887 ], [ -45.52707, -10.062132 ], [ -45.526885999999898, -10.062204 ], [ -45.526675, -10.062195 ], [ -45.526508, -10.062263 ], [ -45.526444, -10.062372 ], [ -45.526268, -10.062584 ], [ -45.526087, -10.062934 ], [ -45.526044, -10.063188 ], [ -45.525881, -10.063403 ], [ -45.5254294, -10.0634274 ], [ -45.525208, -10.063411 ], [ -45.524933, -10.063458 ], [ -45.524886, -10.063601 ], [ -45.524976, -10.063872 ], [ -45.525122, -10.064066 ], [ -45.525178, -10.064454 ], [ -45.525311, -10.064732999999899 ], [ -45.525759999999899, -10.065084 ], [ -45.525932, -10.065185 ], [ -45.526215, -10.065282 ], [ -45.526344, -10.065418 ], [ -45.526485, -10.065671 ], [ -45.526576, -10.065823 ], [ -45.526631, -10.065975 ], [ -45.526606, -10.066119 ], [ -45.526485, -10.066207 ], [ -45.526438, -10.066321 ], [ -45.526468, -10.06649 ], [ -45.526699999999899, -10.066583 ], [ -45.526897, -10.066587 ], [ -45.527052, -10.066397 ], [ -45.527191, -10.066295 ], [ -45.527282, -10.066295 ], [ -45.527415, -10.066434 ], [ -45.527406, -10.066649 ], [ -45.527282, -10.066831 ], [ -45.527011, -10.066865 ], [ -45.526792, -10.066945 ], [ -45.526676, -10.067084 ], [ -45.526634, -10.067283 ], [ -45.526685, -10.067553 ], [ -45.526878, -10.067632999999899 ], [ -45.527239, -10.06749 ], [ -45.527415, -10.067557 ], [ -45.527337, -10.067823 ], [ -45.527462, -10.068013 ], [ -45.527711, -10.068081 ], [ -45.527728, -10.06822 ], [ -45.527538999999898, -10.068358 ], [ -45.527316, -10.068511 ], [ -45.527294, -10.068641 ], [ -45.527312, -10.068823 ], [ -45.527487999999899, -10.068971 ], [ -45.527621, -10.06903 ], [ -45.527650999999899, -10.069165 ], [ -45.527432, -10.069455999999899 ], [ -45.526941599999901, -10.0704261 ], [ -45.52682, -10.070654 ], [ -45.526592999999899, -10.071312 ], [ -45.526393299999903, -10.0716753 ], [ -45.526106, -10.07209 ], [ -45.526075299999903, -10.0723528 ], [ -45.526024, -10.072622 ], [ -45.525891, -10.072842 ], [ -45.525878, -10.07299 ], [ -45.525947, -10.073108 ], [ -45.526222, -10.073176 ], [ -45.526435999999897, -10.073153999999899 ], [ -45.526535, -10.07318 ], [ -45.526569, -10.073311 ], [ -45.526552, -10.073454 ], [ -45.526615999999898, -10.073573 ], [ -45.526775, -10.073526 ], [ -45.526874, -10.073433 ], [ -45.527045, -10.073416 ], [ -45.527256, -10.073467 ], [ -45.527294, -10.07367 ], [ -45.527130999999898, -10.073889 ], [ -45.526817999999899, -10.074024 ], [ -45.526659, -10.074188999999899 ], [ -45.526479, -10.074535 ], [ -45.525982999999897, -10.074734 ], [ -45.525717, -10.074877 ], [ -45.525351999999899, -10.075008 ], [ -45.525035, -10.075033 ], [ -45.52476, -10.075109 ], [ -45.524374, -10.075456 ], [ -45.524168, -10.075705 ], [ -45.524116999999897, -10.075916 ], [ -45.524163, -10.076093 ], [ -45.524273999999899, -10.076203 ], [ -45.524351, -10.076274 ], [ -45.52433, -10.076448 ], [ -45.524197, -10.076583 ], [ -45.524158, -10.076828 ], [ -45.524133, -10.077064 ], [ -45.524046999999896, -10.077178 ], [ -45.523699, -10.077318 ], [ -45.523343, -10.077423 ], [ -45.523038, -10.077409999999899 ], [ -45.52289, -10.077463 ], [ -45.522727, -10.077627999999899 ], [ -45.522478, -10.077645 ], [ -45.522156, -10.077641 ], [ -45.521937, -10.077691 ], [ -45.521779, -10.077864 ], [ -45.52162, -10.078109 ], [ -45.521641, -10.078311999999899 ], [ -45.521744, -10.078574 ], [ -45.52189, -10.078675 ], [ -45.522208, -10.07865 ], [ -45.52241, -10.078789 ], [ -45.522517, -10.078899 ], [ -45.522585999999897, -10.079047 ], [ -45.522598, -10.079174 ], [ -45.522525, -10.079262 ], [ -45.522264, -10.079334 ], [ -45.52201, -10.079389 ], [ -45.521813, -10.079533 ], [ -45.52147, -10.079996999999899 ], [ -45.521405, -10.080208 ], [ -45.521434999999897, -10.080559 ], [ -45.521521, -10.080825 ], [ -45.52183, -10.081015 ], [ -45.522285, -10.081158 ], [ -45.522461, -10.081129 ], [ -45.522568, -10.081002 ], [ -45.52253, -10.080812 ], [ -45.522555, -10.080605 ], [ -45.522697, -10.080511999999899 ], [ -45.522903, -10.080495 ], [ -45.523105, -10.080546 ], [ -45.523148, -10.080651999999899 ], [ -45.523142999999898, -10.08077 ], [ -45.52301, -10.081036 ], [ -45.523030999999897, -10.081527999999899 ], [ -45.523120999999897, -10.08179 ], [ -45.523257999999899, -10.0819 ], [ -45.52349, -10.081933999999899 ], [ -45.523618999999897, -10.082031 ], [ -45.523618999999897, -10.0822 ], [ -45.523499, -10.08244 ], [ -45.523207, -10.082757 ], [ -45.522979, -10.083048 ], [ -45.522881, -10.083703 ], [ -45.522863, -10.083855 ], [ -45.522957, -10.083968 ], [ -45.523141, -10.084032 ], [ -45.523158, -10.084162 ], [ -45.523064, -10.084285 ], [ -45.522854, -10.084302 ], [ -45.522691, -10.084344 ], [ -45.522566, -10.084488 ], [ -45.522562, -10.084618 ], [ -45.522807, -10.084812999999899 ], [ -45.522917999999898, -10.084977 ], [ -45.522927, -10.085129 ], [ -45.522832, -10.085256 ], [ -45.522519, -10.085391 ], [ -45.522304, -10.085455 ], [ -45.522128, -10.085455 ], [ -45.521944, -10.08551 ], [ -45.521695, -10.085725 ], [ -45.521527999999897, -10.085814 ], [ -45.521346999999899, -10.085852 ], [ -45.521171, -10.085928 ], [ -45.521159, -10.086046 ], [ -45.521256999999899, -10.086205999999899 ], [ -45.521489, -10.086236 ], [ -45.521561, -10.086356 ], [ -45.521548, -10.086457 ], [ -45.521329, -10.086571 ], [ -45.520947, -10.086588 ], [ -45.520522, -10.086533 ], [ -45.520303, -10.086462 ], [ -45.520215999999898, -10.086438 ], [ -45.520095, -10.086577 ], [ -45.519923999999897, -10.086556 ], [ -45.519722, -10.086429 ], [ -45.519545999999899, -10.086349 ], [ -45.519357, -10.086438 ], [ -45.519216, -10.08659 ], [ -45.519202999999898, -10.086754 ], [ -45.51916, -10.086873 ], [ -45.518983999999897, -10.086945 ], [ -45.518755999999897, -10.086974 ], [ -45.518649, -10.087067 ], [ -45.518538, -10.087253 ], [ -45.518422, -10.087413 ], [ -45.518435, -10.087506 ], [ -45.518585, -10.087561 ], [ -45.518675, -10.087662 ], [ -45.518645, -10.087776 ], [ -45.518442999999898, -10.087852 ], [ -45.518306, -10.087902999999899 ], [ -45.518279999999898, -10.088021 ], [ -45.518417, -10.088194 ], [ -45.518529, -10.088342 ], [ -45.518585, -10.088562 ], [ -45.518593, -10.088735 ], [ -45.51849, -10.088831 ], [ -45.518229, -10.08878 ], [ -45.518005, -10.088747 ], [ -45.517847, -10.088776 ], [ -45.517662, -10.088941 ], [ -45.517563, -10.089072 ], [ -45.517508, -10.089325 ], [ -45.517494999999897, -10.089481 ], [ -45.517426, -10.089590999999899 ], [ -45.517066, -10.089794 ], [ -45.516834, -10.089895 ], [ -45.516685, -10.090221999999899 ], [ -45.516658999999898, -10.090463 ], [ -45.516702, -10.090708 ], [ -45.516676, -10.090826 ], [ -45.516487, -10.090906 ], [ -45.516316, -10.090991 ], [ -45.516243, -10.091180999999899 ], [ -45.516337, -10.091325 ], [ -45.516513, -10.091506 ], [ -45.516564, -10.091688 ], [ -45.516539, -10.091865 ], [ -45.516444, -10.091941 ], [ -45.516348, -10.092267 ], [ -45.516236, -10.092495 ], [ -45.515927, -10.092782 ], [ -45.515665, -10.09293 ], [ -45.515240999999897, -10.09323 ], [ -45.515042999999899, -10.093364999999899 ], [ -45.514983, -10.093521 ], [ -45.515082, -10.09369 ], [ -45.515253, -10.093779 ], [ -45.515249, -10.093939 ], [ -45.514998999999897, -10.094164 ], [ -45.514827, -10.094366 ], [ -45.514767, -10.094637 ], [ -45.514792999999898, -10.094940999999899 ], [ -45.514961, -10.095084 ], [ -45.515059, -10.095219 ], [ -45.515037999999898, -10.09546 ], [ -45.515012, -10.095857 ], [ -45.5149, -10.096077 ], [ -45.514656, -10.096286 ], [ -45.514484, -10.096514 ], [ -45.514377, -10.096881 ], [ -45.51436, -10.097181 ], [ -45.514449, -10.097584 ], [ -45.514693, -10.097909 ], [ -45.514891, -10.098192 ], [ -45.514968, -10.098618 ], [ -45.514997999999899, -10.0991 ], [ -45.514895, -10.09948 ], [ -45.51456, -10.099826 ], [ -45.514097999999898, -10.100164 ], [ -45.513943, -10.100455 ], [ -45.513823, -10.100768 ], [ -45.513823, -10.101 ], [ -45.514012, -10.101418 ], [ -45.514071999999899, -10.101671 ], [ -45.514034, -10.101769 ], [ -45.513746, -10.101908 ], [ -45.513531, -10.102269 ], [ -45.513519, -10.102497 ], [ -45.513695, -10.102742 ], [ -45.513776, -10.103101 ], [ -45.513969, -10.103245 ], [ -45.514038, -10.103401 ], [ -45.513917999999897, -10.10357 ], [ -45.513819, -10.103713 ], [ -45.513823, -10.103912 ], [ -45.513785, -10.104135 ], [ -45.513652, -10.104292 ], [ -45.513364, -10.104334 ], [ -45.513036999999898, -10.104639 ], [ -45.512805, -10.104753 ], [ -45.512569, -10.104859 ], [ -45.512495999999899, -10.105056999999899 ], [ -45.5125, -10.105475 ], [ -45.512578, -10.106155 ], [ -45.512751, -10.10669 ], [ -45.512875999999899, -10.106985 ], [ -45.512975, -10.107121 ], [ -45.512979, -10.107395 ], [ -45.513103, -10.107636 ], [ -45.513103, -10.107859 ], [ -45.513151, -10.108062 ], [ -45.51352, -10.108383 ], [ -45.513837, -10.108615 ], [ -45.514125, -10.108717 ], [ -45.514314, -10.10862 ], [ -45.514447, -10.108603 ], [ -45.514601, -10.108704 ], [ -45.51467, -10.108843 ], [ -45.51464, -10.109173 ], [ -45.514491, -10.109818 ], [ -45.514322999999898, -10.110025 ], [ -45.514139, -10.110417 ], [ -45.513933, -10.110696 ], [ -45.513855, -10.110869 ], [ -45.513246, -10.111144 ], [ -45.512916, -10.111169 ], [ -45.512714, -10.111258 ], [ -45.512682, -10.111384 ], [ -45.512755, -10.111514 ], [ -45.512798, -10.111662 ], [ -45.51275, -10.111830999999899 ], [ -45.512549, -10.112135 ], [ -45.512523, -10.112485999999899 ], [ -45.512459, -10.112705 ], [ -45.512433, -10.112908 ], [ -45.512549, -10.113136 ], [ -45.512729, -10.113380999999899 ], [ -45.513016, -10.11352 ], [ -45.51314, -10.113762 ], [ -45.51323, -10.113918 ], [ -45.513209, -10.114104 ], [ -45.513234, -10.11421 ], [ -45.513354, -10.114286 ], [ -45.513367, -10.114424999999899 ], [ -45.513273, -10.114581 ], [ -45.513075, -10.11478 ], [ -45.513033, -10.114902 ], [ -45.51305, -10.115139 ], [ -45.513191, -10.115383 ], [ -45.513453, -10.115459 ], [ -45.513753999999899, -10.1154 ], [ -45.513925, -10.115433999999899 ], [ -45.514024, -10.115557 ], [ -45.514032, -10.115744 ], [ -45.513968, -10.115964 ], [ -45.514084, -10.116167 ], [ -45.514153, -10.116327 ], [ -45.514131, -10.116534 ], [ -45.513861, -10.11677 ], [ -45.513619999999896, -10.117087 ], [ -45.513333, -10.11734 ], [ -45.513088, -10.117611 ], [ -45.512976, -10.11787 ], [ -45.512817, -10.118241 ], [ -45.512615, -10.118376 ], [ -45.512444, -10.118561999999899 ], [ -45.51228, -10.118828 ], [ -45.512238, -10.118959 ], [ -45.512259, -10.119027 ], [ -45.512515999999898, -10.119052 ], [ -45.512718, -10.118909 ], [ -45.512868, -10.118849 ], [ -45.51298, -10.118866 ], [ -45.513129999999897, -10.119052 ], [ -45.513409, -10.119251 ], [ -45.513628, -10.119318 ], [ -45.513684, -10.119482999999899 ], [ -45.513578, -10.119743 ], [ -45.51344, -10.119946 ], [ -45.513281, -10.120178 ], [ -45.513238999999899, -10.120343 ], [ -45.51329, -10.120495 ], [ -45.513316, -10.120617 ], [ -45.513256, -10.120761 ], [ -45.513093, -10.120828 ], [ -45.512844, -10.120735 ], [ -45.512659, -10.120723 ], [ -45.512405999999899, -10.120786 ], [ -45.511822, -10.120507 ], [ -45.511634, -10.120503 ], [ -45.511535, -10.120612999999899 ], [ -45.511502, -10.121115 ], [ -45.511411, -10.121373 ], [ -45.5113009, -10.1215460999999 ], [ -45.511097999999897, -10.121685 ], [ -45.510317, -10.121584 ], [ -45.510024, -10.12167 ], [ -45.509925, -10.121751 ], [ -45.509903999999899, -10.121898 ], [ -45.510101, -10.12197 ], [ -45.510299, -10.122067 ], [ -45.510444999999898, -10.122214999999899 ], [ -45.510512999999897, -10.122519 ], [ -45.510495999999897, -10.122836 ], [ -45.510446, -10.123229 ], [ -45.510394, -10.123414 ], [ -45.510201, -10.123541 ], [ -45.509999999999899, -10.12368 ], [ -45.509982, -10.123921 ], [ -45.51015, -10.124132 ], [ -45.510309, -10.124339 ], [ -45.510484, -10.124621999999899 ], [ -45.510635, -10.124626 ], [ -45.510935, -10.124436 ], [ -45.511214, -10.124259 ], [ -45.511569999999899, -10.124073 ], [ -45.511793, -10.12417 ], [ -45.511986, -10.124451 ], [ -45.511978, -10.124599 ], [ -45.511905, -10.124734 ], [ -45.511685999999898, -10.124869 ], [ -45.511549, -10.124975 ], [ -45.511536, -10.125102 ], [ -45.511563, -10.12539 ], [ -45.511747, -10.125681 ], [ -45.511906, -10.125833 ], [ -45.512099, -10.126192 ], [ -45.512357, -10.126902 ], [ -45.512442, -10.127446 ], [ -45.512456, -10.127869 ], [ -45.512332, -10.128101 ], [ -45.512096, -10.128447 ], [ -45.511910999999898, -10.128713 ], [ -45.5118, -10.129063 ], [ -45.511813, -10.129312 ], [ -45.512043999999896, -10.12954 ], [ -45.512361999999897, -10.129802 ], [ -45.512718, -10.130072 ], [ -45.513074, -10.130397 ], [ -45.51325, -10.130511 ], [ -45.513366, -10.130642 ], [ -45.513443, -10.13095 ], [ -45.513374999999897, -10.131225 ], [ -45.513363, -10.131476 ], [ -45.513427, -10.131738 ], [ -45.513586, -10.131835 ], [ -45.513775, -10.131852 ], [ -45.514037, -10.132029 ], [ -45.514238, -10.132249 ], [ -45.514324, -10.132477 ], [ -45.514294, -10.132663 ], [ -45.514174, -10.132861 ], [ -45.514161, -10.133051 ], [ -45.514234, -10.133334 ], [ -45.514525999999897, -10.133596 ], [ -45.514707, -10.133835 ], [ -45.51478, -10.133953 ], [ -45.514785, -10.134126 ], [ -45.51481, -10.134257 ], [ -45.514995, -10.134451 ], [ -45.5153, -10.134582 ], [ -45.515445, -10.134679 ], [ -45.51575, -10.134927999999899 ], [ -45.515982, -10.135051 ], [ -45.516149, -10.135182 ], [ -45.516222, -10.135435 ], [ -45.516239, -10.135726 ], [ -45.516098999999898, -10.13616 ], [ -45.515867, -10.136523 ], [ -45.515571, -10.13684 ], [ -45.515175999999897, -10.137115 ], [ -45.515065, -10.137191 ], [ -45.515026, -10.137321 ], [ -45.515077, -10.137579 ], [ -45.515077, -10.137824 ], [ -45.515029, -10.138277 ], [ -45.514943, -10.138391 ], [ -45.51454, -10.138463 ], [ -45.514454, -10.138607 ], [ -45.514411, -10.138818 ], [ -45.514201, -10.138915 ], [ -45.513827999999897, -10.139025 ], [ -45.513441, -10.139206 ], [ -45.513077, -10.139479999999899 ], [ -45.512858, -10.13967 ], [ -45.51272, -10.140042 ], [ -45.512695999999899, -10.140433 ], [ -45.512782, -10.140699 ], [ -45.513258, -10.140995 ], [ -45.513623, -10.141121 ], [ -45.513956999999898, -10.141214 ], [ -45.514004999999898, -10.141332 ], [ -45.513949, -10.141809 ], [ -45.513859, -10.14197 ], [ -45.513438, -10.142159999999899 ], [ -45.513021, -10.142317 ], [ -45.512562, -10.142642 ], [ -45.512321, -10.142925 ], [ -45.512175, -10.143153 ], [ -45.512115, -10.143419 ], [ -45.512161999999897, -10.143664 ], [ -45.51239, -10.143782 ], [ -45.512608999999898, -10.143913 ], [ -45.512639, -10.144162 ], [ -45.512622, -10.144369 ], [ -45.512453999999899, -10.144525 ], [ -45.51212, -10.144517 ], [ -45.511955999999898, -10.144639 ], [ -45.511725, -10.144681 ], [ -45.511386, -10.144538 ], [ -45.511094, -10.144221 ], [ -45.510768, -10.144098999999899 ], [ -45.510351, -10.144056 ], [ -45.510021, -10.143917 ], [ -45.509724999999897, -10.14374 ], [ -45.509549, -10.143729 ], [ -45.509453999999899, -10.143779 ], [ -45.509433, -10.143973 ], [ -45.509489, -10.144214 ], [ -45.50945, -10.144390999999899 ], [ -45.509339, -10.144489 ], [ -45.509064, -10.14451 ], [ -45.508725, -10.144390999999899 ], [ -45.508201, -10.144049 ], [ -45.507888, -10.144016 ], [ -45.507528, -10.144205999999899 ], [ -45.507159, -10.144556 ], [ -45.507064, -10.144936 ], [ -45.507112999999897, -10.14531 ], [ -45.507313, -10.145622 ], [ -45.507474, -10.145847 ], [ -45.507537, -10.146149 ], [ -45.507488, -10.146571 ], [ -45.507469, -10.146849 ], [ -45.507284, -10.147084 ], [ -45.507108, -10.147142 ], [ -45.506864, -10.147142 ], [ -45.50665, -10.147065 ], [ -45.506557, -10.146887999999899 ], [ -45.506552999999897, -10.146557 ], [ -45.506406, -10.146428 ], [ -45.506265, -10.146452 ], [ -45.506124, -10.146571 ], [ -45.505934, -10.146562 ], [ -45.505836, -10.146413 ], [ -45.505821, -10.146001 ], [ -45.50548, -10.145617 ], [ -45.505144, -10.145368 ], [ -45.504905, -10.145282 ], [ -45.504753999999899, -10.145349 ], [ -45.504618, -10.145488 ], [ -45.50454, -10.145622 ], [ -45.504393999999898, -10.145693999999899 ], [ -45.504100999999899, -10.145708 ], [ -45.503775, -10.145742 ], [ -45.503531, -10.14578 ], [ -45.503409, -10.145939 ], [ -45.503445, -10.146291 ], [ -45.503832, -10.146743 ], [ -45.50408, -10.146906999999899 ], [ -45.504381, -10.147046999999899 ], [ -45.504551999999897, -10.147198999999899 ], [ -45.5046, -10.147393 ], [ -45.504308, -10.147722 ], [ -45.504123, -10.1479 ], [ -45.503969, -10.14803 ], [ -45.50381, -10.147997 ], [ -45.503797, -10.14784 ], [ -45.503638, -10.147781 ], [ -45.503462, -10.147883 ], [ -45.503419999999899, -10.148001 ], [ -45.503470999999898, -10.14825 ], [ -45.50354, -10.148448 ], [ -45.503487999999898, -10.148570999999899 ], [ -45.503583, -10.148718 ], [ -45.503531, -10.148892 ], [ -45.503338, -10.148976 ], [ -45.503217999999897, -10.148854 ], [ -45.503089, -10.148641999999899 ], [ -45.502935, -10.148641999999899 ], [ -45.502776, -10.14879 ], [ -45.502454, -10.149195 ], [ -45.502471, -10.149356 ], [ -45.502596, -10.149667 ], [ -45.502759, -10.149747 ], [ -45.502849, -10.14984 ], [ -45.502896, -10.150098 ], [ -45.502887, -10.150321 ], [ -45.502766999999899, -10.150507 ], [ -45.50269, -10.150676 ], [ -45.502763, -10.151183 ], [ -45.502862, -10.151499 ], [ -45.503011, -10.151691 ], [ -45.503135, -10.15172 ], [ -45.503264, -10.151788 ], [ -45.503981, -10.151935 ], [ -45.506317099999897, -10.1544129 ], [ -45.507007299999898, -10.156367 ], [ -45.5082958, -10.1580652 ], [ -45.5102699, -10.159211099999901 ], [ -45.5111328, -10.1616769 ], [ -45.513279399999902, -10.163203 ], [ -45.515424499999902, -10.163963099999901 ], [ -45.5207449, -10.164296299999901 ], [ -45.525548899999897, -10.1653087 ], [ -45.5285598, -10.1681527 ], [ -45.5321647, -10.1705286 ], [ -45.5391169, -10.1731548 ], [ -45.5446957, -10.1745923 ], [ -45.5469303, -10.1770101999999 ], [ -45.5488213, -10.1794747 ], [ -45.549003099999901, -10.1854269 ], [ -45.556570399999899, -10.2169013 ], [ -45.5568679, -10.218143 ], [ -45.5625204, -10.2108514 ], [ -45.567310899999903, -10.2014844999999 ], [ -45.5713163, -10.1868881 ], [ -45.5716489, -10.1809398 ], [ -45.569231499999901, -10.172478199999899 ], [ -45.5667329, -10.1660188999999 ], [ -45.5654337, -10.1599775999999 ], [ -45.5651683, -10.154537699999899 ], [ -45.5657562, -10.146921599999899 ], [ -45.5674564, -10.139522499999901 ], [ -45.579352099999902, -10.1219338 ], [ -45.5838893, -10.116991599999899 ], [ -45.593227399999897, -10.110297 ], [ -45.598371799999903, -10.1083280999999 ], [ -45.6031761, -10.1079822 ], [ -45.605725999999898, -10.108755299999901 ], [ -45.6086536, -10.109642699999901 ], [ -45.6111023, -10.1106227999999 ], [ -45.6196583, -10.1147147999999 ], [ -45.629534299999897, -10.120904999999899 ], [ -45.6392408, -10.1262029 ], [ -45.6426731, -10.126959699999899 ], [ -45.6474794, -10.126825499999899 ], [ -45.648764099999902, -10.127334 ], [ -45.6508267, -10.1291984 ], [ -45.6574653, -10.1330826999999 ], [ -45.659847399999897, -10.134880899999899 ], [ -45.6693055, -10.1453653 ], [ -45.6788223, -10.1508418999999 ], [ -45.6847195, -10.1533155999999 ], [ -45.6901759, -10.1554004 ], [ -45.6955387, -10.1562187 ], [ -45.6995272, -10.1568273 ], [ -45.7038699, -10.156988899999901 ], [ -45.708623, -10.1560014 ], [ -45.7121349, -10.1531036 ], [ -45.7162471, -10.1526110999999 ], [ -45.7171635, -10.1527889 ], [ -45.7208969, -10.1540055999999 ], [ -45.7209806, -10.154032899999899 ], [ -45.7234839, -10.1554126999999 ], [ -45.723484799999902, -10.1554131999999 ], [ -45.723486099999903, -10.1554138999999 ], [ -45.723997499999903, -10.1556959 ], [ -45.7266392, -10.1568548 ], [ -45.730465799999898, -10.161613 ], [ -45.734997, -10.1721653 ], [ -45.7349953, -10.1761789 ], [ -45.7351904, -10.180099799999899 ], [ -45.7342573, -10.1850355 ], [ -45.7328089, -10.1896315 ], [ -45.7272634999999, -10.2033810999999 ], [ -45.7268217, -10.2071033 ], [ -45.727888, -10.21321 ], [ -45.733187799999897, -10.227175299999899 ], [ -45.733852, -10.2285957999999 ], [ -45.7385502, -10.2344277 ], [ -45.7440252, -10.239955899999901 ], [ -45.7606943, -10.2506188999999 ], [ -45.7937433, -10.2676724 ], [ -45.795529799999898, -10.267798099999901 ], [ -45.8166117, -10.2640825 ], [ -45.8244672, -10.2632406 ], [ -45.8402144, -10.260212 ], [ -45.8432177, -10.2592551 ], [ -45.845254699999899, -10.2580043999999 ], [ -45.867070899999902, -10.2541064 ], [ -45.867795999999899, -10.252160199999899 ], [ -45.8707601999999, -10.2500287999999 ], [ -45.8829608, -10.2550583999999 ], [ -45.896728499999902, -10.2642901999999 ], [ -45.9023844, -10.2785630999999 ], [ -45.907155799999899, -10.2866435999999 ], [ -45.9089061, -10.2930784 ], [ -45.914596199999899, -10.3019059 ], [ -45.9156318, -10.312664499999901 ], [ -45.9101772, -10.321271099999899 ], [ -45.8871713999999, -10.3404619 ], [ -45.8890536, -10.3439835999999 ], [ -45.9072738, -10.3597134999999 ], [ -45.9109369, -10.3710886 ], [ -45.9222401, -10.3709297999999 ], [ -45.9331981, -10.3700390999999 ], [ -45.9374331, -10.3659120999999 ], [ -45.9450979, -10.3634026999999 ], [ -45.9602619, -10.3641264999999 ], [ -45.9711149, -10.3589393 ], [ -45.9819861, -10.3450250999999 ], [ -45.977764, -10.3382556 ], [ -45.977663999999898, -10.3354525 ], [ -45.9816681, -10.3308734999999 ], [ -45.9820642, -10.326079499999899 ], [ -45.988727299999901, -10.3249286999999 ], [ -45.9973317, -10.3167634 ], [ -46.0008463, -10.3018766 ], [ -45.9998711, -10.2966799 ], [ -46.012177699999903, -10.2900854 ], [ -46.0225755, -10.2863902999999 ], [ -46.0282068, -10.2771033 ] ] ] ] } },
{ "type": "Feature", "properties": { "CD_MUN": "2209757", "NM_MUN": "São Gonçalo do Gurguéia", "CD_RGI": "220015", "NM_RGI": "Corrente", "CD_RGINT": "2205", "NM_RGINT": "Corrente - Bom Jesus", "CD_UF": "22", "NM_UF": "Piauí", "SIGLA_UF": "PI", "CD_REGIAO": "2", "NM_REGIAO": "Nordeste", "SIGLA_RG": "NE", "CD_CONCURB": null, "NM_CONCURB": null, "AREA_KM2": 1385.259 }, "geometry": { "type": "MultiPolygon", "coordinates": [ [ [ [ -45.556570399999899, -10.2169013 ], [ -45.549003099999901, -10.1854269 ], [ -45.5488213, -10.1794747 ], [ -45.5469303, -10.1770101999999 ], [ -45.5446957, -10.1745923 ], [ -45.5391169, -10.1731548 ], [ -45.5321647, -10.1705286 ], [ -45.5285598, -10.1681527 ], [ -45.525548899999897, -10.1653087 ], [ -45.5207449, -10.164296299999901 ], [ -45.515424499999902, -10.163963099999901 ], [ -45.513279399999902, -10.163203 ], [ -45.5111328, -10.1616769 ], [ -45.5102699, -10.159211099999901 ], [ -45.5082958, -10.1580652 ], [ -45.507007299999898, -10.156367 ], [ -45.506317099999897, -10.1544129 ], [ -45.503981, -10.151935 ], [ -45.503264, -10.151788 ], [ -45.503135, -10.15172 ], [ -45.503011, -10.151691 ], [ -45.502862, -10.151499 ], [ -45.502763, -10.151183 ], [ -45.50269, -10.150676 ], [ -45.502766999999899, -10.150507 ], [ -45.502887, -10.150321 ], [ -45.502896, -10.150098 ], [ -45.502849, -10.14984 ], [ -45.502759, -10.149747 ], [ -45.502596, -10.149667 ], [ -45.502471, -10.149356 ], [ -45.502454, -10.149195 ], [ -45.502776, -10.14879 ], [ -45.502935, -10.148641999999899 ], [ -45.503089, -10.148641999999899 ], [ -45.503217999999897, -10.148854 ], [ -45.503338, -10.148976 ], [ -45.503531, -10.148892 ], [ -45.503583, -10.148718 ], [ -45.503487999999898, -10.148570999999899 ], [ -45.50354, -10.148448 ], [ -45.503470999999898, -10.14825 ], [ -45.503419999999899, -10.148001 ], [ -45.503462, -10.147883 ], [ -45.503638, -10.147781 ], [ -45.503797, -10.14784 ], [ -45.50381, -10.147997 ], [ -45.503969, -10.14803 ], [ -45.504123, -10.1479 ], [ -45.504308, -10.147722 ], [ -45.5046, -10.147393 ], [ -45.504551999999897, -10.147198999999899 ], [ -45.504381, -10.147046999999899 ], [ -45.50408, -10.146906999999899 ], [ -45.503832, -10.146743 ], [ -45.503445, -10.146291 ], [ -45.503409, -10.145939 ], [ -45.503531, -10.14578 ], [ -45.503775, -10.145742 ], [ -45.504100999999899, -10.145708 ], [ -45.504393999999898, -10.145693999999899 ], [ -45.50454, -10.145622 ], [ -45.504618, -10.145488 ], [ -45.504753999999899, -10.145349 ], [ -45.504905, -10.145282 ], [ -45.505144, -10.145368 ], [ -45.50548, -10.145617 ], [ -45.505821, -10.146001 ], [ -45.505836, -10.146413 ], [ -45.505934, -10.146562 ], [ -45.506124, -10.146571 ], [ -45.506265, -10.146452 ], [ -45.506406, -10.146428 ], [ -45.506552999999897, -10.146557 ], [ -45.506557, -10.146887999999899 ], [ -45.50665, -10.147065 ], [ -45.506864, -10.147142 ], [ -45.507108, -10.147142 ], [ -45.507284, -10.147084 ], [ -45.507469, -10.146849 ], [ -45.507488, -10.146571 ], [ -45.507537, -10.146149 ], [ -45.507474, -10.145847 ], [ -45.507313, -10.145622 ], [ -45.507112999999897, -10.14531 ], [ -45.507064, -10.144936 ], [ -45.507159, -10.144556 ], [ -45.507528, -10.144205999999899 ], [ -45.507888, -10.144016 ], [ -45.508201, -10.144049 ], [ -45.508725, -10.144390999999899 ], [ -45.509064, -10.14451 ], [ -45.509339, -10.144489 ], [ -45.50945, -10.144390999999899 ], [ -45.509489, -10.144214 ], [ -45.509433, -10.143973 ], [ -45.509453999999899, -10.143779 ], [ -45.509549, -10.143729 ], [ -45.509724999999897, -10.14374 ], [ -45.510021, -10.143917 ], [ -45.510351, -10.144056 ], [ -45.510768, -10.144098999999899 ], [ -45.511094, -10.144221 ], [ -45.511386, -10.144538 ], [ -45.511725, -10.144681 ], [ -45.511955999999898, -10.144639 ], [ -45.51212, -10.144517 ], [ -45.512453999999899, -10.144525 ], [ -45.512622, -10.144369 ], [ -45.512639, -10.144162 ], [ -45.512608999999898, -10.143913 ], [ -45.51239, -10.143782 ], [ -45.512161999999897, -10.143664 ], [ -45.512115, -10.143419 ], [ -45.512175, -10.143153 ], [ -45.512321, -10.142925 ], [ -45.512562, -10.142642 ], [ -45.513021, -10.142317 ], [ -45.513438, -10.142159999999899 ], [ -45.513859, -10.14197 ], [ -45.513949, -10.141809 ], [ -45.514004999999898, -10.141332 ], [ -45.513956999999898, -10.141214 ], [ -45.513623, -10.141121 ], [ -45.513258, -10.140995 ], [ -45.512782, -10.140699 ], [ -45.512695999999899, -10.140433 ], [ -45.51272, -10.140042 ], [ -45.512858, -10.13967 ], [ -45.513077, -10.139479999999899 ], [ -45.513441, -10.139206 ], [ -45.513827999999897, -10.139025 ], [ -45.514201, -10.138915 ], [ -45.514411, -10.138818 ], [ -45.514454, -10.138607 ], [ -45.51454, -10.138463 ], [ -45.514943, -10.138391 ], [ -45.515029, -10.138277 ], [ -45.515077, -10.137824 ], [ -45.515077, -10.137579 ], [ -45.515026, -10.137321 ], [ -45.515065, -10.137191 ], [ -45.515175999999897, -10.137115 ], [ -45.515571, -10.13684 ], [ -45.515867, -10.136523 ], [ -45.516098999999898, -10.13616 ], [ -45.516239, -10.135726 ], [ -45.516222, -10.135435 ], [ -45.516149, -10.135182 ], [ -45.515982, -10.135051 ], [ -45.51575, -10.134927999999899 ], [ -45.515445, -10.134679 ], [ -45.5153, -10.134582 ], [ -45.514995, -10.134451 ], [ -45.51481, -10.134257 ], [ -45.514785, -10.134126 ], [ -45.51478, -10.133953 ], [ -45.514707, -10.133835 ], [ -45.514525999999897, -10.133596 ], [ -45.514234, -10.133334 ], [ -45.514161, -10.133051 ], [ -45.514174, -10.132861 ], [ -45.514294, -10.132663 ], [ -45.514324, -10.132477 ], [ -45.514238, -10.132249 ], [ -45.514037, -10.132029 ], [ -45.513775, -10.131852 ], [ -45.513586, -10.131835 ], [ -45.513427, -10.131738 ], [ -45.513363, -10.131476 ], [ -45.513374999999897, -10.131225 ], [ -45.513443, -10.13095 ], [ -45.513366, -10.130642 ], [ -45.51325, -10.130511 ], [ -45.513074, -10.130397 ], [ -45.512718, -10.130072 ], [ -45.512361999999897, -10.129802 ], [ -45.512043999999896, -10.12954 ], [ -45.511813, -10.129312 ], [ -45.5118, -10.129063 ], [ -45.511910999999898, -10.128713 ], [ -45.512096, -10.128447 ], [ -45.512332, -10.128101 ], [ -45.512456, -10.127869 ], [ -45.512442, -10.127446 ], [ -45.512357, -10.126902 ], [ -45.512099, -10.126192 ], [ -45.511906, -10.125833 ], [ -45.511747, -10.125681 ], [ -45.511563, -10.12539 ], [ -45.511536, -10.125102 ], [ -45.511549, -10.124975 ], [ -45.511685999999898, -10.124869 ], [ -45.511905, -10.124734 ], [ -45.511978, -10.124599 ], [ -45.511986, -10.124451 ], [ -45.511793, -10.12417 ], [ -45.511569999999899, -10.124073 ], [ -45.511214, -10.124259 ], [ -45.510935, -10.124436 ], [ -45.510635, -10.124626 ], [ -45.510484, -10.124621999999899 ], [ -45.510309, -10.124339 ], [ -45.51015, -10.124132 ], [ -45.509982, -10.123921 ], [ -45.509999999999899, -10.12368 ], [ -45.510201, -10.123541 ], [ -45.510394, -10.123414 ], [ -45.510446, -10.123229 ], [ -45.510495999999897, -10.122836 ], [ -45.510512999999897, -10.122519 ], [ -45.510444999999898, -10.122214999999899 ], [ -45.510299, -10.122067 ], [ -45.510101, -10.12197 ], [ -45.509903999999899, -10.121898 ], [ -45.509925, -10.121751 ], [ -45.510024, -10.12167 ], [ -45.510317, -10.121584 ], [ -45.511097999999897, -10.121685 ], [ -45.5113009, -10.1215460999999 ], [ -45.511411, -10.121373 ], [ -45.511502, -10.121115 ], [ -45.511535, -10.120612999999899 ], [ -45.511634, -10.120503 ], [ -45.511822, -10.120507 ], [ -45.512405999999899, -10.120786 ], [ -45.512659, -10.120723 ], [ -45.512844, -10.120735 ], [ -45.513093, -10.120828 ], [ -45.513256, -10.120761 ], [ -45.513316, -10.120617 ], [ -45.51329, -10.120495 ], [ -45.513238999999899, -10.120343 ], [ -45.513281, -10.120178 ], [ -45.51344, -10.119946 ], [ -45.513578, -10.119743 ], [ -45.513684, -10.119482999999899 ], [ -45.513628, -10.119318 ], [ -45.513409, -10.119251 ], [ -45.513129999999897, -10.119052 ], [ -45.51298, -10.118866 ], [ -45.512868, -10.118849 ], [ -45.512718, -10.118909 ], [ -45.512515999999898, -10.119052 ], [ -45.512259, -10.119027 ], [ -45.512238, -10.118959 ], [ -45.51228, -10.118828 ], [ -45.512444, -10.118561999999899 ], [ -45.512615, -10.118376 ], [ -45.512817, -10.118241 ], [ -45.512976, -10.11787 ], [ -45.513088, -10.117611 ], [ -45.513333, -10.11734 ], [ -45.513619999999896, -10.117087 ], [ -45.513861, -10.11677 ], [ -45.514131, -10.116534 ], [ -45.514153, -10.116327 ], [ -45.514084, -10.116167 ], [ -45.513968, -10.115964 ], [ -45.514032, -10.115744 ], [ -45.514024, -10.115557 ], [ -45.513925, -10.115433999999899 ], [ -45.513753999999899, -10.1154 ], [ -45.513453, -10.115459 ], [ -45.513191, -10.115383 ], [ -45.51305, -10.115139 ], [ -45.513033, -10.114902 ], [ -45.513075, -10.11478 ], [ -45.513273, -10.114581 ], [ -45.513367, -10.114424999999899 ], [ -45.513354, -10.114286 ], [ -45.513234, -10.11421 ], [ -45.513209, -10.114104 ], [ -45.51323, -10.113918 ], [ -45.51314, -10.113762 ], [ -45.513016, -10.11352 ], [ -45.512729, -10.113380999999899 ], [ -45.512549, -10.113136 ], [ -45.512433, -10.112908 ], [ -45.512459, -10.112705 ], [ -45.512523, -10.112485999999899 ], [ -45.512549, -10.112135 ], [ -45.51275, -10.111830999999899 ], [ -45.512798, -10.111662 ], [ -45.512755, -10.111514 ], [ -45.512682, -10.111384 ], [ -45.512714, -10.111258 ], [ -45.512916, -10.111169 ], [ -45.513246, -10.111144 ], [ -45.513855, -10.110869 ], [ -45.513933, -10.110696 ], [ -45.514139, -10.110417 ], [ -45.514322999999898, -10.110025 ], [ -45.514491, -10.109818 ], [ -45.51464, -10.109173 ], [ -45.51467, -10.108843 ], [ -45.514601, -10.108704 ], [ -45.514447, -10.108603 ], [ -45.514314, -10.10862 ], [ -45.514125, -10.108717 ], [ -45.513837, -10.108615 ], [ -45.51352, -10.108383 ], [ -45.513151, -10.108062 ], [ -45.513103, -10.107859 ], [ -45.513103, -10.107636 ], [ -45.512979, -10.107395 ], [ -45.512975, -10.107121 ], [ -45.512875999999899, -10.106985 ], [ -45.512751, -10.10669 ], [ -45.512578, -10.106155 ], [ -45.5125, -10.105475 ], [ -45.512495999999899, -10.105056999999899 ], [ -45.512569, -10.104859 ], [ -45.512805, -10.104753 ], [ -45.513036999999898, -10.104639 ], [ -45.513364, -10.104334 ], [ -45.513652, -10.104292 ], [ -45.513785, -10.104135 ], [ -45.513823, -10.103912 ], [ -45.513819, -10.103713 ], [ -45.513917999999897, -10.10357 ], [ -45.514038, -10.103401 ], [ -45.513969, -10.103245 ], [ -45.513776, -10.103101 ], [ -45.513695, -10.102742 ], [ -45.513519, -10.102497 ], [ -45.513531, -10.102269 ], [ -45.513746, -10.101908 ], [ -45.514034, -10.101769 ], [ -45.514071999999899, -10.101671 ], [ -45.514012, -10.101418 ], [ -45.513823, -10.101 ], [ -45.513823, -10.100768 ], [ -45.513943, -10.100455 ], [ -45.514097999999898, -10.100164 ], [ -45.51456, -10.099826 ], [ -45.514895, -10.09948 ], [ -45.514997999999899, -10.0991 ], [ -45.514968, -10.098618 ], [ -45.514891, -10.098192 ], [ -45.514693, -10.097909 ], [ -45.514449, -10.097584 ], [ -45.51436, -10.097181 ], [ -45.514377, -10.096881 ], [ -45.514484, -10.096514 ], [ -45.514656, -10.096286 ], [ -45.5149, -10.096077 ], [ -45.515012, -10.095857 ], [ -45.515037999999898, -10.09546 ], [ -45.515059, -10.095219 ], [ -45.514961, -10.095084 ], [ -45.514792999999898, -10.094940999999899 ], [ -45.514767, -10.094637 ], [ -45.514827, -10.094366 ], [ -45.514998999999897, -10.094164 ], [ -45.515249, -10.093939 ], [ -45.515253, -10.093779 ], [ -45.515082, -10.09369 ], [ -45.514983, -10.093521 ], [ -45.515042999999899, -10.093364999999899 ], [ -45.515240999999897, -10.09323 ], [ -45.515665, -10.09293 ], [ -45.515927, -10.092782 ], [ -45.516236, -10.092495 ], [ -45.516348, -10.092267 ], [ -45.516444, -10.091941 ], [ -45.516539, -10.091865 ], [ -45.516564, -10.091688 ], [ -45.516513, -10.091506 ], [ -45.516337, -10.091325 ], [ -45.516243, -10.091180999999899 ], [ -45.516316, -10.090991 ], [ -45.516487, -10.090906 ], [ -45.516676, -10.090826 ], [ -45.516702, -10.090708 ], [ -45.516658999999898, -10.090463 ], [ -45.516685, -10.090221999999899 ], [ -45.516834, -10.089895 ], [ -45.517066, -10.089794 ], [ -45.517426, -10.089590999999899 ], [ -45.517494999999897, -10.089481 ], [ -45.517508, -10.089325 ], [ -45.517563, -10.089072 ], [ -45.517662, -10.088941 ], [ -45.517847, -10.088776 ], [ -45.518005, -10.088747 ], [ -45.518229, -10.08878 ], [ -45.51849, -10.088831 ], [ -45.518593, -10.088735 ], [ -45.518585, -10.088562 ], [ -45.518529, -10.088342 ], [ -45.518417, -10.088194 ], [ -45.518279999999898, -10.088021 ], [ -45.518306, -10.087902999999899 ], [ -45.518442999999898, -10.087852 ], [ -45.518645, -10.087776 ], [ -45.518675, -10.087662 ], [ -45.518585, -10.087561 ], [ -45.518435, -10.087506 ], [ -45.518422, -10.087413 ], [ -45.518538, -10.087253 ], [ -45.518649, -10.087067 ], [ -45.518755999999897, -10.086974 ], [ -45.518983999999897, -10.086945 ], [ -45.51916, -10.086873 ], [ -45.519202999999898, -10.086754 ], [ -45.519216, -10.08659 ], [ -45.519357, -10.086438 ], [ -45.519545999999899, -10.086349 ], [ -45.519722, -10.086429 ], [ -45.519923999999897, -10.086556 ], [ -45.520095, -10.086577 ], [ -45.520215999999898, -10.086438 ], [ -45.520303, -10.086462 ], [ -45.520522, -10.086533 ], [ -45.520947, -10.086588 ], [ -45.521329, -10.086571 ], [ -45.521548, -10.086457 ], [ -45.521561, -10.086356 ], [ -45.521489, -10.086236 ], [ -45.521256999999899, -10.086205999999899 ], [ -45.521159, -10.086046 ], [ -45.521171, -10.085928 ], [ -45.521346999999899, -10.085852 ], [ -45.521527999999897, -10.085814 ], [ -45.521695, -10.085725 ], [ -45.521944, -10.08551 ], [ -45.522128, -10.085455 ], [ -45.522304, -10.085455 ], [ -45.522519, -10.085391 ], [ -45.522832, -10.085256 ], [ -45.522927, -10.085129 ], [ -45.522917999999898, -10.084977 ], [ -45.522807, -10.084812999999899 ], [ -45.522562, -10.084618 ], [ -45.522566, -10.084488 ], [ -45.522691, -10.084344 ], [ -45.522854, -10.084302 ], [ -45.523064, -10.084285 ], [ -45.523158, -10.084162 ], [ -45.523141, -10.084032 ], [ -45.522957, -10.083968 ], [ -45.522863, -10.083855 ], [ -45.522881, -10.083703 ], [ -45.522979, -10.083048 ], [ -45.523207, -10.082757 ], [ -45.523499, -10.08244 ], [ -45.523618999999897, -10.0822 ], [ -45.523618999999897, -10.082031 ], [ -45.52349, -10.081933999999899 ], [ -45.523257999999899, -10.0819 ], [ -45.523120999999897, -10.08179 ], [ -45.523030999999897, -10.081527999999899 ], [ -45.52301, -10.081036 ], [ -45.523142999999898, -10.08077 ], [ -45.523148, -10.080651999999899 ], [ -45.523105, -10.080546 ], [ -45.522903, -10.080495 ], [ -45.522697, -10.080511999999899 ], [ -45.522555, -10.080605 ], [ -45.52253, -10.080812 ], [ -45.522568, -10.081002 ], [ -45.522461, -10.081129 ], [ -45.522285, -10.081158 ], [ -45.52183, -10.081015 ], [ -45.521521, -10.080825 ], [ -45.521434999999897, -10.080559 ], [ -45.521405, -10.080208 ], [ -45.52147, -10.079996999999899 ], [ -45.521813, -10.079533 ], [ -45.52201, -10.079389 ], [ -45.522264, -10.079334 ], [ -45.522525, -10.079262 ], [ -45.522598, -10.079174 ], [ -45.522585999999897, -10.079047 ], [ -45.522517, -10.078899 ], [ -45.52241, -10.078789 ], [ -45.522208, -10.07865 ], [ -45.52189, -10.078675 ], [ -45.521744, -10.078574 ], [ -45.521641, -10.078311999999899 ], [ -45.52162, -10.078109 ], [ -45.521779, -10.077864 ], [ -45.521937, -10.077691 ], [ -45.522156, -10.077641 ], [ -45.522478, -10.077645 ], [ -45.522727, -10.077627999999899 ], [ -45.52289, -10.077463 ], [ -45.523038, -10.077409999999899 ], [ -45.523343, -10.077423 ], [ -45.523699, -10.077318 ], [ -45.524046999999896, -10.077178 ], [ -45.524133, -10.077064 ], [ -45.524158, -10.076828 ], [ -45.524197, -10.076583 ], [ -45.52433, -10.076448 ], [ -45.524351, -10.076274 ], [ -45.524273999999899, -10.076203 ], [ -45.524163, -10.076093 ], [ -45.524116999999897, -10.075916 ], [ -45.524168, -10.075705 ], [ -45.524374, -10.075456 ], [ -45.52476, -10.075109 ], [ -45.525035, -10.075033 ], [ -45.525351999999899, -10.075008 ], [ -45.525717, -10.074877 ], [ -45.525982999999897, -10.074734 ], [ -45.526479, -10.074535 ], [ -45.526659, -10.074188999999899 ], [ -45.526817999999899, -10.074024 ], [ -45.527130999999898, -10.073889 ], [ -45.527294, -10.07367 ], [ -45.527256, -10.073467 ], [ -45.527045, -10.073416 ], [ -45.526874, -10.073433 ], [ -45.526775, -10.073526 ], [ -45.526615999999898, -10.073573 ], [ -45.526552, -10.073454 ], [ -45.526569, -10.073311 ], [ -45.526535, -10.07318 ], [ -45.526435999999897, -10.073153999999899 ], [ -45.526222, -10.073176 ], [ -45.525947, -10.073108 ], [ -45.525878, -10.07299 ], [ -45.525891, -10.072842 ], [ -45.526024, -10.072622 ], [ -45.526075299999903, -10.0723528 ], [ -45.526106, -10.07209 ], [ -45.526393299999903, -10.0716753 ], [ -45.526592999999899, -10.071312 ], [ -45.52682, -10.070654 ], [ -45.526941599999901, -10.0704261 ], [ -45.527432, -10.069455999999899 ], [ -45.527650999999899, -10.069165 ], [ -45.527621, -10.06903 ], [ -45.527487999999899, -10.068971 ], [ -45.527312, -10.068823 ], [ -45.527294, -10.068641 ], [ -45.527316, -10.068511 ], [ -45.527538999999898, -10.068358 ], [ -45.527728, -10.06822 ], [ -45.527711, -10.068081 ], [ -45.527462, -10.068013 ], [ -45.527337, -10.067823 ], [ -45.527415, -10.067557 ], [ -45.527239, -10.06749 ], [ -45.526878, -10.067632999999899 ], [ -45.526685, -10.067553 ], [ -45.526634, -10.067283 ], [ -45.526676, -10.067084 ], [ -45.526792, -10.066945 ], [ -45.527011, -10.066865 ], [ -45.527282, -10.066831 ], [ -45.527406, -10.066649 ], [ -45.527415, -10.066434 ], [ -45.527282, -10.066295 ], [ -45.527191, -10.066295 ], [ -45.527052, -10.066397 ], [ -45.526897, -10.066587 ], [ -45.526699999999899, -10.066583 ], [ -45.526468, -10.06649 ], [ -45.526438, -10.066321 ], [ -45.526485, -10.066207 ], [ -45.526606, -10.066119 ], [ -45.526631, -10.065975 ], [ -45.526576, -10.065823 ], [ -45.526485, -10.065671 ], [ -45.526344, -10.065418 ], [ -45.526215, -10.065282 ], [ -45.525932, -10.065185 ], [ -45.525759999999899, -10.065084 ], [ -45.525311, -10.064732999999899 ], [ -45.525178, -10.064454 ], [ -45.525122, -10.064066 ], [ -45.524976, -10.063872 ], [ -45.524886, -10.063601 ], [ -45.524933, -10.063458 ], [ -45.525208, -10.063411 ], [ -45.5254294, -10.0634274 ], [ -45.525881, -10.063403 ], [ -45.526044, -10.063188 ], [ -45.526087, -10.062934 ], [ -45.526268, -10.062584 ], [ -45.526444, -10.062372 ], [ -45.526508, -10.062263 ], [ -45.526675, -10.062195 ], [ -45.526885999999898, -10.062204 ], [ -45.52707, -10.062132 ], [ -45.527282, -10.061887 ], [ -45.527538999999898, -10.061371999999899 ], [ -45.52747, -10.060949 ], [ -45.527282, -10.060552 ], [ -45.527007, -10.060274 ], [ -45.526955, -10.060003 ], [ -45.527107999999899, -10.059619999999899 ], [ -45.527309, -10.059384 ], [ -45.527524, -10.059295 ], [ -45.527726, -10.059359 ], [ -45.52779, -10.059574 ], [ -45.527918999999898, -10.059747 ], [ -45.528138, -10.059797999999899 ], [ -45.528421, -10.059802 ], [ -45.528596999999898, -10.059701 ], [ -45.528734, -10.059414 ], [ -45.528846, -10.059067 ], [ -45.528914, -10.058658 ], [ -45.529009, -10.058383 ], [ -45.529137999999897, -10.058226999999899 ], [ -45.529278, -10.057975 ], [ -45.529311999999898, -10.057549 ], [ -45.529321, -10.057165 ], [ -45.529226999999899, -10.056830999999899 ], [ -45.529111, -10.056366 ], [ -45.529136999999899, -10.056126 ], [ -45.529209, -10.055974 ], [ -45.529274, -10.055767 ], [ -45.529251, -10.05554 ], [ -45.52908, -10.055316999999899 ], [ -45.529011, -10.055148 ], [ -45.529028, -10.055024999999899 ], [ -45.529166, -10.054844 ], [ -45.529281, -10.054687 ], [ -45.529359, -10.054518 ], [ -45.529316, -10.054362 ], [ -45.529316, -10.054202 ], [ -45.529449, -10.054151 ], [ -45.529572, -10.054163 ], [ -45.529714, -10.054197 ], [ -45.529812, -10.054125 ], [ -45.529847, -10.053935 ], [ -45.529774, -10.053448999999899 ], [ -45.52977, -10.053103 ], [ -45.529795, -10.052748 ], [ -45.529937, -10.052719 ], [ -45.530121, -10.052757 ], [ -45.530349, -10.052765 ], [ -45.530507999999898, -10.052715 ], [ -45.530645, -10.052601 ], [ -45.5308, -10.052461 ], [ -45.53101, -10.052195 ], [ -45.531185999999899, -10.051836 ], [ -45.531410999999899, -10.051118 ], [ -45.531500999999899, -10.050742 ], [ -45.531363999999897, -10.050417 ], [ -45.531410999999899, -10.050265 ], [ -45.5316, -10.050201 ], [ -45.531784, -10.05021 ], [ -45.531896, -10.050366 ], [ -45.531935, -10.050607 ], [ -45.532063, -10.050657 ], [ -45.532471, -10.050505 ], [ -45.532668, -10.050307 ], [ -45.533031, -10.050258 ], [ -45.533306, -10.050271 ], [ -45.533713, -10.050182 ], [ -45.533786, -10.050034 ], [ -45.533743, -10.04984 ], [ -45.533632, -10.0497 ], [ -45.533606, -10.049481 ], [ -45.533658, -10.04924 ], [ -45.533739, -10.048898 ], [ -45.533936, -10.048483 ], [ -45.534104, -10.047829 ], [ -45.534258, -10.047559 ], [ -45.534533, -10.047293 ], [ -45.53464, -10.047098 ], [ -45.534833999999897, -10.04671 ], [ -45.535010999999898, -10.046293 ], [ -45.535187, -10.046196 ], [ -45.535598999999898, -10.046128 ], [ -45.535885999999898, -10.046153 ], [ -45.536242, -10.046331 ], [ -45.536444, -10.046335 ], [ -45.536586, -10.04617 ], [ -45.536762, -10.045892 ], [ -45.536852, -10.0456 ], [ -45.53698, -10.045186 ], [ -45.537296, -10.044368 ], [ -45.537459, -10.043823 ], [ -45.537583, -10.043194 ], [ -45.537673, -10.042999 ], [ -45.537807, -10.042911 ], [ -45.53797, -10.042932 ], [ -45.538140999999897, -10.042919 ], [ -45.538320999999897, -10.042835 ], [ -45.538652, -10.042577 ], [ -45.538781, -10.042378 ], [ -45.538832, -10.042093 ], [ -45.538922, -10.041886 ], [ -45.539124, -10.041696 ], [ -45.539377, -10.041671 ], [ -45.539648, -10.041696 ], [ -45.539768, -10.041616 ], [ -45.539862, -10.041471999999899 ], [ -45.539952, -10.041122 ], [ -45.539982, -10.040894 ], [ -45.540072, -10.040776 ], [ -45.540251, -10.040638999999899 ], [ -45.540465, -10.040389999999899 ], [ -45.540675, -10.039888 ], [ -45.540723, -10.039689 ], [ -45.540748, -10.039579 ], [ -45.540899, -10.039448 ], [ -45.540976, -10.039187 ], [ -45.541036, -10.038857 ], [ -45.540984, -10.038659 ], [ -45.540989, -10.038545 ], [ -45.541069999999898, -10.038494 ], [ -45.541178, -10.038486 ], [ -45.541439, -10.038451 ], [ -45.541697, -10.038594 ], [ -45.541868, -10.038894 ], [ -45.542035999999896, -10.039456 ], [ -45.542027, -10.03968 ], [ -45.541992999999898, -10.039849 ], [ -45.541946, -10.039983999999899 ], [ -45.542019, -10.040073 ], [ -45.542109, -10.040051 ], [ -45.542255, -10.040064 ], [ -45.542352999999899, -10.040149 ], [ -45.542392, -10.040284 ], [ -45.542521, -10.040406 ], [ -45.542787, -10.040394 ], [ -45.542928, -10.040309 ], [ -45.543104, -10.040232999999899 ], [ -45.543275999999899, -10.040275 ], [ -45.543516, -10.040516 ], [ -45.543726999999897, -10.040529 ], [ -45.543894, -10.040457 ], [ -45.5441, -10.040199 ], [ -45.544516, -10.039549 ], [ -45.544688, -10.038945 ], [ -45.544583, -10.038623 ], [ -45.544089, -10.038023 ], [ -45.544008, -10.037846 ], [ -45.543999, -10.037698 ], [ -45.543926, -10.03763 ], [ -45.543733, -10.037600999999899 ], [ -45.543652, -10.037482 ], [ -45.543677, -10.037318 ], [ -45.543742, -10.037149 ], [ -45.544182, -10.036629999999899 ], [ -45.544529, -10.036347 ], [ -45.544739, -10.036039 ], [ -45.54486, -10.035807 ], [ -45.545057, -10.035482 ], [ -45.545272, -10.0353 ], [ -45.545465, -10.035208 ], [ -45.545752, -10.035191 ], [ -45.546155999999897, -10.035300999999899 ], [ -45.546425999999897, -10.035563 ], [ -45.546714, -10.035896 ], [ -45.546829, -10.036140999999899 ], [ -45.547001, -10.036357 ], [ -45.547083, -10.036584999999899 ], [ -45.547078, -10.036783 ], [ -45.546987999999899, -10.037053 ], [ -45.546987999999899, -10.037213999999899 ], [ -45.547134, -10.037555999999899 ], [ -45.547348999999898, -10.037746 ], [ -45.547606, -10.037759 ], [ -45.547997, -10.03756 ], [ -45.548319, -10.037396 ], [ -45.548456, -10.037163 ], [ -45.548589, -10.036737 ], [ -45.548623, -10.036541999999899 ], [ -45.548872, -10.036272 ], [ -45.5491, -10.03601 ], [ -45.54916, -10.035858 ], [ -45.549172999999897, -10.035663999999899 ], [ -45.549211, -10.035461 ], [ -45.54929, -10.035225 ], [ -45.549242, -10.035048 ], [ -45.549242, -10.034761 ], [ -45.549148, -10.034613 ], [ -45.548968, -10.034461 ], [ -45.548963, -10.034275 ], [ -45.549045, -10.034081 ], [ -45.549246, -10.033879 ], [ -45.549383, -10.033655 ], [ -45.549632, -10.033334 ], [ -45.549802999999898, -10.033245 ], [ -45.550091, -10.033085 ], [ -45.550469, -10.033115 ], [ -45.550722, -10.033043 ], [ -45.550790999999897, -10.032891 ], [ -45.550735, -10.032743 ], [ -45.550593, -10.032625 ], [ -45.550542, -10.032485 ], [ -45.550559, -10.032316 ], [ -45.55066, -10.031748 ], [ -45.55057, -10.031009 ], [ -45.550432, -10.030697 ], [ -45.550002999999897, -10.030329 ], [ -45.549389, -10.029898 ], [ -45.549101999999898, -10.029594 ], [ -45.549115, -10.029353 ], [ -45.549093, -10.029197 ], [ -45.548698, -10.028496 ], [ -45.548608, -10.028165999999899 ], [ -45.548711, -10.027854 ], [ -45.548862, -10.027719 ], [ -45.549201, -10.027584 ], [ -45.549942, -10.027352 ], [ -45.55089, -10.027044 ], [ -45.551490999999899, -10.026917 ], [ -45.552779, -10.026658999999899 ], [ -45.553036, -10.026478 ], [ -45.553143, -10.026190999999899 ], [ -45.553109, -10.025992 ], [ -45.552847, -10.025726 ], [ -45.552388, -10.025511 ], [ -45.55204, -10.025177 ], [ -45.551757, -10.024818 ], [ -45.551613, -10.024275999999899 ], [ -45.551468, -10.023946 ], [ -45.551110999999899, -10.023625 ], [ -45.550935, -10.023258 ], [ -45.550944, -10.022877999999899 ], [ -45.551094, -10.022679 ], [ -45.551392, -10.022421 ], [ -45.551803999999898, -10.022171 ], [ -45.552238, -10.021707 ], [ -45.552345, -10.021483 ], [ -45.552337, -10.021251 ], [ -45.552182, -10.020786 ], [ -45.552058, -10.020542 ], [ -45.551667, -10.020293 ], [ -45.551392, -10.019989 ], [ -45.551092, -10.019693 ], [ -45.550963, -10.019457 ], [ -45.550989, -10.0193 ], [ -45.551126, -10.01925 ], [ -45.551834, -10.019258 ], [ -45.552419, -10.019402 ], [ -45.553612, -10.01966 ], [ -45.554269, -10.01966 ], [ -45.554934, -10.019435999999899 ], [ -45.554947, -10.019288 ], [ -45.55484, -10.019072999999899 ], [ -45.554604, -10.018844999999899 ], [ -45.554316, -10.018676 ], [ -45.554316, -10.018519 ], [ -45.554398, -10.018397 ], [ -45.554555999999899, -10.018312 ], [ -45.554877, -10.018056999999899 ], [ -45.555202999999899, -10.017711 ], [ -45.555508, -10.017266999999899 ], [ -45.555757, -10.016579 ], [ -45.556154999999897, -10.015925 ], [ -45.556721, -10.015279 ], [ -45.557249, -10.014531 ], [ -45.557547999999898, -10.014079 ], [ -45.557766, -10.013839 ], [ -45.557848, -10.013352999999899 ], [ -45.557784, -10.013142 ], [ -45.557646, -10.012969 ], [ -45.557466, -10.012956 ], [ -45.557071, -10.01323 ], [ -45.556857, -10.01329 ], [ -45.556638, -10.01318 ], [ -45.556578, -10.012994 ], [ -45.556591, -10.012744999999899 ], [ -45.556694, -10.012322 ], [ -45.556664, -10.012115 ], [ -45.556522, -10.011968 ], [ -45.556235, -10.011806 ], [ -45.555909, -10.011713 ], [ -45.555579, -10.011497 ], [ -45.555183999999898, -10.011083 ], [ -45.554707, -10.010696999999899 ], [ -45.55323, -10.010081 ], [ -45.552398, -10.009447 ], [ -45.552003, -10.008585 ], [ -45.551814, -10.007724 ], [ -45.551883, -10.007140999999899 ], [ -45.55214, -10.006642 ], [ -45.552346, -10.006524 ], [ -45.552796, -10.006777 ], [ -45.553512, -10.007503 ], [ -45.553804, -10.007786 ], [ -45.554379, -10.007959 ], [ -45.554834, -10.008196 ], [ -45.555332, -10.008217 ], [ -45.555933, -10.007866 ], [ -45.556319, -10.007254 ], [ -45.556537999999897, -10.006785 ], [ -45.556511999999898, -10.006561 ], [ -45.556277, -10.006304 ], [ -45.555813999999899, -10.0063 ], [ -45.55526, -10.006459999999899 ], [ -45.554685, -10.006368 ], [ -45.554543, -10.00619 ], [ -45.554526, -10.005996 ], [ -45.554526, -10.005734 ], [ -45.554561, -10.005223 ], [ -45.554475, -10.00494 ], [ -45.554194, -10.004358 ], [ -45.553906, -10.003754 ], [ -45.553559, -10.003221 ], [ -45.553567, -10.002951 ], [ -45.553636, -10.002808 ], [ -45.553842, -10.002633999999899 ], [ -45.553983, -10.002465 ], [ -45.554159, -10.001769 ], [ -45.554371199999899, -10.0011501999999 ], [ -45.554527999999898, -10.000713 ], [ -45.554773, -10.000287 ], [ -45.55508, -9.999291 ], [ -45.555183, -9.998805 ], [ -45.555157, -9.998585 ], [ -45.554947, -9.998298 ], [ -45.554784, -9.997871 ], [ -45.554482, -9.997408 ], [ -45.554302, -9.997044 ], [ -45.554305999999897, -9.99677 ], [ -45.554417999999899, -9.996432 ], [ -45.554427, -9.99625 ], [ -45.554388, -9.995828 ], [ -45.554191, -9.995262 ], [ -45.553959, -9.994865 ], [ -45.553591, -9.994641 ], [ -45.553289999999897, -9.994569 ], [ -45.552878, -9.9947 ], [ -45.552458, -9.994738 ], [ -45.551809999999897, -9.994539 ], [ -45.551072, -9.994269 ], [ -45.550831, -9.993939 ], [ -45.550745, -9.993631 ], [ -45.550857, -9.993145 ], [ -45.551006, -9.992735 ], [ -45.551204, -9.992566 ], [ -45.551392, -9.992448 ], [ -45.55147, -9.992292 ], [ -45.551495, -9.992072 ], [ -45.551495, -9.991806 ], [ -45.551371, -9.991561 ], [ -45.55068, -9.990307 ], [ -45.550430999999897, -9.989906 ], [ -45.550217, -9.989733 ], [ -45.550011, -9.989585 ], [ -45.54986, -9.989239 ], [ -45.549661, -9.988912 ], [ -45.549562, -9.988696 ], [ -45.549519, -9.988286 ], [ -45.549422, -9.988095 ], [ -45.549289, -9.987989 ], [ -45.549211, -9.987833 ], [ -45.549289, -9.987584 ], [ -45.549579999999899, -9.987292 ], [ -45.549842, -9.986853 ], [ -45.549954, -9.986506 ], [ -45.549971, -9.986238 ], [ -45.549911, -9.9859 ], [ -45.549838, -9.985385 ], [ -45.550022, -9.984811 ], [ -45.550288, -9.98443 ], [ -45.550452, -9.984232 ], [ -45.550677, -9.984104 ], [ -45.551239, -9.983686 ], [ -45.552067, -9.982963 ], [ -45.552428, -9.982397 ], [ -45.552844999999898, -9.981902 ], [ -45.553279, -9.981441 ], [ -45.553449999999899, -9.981167 ], [ -45.553442, -9.980998 ], [ -45.553266, -9.980749 ], [ -45.552708, -9.980499 ], [ -45.552473, -9.980201 ], [ -45.551911, -9.979601 ], [ -45.550752, -9.978676 ], [ -45.550518, -9.978351 ], [ -45.550462, -9.978 ], [ -45.550488, -9.977599 ], [ -45.550617, -9.976931 ], [ -45.550756, -9.976381 ], [ -45.550924, -9.976069 ], [ -45.55152, -9.975363 ], [ -45.551653, -9.975029 ], [ -45.551683, -9.974725 ], [ -45.551709, -9.974447 ], [ -45.551845, -9.974313 ], [ -45.549892999999898, -9.97424239999998 ], [ -45.4940511, -9.97640189999993 ], [ -45.491031, -9.97651869999993 ], [ -45.3790724, -9.98084819999997 ], [ -45.3790677, -9.98074879999996 ], [ -45.327499799999899, -9.98278479999993 ], [ -45.326419299999898, -9.982827199999971 ], [ -45.271654, -9.984999 ], [ -45.270778999999898, -9.983411 ], [ -45.270513, -9.983174 ], [ -45.269852, -9.983098 ], [ -45.268847, -9.983098 ], [ -45.267938, -9.982735 ], [ -45.26737, -9.98237 ], [ -45.266821, -9.98188 ], [ -45.26613, -9.980811 ], [ -45.265692, -9.979797 ], [ -45.265638, -9.979185 ], [ -45.265802, -9.978349 ], [ -45.265995, -9.977508 ], [ -45.266269, -9.976929 ], [ -45.266673, -9.976811 ], [ -45.266947, -9.97682 ], [ -45.267265, -9.977132 ], [ -45.267931, -9.978621 ], [ -45.267953, -9.979445 ], [ -45.267888, -9.980548 ], [ -45.268064, -9.980957 ], [ -45.26842, -9.981021 ], [ -45.268661, -9.980894 ], [ -45.269257, -9.980459 ], [ -45.269662, -9.979933 ], [ -45.269803, -9.979371 ], [ -45.270052, -9.978645 ], [ -45.270619, -9.978222 ], [ -45.271035, -9.977876 ], [ -45.271371, -9.977114 ], [ -45.27174, -9.976776 ], [ -45.272281, -9.97659 ], [ -45.273345, -9.976675 ], [ -45.273766, -9.976498 ], [ -45.27386, -9.976295 ], [ -45.273756999999897, -9.975627 ], [ -45.273482, -9.975078 ], [ -45.272803, -9.974127 ], [ -45.271559, -9.972881 ], [ -45.27088, -9.971878 ], [ -45.270674, -9.971139 ], [ -45.270578999999898, -9.970886 ], [ -45.269927, -9.970556 ], [ -45.269179999999899, -9.969996 ], [ -45.268914, -9.969515 ], [ -45.269017, -9.969109 ], [ -45.269377, -9.968805 ], [ -45.269900999999898, -9.968577 ], [ -45.270528, -9.96856 ], [ -45.273206, -9.968349 ], [ -45.274071999999897, -9.968095 ], [ -45.274553, -9.967808 ], [ -45.274999, -9.96731 ], [ -45.275033999999899, -9.966946 ], [ -45.274895, -9.966684 ], [ -45.274113999999898, -9.966506 ], [ -45.273612, -9.966324 ], [ -45.273084, -9.965349 ], [ -45.272857, -9.964728 ], [ -45.272346, -9.964331 ], [ -45.272075, -9.964215 ], [ -45.271173, -9.964054 ], [ -45.270693, -9.963818 ], [ -45.270392, -9.963455 ], [ -45.270238, -9.962998 ], [ -45.270195, -9.962322 ], [ -45.270023, -9.961976 ], [ -45.269671, -9.961663 ], [ -45.269146, -9.961545 ], [ -45.268425, -9.961469 ], [ -45.268189, -9.961443 ], [ -45.267879999999899, -9.960987 ], [ -45.266837, -9.960396 ], [ -45.266541, -9.96045 ], [ -45.266356, -9.960598 ], [ -45.266326, -9.960898 ], [ -45.266506, -9.961181 ], [ -45.26688, -9.961143 ], [ -45.267395, -9.961186 ], [ -45.267587999999897, -9.96138 ], [ -45.267519, -9.961595 ], [ -45.267119, -9.962205 ], [ -45.266668, -9.96267 ], [ -45.266213999999898, -9.963384 ], [ -45.266033, -9.963545 ], [ -45.265805999999898, -9.963507 ], [ -45.265415, -9.963245 ], [ -45.265132, -9.962755 ], [ -45.264819, -9.961558 ], [ -45.264935, -9.961093 ], [ -45.265055, -9.96029 ], [ -45.264986, -9.96002 ], [ -45.264806, -9.959699 ], [ -45.264544, -9.959423 ], [ -45.263566, -9.958798 ], [ -45.262763, -9.958143 ], [ -45.262591, -9.957881 ], [ -45.262403999999897, -9.957175 ], [ -45.262344, -9.956229 ], [ -45.262137, -9.955157 ], [ -45.261643, -9.954604 ], [ -45.261313, -9.953899 ], [ -45.260986, -9.953472 ], [ -45.26069, -9.953214 ], [ -45.260351, -9.953109 ], [ -45.260102, -9.953223 ], [ -45.259536, -9.953708 ], [ -45.259092, -9.954259 ], [ -45.259083, -9.954906 ], [ -45.259143, -9.95529 ], [ -45.259524999999897, -9.955852 ], [ -45.259688, -9.956473 ], [ -45.259662999999897, -9.956942 ], [ -45.259517, -9.957132 ], [ -45.258993, -9.957297 ], [ -45.258302, -9.957356 ], [ -45.257435, -9.957149 ], [ -45.256616, -9.95679 ], [ -45.256264, -9.95638 ], [ -45.256301999999899, -9.956038 ], [ -45.256474, -9.955785 ], [ -45.256907, -9.955421 ], [ -45.257494999999899, -9.955083 ], [ -45.258208, -9.954745 ], [ -45.258433, -9.954514 ], [ -45.25845, -9.954071 ], [ -45.258472, -9.952673 ], [ -45.258346, -9.951773 ], [ -45.257754, -9.949863 ], [ -45.257325, -9.948587 ], [ -45.256892999999899, -9.948007 ], [ -45.255854999999897, -9.946845 ], [ -45.255782, -9.946478 ], [ -45.255941, -9.946241 ], [ -45.25625, -9.94611 ], [ -45.257471, -9.945763 ], [ -45.259333, -9.945641 ], [ -45.259774999999898, -9.945467 ], [ -45.260284, -9.94501 ], [ -45.261949, -9.943671 ], [ -45.262386999999897, -9.943046 ], [ -45.262611999999898, -9.942359 ], [ -45.262881999999898, -9.940787 ], [ -45.26288, -9.940386 ], [ -45.262648, -9.939828 ], [ -45.26246, -9.939609 ], [ -45.262052, -9.939431 ], [ -45.261365, -9.939372 ], [ -45.260769, -9.939541 ], [ -45.260258, -9.939825 ], [ -45.259464, -9.940463 ], [ -45.258743, -9.940873 ], [ -45.2584, -9.940902 ], [ -45.257928, -9.940767 ], [ -45.25719, -9.94026 ], [ -45.257018, -9.939859 ], [ -45.257112, -9.939639 ], [ -45.257387, -9.939441 ], [ -45.257869, -9.939109 ], [ -45.258538, -9.93867 ], [ -45.258803999999898, -9.938167 ], [ -45.258907, -9.93769 ], [ -45.258855, -9.937239 ], [ -45.25873, -9.936825 ], [ -45.25828, -9.936348 ], [ -45.257799, -9.935955 ], [ -45.257095499999899, -9.935614599999949 ], [ -45.176294, -9.935715199999949 ], [ -45.139927999999898, -9.935760399999941 ], [ -45.1159828, -9.944024399999931 ], [ -45.1147928, -9.944435099999961 ], [ -45.0785949, -9.956927899999931 ], [ -45.0785615, -9.956939499999979 ], [ -45.0785346, -9.956948699999939 ], [ -45.0275859, -9.97451569999993 ], [ -45.0457517, -10.0127979 ], [ -45.0457757, -10.0128485 ], [ -45.0459074, -10.0131261 ], [ -45.106151, -10.1384186 ], [ -45.1700752, -10.143037799999901 ], [ -45.1701184, -10.1430430999999 ], [ -45.1708489, -10.1430937 ], [ -45.1917414, -10.1446005 ], [ -45.1922185, -10.1446349 ], [ -45.193742, -10.1455632999999 ], [ -45.1938408, -10.1456234999999 ], [ -45.2857265, -10.2016164 ], [ -45.322557199999899, -10.2170497 ], [ -45.340172, -10.224430799999899 ], [ -45.388457699999897, -10.2446542 ], [ -45.490691, -10.3010207 ], [ -45.4940511, -10.299763599999901 ], [ -45.4973704, -10.2985217 ], [ -45.5022392, -10.2952614 ], [ -45.5143606, -10.2898365999999 ], [ -45.517327599999902, -10.286440599999899 ], [ -45.5211098999999, -10.280298 ], [ -45.5223538, -10.2766536 ], [ -45.522965499999898, -10.2610369 ], [ -45.5226311, -10.2568529 ], [ -45.5228564, -10.2471414999999 ], [ -45.5233559, -10.2441406 ], [ -45.5261867, -10.2369275999999 ], [ -45.5275482, -10.2354513 ], [ -45.5309177, -10.2331846 ], [ -45.5424937, -10.227456199999899 ], [ -45.547468, -10.2240267 ], [ -45.550817799999898, -10.2222808 ], [ -45.5528826, -10.2205815 ], [ -45.556570399999899, -10.2169013 ] ] ] ] } },
{ "type": "Feature", "properties": { "CD_MUN": "2208858", "NM_MUN": "Riacho Frio", "CD_RGI": "220015", "NM_RGI": "Corrente", "CD_RGINT": "2205", "NM_RGINT": "Corrente - Bom Jesus", "CD_UF": "22", "NM_UF": "Piauí", "SIGLA_UF": "PI", "CD_REGIAO": "2", "NM_REGIAO": "Nordeste", "SIGLA_RG": "NE", "CD_CONCURB": null, "NM_CONCURB": null, "AREA_KM2": 2220.597 }, "geometry": { "type": "MultiPolygon", "coordinates": [ [ [ [ -44.7847831, -10.1700351 ], [ -44.7848554999999, -10.170293399999901 ], [ -44.784889399999898, -10.1704149 ], [ -44.7961948, -10.2107501999999 ], [ -44.7943681, -10.3281698 ], [ -44.9097889, -10.2178331 ], [ -44.910040099999897, -10.217593 ], [ -44.9423542, -10.1867023 ], [ -44.94303, -10.1860551 ], [ -44.9431412, -10.1859486 ], [ -44.9836763, -10.147131199999899 ], [ -45.000751, -10.13078 ], [ -45.0232703, -10.1324134 ], [ -45.0340965, -10.1331986 ], [ -45.0587613, -10.134987599999899 ], [ -45.106151, -10.1384186 ], [ -45.0459074, -10.0131261 ], [ -45.0457757, -10.0128485 ], [ -45.0457517, -10.0127979 ], [ -45.0275859, -9.97451569999993 ], [ -44.956389, -9.823744 ], [ -44.954621, -9.822084 ], [ -44.952131999999899, -9.819008 ], [ -44.949811, -9.815783 ], [ -44.946161, -9.809897 ], [ -44.945045, -9.806643 ], [ -44.943647999999897, -9.805377 ], [ -44.941279, -9.803534 ], [ -44.938459, -9.802255 ], [ -44.934786, -9.799863 ], [ -44.930065, -9.797257 ], [ -44.928143, -9.796902 ], [ -44.926786, -9.797037 ], [ -44.926374, -9.797527 ], [ -44.926834, -9.79887 ], [ -44.926465, -9.800223 ], [ -44.925958, -9.801076 ], [ -44.924508, -9.802268 ], [ -44.923283, -9.802491 ], [ -44.921666, -9.802014 ], [ -44.919877, -9.800771 ], [ -44.917899, -9.798072 ], [ -44.915238, -9.794547 ], [ -44.914555999999898, -9.794402 ], [ -44.913542999999898, -9.794892 ], [ -44.912427, -9.795906 ], [ -44.910453, -9.799186 ], [ -44.909765999999898, -9.799677 ], [ -44.908346, -9.799457 ], [ -44.904834999999899, -9.798637 ], [ -44.903788, -9.798096 ], [ -44.903304999999897, -9.79741 ], [ -44.903376, -9.79609 ], [ -44.904016, -9.792623 ], [ -44.904754, -9.789689 ], [ -44.906097, -9.783716 ], [ -44.906011, -9.781383 ], [ -44.905667999999899, -9.779557 ], [ -44.905032999999897, -9.779016 ], [ -44.900595, -9.776317 ], [ -44.898518, -9.775658 ], [ -44.896098, -9.776266 ], [ -44.890519, -9.778549 ], [ -44.887273999999898, -9.779486 ], [ -44.881678, -9.780112 ], [ -44.879755, -9.779926 ], [ -44.877884, -9.778472 ], [ -44.875194, -9.77454 ], [ -44.873562999999898, -9.771556 ], [ -44.872808, -9.769252 ], [ -44.872687, -9.766767 ], [ -44.873064999999897, -9.7644 ], [ -44.874949, -9.760323 ], [ -44.87488, -9.759123 ], [ -44.874211, -9.758649 ], [ -44.872872, -9.758802 ], [ -44.869627, -9.760087 ], [ -44.865817, -9.761219 ], [ -44.86446, -9.760695 ], [ -44.863602, -9.759343 ], [ -44.863396, -9.757026 ], [ -44.863345, -9.752393 ], [ -44.863787, -9.750203 ], [ -44.864834, -9.748427 ], [ -44.868638, -9.744449 ], [ -44.86905, -9.742944 ], [ -44.868595, -9.742091 ], [ -44.865386999999899, -9.740813 ], [ -44.861971, -9.73919 ], [ -44.856786999999898, -9.736814 ], [ -44.854155999999897, -9.736425 ], [ -44.852131, -9.735647 ], [ -44.850774999999899, -9.734514 ], [ -44.849246999999899, -9.732147 ], [ -44.846801, -9.727103 ], [ -44.845359, -9.722672 ], [ -44.845573, -9.719726 ], [ -44.846569, -9.717003 ], [ -44.848182999999899, -9.714788 ], [ -44.84856, -9.713993 ], [ -44.848646, -9.713334 ], [ -44.848335, -9.712442 ], [ -44.846781, -9.709685 ], [ -44.844825, -9.707512 ], [ -44.843342, -9.70553 ], [ -44.842226, -9.70323 ], [ -44.841351, -9.700846 ], [ -44.841471, -9.699138 ], [ -44.841951, -9.696753 ], [ -44.842644, -9.69554 ], [ -44.844258, -9.694373 ], [ -44.846627, -9.693384 ], [ -44.847769, -9.692682 ], [ -44.848078, -9.692209 ], [ -44.848101, -9.691422 ], [ -44.847569, -9.690594 ], [ -44.846711, -9.688327 ], [ -44.845371999999898, -9.686315 ], [ -44.844376, -9.684725 ], [ -44.843913, -9.681853 ], [ -44.844891, -9.678894 ], [ -44.846282, -9.675629 ], [ -44.847762, -9.673699 ], [ -44.848568999999898, -9.672692 ], [ -44.848698, -9.672227 ], [ -44.848732, -9.671779 ], [ -44.848517, -9.671492 ], [ -44.847229, -9.671321 ], [ -44.844065999999899, -9.670611 ], [ -44.839276, -9.67024 ], [ -44.838443, -9.669953 ], [ -44.837851, -9.669217 ], [ -44.83798, -9.668642 ], [ -44.838701, -9.668118 ], [ -44.840262, -9.667135 ], [ -44.840965, -9.666589 ], [ -44.841819, -9.66535 ], [ -44.842004, -9.664293 ], [ -44.841749999999898, -9.663347 ], [ -44.840994, -9.662214 ], [ -44.840308, -9.660962 ], [ -44.839224, -9.658437 ], [ -44.83737, -9.65612 ], [ -44.83549, -9.654514 ], [ -44.833525, -9.653685 ], [ -44.832207, -9.653016 ], [ -44.830241999999899, -9.651984 ], [ -44.828095, -9.651685 ], [ -44.825626999999898, -9.651503 ], [ -44.825185, -9.651186 ], [ -44.82443, -9.649854 ], [ -44.82422, -9.649697 ], [ -44.806619199999901, -9.68052119999993 ], [ -44.6586902, -9.583036499999929 ], [ -44.6660962999999, -9.56292739999998 ], [ -44.664793, -9.561893 ], [ -44.664003, -9.560979 ], [ -44.66299, -9.560269 ], [ -44.662166, -9.560302 ], [ -44.660879, -9.560302 ], [ -44.657686, -9.559253 ], [ -44.653652, -9.558729 ], [ -44.652895999999899, -9.558323 ], [ -44.65233, -9.557376 ], [ -44.65245, -9.555785 ], [ -44.652931, -9.554076 ], [ -44.652935, -9.553099 ], [ -44.652557, -9.55227 ], [ -44.651785, -9.55183 ], [ -44.651107, -9.551838 ], [ -44.650669, -9.552101 ], [ -44.650557999999897, -9.55298 ], [ -44.650231, -9.553818 ], [ -44.649759, -9.554427 ], [ -44.649356, -9.554588 ], [ -44.648764, -9.554596 ], [ -44.647699, -9.554148 ], [ -44.644523999999898, -9.553226 ], [ -44.643639999999898, -9.552633 ], [ -44.643304999999899, -9.551982 ], [ -44.642841, -9.550756 ], [ -44.642415, -9.550365 ], [ -44.642141, -9.550318 ], [ -44.641191999999897, -9.550872 ], [ -44.639531, -9.551904 ], [ -44.638885, -9.552365 ], [ -44.638224, -9.552433 ], [ -44.637597, -9.551976 ], [ -44.63685, -9.550657 ], [ -44.636138, -9.54833 ], [ -44.635726, -9.547383 ], [ -44.635357, -9.547034 ], [ -44.634614, -9.546831 ], [ -44.632464, -9.547068 ], [ -44.631258, -9.546801 ], [ -44.629338, -9.545892 ], [ -44.628985999999898, -9.545909 ], [ -44.628634, -9.546106 ], [ -44.628093, -9.546952 ], [ -44.627862, -9.54762 ], [ -44.627586999999899, -9.547916 ], [ -44.627294999999897, -9.548145 ], [ -44.626952, -9.548136 ], [ -44.626583, -9.547756 ], [ -44.626119, -9.547282 ], [ -44.625407, -9.54713 ], [ -44.62442, -9.547231 ], [ -44.623862, -9.547223 ], [ -44.623381, -9.54696 ], [ -44.622858, -9.546301 ], [ -44.622128, -9.545878 ], [ -44.621485, -9.545962 ], [ -44.62103, -9.546182 ], [ -44.620686, -9.54702 ], [ -44.620695, -9.547984 ], [ -44.620927, -9.548999 ], [ -44.620857999999899, -9.549422 ], [ -44.6206, -9.549642 ], [ -44.620079, -9.549662 ], [ -44.61947, -9.549357 ], [ -44.619186, -9.548858 ], [ -44.619186, -9.548283 ], [ -44.619367, -9.547615 ], [ -44.619374999999899, -9.547082 ], [ -44.619126, -9.546642 ], [ -44.617683999999898, -9.546033 ], [ -44.615848, -9.545305 ], [ -44.61462, -9.544698 ], [ -44.613765999999899, -9.543907 ], [ -44.613213, -9.542731 ], [ -44.612738, -9.541263 ], [ -44.612498, -9.540806 ], [ -44.612206, -9.540679 ], [ -44.611871, -9.540772 ], [ -44.611348, -9.541652 ], [ -44.610841999999899, -9.542675 ], [ -44.610103, -9.543606 ], [ -44.609854, -9.54402 ], [ -44.609854, -9.544291 ], [ -44.610224, -9.544748 ], [ -44.611339, -9.545272 ], [ -44.611906, -9.545907 ], [ -44.612208, -9.546418 ], [ -44.6122, -9.547239 ], [ -44.611882, -9.548415 ], [ -44.611676, -9.549396 ], [ -44.611443999999899, -9.549641 ], [ -44.611041, -9.549548 ], [ -44.609294, -9.547698 ], [ -44.6092, -9.547812 ], [ -44.609273, -9.548163 ], [ -44.609457, -9.548759 ], [ -44.609696, -9.549528 ], [ -44.609773, -9.549845 ], [ -44.609747, -9.550069 ], [ -44.609626999999897, -9.550378 ], [ -44.609185, -9.550716 ], [ -44.608972999999899, -9.551048 ], [ -44.608754, -9.551826 ], [ -44.608715, -9.552498 ], [ -44.608770999999898, -9.553095 ], [ -44.608977, -9.553666 ], [ -44.60901, -9.553955 ], [ -44.609117, -9.554458 ], [ -44.609439, -9.555067 ], [ -44.609538, -9.555625 ], [ -44.609518, -9.55595 ], [ -44.609539, -9.556326 ], [ -44.609758, -9.55669 ], [ -44.610093, -9.556923 ], [ -44.610809, -9.557058 ], [ -44.611436, -9.557012 ], [ -44.611941, -9.557221 ], [ -44.612589, -9.557556 ], [ -44.613263, -9.558253 ], [ -44.613777, -9.558605 ], [ -44.614086, -9.558867 ], [ -44.614361, -9.559463 ], [ -44.614524, -9.559615 ], [ -44.614803, -9.5597 ], [ -44.615193, -9.559687 ], [ -44.615416, -9.559598 ], [ -44.615584, -9.559459 ], [ -44.615772, -9.559353 ], [ -44.615974, -9.559349 ], [ -44.616124, -9.559421 ], [ -44.616279, -9.559734 ], [ -44.616302, -9.560029 ], [ -44.616307, -9.560177 ], [ -44.616165, -9.56035 ], [ -44.616049, -9.560558 ], [ -44.616161, -9.560858 ], [ -44.616281, -9.561116 ], [ -44.616564, -9.561213 ], [ -44.616663, -9.561302 ], [ -44.616692999999898, -9.561458 ], [ -44.616745, -9.561636 ], [ -44.616886, -9.561716 ], [ -44.617152, -9.561729 ], [ -44.617297999999899, -9.561763 ], [ -44.617367, -9.561907 ], [ -44.617465, -9.562182 ], [ -44.617496, -9.562509 ], [ -44.617564, -9.562788 ], [ -44.61759, -9.563075 ], [ -44.617567999999899, -9.563338 ], [ -44.61756, -9.563587 ], [ -44.617460999999899, -9.563824 ], [ -44.616869, -9.564332 ], [ -44.616328, -9.566846 ], [ -44.615573, -9.569062 ], [ -44.616242, -9.57138 ], [ -44.618663, -9.572598 ], [ -44.622036, -9.575329 ], [ -44.623375, -9.577292 ], [ -44.624062, -9.580269 ], [ -44.624370999999897, -9.583348 ], [ -44.624062, -9.588491 ], [ -44.622481999999899, -9.591975 ], [ -44.621263999999897, -9.594088 ], [ -44.621178, -9.594494 ], [ -44.621516, -9.595958 ], [ -44.621868, -9.597024 ], [ -44.622474, -9.597896 ], [ -44.622534, -9.598412 ], [ -44.622474, -9.598758 ], [ -44.622208, -9.599241 ], [ -44.622146, -9.59947 ], [ -44.622208, -9.599762 ], [ -44.622169, -9.599864 ], [ -44.621778, -9.600105 ], [ -44.62162, -9.600544 ], [ -44.621443999999897, -9.600921 ], [ -44.621225, -9.601145 ], [ -44.621031, -9.601255 ], [ -44.620970999999898, -9.601441 ], [ -44.621085999999899, -9.601686 ], [ -44.62125, -9.602147 ], [ -44.621266999999897, -9.602389 ], [ -44.621069, -9.602985 ], [ -44.621065, -9.603746 ], [ -44.621465, -9.604163 ], [ -44.621654, -9.604738 ], [ -44.621654, -9.605093 ], [ -44.621568, -9.605499 ], [ -44.621525, -9.605821 ], [ -44.621723, -9.606286 ], [ -44.622048999999897, -9.606447 ], [ -44.622281, -9.606193 ], [ -44.622546999999898, -9.606024 ], [ -44.622744, -9.606125 ], [ -44.622761, -9.606447 ], [ -44.622821, -9.60665 ], [ -44.623069, -9.606647 ], [ -44.623249, -9.606689 ], [ -44.623562999999898, -9.607222 ], [ -44.623762, -9.607193 ], [ -44.62393, -9.607252 ], [ -44.623998, -9.607379 ], [ -44.624006999999899, -9.607531 ], [ -44.623857, -9.60781 ], [ -44.62344, -9.608111 ], [ -44.623363, -9.608292 ], [ -44.623432, -9.608842 ], [ -44.623389, -9.609341 ], [ -44.623531, -9.60984 ], [ -44.623476, -9.61008 ], [ -44.623411, -9.610292 ], [ -44.62339, -9.610469 ], [ -44.623373, -9.610605 ], [ -44.623459, -9.610744 ], [ -44.62378, -9.610858 ], [ -44.623974, -9.610736 ], [ -44.624102, -9.610744 ], [ -44.62424, -9.610905 ], [ -44.624386, -9.611023 ], [ -44.624604, -9.611057 ], [ -44.624797999999899, -9.611078 ], [ -44.624892, -9.61118 ], [ -44.624905, -9.611324 ], [ -44.624832, -9.611446 ], [ -44.624707, -9.611543 ], [ -44.624712, -9.611658 ], [ -44.624872, -9.611789 ], [ -44.624992, -9.611878 ], [ -44.62503, -9.611979 ], [ -44.625068999999897, -9.612153 ], [ -44.625065, -9.612322 ], [ -44.625, -9.61247 ], [ -44.624888999999897, -9.612597 ], [ -44.624897, -9.612736 ], [ -44.625018, -9.612973 ], [ -44.625142, -9.61307 ], [ -44.625338999999897, -9.613146 ], [ -44.625481, -9.613349 ], [ -44.625588, -9.613527 ], [ -44.625593, -9.613654 ], [ -44.625554, -9.61376 ], [ -44.625502, -9.613933 ], [ -44.62552, -9.614057 ], [ -44.625583999999897, -9.614074 ], [ -44.625863, -9.613968 ], [ -44.626155, -9.613901 ], [ -44.626382, -9.613867 ], [ -44.626502, -9.61377 ], [ -44.62661, -9.613715 ], [ -44.626781, -9.613812 ], [ -44.626866999999898, -9.613913 ], [ -44.626939999999898, -9.614247 ], [ -44.626908, -9.614593 ], [ -44.626947, -9.614808 ], [ -44.627113999999899, -9.61499 ], [ -44.627556, -9.61521 ], [ -44.627758, -9.615443 ], [ -44.627964, -9.615781 ], [ -44.628095, -9.616113 ], [ -44.628112, -9.616303 ], [ -44.628245, -9.616498 ], [ -44.628445999999897, -9.616604 ], [ -44.628717, -9.616726 ], [ -44.628837, -9.616786 ], [ -44.628888, -9.616972 ], [ -44.628897, -9.617103 ], [ -44.628827999999899, -9.617276 ], [ -44.628777, -9.617513 ], [ -44.628901, -9.61775 ], [ -44.629107, -9.617872 ], [ -44.629268, -9.618095 ], [ -44.629264, -9.618214 ], [ -44.629363, -9.618302 ], [ -44.629603, -9.618285 ], [ -44.630054, -9.61807 ], [ -44.630268, -9.618006 ], [ -44.63041, -9.618006 ], [ -44.6305, -9.618125 ], [ -44.630521, -9.618598 ], [ -44.630689, -9.618882 ], [ -44.630886, -9.619093 ], [ -44.631024, -9.619207 ], [ -44.631144, -9.61922 ], [ -44.631234, -9.61914 ], [ -44.631264, -9.618861 ], [ -44.631349999999898, -9.6187 ], [ -44.631616, -9.61845 ], [ -44.631801, -9.618484 ], [ -44.632166, -9.618699 ], [ -44.632903999999897, -9.618852 ], [ -44.633291, -9.618805 ], [ -44.633544, -9.618576 ], [ -44.63366, -9.618521 ], [ -44.633836, -9.618576 ], [ -44.633797, -9.618753 ], [ -44.633556999999897, -9.619024 ], [ -44.63326, -9.619223 ], [ -44.633148999999896, -9.619383 ], [ -44.633248, -9.619629 ], [ -44.633745, -9.619992 ], [ -44.634694, -9.620557 ], [ -44.634874, -9.620692 ], [ -44.634908, -9.620844 ], [ -44.63487, -9.621001 ], [ -44.634831, -9.621348 ], [ -44.634921, -9.621534 ], [ -44.635299, -9.62183 ], [ -44.635419, -9.622003 ], [ -44.635509, -9.622418 ], [ -44.63552, -9.622639 ], [ -44.635540999999897, -9.622863 ], [ -44.63564, -9.623083 ], [ -44.635795, -9.623184 ], [ -44.636052, -9.623247 ], [ -44.636181, -9.623315 ], [ -44.636257999999899, -9.623535 ], [ -44.636232, -9.623789 ], [ -44.635897999999898, -9.624212 ], [ -44.635549, -9.624751 ], [ -44.635424, -9.625127 ], [ -44.635309, -9.625326 ], [ -44.635025, -9.625563 ], [ -44.634781, -9.625719 ], [ -44.634389999999897, -9.625774 ], [ -44.634176, -9.625859 ], [ -44.63394, -9.626278 ], [ -44.633784999999897, -9.626371 ], [ -44.63361, -9.626421 ], [ -44.633511999999897, -9.626518 ], [ -44.633511999999897, -9.626708 ], [ -44.633755999999899, -9.62675 ], [ -44.633961999999897, -9.626886 ], [ -44.634087, -9.626953 ], [ -44.634177, -9.62708 ], [ -44.63413, -9.627292 ], [ -44.633898, -9.627533 ], [ -44.633738999999899, -9.627829 ], [ -44.633636, -9.628116 ], [ -44.633458, -9.628334 ], [ -44.633325, -9.628453 ], [ -44.633153, -9.628499 ], [ -44.633015999999898, -9.628406 ], [ -44.632986, -9.628203 ], [ -44.63311, -9.627932 ], [ -44.633037, -9.627674 ], [ -44.632827, -9.627573 ], [ -44.632621, -9.627624 ], [ -44.632471, -9.627729 ], [ -44.632385, -9.627937 ], [ -44.632388999999897, -9.628216 ], [ -44.632402, -9.62855 ], [ -44.632398, -9.628808 ], [ -44.632282, -9.62907 ], [ -44.632085, -9.629256 ], [ -44.631931, -9.629589 ], [ -44.631957, -9.629784 ], [ -44.632133, -9.630262 ], [ -44.632184, -9.631171 ], [ -44.632131, -9.6317 ], [ -44.632182, -9.632026 ], [ -44.632607, -9.632762 ], [ -44.632847, -9.633058 ], [ -44.632894, -9.633458 ], [ -44.632868, -9.633894 ], [ -44.633048, -9.634444 ], [ -44.633057, -9.634719 ], [ -44.632915, -9.635209 ], [ -44.632505, -9.636033 ], [ -44.632057, -9.636875 ], [ -44.631638, -9.637613 ], [ -44.631557, -9.637973 ], [ -44.631544, -9.638209 ], [ -44.631436999999899, -9.638345 ], [ -44.631226, -9.638404 ], [ -44.631042, -9.63834 ], [ -44.630873999999899, -9.638209 ], [ -44.630707, -9.638252 ], [ -44.630564999999898, -9.638446 ], [ -44.630527, -9.638645 ], [ -44.6306, -9.638987 ], [ -44.630397, -9.639467 ], [ -44.630255, -9.639805 ], [ -44.630118, -9.639923 ], [ -44.629809, -9.639936 ], [ -44.629658999999897, -9.639957 ], [ -44.629539, -9.640016 ], [ -44.6295316, -9.640049799999931 ], [ -44.629509, -9.640152 ], [ -44.62947, -9.64024 ], [ -44.629273, -9.64038 ], [ -44.62918, -9.640566 ], [ -44.629086, -9.640896 ], [ -44.62882, -9.641124 ], [ -44.628605, -9.641213 ], [ -44.628305, -9.641209 ], [ -44.628, -9.641099 ], [ -44.627919, -9.640942 ], [ -44.627772999999898, -9.640782 ], [ -44.627622, -9.640858 ], [ -44.627459, -9.641073 ], [ -44.627335, -9.641357 ], [ -44.627245, -9.641644 ], [ -44.627202, -9.641839 ], [ -44.627271, -9.64208 ], [ -44.627352, -9.642262 ], [ -44.627335, -9.642414 ], [ -44.626966, -9.642845 ], [ -44.626545, -9.642917 ], [ -44.625785999999898, -9.643386 ], [ -44.625380999999898, -9.643669 ], [ -44.625214, -9.643956 ], [ -44.625045999999898, -9.644083 ], [ -44.624742, -9.644083 ], [ -44.624398, -9.643914 ], [ -44.624197, -9.643813 ], [ -44.623978, -9.643817 ], [ -44.623789, -9.643944 ], [ -44.623682, -9.644223 ], [ -44.623357999999897, -9.645446 ], [ -44.623151, -9.645990299999941 ], [ -44.6230917, -9.64820009999994 ], [ -44.6235412, -9.652867 ], [ -44.6236417, -9.65700409999994 ], [ -44.6231594, -9.659656 ], [ -44.622036599999902, -9.66167109999998 ], [ -44.621417999999899, -9.66326139999995 ], [ -44.6206079, -9.666482099999939 ], [ -44.6203161, -9.668246299999961 ], [ -44.620580399999902, -9.67150839999994 ], [ -44.621988299999899, -9.678723199999981 ], [ -44.6215309, -9.681321299999979 ], [ -44.6221436, -9.68320549999993 ], [ -44.6225696, -9.68524889999998 ], [ -44.6224314, -9.689889299999949 ], [ -44.622242399999898, -9.691559899999961 ], [ -44.6216792, -9.69431849999995 ], [ -44.621462199999897, -9.69461079999996 ], [ -44.6214889, -9.69492849999995 ], [ -44.623331199999903, -9.69694679999998 ], [ -44.6243976, -9.699228 ], [ -44.6252248, -9.700156499999929 ], [ -44.626686699999901, -9.70137439999996 ], [ -44.6287234, -9.70256949999998 ], [ -44.630353699999901, -9.70425089999998 ], [ -44.6327325, -9.707749699999971 ], [ -44.6328151, -9.70837769999997 ], [ -44.6330993999999, -9.708905 ], [ -44.6328336, -9.70940849999994 ], [ -44.6315901, -9.709508 ], [ -44.631388899999898, -9.70979179999995 ], [ -44.6315678, -9.71082329999996 ], [ -44.6313489, -9.711021799999971 ], [ -44.6303452, -9.71150989999995 ], [ -44.6293851, -9.712782 ], [ -44.6288367, -9.71237789999998 ], [ -44.6285089, -9.712720799999939 ], [ -44.628079399999898, -9.712821699999949 ], [ -44.627615299999903, -9.712500299999929 ], [ -44.6273068, -9.71257849999995 ], [ -44.6263663, -9.714255599999939 ], [ -44.6247958, -9.71603349999998 ], [ -44.6244895, -9.71668139999997 ], [ -44.6238164, -9.71730779999996 ], [ -44.6219474, -9.718091 ], [ -44.620719, -9.718981799999939 ], [ -44.619979, -9.719975099999941 ], [ -44.6195228999999, -9.72079459999998 ], [ -44.6195329, -9.72160539999993 ], [ -44.6194055, -9.72195409999995 ], [ -44.6194126, -9.722265599999959 ], [ -44.6195094999999, -9.72252139999995 ], [ -44.6201253, -9.722958699999939 ], [ -44.620379399999898, -9.72308 ], [ -44.620365799999902, -9.72329379999996 ], [ -44.6200691, -9.72342039999995 ], [ -44.6198462, -9.723489899999951 ], [ -44.61974, -9.72373479999993 ], [ -44.620022999999897, -9.724081899999931 ], [ -44.6208323, -9.724471699999979 ], [ -44.6218014, -9.725189799999949 ], [ -44.622245099999901, -9.72596489999995 ], [ -44.622644, -9.726261799999969 ], [ -44.6231791, -9.726421399999939 ], [ -44.6242933, -9.727295099999941 ], [ -44.624621499999897, -9.72773629999995 ], [ -44.624698899999899, -9.72803189999996 ], [ -44.6248279, -9.728237 ], [ -44.625209599999899, -9.72851269999995 ], [ -44.625766999999897, -9.72868759999994 ], [ -44.6275985, -9.730049199999939 ], [ -44.627872599999897, -9.730338699999949 ], [ -44.628007899999901, -9.73063239999993 ], [ -44.6279152, -9.73088669999993 ], [ -44.627812999999897, -9.731160399999959 ], [ -44.6279866, -9.73143879999998 ], [ -44.6283473, -9.73168009999995 ], [ -44.6285784, -9.731634699999971 ], [ -44.6288739, -9.73130949999995 ], [ -44.6291395, -9.731176599999969 ], [ -44.6294561999999, -9.731280799999981 ], [ -44.6297743, -9.731789799999939 ], [ -44.629902899999898, -9.73213529999998 ], [ -44.6297931, -9.73241729999995 ], [ -44.629551799999902, -9.732605799999931 ], [ -44.629342699999903, -9.73282309999996 ], [ -44.629318399999903, -9.73313109999998 ], [ -44.629522199999897, -9.73345849999993 ], [ -44.6297657, -9.733857 ], [ -44.629877899999897, -9.73452579999997 ], [ -44.6300893, -9.73529979999995 ], [ -44.630136799999903, -9.735654 ], [ -44.6303599, -9.73577179999995 ], [ -44.630708599999899, -9.735687199999971 ], [ -44.6310439, -9.735389899999969 ], [ -44.6313598999999, -9.73516139999998 ], [ -44.631696, -9.73499709999993 ], [ -44.6320727, -9.734936599999971 ], [ -44.6322984, -9.735023 ], [ -44.6325419, -9.73538489999993 ], [ -44.6326427, -9.73586279999995 ], [ -44.6324693, -9.736293199999981 ], [ -44.632050299999896, -9.737045599999931 ], [ -44.631857599999897, -9.73798159999996 ], [ -44.6316494, -9.73873849999995 ], [ -44.6315731, -9.739699799999929 ], [ -44.6314826, -9.74028209999994 ], [ -44.631531499999902, -9.74094559999998 ], [ -44.6317142, -9.74146519999994 ], [ -44.631716, -9.741758899999979 ], [ -44.631543, -9.74219569999997 ], [ -44.631546699999902, -9.74260309999994 ], [ -44.6317447, -9.743200099999971 ], [ -44.6318371, -9.74353269999995 ], [ -44.6318297, -9.74392169999993 ], [ -44.631362099999897, -9.744828 ], [ -44.630521299999899, -9.74584619999996 ], [ -44.6298245999999, -9.74761059999997 ], [ -44.629492099999901, -9.749640699999929 ], [ -44.6291295, -9.75043969999996 ], [ -44.6290534, -9.75149019999998 ], [ -44.62951, -9.75230789999995 ], [ -44.629566, -9.752779 ], [ -44.6292695, -9.75388519999996 ], [ -44.6297838, -9.754757099999949 ], [ -44.6297809, -9.75524629999995 ], [ -44.629306299999897, -9.755880699999979 ], [ -44.6293592, -9.756589199999951 ], [ -44.6301304, -9.75793439999995 ], [ -44.630282, -9.759362099999979 ], [ -44.6296829, -9.759864599999959 ], [ -44.6286129, -9.76033679999995 ], [ -44.6281832, -9.760600499999949 ], [ -44.6276726, -9.76202239999998 ], [ -44.6273027, -9.762760199999949 ], [ -44.626540599999899, -9.763787899999951 ], [ -44.6262536999999, -9.76409129999996 ], [ -44.625557199999903, -9.764179799999971 ], [ -44.625204499999903, -9.76433839999993 ], [ -44.624992, -9.764797899999961 ], [ -44.624898, -9.765378599999959 ], [ -44.624952, -9.76591879999995 ], [ -44.6247212, -9.766530099999949 ], [ -44.6242726, -9.76711969999997 ], [ -44.6245726, -9.76769919999998 ], [ -44.6252673, -9.76808949999997 ], [ -44.6252353, -9.77045 ], [ -44.6256547, -9.77309779999996 ], [ -44.6264383, -9.77495819999996 ], [ -44.625952799999901, -9.779361599999961 ], [ -44.6265437, -9.78165069999994 ], [ -44.6265227, -9.783038399999951 ], [ -44.6263868999999, -9.784131899999981 ], [ -44.625072499999902, -9.78553349999993 ], [ -44.6250368, -9.78598959999994 ], [ -44.6260632, -9.78629249999994 ], [ -44.625794299999903, -9.787611 ], [ -44.6265137, -9.788255499999931 ], [ -44.6262725, -9.78930419999995 ], [ -44.6259423, -9.789821899999939 ], [ -44.6256772999999, -9.790582499999971 ], [ -44.625131199999899, -9.791097 ], [ -44.6247284, -9.79173069999996 ], [ -44.6215715, -9.794471099999949 ], [ -44.6217895999999, -9.79678039999993 ], [ -44.6211666, -9.798557 ], [ -44.621116899999897, -9.798991299999949 ], [ -44.6193934, -9.802791199999939 ], [ -44.617737799999901, -9.80341729999998 ], [ -44.617222599999899, -9.803867499999971 ], [ -44.616768099999902, -9.80635569999993 ], [ -44.6153896, -9.808660599999939 ], [ -44.615268, -9.80953669999997 ], [ -44.614072399999898, -9.81140469999997 ], [ -44.6123607, -9.81326749999994 ], [ -44.6112591999999, -9.814159599999931 ], [ -44.6107459, -9.813995499999979 ], [ -44.6100698, -9.81295129999995 ], [ -44.6091154, -9.81306529999995 ], [ -44.608479799999898, -9.813963 ], [ -44.608395599999902, -9.814328499999929 ], [ -44.608328, -9.81462129999994 ], [ -44.6085686, -9.815460799999929 ], [ -44.6083862, -9.815941399999931 ], [ -44.606879, -9.817024099999969 ], [ -44.606462599999901, -9.817748399999971 ], [ -44.606297, -9.818472299999939 ], [ -44.6065113, -9.818953099999931 ], [ -44.6070829, -9.819312399999941 ], [ -44.6070534, -9.819966 ], [ -44.606174699999897, -9.82165059999994 ], [ -44.6054755, -9.824557899999951 ], [ -44.6054821, -9.825704299999931 ], [ -44.6045587, -9.826105699999969 ], [ -44.6042259, -9.826583199999961 ], [ -44.604280399999901, -9.82691049999994 ], [ -44.6052215, -9.827425499999951 ], [ -44.6055718, -9.82777429999993 ], [ -44.607767, -9.827832699999931 ], [ -44.6086708, -9.82917869999994 ], [ -44.608776799999902, -9.830901 ], [ -44.6092578, -9.831304299999941 ], [ -44.6099962, -9.831635199999941 ], [ -44.610198, -9.83207459999994 ], [ -44.6100673, -9.83278879999995 ], [ -44.6092432, -9.833832199999961 ], [ -44.6095089, -9.83577669999994 ], [ -44.6080587, -9.836613599999961 ], [ -44.607788399999897, -9.837168599999931 ], [ -44.6077835, -9.838428199999949 ], [ -44.6076322, -9.83887569999996 ], [ -44.6062747, -9.83962589999993 ], [ -44.6037494, -9.840457399999931 ], [ -44.6012861, -9.84243769999995 ], [ -44.599651799999897, -9.84458 ], [ -44.5975609, -9.84916549999997 ], [ -44.5968023, -9.850182 ], [ -44.5953216, -9.851186699999969 ], [ -44.5939617, -9.85163579999994 ], [ -44.592542099999903, -9.85181369999998 ], [ -44.591544199999902, -9.851241699999949 ], [ -44.590791399999901, -9.85048989999996 ], [ -44.5901873, -9.84960739999997 ], [ -44.5896744, -9.84936469999997 ], [ -44.5884952, -9.84939479999997 ], [ -44.588061099999898, -9.85000149999996 ], [ -44.5878496999999, -9.851268599999971 ], [ -44.5883408, -9.85320139999993 ], [ -44.5882486, -9.854161199999959 ], [ -44.5877623, -9.85461289999995 ], [ -44.5875419, -9.854951399999949 ], [ -44.586708, -9.85553549999997 ], [ -44.586463, -9.85603309999993 ], [ -44.5846792, -9.857621199999929 ], [ -44.5828013, -9.860646499999969 ], [ -44.5820442, -9.86160579999995 ], [ -44.5810776, -9.86194789999996 ], [ -44.578417699999903, -9.86218519999994 ], [ -44.5759696, -9.862061399999959 ], [ -44.5752757, -9.862436 ], [ -44.5751539, -9.863185099999949 ], [ -44.575387099999901, -9.863386199999979 ], [ -44.576126, -9.863615 ], [ -44.576289, -9.863948 ], [ -44.576366999999898, -9.86421 ], [ -44.576362, -9.864439 ], [ -44.576354, -9.864739 ], [ -44.576495, -9.864963 ], [ -44.576791, -9.865094 ], [ -44.577143, -9.865068 ], [ -44.577404, -9.864996 ], [ -44.577678999999897, -9.865064 ], [ -44.577777, -9.865186 ], [ -44.577803, -9.865368 ], [ -44.577799, -9.865545 ], [ -44.577893, -9.865824 ], [ -44.578031, -9.86596 ], [ -44.578215, -9.866014 ], [ -44.578481, -9.86593 ], [ -44.578816, -9.865803 ], [ -44.579009, -9.865799 ], [ -44.57918, -9.865866 ], [ -44.579403, -9.866153 ], [ -44.579647, -9.866318 ], [ -44.579845, -9.86639 ], [ -44.579991, -9.866453 ], [ -44.580058999999899, -9.866576 ], [ -44.580068, -9.866779 ], [ -44.580102, -9.867028 ], [ -44.580369, -9.867259 ], [ -44.580636, -9.867483 ], [ -44.580932, -9.867758 ], [ -44.581223, -9.868197 ], [ -44.581472, -9.868434 ], [ -44.581696, -9.868438 ], [ -44.581919, -9.868358 ], [ -44.582129, -9.868426 ], [ -44.582275, -9.868582 ], [ -44.582313999999897, -9.86873 ], [ -44.582270999999899, -9.868886 ], [ -44.582348, -9.869009 ], [ -44.582528, -9.869017 ], [ -44.582743, -9.868966 ], [ -44.582871, -9.868992 ], [ -44.582996, -9.869173 ], [ -44.583008, -9.86946 ], [ -44.583123999999899, -9.869655 ], [ -44.58336, -9.869832 ], [ -44.583463, -9.869984 ], [ -44.583493, -9.870149 ], [ -44.583381, -9.870301 ], [ -44.583231, -9.870407 ], [ -44.583106, -9.870542 ], [ -44.583106, -9.870673 ], [ -44.583291, -9.870766 ], [ -44.583467, -9.870791 ], [ -44.58366, -9.870901 ], [ -44.58384, -9.871117 ], [ -44.58381, -9.871518 ], [ -44.583647, -9.871979 ], [ -44.583528, -9.872299 ], [ -44.583468, -9.872451 ], [ -44.58358, -9.872607 ], [ -44.583734, -9.872755 ], [ -44.584176, -9.872717 ], [ -44.584473, -9.87274 ], [ -44.585005, -9.87296 ], [ -44.585409, -9.873226 ], [ -44.585679, -9.873459 ], [ -44.585769, -9.87364 ], [ -44.585606, -9.873915 ], [ -44.585181, -9.874004 ], [ -44.584593, -9.874202 ], [ -44.584249999999898, -9.874414 ], [ -44.584113, -9.874553 ], [ -44.584096, -9.874659 ], [ -44.584151, -9.874849 ], [ -44.584332, -9.875001 ], [ -44.584615, -9.875022 ], [ -44.585113, -9.874976 ], [ -44.585439999999899, -9.875053 ], [ -44.585723, -9.875129 ], [ -44.585818, -9.87532 ], [ -44.58583, -9.875522 ], [ -44.585766, -9.875751 ], [ -44.585612, -9.875894 ], [ -44.58547, -9.876046 ], [ -44.585496, -9.876207 ], [ -44.585645999999898, -9.876393 ], [ -44.586011, -9.876575 ], [ -44.586469, -9.876802 ], [ -44.586635999999899, -9.876967 ], [ -44.586778, -9.877284 ], [ -44.586825, -9.87744 ], [ -44.587035, -9.87755 ], [ -44.587216, -9.877436 ], [ -44.587396, -9.877169 ], [ -44.587529, -9.877013 ], [ -44.587688, -9.876979 ], [ -44.588306, -9.877241 ], [ -44.588413, -9.877529 ], [ -44.588533, -9.878268 ], [ -44.588529, -9.878612 ], [ -44.588639999999899, -9.878865 ], [ -44.589014, -9.879136 ], [ -44.589237, -9.87941 ], [ -44.589395, -9.879692 ], [ -44.58954, -9.87978 ], [ -44.589785, -9.879818 ], [ -44.58997, -9.87989 ], [ -44.590068, -9.880059 ], [ -44.590116, -9.880224 ], [ -44.590068, -9.880465 ], [ -44.590008, -9.880609 ], [ -44.589819, -9.880685 ], [ -44.589588, -9.8806 ], [ -44.589317, -9.880478 ], [ -44.589163, -9.880469 ], [ -44.589013, -9.880587 ], [ -44.58903, -9.880845 ], [ -44.58924, -9.881272 ], [ -44.589531, -9.881923 ], [ -44.589857, -9.882455 ], [ -44.590097, -9.882903 ], [ -44.590359, -9.883047 ], [ -44.590646999999898, -9.883059 ], [ -44.59078, -9.882848 ], [ -44.590891, -9.882624 ], [ -44.591144, -9.882535 ], [ -44.591514, -9.882518 ], [ -44.59172, -9.882434 ], [ -44.591913, -9.882239 ], [ -44.592076, -9.882172 ], [ -44.59235, -9.882218 ], [ -44.592489999999898, -9.882347 ], [ -44.592473, -9.882621 ], [ -44.592434, -9.882773 ], [ -44.592334999999899, -9.882909 ], [ -44.592134, -9.883057 ], [ -44.592116, -9.883226 ], [ -44.592211, -9.883454 ], [ -44.592489999999898, -9.883555 ], [ -44.592842, -9.883627 ], [ -44.593151, -9.883695 ], [ -44.593224, -9.883809 ], [ -44.593198, -9.883978 ], [ -44.593039, -9.884176 ], [ -44.593026, -9.884307 ], [ -44.593036, -9.884471 ], [ -44.593139, -9.884581 ], [ -44.593607, -9.884631 ], [ -44.594255, -9.884707 ], [ -44.594727, -9.884488 ], [ -44.594976, -9.884276 ], [ -44.595139, -9.88423 ], [ -44.595358, -9.884188 ], [ -44.595431, -9.883981 ], [ -44.59543, -9.883728 ], [ -44.595477, -9.883517 ], [ -44.595593, -9.883441 ], [ -44.595734, -9.883441 ], [ -44.595854, -9.883614 ], [ -44.595945, -9.883939 ], [ -44.59612, -9.884062 ], [ -44.596291999999899, -9.884155 ], [ -44.596374, -9.884281 ], [ -44.596369, -9.884429 ], [ -44.596387, -9.884641 ], [ -44.596515, -9.884717 ], [ -44.596725999999897, -9.884679 ], [ -44.596936, -9.884417 ], [ -44.59715, -9.884235 ], [ -44.597352, -9.884176 ], [ -44.597528, -9.884286 ], [ -44.597528, -9.884489 ], [ -44.597352, -9.884797 ], [ -44.597219, -9.884979 ], [ -44.597126, -9.885491 ], [ -44.597057, -9.885677 ], [ -44.596988, -9.886201 ], [ -44.59701, -9.886366 ], [ -44.597198999999897, -9.886488 ], [ -44.597495, -9.886497 ], [ -44.597538, -9.886188 ], [ -44.597473, -9.885821 ], [ -44.597503, -9.885554 ], [ -44.597632, -9.885504 ], [ -44.597825, -9.885529 ], [ -44.598053, -9.885643 ], [ -44.598289, -9.88574 ], [ -44.598503, -9.885922 ], [ -44.598726999999897, -9.886184 ], [ -44.598924, -9.886256 ], [ -44.599108, -9.886311 ], [ -44.59931, -9.886501 ], [ -44.599445, -9.886798 ], [ -44.599531, -9.887013 ], [ -44.599445, -9.887208 ], [ -44.598965, -9.887351 ], [ -44.598759, -9.887415 ], [ -44.598382, -9.887265 ], [ -44.598188999999898, -9.887222 ], [ -44.597884, -9.887298 ], [ -44.597751, -9.887472 ], [ -44.597738, -9.887696 ], [ -44.597949, -9.887941 ], [ -44.598836999999897, -9.888477 ], [ -44.599089999999897, -9.888655 ], [ -44.599373, -9.888727 ], [ -44.599575, -9.888803 ], [ -44.599669999999897, -9.8889 ], [ -44.5997, -9.888972 ], [ -44.599661, -9.889187 ], [ -44.599356, -9.889352 ], [ -44.598944, -9.889322 ], [ -44.598619, -9.889526 ], [ -44.598408, -9.889803 ], [ -44.598295999999898, -9.889993 ], [ -44.598278999999899, -9.890221 ], [ -44.598356, -9.890665 ], [ -44.598633, -9.890858 ], [ -44.598946, -9.891027 ], [ -44.599224999999898, -9.891141 ], [ -44.599268, -9.891306 ], [ -44.599161, -9.891484 ], [ -44.598568999999898, -9.891919 ], [ -44.598011, -9.892134 ], [ -44.597775, -9.89232 ], [ -44.597749, -9.892502 ], [ -44.597925, -9.892781 ], [ -44.598195, -9.892903 ], [ -44.598633, -9.892848 ], [ -44.598822, -9.892595 ], [ -44.599018999999899, -9.892515 ], [ -44.599198999999899, -9.892599 ], [ -44.599284, -9.892776 ], [ -44.59943, -9.893064 ], [ -44.599589, -9.893152 ], [ -44.599808, -9.893224 ], [ -44.599911, -9.893347 ], [ -44.599961999999898, -9.893604 ], [ -44.599911, -9.89374 ], [ -44.599744, -9.893862 ], [ -44.599516, -9.893997 ], [ -44.599259, -9.893976 ], [ -44.599005, -9.893854 ], [ -44.598649, -9.893934 ], [ -44.598486, -9.893972 ], [ -44.598275999999899, -9.893959 ], [ -44.598156, -9.893997 ], [ -44.59804, -9.894145 ], [ -44.597983999999897, -9.894444 ], [ -44.598023, -9.894736 ], [ -44.598091, -9.894976 ], [ -44.598207, -9.895107 ], [ -44.598413, -9.894985 ], [ -44.598443, -9.894706 ], [ -44.598571999999898, -9.894634 ], [ -44.598847, -9.894537 ], [ -44.599126, -9.894368 ], [ -44.599297, -9.89433 ], [ -44.599494999999898, -9.894431 ], [ -44.599572, -9.894592 ], [ -44.599562999999897, -9.894888 ], [ -44.599435, -9.89504 ], [ -44.599096, -9.89531 ], [ -44.598979, -9.895499 ], [ -44.599052, -9.89574 ], [ -44.599073, -9.896002 ], [ -44.598992, -9.896302 ], [ -44.598786, -9.896437 ], [ -44.598639999999897, -9.896577 ], [ -44.598613999999898, -9.896809 ], [ -44.598781, -9.896881 ], [ -44.599052, -9.896944 ], [ -44.599262, -9.896932 ], [ -44.599424999999897, -9.896788 ], [ -44.599584, -9.896568 ], [ -44.599742999999897, -9.896382 ], [ -44.599944, -9.896382 ], [ -44.600004, -9.896547 ], [ -44.599871, -9.896792 ], [ -44.599626999999899, -9.897193 ], [ -44.599546, -9.897557 ], [ -44.599443, -9.89776 ], [ -44.599276, -9.897925 ], [ -44.599266999999898, -9.898123 ], [ -44.599446999999898, -9.898364 ], [ -44.599679, -9.898546 ], [ -44.599877, -9.89855 ], [ -44.600087, -9.898487 ], [ -44.600284, -9.898495 ], [ -44.600456, -9.898706 ], [ -44.600602, -9.898871 ], [ -44.600722, -9.899104 ], [ -44.600777999999899, -9.899433 ], [ -44.600649, -9.899754 ], [ -44.600357, -9.900033 ], [ -44.600224, -9.900082 ], [ -44.600001, -9.900065 ], [ -44.599756, -9.899908 ], [ -44.599658, -9.899676 ], [ -44.599562999999897, -9.899385 ], [ -44.599353, -9.899173 ], [ -44.599083, -9.899123 ], [ -44.598902, -9.899225 ], [ -44.598782, -9.899373 ], [ -44.59883, -9.899534 ], [ -44.599362, -9.900121 ], [ -44.599576, -9.900315 ], [ -44.599584999999898, -9.900476 ], [ -44.599511999999898, -9.900632 ], [ -44.599293, -9.900641 ], [ -44.59901, -9.900535 ], [ -44.598911, -9.900374 ], [ -44.598821, -9.900104 ], [ -44.598641, -9.899973 ], [ -44.598408999999897, -9.89991 ], [ -44.598207, -9.899998 ], [ -44.598078, -9.900269 ], [ -44.598053, -9.900514 ], [ -44.59807, -9.900742 ], [ -44.597983999999897, -9.900915 ], [ -44.597885, -9.901042 ], [ -44.597825, -9.901202 ], [ -44.59792, -9.90138 ], [ -44.598177, -9.901583 ], [ -44.598493, -9.901654 ], [ -44.598784, -9.901628 ], [ -44.59887, -9.901679 ], [ -44.598905, -9.901827 ], [ -44.59884, -9.902169 ], [ -44.598633999999898, -9.902401 ], [ -44.598445, -9.902613 ], [ -44.598394, -9.902782 ], [ -44.598536, -9.902934 ], [ -44.598796999999898, -9.902997 ], [ -44.598905, -9.903073 ], [ -44.599102, -9.903424 ], [ -44.599215, -9.903734 ], [ -44.599343, -9.903925 ], [ -44.599373, -9.904085 ], [ -44.599193, -9.904208 ], [ -44.598807, -9.904191 ], [ -44.598498, -9.904237 ], [ -44.598163, -9.904182 ], [ -44.597896999999897, -9.904098 ], [ -44.597678, -9.904161 ], [ -44.597554, -9.904339 ], [ -44.597631, -9.904533 ], [ -44.598082, -9.904854 ], [ -44.598288, -9.904972 ], [ -44.598335, -9.905243 ], [ -44.598223, -9.905408 ], [ -44.597893, -9.905509 ], [ -44.597589, -9.905641 ], [ -44.597461, -9.905721 ], [ -44.597461, -9.905822 ], [ -44.597744, -9.905996 ], [ -44.598078, -9.906101 ], [ -44.598263, -9.906059 ], [ -44.598465, -9.905894 ], [ -44.598661999999898, -9.905839 ], [ -44.598885, -9.905903 ], [ -44.599083, -9.906021 ], [ -44.599259, -9.906101 ], [ -44.599446999999898, -9.90611 ], [ -44.599598, -9.905839 ], [ -44.599907, -9.905497 ], [ -44.600096, -9.905324 ], [ -44.600322999999896, -9.905252 ], [ -44.600495, -9.905345 ], [ -44.600529, -9.905531 ], [ -44.600314, -9.906046 ], [ -44.600143, -9.906317 ], [ -44.599958, -9.906439 ], [ -44.599576, -9.906439 ], [ -44.599164, -9.906579 ], [ -44.59898, -9.906706 ], [ -44.598905, -9.906975 ], [ -44.599093, -9.907241 ], [ -44.599093, -9.907406 ], [ -44.599131999999898, -9.907566 ], [ -44.599311999999898, -9.907629 ], [ -44.599566, -9.90746 ], [ -44.599629999999898, -9.907182 ], [ -44.599763, -9.906932 ], [ -44.599969, -9.906865 ], [ -44.600304, -9.907004 ], [ -44.600484, -9.907215 ], [ -44.600501, -9.907511 ], [ -44.600379, -9.907637 ], [ -44.60022, -9.907768 ], [ -44.600143, -9.907962 ], [ -44.600156, -9.908346 ], [ -44.600203, -9.908507 ], [ -44.600409, -9.908663 ], [ -44.600645, -9.908684 ], [ -44.600928, -9.908722 ], [ -44.601177, -9.908821 ], [ -44.601314, -9.908951 ], [ -44.60137, -9.909078 ], [ -44.60137, -9.909218 ], [ -44.601143, -9.909885 ], [ -44.600988, -9.910016 ], [ -44.60058, -9.910071 ], [ -44.600362, -9.910008 ], [ -44.600057, -9.910042 ], [ -44.599713999999899, -9.909911 ], [ -44.599508, -9.909623 ], [ -44.599435, -9.909256 ], [ -44.599392, -9.909137 ], [ -44.59928, -9.909078 ], [ -44.599108, -9.909082 ], [ -44.598945, -9.909192 ], [ -44.598751999999898, -9.909239 ], [ -44.598555, -9.909125 ], [ -44.598426, -9.909015 ], [ -44.598275999999899, -9.909044 ], [ -44.598073999999897, -9.90918 ], [ -44.597898, -9.909332 ], [ -44.597831, -9.909509 ], [ -44.597869, -9.909686 ], [ -44.598015, -9.909889 ], [ -44.598088, -9.91002 ], [ -44.598187, -9.910125 ], [ -44.598213, -9.910231 ], [ -44.59817, -9.910375 ], [ -44.597985, -9.91043 ], [ -44.597474, -9.910396 ], [ -44.597256, -9.910362 ], [ -44.597037, -9.910438 ], [ -44.596814, -9.91051 ], [ -44.596632999999898, -9.910518 ], [ -44.596423, -9.910421 ], [ -44.596226, -9.910459 ], [ -44.595891, -9.910894 ], [ -44.595754999999897, -9.911338 ], [ -44.595849, -9.911545 ], [ -44.595896, -9.911731 ], [ -44.595888, -9.911972 ], [ -44.595834, -9.91209 ], [ -44.595637, -9.912124 ], [ -44.595478, -9.912094 ], [ -44.595442999999896, -9.911824 ], [ -44.59534, -9.911583 ], [ -44.595152, -9.911524 ], [ -44.594988999999899, -9.91157 ], [ -44.59492, -9.911723 ], [ -44.594907, -9.911968 ], [ -44.594850999999899, -9.912162 ], [ -44.594748, -9.912263 ], [ -44.594555, -9.912213 ], [ -44.594405, -9.912137 ], [ -44.594229, -9.912154 ], [ -44.594006, -9.912462 ], [ -44.593693, -9.912973 ], [ -44.593338, -9.913255 ], [ -44.593051, -9.913396 ], [ -44.592862, -9.913299 ], [ -44.592699, -9.913248 ], [ -44.592506, -9.913362 ], [ -44.592317, -9.913573 ], [ -44.592369, -9.913873 ], [ -44.592678, -9.914418 ], [ -44.592875, -9.91457 ], [ -44.592922, -9.914731 ], [ -44.592733, -9.915115 ], [ -44.592258, -9.915542 ], [ -44.591717, -9.915893 ], [ -44.590795, -9.916332 ], [ -44.590069, -9.917067 ], [ -44.589392, -9.917789 ], [ -44.588813, -9.918279 ], [ -44.588636999999899, -9.918583 ], [ -44.588144, -9.918989 ], [ -44.587723, -9.919234 ], [ -44.587028, -9.919504 ], [ -44.586663, -9.9198 ], [ -44.586599, -9.919969 ], [ -44.586689, -9.920244 ], [ -44.586813, -9.920387 ], [ -44.587011, -9.92037 ], [ -44.587418, -9.920045 ], [ -44.587805, -9.919783 ], [ -44.587993, -9.919631 ], [ -44.588182, -9.91961 ], [ -44.58856, -9.91988 ], [ -44.588989, -9.920472 ], [ -44.589092, -9.920645 ], [ -44.589101, -9.920945 ], [ -44.588932999999898, -9.921067 ], [ -44.588195, -9.920941 ], [ -44.587955, -9.920945 ], [ -44.587792, -9.921088 ], [ -44.587761999999898, -9.921433 ], [ -44.587766, -9.921686 ], [ -44.587839, -9.92183 ], [ -44.588074999999897, -9.92186 ], [ -44.588264, -9.921872 ], [ -44.58838, -9.922007 ], [ -44.588332, -9.922362 ], [ -44.588211999999899, -9.922552 ], [ -44.588071, -9.922671 ], [ -44.587933, -9.922789 ], [ -44.58795, -9.92295 ], [ -44.588217, -9.923119 ], [ -44.588517, -9.923294 ], [ -44.588826, -9.923429 ], [ -44.588976, -9.923691 ], [ -44.589041, -9.923983 ], [ -44.589032, -9.924206 ], [ -44.588886, -9.924447 ], [ -44.588706, -9.92449 ], [ -44.588526, -9.924274 ], [ -44.588546999999899, -9.924101 ], [ -44.588474, -9.923809 ], [ -44.588366999999899, -9.923628 ], [ -44.588147999999897, -9.92359 ], [ -44.587817, -9.923695 ], [ -44.587663, -9.923864 ], [ -44.587646, -9.924105 ], [ -44.587809, -9.924422 ], [ -44.587809, -9.924654 ], [ -44.587654, -9.924739 ], [ -44.587311, -9.924633 ], [ -44.586852, -9.924452 ], [ -44.586697, -9.924477 ], [ -44.586539, -9.924574 ], [ -44.586388, -9.92465 ], [ -44.585852, -9.924751 ], [ -44.585574999999899, -9.92477 ], [ -44.585391, -9.924922 ], [ -44.585262, -9.925311 ], [ -44.585372999999898, -9.925552 ], [ -44.585433, -9.925831 ], [ -44.585309, -9.926143 ], [ -44.585071, -9.92625 ], [ -44.584612, -9.926334 ], [ -44.58435, -9.926461 ], [ -44.584207999999897, -9.926609 ], [ -44.584187, -9.926808 ], [ -44.584426999999899, -9.92696 ], [ -44.585194999999899, -9.927209 ], [ -44.585543, -9.927272 ], [ -44.585715, -9.927378 ], [ -44.585709999999899, -9.92761 ], [ -44.585607, -9.927851 ], [ -44.585375999999897, -9.928147 ], [ -44.585187, -9.928551 ], [ -44.585130999999897, -9.928839 ], [ -44.585264, -9.929063 ], [ -44.585552, -9.929194 ], [ -44.58577, -9.92905 ], [ -44.585912, -9.92883 ], [ -44.586005999999898, -9.928763 ], [ -44.586157, -9.928813 ], [ -44.586238, -9.929156 ], [ -44.58647, -9.929637 ], [ -44.586646, -9.930144 ], [ -44.586838, -9.930372 ], [ -44.587125, -9.930464 ], [ -44.58749, -9.930498 ], [ -44.587718, -9.930549 ], [ -44.587898, -9.930705 ], [ -44.587937, -9.931077 ], [ -44.587834, -9.93136 ], [ -44.587409, -9.931664 ], [ -44.587014, -9.931821 ], [ -44.586985, -9.931979 ], [ -44.587049, -9.932114 ], [ -44.587229, -9.93219 ], [ -44.587401, -9.93211 ], [ -44.5875, -9.932156 ], [ -44.587526, -9.932384 ], [ -44.587443999999898, -9.932786 ], [ -44.5875, -9.932972 ], [ -44.587723, -9.933014 ], [ -44.588229, -9.932815 ], [ -44.588431, -9.932596 ], [ -44.58856, -9.932304 ], [ -44.588796, -9.932118 ], [ -44.589165, -9.932068 ], [ -44.58962, -9.93218 ], [ -44.589852, -9.932404 ], [ -44.589895, -9.932742 ], [ -44.589598, -9.932937 ], [ -44.589242, -9.933004 ], [ -44.589036, -9.933139 ], [ -44.588946, -9.933431 ], [ -44.588895, -9.933837 ], [ -44.588899, -9.934319 ], [ -44.588719, -9.934568 ], [ -44.588453, -9.934623 ], [ -44.588349999999899, -9.934555 ], [ -44.588204, -9.934327 ], [ -44.587757, -9.934365 ], [ -44.587263999999898, -9.934488 ], [ -44.587144, -9.934597 ], [ -44.587173999999898, -9.934885 ], [ -44.587367, -9.935138 ], [ -44.587903, -9.935375 ], [ -44.588371, -9.935417 ], [ -44.588636999999899, -9.93548 ], [ -44.58889, -9.935417 ], [ -44.589101, -9.935345 ], [ -44.589388, -9.935421 ], [ -44.589495, -9.935675 ], [ -44.58953, -9.935898 ], [ -44.589537999999898, -9.936076 ], [ -44.589693, -9.936101 ], [ -44.589937, -9.935945 ], [ -44.590125999999898, -9.935962 ], [ -44.590075, -9.936338 ], [ -44.589959, -9.93678 ], [ -44.589873, -9.937118 ], [ -44.589882, -9.937482 ], [ -44.589873, -9.937731 ], [ -44.589833999999897, -9.937921 ], [ -44.589624, -9.938018 ], [ -44.589442, -9.938114 ], [ -44.589343, -9.938334 ], [ -44.589475999999898, -9.938554 ], [ -44.590047, -9.938685 ], [ -44.59033, -9.938786 ], [ -44.590493, -9.938879 ], [ -44.590639, -9.93879 ], [ -44.590621999999897, -9.938596 ], [ -44.590635, -9.938372 ], [ -44.590665, -9.938262 ], [ -44.590775999999899, -9.938178 ], [ -44.591073, -9.938267 ], [ -44.591369, -9.93844 ], [ -44.591622, -9.938592 ], [ -44.591751, -9.938748 ], [ -44.591746, -9.938875 ], [ -44.591643, -9.938972 ], [ -44.591382, -9.939108 ], [ -44.591296, -9.939222 ], [ -44.591352, -9.939543 ], [ -44.591751, -9.939851 ], [ -44.59248, -9.940168 ], [ -44.592811, -9.940143 ], [ -44.592911, -9.940229 ], [ -44.593096, -9.940597 ], [ -44.593280999999898, -9.940973 ], [ -44.593577, -9.941222 ], [ -44.593716, -9.941449 ], [ -44.593785, -9.941838 ], [ -44.593785, -9.94248 ], [ -44.59375, -9.942776 ], [ -44.593828, -9.942974 ], [ -44.593998999999897, -9.943029 ], [ -44.594283, -9.942911 ], [ -44.594433, -9.94289 ], [ -44.594593, -9.943135 ], [ -44.594618, -9.943566 ], [ -44.59458, -9.944508 ], [ -44.594605999999899, -9.94504 ], [ -44.59446, -9.945395 ], [ -44.594248999999898, -9.945467 ], [ -44.593975999999898, -9.945474 ], [ -44.593718, -9.945588 ], [ -44.593683999999897, -9.945745 ], [ -44.593907, -9.946002 ], [ -44.594091999999897, -9.94629 ], [ -44.5941, -9.94656 ], [ -44.593929, -9.946978 ], [ -44.59407, -9.947342 ], [ -44.594358, -9.947785 ], [ -44.594778, -9.948193 ], [ -44.595855, -9.9487 ], [ -44.596255, -9.948751 ], [ -44.596413, -9.948878 ], [ -44.596735, -9.94952 ], [ -44.597307999999899, -9.95011 ], [ -44.598166, -9.950718 ], [ -44.598536, -9.950781 ], [ -44.599209, -9.950659 ], [ -44.599707, -9.950427 ], [ -44.600025, -9.949983 ], [ -44.600402, -9.949797 ], [ -44.600775999999897, -9.949696 ], [ -44.600973, -9.949683 ], [ -44.601059, -9.949823 ], [ -44.601092999999899, -9.950329 ], [ -44.600746, -9.950866 ], [ -44.600514, -9.951027 ], [ -44.600111, -9.951081 ], [ -44.599887, -9.951174 ], [ -44.599823, -9.951432 ], [ -44.599843, -9.951655 ], [ -44.599822, -9.951841 ], [ -44.599569, -9.952095 ], [ -44.599255, -9.952268 ], [ -44.599148, -9.952526 ], [ -44.599251, -9.952868 ], [ -44.599466, -9.953087 ], [ -44.599629, -9.953628 ], [ -44.599697, -9.954042 ], [ -44.599922, -9.95435 ], [ -44.600141, -9.954426 ], [ -44.600402, -9.954354 ], [ -44.600664, -9.954333 ], [ -44.601063, -9.954502 ], [ -44.601188, -9.954798 ], [ -44.60114, -9.955085 ], [ -44.600754, -9.955165 ], [ -44.600432, -9.95522 ], [ -44.600308, -9.955364 ], [ -44.600269, -9.955714 ], [ -44.600578, -9.955913 ], [ -44.600955999999897, -9.956183 ], [ -44.601209, -9.956335 ], [ -44.601432, -9.956314 ], [ -44.601467, -9.956111 ], [ -44.601501, -9.955951 ], [ -44.601664, -9.95579 ], [ -44.602136, -9.955951 ], [ -44.602626, -9.95632 ], [ -44.602974, -9.95646 ], [ -44.603622, -9.956527 ], [ -44.604, -9.956498 ], [ -44.604244, -9.956434 ], [ -44.604446, -9.956472 ], [ -44.604588, -9.956671 ], [ -44.604588, -9.95695 ], [ -44.604395, -9.957266 ], [ -44.603926999999899, -9.957452 ], [ -44.603814999999898, -9.957566 ], [ -44.603875, -9.957692 ], [ -44.60412, -9.957895 ], [ -44.605811, -9.958507 ], [ -44.606262, -9.958677 ], [ -44.606503, -9.958681 ], [ -44.606872, -9.958529 ], [ -44.607124999999897, -9.958546 ], [ -44.607343, -9.9588 ], [ -44.607317, -9.958948 ], [ -44.607163, -9.959219 ], [ -44.607115, -9.959455 ], [ -44.607317, -9.959726 ], [ -44.607896, -9.959835 ], [ -44.608854999999899, -9.960054 ], [ -44.609417, -9.960122 ], [ -44.609541, -9.96024 ], [ -44.60946, -9.960539 ], [ -44.609361, -9.960658 ], [ -44.609245, -9.960767 ], [ -44.609232, -9.960928 ], [ -44.609112, -9.961148 ], [ -44.609262, -9.961355 ], [ -44.60946, -9.96141 ], [ -44.609545, -9.961608 ], [ -44.609335, -9.961701 ], [ -44.609185, -9.96179 ], [ -44.609218999999896, -9.962107 ], [ -44.609498, -9.962326 ], [ -44.609726, -9.962533 ], [ -44.610035, -9.962639 ], [ -44.610198, -9.962592 ], [ -44.610318, -9.962339 ], [ -44.610138, -9.962111 ], [ -44.61003, -9.961963 ], [ -44.61006, -9.961769 ], [ -44.610361, -9.961752 ], [ -44.610631, -9.961984 ], [ -44.611073, -9.96274 ], [ -44.611739999999898, -9.963105 ], [ -44.612443, -9.96365 ], [ -44.612787, -9.963945 ], [ -44.612791, -9.96419 ], [ -44.612645, -9.964296 ], [ -44.611993, -9.96463 ], [ -44.611538, -9.964706 ], [ -44.611375, -9.964807 ], [ -44.611359999999898, -9.964968 ], [ -44.611506, -9.965124 ], [ -44.611823, -9.965145 ], [ -44.612064, -9.965183 ], [ -44.612154, -9.965373 ], [ -44.612076, -9.965745 ], [ -44.611874999999898, -9.96607 ], [ -44.611699, -9.966434 ], [ -44.611793, -9.966691 ], [ -44.612046, -9.9667 ], [ -44.612260999999897, -9.966577 ], [ -44.612501, -9.966564 ], [ -44.612574, -9.966704 ], [ -44.61254, -9.966897 ], [ -44.6126, -9.967142 ], [ -44.613076, -9.967298 ], [ -44.613261, -9.967353 ], [ -44.613261, -9.967531 ], [ -44.613063, -9.967793 ], [ -44.612497, -9.967915 ], [ -44.612201, -9.968071 ], [ -44.612072, -9.968409 ], [ -44.612097999999897, -9.96884 ], [ -44.612251, -9.969423 ], [ -44.61247, -9.969769 ], [ -44.612586, -9.969972 ], [ -44.612646, -9.970247 ], [ -44.612556, -9.970348 ], [ -44.612276999999899, -9.970352 ], [ -44.611882, -9.970259 ], [ -44.611659, -9.970331 ], [ -44.611469999999898, -9.970496 ], [ -44.611547, -9.970859 ], [ -44.612114, -9.971239 ], [ -44.61222, -9.971547 ], [ -44.61222, -9.971902 ], [ -44.612061, -9.972092 ], [ -44.611539999999898, -9.972274 ], [ -44.611111, -9.972341 ], [ -44.610716, -9.972417 ], [ -44.610458, -9.972654 ], [ -44.610291, -9.973042 ], [ -44.610154, -9.973444 ], [ -44.610145, -9.973862 ], [ -44.610304, -9.974098 ], [ -44.61054, -9.974052 ], [ -44.611008, -9.97371 ], [ -44.611424, -9.973549 ], [ -44.611806, -9.973515 ], [ -44.611952, -9.97368 ], [ -44.611935, -9.973989 ], [ -44.611776, -9.974158 ], [ -44.611381, -9.974293 ], [ -44.611004, -9.974876 ], [ -44.610523999999899, -9.975297 ], [ -44.610168, -9.97566 ], [ -44.609665999999898, -9.975825 ], [ -44.609536999999897, -9.975989 ], [ -44.609434, -9.976319 ], [ -44.609704, -9.976657 ], [ -44.610159, -9.976332 ], [ -44.61049, -9.975918 ], [ -44.610717, -9.975875 ], [ -44.610966, -9.975668 ], [ -44.611279, -9.975753 ], [ -44.611249, -9.97596 ], [ -44.611069, -9.976243 ], [ -44.611056, -9.976653 ], [ -44.611275, -9.976961 ], [ -44.611496, -9.977259 ], [ -44.611539, -9.977512 ], [ -44.611581999999899, -9.977838 ], [ -44.611723, -9.978133 ], [ -44.611646, -9.978425 ], [ -44.611545, -9.978673 ], [ -44.611631, -9.979028 ], [ -44.611799, -9.979176 ], [ -44.611863, -9.97945 ], [ -44.611893, -9.979742 ], [ -44.612043, -9.98005 ], [ -44.612335, -9.980194 ], [ -44.61294, -9.980303 ], [ -44.613412, -9.980257 ], [ -44.613652, -9.980244 ], [ -44.613695, -9.980451 ], [ -44.613596, -9.980713 ], [ -44.613299, -9.980933 ], [ -44.613222, -9.981144 ], [ -44.61339, -9.981495 ], [ -44.613647, -9.981676 ], [ -44.614184, -9.981617 ], [ -44.614763, -9.98152 ], [ -44.615583, -9.981748 ], [ -44.6168, -9.981412 ], [ -44.61732, -9.981218 ], [ -44.61765, -9.981066 ], [ -44.618040999999899, -9.981083 ], [ -44.618457, -9.981243 ], [ -44.618804, -9.981607 ], [ -44.618984, -9.981822 ], [ -44.619284, -9.981813 ], [ -44.619851, -9.981602 ], [ -44.620125, -9.981568 ], [ -44.620177, -9.981408 ], [ -44.620035, -9.98115 ], [ -44.619765, -9.980897 ], [ -44.619318, -9.98001 ], [ -44.619369999999897, -9.979828 ], [ -44.619676, -9.979583 ], [ -44.619963, -9.979481 ], [ -44.620534, -9.979443 ], [ -44.620753, -9.979667 ], [ -44.621294, -9.980191 ], [ -44.621963, -9.980647 ], [ -44.622340999999899, -9.980871 ], [ -44.622584, -9.981016 ], [ -44.622829, -9.981092 ], [ -44.623202, -9.98091 ], [ -44.623275, -9.98045 ], [ -44.623399999999897, -9.980059 ], [ -44.623644, -9.97989 ], [ -44.623983, -9.979695 ], [ -44.624211, -9.979434 ], [ -44.624211, -9.979167 ], [ -44.62446, -9.97902 ], [ -44.624733999999897, -9.978935 ], [ -44.625009, -9.979028 ], [ -44.625386999999897, -9.979387 ], [ -44.625717, -9.979603 ], [ -44.626198, -9.979755 ], [ -44.626697, -9.979837 ], [ -44.627151, -9.979782 ], [ -44.627516, -9.979782 ], [ -44.62792, -9.979833 ], [ -44.62825, -9.980078 ], [ -44.628726, -9.980496 ], [ -44.629014, -9.980931 ], [ -44.629228, -9.981111 ], [ -44.629442, -9.981191 ], [ -44.629695, -9.981035 ], [ -44.629927, -9.980845 ], [ -44.630451, -9.98068 ], [ -44.630986999999898, -9.980507 ], [ -44.631331, -9.980695 ], [ -44.631567, -9.980817 ], [ -44.631773, -9.980627 ], [ -44.631722, -9.980091 ], [ -44.631434, -9.979512 ], [ -44.631464, -9.979326 ], [ -44.631765, -9.979095 ], [ -44.632173, -9.978825 ], [ -44.632365999999898, -9.978745 ], [ -44.632576, -9.9788 ], [ -44.632632, -9.978965 ], [ -44.632512, -9.979463 ], [ -44.632241, -9.979907 ], [ -44.632112999999897, -9.980304 ], [ -44.632297, -9.980617 ], [ -44.632799, -9.9809 ], [ -44.632988, -9.980874 ], [ -44.633147, -9.980583 ], [ -44.63322, -9.980232 ], [ -44.633387, -9.979801 ], [ -44.633567, -9.979692 ], [ -44.633902, -9.979755 ], [ -44.633941, -9.980232 ], [ -44.633935999999899, -9.980693 ], [ -44.634039, -9.981035 ], [ -44.634305, -9.981141 ], [ -44.634456, -9.981107 ], [ -44.634739, -9.980811 ], [ -44.634953, -9.980811 ], [ -44.635044, -9.980909 ], [ -44.635022, -9.981242 ], [ -44.635052, -9.981542 ], [ -44.635237, -9.981698 ], [ -44.635426, -9.981766 ], [ -44.635481, -9.981918 ], [ -44.635228, -9.982298 ], [ -44.635058, -9.982724 ], [ -44.634971999999898, -9.983087 ], [ -44.635028, -9.983357 ], [ -44.635173, -9.983455 ], [ -44.635401, -9.983311 ], [ -44.635551, -9.98329 ], [ -44.635761, -9.983362 ], [ -44.635821, -9.983569 ], [ -44.635688, -9.983911 ], [ -44.635435, -9.983987 ], [ -44.635092, -9.98405 ], [ -44.634873, -9.984215 ], [ -44.634928, -9.984685 ], [ -44.635138, -9.985099 ], [ -44.635464, -9.985242 ], [ -44.635846, -9.985175 ], [ -44.636159, -9.985213 ], [ -44.636527999999899, -9.985487 ], [ -44.636825, -9.985711 ], [ -44.637099, -9.985824 ], [ -44.637327, -9.986031 ], [ -44.637061, -9.986403 ], [ -44.63673, -9.986783 ], [ -44.636494, -9.987019 ], [ -44.636185, -9.986994 ], [ -44.635911, -9.986872 ], [ -44.635567, -9.986643 ], [ -44.635309999999897, -9.986639 ], [ -44.635121, -9.986846 ], [ -44.635108, -9.987374 ], [ -44.635202999999898, -9.987713 ], [ -44.635474, -9.988013 ], [ -44.635461, -9.988271 ], [ -44.635212, -9.988757 ], [ -44.634581, -9.98942 ], [ -44.633912, -9.989977 ], [ -44.633575999999898, -9.990429 ], [ -44.633485999999898, -9.991176 ], [ -44.633413, -9.991802 ], [ -44.632838999999898, -9.992622 ], [ -44.632238, -9.993412 ], [ -44.631716, -9.99442 ], [ -44.631613, -9.995595 ], [ -44.631481, -9.996303 ], [ -44.631166999999898, -9.996789 ], [ -44.630879999999898, -9.996869 ], [ -44.630493999999899, -9.996933 ], [ -44.630197, -9.997144 ], [ -44.630073, -9.997516 ], [ -44.630322, -9.997862 ], [ -44.630378, -9.998153 ], [ -44.630146, -9.998533 ], [ -44.629601, -9.999052 ], [ -44.629288, -9.999441 ], [ -44.629077, -9.999585 ], [ -44.628802999999898, -9.999492 ], [ -44.628519, -9.999166 ], [ -44.628445999999897, -9.998934 ], [ -44.628348, -9.998833 ], [ -44.628168, -9.998896 ], [ -44.627794, -9.999428 ], [ -44.627332, -10.000205 ], [ -44.627216, -10.000497 ], [ -44.627194, -10.000911 ], [ -44.626936999999899, -10.001405 ], [ -44.626486, -10.001785 ], [ -44.625877, -10.002198 ], [ -44.62571, -10.002646 ], [ -44.625581, -10.002866 ], [ -44.625302, -10.002916 ], [ -44.62474, -10.002895 ], [ -44.624460999999897, -10.002932999999899 ], [ -44.624019, -10.003056 ], [ -44.623607, -10.003098 ], [ -44.623019, -10.00344 ], [ -44.622403, -10.003706 ], [ -44.621905, -10.003964 ], [ -44.62163, -10.00412 ], [ -44.621416, -10.004365 ], [ -44.621343, -10.004606 ], [ -44.621377, -10.004745 ], [ -44.62157, -10.004821 ], [ -44.621862, -10.004771 ], [ -44.622072, -10.004792 ], [ -44.622124, -10.004914 ], [ -44.621969, -10.00507 ], [ -44.62154, -10.005294 ], [ -44.62139, -10.0054 ], [ -44.621184, -10.005379 ], [ -44.620990999999897, -10.00537 ], [ -44.620845, -10.00551 ], [ -44.620849, -10.005789 ], [ -44.620955, -10.005952 ], [ -44.620942, -10.0061 ], [ -44.620838999999897, -10.006227 ], [ -44.620534, -10.006303 ], [ -44.620272, -10.006307 ], [ -44.620015, -10.006176 ], [ -44.619834, -10.006053 ], [ -44.619624, -10.006117 ], [ -44.619444, -10.006362 ], [ -44.619349, -10.006603 ], [ -44.619405, -10.006936 ], [ -44.619607, -10.007252999999899 ], [ -44.619715, -10.007511 ], [ -44.619728, -10.007672 ], [ -44.619677, -10.007963 ], [ -44.619779999999899, -10.008204 ], [ -44.619921, -10.008301 ], [ -44.62008, -10.008276 ], [ -44.620247, -10.008035 ], [ -44.620346, -10.007945999999899 ], [ -44.620517999999898, -10.007942 ], [ -44.620617, -10.008052 ], [ -44.620642, -10.008220999999899 ], [ -44.620818, -10.008334999999899 ], [ -44.620943, -10.008529 ], [ -44.621127, -10.008572 ], [ -44.621247, -10.008567 ], [ -44.621428, -10.008905 ], [ -44.621675, -10.009326999999899 ], [ -44.621684, -10.009758 ], [ -44.621572, -10.010264 ], [ -44.62162, -10.010636 ], [ -44.62177, -10.010898 ], [ -44.622048999999897, -10.011008 ], [ -44.622195, -10.011156 ], [ -44.622158, -10.011253 ], [ -44.622042, -10.011324 ], [ -44.621738, -10.011274 ], [ -44.621321, -10.011295 ], [ -44.621094, -10.011278 ], [ -44.620875, -10.011383 ], [ -44.620691, -10.011565 ], [ -44.620592, -10.011933 ], [ -44.620522999999899, -10.012085 ], [ -44.620287, -10.012076 ], [ -44.619811, -10.011733999999899 ], [ -44.619287, -10.011578 ], [ -44.619073, -10.011641 ], [ -44.618831, -10.011791 ], [ -44.618603999999898, -10.011858 ], [ -44.618273, -10.011858 ], [ -44.61805, -10.011980999999899 ], [ -44.617849, -10.012255 ], [ -44.617857, -10.012656 ], [ -44.618007, -10.012994 ], [ -44.617998, -10.01323 ], [ -44.617916, -10.013387 ], [ -44.617762, -10.013518 ], [ -44.617663, -10.013632 ], [ -44.617611, -10.013792 ], [ -44.617744, -10.013986 ], [ -44.618130999999899, -10.014244 ], [ -44.618264, -10.014362 ], [ -44.618277, -10.014582 ], [ -44.618088, -10.014861 ], [ -44.61774, -10.015248999999899 ], [ -44.617547, -10.015254 ], [ -44.617358, -10.015135 ], [ -44.617126, -10.015108 ], [ -44.616981, -10.015193 ], [ -44.616714, -10.015615 ], [ -44.616599, -10.016058 ], [ -44.616782999999899, -10.016426 ], [ -44.617032, -10.016616 ], [ -44.61753, -10.016789 ], [ -44.617757, -10.017004 ], [ -44.61789, -10.017228 ], [ -44.617838999999897, -10.017532 ], [ -44.617637, -10.018034 ], [ -44.617577, -10.018457 ], [ -44.617508, -10.018638 ], [ -44.617311, -10.018727 ], [ -44.617190999999899, -10.018858 ], [ -44.617221, -10.019158 ], [ -44.617458, -10.01945 ], [ -44.617698, -10.019733 ], [ -44.618046, -10.019936 ], [ -44.618252, -10.02016 ], [ -44.618448999999899, -10.020456 ], [ -44.618681, -10.020595 ], [ -44.618771, -10.020688 ], [ -44.618728, -10.020836 ], [ -44.618612, -10.020992 ], [ -44.618576, -10.021246 ], [ -44.618609999999897, -10.021436 ], [ -44.618984, -10.021913 ], [ -44.619275, -10.022217 ], [ -44.619439, -10.022318 ], [ -44.61949, -10.022452999999899 ], [ -44.619481, -10.022644 ], [ -44.619563, -10.022834 ], [ -44.619692, -10.023019 ], [ -44.619906, -10.023062 ], [ -44.620151, -10.023011 ], [ -44.620301, -10.023057 ], [ -44.620324, -10.02319 ], [ -44.620275999999897, -10.023349999999899 ], [ -44.620474, -10.023755999999899 ], [ -44.620731, -10.024161 ], [ -44.620869, -10.024292 ], [ -44.621143, -10.024317 ], [ -44.621310999999899, -10.024301 ], [ -44.621637, -10.024127 ], [ -44.621791, -10.024148 ], [ -44.622587, -10.024495 ], [ -44.622918, -10.024698 ], [ -44.623094, -10.02485 ], [ -44.623244, -10.025217999999899 ], [ -44.623296, -10.025492 ], [ -44.623145, -10.02586 ], [ -44.622951999999898, -10.026226999999899 ], [ -44.622909, -10.026561 ], [ -44.6228, -10.026708 ], [ -44.622607, -10.026834 ], [ -44.622534, -10.026902 ], [ -44.622598, -10.027066999999899 ], [ -44.623075, -10.027382999999899 ], [ -44.623511999999899, -10.02751 ], [ -44.623674999999899, -10.027654 ], [ -44.623813, -10.027797 ], [ -44.624032, -10.027847999999899 ], [ -44.624232999999897, -10.027797 ], [ -44.624370999999897, -10.027709 ], [ -44.624370999999897, -10.027628 ], [ -44.624096, -10.027443 ], [ -44.624083, -10.027337 ], [ -44.624279999999899, -10.027168 ], [ -44.624426, -10.027109 ], [ -44.624794999999899, -10.027104999999899 ], [ -44.625062, -10.027143 ], [ -44.625338, -10.027319 ], [ -44.625402999999899, -10.027459 ], [ -44.625380999999898, -10.027683 ], [ -44.625283, -10.027818 ], [ -44.625051, -10.027932 ], [ -44.624939, -10.028011999999899 ], [ -44.624948, -10.028181 ], [ -44.625235, -10.028661999999899 ], [ -44.62542, -10.028684 ], [ -44.625643, -10.028426 ], [ -44.625836, -10.027949 ], [ -44.62587, -10.027387 ], [ -44.625952, -10.027268999999899 ], [ -44.626094, -10.027243 ], [ -44.626431, -10.027313 ], [ -44.62674, -10.027325 ], [ -44.626941, -10.02722 ], [ -44.627451, -10.027153 ], [ -44.62803, -10.027305 ], [ -44.628481, -10.027584 ], [ -44.628545, -10.027833 ], [ -44.628618, -10.02815 ], [ -44.628870999999897, -10.02834 ], [ -44.629119, -10.028502 ], [ -44.629371999999897, -10.028578 ], [ -44.629531, -10.0287 ], [ -44.629680999999898, -10.028915 ], [ -44.6299, -10.029097 ], [ -44.630029, -10.029290999999899 ], [ -44.630111, -10.029456 ], [ -44.630268999999899, -10.029498 ], [ -44.63051, -10.029333999999899 ], [ -44.630789, -10.029274 ], [ -44.631179, -10.02916 ], [ -44.631381, -10.029041999999899 ], [ -44.631706999999899, -10.028506 ], [ -44.63195, -10.028364 ], [ -44.632169, -10.028288 ], [ -44.632332, -10.028204 ], [ -44.632444, -10.028212 ], [ -44.632616, -10.028329999999899 ], [ -44.632719, -10.028474 ], [ -44.632852, -10.028689 ], [ -44.632976, -10.028689 ], [ -44.633130999999899, -10.028491 ], [ -44.633251, -10.028279999999899 ], [ -44.63341, -10.028225 ], [ -44.633826, -10.028414999999899 ], [ -44.634538, -10.028896 ], [ -44.634825, -10.028994 ], [ -44.635202, -10.028934999999899 ], [ -44.635696, -10.028825 ], [ -44.635902, -10.028804 ], [ -44.636215, -10.029022999999899 ], [ -44.636682999999898, -10.029463 ], [ -44.63694, -10.029791999999899 ], [ -44.637022, -10.030058 ], [ -44.637000999999898, -10.030324 ], [ -44.637056, -10.030455 ], [ -44.63728, -10.030506 ], [ -44.637464, -10.0304 ], [ -44.637734, -10.030109 ], [ -44.638171999999898, -10.03002 ], [ -44.638686, -10.030123999999899 ], [ -44.638939, -10.030188 ], [ -44.639055, -10.030386 ], [ -44.639085, -10.030749 ], [ -44.639231, -10.030906 ], [ -44.639459, -10.030982 ], [ -44.639901, -10.030939 ], [ -44.640077, -10.030994 ], [ -44.640141, -10.031197 ], [ -44.639961, -10.031497 ], [ -44.63975, -10.031721 ], [ -44.639483, -10.032612 ], [ -44.639354, -10.033094 ], [ -44.639229999999898, -10.033372 ], [ -44.638994, -10.033419 ], [ -44.638741, -10.033402 ], [ -44.638551999999898, -10.033495 ], [ -44.638449, -10.033622 ], [ -44.638444999999898, -10.033774 ], [ -44.638638, -10.034068999999899 ], [ -44.638888999999899, -10.034433 ], [ -44.639146, -10.034745 ], [ -44.639309, -10.034804 ], [ -44.639563, -10.034804 ], [ -44.639786, -10.034834 ], [ -44.639927, -10.034897 ], [ -44.639949, -10.035037 ], [ -44.639859, -10.035146 ], [ -44.639691, -10.035214 ], [ -44.639502999999898, -10.035962 ], [ -44.639519999999898, -10.036138999999899 ], [ -44.639698, -10.036477999999899 ], [ -44.639934, -10.036824 ], [ -44.639977, -10.037052 ], [ -44.639865, -10.03731 ], [ -44.639625, -10.037567 ], [ -44.639562, -10.037778 ], [ -44.63966, -10.038001999999899 ], [ -44.639991, -10.038167 ], [ -44.640755, -10.038458 ], [ -44.641227, -10.038695 ], [ -44.641802, -10.039155 ], [ -44.642128, -10.039539 ], [ -44.642421, -10.04025 ], [ -44.642561999999899, -10.04069 ], [ -44.642575, -10.041087 ], [ -44.642477, -10.04137 ], [ -44.642536999999898, -10.041623 ], [ -44.642713, -10.041902 ], [ -44.642969999999899, -10.042075 ], [ -44.643129, -10.042497 ], [ -44.643431, -10.04309 ], [ -44.643715, -10.043829 ], [ -44.644015, -10.045083 ], [ -44.644162999999899, -10.04596 ], [ -44.644464, -10.046318999999899 ], [ -44.644738, -10.046594 ], [ -44.64476, -10.046927 ], [ -44.644571, -10.04716 ], [ -44.644391, -10.047312 ], [ -44.644403, -10.047624 ], [ -44.644452999999899, -10.047727 ], [ -44.644603, -10.047917 ], [ -44.644852, -10.048209 ], [ -44.645049, -10.048318 ], [ -44.645333, -10.048416 ], [ -44.645616, -10.048382 ], [ -44.646036, -10.048454 ], [ -44.64635, -10.048606 ], [ -44.646584, -10.048781 ], [ -44.646854, -10.049123 ], [ -44.647034, -10.049195 ], [ -44.647227, -10.049241 ], [ -44.647262, -10.049338 ], [ -44.64721, -10.049489999999899 ], [ -44.647099, -10.049659 ], [ -44.64685, -10.049727 ], [ -44.646549, -10.049719 ], [ -44.646249, -10.049681 ], [ -44.64606, -10.049879 ], [ -44.646013, -10.050144999999899 ], [ -44.646039, -10.050441 ], [ -44.645992, -10.05091 ], [ -44.645803999999899, -10.051248 ], [ -44.645855, -10.051459 ], [ -44.646071999999897, -10.051796 ], [ -44.646234999999898, -10.052371 ], [ -44.646206699999901, -10.0532327999999 ], [ -44.646205, -10.05376 ], [ -44.6468311, -10.0540715 ], [ -44.647224, -10.054378799999901 ], [ -44.6517221, -10.0578972 ], [ -44.6520568, -10.0596985 ], [ -44.652993799999898, -10.0601791 ], [ -44.653176, -10.0625494 ], [ -44.655378599999899, -10.0641707 ], [ -44.657704099999897, -10.0674409 ], [ -44.6587615, -10.0678614999999 ], [ -44.6606049, -10.068178999999899 ], [ -44.6623582, -10.06761 ], [ -44.6639948, -10.0653341 ], [ -44.666983199999898, -10.0645039 ], [ -44.673107699999903, -10.065455799999899 ], [ -44.6752675, -10.0645863999999 ], [ -44.679080499999898, -10.0654372 ], [ -44.6807375, -10.0646912999999 ], [ -44.682797799999904, -10.0619295999999 ], [ -44.6854102, -10.0602403999999 ], [ -44.6871204, -10.0573037 ], [ -44.6882252999999, -10.0563342999999 ], [ -44.692441899999899, -10.055343299999899 ], [ -44.693398, -10.0542490999999 ], [ -44.695355199999902, -10.053879299999901 ], [ -44.6979185, -10.0519876 ], [ -44.7027272, -10.0513468 ], [ -44.7056027, -10.048088499999899 ], [ -44.7116220999999, -10.0465022 ], [ -44.713902699999899, -10.0467555 ], [ -44.715743599999897, -10.046427799999901 ], [ -44.723923399999897, -10.048004299999899 ], [ -44.727539099999902, -10.047558599999901 ], [ -44.7299646, -10.046704 ], [ -44.7361311, -10.0424045999999 ], [ -44.740285399999898, -10.0363775 ], [ -44.742308299999898, -10.0348258 ], [ -44.7473768999999, -10.0330622999999 ], [ -44.752802099999897, -10.0278896999999 ], [ -44.7568213, -10.0249047 ], [ -44.758928, -10.0244339 ], [ -44.7612412, -10.020985699999899 ], [ -44.76163, -10.0183286 ], [ -44.7607912, -10.016259499999901 ], [ -44.761144499999901, -10.0157753 ], [ -44.7624757, -10.0159386999999 ], [ -44.7639907, -10.0151595 ], [ -44.7665388, -10.0153043999999 ], [ -44.7697929, -10.0135056 ], [ -44.7718273999999, -10.0115312999999 ], [ -44.7805812, -10.013472599999901 ], [ -44.785839199999899, -10.014133699999901 ], [ -44.7919371999999, -10.0117979 ], [ -44.795031799999897, -10.0114297 ], [ -44.7996456, -10.0097453 ], [ -44.803373399999899, -10.0095416999999 ], [ -44.8072182, -10.0073341 ], [ -44.811142899999901, -10.0077423 ], [ -44.812571799999901, -10.0075196 ], [ -44.818976, -10.0087563 ], [ -44.7774782, -10.143975699999899 ], [ -44.7847588, -10.1699485 ], [ -44.7847831, -10.1700351 ] ] ] ] } },
{ "type": "Feature", "properties": { "CD_MUN": "2209302", "NM_MUN": "Santa Luz", "CD_RGI": "220016", "NM_RGI": "Bom Jesus", "CD_RGINT": "2205", "NM_RGINT": "Corrente - Bom Jesus", "CD_UF": "22", "NM_UF": "Piauí", "SIGLA_UF": "PI", "CD_REGIAO": "2", "NM_REGIAO": "Nordeste", "SIGLA_RG": "NE", "CD_CONCURB": null, "NM_CONCURB": null, "AREA_KM2": 1185.404 }, "geometry": { "type": "MultiPolygon", "coordinates": [ [ [ [ -44.0598866, -8.949774699999979 ], [ -44.059518599999898, -8.949907399999971 ], [ -44.0076519, -8.96860679999998 ], [ -44.0037129, -8.970027 ], [ -43.9852726, -8.97667529999995 ], [ -43.9087815, -9.004252599999971 ], [ -43.907518599999896, -9.004707899999969 ], [ -43.869234199999902, -9.01851059999996 ], [ -43.9250852, -9.117897199999961 ], [ -43.928822099999898, -9.124547 ], [ -43.9428108, -9.14944 ], [ -43.956651899999898, -9.174074499999961 ], [ -43.8706215, -9.312334599999931 ], [ -43.869799999999898, -9.31365329999994 ], [ -44.0981722, -9.17701169999998 ], [ -44.101646199999898, -9.174933099999979 ], [ -44.1032461, -9.173975799999941 ], [ -44.1969715, -9.117897199999961 ], [ -44.237919799999901, -9.093396699999969 ], [ -44.2895918, -9.048671 ], [ -44.305956299999899, -9.034506399999939 ], [ -44.3064742, -9.034057799999969 ], [ -44.3115673, -9.029647 ], [ -44.3120251, -9.02917869999993 ], [ -44.311588599999901, -9.028361399999939 ], [ -44.3111516, -9.02806389999995 ], [ -44.310862, -9.027805399999981 ], [ -44.310633, -9.02748489999993 ], [ -44.3103943, -9.027005899999949 ], [ -44.310351, -9.02645369999993 ], [ -44.3104327, -9.025504799999959 ], [ -44.3107719, -9.024771299999941 ], [ -44.3111999, -9.024260599999931 ], [ -44.3121775, -9.023825899999959 ], [ -44.312724699999897, -9.023802299999939 ], [ -44.3132203, -9.02391589999996 ], [ -44.3135584, -9.02373669999997 ], [ -44.3139881, -9.023122499999941 ], [ -44.314320699999897, -9.022413299999929 ], [ -44.3142553, -9.021780699999971 ], [ -44.3139528, -9.02156969999993 ], [ -44.313532, -9.02140649999996 ], [ -44.313384799999902, -9.021237599999949 ], [ -44.313372199999897, -9.020766299999931 ], [ -44.313192899999898, -9.02042429999995 ], [ -44.312914799999902, -9.02009089999996 ], [ -44.3128622999999, -9.01966969999995 ], [ -44.3129364, -9.019169399999949 ], [ -44.3132064, -9.01888559999998 ], [ -44.3136607, -9.018763099999941 ], [ -44.314060299999902, -9.01884269999994 ], [ -44.314587699999898, -9.01925939999995 ], [ -44.3157712, -9.01975519999996 ], [ -44.316017, -9.02017549999994 ], [ -44.3158412, -9.020726899999939 ], [ -44.3156006, -9.02109649999994 ], [ -44.3151994, -9.022220899999979 ], [ -44.3154322, -9.022559699999929 ], [ -44.31577, -9.02264029999998 ], [ -44.316121699999897, -9.022508 ], [ -44.3163956, -9.022112799999951 ], [ -44.316590899999902, -9.02161849999993 ], [ -44.3166287, -9.02096129999995 ], [ -44.316497599999899, -9.020441499999951 ], [ -44.3165226, -9.019896 ], [ -44.3166538, -9.01967079999997 ], [ -44.316838699999899, -9.019312399999929 ], [ -44.31681, -9.019062199999951 ], [ -44.3166126, -9.018819399999931 ], [ -44.316575199999903, -9.01860149999993 ], [ -44.3166978, -9.018278699999939 ], [ -44.3166095, -9.01753619999994 ], [ -44.3163589, -9.01703669999995 ], [ -44.3160321, -9.016785699999961 ], [ -44.315358699999898, -9.016596199999981 ], [ -44.315127899999901, -9.01650919999997 ], [ -44.3149261, -9.016282599999951 ], [ -44.314948899999898, -9.015907299999981 ], [ -44.3151124, -9.015595299999969 ], [ -44.3152727, -9.01523039999995 ], [ -44.315283899999898, -9.01493009999996 ], [ -44.3150424, -9.01462359999994 ], [ -44.314542699999897, -9.01426619999995 ], [ -44.3140013, -9.014062499999969 ], [ -44.313652499999897, -9.014022199999941 ], [ -44.313174199999899, -9.014173 ], [ -44.312948499999898, -9.01439069999998 ], [ -44.3128932, -9.014627299999971 ], [ -44.313031099999897, -9.014863 ], [ -44.3129785, -9.01505709999998 ], [ -44.3127727, -9.01520139999997 ], [ -44.3124958, -9.01528419999994 ], [ -44.312309399999897, -9.015486199999939 ], [ -44.3122721, -9.015753599999931 ], [ -44.3124427, -9.015998 ], [ -44.312676199999899, -9.016172399999959 ], [ -44.3127845, -9.016452299999971 ], [ -44.312749799999899, -9.016807 ], [ -44.312525, -9.01721549999996 ], [ -44.3123093, -9.017331799999971 ], [ -44.3120412, -9.017382199999931 ], [ -44.3118213, -9.01725469999997 ], [ -44.3114662, -9.01697889999997 ], [ -44.3109878, -9.016575099999949 ], [ -44.310789499999899, -9.016141399999981 ], [ -44.310775, -9.015688 ], [ -44.3109014, -9.015383499999929 ], [ -44.3111330999999, -9.01517619999993 ], [ -44.3112677, -9.014873799999981 ], [ -44.3113691, -9.014467399999941 ], [ -44.3115333, -9.01399089999995 ], [ -44.3120197, -9.013576899999981 ], [ -44.312874399999899, -9.01323969999993 ], [ -44.313134499999897, -9.01292719999998 ], [ -44.313574399999901, -9.011951699999941 ], [ -44.313696499999899, -9.01104819999995 ], [ -44.3135823, -9.010336499999941 ], [ -44.3132893, -9.00966979999993 ], [ -44.3132853, -9.00929609999997 ], [ -44.3130978, -9.00859339999994 ], [ -44.312916099999903, -9.007904199999929 ], [ -44.312944699999903, -9.00766909999993 ], [ -44.313226, -9.006955 ], [ -44.3133068, -9.00660229999994 ], [ -44.313189099999903, -9.00638929999997 ], [ -44.313038999999897, -9.00577769999995 ], [ -44.3127777, -9.00505869999995 ], [ -44.312444399999897, -9.004832 ], [ -44.3121490999999, -9.00478859999993 ], [ -44.311917999999899, -9.00496139999996 ], [ -44.311736499999903, -9.00524269999994 ], [ -44.3112733, -9.005527499999969 ], [ -44.3107681, -9.00574049999994 ], [ -44.3101778, -9.006009 ], [ -44.309888699999902, -9.006647399999959 ], [ -44.3100117, -9.00703519999996 ], [ -44.3103512, -9.007627499999961 ], [ -44.3103225, -9.00799249999994 ], [ -44.3101579, -9.008243599999959 ], [ -44.309454699999897, -9.00837819999998 ], [ -44.3085905, -9.008427 ], [ -44.308155, -9.008285899999979 ], [ -44.3080411, -9.008091099999939 ], [ -44.3079622, -9.007767 ], [ -44.3078632, -9.007420199999959 ], [ -44.3074318, -9.006616599999971 ], [ -44.307356899999903, -9.006180899999951 ], [ -44.307436, -9.00514469999996 ], [ -44.307465599999901, -9.00448529999994 ], [ -44.3076364, -9.003984499999939 ], [ -44.3078644, -9.003628899999971 ], [ -44.3082955, -9.003301 ], [ -44.3089545, -9.00307029999993 ], [ -44.3098524, -9.00322109999996 ], [ -44.3103038, -9.003271099999949 ], [ -44.310463399999897, -9.00307069999997 ], [ -44.310521, -9.002826 ], [ -44.3104781, -9.002563299999959 ], [ -44.310510899999898, -9.001956799999959 ], [ -44.310668, -9.001539099999951 ], [ -44.310915, -9.001275199999951 ], [ -44.3118244, -9.00058979999994 ], [ -44.3127317, -8.999443299999941 ], [ -44.3129503, -8.99863649999998 ], [ -44.3130245, -8.997651 ], [ -44.3128027, -8.99668879999996 ], [ -44.3123224, -8.99618919999995 ], [ -44.3116201, -8.995899599999969 ], [ -44.3109873, -8.99582749999996 ], [ -44.3105459, -8.99616139999995 ], [ -44.310277799999902, -8.996211799999969 ], [ -44.310016, -8.99601259999997 ], [ -44.309676, -8.995940099999929 ], [ -44.309402299999903, -8.996075699999951 ], [ -44.3089783, -8.99647479999993 ], [ -44.308747099999898, -8.99677759999997 ], [ -44.3085872, -8.99736779999995 ], [ -44.308384299999901, -8.997695399999939 ], [ -44.308042, -8.99776089999995 ], [ -44.307753299999902, -8.99769319999996 ], [ -44.307564199999902, -8.99732259999996 ], [ -44.3075080999999, -8.99662329999995 ], [ -44.3076371, -8.99592079999996 ], [ -44.3078619, -8.99551239999994 ], [ -44.308048799999902, -8.995275899999969 ], [ -44.3084195, -8.99523519999997 ], [ -44.308742499999902, -8.995338 ], [ -44.3091484999999, -8.995523299999951 ], [ -44.3096785, -8.99554219999993 ], [ -44.3101819, -8.99543259999996 ], [ -44.3103624, -8.995090399999979 ], [ -44.3103932, -8.99484729999995 ], [ -44.3103907, -8.99463 ], [ -44.3104299, -8.994277299999959 ], [ -44.3106447, -8.994100099999971 ], [ -44.3111388, -8.993927499999931 ], [ -44.3114957, -8.994099899999981 ], [ -44.3118276, -8.99465549999996 ], [ -44.3120458, -8.994756499999941 ], [ -44.312242599999898, -8.99454859999997 ], [ -44.3122849, -8.99423049999996 ], [ -44.3123742, -8.99393349999997 ], [ -44.3125267, -8.993662 ], [ -44.3129289, -8.99328509999998 ], [ -44.3145213, -8.99271829999998 ], [ -44.3152056, -8.992362 ], [ -44.3153631, -8.99203979999993 ], [ -44.3152514, -8.991837 ], [ -44.3149099, -8.991608099999951 ], [ -44.3146373, -8.991335499999931 ], [ -44.3144698, -8.991273799999931 ], [ -44.314253, -8.991329199999941 ], [ -44.313961999999897, -8.99139949999994 ], [ -44.3134757, -8.991348899999929 ], [ -44.312597599999897, -8.99112539999993 ], [ -44.3119335, -8.99088919999997 ], [ -44.3113561, -8.99046789999994 ], [ -44.3111976, -8.990114099999969 ], [ -44.3110953, -8.98984439999998 ], [ -44.311005599999902, -8.98943079999998 ], [ -44.3106562, -8.98903509999997 ], [ -44.309852299999903, -8.98831129999996 ], [ -44.3090538, -8.987918199999971 ], [ -44.307942, -8.987780199999969 ], [ -44.307423399999898, -8.98781629999996 ], [ -44.3070169, -8.988150799999969 ], [ -44.3066858, -8.98853109999993 ], [ -44.306598699999903, -8.98882 ], [ -44.3065536, -8.98918069999996 ], [ -44.3066148999999, -8.989569499999959 ], [ -44.306811599999897, -8.989846799999951 ], [ -44.306988299999901, -8.99010149999998 ], [ -44.3068898, -8.990335399999941 ], [ -44.3066482999999, -8.990514099999929 ], [ -44.306074899999899, -8.990752399999961 ], [ -44.3058217, -8.990650799999971 ], [ -44.3056435, -8.99036969999997 ], [ -44.305498199999903, -8.98996739999995 ], [ -44.3055573, -8.98974909999993 ], [ -44.3057858, -8.989488899999969 ], [ -44.3059084, -8.989166 ], [ -44.3058786, -8.98885489999998 ], [ -44.305758899999901, -8.98852 ], [ -44.305537399999899, -8.988366099999951 ], [ -44.3053197999999, -8.98842229999997 ], [ -44.3051204, -8.98854289999997 ], [ -44.304856, -8.988741599999971 ], [ -44.3046661, -8.98866529999998 ], [ -44.304548399999902, -8.988452299999951 ], [ -44.304591899999899, -8.988065199999941 ], [ -44.3047445999999, -8.98766359999996 ], [ -44.3049905, -8.987468699999971 ], [ -44.3054092, -8.987380099999941 ], [ -44.305744499999903, -8.98724349999998 ], [ -44.3060836, -8.98712519999998 ], [ -44.3065662, -8.98715749999997 ], [ -44.3068026, -8.98702939999993 ], [ -44.3069307, -8.98675129999998 ], [ -44.3068572, -8.986472 ], [ -44.3066396, -8.986336399999971 ], [ -44.3063586, -8.986175499999939 ], [ -44.305955599999898, -8.98581759999996 ], [ -44.305759099999896, -8.98576569999994 ], [ -44.305593499999901, -8.985955799999941 ], [ -44.3055365, -8.986166099999931 ], [ -44.3056728, -8.986375399999931 ], [ -44.3056147, -8.98665459999995 ], [ -44.3054901, -8.986725699999971 ], [ -44.305170299999901, -8.98667579999994 ], [ -44.3047419, -8.98660579999995 ], [ -44.304574199999898, -8.986674099999959 ], [ -44.3044358, -8.986958099999979 ], [ -44.3041587, -8.987300799999961 ], [ -44.303692199999901, -8.98799379999997 ], [ -44.3036961, -8.98849739999997 ], [ -44.303645399999901, -8.988943199999939 ], [ -44.3034595, -8.989240699999931 ], [ -44.3032248, -8.989265199999981 ], [ -44.3029738, -8.989155499999979 ], [ -44.3028479, -8.988940299999969 ], [ -44.3027213, -8.988889499999971 ], [ -44.3025094, -8.98902409999994 ], [ -44.3022384, -8.989247 ], [ -44.301977399999899, -8.989368599999979 ], [ -44.3015819, -8.98959759999997 ], [ -44.301418, -8.989814199999961 ], [ -44.3011801, -8.990756399999951 ], [ -44.3013026, -8.99104879999993 ], [ -44.3016158, -8.991252899999949 ], [ -44.3024369, -8.99168659999998 ], [ -44.3031258, -8.99215479999998 ], [ -44.3033045, -8.992531299999939 ], [ -44.3031711, -8.99276459999993 ], [ -44.3029543, -8.99282 ], [ -44.302766, -8.99277019999994 ], [ -44.302438299999899, -8.99245819999993 ], [ -44.3021934, -8.99222879999996 ], [ -44.3018873, -8.992095899999979 ], [ -44.301018999999897, -8.991978899999941 ], [ -44.3003168, -8.991074 ], [ -44.3000779, -8.99036959999995 ], [ -44.299977399999896, -8.98986649999995 ], [ -44.299475599999901, -8.989023599999941 ], [ -44.297846999999898, -8.986686 ], [ -44.296974799999902, -8.98550159999996 ], [ -44.2960297, -8.985131499999969 ], [ -44.295544499999899, -8.98508279999993 ], [ -44.2953676, -8.984931899999941 ], [ -44.2953171999999, -8.984686299999961 ], [ -44.295412999999897, -8.984265099999959 ], [ -44.295670099999903, -8.983898299999961 ], [ -44.296007099999898, -8.98356429999995 ], [ -44.296413399999899, -8.98293819999998 ], [ -44.2964974, -8.98223389999993 ], [ -44.2964033, -8.98162949999994 ], [ -44.296190599999903, -8.981314699999929 ], [ -44.2958187, -8.98114279999993 ], [ -44.295466599999898, -8.98110959999997 ], [ -44.294964, -8.98115129999996 ], [ -44.2947784, -8.981312699999931 ], [ -44.294664699999899, -8.981553899999939 ], [ -44.294480099999902, -8.98168469999996 ], [ -44.2941058, -8.981865 ], [ -44.2937853, -8.98183369999998 ], [ -44.2936458, -8.98170759999994 ], [ -44.2935997, -8.981537699999929 ], [ -44.2934978, -8.981287099999969 ], [ -44.2932415, -8.981111099999961 ], [ -44.2930453, -8.98092729999996 ], [ -44.292948099999897, -8.98066139999997 ], [ -44.293020399999897, -8.98048539999996 ], [ -44.293228199999902, -8.98019359999995 ], [ -44.2934468999999, -8.97955509999997 ], [ -44.2935955, -8.97934619999995 ], [ -44.293841, -8.979292799999939 ], [ -44.2939454999999, -8.97915169999993 ], [ -44.294124199999899, -8.97851189999994 ], [ -44.2940932, -8.978085299999981 ], [ -44.2939408, -8.977656199999959 ], [ -44.2936404, -8.977314699999971 ], [ -44.2933851, -8.97727829999997 ], [ -44.293050799999897, -8.977409899999939 ], [ -44.292658399999901, -8.977503599999981 ], [ -44.2925172, -8.977384499999969 ], [ -44.292560599999902, -8.97711509999993 ], [ -44.292657899999902, -8.97693039999996 ], [ -44.2928297, -8.976818899999961 ], [ -44.2930236999999, -8.976692199999951 ], [ -44.293118299999897, -8.976492 ], [ -44.2933563, -8.97599849999995 ], [ -44.293766499999897, -8.975538099999939 ], [ -44.294049599999902, -8.975332799999929 ], [ -44.294217199999899, -8.97537119999993 ], [ -44.2944211, -8.97527539999993 ], [ -44.2947737, -8.974736499999951 ], [ -44.294825, -8.97436729999993 ], [ -44.294764299999898, -8.974093499999981 ], [ -44.294508, -8.973733099999951 ], [ -44.2942239, -8.973634699999931 ], [ -44.2939320999999, -8.973775299999939 ], [ -44.2935828, -8.97405419999996 ], [ -44.293206499999897, -8.974423 ], [ -44.2926227, -8.97485349999994 ], [ -44.292018799999902, -8.97524149999998 ], [ -44.2917881, -8.975290899999949 ], [ -44.291685, -8.975173499999929 ], [ -44.2915727, -8.97489869999993 ], [ -44.291388299999902, -8.97414709999993 ], [ -44.2912314, -8.97321939999995 ], [ -44.2912962, -8.97257279999997 ], [ -44.2914234, -8.972180599999939 ], [ -44.2916625, -8.971980099999939 ], [ -44.2921885, -8.97179929999993 ], [ -44.2927544, -8.97133889999998 ], [ -44.2929316, -8.97110479999998 ], [ -44.2929788, -8.97086 ], [ -44.2929771, -8.970630599999939 ], [ -44.2928413, -8.97055119999993 ], [ -44.2926615, -8.97054709999998 ], [ -44.2923999, -8.970675599999939 ], [ -44.2920948, -8.970722 ], [ -44.2919309, -8.97060179999994 ], [ -44.2918251, -8.97040849999996 ], [ -44.2918582, -8.969798099999929 ], [ -44.2919506, -8.969455799999929 ], [ -44.292157099999898, -8.969135899999969 ], [ -44.292118, -8.968995799999959 ], [ -44.2918882, -8.968955199999931 ], [ -44.2914549, -8.96878389999995 ], [ -44.2911491999999, -8.968680899999979 ], [ -44.290868799999899, -8.96874639999993 ], [ -44.3038875, -8.94352469999995 ], [ -44.3412216, -8.86089439999995 ], [ -44.3415869, -8.86008529999998 ], [ -44.3538904, -8.832833299999949 ], [ -44.3455054, -8.81935549999997 ], [ -44.332071799999902, -8.816916799999939 ], [ -44.3049715, -8.79926859999995 ], [ -44.2695896, -8.82303889999997 ], [ -44.3006113, -8.84703319999994 ], [ -44.298816499999901, -8.846643 ], [ -44.298017, -8.84675279999993 ], [ -44.2975749, -8.84699929999994 ], [ -44.2961165, -8.848952699999931 ], [ -44.294601499999899, -8.850051199999941 ], [ -44.2924613, -8.85051549999997 ], [ -44.2915042, -8.85114749999997 ], [ -44.291244499999898, -8.8534 ], [ -44.290615199999898, -8.85481 ], [ -44.289715699999903, -8.855193699999971 ], [ -44.2868036, -8.85513249999997 ], [ -44.2858333, -8.85526909999993 ], [ -44.2849474, -8.85606509999997 ], [ -44.2829172, -8.858513899999931 ], [ -44.2807968, -8.859224799999939 ], [ -44.278508, -8.85952559999993 ], [ -44.277051399999898, -8.8601 ], [ -44.276136699999903, -8.861256499999969 ], [ -44.2756921, -8.86224749999997 ], [ -44.275034199999901, -8.86287809999993 ], [ -44.273864699999898, -8.863014899999939 ], [ -44.2722395, -8.86270919999993 ], [ -44.2704436, -8.86201739999996 ], [ -44.2692317, -8.86190339999996 ], [ -44.268459999999898, -8.862161 ], [ -44.2680889, -8.862710599999961 ], [ -44.2682272, -8.864661 ], [ -44.267484099999898, -8.86551949999995 ], [ -44.2670831, -8.866511599999971 ], [ -44.2665205, -8.86728459999995 ], [ -44.2641245, -8.869974299999971 ], [ -44.2634355, -8.871158799999931 ], [ -44.2630331, -8.87223109999996 ], [ -44.2626743, -8.873959099999979 ], [ -44.2625836, -8.876272799999979 ], [ -44.2624109, -8.876988 ], [ -44.2620683, -8.877593699999981 ], [ -44.262523499999901, -8.87740209999993 ], [ -44.2630093, -8.877567899999971 ], [ -44.262977799999902, -8.87888969999995 ], [ -44.263335299999902, -8.879228 ], [ -44.2641609, -8.87950509999996 ], [ -44.264188299999901, -8.88008289999993 ], [ -44.263645499999903, -8.880521899999961 ], [ -44.262104, -8.880656199999979 ], [ -44.2617051, -8.88098659999997 ], [ -44.2615602, -8.88150809999996 ], [ -44.2622043, -8.88296759999997 ], [ -44.2600116999999, -8.88297559999995 ], [ -44.244861899999897, -8.883031 ], [ -44.215199299999902, -8.89375719999992 ], [ -44.1941788, -8.901358399999941 ], [ -44.193385799999902, -8.90164429999993 ], [ -44.0977993, -8.936106099999961 ], [ -44.0598866, -8.949774699999979 ] ] ] ] } },
{ "type": "Feature", "properties": { "CD_MUN": "2201101", "NM_MUN": "Avelino Lopes", "CD_RGI": "220015", "NM_RGI": "Corrente", "CD_RGINT": "2205", "NM_RGINT": "Corrente - Bom Jesus", "CD_UF": "22", "NM_UF": "Piauí", "SIGLA_UF": "PI", "CD_REGIAO": "2", "NM_REGIAO": "Nordeste", "SIGLA_RG": "NE", "CD_CONCURB": null, "NM_CONCURB": null, "AREA_KM2": 1220.369 }, "geometry": { "type": "MultiPolygon", "coordinates": [ [ [ [ -43.838305799999901, -10.2652343 ], [ -43.838300699999898, -10.2653278 ], [ -43.8382933, -10.2654613 ], [ -43.838051999999898, -10.2660551 ], [ -43.836708, -10.269360699999901 ], [ -43.8353992, -10.271061099999899 ], [ -43.834311699999901, -10.2742498 ], [ -43.8340434, -10.2776365999999 ], [ -43.8353463, -10.2958738 ], [ -43.8369216, -10.302205 ], [ -43.838291899999902, -10.304625999999899 ], [ -43.8426162, -10.310515899999899 ], [ -43.847746, -10.3163016 ], [ -43.8503807, -10.3183797 ], [ -43.857, -10.3220049 ], [ -43.8655995, -10.3264306999999 ], [ -43.871683399999903, -10.3304367 ], [ -43.8745683, -10.3333426999999 ], [ -43.877367499999899, -10.3361624 ], [ -43.877453499999902, -10.3362491999999 ], [ -43.877475699999898, -10.3362779 ], [ -43.8787953, -10.3379805 ], [ -43.8800972, -10.339660299999901 ], [ -43.8801374, -10.3397122 ], [ -43.880197699999897, -10.339768999999899 ], [ -43.883392199999903, -10.342775699999899 ], [ -43.884715399999898, -10.344021 ], [ -43.886769399999899, -10.3460926999999 ], [ -43.8903465, -10.3497004 ], [ -43.895096099999897, -10.3544906999999 ], [ -43.8973152, -10.3636648999999 ], [ -43.898771, -10.3673195 ], [ -43.900785299999903, -10.3703156 ], [ -43.902609599999899, -10.3723221999999 ], [ -43.9087944999999, -10.3768891999999 ], [ -43.9097892999999, -10.3776237 ], [ -43.9098187, -10.377645399999899 ], [ -43.9101529, -10.3778922 ], [ -43.9116069, -10.3794877 ], [ -43.9147933, -10.384154899999899 ], [ -43.9158894, -10.393084799999899 ], [ -43.9159167, -10.393307299999901 ], [ -43.915648099999899, -10.407452099999899 ], [ -43.914507399999898, -10.417019799999901 ], [ -43.9143635, -10.4182274 ], [ -43.914386299999897, -10.419915 ], [ -43.914549399999899, -10.421589 ], [ -43.915252, -10.4242057 ], [ -43.916229299999898, -10.4267187 ], [ -43.9183058, -10.429040299999899 ], [ -43.9206379, -10.430805 ], [ -43.9235621, -10.4325168 ], [ -43.9260376, -10.433696 ], [ -43.928035099999903, -10.4344280999999 ], [ -43.9302025, -10.4350211999999 ], [ -43.9325956, -10.435558899999901 ], [ -43.9339753, -10.4356748 ], [ -43.9367348, -10.436130299999901 ], [ -43.937418599999901, -10.4361158999999 ], [ -43.9401721, -10.4360578 ], [ -43.942662799999901, -10.4358971999999 ], [ -43.9438642, -10.4358195 ], [ -43.9440458999999, -10.4357927999999 ], [ -43.944135199999899, -10.4357797 ], [ -43.9462882, -10.4354642 ], [ -43.9503498999999, -10.4339717 ], [ -43.9522236, -10.4335421 ], [ -43.9522676, -10.4335321 ], [ -43.9602778, -10.4327694999999 ], [ -43.9622046, -10.4330065 ], [ -43.9653294, -10.4328189 ], [ -43.9684548, -10.4325003 ], [ -43.970980499999897, -10.4326399 ], [ -43.9727736, -10.4326455 ], [ -43.972775, -10.4326455 ], [ -43.9744716, -10.4322567999999 ], [ -43.9769335, -10.431376499999899 ], [ -43.979445199999901, -10.428951499999901 ], [ -43.983570799999903, -10.4245673 ], [ -43.9883124999999, -10.4197171 ], [ -43.9901939, -10.4180261 ], [ -43.993162599999899, -10.410251099999901 ], [ -44.0207563, -10.3379846999999 ], [ -44.032259199999899, -10.3078593 ], [ -44.033947899999902, -10.303436799999901 ], [ -44.0666747, -10.217726899999899 ], [ -44.093279299999899, -10.1921548 ], [ -44.093297, -10.1921376999999 ], [ -44.108293499999903, -10.1776939 ], [ -44.108694199999903, -10.177308 ], [ -44.1263417, -10.1603109 ], [ -44.1501511, -10.1373788 ], [ -44.155256999999899, -10.132461099999899 ], [ -44.1552656, -10.1324528 ], [ -44.1567835, -10.1309907999999 ], [ -44.134064099999897, -10.1043946 ], [ -44.1338686, -10.1041658 ], [ -44.0879866, -10.0504546999999 ], [ -44.064642, -10.021223099999901 ], [ -44.0607631, -10.016365899999901 ], [ -44.057469099999899, -10.0145706 ], [ -44.0459963, -10.020362299999899 ], [ -44.044269, -10.025103999999899 ], [ -44.043926, -10.024876 ], [ -44.043599, -10.024386 ], [ -44.043217, -10.024115 ], [ -44.043076, -10.023907999999899 ], [ -44.042694, -10.022893 ], [ -44.042491, -10.02238 ], [ -44.042225, -10.022173 ], [ -44.042109, -10.021906999999899 ], [ -44.04198, -10.02159 ], [ -44.041654, -10.021365 ], [ -44.041354, -10.021289 ], [ -44.041259, -10.021129 ], [ -44.041314999999898, -10.020841 ], [ -44.041264, -10.020435 ], [ -44.041236, -10.020136 ], [ -44.041153999999899, -10.019988 ], [ -44.041017, -10.019984 ], [ -44.040793999999899, -10.020073 ], [ -44.040609, -10.020073 ], [ -44.040472, -10.019866 ], [ -44.040425, -10.019663 ], [ -44.040498, -10.019497999999899 ], [ -44.040691, -10.019363 ], [ -44.040861999999898, -10.019223 ], [ -44.040931, -10.019041 ], [ -44.040789, -10.018796 ], [ -44.04045, -10.018631 ], [ -44.040005999999899, -10.018499 ], [ -44.0398, -10.01841 ], [ -44.03968, -10.018177 ], [ -44.03977, -10.018011999999899 ], [ -44.040211999999897, -10.017674 ], [ -44.040491, -10.017543 ], [ -44.04059, -10.017399 ], [ -44.04059, -10.017086 ], [ -44.040384, -10.016397 ], [ -44.040065, -10.01544 ], [ -44.039992, -10.015055 ], [ -44.039834, -10.014835 ], [ -44.039846, -10.014593999999899 ], [ -44.040034999999897, -10.014455 ], [ -44.040143, -10.014303 ], [ -44.040108, -10.014095 ], [ -44.040173, -10.013829 ], [ -44.04034, -10.013646999999899 ], [ -44.040567, -10.013584 ], [ -44.040825, -10.013609 ], [ -44.041092999999897, -10.013515 ], [ -44.041299, -10.013405 ], [ -44.041471, -10.013181 ], [ -44.041561, -10.012881 ], [ -44.041569, -10.012526 ], [ -44.041411, -10.012302 ], [ -44.041221999999898, -10.012132999999899 ], [ -44.041192, -10.01193 ], [ -44.04126, -10.011693 ], [ -44.041265, -10.01138 ], [ -44.041179, -10.011147 ], [ -44.040831, -10.010855 ], [ -44.040814, -10.010669 ], [ -44.040836, -10.010154 ], [ -44.04087, -10.009929999999899 ], [ -44.040844, -10.009727 ], [ -44.040616999999898, -10.009668 ], [ -44.040381, -10.009698 ], [ -44.040085, -10.009827 ], [ -44.039873999999898, -10.009798 ], [ -44.039711, -10.009764 ], [ -44.039664, -10.009603 ], [ -44.03975, -10.009198 ], [ -44.040153, -10.008416 ], [ -44.040398, -10.00818 ], [ -44.040703, -10.008032 ], [ -44.04093, -10.007845 ], [ -44.040982, -10.007685 ], [ -44.040976999999899, -10.00744 ], [ -44.041182999999897, -10.007178 ], [ -44.041239, -10.006958 ], [ -44.041085, -10.006611 ], [ -44.040879, -10.006362 ], [ -44.040551999999899, -10.006117 ], [ -44.040338, -10.0058 ], [ -44.040222, -10.005568 ], [ -44.040226, -10.005415 ], [ -44.040424, -10.005289 ], [ -44.040458, -10.005107 ], [ -44.040359, -10.004933999999899 ], [ -44.040079999999897, -10.004871 ], [ -44.039801, -10.004735 ], [ -44.039591, -10.004541 ], [ -44.039527, -10.004317 ], [ -44.039595, -10.00384 ], [ -44.039693999999898, -10.00351 ], [ -44.039771, -10.003164 ], [ -44.039823, -10.002885 ], [ -44.039746, -10.002784 ], [ -44.039608, -10.002792 ], [ -44.039492, -10.003041999999899 ], [ -44.039285999999898, -10.003168 ], [ -44.038939, -10.003264999999899 ], [ -44.038770999999898, -10.003485 ], [ -44.03857, -10.003599 ], [ -44.038294999999898, -10.003535999999899 ], [ -44.03808, -10.003312 ], [ -44.037836, -10.003282 ], [ -44.037518, -10.003396 ], [ -44.037196, -10.003599 ], [ -44.036969999999897, -10.003678 ], [ -44.036879999999897, -10.003632 ], [ -44.036901, -10.003505 ], [ -44.037086, -10.003395 ], [ -44.037159, -10.003184 ], [ -44.037142, -10.002973 ], [ -44.036996, -10.002884 ], [ -44.036651999999897, -10.002951999999899 ], [ -44.03615, -10.003062 ], [ -44.035828, -10.003091 ], [ -44.035635, -10.003011 ], [ -44.035578, -10.002757 ], [ -44.035483999999897, -10.002508 ], [ -44.035350999999899, -10.002483 ], [ -44.035158, -10.002525 ], [ -44.034956, -10.002673 ], [ -44.034802, -10.002685999999899 ], [ -44.034566, -10.002474 ], [ -44.033955999999897, -10.00201 ], [ -44.033321, -10.001866 ], [ -44.033042, -10.001641999999899 ], [ -44.032643, -10.00163 ], [ -44.032089, -10.001828 ], [ -44.031843, -10.001948 ], [ -44.031525, -10.002003 ], [ -44.031246, -10.002155 ], [ -44.030847, -10.002104 ], [ -44.030645, -10.001901 ], [ -44.030684, -10.001631 ], [ -44.0308, -10.001351999999899 ], [ -44.030774, -10.001183 ], [ -44.030628, -10.001056 ], [ -44.030431, -10.001099 ], [ -44.030113, -10.001322 ], [ -44.029829999999897, -10.001415 ], [ -44.029615, -10.001335 ], [ -44.029336, -10.001166 ], [ -44.029066, -10.001124 ], [ -44.028773999999899, -10.0009 ], [ -44.028615, -10.000536 ], [ -44.028444, -10.000363 ], [ -44.028083, -10.000269999999899 ], [ -44.02738, -10.000290999999899 ], [ -44.02701, -10.000435 ], [ -44.026757, -10.00038 ], [ -44.026277, -10.000155999999899 ], [ -44.02575, -10.000086 ], [ -44.024861, -9.99982 ], [ -44.024740999999899, -9.999651 ], [ -44.024763, -9.999097 ], [ -44.024784, -9.998941 ], [ -44.024934, -9.998751 ], [ -44.025046, -9.998667 ], [ -44.025072, -9.998502 ], [ -44.024878999999899, -9.9984 ], [ -44.024638, -9.998464 ], [ -44.024222, -9.998675 ], [ -44.02403, -9.998688 ], [ -44.023708, -9.998468 ], [ -44.023283, -9.997858 ], [ -44.022961, -9.997326 ], [ -44.022759999999899, -9.997221 ], [ -44.022334999999899, -9.997077 ], [ -44.022219, -9.996963 ], [ -44.022132999999897, -9.996748 ], [ -44.0218543, -9.99664289999993 ], [ -44.021309, -9.996503 ], [ -44.019639, -9.996137 ], [ -44.018536, -9.996048 ], [ -44.017901, -9.9962 ], [ -44.017291999999898, -9.996236 ], [ -44.016936, -9.996413 ], [ -44.016078, -9.996375 ], [ -44.015918999999897, -9.996274 ], [ -44.015769, -9.995978 ], [ -44.015687, -9.995775 ], [ -44.015330999999897, -9.995724 ], [ -44.015164, -9.995543 ], [ -44.015078, -9.995361 ], [ -44.015085999999897, -9.995129 ], [ -44.015155, -9.995023 ], [ -44.015292, -9.99493 ], [ -44.015377, -9.994851 ], [ -44.015351, -9.994712 ], [ -44.015200999999898, -9.994678 ], [ -44.014974, -9.994712 ], [ -44.014819, -9.994674 ], [ -44.014708, -9.994535 ], [ -44.014587999999897, -9.994501 ], [ -44.014424, -9.994543 ], [ -44.014321, -9.994488 ], [ -44.014244, -9.994235 ], [ -44.014038, -9.99396 ], [ -44.013789, -9.993935 ], [ -44.013666, -9.993996 ], [ -44.013579999999898, -9.994152 ], [ -44.013503, -9.994241 ], [ -44.013408, -9.994152 ], [ -44.01325, -9.993915 ], [ -44.012855, -9.993531 ], [ -44.012709, -9.993273 ], [ -44.012745, -9.993108 ], [ -44.012836, -9.992851 ], [ -44.012694, -9.992703 ], [ -44.012363, -9.992614 ], [ -44.012077, -9.992465 ], [ -44.012017, -9.992245 ], [ -44.012003999999898, -9.991878 ], [ -44.011789, -9.991856 ], [ -44.011669, -9.992093 ], [ -44.011479999999899, -9.992237 ], [ -44.011279, -9.992304 ], [ -44.011176, -9.992389 ], [ -44.011192999999899, -9.992503 ], [ -44.011493, -9.992625 ], [ -44.011558, -9.992752 ], [ -44.011412, -9.992858 ], [ -44.010618, -9.992912 ], [ -44.010086, -9.993309 ], [ -44.009805, -9.993588 ], [ -44.009427, -9.99393 ], [ -44.00926, -9.993981 ], [ -44.008818, -9.993956 ], [ -44.008251, -9.994188 ], [ -44.008011, -9.994479 ], [ -44.007962, -9.994735 ], [ -44.00819, -9.994799 ], [ -44.008266999999897, -9.994913 ], [ -44.008215999999898, -9.995086 ], [ -44.007817, -9.995331 ], [ -44.007503, -9.995436 ], [ -44.007275999999898, -9.995394 ], [ -44.007137999999898, -9.995183 ], [ -44.006744, -9.99517 ], [ -44.006396, -9.995217 ], [ -44.006169, -9.99531 ], [ -44.006044, -9.995474 ], [ -44.006023, -9.995648 ], [ -44.006025, -9.995775 ], [ -44.005921999999899, -9.995821 ], [ -44.00569, -9.995787 ], [ -44.005449999999897, -9.995665 ], [ -44.005231, -9.995644 ], [ -44.005038, -9.995851 ], [ -44.004922, -9.995923 ], [ -44.004759, -9.995809 ], [ -44.004652, -9.995509 ], [ -44.0046, -9.995234 ], [ -44.00445, -9.99509 ], [ -44.004188, -9.995183 ], [ -44.003939, -9.99515 ], [ -44.003506, -9.995036 ], [ -44.003166, -9.994971 ], [ -44.00302, -9.994823 ], [ -44.002921, -9.994616 ], [ -44.002871899999903, -9.99449119999997 ], [ -44.002792, -9.994288 ], [ -44.002681, -9.994275 ], [ -44.002569, -9.994364 ], [ -44.002423, -9.994394 ], [ -44.002333, -9.994326 ], [ -44.002319999999898, -9.994161 ], [ -44.002273, -9.994064 ], [ -44.00211, -9.994136 ], [ -44.00193, -9.994364 ], [ -44.001887, -9.994567 ], [ -44.001731999999897, -9.994753 ], [ -44.001393, -9.994867 ], [ -44.001119, -9.99485 ], [ -44.000934, -9.994651 ], [ -44.000608999999898, -9.9943 ], [ -44.000317, -9.994266 ], [ -44.000017, -9.994262 ], [ -43.999562, -9.994347 ], [ -43.999249, -9.994689 ], [ -43.998982, -9.994989 ], [ -43.998669, -9.99517 ], [ -43.998416, -9.995365 ], [ -43.99812, -9.995721 ], [ -43.997811, -9.995856 ], [ -43.997489, -9.995974 ], [ -43.997159, -9.996025 ], [ -43.996983, -9.996126 ], [ -43.996794, -9.996329 ], [ -43.996678, -9.996405 ], [ -43.996305999999898, -9.996307 ], [ -43.996095, -9.996388 ], [ -43.995166, -9.996146 ], [ -43.994492, -9.995973 ], [ -43.993789, -9.99607 ], [ -43.992544, -9.996061 ], [ -43.991814, -9.995888 ], [ -43.991598, -9.995624 ], [ -43.991425999999898, -9.995214 ], [ -43.991219999999899, -9.994953 ], [ -43.991053, -9.994718 ], [ -43.990851, -9.994262 ], [ -43.990915, -9.993848 ], [ -43.991286, -9.993247 ], [ -43.991367, -9.992947 ], [ -43.99126, -9.992656 ], [ -43.991413, -9.992047 ], [ -43.991679, -9.991785 ], [ -43.991752, -9.991684 ], [ -43.991731, -9.991553 ], [ -43.991452, -9.991316 ], [ -43.991082999999897, -9.991135 ], [ -43.991044, -9.990902 ], [ -43.991078, -9.990649 ], [ -43.991237, -9.990336 ], [ -43.991242, -9.990053 ], [ -43.991048, -9.989935 ], [ -43.990882, -9.989968 ], [ -43.990762, -9.990078 ], [ -43.990582, -9.990091 ], [ -43.990238, -9.989786 ], [ -43.989753, -9.989643 ], [ -43.989481, -9.98945 ], [ -43.989274, -9.989432 ], [ -43.989128, -9.989307 ], [ -43.989308999999899, -9.989117 ], [ -43.989365, -9.988956 ], [ -43.989, -9.988701 ], [ -43.988775, -9.988452 ], [ -43.988468, -9.988203 ], [ -43.987762, -9.987937 ], [ -43.987324, -9.988038 ], [ -43.986887, -9.987776 ], [ -43.98626, -9.987489 ], [ -43.985954999999898, -9.98732 ], [ -43.985701999999897, -9.987012 ], [ -43.985578, -9.986763 ], [ -43.985543, -9.986492 ], [ -43.98526, -9.98605 ], [ -43.984827, -9.985788 ], [ -43.984612, -9.985771 ], [ -43.983981, -9.985822 ], [ -43.98378, -9.985724 ], [ -43.983625, -9.985425 ], [ -43.983423, -9.985053 ], [ -43.983222, -9.984778 ], [ -43.983066999999899, -9.984706 ], [ -43.982774999999897, -9.984711 ], [ -43.982101, -9.984453 ], [ -43.98198, -9.983992 ], [ -43.98195, -9.983739 ], [ -43.981701, -9.983591 ], [ -43.981473999999899, -9.983519 ], [ -43.981126, -9.98357 ], [ -43.980852, -9.983523 ], [ -43.980375, -9.983401 ], [ -43.980077999999899, -9.983164 ], [ -43.979799, -9.983071 ], [ -43.979619, -9.983025 ], [ -43.979568, -9.982847 ], [ -43.979515999999897, -9.982678 ], [ -43.979319, -9.982632 ], [ -43.978915, -9.982649 ], [ -43.978628, -9.98267 ], [ -43.978193, -9.982458 ], [ -43.978129, -9.982268 ], [ -43.978043, -9.982204 ], [ -43.977888, -9.982323 ], [ -43.977764, -9.982682 ], [ -43.977631, -9.982825 ], [ -43.977378, -9.983121 ], [ -43.976807, -9.983336 ], [ -43.976279, -9.983543 ], [ -43.976102, -9.983682 ], [ -43.975965, -9.983851 ], [ -43.975912999999899, -9.984159 ], [ -43.9756, -9.984391 ], [ -43.97533, -9.984349 ], [ -43.974764999999898, -9.984345 ], [ -43.974147, -9.9841 ], [ -43.973937, -9.984133 ], [ -43.973700999999899, -9.984112 ], [ -43.973610999999899, -9.983897 ], [ -43.973602, -9.983403 ], [ -43.973542, -9.982963 ], [ -43.973469, -9.982676 ], [ -43.973289, -9.982334 ], [ -43.972999, -9.981963 ], [ -43.972703, -9.981528 ], [ -43.972519, -9.981329 ], [ -43.972347, -9.981367 ], [ -43.971969, -9.981612 ], [ -43.971785, -9.981452 ], [ -43.971871, -9.981228 ], [ -43.972004, -9.981152 ], [ -43.971982, -9.981 ], [ -43.971871, -9.980911 ], [ -43.971342999999898, -9.981038 ], [ -43.970802, -9.980827 ], [ -43.970429, -9.980552 ], [ -43.970041, -9.980341 ], [ -43.970024, -9.980164 ], [ -43.970071, -9.979927 ], [ -43.96996, -9.979716 ], [ -43.969715, -9.979518 ], [ -43.969006299999897, -9.97911939999995 ], [ -43.968975, -9.979106 ], [ -43.968916, -9.979201 ], [ -43.968792999999899, -9.97929 ], [ -43.968657999999898, -9.979386 ], [ -43.968524, -9.979555 ], [ -43.968401, -9.979713 ], [ -43.968277999999898, -9.979882 ], [ -43.968219, -9.980041 ], [ -43.968207999999898, -9.980284 ], [ -43.968261, -9.980706 ], [ -43.968319999999899, -9.980875 ], [ -43.968396, -9.981008 ], [ -43.968374, -9.981224 ], [ -43.968315, -9.981388 ], [ -43.968235, -9.981552 ], [ -43.968207999999898, -9.981721 ], [ -43.968165, -9.9819 ], [ -43.968063, -9.982043 ], [ -43.967972, -9.982117 ], [ -43.967854, -9.982191 ], [ -43.96772, -9.982276 ], [ -43.967596, -9.982376 ], [ -43.967451, -9.982582 ], [ -43.967317, -9.982862 ], [ -43.967221, -9.983174 ], [ -43.967092, -9.983528 ], [ -43.966985, -9.983744 ], [ -43.966942, -9.983913 ], [ -43.96691, -9.984125 ], [ -43.966968999999899, -9.984431 ], [ -43.967016999999899, -9.984584 ], [ -43.966979, -9.984796 ], [ -43.966813, -9.985329 ], [ -43.966695, -9.985456 ], [ -43.966556, -9.985556 ], [ -43.966379, -9.985678 ], [ -43.966132, -9.985968 ], [ -43.965912, -9.986243 ], [ -43.965755999999899, -9.986486 ], [ -43.965386, -9.986972 ], [ -43.965231, -9.987316 ], [ -43.965145, -9.987654 ], [ -43.965075, -9.988203 ], [ -43.965010999999897, -9.988615 ], [ -43.964936, -9.988769 ], [ -43.964807, -9.98889 ], [ -43.964312999999898, -9.98935 ], [ -43.96404, -9.989582 ], [ -43.963857, -9.989799 ], [ -43.963718, -9.990042 ], [ -43.963675, -9.990311 ], [ -43.963745, -9.990581 ], [ -43.963836, -9.991072 ], [ -43.963867999999898, -9.991257 ], [ -43.963836, -9.991368 ], [ -43.963729, -9.991627 ], [ -43.963326, -9.992414 ], [ -43.963197, -9.992657 ], [ -43.962939999999897, -9.992916 ], [ -43.962741, -9.993132 ], [ -43.962538, -9.993275 ], [ -43.962355, -9.993381 ], [ -43.962092, -9.993603 ], [ -43.961368, -9.994157 ], [ -43.961163999999897, -9.994374 ], [ -43.961046, -9.994569 ], [ -43.960977, -9.994728 ], [ -43.960998, -9.994929 ], [ -43.96095, -9.995071 ], [ -43.960918, -9.995599 ], [ -43.960864, -9.995985 ], [ -43.960864, -9.996329 ], [ -43.960805, -9.99664 ], [ -43.960698, -9.996931 ], [ -43.960569, -9.99719 ], [ -43.960557999999899, -9.99739 ], [ -43.960585, -9.997655 ], [ -43.960875, -9.998193 ], [ -43.961379, -9.998817 ], [ -43.96183, -9.999113 ], [ -43.962150999999899, -9.999398 ], [ -43.962441, -9.999858 ], [ -43.962854, -10.000465 ], [ -43.963112, -10.000851 ], [ -43.963251, -10.001141 ], [ -43.963401, -10.001474 ], [ -43.963546, -10.001886 ], [ -43.963739, -10.002161 ], [ -43.963723, -10.002314 ], [ -43.963664, -10.002584 ], [ -43.963642999999898, -10.003154 ], [ -43.963620999999897, -10.003846 ], [ -43.963552, -10.004559 ], [ -43.963524999999898, -10.005531 ], [ -43.963471, -10.00634 ], [ -43.963466, -10.006572 ], [ -43.963493, -10.006995 ], [ -43.963466, -10.007127 ], [ -43.963353, -10.007497 ], [ -43.963149, -10.007835 ], [ -43.963037, -10.008051 ], [ -43.962994, -10.008315 ], [ -43.962967, -10.00858 ], [ -43.963053, -10.008907 ], [ -43.963047, -10.009245 ], [ -43.962935, -10.009832 ], [ -43.962854, -10.010207 ], [ -43.962629, -10.010613 ], [ -43.962540299999901, -10.0107214 ], [ -43.962464, -10.0107821 ], [ -43.962269, -10.010893 ], [ -43.961969, -10.011025 ], [ -43.961871, -10.011063 ], [ -43.961665, -10.011168999999899 ], [ -43.961507, -10.011422 ], [ -43.960274, -10.012188 ], [ -43.960054, -10.012314 ], [ -43.959823, -10.012468 ], [ -43.959598, -10.012679 ], [ -43.959308, -10.012959 ], [ -43.959088, -10.013259999999899 ], [ -43.959001999999899, -10.01345 ], [ -43.959056, -10.013836 ], [ -43.958949, -10.014253 ], [ -43.95852, -10.015532 ], [ -43.958407, -10.015886 ], [ -43.958261999999898, -10.016117999999899 ], [ -43.958048, -10.01643 ], [ -43.957999, -10.016583 ], [ -43.958032, -10.01672 ], [ -43.958191999999897, -10.017042 ], [ -43.958551999999898, -10.017835 ], [ -43.958638, -10.018041 ], [ -43.958756, -10.018543 ], [ -43.958831, -10.018939 ], [ -43.958906, -10.019219 ], [ -43.958895, -10.019435 ], [ -43.958884, -10.019795 ], [ -43.958895, -10.020122 ], [ -43.958981, -10.020629 ], [ -43.959035, -10.020957 ], [ -43.958992, -10.021173 ], [ -43.958933, -10.02158 ], [ -43.958481999999897, -10.023651 ], [ -43.958182, -10.025188 ], [ -43.957973, -10.026329 ], [ -43.957892, -10.027005 ], [ -43.957758, -10.027745 ], [ -43.95771, -10.028268 ], [ -43.95764, -10.028543 ], [ -43.945212, -10.0351031 ], [ -43.9359823, -10.0492184 ], [ -43.9188104999999, -10.0654263 ], [ -43.9106854, -10.0611852 ], [ -43.88202, -10.0576313 ], [ -43.8823477, -10.052055699999899 ], [ -43.8741218, -10.0484562999999 ], [ -43.8680735, -10.0501477 ], [ -43.866017199999902, -10.0490748 ], [ -43.8657137, -10.0489163999999 ], [ -43.8656051, -10.048859799999899 ], [ -43.8549426, -10.0432966 ], [ -43.849137, -10.04026 ], [ -43.847687, -10.038774 ], [ -43.846651, -10.037992 ], [ -43.844192, -10.036155 ], [ -43.843746, -10.035909 ], [ -43.843403, -10.035803 ], [ -43.842295, -10.035191 ], [ -43.840440999999899, -10.034072 ], [ -43.839466, -10.033412 ], [ -43.837764999999898, -10.033005 ], [ -43.83676, -10.033043 ], [ -43.836300999999899, -10.032954 ], [ -43.835712999999899, -10.032670999999899 ], [ -43.834048, -10.032008 ], [ -43.833001, -10.031805 ], [ -43.832496, -10.031732 ], [ -43.832058, -10.03177 ], [ -43.830775, -10.032074 ], [ -43.829673, -10.032307999999899 ], [ -43.827866, -10.032442999999899 ], [ -43.826016, -10.032418 ], [ -43.824804, -10.032489 ], [ -43.822263, -10.033038 ], [ -43.821318, -10.033331 ], [ -43.820524, -10.033521 ], [ -43.819374, -10.033883999999899 ], [ -43.818423, -10.034039 ], [ -43.816895, -10.034031 ], [ -43.815891, -10.034149 ], [ -43.81481, -10.034342 ], [ -43.813162, -10.034270999999899 ], [ -43.812845, -10.034288 ], [ -43.811381, -10.034499 ], [ -43.81, -10.034612 ], [ -43.809408, -10.034548 ], [ -43.807172, -10.033973999999899 ], [ -43.805957, -10.033575 ], [ -43.804807, -10.033035 ], [ -43.803479, -10.032499 ], [ -43.801673, -10.031629 ], [ -43.801127999999899, -10.031536 ], [ -43.800812999999899, -10.031538 ], [ -43.799637, -10.031732 ], [ -43.797055, -10.032197 ], [ -43.795935, -10.0324 ], [ -43.794981999999898, -10.032535 ], [ -43.794366, -10.032479 ], [ -43.793542, -10.032381 ], [ -43.792937, -10.032187 ], [ -43.79177, -10.031668 ], [ -43.790431, -10.031089 ], [ -43.789257, -10.030642 ], [ -43.788262, -10.030211999999899 ], [ -43.787827999999898, -10.030043 ], [ -43.787202, -10.029899 ], [ -43.786661, -10.029658 ], [ -43.786163, -10.029367 ], [ -43.785440999999899, -10.029154 ], [ -43.783839999999898, -10.028647 ], [ -43.781142, -10.027832 ], [ -43.78079, -10.027655 ], [ -43.77982, -10.027376 ], [ -43.776432, -10.026308 ], [ -43.77378, -10.02543 ], [ -43.771189999999898, -10.024639 ], [ -43.769275999999898, -10.023997 ], [ -43.769066, -10.023983999999899 ], [ -43.767729599999903, -10.0244374 ], [ -43.763366, -10.025915 ], [ -43.762161, -10.026278999999899 ], [ -43.761339, -10.026426 ], [ -43.760764, -10.026552 ], [ -43.759875, -10.026751 ], [ -43.759438, -10.026759 ], [ -43.758269, -10.026716 ], [ -43.757638, -10.026660999999899 ], [ -43.757445, -10.02667 ], [ -43.756634, -10.027024 ], [ -43.756312, -10.02713 ], [ -43.755621, -10.027268999999899 ], [ -43.754897, -10.027407 ], [ -43.754162999999899, -10.027407 ], [ -43.753597, -10.027327 ], [ -43.752824, -10.027356 ], [ -43.752502, -10.02742 ], [ -43.751888999999899, -10.027448999999899 ], [ -43.751623, -10.027558 ], [ -43.750644, -10.028538 ], [ -43.749958999999897, -10.029319 ], [ -43.749662999999899, -10.029834 ], [ -43.749229, -10.030404 ], [ -43.748129999999897, -10.031421 ], [ -43.746972, -10.032363 ], [ -43.74605, -10.033057 ], [ -43.745351, -10.033598 ], [ -43.744763, -10.033707999999899 ], [ -43.7439644, -10.034261899999899 ], [ -43.743525, -10.034742 ], [ -43.743241, -10.035181 ], [ -43.743023999999899, -10.035379 ], [ -43.74168, -10.036439 ], [ -43.739357, -10.037973 ], [ -43.737482, -10.039181 ], [ -43.736652, -10.039809 ], [ -43.73575, -10.040443 ], [ -43.734532, -10.041186 ], [ -43.733418, -10.041858999999899 ], [ -43.733069999999898, -10.042227 ], [ -43.732182, -10.042776 ], [ -43.731864, -10.042974 ], [ -43.731563999999899, -10.04327 ], [ -43.730897, -10.04405 ], [ -43.73027, -10.04511 ], [ -43.728843, -10.047739 ], [ -43.728333, -10.048571 ], [ -43.728127, -10.04893 ], [ -43.727818, -10.04923 ], [ -43.727237, -10.049858 ], [ -43.726259, -10.050449 ], [ -43.725761, -10.050699 ], [ -43.725398, -10.050809 ], [ -43.724218, -10.050872 ], [ -43.723892, -10.050923 ], [ -43.723373, -10.050999 ], [ -43.722535999999899, -10.050999 ], [ -43.721128, -10.050956 ], [ -43.720042, -10.051116 ], [ -43.71912, -10.051402999999899 ], [ -43.717922, -10.051602 ], [ -43.717309, -10.051883 ], [ -43.716768, -10.052111 ], [ -43.715841, -10.052297 ], [ -43.715064, -10.052381 ], [ -43.714674, -10.052259 ], [ -43.714312999999898, -10.052208 ], [ -43.713334, -10.052355 ], [ -43.71069, -10.052643 ], [ -43.710501, -10.052723 ], [ -43.710235, -10.053091 ], [ -43.70966, -10.05383 ], [ -43.709334, -10.054044 ], [ -43.708557, -10.054622 ], [ -43.708313, -10.054686 ], [ -43.707518999999898, -10.05496 ], [ -43.707287, -10.055087 ], [ -43.706579, -10.055682 ], [ -43.705796, -10.056351999999899 ], [ -43.704821, -10.057032 ], [ -43.70347, -10.057385 ], [ -43.702022999999897, -10.057926 ], [ -43.700671, -10.058572 ], [ -43.700240999999899, -10.058681 ], [ -43.699919, -10.058702 ], [ -43.699327, -10.05855 ], [ -43.698585, -10.05844 ], [ -43.698177, -10.058448 ], [ -43.697657999999898, -10.058516 ], [ -43.696323, -10.058698999999899 ], [ -43.695482, -10.058779 ], [ -43.694688, -10.058889 ], [ -43.693911, -10.058981 ], [ -43.693691999999899, -10.059019 ], [ -43.693418, -10.059104 ], [ -43.693110299999901, -10.059230199999901 ], [ -43.6928506, -10.059359299999899 ], [ -43.6927049, -10.0594053 ], [ -43.6926518, -10.0602119 ], [ -43.6926486999999, -10.0602589 ], [ -43.6925098, -10.062371299999899 ], [ -43.6910597, -10.0690516999999 ], [ -43.6909514, -10.0727709 ], [ -43.6916443, -10.0758946 ], [ -43.692914899999899, -10.077395399999901 ], [ -43.696675899999903, -10.077950799999901 ], [ -43.6990675, -10.077774 ], [ -43.719936899999901, -10.072434999999899 ], [ -43.729928, -10.072255499999899 ], [ -43.745864299999901, -10.0728566999999 ], [ -43.7458763, -10.0728583 ], [ -43.7500342, -10.0734022999999 ], [ -43.759228499999899, -10.0746052 ], [ -43.7594529, -10.0746956999999 ], [ -43.759453699999902, -10.074696 ], [ -43.759454499999897, -10.0746963 ], [ -43.7596095, -10.0747588999999 ], [ -43.7596816, -10.074788 ], [ -43.7598715, -10.0748646 ], [ -43.7602722, -10.0750262 ], [ -43.7620156, -10.0757295 ], [ -43.7620664, -10.07575 ], [ -43.762113, -10.075768799999899 ], [ -43.762125599999898, -10.0757738999999 ], [ -43.766034499999897, -10.0800571 ], [ -43.768586399999897, -10.0856696 ], [ -43.771315, -10.0916715 ], [ -43.772535499999897, -10.0952171 ], [ -43.7731135, -10.0987842 ], [ -43.7722567, -10.102292299999901 ], [ -43.7687581, -10.108081599999901 ], [ -43.767005299999902, -10.114679599999899 ], [ -43.7659722, -10.1206920999999 ], [ -43.7657611, -10.1275954 ], [ -43.7665901, -10.1342591 ], [ -43.7667881, -10.1352312 ], [ -43.7669567, -10.1360597 ], [ -43.7676807, -10.1396172 ], [ -43.768460499999897, -10.1434502999999 ], [ -43.7700411, -10.1512193 ], [ -43.7748708, -10.1683025 ], [ -43.7790886, -10.180468399999899 ], [ -43.7848162, -10.191678 ], [ -43.7978479, -10.208843199999899 ], [ -43.809090399999903, -10.2214402999999 ], [ -43.827025799999902, -10.2378484 ], [ -43.834433299999901, -10.2456933 ], [ -43.8372651, -10.2500681999999 ], [ -43.8379548999999, -10.2522997 ], [ -43.838747, -10.257250699999901 ], [ -43.838305799999901, -10.2652343 ] ] ] ] } },
{ "type": "Feature", "properties": { "CD_MUN": "2209203", "NM_MUN": "Santa Filomena", "CD_RGI": "220015", "NM_RGI": "Corrente", "CD_RGINT": "2205", "NM_RGINT": "Corrente - Bom Jesus", "CD_UF": "22", "NM_UF": "Piauí", "SIGLA_UF": "PI", "CD_REGIAO": "2", "NM_REGIAO": "Nordeste", "SIGLA_RG": "NE", "CD_CONCURB": null, "NM_CONCURB": null, "AREA_KM2": 5293.693 }, "geometry": { "type": "MultiPolygon", "coordinates": [ [ [ [ -45.9079225999999, -9.296109599999969 ], [ -45.907330699999903, -9.294380399999969 ], [ -45.906984099999903, -9.292696799999931 ], [ -45.9066167, -9.291584 ], [ -45.906059399999897, -9.291116599999951 ], [ -45.9055476999999, -9.29087259999994 ], [ -45.9045735999999, -9.290566699999941 ], [ -45.903858199999902, -9.29046839999995 ], [ -45.903046199999899, -9.29059079999996 ], [ -45.9024345, -9.29091489999996 ], [ -45.9012934, -9.291812799999949 ], [ -45.9006184, -9.292025 ], [ -45.9000871, -9.292001 ], [ -45.899705, -9.29174189999998 ], [ -45.898426, -9.29096679999998 ], [ -45.897319599999904, -9.289593899999939 ], [ -45.8972487999999, -9.288711899999949 ], [ -45.897535699999899, -9.28739809999996 ], [ -45.897823899999899, -9.285847 ], [ -45.8978104, -9.284195899999929 ], [ -45.897484899999903, -9.28254509999994 ], [ -45.89658, -9.281072 ], [ -45.8964319, -9.280304399999981 ], [ -45.8964427, -9.279639199999959 ], [ -45.8965702, -9.278863199999931 ], [ -45.8969063, -9.27813969999994 ], [ -45.8984027, -9.27669549999996 ], [ -45.9007247, -9.27467269999994 ], [ -45.9019422, -9.27292189999997 ], [ -45.902907099999901, -9.270553799999959 ], [ -45.904297799999902, -9.267193 ], [ -45.9044382, -9.266258 ], [ -45.9044347, -9.265822199999951 ], [ -45.9042568, -9.265260799999959 ], [ -45.9038972, -9.264906799999951 ], [ -45.9034212, -9.264826399999951 ], [ -45.901652899999903, -9.26480309999994 ], [ -45.900571699999901, -9.26460489999994 ], [ -45.899405699999903, -9.26368529999996 ], [ -45.8987372, -9.26296929999995 ], [ -45.8982626, -9.26218969999996 ], [ -45.8981365, -9.261160599999929 ], [ -45.8984705, -9.259477 ], [ -45.899327399999898, -9.25774749999994 ], [ -45.9006323, -9.25543309999995 ], [ -45.901650199999899, -9.253134099999951 ], [ -45.902137, -9.251538 ], [ -45.9022118, -9.25099359999996 ], [ -45.9016402, -9.249410199999939 ], [ -45.9007134, -9.24814269999996 ], [ -45.899010299999901, -9.246947699999961 ], [ -45.8986057, -9.246046399999949 ], [ -45.8983954, -9.244915 ], [ -45.898747199999903, -9.242932399999971 ], [ -45.898747899999897, -9.24076929999995 ], [ -45.899152899999898, -9.238816 ], [ -45.8991602, -9.237803299999941 ], [ -45.8987893, -9.237182099999931 ], [ -45.897738499999903, -9.23664279999997 ], [ -45.8972165, -9.236023499999931 ], [ -45.8969268, -9.23509889999997 ], [ -45.896970199999899, -9.233931899999959 ], [ -45.8972876999999, -9.23325959999994 ], [ -45.8984055, -9.23265069999997 ], [ -45.8991144, -9.23234849999994 ], [ -45.8998994, -9.23214669999993 ], [ -45.9019913, -9.232133 ], [ -45.9027928, -9.231914499999959 ], [ -45.9033537, -9.23140329999995 ], [ -45.903702199999898, -9.231010399999951 ], [ -45.903948699999901, -9.230554299999939 ], [ -45.903947699999897, -9.230129599999939 ], [ -45.903848799999899, -9.22964189999993 ], [ -45.903367699999897, -9.228614299999951 ], [ -45.9022165, -9.227314699999971 ], [ -45.901281599999898, -9.22582079999995 ], [ -45.9008171, -9.22427939999994 ], [ -45.9009607, -9.22299849999996 ], [ -45.9013897, -9.221481199999969 ], [ -45.9021104999999, -9.22000649999995 ], [ -45.9023438, -9.218703 ], [ -45.9018023, -9.216998199999979 ], [ -45.901395799999896, -9.21509869999994 ], [ -45.9015573, -9.21368079999996 ], [ -45.9012724, -9.21268009999994 ], [ -45.8997747, -9.21115089999995 ], [ -45.899038, -9.20991969999994 ], [ -45.8988628, -9.20894409999994 ], [ -45.899138799999903, -9.20773739999993 ], [ -45.900011, -9.206137499999951 ], [ -45.900815899999898, -9.20526739999997 ], [ -45.9019153, -9.20391679999994 ], [ -45.9024284, -9.20256629999994 ], [ -45.9024772, -9.201698 ], [ -45.9025994, -9.199889199999969 ], [ -45.9029659, -9.198683299999971 ], [ -45.9039432, -9.19663329999997 ], [ -45.905848799999902, -9.192870899999949 ], [ -45.906093199999901, -9.191255 ], [ -45.905957, -9.190628 ], [ -45.9056778, -9.19009729999993 ], [ -45.905102699999901, -9.189611199999939 ], [ -45.904431799999898, -9.189354099999949 ], [ -45.9040462, -9.189447599999941 ], [ -45.9036743999999, -9.189639099999971 ], [ -45.902379499999903, -9.190603799999961 ], [ -45.901770199999902, -9.19099209999996 ], [ -45.9010602, -9.191255 ], [ -45.900380799999901, -9.19128179999996 ], [ -45.8997653, -9.19113439999995 ], [ -45.899230499999902, -9.190813599999959 ], [ -45.8986414, -9.19021789999994 ], [ -45.897859599999897, -9.188770799999929 ], [ -45.8975909, -9.18729959999996 ], [ -45.8976886, -9.18529779999994 ], [ -45.8985681999999, -9.183127099999981 ], [ -45.8997653, -9.18069109999993 ], [ -45.9006204, -9.17861689999995 ], [ -45.9017932, -9.17772439999993 ], [ -45.9040409, -9.17591549999997 ], [ -45.9056045, -9.174203 ], [ -45.906532899999902, -9.17343119999998 ], [ -45.907040299999899, -9.173241 ], [ -45.907925599999899, -9.173117699999979 ], [ -45.9089028, -9.17278 ], [ -45.9093657, -9.17245069999996 ], [ -45.910246599999901, -9.171622299999971 ], [ -45.911590299999901, -9.16988569999995 ], [ -45.9128119, -9.16855909999998 ], [ -45.9139602, -9.16708779999993 ], [ -45.914326699999897, -9.165857599999979 ], [ -45.914546599999902, -9.164434599999939 ], [ -45.915010799999898, -9.16301149999993 ], [ -45.9154506, -9.162480799999971 ], [ -45.916501099999898, -9.16139539999995 ], [ -45.9176739, -9.159538199999931 ], [ -45.9187, -9.156499 ], [ -45.9192131, -9.154279899999951 ], [ -45.9199705, -9.15184369999997 ], [ -45.920679, -9.150227599999941 ], [ -45.920972199999902, -9.148876799999931 ], [ -45.9211872, -9.147841799999981 ], [ -45.9213631, -9.14699539999998 ], [ -45.9221449, -9.14537929999995 ], [ -45.923024499999897, -9.14369079999994 ], [ -45.924050599999902, -9.142677699999981 ], [ -45.9259807, -9.14123039999993 ], [ -45.9275688, -9.139686599999949 ], [ -45.928741499999902, -9.137588 ], [ -45.9290836, -9.13604419999996 ], [ -45.9293767, -9.134452099999979 ], [ -45.9294012, -9.133077199999949 ], [ -45.929279, -9.13141269999994 ], [ -45.9294012, -9.130086 ], [ -45.929498899999899, -9.12762549999997 ], [ -45.9292301999999, -9.12649179999994 ], [ -45.928375, -9.12480319999997 ], [ -45.9280709, -9.124039899999961 ], [ -45.927974499999898, -9.123798 ], [ -45.9277887, -9.123331699999939 ], [ -45.9274222, -9.121812 ], [ -45.9273, -9.12017159999994 ], [ -45.9273, -9.11838649999993 ], [ -45.9272756, -9.116456599999941 ], [ -45.9270069, -9.11539519999997 ], [ -45.9262006, -9.11399609999995 ], [ -45.9260748, -9.113789099999959 ], [ -45.9248813, -9.111824899999929 ], [ -45.924368199999897, -9.11020869999993 ], [ -45.9241239, -9.108881799999949 ], [ -45.9241239, -9.107362 ], [ -45.9246125, -9.10634879999998 ], [ -45.925736399999899, -9.105335599999931 ], [ -45.9272756, -9.10420179999994 ], [ -45.928130699999898, -9.102706099999979 ], [ -45.928091799999898, -9.10200569999995 ], [ -45.927935499999897, -9.101331 ], [ -45.9272735, -9.100781299999939 ], [ -45.9265182, -9.100341899999931 ], [ -45.924734699999902, -9.09961819999995 ], [ -45.9232443, -9.098991 ], [ -45.9227068, -9.09805009999997 ], [ -45.9227801, -9.097109299999939 ], [ -45.9232688, -9.096337299999959 ], [ -45.923733, -9.09510689999996 ], [ -45.9236597, -9.093900699999949 ], [ -45.9233421, -9.09197069999993 ], [ -45.9232198999999, -9.08999239999997 ], [ -45.923363499999901, -9.08945739999996 ], [ -45.923610799999899, -9.08902739999996 ], [ -45.9240955, -9.08869 ], [ -45.924768899999897, -9.08846159999996 ], [ -45.928057399999901, -9.088593199999931 ], [ -45.931282399999901, -9.08868969999997 ], [ -45.9320643, -9.08825539999998 ], [ -45.9325481, -9.08731069999993 ], [ -45.933118599999901, -9.08562479999995 ], [ -45.9331423, -9.08479689999996 ], [ -45.9330001, -9.084146499999971 ], [ -45.9326833, -9.08367439999995 ], [ -45.9324038, -9.08344269999998 ], [ -45.9309104, -9.08267749999993 ], [ -45.9292897, -9.08199509999997 ], [ -45.9286385999999, -9.08146859999994 ], [ -45.928144599999897, -9.08046339999993 ], [ -45.9280714, -9.079921899999929 ], [ -45.9281444, -9.079367199999981 ], [ -45.928454799999898, -9.078854799999929 ], [ -45.929034699999903, -9.078364 ], [ -45.9300608, -9.077205899999971 ], [ -45.930940399999898, -9.075131099999959 ], [ -45.930918399999896, -9.074248299999971 ], [ -45.9307449, -9.07334579999997 ], [ -45.929294899999903, -9.07080179999997 ], [ -45.929285799999903, -9.070094099999951 ], [ -45.929657399999897, -9.06904609999998 ], [ -45.9311731, -9.06770279999995 ], [ -45.9325621, -9.066991 ], [ -45.937707799999899, -9.06393789999993 ], [ -45.9383299, -9.063188399999939 ], [ -45.9387189, -9.06220809999996 ], [ -45.9389401, -9.06127239999995 ], [ -45.9389244, -9.060162399999969 ], [ -45.9390698, -9.058716499999949 ], [ -45.939393799999898, -9.05771169999997 ], [ -45.940755, -9.055579899999939 ], [ -45.940974099999899, -9.05510709999993 ], [ -45.9411292, -9.053393 ], [ -45.9408207, -9.05225139999993 ], [ -45.940894899999897, -9.050478399999969 ], [ -45.9407962, -9.04926259999996 ], [ -45.9403535, -9.048513199999951 ], [ -45.939345, -9.04752979999995 ], [ -45.937962399999897, -9.04639909999997 ], [ -45.937429199999897, -9.04572979999995 ], [ -45.9366085999999, -9.043524599999961 ], [ -45.9359734, -9.04111179999995 ], [ -45.9358573, -9.039692699999931 ], [ -45.9361688, -9.038312899999941 ], [ -45.937292699999901, -9.036961699999949 ], [ -45.9387586, -9.03556219999996 ], [ -45.9402734, -9.034500499999981 ], [ -45.9423983, -9.03271939999996 ], [ -45.943693799999899, -9.03030209999997 ], [ -45.9459365, -9.02513839999995 ], [ -45.946161199999899, -9.024062099999981 ], [ -45.9457401, -9.022786399999969 ], [ -45.944817699999902, -9.02108469999996 ], [ -45.944572999999899, -9.018565 ], [ -45.9436408, -9.015773099999929 ], [ -45.943779, -9.01511489999996 ], [ -45.944133599999901, -9.01432829999993 ], [ -45.945863, -9.01312319999994 ], [ -45.9478961, -9.012011799999931 ], [ -45.9506809, -9.00971429999993 ], [ -45.953604, -9.00664459999996 ], [ -45.955031, -9.004927699999939 ], [ -45.9566733999999, -9.003342099999941 ], [ -45.9581575, -9.002407799999959 ], [ -45.9584507, -9.00139429999996 ], [ -45.958792699999897, -8.99965689999993 ], [ -45.959332399999901, -8.998162 ], [ -45.9605165, -8.996316199999971 ], [ -45.9610646, -8.99457839999997 ], [ -45.96106, -8.99274069999996 ], [ -45.9611871, -8.991500499999971 ], [ -45.9621155, -8.98995609999997 ], [ -45.9640211, -8.987687699999981 ], [ -45.964754099999901, -8.985805399999951 ], [ -45.9663666, -8.98184769999995 ], [ -45.9672662, -8.979289699999979 ], [ -45.9676375, -8.977572499999949 ], [ -45.967926299999903, -8.976728099999949 ], [ -45.9688098, -8.97586289999998 ], [ -45.9709109, -8.974704499999969 ], [ -45.973891599999902, -8.97282209999997 ], [ -45.9765211, -8.97036939999998 ], [ -45.978172399999899, -8.969231399999961 ], [ -45.9808791, -8.966692299999981 ], [ -45.983420099999897, -8.963748 ], [ -45.986058699999901, -8.95998319999995 ], [ -45.9876446, -8.956828799999929 ], [ -45.9882622, -8.955055499999959 ], [ -45.988376899999899, -8.95374689999994 ], [ -45.9886681, -8.95267869999998 ], [ -45.9894011, -8.95201759999998 ], [ -45.9900741, -8.951628 ], [ -45.9907835, -8.95109749999995 ], [ -45.9911913, -8.950212 ], [ -45.991355199999902, -8.94938189999993 ], [ -45.9909058, -8.94812549999995 ], [ -45.990314899999902, -8.946798499999939 ], [ -45.990092699999899, -8.94556129999995 ], [ -45.9901679, -8.944044399999941 ], [ -45.9905734, -8.942409 ], [ -45.9914206999999, -8.940606399999981 ], [ -45.9925567, -8.93911919999994 ], [ -45.993665099999902, -8.93789849999996 ], [ -45.9940515, -8.93724439999994 ], [ -45.9941843, -8.936012499999951 ], [ -45.994259, -8.93374539999996 ], [ -45.9941312, -8.93197709999993 ], [ -45.9948542, -8.928994099999951 ], [ -45.9950893, -8.926991599999949 ], [ -45.994906699999902, -8.92631749999993 ], [ -45.994586, -8.925736499999971 ], [ -45.993975, -8.924819299999969 ], [ -45.9915419, -8.922252 ], [ -45.989645, -8.92035779999998 ], [ -45.9884068, -8.919735199999931 ], [ -45.986819599999897, -8.919362 ], [ -45.98592, -8.918969 ], [ -45.9854233, -8.91814879999993 ], [ -45.9852769, -8.91687779999995 ], [ -45.9859121, -8.914029599999941 ], [ -45.9866451, -8.911809099999971 ], [ -45.9864985, -8.90997459999994 ], [ -45.985374599999901, -8.908767799999961 ], [ -45.9842996, -8.90717469999993 ], [ -45.9833712, -8.906257499999979 ], [ -45.9816501, -8.90569249999993 ], [ -45.980573, -8.904828299999959 ], [ -45.979657599999904, -8.90366969999997 ], [ -45.9799507, -8.90181619999993 ], [ -45.9804047, -8.900929299999969 ], [ -45.980610399999897, -8.89954729999994 ], [ -45.980757, -8.89783349999993 ], [ -45.9812701, -8.895878299999939 ], [ -45.982902399999901, -8.892377599999969 ], [ -45.9837421, -8.890267 ], [ -45.9837277, -8.889679199999931 ], [ -45.9832977, -8.888574 ], [ -45.9821893, -8.88668229999996 ], [ -45.9808399, -8.88429629999996 ], [ -45.9799007, -8.883194199999931 ], [ -45.9786314, -8.882216 ], [ -45.975917799999898, -8.881067099999941 ], [ -45.973705799999898, -8.88031279999996 ], [ -45.9708274, -8.879347 ], [ -45.969141799999903, -8.878507399999931 ], [ -45.968059, -8.87751659999998 ], [ -45.967338, -8.876361399999951 ], [ -45.967182599999902, -8.87521719999995 ], [ -45.9673526999999, -8.874448 ], [ -45.9678325, -8.87381549999998 ], [ -45.9687082, -8.873519 ], [ -45.969304599999901, -8.87339129999998 ], [ -45.9699529, -8.87309749999997 ], [ -45.971595, -8.87120849999997 ], [ -45.973740399999897, -8.86822979999994 ], [ -45.973839499999897, -8.86744609999994 ], [ -45.9735496, -8.86667019999993 ], [ -45.972777699999902, -8.865910299999941 ], [ -45.9724896, -8.86530509999994 ], [ -45.9724242, -8.864499299999981 ], [ -45.9725723, -8.86358029999997 ], [ -45.9723991, -8.86283769999994 ], [ -45.972019799999899, -8.86239669999998 ], [ -45.970941799999899, -8.86162539999998 ], [ -45.9697482, -8.86084429999994 ], [ -45.968129, -8.859932799999971 ], [ -45.9670604, -8.85910769999998 ], [ -45.9663666, -8.85826939999993 ], [ -45.9634351999999, -8.855513 ], [ -45.9623875999999, -8.854071799999931 ], [ -45.9609181, -8.85252839999993 ], [ -45.9601287, -8.851638 ], [ -45.9596435, -8.850510699999971 ], [ -45.959301599999897, -8.849289 ], [ -45.9591598, -8.847852499999931 ], [ -45.959374099999899, -8.84475049999998 ], [ -45.959272199999901, -8.842075899999941 ], [ -45.958709999999897, -8.840879 ], [ -45.958369499999897, -8.84040929999998 ], [ -45.9578936, -8.84004229999994 ], [ -45.957322299999902, -8.840056 ], [ -45.9565997, -8.84027739999993 ], [ -45.9559586, -8.84054989999993 ], [ -45.9535154, -8.842432899999951 ], [ -45.952619399999897, -8.84363529999996 ], [ -45.9516047, -8.84434249999993 ], [ -45.950731399999903, -8.8448 ], [ -45.950265, -8.84500369999995 ], [ -45.9498106, -8.84502559999993 ], [ -45.9493548, -8.84489569999994 ], [ -45.9487228, -8.84445489999996 ], [ -45.947456299999899, -8.84349519999995 ], [ -45.946667799999901, -8.842698199999971 ], [ -45.9461562, -8.84165019999995 ], [ -45.9453154999999, -8.838864399999981 ], [ -45.9449137, -8.83722329999995 ], [ -45.944704499999901, -8.83575959999996 ], [ -45.944919599999899, -8.83347569999995 ], [ -45.9452927, -8.83232209999994 ], [ -45.9460882, -8.83074829999993 ], [ -45.9470166, -8.82978259999993 ], [ -45.948212899999902, -8.82923879999993 ], [ -45.9500063999999, -8.82886779999995 ], [ -45.951774199999903, -8.82811519999996 ], [ -45.9540041, -8.827416599999941 ], [ -45.9556691, -8.826977 ], [ -45.9571802, -8.826450899999941 ], [ -45.9585848, -8.82573449999995 ], [ -45.9594814, -8.824973099999969 ], [ -45.959814299999898, -8.824390199999931 ], [ -45.9600482, -8.823558199999979 ], [ -45.960062799999903, -8.82210389999995 ], [ -45.960503, -8.82056009999997 ], [ -45.960833099999903, -8.819167599999959 ], [ -45.9607222, -8.81789419999996 ], [ -45.959784199999902, -8.815518 ], [ -45.9574438, -8.81219639999995 ], [ -45.955972599999903, -8.80994219999997 ], [ -45.954658499999901, -8.80839629999997 ], [ -45.953680399999897, -8.806926899999951 ], [ -45.9530118, -8.806271599999951 ], [ -45.9521391, -8.806150899999979 ], [ -45.9511696, -8.806078499999961 ], [ -45.9499033, -8.8056 ], [ -45.9485902, -8.804704699999951 ], [ -45.9457346, -8.80207129999997 ], [ -45.9430335, -8.799751399999931 ], [ -45.9402583, -8.79717879999993 ], [ -45.9388979, -8.795211 ], [ -45.9383384, -8.793959399999951 ], [ -45.9376832, -8.790896799999929 ], [ -45.9376874, -8.78989009999998 ], [ -45.937878399999903, -8.78875829999993 ], [ -45.9383923, -8.78682129999993 ], [ -45.9385425, -8.783996799999951 ], [ -45.938245299999899, -8.782412299999979 ], [ -45.9377072999999, -8.781243699999949 ], [ -45.936886699999903, -8.780161699999949 ], [ -45.934875, -8.77891029999995 ], [ -45.9331242, -8.778136599999931 ], [ -45.9283205, -8.776943899999941 ], [ -45.9272893999999, -8.77619549999997 ], [ -45.9266186, -8.77537929999994 ], [ -45.9261976, -8.774494 ], [ -45.9255946, -8.773161199999951 ], [ -45.9246269, -8.77082669999993 ], [ -45.9241966, -8.770300799999969 ], [ -45.9237085, -8.76999889999996 ], [ -45.9229756, -8.76971159999994 ], [ -45.9223982, -8.769559699999951 ], [ -45.921774099999901, -8.76951729999996 ], [ -45.9211084, -8.769577899999939 ], [ -45.9206923, -8.769485199999959 ], [ -45.920288099999901, -8.769276899999969 ], [ -45.9193696, -8.768792899999941 ], [ -45.9181381, -8.767876499999939 ], [ -45.91503, -8.76461159999997 ], [ -45.9134258, -8.762644199999951 ], [ -45.911692699999897, -8.760878399999971 ], [ -45.9087074, -8.758893899999981 ], [ -45.9071795, -8.758591199999961 ], [ -45.905741299999903, -8.75841979999996 ], [ -45.9041073, -8.75860889999996 ], [ -45.9025017, -8.75892889999994 ], [ -45.900675799999902, -8.759288399999949 ], [ -45.897810799999903, -8.759714899999951 ], [ -45.8964475, -8.76034229999993 ], [ -45.895269799999902, -8.76123239999993 ], [ -45.8933445, -8.76291119999996 ], [ -45.893043, -8.76309939999993 ], [ -45.8926033, -8.76317859999995 ], [ -45.8922438, -8.762984899999941 ], [ -45.8918982, -8.76275739999994 ], [ -45.8912893, -8.76156829999996 ], [ -45.8909072, -8.760303299999981 ], [ -45.890727599999899, -8.75927939999997 ], [ -45.8908721, -8.75836269999996 ], [ -45.8913607, -8.755658199999971 ], [ -45.8908721, -8.75406449999997 ], [ -45.889978299999903, -8.752284199999959 ], [ -45.8896994, -8.751166799999959 ], [ -45.889685299999897, -8.75030869999995 ], [ -45.889943699999897, -8.74899349999993 ], [ -45.8896505, -8.74556449999994 ], [ -45.8901516, -8.742378299999929 ], [ -45.8903182, -8.740555 ], [ -45.8898847, -8.73926219999993 ], [ -45.889393599999899, -8.73854179999995 ], [ -45.888837099999897, -8.73801769999994 ], [ -45.8851442, -8.735728199999929 ], [ -45.8842599, -8.735039899999951 ], [ -45.8830619, -8.734521899999949 ], [ -45.8796609, -8.733851099999979 ], [ -45.878624199999898, -8.73338119999994 ], [ -45.877747499999899, -8.732831 ], [ -45.8761966, -8.73200569999995 ], [ -45.874844799999899, -8.73151029999997 ], [ -45.8737169, -8.731397699999951 ], [ -45.8723916, -8.731398499999949 ], [ -45.870461799999902, -8.731724099999949 ], [ -45.8690675, -8.731928 ], [ -45.867955, -8.731848299999969 ], [ -45.866667, -8.73124479999996 ], [ -45.8653652, -8.73083409999998 ], [ -45.86441, -8.730474799999969 ], [ -45.8637039, -8.729964699999931 ], [ -45.8632961, -8.72917 ], [ -45.8631563, -8.72816349999994 ], [ -45.8630929, -8.72703759999996 ], [ -45.8640012, -8.724726899999951 ], [ -45.8640655, -8.723146499999929 ], [ -45.8637983, -8.72154229999995 ], [ -45.8637039, -8.720256799999961 ], [ -45.8639605, -8.719403799999951 ], [ -45.8647058, -8.717957499999949 ], [ -45.865040099999902, -8.71708439999998 ], [ -45.8649603, -8.716474499999951 ], [ -45.8646626, -8.715978499999951 ], [ -45.8642273, -8.715523 ], [ -45.8605006, -8.71404829999994 ], [ -45.8585732, -8.71359149999995 ], [ -45.8553482, -8.71161119999994 ], [ -45.8538659, -8.71081749999996 ], [ -45.8522844, -8.710336299999939 ], [ -45.8502252, -8.710193299999959 ], [ -45.8483118, -8.710342 ], [ -45.8452526, -8.71175739999995 ], [ -45.8423993, -8.71460579999996 ], [ -45.841757399999899, -8.715251499999971 ], [ -45.841217, -8.71565479999998 ], [ -45.840831, -8.71576619999996 ], [ -45.840406899999898, -8.715529 ], [ -45.8400296, -8.715123699999941 ], [ -45.839325899999899, -8.714035199999961 ], [ -45.8388811, -8.71277039999995 ], [ -45.8381974, -8.71024419999998 ], [ -45.8382458, -8.70740909999995 ], [ -45.837561799999897, -8.705670199999931 ], [ -45.835806499999897, -8.70305789999998 ], [ -45.834432999999898, -8.700347 ], [ -45.833496, -8.69894619999997 ], [ -45.8325348, -8.69743929999993 ], [ -45.8318447, -8.695913299999971 ], [ -45.831541899999898, -8.694044199999951 ], [ -45.8301599, -8.689533 ], [ -45.8299878999999, -8.685190099999939 ], [ -45.828864, -8.682243599999939 ], [ -45.8258345, -8.676688599999981 ], [ -45.8245151, -8.67412849999994 ], [ -45.823044599999903, -8.67066959999994 ], [ -45.8227754, -8.669108199999931 ], [ -45.822340499999903, -8.66715789999995 ], [ -45.8218323, -8.665927 ], [ -45.821290099999899, -8.66480549999994 ], [ -45.8203091, -8.66375889999995 ], [ -45.8191919, -8.66278349999993 ], [ -45.817551799999897, -8.661520699999929 ], [ -45.8136674, -8.65833249999997 ], [ -45.8127812, -8.65730219999995 ], [ -45.8124796, -8.65646759999993 ], [ -45.8124367, -8.65594579999993 ], [ -45.8125329, -8.655521 ], [ -45.8127344, -8.65476219999994 ], [ -45.8131892, -8.65419919999994 ], [ -45.813687, -8.653916199999969 ], [ -45.814409, -8.65400279999994 ], [ -45.8153338, -8.654541 ], [ -45.8162842999999, -8.654906 ], [ -45.8169751, -8.655052 ], [ -45.8177866999999, -8.65497179999994 ], [ -45.8185199, -8.654664299999981 ], [ -45.8195946, -8.65402939999996 ], [ -45.8205526, -8.653375899999959 ], [ -45.8209181, -8.652788799999939 ], [ -45.821062299999902, -8.652116 ], [ -45.8214029, -8.65035159999996 ], [ -45.8220231, -8.648526 ], [ -45.8220216, -8.647843399999941 ], [ -45.821719899999898, -8.64727449999998 ], [ -45.8209242, -8.646329799999929 ], [ -45.8199854, -8.644901699999931 ], [ -45.8199135999999, -8.64377049999996 ], [ -45.820033899999899, -8.642347 ], [ -45.8198719, -8.640880399999959 ], [ -45.8195072, -8.63963279999996 ], [ -45.81765, -8.635593799999979 ], [ -45.815990999999897, -8.63275259999995 ], [ -45.8153287, -8.631907699999941 ], [ -45.814002899999899, -8.630760199999941 ], [ -45.8117228, -8.629197799999931 ], [ -45.8098727, -8.62756419999994 ], [ -45.808690199999901, -8.62615039999997 ], [ -45.8076083, -8.625095899999961 ], [ -45.8067948999999, -8.62431939999993 ], [ -45.8055075, -8.622763499999961 ], [ -45.8048719, -8.622202 ], [ -45.8041678, -8.621736 ], [ -45.803288199999898, -8.62135109999997 ], [ -45.802591199999902, -8.62124069999993 ], [ -45.7998878, -8.621134299999939 ], [ -45.798848099999901, -8.620925 ], [ -45.7982986, -8.620591299999941 ], [ -45.7981043999999, -8.62028449999997 ], [ -45.798091499999899, -8.61982329999995 ], [ -45.7988453, -8.61442779999993 ], [ -45.798566, -8.613628499999949 ], [ -45.797801299999897, -8.61299809999997 ], [ -45.796805199999902, -8.612808199999961 ], [ -45.7955899, -8.61293659999995 ], [ -45.7945546999999, -8.61360759999997 ], [ -45.792582099999898, -8.615569099999959 ], [ -45.7911412, -8.61630309999993 ], [ -45.7900354, -8.61666449999996 ], [ -45.789137799999899, -8.616834599999949 ], [ -45.782780499999902, -8.617200699999961 ], [ -45.7774735, -8.61743339999998 ], [ -45.7768490999999, -8.61732779999994 ], [ -45.7763836, -8.617151799999929 ], [ -45.7758468, -8.61635139999993 ], [ -45.7738169, -8.61397109999996 ], [ -45.771373599999897, -8.61190479999993 ], [ -45.76696, -8.610284699999969 ], [ -45.7664748, -8.609920399999959 ], [ -45.7661906, -8.60954559999993 ], [ -45.7660418, -8.60905279999997 ], [ -45.7660688, -8.608576399999951 ], [ -45.767066, -8.607280199999931 ], [ -45.7680118, -8.60663549999998 ], [ -45.773811599999902, -8.60500959999996 ], [ -45.7757404, -8.60395409999995 ], [ -45.77829, -8.602099099999981 ], [ -45.7797203, -8.60076039999996 ], [ -45.7807332, -8.599635 ], [ -45.782787799999902, -8.59740359999995 ], [ -45.7834357, -8.59707709999998 ], [ -45.7845227, -8.59675969999995 ], [ -45.7870366, -8.59601139999995 ], [ -45.7893821, -8.595093399999939 ], [ -45.7920207, -8.59383729999996 ], [ -45.7940584, -8.592418299999959 ], [ -45.7948031, -8.59179739999996 ], [ -45.795148, -8.59093829999995 ], [ -45.7950991, -8.590117 ], [ -45.795114199999901, -8.586474199999939 ], [ -45.794586799999898, -8.583711499999939 ], [ -45.793895899999903, -8.58265589999996 ], [ -45.792606799999902, -8.581804299999931 ], [ -45.7916772, -8.58156879999996 ], [ -45.790550799999899, -8.581603599999941 ], [ -45.789119099999901, -8.581710799999939 ], [ -45.7862059, -8.58151669999995 ], [ -45.7847813, -8.58130129999995 ], [ -45.783586899999897, -8.580787799999939 ], [ -45.7821678, -8.579764199999939 ], [ -45.780425, -8.57865579999998 ], [ -45.7782412, -8.57673329999994 ], [ -45.777032899999902, -8.575929299999929 ], [ -45.7750255999999, -8.57544609999997 ], [ -45.7724269, -8.574676499999949 ], [ -45.7707796, -8.57329709999993 ], [ -45.769450699999901, -8.570864099999939 ], [ -45.767539999999897, -8.56890579999992 ], [ -45.765664, -8.566239 ], [ -45.7646399, -8.564974799999961 ], [ -45.763547399999901, -8.563967199999979 ], [ -45.7624513, -8.562820699999969 ], [ -45.7618284, -8.561832199999969 ], [ -45.7614809, -8.560063499999959 ], [ -45.7613832, -8.557309299999931 ], [ -45.7616275, -8.553347 ], [ -45.761800299999898, -8.55092169999995 ], [ -45.7615948, -8.54994749999997 ], [ -45.7612081, -8.54950469999994 ], [ -45.7608526, -8.549234499999949 ], [ -45.7599164, -8.54902249999998 ], [ -45.7591791, -8.54867259999997 ], [ -45.756865499999897, -8.54580979999997 ], [ -45.753837299999901, -8.54206329999994 ], [ -45.7536519, -8.541489499999949 ], [ -45.753565, -8.54083189999994 ], [ -45.7540536, -8.53885069999995 ], [ -45.7549331, -8.53653119999996 ], [ -45.755240199999903, -8.535681 ], [ -45.7550888, -8.53269549999993 ], [ -45.7554352, -8.531190399999961 ], [ -45.756873799999902, -8.529097099999939 ], [ -45.757195099999898, -8.52816579999995 ], [ -45.757289399999898, -8.527551099999931 ], [ -45.757090199999901, -8.52693739999995 ], [ -45.7565984, -8.526289599999931 ], [ -45.7551776, -8.524603199999939 ], [ -45.753809299999901, -8.520149499999951 ], [ -45.753276899999904, -8.51820909999998 ], [ -45.7523403, -8.51690549999995 ], [ -45.7467859, -8.510963 ], [ -45.7456002, -8.509518 ], [ -45.744036499999901, -8.50700509999996 ], [ -45.7412755, -8.504511199999969 ], [ -45.7400177, -8.503671099999959 ], [ -45.7392575, -8.50249609999997 ], [ -45.7388127, -8.501071 ], [ -45.738677799999898, -8.500655599999959 ], [ -45.7387965, -8.500222599999971 ], [ -45.7392867, -8.499851499999981 ], [ -45.740591799999898, -8.499567199999939 ], [ -45.742595299999898, -8.49920419999995 ], [ -45.7446676, -8.498316399999959 ], [ -45.7468176, -8.496866599999979 ], [ -45.7475863, -8.495496 ], [ -45.7479168, -8.49410409999996 ], [ -45.7479456, -8.491782 ], [ -45.747310399999897, -8.48951059999996 ], [ -45.746088799999903, -8.486707499999969 ], [ -45.744720599999901, -8.48404939999995 ], [ -45.744007699999898, -8.48115979999994 ], [ -45.743333199999903, -8.477791399999941 ], [ -45.7428446, -8.47542319999997 ], [ -45.742668299999899, -8.473320199999931 ], [ -45.743205799999899, -8.47066209999997 ], [ -45.7434502, -8.46737559999997 ], [ -45.7434013, -8.464814 ], [ -45.743987699999899, -8.461334099999929 ], [ -45.7449161, -8.456887599999961 ], [ -45.7453558, -8.45268259999995 ], [ -45.7449161, -8.44915429999998 ], [ -45.743059199999898, -8.445674299999951 ], [ -45.7399808, -8.443160899999951 ], [ -45.7386329, -8.44232439999996 ], [ -45.7379536, -8.44159859999996 ], [ -45.7376872, -8.43996469999996 ], [ -45.736951299999902, -8.43726409999994 ], [ -45.7361594, -8.434914799999939 ], [ -45.734410399999902, -8.433397299999969 ], [ -45.7314117, -8.43105689999993 ], [ -45.7305013, -8.429569799999969 ], [ -45.7303975, -8.42923159999998 ], [ -45.7304253, -8.42888139999997 ], [ -45.7306725, -8.428423199999941 ], [ -45.7326024, -8.426291899999971 ], [ -45.7342149, -8.42457889999997 ], [ -45.7350385, -8.42278169999997 ], [ -45.7351868, -8.421878699999979 ], [ -45.7351097, -8.419730299999969 ], [ -45.7350652, -8.419080799999961 ], [ -45.7349187, -8.41856979999994 ], [ -45.7333431, -8.416047799999941 ], [ -45.7331758, -8.41517639999995 ], [ -45.7332865, -8.414449299999941 ], [ -45.733188799999901, -8.41295089999994 ], [ -45.7322604, -8.41106569999994 ], [ -45.730027199999903, -8.408710599999949 ], [ -45.728867299999898, -8.408088 ], [ -45.7278919, -8.40773809999996 ], [ -45.7245399, -8.40676359999998 ], [ -45.7233747, -8.406001099999971 ], [ -45.722594899999898, -8.405313399999949 ], [ -45.722141099999902, -8.40423709999993 ], [ -45.7219205, -8.40301219999998 ], [ -45.721266, -8.40057619999993 ], [ -45.7211922, -8.400027799999981 ], [ -45.721331, -8.39959459999994 ], [ -45.7217889, -8.399183299999949 ], [ -45.7235676, -8.39839969999997 ], [ -45.724443199999897, -8.397569499999969 ], [ -45.7248073, -8.39692539999993 ], [ -45.725014299999899, -8.396365 ], [ -45.7249452, -8.39558569999997 ], [ -45.724675499999897, -8.394824 ], [ -45.7241978, -8.39419529999998 ], [ -45.7217593, -8.39187939999994 ], [ -45.719921999999897, -8.390480399999941 ], [ -45.719458099999898, -8.390279699999949 ], [ -45.7173076, -8.390348299999969 ], [ -45.7169018, -8.39025109999994 ], [ -45.716593499999902, -8.389943 ], [ -45.715549, -8.388974499999961 ], [ -45.714607, -8.388297 ], [ -45.713984799999899, -8.38793429999993 ], [ -45.713399, -8.38777609999994 ], [ -45.710760299999897, -8.387814299999951 ], [ -45.709187, -8.388355 ], [ -45.708366, -8.38849109999995 ], [ -45.7077568, -8.388450199999969 ], [ -45.7072401, -8.38819019999994 ], [ -45.7063626, -8.387621 ], [ -45.706294899999897, -8.39023149999997 ], [ -45.7072267, -8.39023119999996 ], [ -45.7073199, -8.39062879999994 ], [ -45.706052199999903, -8.39160229999993 ], [ -45.707082899999897, -8.391648799999929 ], [ -45.707474499999897, -8.39125779999995 ], [ -45.7080151, -8.391501699999941 ], [ -45.7078213, -8.39262559999997 ], [ -45.708657699999897, -8.39360529999993 ], [ -45.708608899999902, -8.39418969999997 ], [ -45.707578, -8.39419239999995 ], [ -45.7078261, -8.39512049999996 ], [ -45.707089799999899, -8.395196399999969 ], [ -45.706744899999897, -8.394463299999931 ], [ -45.706154, -8.394317599999971 ], [ -45.7055215, -8.39642049999998 ], [ -45.7019392999999, -8.397454 ], [ -45.7001054999999, -8.400770699999949 ], [ -45.6993436, -8.400003799999981 ], [ -45.699097499999901, -8.40029769999995 ], [ -45.699787899999897, -8.40203249999996 ], [ -45.6990552, -8.40355059999996 ], [ -45.698760299999897, -8.403452199999951 ], [ -45.6990039, -8.402718799999951 ], [ -45.698169499999899, -8.402622599999971 ], [ -45.697922499999898, -8.40198819999995 ], [ -45.6973833, -8.401891 ], [ -45.696942299999897, -8.40237949999994 ], [ -45.694938299999897, -8.406051499999929 ], [ -45.695475299999899, -8.406589099999961 ], [ -45.6951346, -8.407567499999971 ], [ -45.6974446, -8.409542899999961 ], [ -45.6975444999999, -8.410180499999971 ], [ -45.695437399999904, -8.410477599999981 ], [ -45.6953353, -8.40964559999998 ], [ -45.6945974, -8.40945389999996 ], [ -45.693714999999898, -8.40994209999997 ], [ -45.6925366, -8.40979749999997 ], [ -45.6920464, -8.409994 ], [ -45.692048699999901, -8.410481 ], [ -45.692733099999899, -8.410628699999959 ], [ -45.693075399999898, -8.411900599999971 ], [ -45.6903831, -8.412002799999931 ], [ -45.6908703, -8.410754499999941 ], [ -45.6897407, -8.410365599999979 ], [ -45.6892958, -8.40968139999995 ], [ -45.6879218, -8.409633 ], [ -45.6875744, -8.40758039999997 ], [ -45.6853163, -8.407633499999969 ], [ -45.682080299999903, -8.40886279999995 ], [ -45.6817368, -8.40954749999997 ], [ -45.681885899999898, -8.41106419999994 ], [ -45.6811033, -8.411430899999971 ], [ -45.680174, -8.41397679999994 ], [ -45.6786559, -8.41627839999995 ], [ -45.6764487, -8.41755419999993 ], [ -45.6735095, -8.420639699999979 ], [ -45.6706172, -8.42272539999993 ], [ -45.668018699999898, -8.423951599999951 ], [ -45.6667449, -8.425275499999939 ], [ -45.6660596, -8.427574 ], [ -45.6642497, -8.429582899999961 ], [ -45.661990199999899, -8.430662299999939 ], [ -45.6617942, -8.431199699999979 ], [ -45.6627267, -8.431298 ], [ -45.6626793, -8.431982599999969 ], [ -45.6613588, -8.43403849999993 ], [ -45.662831099999899, -8.4345 ], [ -45.6633735999999, -8.43591939999993 ], [ -45.663865, -8.43591889999993 ], [ -45.6637196, -8.43714119999993 ], [ -45.6632279, -8.43724009999994 ], [ -45.6626371, -8.43616519999995 ], [ -45.6611157, -8.43616539999994 ], [ -45.6603837, -8.437342199999931 ], [ -45.659254, -8.438128399999931 ], [ -45.6598931999999, -8.43974039999995 ], [ -45.6590638, -8.441721599999941 ], [ -45.659707099999899, -8.444607299999969 ], [ -45.6576023, -8.44881709999993 ], [ -45.6574079, -8.45003739999993 ], [ -45.6579998, -8.451604599999939 ], [ -45.657756999999897, -8.452289499999949 ], [ -45.655546699999903, -8.451803499999929 ], [ -45.6554457, -8.450972499999979 ], [ -45.655102999999897, -8.4509 ], [ -45.6543179, -8.45129059999994 ], [ -45.6525561, -8.454083499999969 ], [ -45.6505921, -8.45442779999996 ], [ -45.6491682, -8.455458399999941 ], [ -45.649369, -8.456338799999971 ], [ -45.6486849, -8.457807399999981 ], [ -45.649961, -8.45785409999996 ], [ -45.6506979, -8.45927039999998 ], [ -45.650503899999897, -8.460005499999969 ], [ -45.6496200999999, -8.460716299999939 ], [ -45.6504085, -8.461889299999941 ], [ -45.6498695, -8.46291439999993 ], [ -45.647562999999899, -8.46321469999998 ], [ -45.645791099999897, -8.461651199999951 ], [ -45.6450063999999, -8.461605099999931 ], [ -45.644222, -8.462045899999961 ], [ -45.6427012, -8.46180519999996 ], [ -45.6403966, -8.462858199999969 ], [ -45.6400503, -8.463495199999951 ], [ -45.640786999999897, -8.46378829999998 ], [ -45.6409864, -8.465059799999951 ], [ -45.6428033, -8.46476169999994 ], [ -45.643735499999899, -8.465542199999961 ], [ -45.6440347, -8.46686419999997 ], [ -45.6429582, -8.468920499999969 ], [ -45.641044099999903, -8.47039079999996 ], [ -45.639474199999903, -8.470737 ], [ -45.6373685, -8.47232759999997 ], [ -45.635994599999897, -8.474141199999959 ], [ -45.635996299999903, -8.47590079999998 ], [ -45.6372766, -8.47805179999995 ], [ -45.637279, -8.479568899999951 ], [ -45.6398371, -8.482155899999951 ], [ -45.6396409, -8.48298769999997 ], [ -45.6383175, -8.483650599999979 ], [ -45.6336995, -8.481798399999951 ], [ -45.6315410999999, -8.48150919999995 ], [ -45.630066499999899, -8.48214729999995 ], [ -45.6311994, -8.48493329999997 ], [ -45.632333, -8.48639829999996 ], [ -45.631939799999898, -8.48718109999993 ], [ -45.6297751, -8.488099 ], [ -45.6265964, -8.491519199999971 ], [ -45.6242872, -8.491476299999929 ], [ -45.623796899999903, -8.49196349999994 ], [ -45.6228702, -8.495878 ], [ -45.6203183, -8.496299799999971 ], [ -45.6185484, -8.49468789999997 ], [ -45.6136405, -8.49621129999997 ], [ -45.6089267999999, -8.495582799999969 ], [ -45.606819599999902, -8.49585559999997 ], [ -45.604561499999903, -8.498745499999931 ], [ -45.6028428, -8.498993399999961 ], [ -45.601660599999903, -8.49635319999993 ], [ -45.600236799999898, -8.496697799999939 ], [ -45.599798899999897, -8.497529699999969 ], [ -45.5991099, -8.49762949999996 ], [ -45.596455999999897, -8.49623859999997 ], [ -45.594000799999897, -8.49638839999994 ], [ -45.592280199999898, -8.494778399999969 ], [ -45.592182799999897, -8.49321029999993 ], [ -45.5913421, -8.491696899999971 ], [ -45.5897719, -8.492091199999949 ], [ -45.589870399999903, -8.492775199999929 ], [ -45.5890891, -8.493608599999961 ], [ -45.5878109, -8.49360909999996 ], [ -45.586338399999903, -8.49451719999996 ], [ -45.5841286, -8.49383549999993 ], [ -45.5839753, -8.49217229999994 ], [ -45.5833392, -8.492223099999929 ], [ -45.5817469, -8.49448709999996 ], [ -45.577971299999902, -8.495569699999979 ], [ -45.5748067, -8.49724959999998 ], [ -45.574439599999899, -8.49886679999997 ], [ -45.5751784999999, -8.501161899999939 ], [ -45.5746918, -8.502433799999951 ], [ -45.573732699999901, -8.502875 ], [ -45.571302, -8.502120399999971 ], [ -45.570906, -8.500507499999969 ], [ -45.5688895, -8.499092499999961 ], [ -45.5674184, -8.499682 ], [ -45.567003, -8.50014739999995 ], [ -45.5672698, -8.50164839999997 ], [ -45.5685791, -8.50349469999998 ], [ -45.5683988, -8.50487339999995 ], [ -45.5692382, -8.50582289999994 ], [ -45.5687664, -8.50678639999995 ], [ -45.5663916, -8.50769829999996 ], [ -45.5660756, -8.50587769999993 ], [ -45.564768399999899, -8.505958899999939 ], [ -45.563381499999899, -8.50437389999996 ], [ -45.5633791, -8.502630699999941 ], [ -45.5610553, -8.50221659999994 ], [ -45.560062699999897, -8.50277879999993 ], [ -45.559655899999903, -8.50429479999997 ], [ -45.5597663, -8.504850199999961 ], [ -45.5599895, -8.505273799999941 ], [ -45.5620534, -8.506601299999939 ], [ -45.5623947, -8.507640299999929 ], [ -45.560203699999903, -8.509855399999941 ], [ -45.555658299999898, -8.50995289999997 ], [ -45.5534918, -8.51196079999994 ], [ -45.5511969, -8.51336729999997 ], [ -45.5505954, -8.51308329999995 ], [ -45.550462099999898, -8.510766399999969 ], [ -45.549779199999897, -8.509727199999929 ], [ -45.5486064, -8.5096 ], [ -45.5467275, -8.51150219999994 ], [ -45.546730899999901, -8.51307529999997 ], [ -45.548011599999903, -8.514895099999929 ], [ -45.5465239, -8.515782099999971 ], [ -45.5437294, -8.515656599999939 ], [ -45.541347, -8.51251029999997 ], [ -45.5402801, -8.51355389999998 ], [ -45.5399682, -8.515622199999941 ], [ -45.5401524, -8.51731369999993 ], [ -45.5414117, -8.520798299999971 ], [ -45.5406814, -8.52116279999996 ], [ -45.54013, -8.52025439999994 ], [ -45.5389038, -8.519709 ], [ -45.537962299999897, -8.520256899999939 ], [ -45.536077, -8.51661559999997 ], [ -45.5350836, -8.516799099999959 ], [ -45.5337003, -8.51850609999997 ], [ -45.5349629, -8.52261519999996 ], [ -45.5344658, -8.523319399999931 ], [ -45.5336316, -8.52337209999996 ], [ -45.53052, -8.522180299999951 ], [ -45.5297884, -8.522439199999949 ], [ -45.529398199999903, -8.523482099999971 ], [ -45.5255877, -8.52636149999995 ], [ -45.524598899999901, -8.528055399999969 ], [ -45.522663099999903, -8.52636629999995 ], [ -45.5197355, -8.526136599999971 ], [ -45.519266899999899, -8.526577399999949 ], [ -45.519137699999902, -8.52785409999996 ], [ -45.5196099, -8.52933619999993 ], [ -45.5192474, -8.531588499999939 ], [ -45.517313499999901, -8.53083709999993 ], [ -45.516478999999897, -8.531304899999951 ], [ -45.5143164, -8.535446299999929 ], [ -45.513844999999897, -8.535238399999971 ], [ -45.5132154, -8.53323669999997 ], [ -45.513553499999901, -8.532168499999949 ], [ -45.5122183, -8.530600699999979 ], [ -45.5113825, -8.530681 ], [ -45.5089833, -8.532998299999971 ], [ -45.5084077, -8.53408269999994 ], [ -45.5074026, -8.541845 ], [ -45.508031199999898, -8.54409539999995 ], [ -45.507768199999902, -8.544563 ], [ -45.504325299999898, -8.54396939999998 ], [ -45.503826699999898, -8.54449 ], [ -45.504012799999899, -8.54657249999997 ], [ -45.5035427, -8.54761179999997 ], [ -45.501361099999897, -8.546473799999941 ], [ -45.5006974, -8.54657569999995 ], [ -45.500461099999903, -8.548086099999979 ], [ -45.497374299999898, -8.548429799999949 ], [ -45.4968527999999, -8.54879869999996 ], [ -45.4953368, -8.551465 ], [ -45.4943281, -8.55159249999997 ], [ -45.4940511, -8.55146619999994 ], [ -45.492448399999901, -8.55073569999996 ], [ -45.4891057, -8.55211859999997 ], [ -45.4882696, -8.551521599999941 ], [ -45.482634399999903, -8.554821 ], [ -45.481352899999898, -8.556461599999979 ], [ -45.4804917, -8.556331099999969 ], [ -45.4782938, -8.55365469999998 ], [ -45.4760487, -8.55398239999994 ], [ -45.472734199999898, -8.5569 ], [ -45.4716381, -8.556875199999981 ], [ -45.46965, -8.555421 ], [ -45.4691012, -8.55542159999993 ], [ -45.4685006, -8.55578869999994 ], [ -45.468349799999899, -8.558987299999959 ], [ -45.467593599999901, -8.560419199999959 ], [ -45.4662284, -8.561087199999969 ], [ -45.464292699999902, -8.558998 ], [ -45.4632582, -8.558982599999981 ], [ -45.4603718, -8.561562299999929 ], [ -45.462494499999899, -8.561875199999969 ], [ -45.4630273, -8.56266969999996 ], [ -45.462629799999903, -8.56370229999993 ], [ -45.4612949, -8.56423589999997 ], [ -45.456826299999904, -8.563996799999931 ], [ -45.4557862999999, -8.564506399999971 ], [ -45.4548912, -8.56596649999994 ], [ -45.452164599999897, -8.56805919999994 ], [ -45.4519632, -8.56954159999998 ], [ -45.4489718, -8.570965599999971 ], [ -45.4472838, -8.574022099999979 ], [ -45.4448412, -8.575080499999959 ], [ -45.4439874, -8.575871399999929 ], [ -45.4439662999999, -8.577211 ], [ -45.4460652, -8.57785729999995 ], [ -45.445353, -8.57974529999996 ], [ -45.443502599999903, -8.58177479999995 ], [ -45.442525799999899, -8.581858 ], [ -45.4409454, -8.582836899999959 ], [ -45.4398884, -8.58256589999996 ], [ -45.439696, -8.586742 ], [ -45.4387108, -8.589083799999971 ], [ -45.4362525, -8.592074799999979 ], [ -45.436254899999902, -8.594339 ], [ -45.4324902, -8.593095099999969 ], [ -45.4314719, -8.59360319999996 ], [ -45.431277099999903, -8.59450149999998 ], [ -45.4317867, -8.595553 ], [ -45.430616799999903, -8.59990879999998 ], [ -45.4264434, -8.60378419999995 ], [ -45.4255645, -8.60460029999996 ], [ -45.4215699, -8.60628069999996 ], [ -45.4231, -8.608571299999941 ], [ -45.4229511, -8.60894449999995 ], [ -45.4213396, -8.612984599999949 ], [ -45.421146899999897, -8.614429399999951 ], [ -45.4204015, -8.6156 ], [ -45.4184059, -8.61724389999995 ], [ -45.4179389, -8.620639 ], [ -45.4153148, -8.62429949999995 ], [ -45.4103823, -8.62855909999996 ], [ -45.4073688, -8.63203459999994 ], [ -45.405901099999902, -8.632951099999961 ], [ -45.405741599999899, -8.633010199999941 ], [ -45.401692599999897, -8.63761019999993 ], [ -45.3990688, -8.63929 ], [ -45.3984422999999, -8.640616899999941 ], [ -45.3966414, -8.641438299999949 ], [ -45.3961331, -8.64527059999995 ], [ -45.3951498, -8.647455399999959 ], [ -45.391243599999903, -8.65012529999996 ], [ -45.389202399999903, -8.65278379999995 ], [ -45.386536099999901, -8.65436129999995 ], [ -45.385097599999902, -8.65610209999994 ], [ -45.3852052, -8.65747119999997 ], [ -45.385219699999901, -8.657659099999931 ], [ -45.3852319, -8.657817 ], [ -45.3874529, -8.661471199999941 ], [ -45.3858145, -8.667405099999939 ], [ -45.3853889, -8.673751599999949 ], [ -45.3848814, -8.67515619999995 ], [ -45.3826117, -8.677618 ], [ -45.3830841, -8.679840499999949 ], [ -45.381404599999897, -8.682961299999929 ], [ -45.3861942999999, -8.693087099999961 ], [ -45.388969599999903, -8.696585699999959 ], [ -45.3897239, -8.69690749999995 ], [ -45.3909012, -8.70041239999995 ], [ -45.390747, -8.70359859999996 ], [ -45.3890681, -8.70703339999994 ], [ -45.392162599999899, -8.709066899999931 ], [ -45.3924076, -8.71338819999994 ], [ -45.394792299999899, -8.714630399999979 ], [ -45.3912187, -8.722490499999941 ], [ -45.391831599999897, -8.723976499999941 ], [ -45.3942183, -8.726315399999979 ], [ -45.394849099999902, -8.729744699999969 ], [ -45.396571799999897, -8.730210899999969 ], [ -45.3966907, -8.73112589999994 ], [ -45.3953281, -8.734707199999949 ], [ -45.3947405, -8.738146699999961 ], [ -45.3950161, -8.738730699999961 ], [ -45.397795099999897, -8.73880389999994 ], [ -45.395375, -8.744323 ], [ -45.394317, -8.74573309999994 ], [ -45.394202999999898, -8.749283399999969 ], [ -45.391935299999901, -8.75154639999994 ], [ -45.3926842, -8.756105399999971 ], [ -45.393391999999899, -8.757379799999971 ], [ -45.3958567, -8.75858919999996 ], [ -45.3961123999999, -8.762306099999931 ], [ -45.3959032, -8.764782699999961 ], [ -45.3942216, -8.76665449999996 ], [ -45.3937562999999, -8.76817539999996 ], [ -45.3951693, -8.773614299999959 ], [ -45.3966978, -8.77618729999995 ], [ -45.3980703, -8.78004219999997 ], [ -45.3954524, -8.784291899999969 ], [ -45.3926036, -8.786343 ], [ -45.3923283, -8.789621299999959 ], [ -45.3943661, -8.79351359999993 ], [ -45.396401899999901, -8.79471879999994 ], [ -45.398595999999898, -8.796898099999961 ], [ -45.3987134, -8.797949099999929 ], [ -45.3974686, -8.80334609999994 ], [ -45.3943793, -8.80669849999998 ], [ -45.3962215, -8.808490599999971 ], [ -45.395636, -8.810515 ], [ -45.394894099999902, -8.81141239999994 ], [ -45.3930559, -8.810975399999959 ], [ -45.3921149, -8.811634799999981 ], [ -45.3924741, -8.81939 ], [ -45.3910768, -8.82409719999993 ], [ -45.391779799999902, -8.828411099999929 ], [ -45.3914371, -8.83035329999996 ], [ -45.3927280999999, -8.83705629999997 ], [ -45.3924982, -8.84101629999998 ], [ -45.394652999999899, -8.84459929999997 ], [ -45.394928499999899, -8.84607879999993 ], [ -45.395046599999901, -8.847792599999931 ], [ -45.394189, -8.85032329999996 ], [ -45.3942681, -8.851296499999931 ], [ -45.3989701, -8.854016199999929 ], [ -45.3997105, -8.85626029999997 ], [ -45.397647699999901, -8.862455199999941 ], [ -45.398157599999898, -8.864169899999981 ], [ -45.4002727, -8.865766399999931 ], [ -45.4017971, -8.87009559999996 ], [ -45.405862899999903, -8.872114 ], [ -45.409152999999897, -8.871958 ], [ -45.4106461, -8.872738 ], [ -45.412638899999898, -8.87489349999993 ], [ -45.413109899999903, -8.87606089999997 ], [ -45.4150278, -8.877729899999959 ], [ -45.4170621, -8.88072089999997 ], [ -45.4201067, -8.882158 ], [ -45.424227099999896, -8.88274279999996 ], [ -45.424773899999899, -8.88339209999998 ], [ -45.4252865999999, -8.887245 ], [ -45.4275261, -8.89545249999998 ], [ -45.428054099999898, -8.89627729999995 ], [ -45.4283472, -8.89673519999997 ], [ -45.4334104, -8.89780579999996 ], [ -45.437032799999898, -8.899236299999931 ], [ -45.4402039, -8.902501199999961 ], [ -45.4426339, -8.904098799999931 ], [ -45.443564599999902, -8.905314 ], [ -45.444427899999901, -8.90644129999993 ], [ -45.446820499999902, -8.908117699999931 ], [ -45.4478225, -8.91003159999997 ], [ -45.448629099999899, -8.912987 ], [ -45.4504281, -8.915662499999939 ], [ -45.455122199999899, -8.917279399999931 ], [ -45.4581415, -8.92241249999995 ], [ -45.4624923, -8.92801349999996 ], [ -45.4706282, -8.93522329999996 ], [ -45.4737233, -8.938876 ], [ -45.4747857, -8.94348979999995 ], [ -45.477204, -8.945790399999961 ], [ -45.4775374, -8.946428699999959 ], [ -45.478780099999902, -8.95184829999994 ], [ -45.481200999999899, -8.95547229999994 ], [ -45.4817599, -8.95906109999993 ], [ -45.4825039, -8.95976059999998 ], [ -45.4855165, -8.960807099999951 ], [ -45.4854753, -8.961747399999981 ], [ -45.4840354, -8.96426989999998 ], [ -45.4847020999999, -8.965163599999929 ], [ -45.488729299999903, -8.966617099999951 ], [ -45.4940511, -8.96651319999995 ], [ -45.4951404, -8.966492 ], [ -45.497136899999902, -8.96925109999995 ], [ -45.5005419, -8.97172279999995 ], [ -45.503714499999901, -8.975841 ], [ -45.505166099999897, -8.979806399999971 ], [ -45.503997599999899, -8.98293279999996 ], [ -45.5042008, -8.989392 ], [ -45.505805199999898, -8.99099079999996 ], [ -45.506323199999898, -8.997171799999929 ], [ -45.508563799999898, -9.00076969999998 ], [ -45.512545499999902, -9.003249399999961 ], [ -45.5126271, -9.006008 ], [ -45.5134494, -9.00701909999998 ], [ -45.5154044, -9.00744389999994 ], [ -45.516616999999897, -9.008259899999929 ], [ -45.5169708, -9.009734499999981 ], [ -45.515526399999899, -9.01123509999996 ], [ -45.515567299999901, -9.01205029999994 ], [ -45.5215057999999, -9.016777699999979 ], [ -45.5220241, -9.01759929999997 ], [ -45.5221832, -9.019194699999961 ], [ -45.523042, -9.01919369999996 ], [ -45.5241781, -9.02059139999994 ], [ -45.524921, -9.020260199999941 ], [ -45.527036, -9.02138849999994 ], [ -45.532469799999902, -9.026776499999929 ], [ -45.536972299999903, -9.030332199999981 ], [ -45.5366627, -9.03220509999994 ], [ -45.5372912999999, -9.03375319999998 ], [ -45.5396359, -9.033982899999961 ], [ -45.542182899999901, -9.038567 ], [ -45.5441776, -9.038933699999969 ], [ -45.548629499999898, -9.03744869999997 ], [ -45.5499596, -9.037991799999929 ], [ -45.551367099999901, -9.037679299999979 ], [ -45.552306, -9.037911 ], [ -45.5525034, -9.03853289999995 ], [ -45.5548097, -9.03934429999993 ], [ -45.556452799999903, -9.03883949999994 ], [ -45.5577819, -9.04012339999997 ], [ -45.5581771, -9.04239819999998 ], [ -45.5609572, -9.046824799999969 ], [ -45.5626821, -9.05113529999994 ], [ -45.562717399999897, -9.05296159999995 ], [ -45.5613987999999, -9.05506489999993 ], [ -45.5620258, -9.05660849999998 ], [ -45.5592177999999, -9.059099299999961 ], [ -45.5589447, -9.060384399999981 ], [ -45.5600477999999, -9.06539659999993 ], [ -45.559074, -9.06741819999996 ], [ -45.5566939, -9.06989089999996 ], [ -45.555410499999901, -9.07342749999998 ], [ -45.5543165999999, -9.074208799999949 ], [ -45.5537332, -9.075258499999959 ], [ -45.5535401, -9.07712339999995 ], [ -45.549489799999897, -9.07926159999994 ], [ -45.5464807, -9.08154249999995 ], [ -45.5452246, -9.083025099999929 ], [ -45.542998699999899, -9.084038 ], [ -45.5419492, -9.085019799999939 ], [ -45.5424968, -9.08703039999995 ], [ -45.540741899999901, -9.08940439999998 ], [ -45.5394922, -9.092266 ], [ -45.537816899999903, -9.09315909999998 ], [ -45.5361018, -9.09596069999998 ], [ -45.5351651, -9.096973599999959 ], [ -45.53454, -9.097051399999939 ], [ -45.5340328, -9.09798909999995 ], [ -45.5340361, -9.09973409999998 ], [ -45.533295, -9.10090079999998 ], [ -45.529781199999903, -9.10330309999995 ], [ -45.5281846, -9.105132 ], [ -45.5277608, -9.10738609999993 ], [ -45.526396599999899, -9.110652899999931 ], [ -45.5289407, -9.11437919999997 ], [ -45.5309353, -9.115685 ], [ -45.5319397, -9.117897199999961 ], [ -45.5319929, -9.118014399999939 ], [ -45.5323504, -9.12131459999995 ], [ -45.530480699999899, -9.125668499999961 ], [ -45.530482199999902, -9.12660179999995 ], [ -45.531579899999898, -9.12877469999995 ], [ -45.5324414, -9.131963 ], [ -45.531865599999897, -9.137425 ], [ -45.5326876, -9.13940539999993 ], [ -45.5341723, -9.14087759999995 ], [ -45.5339399, -9.141618499999939 ], [ -45.5331207, -9.142084599999979 ], [ -45.5322695, -9.14584369999994 ], [ -45.531172899999902, -9.14737089999994 ], [ -45.5286757, -9.148325199999929 ], [ -45.5266083, -9.14980569999994 ], [ -45.5246979, -9.152215899999931 ], [ -45.5193535, -9.15700179999993 ], [ -45.517018999999898, -9.16363349999995 ], [ -45.5151538, -9.164372199999949 ], [ -45.5144425, -9.165192299999941 ], [ -45.5140938, -9.16744349999993 ], [ -45.513589099999898, -9.168454499999941 ], [ -45.5126131, -9.16907789999993 ], [ -45.511594, -9.17195769999995 ], [ -45.5016851, -9.199992299999961 ], [ -45.4940511, -9.221543699999931 ], [ -45.4099992, -9.458830699999959 ], [ -45.463878099999903, -9.458811 ], [ -45.4647563, -9.45881049999997 ], [ -45.464848399999902, -9.45881049999997 ], [ -45.4940511, -9.45879519999994 ], [ -45.5134183, -9.458785 ], [ -45.5128243, -9.46365809999998 ], [ -45.5141887, -9.46546859999995 ], [ -45.5135925, -9.46703459999998 ], [ -45.513974699999899, -9.468119199999929 ], [ -45.5172458, -9.470441699999981 ], [ -45.5156718, -9.47423189999995 ], [ -45.5155763, -9.48302439999998 ], [ -45.5180867, -9.48605169999996 ], [ -45.5229957, -9.48988639999993 ], [ -45.5284505, -9.493205299999939 ], [ -45.531066, -9.49596309999993 ], [ -45.5331919, -9.496933899999931 ], [ -45.5353196, -9.496985799999949 ], [ -45.540928199999897, -9.49873339999994 ], [ -45.5471689, -9.502404899999931 ], [ -45.5498297, -9.50300279999993 ], [ -45.5522561, -9.502765499999949 ], [ -45.5538433, -9.50346029999997 ], [ -45.5556798, -9.505270699999929 ], [ -45.558328199999899, -9.506373 ], [ -45.559775, -9.50618289999994 ], [ -45.561319, -9.50667 ], [ -45.5634234, -9.51232139999996 ], [ -45.5646937, -9.51333969999996 ], [ -45.569307799999898, -9.51323969999993 ], [ -45.5711732, -9.51370039999995 ], [ -45.573647999999899, -9.51216829999993 ], [ -45.575465, -9.512741499999949 ], [ -45.5757953, -9.514827399999939 ], [ -45.578130799999897, -9.515286799999959 ], [ -45.5789242, -9.51621319999998 ], [ -45.5813069, -9.516347899999969 ], [ -45.582918499999899, -9.516866 ], [ -45.584011599999897, -9.51694579999997 ], [ -45.585689199999898, -9.515785699999981 ], [ -45.5864347, -9.51474029999997 ], [ -45.5864331, -9.513397 ], [ -45.5871316, -9.51325879999996 ], [ -45.5890924999999, -9.51394719999996 ], [ -45.589981899999898, -9.515199 ], [ -45.591196099999898, -9.51579889999994 ], [ -45.5925953, -9.515656 ], [ -45.5942722, -9.51389349999994 ], [ -45.5954388, -9.51342719999997 ], [ -45.5994539, -9.514604 ], [ -45.6026720999999, -9.514180299999961 ], [ -45.6046305, -9.51278509999997 ], [ -45.6057976, -9.512597199999959 ], [ -45.608037099999898, -9.512734599999931 ], [ -45.6099062, -9.51356389999995 ], [ -45.611350899999898, -9.513053199999939 ], [ -45.6137782, -9.51330249999995 ], [ -45.6177475, -9.515381899999969 ], [ -45.6206883, -9.51634859999996 ], [ -45.623354199999902, -9.518755099999961 ], [ -45.624854099999901, -9.52111689999998 ], [ -45.6277479, -9.521923099999981 ], [ -45.6312541, -9.52520879999997 ], [ -45.636948899999901, -9.527191399999939 ], [ -45.6388221, -9.53038469999996 ], [ -45.639942699999899, -9.531241 ], [ -45.641577, -9.53147049999995 ], [ -45.643862, -9.530909799999961 ], [ -45.644706, -9.53234669999995 ], [ -45.6468512, -9.53169319999995 ], [ -45.6489505, -9.531687499999981 ], [ -45.6522201, -9.532703 ], [ -45.655921299999903, -9.531793599999959 ], [ -45.6596848, -9.532431499999969 ], [ -45.6618386, -9.53585969999995 ], [ -45.6663662, -9.535803199999981 ], [ -45.6675781, -9.535199899999951 ], [ -45.6695414, -9.537441199999931 ], [ -45.673093299999898, -9.53984719999994 ], [ -45.673708099999899, -9.543136199999941 ], [ -45.675063599999902, -9.544895 ], [ -45.676232, -9.54558949999995 ], [ -45.6788463, -9.54621 ], [ -45.679591899999899, -9.54616139999996 ], [ -45.6811393, -9.544954599999929 ], [ -45.682672, -9.544905799999979 ], [ -45.683839099999901, -9.545504499999939 ], [ -45.6848227999999, -9.547494499999971 ], [ -45.6857185, -9.553011 ], [ -45.68661, -9.55419039999998 ], [ -45.6881053, -9.55511559999997 ], [ -45.687686, -9.556376 ], [ -45.688063999999898, -9.5569 ], [ -45.688836, -9.557078 ], [ -45.690055, -9.557002 ], [ -45.69057, -9.556858 ], [ -45.691446, -9.556587 ], [ -45.692227, -9.556579 ], [ -45.695188, -9.557349 ], [ -45.696776999999898, -9.557695 ], [ -45.697342999999897, -9.557442 ], [ -45.698141, -9.556625 ], [ -45.698313, -9.555949 ], [ -45.698404, -9.554626 ], [ -45.698387, -9.553898 ], [ -45.698692999999899, -9.553294 ], [ -45.699070999999897, -9.553082 ], [ -45.699714, -9.553243 ], [ -45.701281, -9.55455 ], [ -45.702185, -9.555011 ], [ -45.705318, -9.55573 ], [ -45.707103, -9.556153 ], [ -45.709984, -9.556639 ], [ -45.711083, -9.5566 ], [ -45.711765, -9.556397 ], [ -45.712383, -9.555585 ], [ -45.712651999999899, -9.554599 ], [ -45.712558, -9.553905 ], [ -45.712086, -9.553195 ], [ -45.710824, -9.552577 ], [ -45.70709, -9.551875 ], [ -45.706274999999899, -9.551418 ], [ -45.706043, -9.551023 ], [ -45.706, -9.550427 ], [ -45.706807, -9.549222 ], [ -45.707846, -9.548604 ], [ -45.70906, -9.548452 ], [ -45.710442, -9.548596 ], [ -45.712286999999897, -9.54885 ], [ -45.712983, -9.548799 ], [ -45.713549, -9.548613 ], [ -45.713909999999899, -9.548241 ], [ -45.713952999999897, -9.547463 ], [ -45.713549, -9.54649 ], [ -45.713119999999897, -9.546414 ], [ -45.711927, -9.54693 ], [ -45.71082, -9.54742 ], [ -45.71009, -9.547141 ], [ -45.709764, -9.546701 ], [ -45.710082, -9.546109 ], [ -45.71075, -9.545275 ], [ -45.711574, -9.544332 ], [ -45.71208, -9.544002 ], [ -45.712479, -9.543909 ], [ -45.712921999999899, -9.544011 ], [ -45.713727999999897, -9.544704 ], [ -45.71478, -9.545766 ], [ -45.715212, -9.546071 ], [ -45.715538, -9.546079 ], [ -45.717151999999899, -9.544624 ], [ -45.718525, -9.542856 ], [ -45.720263, -9.541057 ], [ -45.72343, -9.538265 ], [ -45.725002, -9.536912 ], [ -45.725414, -9.536726 ], [ -45.725736, -9.536654 ], [ -45.726483, -9.536934 ], [ -45.727375, -9.537885 ], [ -45.728901999999898, -9.539692 ], [ -45.730112, -9.54108 ], [ -45.730473, -9.541334 ], [ -45.731117, -9.541114 ], [ -45.732387, -9.540225 ], [ -45.735818, -9.537886 ], [ -45.736792, -9.537031 ], [ -45.737135, -9.536439 ], [ -45.736972, -9.535678 ], [ -45.735921, -9.534853 ], [ -45.735045, -9.534675 ], [ -45.733054, -9.53542 ], [ -45.730891, -9.537086 ], [ -45.729662, -9.537499 ], [ -45.728898, -9.537211 ], [ -45.728288, -9.536332 ], [ -45.728348, -9.535486 ], [ -45.728821, -9.534479 ], [ -45.730307, -9.530718 ], [ -45.730744, -9.529716 ], [ -45.73182, -9.528317 ], [ -45.732351999999899, -9.527978 ], [ -45.732919, -9.527851 ], [ -45.733812, -9.528232 ], [ -45.735314, -9.529239 ], [ -45.7357, -9.529306 ], [ -45.736301, -9.529171 ], [ -45.737047, -9.528037 ], [ -45.739671, -9.52548 ], [ -45.740671, -9.524566 ], [ -45.742772, -9.523169 ], [ -45.744137, -9.522467 ], [ -45.744669, -9.52201 ], [ -45.744944, -9.521519 ], [ -45.745107, -9.520741 ], [ -45.744858, -9.520216 ], [ -45.743400999999899, -9.519337 ], [ -45.74289, -9.518884 ], [ -45.742586, -9.518449 ], [ -45.742556, -9.518068 ], [ -45.742813, -9.517611 ], [ -45.744216, -9.516507 ], [ -45.744989, -9.515991 ], [ -45.746079, -9.515374 ], [ -45.74765, -9.514604 ], [ -45.748134999999898, -9.51405 ], [ -45.748246, -9.513538 ], [ -45.747628, -9.5132 ], [ -45.745573, -9.513022 ], [ -45.744525, -9.512984 ], [ -45.742049, -9.512609 ], [ -45.741672, -9.512406 ], [ -45.741337, -9.512 ], [ -45.741148, -9.511196 ], [ -45.741474, -9.51068 ], [ -45.742135, -9.510257 ], [ -45.743661, -9.509688 ], [ -45.746115, -9.509256 ], [ -45.746905, -9.508943 ], [ -45.747643, -9.508284 ], [ -45.749104, -9.506073 ], [ -45.750112999999899, -9.504702 ], [ -45.750920999999899, -9.504121 ], [ -45.751955, -9.503241 ], [ -45.752603, -9.502856 ], [ -45.753220999999897, -9.502658 ], [ -45.753994, -9.502667 ], [ -45.755663, -9.503288 ], [ -45.756512, -9.50375 ], [ -45.758005, -9.504697 ], [ -45.758383, -9.504858 ], [ -45.758941, -9.504849 ], [ -45.760511, -9.504257 ], [ -45.762823, -9.503502 ], [ -45.76348, -9.503583 ], [ -45.764489, -9.503845 ], [ -45.765107, -9.504086 ], [ -45.766123, -9.504361 ], [ -45.766801, -9.50437 ], [ -45.767367, -9.504124 ], [ -45.767908, -9.503413 ], [ -45.768097, -9.502838 ], [ -45.767882, -9.502026 ], [ -45.767504, -9.500512 ], [ -45.767419, -9.499568 ], [ -45.767685, -9.499048 ], [ -45.768594999999898, -9.49805 ], [ -45.769985, -9.496375 ], [ -45.77038, -9.495529 ], [ -45.770577, -9.494497 ], [ -45.770918, -9.493303 ], [ -45.771923, -9.491408 ], [ -45.772729, -9.489868 ], [ -45.772439, -9.488854 ], [ -45.771254, -9.486528 ], [ -45.771124, -9.485964 ], [ -45.771382, -9.485219 ], [ -45.772163, -9.48461 ], [ -45.772686, -9.484509 ], [ -45.773322, -9.484619 ], [ -45.775699, -9.486937 ], [ -45.776618, -9.487715 ], [ -45.777057, -9.487885 ], [ -45.778027, -9.487864 ], [ -45.779568, -9.487195 ], [ -45.780910999999897, -9.486142 ], [ -45.782297, -9.485012 ], [ -45.783233, -9.484725 ], [ -45.784626, -9.484457 ], [ -45.786685, -9.484245 ], [ -45.788266, -9.48421289999993 ], [ -45.7882706, -9.48420109999995 ], [ -45.789295, -9.483847 ], [ -45.789758, -9.483488 ], [ -45.7910629, -9.48283309999994 ], [ -45.790999199999902, -9.48133729999995 ], [ -45.7909594, -9.481152 ], [ -45.790839499999898, -9.48099539999993 ], [ -45.790658, -9.48093079999995 ], [ -45.7904558, -9.480979199999981 ], [ -45.7902755, -9.481246699999931 ], [ -45.7898984999999, -9.481706699999959 ], [ -45.7893883, -9.48219359999996 ], [ -45.788602099999899, -9.482830799999929 ], [ -45.787271599999897, -9.48332239999996 ], [ -45.7863561, -9.483441199999961 ], [ -45.785953499999898, -9.48320209999997 ], [ -45.7856935, -9.48275449999994 ], [ -45.7842856, -9.48109429999994 ], [ -45.7835205, -9.480011 ], [ -45.7834353, -9.47947709999994 ], [ -45.7836326, -9.479108 ], [ -45.7844656, -9.47832489999996 ], [ -45.786090699999903, -9.476011799999981 ], [ -45.7882633, -9.47321539999996 ], [ -45.789295099999897, -9.47131069999995 ], [ -45.7902553, -9.470244399999959 ], [ -45.7906168, -9.469534799999961 ], [ -45.790723399999898, -9.46878 ], [ -45.790365999999899, -9.46724239999998 ], [ -45.7894906, -9.46577309999998 ], [ -45.7892216, -9.46514989999997 ], [ -45.7891988, -9.46469949999994 ], [ -45.7892563999999, -9.46426969999993 ], [ -45.7898756, -9.46362419999997 ], [ -45.7909478999999, -9.463002299999969 ], [ -45.7935146, -9.46241239999995 ], [ -45.7941709, -9.462262199999939 ], [ -45.7948995, -9.46192579999996 ], [ -45.795237299999897, -9.46150659999995 ], [ -45.7955094, -9.46109719999993 ], [ -45.7957233, -9.460540599999939 ], [ -45.795947399999903, -9.459759 ], [ -45.7958135, -9.458691899999961 ], [ -45.795514, -9.45833389999996 ], [ -45.7952519, -9.45822519999996 ], [ -45.7948997, -9.458189699999931 ], [ -45.791785699999899, -9.45870879999995 ], [ -45.7896458, -9.45859649999994 ], [ -45.7892059, -9.458522599999981 ], [ -45.7888656, -9.458388399999929 ], [ -45.7886928, -9.45820889999993 ], [ -45.7886334, -9.45791809999997 ], [ -45.7886758, -9.45750889999994 ], [ -45.7888829, -9.456981 ], [ -45.789164899999903, -9.456796 ], [ -45.7896886999999, -9.45670069999994 ], [ -45.7904831, -9.456699599999981 ], [ -45.7909683, -9.45633849999996 ], [ -45.790981, -9.455661499999961 ], [ -45.7908509, -9.45500369999996 ], [ -45.7910044, -9.454496199999941 ], [ -45.7911918, -9.454101699999971 ], [ -45.7920022, -9.45330339999998 ], [ -45.793411, -9.45218449999993 ], [ -45.794607799999902, -9.451028 ], [ -45.795656999999899, -9.449149299999929 ], [ -45.7957188, -9.44840419999997 ], [ -45.7952466, -9.447549 ], [ -45.794420699999897, -9.44683089999995 ], [ -45.7940598, -9.44647289999995 ], [ -45.7939099, -9.44601609999995 ], [ -45.7938222, -9.445500199999969 ], [ -45.7940038, -9.44520739999996 ], [ -45.794236, -9.44490919999993 ], [ -45.7959443, -9.44421719999997 ], [ -45.7980726, -9.44296559999998 ], [ -45.798523499999902, -9.442336199999939 ], [ -45.7987034, -9.44134019999996 ], [ -45.798278599999897, -9.44053369999995 ], [ -45.7972616, -9.439944299999979 ], [ -45.796026, -9.439792 ], [ -45.7954865, -9.43961479999996 ], [ -45.7952405999999, -9.43932529999995 ], [ -45.7951289, -9.438982099999979 ], [ -45.794913199999897, -9.43803189999994 ], [ -45.7951418, -9.43748109999996 ], [ -45.796096299999903, -9.43649559999994 ], [ -45.7972424, -9.43607769999994 ], [ -45.798851, -9.435816099999951 ], [ -45.8003267, -9.436262699999929 ], [ -45.8008603, -9.436339299999929 ], [ -45.801168399999902, -9.43633849999998 ], [ -45.801395699999901, -9.436200499999931 ], [ -45.801623999999897, -9.436008 ], [ -45.8017781, -9.435130599999979 ], [ -45.8020473999999, -9.433335199999931 ], [ -45.802162, -9.43234919999998 ], [ -45.8024875, -9.431793899999951 ], [ -45.803030099999901, -9.43021139999996 ], [ -45.8031741, -9.429396099999961 ], [ -45.802985299999897, -9.428356399999929 ], [ -45.8029389, -9.427535899999951 ], [ -45.8032603, -9.426536299999951 ], [ -45.8034711, -9.42558379999997 ], [ -45.803366599999897, -9.424676599999939 ], [ -45.802774, -9.423716799999969 ], [ -45.8021434, -9.42226429999994 ], [ -45.801839, -9.420922799999969 ], [ -45.8016196, -9.420288899999949 ], [ -45.800626, -9.419308499999939 ], [ -45.7996261, -9.41882529999998 ], [ -45.7991309, -9.41815839999998 ], [ -45.798984699999899, -9.41777279999997 ], [ -45.7989605, -9.417242 ], [ -45.7991632, -9.41634009999996 ], [ -45.7999040999999, -9.415281199999979 ], [ -45.8004974, -9.41423 ], [ -45.801345399999903, -9.41346829999998 ], [ -45.803753599999901, -9.41153609999998 ], [ -45.805232799999899, -9.410857199999951 ], [ -45.8056119, -9.41036769999994 ], [ -45.8058015, -9.40958249999994 ], [ -45.8059455, -9.408683399999971 ], [ -45.806918499999902, -9.40719539999998 ], [ -45.807211, -9.406690399999951 ], [ -45.807547, -9.405453 ], [ -45.8082969, -9.402408799999931 ], [ -45.8088686, -9.40040689999995 ], [ -45.8099336, -9.39831459999994 ], [ -45.8109239, -9.39722669999998 ], [ -45.8114795, -9.396875799999981 ], [ -45.8129595999999, -9.39673 ], [ -45.813540499999903, -9.396464699999971 ], [ -45.814192999999896, -9.39560049999994 ], [ -45.8145888, -9.394405199999939 ], [ -45.8146221, -9.39287359999997 ], [ -45.8146106, -9.391577899999961 ], [ -45.8146451, -9.39092049999994 ], [ -45.8147764, -9.39066079999998 ], [ -45.8151624, -9.390487699999939 ], [ -45.8167248, -9.39038759999994 ], [ -45.8180315, -9.390084199999929 ], [ -45.818748, -9.38952449999994 ], [ -45.8191765, -9.38857169999994 ], [ -45.819839, -9.38664819999997 ], [ -45.820383999999898, -9.38627449999996 ], [ -45.820830699999902, -9.385735199999941 ], [ -45.8212415, -9.38429479999996 ], [ -45.8211161, -9.382940499999959 ], [ -45.821646299999898, -9.38111309999994 ], [ -45.822541199999897, -9.380145 ], [ -45.8233134, -9.379161699999941 ], [ -45.823588899999898, -9.37727839999997 ], [ -45.823867199999903, -9.37594409999997 ], [ -45.824147, -9.375261 ], [ -45.8246917, -9.37457779999994 ], [ -45.8252634, -9.374083599999951 ], [ -45.826512799999897, -9.37364359999998 ], [ -45.8277816, -9.373670699999931 ], [ -45.828598, -9.37361419999996 ], [ -45.829075499999902, -9.37334659999993 ], [ -45.8298103, -9.372756599999949 ], [ -45.8319274, -9.37053239999995 ], [ -45.8334242, -9.368925 ], [ -45.8345652, -9.36732069999994 ], [ -45.835227599999897, -9.366073099999941 ], [ -45.8362551, -9.36507489999997 ], [ -45.837567099999902, -9.364097799999969 ], [ -45.838297399999902, -9.364067 ], [ -45.838796199999898, -9.364208499999959 ], [ -45.8395848, -9.364652799999931 ], [ -45.8401487, -9.36474419999996 ], [ -45.8406866999999, -9.364485299999959 ], [ -45.8411986, -9.364116 ], [ -45.8417539, -9.362973299999959 ], [ -45.8425652, -9.36198669999993 ], [ -45.8441098, -9.360678 ], [ -45.846256599999897, -9.358115 ], [ -45.8475837, -9.356221799999959 ], [ -45.848002199999897, -9.355884599999969 ], [ -45.8485884, -9.355740199999961 ], [ -45.8496307, -9.355852 ], [ -45.850896299999903, -9.355904399999931 ], [ -45.8517704, -9.355579899999951 ], [ -45.8525165, -9.355642299999939 ], [ -45.8551232, -9.356726699999969 ], [ -45.856774599999902, -9.35712909999995 ], [ -45.8574899, -9.357178799999931 ], [ -45.8583429, -9.356867899999941 ], [ -45.8592413, -9.35695549999997 ], [ -45.8604384, -9.357345699999939 ], [ -45.8624852, -9.358693 ], [ -45.8631247, -9.358974 ], [ -45.8640909, -9.35899239999998 ], [ -45.8650562, -9.358645199999961 ], [ -45.867255999999898, -9.35764459999996 ], [ -45.8681453, -9.356757399999941 ], [ -45.868782, -9.35631479999995 ], [ -45.8696856, -9.35590969999993 ], [ -45.8712222999999, -9.35589409999994 ], [ -45.872311099999898, -9.355487 ], [ -45.874188699999898, -9.35427209999995 ], [ -45.875915899999903, -9.353698 ], [ -45.8764798999999, -9.353114599999969 ], [ -45.8774119, -9.35111169999993 ], [ -45.878129, -9.34871339999995 ], [ -45.8785346, -9.34760439999997 ], [ -45.8791074, -9.34677929999998 ], [ -45.8795076, -9.346388899999971 ], [ -45.879745, -9.346180899999981 ], [ -45.8801045, -9.346043799999959 ], [ -45.8811628999999, -9.34599079999998 ], [ -45.8837932, -9.346215699999959 ], [ -45.8855167, -9.346971799999951 ], [ -45.8867724999999, -9.34828429999993 ], [ -45.8870888, -9.34864479999993 ], [ -45.8874001, -9.348841799999949 ], [ -45.8877335, -9.34885009999994 ], [ -45.8880636, -9.348737399999949 ], [ -45.888466, -9.34852629999995 ], [ -45.8886585, -9.347851099999961 ], [ -45.8891283, -9.34671719999994 ], [ -45.890421699999898, -9.34528659999995 ], [ -45.8924514999999, -9.343701099999979 ], [ -45.893676, -9.342622699999939 ], [ -45.8942891, -9.34156649999994 ], [ -45.8944001, -9.34119449999997 ], [ -45.894383499999897, -9.34075 ], [ -45.8940196, -9.340096599999979 ], [ -45.8938474999999, -9.33903049999998 ], [ -45.8939379, -9.33733659999996 ], [ -45.893705, -9.336219 ], [ -45.892405799999899, -9.33416419999998 ], [ -45.8913178, -9.33251709999996 ], [ -45.891287299999902, -9.33158229999998 ], [ -45.8914022, -9.33073039999994 ], [ -45.8917661, -9.330112699999971 ], [ -45.8920863, -9.329786199999941 ], [ -45.8927128, -9.32943239999997 ], [ -45.8956782, -9.328711399999969 ], [ -45.896374599999902, -9.32839429999996 ], [ -45.8967299, -9.32777159999995 ], [ -45.8972433, -9.32548649999995 ], [ -45.8973094, -9.32343709999998 ], [ -45.8976321, -9.32061479999993 ], [ -45.897507899999901, -9.318701499999969 ], [ -45.8975786, -9.31840649999998 ], [ -45.8978221, -9.318057 ], [ -45.8984151, -9.31773359999994 ], [ -45.8994091, -9.31757069999998 ], [ -45.902187399999903, -9.31743629999994 ], [ -45.9029919, -9.31697479999997 ], [ -45.903278699999902, -9.316408 ], [ -45.9032991999999, -9.315927399999961 ], [ -45.9030554, -9.31546649999996 ], [ -45.9023506999999, -9.31506639999998 ], [ -45.9009062, -9.313648499999941 ], [ -45.9006998999999, -9.313129099999969 ], [ -45.900727399999901, -9.312562199999951 ], [ -45.901257299999898, -9.31177659999997 ], [ -45.9022039, -9.310018 ], [ -45.904143599999898, -9.30619379999996 ], [ -45.9043268, -9.304470399999961 ], [ -45.904988699999898, -9.300856599999969 ], [ -45.905481, -9.300003499999949 ], [ -45.9064544, -9.298934 ], [ -45.9076443, -9.297795 ], [ -45.907920499999904, -9.297005 ], [ -45.9079225999999, -9.296109599999969 ] ] ] ] } },
{ "type": "Feature", "properties": { "CD_MUN": "2208700", "NM_MUN": "Redenção do Gurguéia", "CD_RGI": "220016", "NM_RGI": "Bom Jesus", "CD_RGINT": "2205", "NM_RGINT": "Corrente - Bom Jesus", "CD_UF": "22", "NM_UF": "Piauí", "SIGLA_UF": "PI", "CD_REGIAO": "2", "NM_REGIAO": "Nordeste", "SIGLA_RG": "NE", "CD_CONCURB": null, "NM_CONCURB": null, "AREA_KM2": 2470.575 }, "geometry": { "type": "MultiPolygon", "coordinates": [ [ [ [ -44.4658238, -9.71836739999998 ], [ -44.4659148, -9.718394399999969 ], [ -44.467440699999898, -9.719330499999961 ], [ -44.4675362999999, -9.719716 ], [ -44.467413099999902, -9.72039079999996 ], [ -44.466759099999898, -9.720943 ], [ -44.466330899999903, -9.72165769999998 ], [ -44.4662977, -9.721713 ], [ -44.4663232, -9.72193679999998 ], [ -44.4663954, -9.722567899999939 ], [ -44.4669732999999, -9.723304799999941 ], [ -44.467724, -9.723930499999939 ], [ -44.4708037, -9.725427899999939 ], [ -44.473733, -9.72632059999995 ], [ -44.477257, -9.72697969999996 ], [ -44.478424699999898, -9.72695649999997 ], [ -44.479153799999899, -9.72674089999998 ], [ -44.479784799999898, -9.726863599999939 ], [ -44.480586, -9.727255 ], [ -44.482521899999902, -9.73043259999997 ], [ -44.4831755, -9.730916399999961 ], [ -44.4851166, -9.731806899999979 ], [ -44.4861839, -9.73197719999996 ], [ -44.4870584, -9.731809399999969 ], [ -44.4892669, -9.73176559999996 ], [ -44.491961699999898, -9.731166799999929 ], [ -44.494853, -9.73112389999994 ], [ -44.4963331, -9.73088609999996 ], [ -44.4968172, -9.730982399999959 ], [ -44.4981486, -9.731804299999959 ], [ -44.4996032, -9.73351489999993 ], [ -44.500138999999898, -9.733587599999961 ], [ -44.5004552, -9.73337139999995 ], [ -44.503342599999897, -9.734074499999959 ], [ -44.5053325, -9.734342399999949 ], [ -44.5060846, -9.73463069999997 ], [ -44.5079268, -9.735764699999949 ], [ -44.510209099999898, -9.735818399999969 ], [ -44.5116153, -9.736446899999979 ], [ -44.5131195, -9.73760289999996 ], [ -44.5137745, -9.73794129999993 ], [ -44.5157159, -9.738281899999951 ], [ -44.517800099999903, -9.73818819999997 ], [ -44.518726699999903, -9.738335 ], [ -44.5195816, -9.73872969999996 ], [ -44.520324699999897, -9.74093849999997 ], [ -44.5208827, -9.741708 ], [ -44.5215133, -9.742070699999941 ], [ -44.5220952, -9.74209549999995 ], [ -44.5225804, -9.74241049999995 ], [ -44.524153399999904, -9.744001299999979 ], [ -44.5247366, -9.744941 ], [ -44.525536299999899, -9.74544849999995 ], [ -44.5265547, -9.745834299999959 ], [ -44.5277454, -9.745932099999949 ], [ -44.5289349, -9.745621 ], [ -44.5303688, -9.744541099999941 ], [ -44.5316318, -9.744469399999961 ], [ -44.532795099999902, -9.745241199999951 ], [ -44.5334007, -9.74594059999993 ], [ -44.535464299999902, -9.746954799999971 ], [ -44.536457799999901, -9.74712309999995 ], [ -44.5373064, -9.74710169999997 ], [ -44.5383035999999, -9.746789799999929 ], [ -44.541194899999901, -9.74508469999995 ], [ -44.5420444, -9.74486869999993 ], [ -44.542530499999899, -9.74489269999998 ], [ -44.543236099999902, -9.74518519999998 ], [ -44.546265499999897, -9.746993399999949 ], [ -44.5471152, -9.747669099999939 ], [ -44.548812199999901, -9.74865719999997 ], [ -44.552354799999897, -9.74960289999996 ], [ -44.552766, -9.749120599999969 ], [ -44.5534507, -9.748929499999971 ], [ -44.554006399999899, -9.74888129999994 ], [ -44.5550747, -9.749146199999929 ], [ -44.5569417, -9.751244899999961 ], [ -44.5575226999999, -9.75165529999998 ], [ -44.5583999, -9.75187469999997 ], [ -44.559077499999901, -9.751679 ], [ -44.560434, -9.75023789999995 ], [ -44.561799999999899, -9.750167199999961 ], [ -44.5629843, -9.75074679999994 ], [ -44.5660174, -9.75323169999996 ], [ -44.566842999999899, -9.753089099999951 ], [ -44.567439599999901, -9.75285369999995 ], [ -44.567887799999902, -9.752898899999931 ], [ -44.5688572, -9.75321189999994 ], [ -44.5715499, -9.75477969999997 ], [ -44.573299, -9.75483019999996 ], [ -44.574034099999899, -9.754503 ], [ -44.575786799999896, -9.75449279999998 ], [ -44.579604, -9.756500099999929 ], [ -44.581418299999903, -9.75801629999995 ], [ -44.581932299999899, -9.758343599999931 ], [ -44.5831707, -9.758596099999981 ], [ -44.5843618, -9.758359899999959 ], [ -44.5862318, -9.75913309999993 ], [ -44.5884379, -9.76120709999998 ], [ -44.590233199999901, -9.76178549999997 ], [ -44.592077399999901, -9.762053599999939 ], [ -44.5934106999999, -9.762755 ], [ -44.594476, -9.763999 ], [ -44.594817299999903, -9.764825099999941 ], [ -44.5953279, -9.76550229999998 ], [ -44.5964663, -9.766320699999939 ], [ -44.5974373, -9.76641859999995 ], [ -44.5983611, -9.765384099999951 ], [ -44.599503, -9.76476 ], [ -44.600937299999899, -9.76353409999996 ], [ -44.6016918, -9.76329309999994 ], [ -44.602491, -9.76343719999994 ], [ -44.603171599999897, -9.76387169999998 ], [ -44.603704, -9.764521799999949 ], [ -44.603922699999899, -9.765558 ], [ -44.6043328, -9.766402899999949 ], [ -44.605108899999898, -9.766716899999951 ], [ -44.6058128, -9.766717299999931 ], [ -44.606321299999898, -9.766500899999929 ], [ -44.606834299999903, -9.765129299999961 ], [ -44.6072962, -9.76452769999997 ], [ -44.608802099999899, -9.763734899999969 ], [ -44.6094841, -9.76373649999994 ], [ -44.6110391, -9.76440009999993 ], [ -44.6122718, -9.765111299999941 ], [ -44.6130593, -9.76579959999998 ], [ -44.614432099999902, -9.76639049999994 ], [ -44.616771399999898, -9.766436299999951 ], [ -44.6187037, -9.76610669999997 ], [ -44.6198547, -9.766052099999969 ], [ -44.6212044, -9.76598809999996 ], [ -44.6226617, -9.766206299999959 ], [ -44.6236306, -9.76692989999998 ], [ -44.6242726, -9.76711969999997 ], [ -44.6247212, -9.766530099999949 ], [ -44.624952, -9.76591879999995 ], [ -44.624898, -9.765378599999959 ], [ -44.624992, -9.764797899999961 ], [ -44.625204499999903, -9.76433839999993 ], [ -44.625557199999903, -9.764179799999971 ], [ -44.6262536999999, -9.76409129999996 ], [ -44.626540599999899, -9.763787899999951 ], [ -44.6273027, -9.762760199999949 ], [ -44.6276726, -9.76202239999998 ], [ -44.6281832, -9.760600499999949 ], [ -44.6286129, -9.76033679999995 ], [ -44.6296829, -9.759864599999959 ], [ -44.630282, -9.759362099999979 ], [ -44.6301304, -9.75793439999995 ], [ -44.6293592, -9.756589199999951 ], [ -44.629306299999897, -9.755880699999979 ], [ -44.6297809, -9.75524629999995 ], [ -44.6297838, -9.754757099999949 ], [ -44.6292695, -9.75388519999996 ], [ -44.629566, -9.752779 ], [ -44.62951, -9.75230789999995 ], [ -44.6290534, -9.75149019999998 ], [ -44.6291295, -9.75043969999996 ], [ -44.629492099999901, -9.749640699999929 ], [ -44.6298245999999, -9.74761059999997 ], [ -44.630521299999899, -9.74584619999996 ], [ -44.631362099999897, -9.744828 ], [ -44.6318297, -9.74392169999993 ], [ -44.6318371, -9.74353269999995 ], [ -44.6317447, -9.743200099999971 ], [ -44.631546699999902, -9.74260309999994 ], [ -44.631543, -9.74219569999997 ], [ -44.631716, -9.741758899999979 ], [ -44.6317142, -9.74146519999994 ], [ -44.631531499999902, -9.74094559999998 ], [ -44.6314826, -9.74028209999994 ], [ -44.6315731, -9.739699799999929 ], [ -44.6316494, -9.73873849999995 ], [ -44.631857599999897, -9.73798159999996 ], [ -44.632050299999896, -9.737045599999931 ], [ -44.6324693, -9.736293199999981 ], [ -44.6326427, -9.73586279999995 ], [ -44.6325419, -9.73538489999993 ], [ -44.6322984, -9.735023 ], [ -44.6320727, -9.734936599999971 ], [ -44.631696, -9.73499709999993 ], [ -44.6313598999999, -9.73516139999998 ], [ -44.6310439, -9.735389899999969 ], [ -44.630708599999899, -9.735687199999971 ], [ -44.6303599, -9.73577179999995 ], [ -44.630136799999903, -9.735654 ], [ -44.6300893, -9.73529979999995 ], [ -44.629877899999897, -9.73452579999997 ], [ -44.6297657, -9.733857 ], [ -44.629522199999897, -9.73345849999993 ], [ -44.629318399999903, -9.73313109999998 ], [ -44.629342699999903, -9.73282309999996 ], [ -44.629551799999902, -9.732605799999931 ], [ -44.6297931, -9.73241729999995 ], [ -44.629902899999898, -9.73213529999998 ], [ -44.6297743, -9.731789799999939 ], [ -44.6294561999999, -9.731280799999981 ], [ -44.6291395, -9.731176599999969 ], [ -44.6288739, -9.73130949999995 ], [ -44.6285784, -9.731634699999971 ], [ -44.6283473, -9.73168009999995 ], [ -44.6279866, -9.73143879999998 ], [ -44.627812999999897, -9.731160399999959 ], [ -44.6279152, -9.73088669999993 ], [ -44.628007899999901, -9.73063239999993 ], [ -44.627872599999897, -9.730338699999949 ], [ -44.6275985, -9.730049199999939 ], [ -44.625766999999897, -9.72868759999994 ], [ -44.625209599999899, -9.72851269999995 ], [ -44.6248279, -9.728237 ], [ -44.624698899999899, -9.72803189999996 ], [ -44.624621499999897, -9.72773629999995 ], [ -44.6242933, -9.727295099999941 ], [ -44.6231791, -9.726421399999939 ], [ -44.622644, -9.726261799999969 ], [ -44.622245099999901, -9.72596489999995 ], [ -44.6218014, -9.725189799999949 ], [ -44.6208323, -9.724471699999979 ], [ -44.620022999999897, -9.724081899999931 ], [ -44.61974, -9.72373479999993 ], [ -44.6198462, -9.723489899999951 ], [ -44.6200691, -9.72342039999995 ], [ -44.620365799999902, -9.72329379999996 ], [ -44.620379399999898, -9.72308 ], [ -44.6201253, -9.722958699999939 ], [ -44.6195094999999, -9.72252139999995 ], [ -44.6194126, -9.722265599999959 ], [ -44.6194055, -9.72195409999995 ], [ -44.6195329, -9.72160539999993 ], [ -44.6195228999999, -9.72079459999998 ], [ -44.619979, -9.719975099999941 ], [ -44.620719, -9.718981799999939 ], [ -44.6219474, -9.718091 ], [ -44.6238164, -9.71730779999996 ], [ -44.6244895, -9.71668139999997 ], [ -44.6247958, -9.71603349999998 ], [ -44.6263663, -9.714255599999939 ], [ -44.6273068, -9.71257849999995 ], [ -44.627615299999903, -9.712500299999929 ], [ -44.628079399999898, -9.712821699999949 ], [ -44.6285089, -9.712720799999939 ], [ -44.6288367, -9.71237789999998 ], [ -44.6293851, -9.712782 ], [ -44.6303452, -9.71150989999995 ], [ -44.6313489, -9.711021799999971 ], [ -44.6315678, -9.71082329999996 ], [ -44.631388899999898, -9.70979179999995 ], [ -44.6315901, -9.709508 ], [ -44.6328336, -9.70940849999994 ], [ -44.6330993999999, -9.708905 ], [ -44.6328151, -9.70837769999997 ], [ -44.6327325, -9.707749699999971 ], [ -44.630353699999901, -9.70425089999998 ], [ -44.6287234, -9.70256949999998 ], [ -44.626686699999901, -9.70137439999996 ], [ -44.6252248, -9.700156499999929 ], [ -44.6243976, -9.699228 ], [ -44.623331199999903, -9.69694679999998 ], [ -44.6214889, -9.69492849999995 ], [ -44.621462199999897, -9.69461079999996 ], [ -44.6216792, -9.69431849999995 ], [ -44.622242399999898, -9.691559899999961 ], [ -44.6224314, -9.689889299999949 ], [ -44.6225696, -9.68524889999998 ], [ -44.6221436, -9.68320549999993 ], [ -44.6215309, -9.681321299999979 ], [ -44.621988299999899, -9.678723199999981 ], [ -44.620580399999902, -9.67150839999994 ], [ -44.6203161, -9.668246299999961 ], [ -44.6206079, -9.666482099999939 ], [ -44.621417999999899, -9.66326139999995 ], [ -44.622036599999902, -9.66167109999998 ], [ -44.6231594, -9.659656 ], [ -44.6236417, -9.65700409999994 ], [ -44.6235412, -9.652867 ], [ -44.6230917, -9.64820009999994 ], [ -44.623151, -9.645990299999941 ], [ -44.623357999999897, -9.645446 ], [ -44.623682, -9.644223 ], [ -44.623789, -9.643944 ], [ -44.623978, -9.643817 ], [ -44.624197, -9.643813 ], [ -44.624398, -9.643914 ], [ -44.624742, -9.644083 ], [ -44.625045999999898, -9.644083 ], [ -44.625214, -9.643956 ], [ -44.625380999999898, -9.643669 ], [ -44.625785999999898, -9.643386 ], [ -44.626545, -9.642917 ], [ -44.626966, -9.642845 ], [ -44.627335, -9.642414 ], [ -44.627352, -9.642262 ], [ -44.627271, -9.64208 ], [ -44.627202, -9.641839 ], [ -44.627245, -9.641644 ], [ -44.627335, -9.641357 ], [ -44.627459, -9.641073 ], [ -44.627622, -9.640858 ], [ -44.627772999999898, -9.640782 ], [ -44.627919, -9.640942 ], [ -44.628, -9.641099 ], [ -44.628305, -9.641209 ], [ -44.628605, -9.641213 ], [ -44.62882, -9.641124 ], [ -44.629086, -9.640896 ], [ -44.62918, -9.640566 ], [ -44.629273, -9.64038 ], [ -44.62947, -9.64024 ], [ -44.629509, -9.640152 ], [ -44.6295316, -9.640049799999931 ], [ -44.629539, -9.640016 ], [ -44.629658999999897, -9.639957 ], [ -44.629809, -9.639936 ], [ -44.630118, -9.639923 ], [ -44.630255, -9.639805 ], [ -44.630397, -9.639467 ], [ -44.6306, -9.638987 ], [ -44.630527, -9.638645 ], [ -44.630564999999898, -9.638446 ], [ -44.630707, -9.638252 ], [ -44.630873999999899, -9.638209 ], [ -44.631042, -9.63834 ], [ -44.631226, -9.638404 ], [ -44.631436999999899, -9.638345 ], [ -44.631544, -9.638209 ], [ -44.631557, -9.637973 ], [ -44.631638, -9.637613 ], [ -44.632057, -9.636875 ], [ -44.632505, -9.636033 ], [ -44.632915, -9.635209 ], [ -44.633057, -9.634719 ], [ -44.633048, -9.634444 ], [ -44.632868, -9.633894 ], [ -44.632894, -9.633458 ], [ -44.632847, -9.633058 ], [ -44.632607, -9.632762 ], [ -44.632182, -9.632026 ], [ -44.632131, -9.6317 ], [ -44.632184, -9.631171 ], [ -44.632133, -9.630262 ], [ -44.631957, -9.629784 ], [ -44.631931, -9.629589 ], [ -44.632085, -9.629256 ], [ -44.632282, -9.62907 ], [ -44.632398, -9.628808 ], [ -44.632402, -9.62855 ], [ -44.632388999999897, -9.628216 ], [ -44.632385, -9.627937 ], [ -44.632471, -9.627729 ], [ -44.632621, -9.627624 ], [ -44.632827, -9.627573 ], [ -44.633037, -9.627674 ], [ -44.63311, -9.627932 ], [ -44.632986, -9.628203 ], [ -44.633015999999898, -9.628406 ], [ -44.633153, -9.628499 ], [ -44.633325, -9.628453 ], [ -44.633458, -9.628334 ], [ -44.633636, -9.628116 ], [ -44.633738999999899, -9.627829 ], [ -44.633898, -9.627533 ], [ -44.63413, -9.627292 ], [ -44.634177, -9.62708 ], [ -44.634087, -9.626953 ], [ -44.633961999999897, -9.626886 ], [ -44.633755999999899, -9.62675 ], [ -44.633511999999897, -9.626708 ], [ -44.633511999999897, -9.626518 ], [ -44.63361, -9.626421 ], [ -44.633784999999897, -9.626371 ], [ -44.63394, -9.626278 ], [ -44.634176, -9.625859 ], [ -44.634389999999897, -9.625774 ], [ -44.634781, -9.625719 ], [ -44.635025, -9.625563 ], [ -44.635309, -9.625326 ], [ -44.635424, -9.625127 ], [ -44.635549, -9.624751 ], [ -44.635897999999898, -9.624212 ], [ -44.636232, -9.623789 ], [ -44.636257999999899, -9.623535 ], [ -44.636181, -9.623315 ], [ -44.636052, -9.623247 ], [ -44.635795, -9.623184 ], [ -44.63564, -9.623083 ], [ -44.635540999999897, -9.622863 ], [ -44.63552, -9.622639 ], [ -44.635509, -9.622418 ], [ -44.635419, -9.622003 ], [ -44.635299, -9.62183 ], [ -44.634921, -9.621534 ], [ -44.634831, -9.621348 ], [ -44.63487, -9.621001 ], [ -44.634908, -9.620844 ], [ -44.634874, -9.620692 ], [ -44.634694, -9.620557 ], [ -44.633745, -9.619992 ], [ -44.633248, -9.619629 ], [ -44.633148999999896, -9.619383 ], [ -44.63326, -9.619223 ], [ -44.633556999999897, -9.619024 ], [ -44.633797, -9.618753 ], [ -44.633836, -9.618576 ], [ -44.63366, -9.618521 ], [ -44.633544, -9.618576 ], [ -44.633291, -9.618805 ], [ -44.632903999999897, -9.618852 ], [ -44.632166, -9.618699 ], [ -44.631801, -9.618484 ], [ -44.631616, -9.61845 ], [ -44.631349999999898, -9.6187 ], [ -44.631264, -9.618861 ], [ -44.631234, -9.61914 ], [ -44.631144, -9.61922 ], [ -44.631024, -9.619207 ], [ -44.630886, -9.619093 ], [ -44.630689, -9.618882 ], [ -44.630521, -9.618598 ], [ -44.6305, -9.618125 ], [ -44.63041, -9.618006 ], [ -44.630268, -9.618006 ], [ -44.630054, -9.61807 ], [ -44.629603, -9.618285 ], [ -44.629363, -9.618302 ], [ -44.629264, -9.618214 ], [ -44.629268, -9.618095 ], [ -44.629107, -9.617872 ], [ -44.628901, -9.61775 ], [ -44.628777, -9.617513 ], [ -44.628827999999899, -9.617276 ], [ -44.628897, -9.617103 ], [ -44.628888, -9.616972 ], [ -44.628837, -9.616786 ], [ -44.628717, -9.616726 ], [ -44.628445999999897, -9.616604 ], [ -44.628245, -9.616498 ], [ -44.628112, -9.616303 ], [ -44.628095, -9.616113 ], [ -44.627964, -9.615781 ], [ -44.627758, -9.615443 ], [ -44.627556, -9.61521 ], [ -44.627113999999899, -9.61499 ], [ -44.626947, -9.614808 ], [ -44.626908, -9.614593 ], [ -44.626939999999898, -9.614247 ], [ -44.626866999999898, -9.613913 ], [ -44.626781, -9.613812 ], [ -44.62661, -9.613715 ], [ -44.626502, -9.61377 ], [ -44.626382, -9.613867 ], [ -44.626155, -9.613901 ], [ -44.625863, -9.613968 ], [ -44.625583999999897, -9.614074 ], [ -44.62552, -9.614057 ], [ -44.625502, -9.613933 ], [ -44.625554, -9.61376 ], [ -44.625593, -9.613654 ], [ -44.625588, -9.613527 ], [ -44.625481, -9.613349 ], [ -44.625338999999897, -9.613146 ], [ -44.625142, -9.61307 ], [ -44.625018, -9.612973 ], [ -44.624897, -9.612736 ], [ -44.624888999999897, -9.612597 ], [ -44.625, -9.61247 ], [ -44.625065, -9.612322 ], [ -44.625068999999897, -9.612153 ], [ -44.62503, -9.611979 ], [ -44.624992, -9.611878 ], [ -44.624872, -9.611789 ], [ -44.624712, -9.611658 ], [ -44.624707, -9.611543 ], [ -44.624832, -9.611446 ], [ -44.624905, -9.611324 ], [ -44.624892, -9.61118 ], [ -44.624797999999899, -9.611078 ], [ -44.624604, -9.611057 ], [ -44.624386, -9.611023 ], [ -44.62424, -9.610905 ], [ -44.624102, -9.610744 ], [ -44.623974, -9.610736 ], [ -44.62378, -9.610858 ], [ -44.623459, -9.610744 ], [ -44.623373, -9.610605 ], [ -44.62339, -9.610469 ], [ -44.623411, -9.610292 ], [ -44.623476, -9.61008 ], [ -44.623531, -9.60984 ], [ -44.623389, -9.609341 ], [ -44.623432, -9.608842 ], [ -44.623363, -9.608292 ], [ -44.62344, -9.608111 ], [ -44.623857, -9.60781 ], [ -44.624006999999899, -9.607531 ], [ -44.623998, -9.607379 ], [ -44.62393, -9.607252 ], [ -44.623762, -9.607193 ], [ -44.623562999999898, -9.607222 ], [ -44.623249, -9.606689 ], [ -44.623069, -9.606647 ], [ -44.622821, -9.60665 ], [ -44.622761, -9.606447 ], [ -44.622744, -9.606125 ], [ -44.622546999999898, -9.606024 ], [ -44.622281, -9.606193 ], [ -44.622048999999897, -9.606447 ], [ -44.621723, -9.606286 ], [ -44.621525, -9.605821 ], [ -44.621568, -9.605499 ], [ -44.621654, -9.605093 ], [ -44.621654, -9.604738 ], [ -44.621465, -9.604163 ], [ -44.621065, -9.603746 ], [ -44.621069, -9.602985 ], [ -44.621266999999897, -9.602389 ], [ -44.62125, -9.602147 ], [ -44.621085999999899, -9.601686 ], [ -44.620970999999898, -9.601441 ], [ -44.621031, -9.601255 ], [ -44.621225, -9.601145 ], [ -44.621443999999897, -9.600921 ], [ -44.62162, -9.600544 ], [ -44.621778, -9.600105 ], [ -44.622169, -9.599864 ], [ -44.622208, -9.599762 ], [ -44.622146, -9.59947 ], [ -44.622208, -9.599241 ], [ -44.622474, -9.598758 ], [ -44.622534, -9.598412 ], [ -44.622474, -9.597896 ], [ -44.621868, -9.597024 ], [ -44.621516, -9.595958 ], [ -44.621178, -9.594494 ], [ -44.621263999999897, -9.594088 ], [ -44.622481999999899, -9.591975 ], [ -44.624062, -9.588491 ], [ -44.624370999999897, -9.583348 ], [ -44.624062, -9.580269 ], [ -44.623375, -9.577292 ], [ -44.622036, -9.575329 ], [ -44.618663, -9.572598 ], [ -44.616242, -9.57138 ], [ -44.615573, -9.569062 ], [ -44.616328, -9.566846 ], [ -44.616869, -9.564332 ], [ -44.617460999999899, -9.563824 ], [ -44.61756, -9.563587 ], [ -44.617567999999899, -9.563338 ], [ -44.61759, -9.563075 ], [ -44.617564, -9.562788 ], [ -44.617496, -9.562509 ], [ -44.617465, -9.562182 ], [ -44.617367, -9.561907 ], [ -44.617297999999899, -9.561763 ], [ -44.617152, -9.561729 ], [ -44.616886, -9.561716 ], [ -44.616745, -9.561636 ], [ -44.616692999999898, -9.561458 ], [ -44.616663, -9.561302 ], [ -44.616564, -9.561213 ], [ -44.616281, -9.561116 ], [ -44.616161, -9.560858 ], [ -44.616049, -9.560558 ], [ -44.616165, -9.56035 ], [ -44.616307, -9.560177 ], [ -44.616302, -9.560029 ], [ -44.616279, -9.559734 ], [ -44.616124, -9.559421 ], [ -44.615974, -9.559349 ], [ -44.615772, -9.559353 ], [ -44.615584, -9.559459 ], [ -44.615416, -9.559598 ], [ -44.615193, -9.559687 ], [ -44.614803, -9.5597 ], [ -44.614524, -9.559615 ], [ -44.614361, -9.559463 ], [ -44.614086, -9.558867 ], [ -44.613777, -9.558605 ], [ -44.613263, -9.558253 ], [ -44.612589, -9.557556 ], [ -44.611941, -9.557221 ], [ -44.611436, -9.557012 ], [ -44.610809, -9.557058 ], [ -44.610093, -9.556923 ], [ -44.609758, -9.55669 ], [ -44.609539, -9.556326 ], [ -44.609518, -9.55595 ], [ -44.609538, -9.555625 ], [ -44.609439, -9.555067 ], [ -44.609117, -9.554458 ], [ -44.60901, -9.553955 ], [ -44.608977, -9.553666 ], [ -44.608770999999898, -9.553095 ], [ -44.608715, -9.552498 ], [ -44.608754, -9.551826 ], [ -44.608972999999899, -9.551048 ], [ -44.609185, -9.550716 ], [ -44.609626999999897, -9.550378 ], [ -44.609747, -9.550069 ], [ -44.609773, -9.549845 ], [ -44.609696, -9.549528 ], [ -44.609457, -9.548759 ], [ -44.609273, -9.548163 ], [ -44.6092, -9.547812 ], [ -44.609294, -9.547698 ], [ -44.611041, -9.549548 ], [ -44.611443999999899, -9.549641 ], [ -44.611676, -9.549396 ], [ -44.611882, -9.548415 ], [ -44.6122, -9.547239 ], [ -44.612208, -9.546418 ], [ -44.611906, -9.545907 ], [ -44.611339, -9.545272 ], [ -44.610224, -9.544748 ], [ -44.609854, -9.544291 ], [ -44.609854, -9.54402 ], [ -44.610103, -9.543606 ], [ -44.610841999999899, -9.542675 ], [ -44.611348, -9.541652 ], [ -44.611871, -9.540772 ], [ -44.612206, -9.540679 ], [ -44.612498, -9.540806 ], [ -44.612738, -9.541263 ], [ -44.613213, -9.542731 ], [ -44.613765999999899, -9.543907 ], [ -44.61462, -9.544698 ], [ -44.615848, -9.545305 ], [ -44.617683999999898, -9.546033 ], [ -44.619126, -9.546642 ], [ -44.619374999999899, -9.547082 ], [ -44.619367, -9.547615 ], [ -44.619186, -9.548283 ], [ -44.619186, -9.548858 ], [ -44.61947, -9.549357 ], [ -44.620079, -9.549662 ], [ -44.6206, -9.549642 ], [ -44.620857999999899, -9.549422 ], [ -44.620927, -9.548999 ], [ -44.620695, -9.547984 ], [ -44.620686, -9.54702 ], [ -44.62103, -9.546182 ], [ -44.621485, -9.545962 ], [ -44.622128, -9.545878 ], [ -44.622858, -9.546301 ], [ -44.623381, -9.54696 ], [ -44.623862, -9.547223 ], [ -44.62442, -9.547231 ], [ -44.625407, -9.54713 ], [ -44.626119, -9.547282 ], [ -44.626583, -9.547756 ], [ -44.626952, -9.548136 ], [ -44.627294999999897, -9.548145 ], [ -44.627586999999899, -9.547916 ], [ -44.627862, -9.54762 ], [ -44.628093, -9.546952 ], [ -44.628634, -9.546106 ], [ -44.628985999999898, -9.545909 ], [ -44.629338, -9.545892 ], [ -44.631258, -9.546801 ], [ -44.632464, -9.547068 ], [ -44.634614, -9.546831 ], [ -44.635357, -9.547034 ], [ -44.635726, -9.547383 ], [ -44.636138, -9.54833 ], [ -44.63685, -9.550657 ], [ -44.637597, -9.551976 ], [ -44.638224, -9.552433 ], [ -44.638885, -9.552365 ], [ -44.639531, -9.551904 ], [ -44.641191999999897, -9.550872 ], [ -44.642141, -9.550318 ], [ -44.642415, -9.550365 ], [ -44.642841, -9.550756 ], [ -44.643304999999899, -9.551982 ], [ -44.643639999999898, -9.552633 ], [ -44.644523999999898, -9.553226 ], [ -44.647699, -9.554148 ], [ -44.648764, -9.554596 ], [ -44.649356, -9.554588 ], [ -44.649759, -9.554427 ], [ -44.650231, -9.553818 ], [ -44.650557999999897, -9.55298 ], [ -44.650669, -9.552101 ], [ -44.651107, -9.551838 ], [ -44.651785, -9.55183 ], [ -44.652557, -9.55227 ], [ -44.652935, -9.553099 ], [ -44.652931, -9.554076 ], [ -44.65245, -9.555785 ], [ -44.65233, -9.557376 ], [ -44.652895999999899, -9.558323 ], [ -44.653652, -9.558729 ], [ -44.657686, -9.559253 ], [ -44.660879, -9.560302 ], [ -44.662166, -9.560302 ], [ -44.66299, -9.560269 ], [ -44.664003, -9.560979 ], [ -44.664793, -9.561893 ], [ -44.6660962999999, -9.56292739999998 ], [ -44.666482899999899, -9.56187769999997 ], [ -44.667250099999897, -9.56168189999994 ], [ -44.668313699999899, -9.560480699999969 ], [ -44.668809199999899, -9.55912949999993 ], [ -44.6693695, -9.556911299999969 ], [ -44.6694199, -9.55524119999995 ], [ -44.670212799999902, -9.553281 ], [ -44.6739719, -9.549946499999979 ], [ -44.6757054, -9.54886919999996 ], [ -44.6776841, -9.548084 ], [ -44.6796689, -9.547778 ], [ -44.679672099999898, -9.54777749999994 ], [ -44.679710999999898, -9.54777149999995 ], [ -44.6800774, -9.547569599999971 ], [ -44.7406523, -9.510119799999931 ], [ -44.7435627, -9.50832049999997 ], [ -44.817755, -9.46240439999997 ], [ -44.7917201, -9.407331699999929 ], [ -44.726284399999898, -9.26891309999996 ], [ -44.564680699999897, -9.355817799999951 ], [ -44.523000399999901, -9.378232 ], [ -44.523220099999897, -9.37764729999998 ], [ -44.523275, -9.37725289999997 ], [ -44.5232419, -9.37677239999994 ], [ -44.523111, -9.37649039999997 ], [ -44.52288, -9.37624509999995 ], [ -44.5225642999999, -9.37616619999994 ], [ -44.5223692, -9.376028 ], [ -44.522063499999902, -9.375704 ], [ -44.5217337, -9.375308599999929 ], [ -44.5213507, -9.37504149999995 ], [ -44.5209072, -9.37483379999998 ], [ -44.5199679, -9.374598 ], [ -44.519734, -9.37448819999997 ], [ -44.519528799999897, -9.37426459999995 ], [ -44.519397899999902, -9.37392309999996 ], [ -44.519498499999898, -9.37352939999994 ], [ -44.519812499999901, -9.373089599999959 ], [ -44.5201977, -9.372575 ], [ -44.520725899999903, -9.372259299999939 ], [ -44.5217415, -9.372318899999931 ], [ -44.5222737, -9.372386199999941 ], [ -44.5225196, -9.372234299999951 ], [ -44.5225199, -9.37199639999994 ], [ -44.5221665, -9.371589299999931 ], [ -44.5219815, -9.371265499999939 ], [ -44.521749699999901, -9.37079059999996 ], [ -44.5212124, -9.37040349999995 ], [ -44.520796899999901, -9.37024239999994 ], [ -44.520330699999903, -9.37007419999998 ], [ -44.520064799999901, -9.36971339999997 ], [ -44.519972499999902, -9.36938249999997 ], [ -44.5199129, -9.36896619999993 ], [ -44.5198907, -9.368470299999959 ], [ -44.519822599999898, -9.36805279999993 ], [ -44.519801399999899, -9.36772689999998 ], [ -44.5199502, -9.36729779999996 ], [ -44.5203425999999, -9.366614499999971 ], [ -44.520504899999899, -9.366034399999929 ], [ -44.520383599999903, -9.365745199999941 ], [ -44.519887599999898, -9.36560639999993 ], [ -44.519334699999902, -9.365561499999959 ], [ -44.519107899999902, -9.36575849999997 ], [ -44.518995399999902, -9.366056899999929 ], [ -44.5189366, -9.36669439999997 ], [ -44.5188496, -9.36776129999993 ], [ -44.5187207, -9.36858419999993 ], [ -44.518380099999902, -9.36914769999993 ], [ -44.517894, -9.36941 ], [ -44.5173973, -9.36945 ], [ -44.5170575, -9.369299699999941 ], [ -44.516854, -9.369064599999939 ], [ -44.5168050999999, -9.36869219999994 ], [ -44.5169635, -9.368374699999951 ], [ -44.517214599999903, -9.36807039999997 ], [ -44.5174259, -9.367803 ], [ -44.517643399999898, -9.367375 ], [ -44.5177332, -9.36693739999993 ], [ -44.5177207999999, -9.366374699999939 ], [ -44.5176346, -9.365963 ], [ -44.5175687999999, -9.36558819999993 ], [ -44.517685, -9.365264799999981 ], [ -44.517854, -9.36505089999997 ], [ -44.518059, -9.36478519999997 ], [ -44.518330499999898, -9.364399 ], [ -44.5183795, -9.363887799999929 ], [ -44.518231699999902, -9.36360339999993 ], [ -44.5178778, -9.363434 ], [ -44.517587299999903, -9.36353709999997 ], [ -44.517216899999902, -9.36389229999997 ], [ -44.5166993, -9.364371 ], [ -44.5163216, -9.36471679999994 ], [ -44.5159646, -9.364861499999961 ], [ -44.5157283, -9.36488749999995 ], [ -44.5154558999999, -9.36486579999996 ], [ -44.515083699999899, -9.36458339999996 ], [ -44.514705299999903, -9.36440209999995 ], [ -44.5144099, -9.36430059999998 ], [ -44.5142365, -9.36413149999993 ], [ -44.514129599999897, -9.36380169999995 ], [ -44.5141674, -9.363484 ], [ -44.5142653, -9.36334489999996 ], [ -44.5144705, -9.363238 ], [ -44.5147734, -9.363051599999951 ], [ -44.5149135999999, -9.362859 ], [ -44.5151167, -9.362471399999951 ], [ -44.5153160999999, -9.36216819999993 ], [ -44.5155032, -9.36206679999998 ], [ -44.5162002, -9.361953399999949 ], [ -44.516523199999902, -9.361982299999969 ], [ -44.516985799999901, -9.36217549999998 ], [ -44.5173543, -9.362304399999971 ], [ -44.5176893, -9.362309499999981 ], [ -44.5180834, -9.362204 ], [ -44.518405399999899, -9.36194389999997 ], [ -44.5186227, -9.361635 ], [ -44.5187028, -9.361204599999949 ], [ -44.5185935, -9.360951099999969 ], [ -44.5181578, -9.36069369999996 ], [ -44.5178376, -9.360529099999949 ], [ -44.5176451, -9.360314799999969 ], [ -44.5174504, -9.359998099999929 ], [ -44.5172195, -9.359633699999961 ], [ -44.5166917, -9.35929529999993 ], [ -44.5161993, -9.359131899999969 ], [ -44.51579, -9.358929199999981 ], [ -44.5156362, -9.35868639999995 ], [ -44.515671499999897, -9.358445 ], [ -44.5156574, -9.35818809999995 ], [ -44.5153146, -9.35776539999995 ], [ -44.514988399999901, -9.357523399999931 ], [ -44.5146726, -9.35750389999993 ], [ -44.514417099999903, -9.357544 ], [ -44.514168599999898, -9.35765309999994 ], [ -44.513859599999897, -9.357940599999949 ], [ -44.5137108, -9.358310499999959 ], [ -44.513714, -9.358582899999931 ], [ -44.513821, -9.358793599999959 ], [ -44.5138822, -9.359023299999929 ], [ -44.513789, -9.359307599999971 ], [ -44.5135523, -9.35957139999994 ], [ -44.5133448, -9.359695 ], [ -44.513103699999903, -9.359635199999961 ], [ -44.5130088, -9.359400699999981 ], [ -44.5130066, -9.35917939999996 ], [ -44.5130745, -9.35859729999993 ], [ -44.5130636, -9.357728699999941 ], [ -44.5132191, -9.35690069999993 ], [ -44.5135139, -9.35565039999994 ], [ -44.5138375, -9.35502719999994 ], [ -44.514151599999899, -9.354646899999979 ], [ -44.5146707, -9.35410019999995 ], [ -44.5152088, -9.353717899999941 ], [ -44.5155973, -9.353416299999941 ], [ -44.5158749, -9.35310739999994 ], [ -44.5159965, -9.352805399999969 ], [ -44.516023399999902, -9.35250329999997 ], [ -44.515940699999902, -9.35224509999995 ], [ -44.5156722, -9.35202 ], [ -44.515177299999898, -9.351754 ], [ -44.5148073, -9.35169279999997 ], [ -44.5145118, -9.351769699999981 ], [ -44.5142777, -9.35189789999993 ], [ -44.514019399999903, -9.35207369999995 ], [ -44.513766099999899, -9.35215669999997 ], [ -44.5134128, -9.352097899999929 ], [ -44.5130945, -9.35197609999994 ], [ -44.5128113, -9.35179119999998 ], [ -44.512598, -9.351599299999981 ], [ -44.5122833, -9.35145249999994 ], [ -44.5121679, -9.35135719999994 ], [ -44.512163299999898, -9.351152399999931 ], [ -44.512219, -9.351007299999941 ], [ -44.512400399999898, -9.35076939999993 ], [ -44.5128256, -9.350396199999979 ], [ -44.5132747, -9.350094499999949 ], [ -44.5142243, -9.34984709999998 ], [ -44.5151647, -9.349836499999981 ], [ -44.5158792, -9.350014699999971 ], [ -44.5170214, -9.35058869999995 ], [ -44.5175851, -9.35073659999995 ], [ -44.5179972, -9.350744099999931 ], [ -44.5183888, -9.350655199999951 ], [ -44.518587899999901, -9.350411599999971 ], [ -44.5187329, -9.350066799999979 ], [ -44.518657699999899, -9.349580399999979 ], [ -44.5182854, -9.348771399999981 ], [ -44.5179534, -9.34845219999994 ], [ -44.5173225, -9.34811609999997 ], [ -44.5166211, -9.347259799999961 ], [ -44.516236999999897, -9.34694159999998 ], [ -44.515615399999902, -9.34676589999998 ], [ -44.515297299999901, -9.34676329999996 ], [ -44.5149709, -9.34669989999998 ], [ -44.5146675, -9.34653789999993 ], [ -44.514086, -9.34603889999994 ], [ -44.5137432, -9.345497199999951 ], [ -44.5135223, -9.344828299999961 ], [ -44.513512499999898, -9.344247199999931 ], [ -44.5135936, -9.343986699999959 ], [ -44.513816, -9.343584699999949 ], [ -44.5140734, -9.343179299999971 ], [ -44.514217099999897, -9.342961699999931 ], [ -44.514627399999902, -9.34268859999997 ], [ -44.5153013, -9.342495499999931 ], [ -44.5156618, -9.342385299999931 ], [ -44.5158054, -9.34222729999993 ], [ -44.5158225, -9.34205129999998 ], [ -44.515645699999901, -9.341788199999939 ], [ -44.5153306, -9.34141189999997 ], [ -44.5149428, -9.341237599999941 ], [ -44.5144736, -9.34121539999995 ], [ -44.5141351, -9.34123539999996 ], [ -44.5136942, -9.341130299999969 ], [ -44.513008899999903, -9.34075259999997 ], [ -44.512555, -9.34038219999996 ], [ -44.5117987, -9.33972229999995 ], [ -44.5114025, -9.33924939999997 ], [ -44.511073699999898, -9.33890509999998 ], [ -44.510375699999898, -9.33855069999993 ], [ -44.5097099, -9.338268899999949 ], [ -44.5094978, -9.338009099999971 ], [ -44.5094826, -9.337700699999971 ], [ -44.509614499999898, -9.337447299999949 ], [ -44.509981799999899, -9.336999099999961 ], [ -44.5104175, -9.33690789999997 ], [ -44.5107733, -9.337069 ], [ -44.511027399999897, -9.337394199999951 ], [ -44.5112925, -9.337584899999969 ], [ -44.5119619, -9.337662899999939 ], [ -44.512446699999899, -9.33758719999997 ], [ -44.512883499999901, -9.33736869999996 ], [ -44.5133941, -9.33688029999996 ], [ -44.5135718, -9.336489099999939 ], [ -44.513504, -9.33583349999998 ], [ -44.5134097, -9.33518249999997 ], [ -44.513498, -9.33475509999994 ], [ -44.5137071, -9.334385299999949 ], [ -44.5140186, -9.334021699999941 ], [ -44.5147726, -9.33339809999995 ], [ -44.5153839, -9.333044199999961 ], [ -44.5156072, -9.332753 ], [ -44.5157091, -9.332232199999959 ], [ -44.5156072, -9.331869299999941 ], [ -44.515320899999899, -9.331590699999939 ], [ -44.5148308999999, -9.331291399999939 ], [ -44.5140896999999, -9.331339 ], [ -44.5136679, -9.33151689999994 ], [ -44.5132973999999, -9.331931499999939 ], [ -44.5128208, -9.332424599999969 ], [ -44.5122153, -9.332856899999969 ], [ -44.511918799999897, -9.33288279999994 ], [ -44.5115561, -9.33283119999993 ], [ -44.511363399999901, -9.33267639999997 ], [ -44.5112769, -9.332443099999979 ], [ -44.5113666, -9.332124299999981 ], [ -44.511526199999899, -9.331739 ], [ -44.511750999999897, -9.331320499999951 ], [ -44.512081, -9.330760899999969 ], [ -44.512351399999901, -9.330442399999979 ], [ -44.5127591, -9.330126499999951 ], [ -44.512994299999903, -9.32993049999993 ], [ -44.513024899999898, -9.32960349999996 ], [ -44.512773599999903, -9.32926179999993 ], [ -44.5122109, -9.329232799999939 ], [ -44.5117844, -9.32938449999995 ], [ -44.5114781, -9.32965529999996 ], [ -44.5111355, -9.32999739999997 ], [ -44.5107871, -9.330143299999969 ], [ -44.5102641, -9.33024729999994 ], [ -44.5099954, -9.330200699999979 ], [ -44.5098341, -9.33006719999997 ], [ -44.5098091, -9.32988519999998 ], [ -44.509834699999899, -9.32965089999993 ], [ -44.5099484, -9.32940359999998 ], [ -44.51005, -9.32912059999995 ], [ -44.5101976999999, -9.328345599999979 ], [ -44.510270799999901, -9.327786599999969 ], [ -44.5102027, -9.327369 ], [ -44.5099718, -9.327064099999969 ], [ -44.5093752, -9.32679889999997 ], [ -44.5087907, -9.326732799999951 ], [ -44.5086486, -9.32664459999995 ], [ -44.5085849, -9.32649109999994 ], [ -44.508690199999897, -9.32624249999998 ], [ -44.50898, -9.32585029999996 ], [ -44.5095023, -9.32557609999998 ], [ -44.510085699999898, -9.325472199999981 ], [ -44.51051, -9.32533709999996 ], [ -44.510602999999897, -9.32517189999993 ], [ -44.5106239, -9.32491149999993 ], [ -44.510452299999898, -9.32455459999994 ], [ -44.510079899999901, -9.32374529999993 ], [ -44.509919099999898, -9.323255 ], [ -44.5099738, -9.32288029999995 ], [ -44.510066299999899, -9.32224749999995 ], [ -44.509988, -9.32169469999997 ], [ -44.510012399999901, -9.32146869999997 ], [ -44.5101316, -9.32071229999997 ], [ -44.510136799999898, -9.320441099999931 ], [ -44.5100576, -9.320157799999951 ], [ -44.5096955, -9.319749199999929 ], [ -44.5095851, -9.319687899999961 ], [ -44.5089945, -9.31936019999995 ], [ -44.508271299999898, -9.319180499999961 ], [ -44.507799599999899, -9.319032599999961 ], [ -44.507343299999903, -9.318749599999929 ], [ -44.5070279, -9.31828459999997 ], [ -44.506871499999903, -9.317816 ], [ -44.506843199999899, -9.317400099999929 ], [ -44.5069652, -9.31706069999996 ], [ -44.5071237, -9.316772899999931 ], [ -44.507299499999903, -9.316559099999949 ], [ -44.507560899999902, -9.31634309999993 ], [ -44.5079054999999, -9.31618519999995 ], [ -44.5081036, -9.316024899999951 ], [ -44.5074928, -9.31605039999994 ], [ -44.494182, -9.321423299999941 ], [ -44.4923046, -9.32209429999995 ], [ -44.491154499999901, -9.32250529999993 ], [ -44.4284178, -9.344926399999959 ], [ -44.3927515, -9.363121799999931 ], [ -44.290374, -9.401904099999969 ], [ -44.285363, -9.403802399999959 ], [ -44.260572, -9.413193699999971 ], [ -44.2182776, -9.429215499999939 ], [ -44.127563699999897, -9.51062249999995 ], [ -44.0901239, -9.54422119999998 ], [ -44.0434451, -9.586111 ], [ -44.0679698, -9.59855749999997 ], [ -44.068339599999902, -9.598745199999939 ], [ -44.1879534, -9.65943969999995 ], [ -44.220815199999898, -9.67592819999993 ], [ -44.3036987, -9.717852299999951 ], [ -44.3042685, -9.718481099999959 ], [ -44.304884899999898, -9.71888539999998 ], [ -44.306253599999899, -9.71943929999998 ], [ -44.308798399999901, -9.719713799999971 ], [ -44.3110378, -9.71932679999998 ], [ -44.3128277, -9.719315199999929 ], [ -44.313944299999903, -9.719574799999981 ], [ -44.3149974, -9.720419499999929 ], [ -44.3161928, -9.721670499999959 ], [ -44.316651599999901, -9.721974099999951 ], [ -44.3174167, -9.72196869999993 ], [ -44.3196733999999, -9.721236899999949 ], [ -44.320485399999903, -9.721342499999929 ], [ -44.32155, -9.722135799999929 ], [ -44.3246502, -9.72384949999997 ], [ -44.3266312, -9.72444889999997 ], [ -44.3290612, -9.725411399999929 ], [ -44.329592799999901, -9.72553419999997 ], [ -44.3316217, -9.72552389999993 ], [ -44.3335954, -9.72624979999995 ], [ -44.3353678, -9.726468699999939 ], [ -44.3367557, -9.72705519999994 ], [ -44.339629499999901, -9.72774369999996 ], [ -44.342331, -9.727867199999929 ], [ -44.3484245, -9.729451 ], [ -44.3490811, -9.729289899999969 ], [ -44.3508196, -9.727749499999961 ], [ -44.352369, -9.727641899999981 ], [ -44.354871199999899, -9.72771869999997 ], [ -44.356541299999897, -9.727189799999961 ], [ -44.357793399999899, -9.72717649999993 ], [ -44.359410399999902, -9.727568499999959 ], [ -44.361076399999902, -9.727555099999959 ], [ -44.3619944, -9.727023 ], [ -44.3627529, -9.72630009999995 ], [ -44.363318799999902, -9.72495179999993 ], [ -44.3639425, -9.72441149999997 ], [ -44.364494299999897, -9.72405749999996 ], [ -44.367167299999899, -9.72314509999995 ], [ -44.3681417, -9.72188929999993 ], [ -44.368816599999903, -9.72052519999994 ], [ -44.3695668, -9.72037119999993 ], [ -44.3706526, -9.719833899999969 ], [ -44.371726, -9.72045259999993 ], [ -44.3728839, -9.72057929999994 ], [ -44.3741181, -9.721248799999961 ], [ -44.375461, -9.721280699999969 ], [ -44.3767763, -9.721004099999959 ], [ -44.3779382, -9.720138799999971 ], [ -44.3792366, -9.71987949999993 ], [ -44.3808167, -9.71905079999993 ], [ -44.3822873, -9.718099499999941 ], [ -44.383023799999897, -9.71782009999993 ], [ -44.3848214, -9.717481899999941 ], [ -44.385463199999897, -9.717514 ], [ -44.386465, -9.717804 ], [ -44.3887458, -9.718791599999969 ], [ -44.3903349, -9.718980199999979 ], [ -44.391106799999903, -9.718703599999969 ], [ -44.3936744, -9.717172299999961 ], [ -44.3943945, -9.71689249999997 ], [ -44.395724, -9.717549399999941 ], [ -44.396409999999896, -9.71823039999998 ], [ -44.3976453, -9.71832709999995 ], [ -44.3985054, -9.71825 ], [ -44.399899199999901, -9.71752489999994 ], [ -44.401321499999902, -9.717045 ], [ -44.401904499999901, -9.717093299999931 ], [ -44.402853999999898, -9.717933199999949 ], [ -44.4035575999999, -9.71835239999996 ], [ -44.404339, -9.718603399999949 ], [ -44.406120299999898, -9.718575 ], [ -44.4094383999999, -9.718053 ], [ -44.4106945, -9.71739 ], [ -44.4112234, -9.716085 ], [ -44.4116263, -9.715518799999931 ], [ -44.4117593, -9.71441159999995 ], [ -44.4130772, -9.71258149999994 ], [ -44.4135946, -9.71129479999996 ], [ -44.414582499999902, -9.709464399999939 ], [ -44.4149437, -9.709110399999931 ], [ -44.4158719, -9.70891379999995 ], [ -44.417536599999899, -9.71021519999994 ], [ -44.4180545, -9.71037139999993 ], [ -44.4198842, -9.71056019999997 ], [ -44.4215745, -9.71020629999998 ], [ -44.422386, -9.709789699999931 ], [ -44.4233133, -9.70803689999997 ], [ -44.4243938, -9.707139699999971 ], [ -44.4261298, -9.706366599999971 ], [ -44.426553899999902, -9.70597859999998 ], [ -44.4277268, -9.70551569999998 ], [ -44.430353899999901, -9.70285059999998 ], [ -44.431455899999897, -9.70212429999998 ], [ -44.432721699999902, -9.70165949999995 ], [ -44.4343501, -9.701428599999931 ], [ -44.4353065, -9.70110689999996 ], [ -44.4359977, -9.70071909999996 ], [ -44.4387632, -9.699838599999961 ], [ -44.4399066, -9.699034 ], [ -44.440266199999897, -9.69897209999993 ], [ -44.440580899999901, -9.698917899999969 ], [ -44.4406258, -9.69891009999998 ], [ -44.441113599999902, -9.69906629999997 ], [ -44.4411719, -9.699641699999971 ], [ -44.4423598, -9.70158309999994 ], [ -44.4444978, -9.70319989999996 ], [ -44.4469362, -9.704196799999981 ], [ -44.4482012, -9.70443059999997 ], [ -44.451423799999901, -9.70465489999998 ], [ -44.452814499999903, -9.70524729999994 ], [ -44.4533761, -9.705851699999929 ], [ -44.455955399999901, -9.706926599999971 ], [ -44.4576643, -9.70866369999993 ], [ -44.4589539, -9.709570099999951 ], [ -44.4594379, -9.71005279999997 ], [ -44.459750799999902, -9.710780599999961 ], [ -44.4599984, -9.712068899999959 ], [ -44.459808199999898, -9.713077399999969 ], [ -44.459431299999899, -9.713759499999981 ], [ -44.4587117, -9.71447239999998 ], [ -44.458272, -9.71515449999993 ], [ -44.4585081, -9.71585349999998 ], [ -44.459395399999899, -9.716675699999939 ], [ -44.4613648, -9.71771949999993 ], [ -44.4651808, -9.718177 ], [ -44.4658238, -9.71836739999998 ] ] ] ] } },
{ "type": "Feature", "properties": { "CD_MUN": "2200459", "NM_MUN": "Alvorada do Gurguéia", "CD_RGI": "220016", "NM_RGI": "Bom Jesus", "CD_RGINT": "2205", "NM_RGINT": "Corrente - Bom Jesus", "CD_UF": "22", "NM_UF": "Piauí", "SIGLA_UF": "PI", "CD_REGIAO": "2", "NM_REGIAO": "Nordeste", "SIGLA_RG": "NE", "CD_CONCURB": null, "NM_CONCURB": null, "AREA_KM2": 2131.517 }, "geometry": { "type": "MultiPolygon", "coordinates": [ [ [ [ -43.6751384, -8.54632 ], [ -43.675296, -8.547321699999941 ], [ -43.6778047, -8.56326929999994 ], [ -43.6834375, -8.599116199999971 ], [ -43.690016899999897, -8.600090899999939 ], [ -43.692163299999898, -8.600097699999941 ], [ -43.694523499999903, -8.60065939999993 ], [ -43.698706199999897, -8.600809599999931 ], [ -43.7024986, -8.60041009999998 ], [ -43.707973799999898, -8.599322899999949 ], [ -43.7099054, -8.598775399999971 ], [ -43.713348799999899, -8.596506499999981 ], [ -43.7169628, -8.59548229999996 ], [ -43.7193993, -8.594177799999949 ], [ -43.7208995, -8.594319599999951 ], [ -43.7229009, -8.59487789999997 ], [ -43.7246473, -8.59688979999993 ], [ -43.726288, -8.598278299999951 ], [ -43.7277879, -8.598697 ], [ -43.7297179, -8.59877349999994 ], [ -43.7317959, -8.59808819999995 ], [ -43.7326924, -8.59746969999998 ], [ -43.7347007, -8.595471799999929 ], [ -43.737137, -8.59437369999995 ], [ -43.7403935, -8.59362479999993 ], [ -43.7423977, -8.59300859999996 ], [ -43.744259699999901, -8.592876599999951 ], [ -43.745299, -8.592587799999929 ], [ -43.7477723, -8.591900099999981 ], [ -43.752530799999903, -8.589381 ], [ -43.7581481, -8.588636599999971 ], [ -43.7584383, -8.588612099999979 ], [ -43.762082899999903, -8.588305 ], [ -43.764374599999897, -8.58720549999992 ], [ -43.7661684, -8.58589789999996 ], [ -43.7682849, -8.583985199999971 ], [ -43.7777646, -8.58471479999997 ], [ -43.8412812, -8.58960379999996 ], [ -43.841295199999898, -8.58960489999993 ], [ -44.024305899999902, -8.60369149999997 ], [ -44.024636299999898, -8.60371689999994 ], [ -44.0280447, -8.610744599999981 ], [ -44.2085331, -8.627144 ], [ -44.2054739, -8.55369129999997 ], [ -44.325527399999899, -8.499384299999971 ], [ -44.3998349, -8.46572209999994 ], [ -44.4084275, -8.46182959999993 ], [ -44.4068983, -8.45595359999993 ], [ -44.4068649, -8.45582529999996 ], [ -44.400455599999901, -8.43119759999996 ], [ -44.3835185, -8.366143 ], [ -44.1067002, -8.369405699999961 ], [ -44.090433, -8.37225649999993 ], [ -44.0848396, -8.37459159999997 ], [ -44.0739017, -8.377150699999961 ], [ -44.059801999999898, -8.38134389999993 ], [ -44.0447248, -8.38764909999998 ], [ -44.0293991, -8.395362099999939 ], [ -44.0133299, -8.403061599999941 ], [ -43.919285699999897, -8.38733629999996 ], [ -43.879109399999898, -8.313571899999941 ], [ -43.825207, -8.31501369999995 ], [ -43.8255098, -8.31425969999998 ], [ -43.8253988, -8.313715 ], [ -43.824548, -8.312858099999969 ], [ -43.824135199999901, -8.312573399999961 ], [ -43.8239277, -8.312207299999949 ], [ -43.823996399999899, -8.31149459999995 ], [ -43.8247092, -8.31087929999995 ], [ -43.8253865, -8.310741099999969 ], [ -43.826413499999902, -8.31064739999994 ], [ -43.827004, -8.31053049999997 ], [ -43.827417599999897, -8.310114299999951 ], [ -43.8278108, -8.309516299999929 ], [ -43.8282187, -8.30913459999994 ], [ -43.828964, -8.308583299999951 ], [ -43.8295512, -8.30812439999994 ], [ -43.8298179, -8.307661 ], [ -43.8299397, -8.307209599999959 ], [ -43.8297092, -8.307019299999981 ], [ -43.8293331, -8.30713539999994 ], [ -43.828831, -8.30714879999994 ], [ -43.8282953, -8.306932899999939 ], [ -43.8278655, -8.30665169999997 ], [ -43.8273475, -8.306038299999949 ], [ -43.8272803999999, -8.305650699999941 ], [ -43.827462599999897, -8.305266499999959 ], [ -43.8279549, -8.305239799999979 ], [ -43.828244799999901, -8.305286499999969 ], [ -43.828386899999899, -8.305580299999971 ], [ -43.8284502, -8.30599089999993 ], [ -43.8287137, -8.30619819999993 ], [ -43.8290320999999, -8.30614349999996 ], [ -43.8293651, -8.305855599999971 ], [ -43.8294425, -8.305385199999931 ], [ -43.8292761, -8.30480489999997 ], [ -43.8283572, -8.303373299999979 ], [ -43.827235899999899, -8.30223789999997 ], [ -43.8268368, -8.301914499999951 ], [ -43.826278199999898, -8.30176559999995 ], [ -43.8255386, -8.30177609999993 ], [ -43.8251486999999, -8.301831 ], [ -43.825014199999899, -8.301997799999979 ], [ -43.8251218, -8.302356599999939 ], [ -43.825005, -8.30263219999995 ], [ -43.8245299, -8.302626299999931 ], [ -43.8239240999999, -8.302257899999971 ], [ -43.823433899999898, -8.301331 ], [ -43.823400999999897, -8.30080759999993 ], [ -43.823681399999899, -8.30040519999994 ], [ -43.8241206, -8.300122699999971 ], [ -43.824486799999903, -8.299922599999951 ], [ -43.8248497, -8.29988689999993 ], [ -43.8250705, -8.300063699999949 ], [ -43.825204799999902, -8.300332699999959 ], [ -43.8253563, -8.30056909999996 ], [ -43.8256057, -8.30064459999994 ], [ -43.8257732, -8.300494899999929 ], [ -43.8257389, -8.30012429999994 ], [ -43.8258883, -8.29979509999993 ], [ -43.826124999999898, -8.299585899999951 ], [ -43.826566899999897, -8.299504 ], [ -43.8268964, -8.299309699999981 ], [ -43.8273255, -8.29887189999994 ], [ -43.827343299999903, -8.298474299999951 ], [ -43.826869, -8.297667799999941 ], [ -43.8265921, -8.29667429999995 ], [ -43.8266441, -8.296141 ], [ -43.8268935, -8.295710099999949 ], [ -43.8272885, -8.29547929999995 ], [ -43.827559699999902, -8.295205099999979 ], [ -43.827766499999903, -8.29474379999994 ], [ -43.827760899999902, -8.29427179999993 ], [ -43.8275646, -8.29394579999996 ], [ -43.827577, -8.29365329999996 ], [ -43.8277229, -8.293417799999929 ], [ -43.8279911, -8.29337849999996 ], [ -43.8282756, -8.293530299999929 ], [ -43.8284055, -8.293680799999949 ], [ -43.8285274, -8.293735799999981 ], [ -43.8288011, -8.29359139999997 ], [ -43.829017099999902, -8.293290799999969 ], [ -43.829021699999899, -8.29297349999996 ], [ -43.8288896, -8.29276379999993 ], [ -43.8284978, -8.29268579999996 ], [ -43.8281478, -8.29257059999998 ], [ -43.8280429, -8.292412399999931 ], [ -43.8280574999999, -8.292179199999961 ], [ -43.828304699999897, -8.29168909999993 ], [ -43.8283413999999, -8.29117679999996 ], [ -43.8279294, -8.290498099999979 ], [ -43.827600699999898, -8.290398 ], [ -43.826824799999898, -8.290485 ], [ -43.826034499999899, -8.29036949999994 ], [ -43.8257053, -8.290128099999951 ], [ -43.825653799999898, -8.28979 ], [ -43.8255268, -8.289404499999931 ], [ -43.825284199999899, -8.289071 ], [ -43.8252227, -8.28864889999994 ], [ -43.825539999999897, -8.288167099999949 ], [ -43.8259725, -8.28763619999995 ], [ -43.8260008, -8.287464099999969 ], [ -43.825811, -8.28731569999997 ], [ -43.825544299999898, -8.287272799999929 ], [ -43.8253405, -8.286992599999961 ], [ -43.825300599999899, -8.286656499999941 ], [ -43.825369, -8.28638489999997 ], [ -43.825540299999901, -8.286212199999969 ], [ -43.825752399999899, -8.28615219999995 ], [ -43.8258484, -8.286002799999951 ], [ -43.825739199999902, -8.28572609999998 ], [ -43.825372, -8.28484 ], [ -43.8250512, -8.28476479999995 ], [ -43.8246444, -8.284923 ], [ -43.8242084, -8.28504119999997 ], [ -43.8238396, -8.28504069999997 ], [ -43.8235996, -8.28490779999993 ], [ -43.823552199999902, -8.284617499999969 ], [ -43.8237417, -8.284188799999979 ], [ -43.824046699999897, -8.283706299999951 ], [ -43.8240092, -8.282993599999941 ], [ -43.823779499999901, -8.28250909999997 ], [ -43.82347, -8.282365099999939 ], [ -43.8231268, -8.28249819999996 ], [ -43.82256, -8.28326659999993 ], [ -43.821803499999902, -8.28388659999996 ], [ -43.8211165, -8.284011499999959 ], [ -43.8206857, -8.283953799999949 ], [ -43.8203794, -8.28364539999995 ], [ -43.8201116, -8.28331959999997 ], [ -43.8200078, -8.282937899999981 ], [ -43.8201203, -8.28254379999993 ], [ -43.8203114, -8.28203289999993 ], [ -43.8205493, -8.281600099999929 ], [ -43.8209909, -8.28144749999996 ], [ -43.8213287, -8.28141949999997 ], [ -43.821689499999898, -8.281324499999929 ], [ -43.8220079, -8.28126979999996 ], [ -43.8223268, -8.28135649999996 ], [ -43.822522799999902, -8.281611899999969 ], [ -43.8226026, -8.281777799999929 ], [ -43.8227906, -8.281937599999941 ], [ -43.8231281, -8.28183889999997 ], [ -43.8234347, -8.28120529999995 ], [ -43.823527399999897, -8.280713799999941 ], [ -43.8234188, -8.28007219999995 ], [ -43.823138599999901, -8.279620699999951 ], [ -43.8226897, -8.279383499999939 ], [ -43.8222084, -8.27927069999993 ], [ -43.8218108, -8.27930079999993 ], [ -43.821637699999897, -8.27948489999994 ], [ -43.8215865, -8.279724 ], [ -43.821694, -8.280082799999949 ], [ -43.821633399999897, -8.28037919999997 ], [ -43.821390699999903, -8.280552099999969 ], [ -43.820883799999898, -8.280305599999959 ], [ -43.819966399999899, -8.279733799999971 ], [ -43.8194915999999, -8.279292199999929 ], [ -43.8192055, -8.27922259999997 ], [ -43.8189345, -8.27956759999995 ], [ -43.8188531, -8.28050839999997 ], [ -43.818865, -8.281087299999969 ], [ -43.8186013, -8.28232849999995 ], [ -43.818028, -8.28291909999996 ], [ -43.8175907, -8.28319019999998 ], [ -43.8170941, -8.28309839999997 ], [ -43.8165834, -8.28287479999995 ], [ -43.816383099999904, -8.28250109999993 ], [ -43.8164166, -8.28215309999996 ], [ -43.8166954, -8.281833 ], [ -43.816953899999902, -8.281274 ], [ -43.816961499999898, -8.280215399999969 ], [ -43.817057799999901, -8.279630299999949 ], [ -43.8171057, -8.279049199999969 ], [ -43.816780299999898, -8.278784799999929 ], [ -43.816365399999903, -8.27884749999993 ], [ -43.816001899999897, -8.27924819999993 ], [ -43.8154243, -8.279214 ], [ -43.814986, -8.27920229999995 ], [ -43.8144697, -8.279519499999941 ], [ -43.8141254, -8.279876199999929 ], [ -43.813998399999903, -8.28050339999993 ], [ -43.8140099, -8.28101169999997 ], [ -43.8141709, -8.28169709999997 ], [ -43.814205399999899, -8.282138399999949 ], [ -43.814044399999901, -8.282465799999949 ], [ -43.8138592, -8.28250659999998 ], [ -43.813337499999903, -8.282422499999941 ], [ -43.8130161, -8.282205899999949 ], [ -43.8128953, -8.28192729999995 ], [ -43.8129743, -8.28137479999998 ], [ -43.8128859, -8.28097189999994 ], [ -43.812154899999904, -8.279711799999969 ], [ -43.8115839, -8.27782979999995 ], [ -43.811407599999903, -8.277165399999941 ], [ -43.811335299999897, -8.276375099999941 ], [ -43.8118034, -8.27606189999995 ], [ -43.812332899999902, -8.275664399999931 ], [ -43.812685, -8.27533249999993 ], [ -43.812976499999898, -8.275297 ], [ -43.813497599999899, -8.275239699999929 ], [ -43.8145143, -8.274484899999949 ], [ -43.8160925, -8.27313839999994 ], [ -43.8163974, -8.272586899999959 ], [ -43.8164745, -8.27204589999997 ], [ -43.816479699999903, -8.271363599999971 ], [ -43.8160799, -8.27032179999998 ], [ -43.815987999999898, -8.270012599999969 ], [ -43.816024899999903, -8.269571 ], [ -43.816385399999902, -8.269187799999941 ], [ -43.8166866, -8.268659299999969 ], [ -43.8170891, -8.26838259999994 ], [ -43.8175623, -8.2684 ], [ -43.8178313, -8.268572899999979 ], [ -43.8180939, -8.269074499999929 ], [ -43.8184287999999, -8.26928149999998 ], [ -43.8187409, -8.26926119999996 ], [ -43.8187864, -8.26905659999994 ], [ -43.8187746, -8.26847769999995 ], [ -43.8185993, -8.26758969999997 ], [ -43.818609, -8.26709669999997 ], [ -43.8188919, -8.266824299999939 ], [ -43.819282, -8.26684 ], [ -43.819674, -8.266844299999949 ], [ -43.8198317, -8.266681299999959 ], [ -43.819818499999897, -8.26574879999993 ], [ -43.8195183999999, -8.265041 ], [ -43.8192515, -8.26492739999998 ], [ -43.818856, -8.265016699999929 ], [ -43.818421199999896, -8.264911299999939 ], [ -43.818145899999898, -8.26463149999995 ], [ -43.8181931, -8.26434459999996 ], [ -43.819489599999898, -8.26355249999995 ], [ -43.8212057, -8.262458 ], [ -43.8220967, -8.26167119999997 ], [ -43.822749499999901, -8.26059639999994 ], [ -43.823122399999903, -8.259631899999929 ], [ -43.8232477, -8.258074 ], [ -43.8231132, -8.257228 ], [ -43.8232353, -8.254605199999959 ], [ -43.8231403999999, -8.25402459999998 ], [ -43.8228738, -8.25354469999996 ], [ -43.6918848, -8.252415099999951 ], [ -43.6475492, -8.252032699999971 ], [ -43.630731, -8.263842899999929 ], [ -43.6306288, -8.263827 ], [ -43.6602136, -8.45144409999995 ], [ -43.6751384, -8.54632 ] ] ] ] } },
{ "type": "Feature", "properties": { "CD_MUN": "2207405", "NM_MUN": "Palmeira do Piauí", "CD_RGI": "220016", "NM_RGI": "Bom Jesus", "CD_RGINT": "2205", "NM_RGINT": "Corrente - Bom Jesus", "CD_UF": "22", "NM_UF": "Piauí", "SIGLA_UF": "PI", "CD_REGIAO": "2", "NM_REGIAO": "Nordeste", "SIGLA_RG": "NE", "CD_CONCURB": null, "NM_CONCURB": null, "AREA_KM2": 2023.971 }, "geometry": { "type": "MultiPolygon", "coordinates": [ [ [ [ -44.198118, -8.773501 ], [ -44.202409499999902, -8.770973199999959 ], [ -44.226787, -8.787404199999971 ], [ -44.2392442, -8.79872739999996 ], [ -44.267470499999902, -8.79896109999993 ], [ -44.2725037, -8.799002799999929 ], [ -44.2756246, -8.79902829999997 ], [ -44.3049715, -8.79926859999995 ], [ -44.355932799999898, -8.76709049999994 ], [ -44.434276, -8.717622899999981 ], [ -44.435606999999898, -8.716782399999939 ], [ -44.473007499999902, -8.693167 ], [ -44.5027276, -8.674401 ], [ -44.5044601, -8.673305499999969 ], [ -44.5046392, -8.67319219999996 ], [ -44.516650599999899, -8.66559709999996 ], [ -44.72769, -8.53211089999996 ], [ -44.827571299999903, -8.426605799999949 ], [ -44.8270825, -8.426001499999931 ], [ -44.8273105, -8.42573259999995 ], [ -44.828395, -8.42573259999995 ], [ -44.8288051, -8.425597299999939 ], [ -44.828763, -8.425343599999961 ], [ -44.828350699999902, -8.424919699999981 ], [ -44.828625299999899, -8.42460359999995 ], [ -44.829259599999901, -8.42447439999995 ], [ -44.8293050999999, -8.42416459999993 ], [ -44.8291336999999, -8.423808799999961 ], [ -44.828505999999898, -8.423813099999959 ], [ -44.8281267, -8.424027599999929 ], [ -44.827645, -8.42396109999993 ], [ -44.8275755, -8.423638899999959 ], [ -44.8277744, -8.42268239999993 ], [ -44.827474499999902, -8.42238259999993 ], [ -44.827192, -8.42185 ], [ -44.827929599999898, -8.42119709999997 ], [ -44.827942, -8.420981299999941 ], [ -44.8266843, -8.42081379999996 ], [ -44.826455199999899, -8.420631699999941 ], [ -44.826459199999903, -8.42034869999998 ], [ -44.826757299999898, -8.419884899999939 ], [ -44.8266666, -8.419763099999949 ], [ -44.8261262, -8.41995069999996 ], [ -44.8257623, -8.419672599999959 ], [ -44.8258425, -8.41927609999993 ], [ -44.8263161, -8.41891539999995 ], [ -44.826342, -8.41851409999998 ], [ -44.825536199999902, -8.418634 ], [ -44.826018, -8.416592599999939 ], [ -44.825802, -8.41589369999997 ], [ -44.8249382, -8.41467339999997 ], [ -44.8255157, -8.41460359999996 ], [ -44.825984199999901, -8.41415089999998 ], [ -44.825551, -8.41380149999998 ], [ -44.8243251, -8.41348749999997 ], [ -44.823927599999898, -8.41285849999997 ], [ -44.8240729, -8.412476899999939 ], [ -44.824975299999899, -8.41188409999995 ], [ -44.8249764, -8.411568799999939 ], [ -44.8247598, -8.41135929999996 ], [ -44.824110399999903, -8.411776599999939 ], [ -44.823603499999898, -8.41174169999994 ], [ -44.823351499999902, -8.41153229999998 ], [ -44.823639699999902, -8.41052339999993 ], [ -44.8233159, -8.41031229999993 ], [ -44.822594299999899, -8.40929979999993 ], [ -44.823496799999901, -8.409233099999939 ], [ -44.8237136, -8.40905679999997 ], [ -44.8237859, -8.408533299999929 ], [ -44.8235691, -8.408255 ], [ -44.8230991, -8.408463 ], [ -44.822774799999898, -8.408811 ], [ -44.821729499999897, -8.408462699999969 ], [ -44.8217299, -8.407486499999949 ], [ -44.8226662, -8.407417 ], [ -44.822811, -8.40720769999996 ], [ -44.822776, -8.40699969999997 ], [ -44.8221849, -8.406878 ], [ -44.821694599999901, -8.40633529999997 ], [ -44.8222347, -8.40603959999993 ], [ -44.822128, -8.40583 ], [ -44.822201499999899, -8.40541189999993 ], [ -44.8226314999999, -8.404818899999951 ], [ -44.8225241, -8.40433059999998 ], [ -44.821478899999903, -8.40397959999996 ], [ -44.821299199999899, -8.402899299999939 ], [ -44.821119199999899, -8.40279419999996 ], [ -44.820180299999897, -8.402898499999941 ], [ -44.8193858, -8.40261939999994 ], [ -44.8190987999999, -8.40223589999994 ], [ -44.819026999999899, -8.401818099999961 ], [ -44.8197127, -8.40101579999993 ], [ -44.819712099999897, -8.400771 ], [ -44.819387699999901, -8.400701 ], [ -44.8186651, -8.40122379999997 ], [ -44.8184497, -8.40115369999995 ], [ -44.818810799999902, -8.400247399999961 ], [ -44.8188101, -8.39996969999993 ], [ -44.818558799999899, -8.399654 ], [ -44.8181964, -8.39965449999994 ], [ -44.8178004, -8.400037499999939 ], [ -44.817079099999901, -8.40035139999998 ], [ -44.816790899999901, -8.400247399999961 ], [ -44.8169348, -8.39965409999996 ], [ -44.8176563, -8.399374199999951 ], [ -44.817693399999897, -8.398957 ], [ -44.8175127, -8.398573299999949 ], [ -44.8172236999999, -8.39850319999994 ], [ -44.8176922, -8.398049599999981 ], [ -44.8164681, -8.39773469999994 ], [ -44.816465799999897, -8.396758499999979 ], [ -44.816901099999903, -8.395328799999961 ], [ -44.8168276, -8.394944899999929 ], [ -44.8156382, -8.39431549999995 ], [ -44.8153148, -8.393898099999941 ], [ -44.815242, -8.39344449999993 ], [ -44.815819599999898, -8.393059499999939 ], [ -44.8172992, -8.39271309999998 ], [ -44.818019799999902, -8.391735599999951 ], [ -44.8180939, -8.39117819999996 ], [ -44.818021499999901, -8.390898799999951 ], [ -44.8176243999999, -8.390828899999971 ], [ -44.8168302999999, -8.39126519999996 ], [ -44.8168305, -8.39075889999998 ], [ -44.8165435, -8.390375399999931 ], [ -44.816578999999898, -8.39002789999995 ], [ -44.8173007, -8.38946749999997 ], [ -44.8174443, -8.38915459999993 ], [ -44.8169401, -8.388664299999959 ], [ -44.816796699999898, -8.387968899999979 ], [ -44.816435, -8.38789889999993 ], [ -44.816435199999901, -8.387583599999971 ], [ -44.8171211, -8.386887599999969 ], [ -44.817084899999898, -8.386574199999931 ], [ -44.8166163, -8.38657319999993 ], [ -44.815859499999902, -8.38685139999995 ], [ -44.816291, -8.386120099999969 ], [ -44.8163274999999, -8.385804699999939 ], [ -44.8161833999999, -8.38556119999993 ], [ -44.815646399999899, -8.38584269999996 ], [ -44.814957299999897, -8.385909899999939 ], [ -44.8149577, -8.38531689999996 ], [ -44.816508499999898, -8.384759499999969 ], [ -44.8166171, -8.38423679999994 ], [ -44.816220799999897, -8.38371329999995 ], [ -44.814777999999897, -8.38346759999996 ], [ -44.8147784, -8.38322369999997 ], [ -44.8152115, -8.382805899999941 ], [ -44.815066499999901, -8.382560499999951 ], [ -44.813948599999897, -8.38259469999997 ], [ -44.814045899999897, -8.38243879999993 ], [ -44.8152835, -8.38179479999997 ], [ -44.8152802, -8.38151419999997 ], [ -44.813732899999899, -8.380813299999939 ], [ -44.8138086, -8.379801399999961 ], [ -44.8139499, -8.37935449999998 ], [ -44.814274699999899, -8.379176199999961 ], [ -44.8148161, -8.37924759999993 ], [ -44.8155378, -8.37872469999996 ], [ -44.815429799999897, -8.378375699999941 ], [ -44.8150333, -8.378130799999949 ], [ -44.814961, -8.377887099999951 ], [ -44.8155743, -8.377259 ], [ -44.815466699999902, -8.376701 ], [ -44.8157358, -8.37592219999993 ], [ -44.8159626, -8.37526609999998 ], [ -44.8161746, -8.374653 ], [ -44.8161901, -8.37460809999993 ], [ -44.8173067, -8.374434599999971 ], [ -44.8175974, -8.37408579999993 ], [ -44.8171123, -8.373860299999929 ], [ -44.816478199999899, -8.37317769999993 ], [ -44.8175977, -8.372691599999939 ], [ -44.818066, -8.372202199999951 ], [ -44.8166601, -8.371398299999949 ], [ -44.8167673, -8.37105249999996 ], [ -44.8172008, -8.370807 ], [ -44.818067, -8.370702699999979 ], [ -44.8187164, -8.370389799999939 ], [ -44.8184275, -8.36993569999993 ], [ -44.8177784, -8.369692199999969 ], [ -44.8176111, -8.369433799999969 ], [ -44.817742699999897, -8.369168 ], [ -44.8182843, -8.368959 ], [ -44.8182482, -8.36868039999996 ], [ -44.817455, -8.368505899999951 ], [ -44.8177077, -8.367110399999939 ], [ -44.8175272, -8.36679539999994 ], [ -44.816481399999901, -8.36662139999993 ], [ -44.8162656, -8.366341299999929 ], [ -44.8164092, -8.36602849999997 ], [ -44.8174918, -8.36533169999996 ], [ -44.817420599999899, -8.364807599999949 ], [ -44.816843999999897, -8.36407539999993 ], [ -44.8168439, -8.36365649999993 ], [ -44.817096799999902, -8.363447 ], [ -44.8174931, -8.363621399999939 ], [ -44.8181784, -8.363482599999941 ], [ -44.818395199999898, -8.36299359999998 ], [ -44.818395699999897, -8.361704 ], [ -44.8182527, -8.361180899999971 ], [ -44.8176758, -8.36030849999997 ], [ -44.8181797, -8.35989039999993 ], [ -44.818685, -8.36041289999997 ], [ -44.8191545, -8.36041379999995 ], [ -44.820200199999903, -8.359856399999961 ], [ -44.820308899999901, -8.359366699999949 ], [ -44.8202, -8.35867029999997 ], [ -44.8190116, -8.358809199999939 ], [ -44.8182528, -8.35856319999994 ], [ -44.8184701, -8.357971499999961 ], [ -44.8190102, -8.357483799999949 ], [ -44.8187584, -8.356647399999931 ], [ -44.8195173, -8.355775199999931 ], [ -44.8193008, -8.35528619999997 ], [ -44.8193725, -8.354867199999941 ], [ -44.8198062, -8.354728799999981 ], [ -44.8196253999999, -8.35430849999995 ], [ -44.819842499999901, -8.353960699999959 ], [ -44.820275, -8.35371779999997 ], [ -44.821140199999903, -8.353612599999961 ], [ -44.8213582, -8.35326389999994 ], [ -44.8211052999999, -8.352356899999959 ], [ -44.8207439, -8.352356699999969 ], [ -44.8200957, -8.35207749999995 ], [ -44.819843799999902, -8.35155369999995 ], [ -44.820096099999901, -8.35113619999993 ], [ -44.8202764, -8.35130909999998 ], [ -44.820708599999897, -8.35131 ], [ -44.821359399999899, -8.350787299999981 ], [ -44.8213587, -8.35050949999993 ], [ -44.8210716, -8.350089399999939 ], [ -44.819592, -8.34960009999998 ], [ -44.8196288, -8.348694399999941 ], [ -44.819879699999902, -8.348066 ], [ -44.8198454, -8.34740249999993 ], [ -44.819086599999899, -8.34684479999993 ], [ -44.8186186, -8.34670549999993 ], [ -44.8185827, -8.34653049999997 ], [ -44.818871699999903, -8.345868199999931 ], [ -44.8204224, -8.34537939999996 ], [ -44.8204946, -8.345206 ], [ -44.819701699999897, -8.344751099999939 ], [ -44.819666799999901, -8.344611 ], [ -44.8197686, -8.344221199999939 ], [ -44.820784699999898, -8.343916699999969 ], [ -44.820209299999902, -8.34332209999997 ], [ -44.8202097, -8.342764799999941 ], [ -44.8204267, -8.34234549999996 ], [ -44.8207499, -8.342345799999981 ], [ -44.821075, -8.342693499999941 ], [ -44.821435199999897, -8.342555199999939 ], [ -44.821506999999897, -8.34220589999995 ], [ -44.820895499999899, -8.34136929999994 ], [ -44.8215084, -8.34060269999998 ], [ -44.8216533, -8.34007909999997 ], [ -44.8215445, -8.33945139999997 ], [ -44.8212199, -8.339277 ], [ -44.820066499999903, -8.33959089999996 ], [ -44.8191641, -8.33896209999995 ], [ -44.8191277, -8.338543299999969 ], [ -44.819527999999899, -8.33812369999993 ], [ -44.8222979, -8.33680349999997 ], [ -44.8223043, -8.336417 ], [ -44.821799199999901, -8.336347399999971 ], [ -44.821113399999902, -8.335928 ], [ -44.821149299999902, -8.335405499999981 ], [ -44.8213666, -8.334779 ], [ -44.8224119, -8.33446349999997 ], [ -44.8223766, -8.334151 ], [ -44.8220524, -8.334114099999971 ], [ -44.8216556, -8.333764699999961 ], [ -44.8216561999999, -8.33327619999994 ], [ -44.8219806, -8.332685199999959 ], [ -44.8236042999999, -8.33233649999994 ], [ -44.823783299999903, -8.331986899999951 ], [ -44.8230260999999, -8.331707899999969 ], [ -44.823062999999898, -8.33122019999996 ], [ -44.8235316, -8.330871799999951 ], [ -44.823677099999898, -8.330592 ], [ -44.823497099999898, -8.33013779999993 ], [ -44.8236052, -8.329092599999971 ], [ -44.8241457, -8.32916209999996 ], [ -44.824146, -8.32965069999995 ], [ -44.8246149, -8.33010169999994 ], [ -44.825806199999903, -8.32905979999992 ], [ -44.827031599999899, -8.32923419999997 ], [ -44.8272489, -8.32895339999993 ], [ -44.8270683, -8.32864109999997 ], [ -44.826383899999897, -8.32839679999995 ], [ -44.8261309, -8.32783819999997 ], [ -44.826527499999898, -8.327384599999959 ], [ -44.8272501, -8.327628 ], [ -44.8279707, -8.328571499999949 ], [ -44.828403, -8.32857059999998 ], [ -44.828583599999902, -8.328188 ], [ -44.828185899999902, -8.327490299999971 ], [ -44.8281871, -8.327245599999969 ], [ -44.8288004999999, -8.327072099999951 ], [ -44.828908899999902, -8.32651449999997 ], [ -44.829520499999902, -8.32668829999994 ], [ -44.830352199999901, -8.327351299999981 ], [ -44.831110399999901, -8.327003299999941 ], [ -44.8312167, -8.326303699999929 ], [ -44.8306047, -8.325259 ], [ -44.8307495, -8.32504889999996 ], [ -44.8318321, -8.324457299999951 ], [ -44.833599, -8.32435189999995 ], [ -44.833707699999898, -8.323934599999969 ], [ -44.832049599999898, -8.32145669999994 ], [ -44.8317622, -8.32058559999996 ], [ -44.8317623, -8.31992289999994 ], [ -44.8320145, -8.31946689999995 ], [ -44.8325902, -8.31946839999995 ], [ -44.8327366, -8.320235399999939 ], [ -44.833384099999897, -8.32061989999994 ], [ -44.833601299999899, -8.32033989999996 ], [ -44.8334935, -8.318702099999941 ], [ -44.8339989, -8.31856349999993 ], [ -44.834755399999899, -8.318947 ], [ -44.835873999999897, -8.317169099999941 ], [ -44.8368854, -8.31640079999994 ], [ -44.8378597, -8.31640329999993 ], [ -44.8382568, -8.31615779999993 ], [ -44.8390494, -8.315425599999971 ], [ -44.8395917, -8.31409989999997 ], [ -44.8404217, -8.313439099999931 ], [ -44.8408903, -8.313472099999959 ], [ -44.841251199999903, -8.31396169999994 ], [ -44.8417205, -8.314241199999969 ], [ -44.8422251, -8.31413569999995 ], [ -44.842371199999903, -8.31378709999996 ], [ -44.842371199999903, -8.31308869999998 ], [ -44.8435234, -8.31270489999997 ], [ -44.843704199999898, -8.31223469999998 ], [ -44.8437417, -8.31094489999998 ], [ -44.8442102, -8.31028389999994 ], [ -44.8443544, -8.309828099999949 ], [ -44.8443182, -8.30955039999998 ], [ -44.843633699999899, -8.308922099999959 ], [ -44.8434946, -8.30846339999994 ], [ -44.8445364, -8.30724819999995 ], [ -44.844644699999897, -8.306654 ], [ -44.844499599999899, -8.306375599999971 ], [ -44.8435995, -8.30560849999995 ], [ -44.8436715, -8.305365399999969 ], [ -44.8453509, -8.304760499999929 ], [ -44.8456548, -8.304269 ], [ -44.845656, -8.30371159999993 ], [ -44.8451507, -8.30322319999993 ], [ -44.844970499999903, -8.302700199999951 ], [ -44.845655899999898, -8.30196719999998 ], [ -44.845296, -8.301165 ], [ -44.845295899999897, -8.30046749999997 ], [ -44.8450768, -8.299976599999979 ], [ -44.8438184, -8.298688599999929 ], [ -44.844070299999899, -8.298165599999949 ], [ -44.8444671, -8.29816569999997 ], [ -44.8447561, -8.298269599999969 ], [ -44.844971, -8.298828199999949 ], [ -44.8453688, -8.299212399999931 ], [ -44.845909499999898, -8.29899959999995 ], [ -44.845802299999903, -8.29799139999994 ], [ -44.8455499, -8.29767839999994 ], [ -44.843890499999901, -8.296804799999959 ], [ -44.843277699999902, -8.29614149999998 ], [ -44.8429904, -8.294327199999939 ], [ -44.842702, -8.29376959999996 ], [ -44.842954399999897, -8.292719599999939 ], [ -44.843386199999898, -8.29223189999993 ], [ -44.8433515, -8.29149869999998 ], [ -44.8425941, -8.290765199999949 ], [ -44.8426314, -8.29010419999997 ], [ -44.843605099999898, -8.28923129999993 ], [ -44.843641499999897, -8.288605099999931 ], [ -44.8426683, -8.287626499999931 ], [ -44.8422717, -8.28703419999994 ], [ -44.842273299999903, -8.286301 ], [ -44.843029999999899, -8.285275799999971 ], [ -44.843313899999899, -8.28462479999996 ], [ -44.8431744, -8.283950899999979 ], [ -44.8428147, -8.283566699999939 ], [ -44.842128499999902, -8.28332249999994 ], [ -44.8416248, -8.28272959999993 ], [ -44.8416247, -8.28234559999993 ], [ -44.841839999999898, -8.281717199999949 ], [ -44.8426344, -8.281369899999961 ], [ -44.843283799999902, -8.28077539999992 ], [ -44.8444382, -8.278615099999969 ], [ -44.8445108, -8.27791559999997 ], [ -44.8441149, -8.27744929999994 ], [ -44.843862499999901, -8.27678619999995 ], [ -44.8443702, -8.27584559999997 ], [ -44.8451623, -8.272394399999939 ], [ -44.844838099999897, -8.271659099999971 ], [ -44.844331399999902, -8.27158149999997 ], [ -44.843721199999898, -8.27096039999998 ], [ -44.843000399999902, -8.269356 ], [ -44.8431442, -8.26883319999996 ], [ -44.8437228, -8.26858989999994 ], [ -44.8438669, -8.26782149999997 ], [ -44.842171199999903, -8.267926 ], [ -44.8421714999999, -8.267716099999969 ], [ -44.8427488, -8.26698339999996 ], [ -44.8427485, -8.26656539999993 ], [ -44.8419916, -8.266042699999961 ], [ -44.8422073, -8.265868099999979 ], [ -44.8423528, -8.26530959999997 ], [ -44.842059999999897, -8.26508619999993 ], [ -44.5396716, -8.402404 ], [ -44.5348724, -8.40458339999998 ], [ -44.4084275, -8.46182959999993 ], [ -44.3998349, -8.46572209999994 ], [ -44.325527399999899, -8.499384299999971 ], [ -44.2054739, -8.55369129999997 ], [ -44.2085331, -8.627144 ], [ -44.0280447, -8.610744599999981 ], [ -44.026335, -8.61151969999997 ], [ -44.0266903999999, -8.612815299999969 ], [ -44.026539, -8.613210299999929 ], [ -44.026312, -8.613359599999971 ], [ -44.025901299999902, -8.61317849999995 ], [ -44.0251082, -8.61254149999996 ], [ -44.024785199999897, -8.61180419999994 ], [ -44.0242344, -8.61156759999994 ], [ -44.023825, -8.611615499999971 ], [ -44.023552799999898, -8.611828899999979 ], [ -44.023024399999898, -8.61251479999993 ], [ -44.0227858, -8.612771199999941 ], [ -44.022405499999898, -8.61294519999996 ], [ -44.0222423, -8.613231 ], [ -44.0221604, -8.61366759999993 ], [ -44.0222467, -8.613969699999929 ], [ -44.0222064, -8.614177 ], [ -44.022036, -8.614379499999931 ], [ -44.0220649, -8.61465959999992 ], [ -44.0225326, -8.61481879999997 ], [ -44.022862099999898, -8.614857 ], [ -44.0232513, -8.61464849999993 ], [ -44.023631599999902, -8.61439409999997 ], [ -44.0240641, -8.61406469999997 ], [ -44.024313999999897, -8.61404179999994 ], [ -44.024509899999899, -8.61431479999993 ], [ -44.024559699999898, -8.61458189999996 ], [ -44.0245002, -8.61477089999994 ], [ -44.024214399999899, -8.615083499999971 ], [ -44.0242332, -8.61544829999997 ], [ -44.0244427, -8.61584959999993 ], [ -44.0248759, -8.61627569999996 ], [ -44.0261793, -8.61702229999997 ], [ -44.026671599999901, -8.617426899999939 ], [ -44.0268531, -8.61782509999995 ], [ -44.02689, -8.618249299999951 ], [ -44.026707799999897, -8.61860719999993 ], [ -44.0263222, -8.618760499999951 ], [ -44.0258962999999, -8.61876929999994 ], [ -44.025685, -8.61863389999996 ], [ -44.024707, -8.617391199999931 ], [ -44.023683499999898, -8.61654969999995 ], [ -44.0229701, -8.616097599999931 ], [ -44.022566599999898, -8.61600979999997 ], [ -44.022414, -8.616061899999981 ], [ -44.0222193, -8.616109199999929 ], [ -44.021986599999899, -8.61595409999995 ], [ -44.0216195, -8.61575779999993 ], [ -44.0211249, -8.61578949999995 ], [ -44.0205678, -8.615952 ], [ -44.0202963, -8.61611059999996 ], [ -44.020164899999898, -8.61636519999996 ], [ -44.019975299999899, -8.61708149999993 ], [ -44.0200818, -8.61810049999997 ], [ -44.020376199999902, -8.618898099999971 ], [ -44.0209179, -8.61948019999994 ], [ -44.0215497, -8.620163599999961 ], [ -44.0217736, -8.62045349999994 ], [ -44.0217876, -8.620625099999931 ], [ -44.0217233, -8.620880199999929 ], [ -44.0212792, -8.621267199999981 ], [ -44.020657399999898, -8.62138139999996 ], [ -44.020037199999898, -8.621420499999941 ], [ -44.019848, -8.62154839999994 ], [ -44.0194556, -8.62207049999995 ], [ -44.019448399999902, -8.62251489999994 ], [ -44.0195386, -8.623036299999971 ], [ -44.0200052, -8.62380439999993 ], [ -44.020413, -8.623932 ], [ -44.0211378, -8.624004099999979 ], [ -44.0214098, -8.62398479999996 ], [ -44.021654399999903, -8.62384649999996 ], [ -44.021880399999901, -8.623796899999951 ], [ -44.022575, -8.62398989999997 ], [ -44.0234811, -8.624390099999969 ], [ -44.0244383, -8.625138199999981 ], [ -44.0246581, -8.625551399999949 ], [ -44.0247299, -8.62584439999995 ], [ -44.0247638, -8.626288599999951 ], [ -44.024803399999897, -8.62643329999997 ], [ -44.025112299999897, -8.626942499999929 ], [ -44.025266, -8.626983899999971 ], [ -44.025579999999898, -8.626904699999949 ], [ -44.0259138, -8.62686639999993 ], [ -44.0261049, -8.626972399999939 ], [ -44.026241899999903, -8.62715659999998 ], [ -44.026213599999899, -8.627963499999961 ], [ -44.026261599999899, -8.628485099999979 ], [ -44.0267578, -8.629192 ], [ -44.0271377, -8.629351499999929 ], [ -44.027548399999901, -8.629589199999939 ], [ -44.028065, -8.62966319999992 ], [ -44.028444, -8.629571599999959 ], [ -44.0286935, -8.629339199999951 ], [ -44.028939299999898, -8.62873909999996 ], [ -44.0292085, -8.62831369999998 ], [ -44.0291983, -8.62778229999998 ], [ -44.0294067, -8.62731259999993 ], [ -44.029570299999897, -8.62706439999994 ], [ -44.0301039, -8.626908 ], [ -44.030343899999899, -8.62685729999993 ], [ -44.030577, -8.626615499999961 ], [ -44.0309404, -8.62656039999996 ], [ -44.0313272, -8.626585899999951 ], [ -44.0316627999999, -8.62671849999998 ], [ -44.031775799999899, -8.626869399999981 ], [ -44.031797, -8.62722419999994 ], [ -44.031532399999897, -8.62766309999995 ], [ -44.0314104, -8.628070599999941 ], [ -44.031218099999897, -8.628241499999939 ], [ -44.031149899999903, -8.628375499999949 ], [ -44.031163, -8.62866669999994 ], [ -44.031373599999903, -8.628971499999979 ], [ -44.0318836, -8.62935049999993 ], [ -44.0326774, -8.62948909999994 ], [ -44.0329579, -8.629562399999941 ], [ -44.033172299999897, -8.62967879999997 ], [ -44.0333803, -8.630128799999969 ], [ -44.0334865, -8.630331699999941 ], [ -44.033524499999899, -8.63047659999995 ], [ -44.033414999999898, -8.630760699999939 ], [ -44.033105799999902, -8.63096369999994 ], [ -44.032918299999899, -8.63113779999998 ], [ -44.0326957, -8.631323899999931 ], [ -44.0323329, -8.63148509999996 ], [ -44.031951299999903, -8.631476299999971 ], [ -44.031596799999903, -8.631252599999931 ], [ -44.0313896, -8.63092609999995 ], [ -44.0311421, -8.630924099999961 ], [ -44.030710999999897, -8.63126349999993 ], [ -44.0305797, -8.63152449999995 ], [ -44.0303506, -8.63160719999996 ], [ -44.030185399999901, -8.631572299999959 ], [ -44.0299979, -8.631667599999959 ], [ -44.0298546, -8.63207169999993 ], [ -44.029880499999898, -8.632585899999979 ], [ -44.0299117, -8.63277869999996 ], [ -44.029861599999897, -8.633089699999969 ], [ -44.029941999999899, -8.63337889999997 ], [ -44.0301249, -8.63350059999993 ], [ -44.031432499999902, -8.63376349999993 ], [ -44.0317367, -8.63365379999993 ], [ -44.032262499999902, -8.63324479999994 ], [ -44.0325693, -8.633141799999979 ], [ -44.0334278, -8.63313389999996 ], [ -44.0337112, -8.633354 ], [ -44.033977299999897, -8.63342619999997 ], [ -44.034365299999898, -8.63334929999996 ], [ -44.034701, -8.633025 ], [ -44.035114399999898, -8.63297559999995 ], [ -44.035491099999902, -8.633069199999969 ], [ -44.036145299999902, -8.63364329999996 ], [ -44.0366121, -8.63385129999995 ], [ -44.0369282999999, -8.634197299999929 ], [ -44.0369936, -8.634410499999939 ], [ -44.036941399999897, -8.63460119999996 ], [ -44.0368252, -8.634758399999949 ], [ -44.036376899999901, -8.63503839999993 ], [ -44.0362034999999, -8.634994 ], [ -44.035936499999899, -8.63488 ], [ -44.035727999999899, -8.634840099999961 ], [ -44.035005, -8.63526359999997 ], [ -44.0347427, -8.63533449999994 ], [ -44.033496699999901, -8.634761399999951 ], [ -44.0323949, -8.63473179999994 ], [ -44.031993499999899, -8.634921599999929 ], [ -44.031881499999898, -8.635109 ], [ -44.0316802, -8.635778199999949 ], [ -44.0317047, -8.63595189999995 ], [ -44.0318238, -8.63601389999997 ], [ -44.032062499999903, -8.63604839999994 ], [ -44.0323835, -8.63619929999993 ], [ -44.0324929, -8.63661709999997 ], [ -44.0324079, -8.636861599999969 ], [ -44.032200799999899, -8.637318299999951 ], [ -44.0321097, -8.637598699999961 ], [ -44.031979299999897, -8.63849529999993 ], [ -44.032202, -8.63958729999996 ], [ -44.0324428, -8.639930499999929 ], [ -44.0327827999999, -8.640059399999929 ], [ -44.0329861, -8.639916 ], [ -44.0331128999999, -8.639571 ], [ -44.032934899999901, -8.63913829999996 ], [ -44.0329938, -8.638932499999949 ], [ -44.033344199999902, -8.638663599999971 ], [ -44.0335077, -8.63838909999993 ], [ -44.0343812, -8.63826059999997 ], [ -44.0347768, -8.63840849999997 ], [ -44.0354776, -8.63888279999998 ], [ -44.035954699999898, -8.639467399999941 ], [ -44.0362636, -8.639683299999939 ], [ -44.036881999999899, -8.63995839999995 ], [ -44.0370555, -8.640132 ], [ -44.0371339, -8.640362499999981 ], [ -44.037561599999897, -8.640774299999981 ], [ -44.037751399999898, -8.64082059999993 ], [ -44.0379528, -8.64068239999995 ], [ -44.0382402, -8.640169 ], [ -44.0385835, -8.63987979999996 ], [ -44.039056199999898, -8.639966699999951 ], [ -44.0400261, -8.64051989999996 ], [ -44.0412679, -8.641735199999969 ], [ -44.041625699999898, -8.642320299999939 ], [ -44.0416422, -8.642508 ], [ -44.041415599999901, -8.642910499999971 ], [ -44.0413588, -8.643137199999961 ], [ -44.0414491, -8.64381869999994 ], [ -44.0416172, -8.64416869999997 ], [ -44.041782199999901, -8.64442339999994 ], [ -44.0420012, -8.644525499999929 ], [ -44.0420574, -8.644729899999961 ], [ -44.0419977, -8.64507419999995 ], [ -44.041688099999902, -8.64525249999997 ], [ -44.0410161, -8.64527969999995 ], [ -44.040133099999899, -8.645165 ], [ -44.0394965, -8.645436599999931 ], [ -44.039048299999898, -8.645738599999961 ], [ -44.038643099999902, -8.646284699999971 ], [ -44.038294999999898, -8.647041099999971 ], [ -44.038296199999898, -8.64731969999997 ], [ -44.038410199999902, -8.64771729999995 ], [ -44.0390224, -8.648364 ], [ -44.039825, -8.64883709999998 ], [ -44.0403836999999, -8.648980199999929 ], [ -44.0409253, -8.64884489999997 ], [ -44.041449499999899, -8.648591799999959 ], [ -44.041715399999902, -8.64855539999996 ], [ -44.041874499999899, -8.648564799999971 ], [ -44.041941199999897, -8.648506199999931 ], [ -44.041977099999897, -8.648361499999959 ], [ -44.0419653, -8.64812769999997 ], [ -44.0420554, -8.64782839999998 ], [ -44.0425258, -8.64775449999996 ], [ -44.043246, -8.64769939999996 ], [ -44.0434809, -8.647801299999969 ], [ -44.0436649, -8.647897499999941 ], [ -44.0438025999999, -8.647887499999969 ], [ -44.0439537, -8.64771009999993 ], [ -44.044202, -8.647644499999959 ], [ -44.0450772, -8.648053899999979 ], [ -44.0453256, -8.648165399999931 ], [ -44.045473699999903, -8.64831589999994 ], [ -44.0454202, -8.648502 ], [ -44.0450438, -8.64875069999994 ], [ -44.0446666, -8.64915489999993 ], [ -44.0445364999999, -8.64934559999995 ], [ -44.0445157, -8.64955579999997 ], [ -44.044648799999898, -8.64976509999997 ], [ -44.045764899999902, -8.650241699999979 ], [ -44.0464233, -8.650608099999941 ], [ -44.0466101, -8.650820099999979 ], [ -44.0466655, -8.65127479999995 ], [ -44.046341, -8.65203759999997 ], [ -44.0461776, -8.65228789999998 ], [ -44.0456938, -8.652342899999949 ], [ -44.045366, -8.65212269999995 ], [ -44.0450954, -8.65210949999994 ], [ -44.044906599999898, -8.652055099999931 ], [ -44.0447487, -8.651886499999931 ], [ -44.0446681, -8.651497399999929 ], [ -44.044038999999898, -8.651086699999951 ], [ -44.043857, -8.65086929999995 ], [ -44.0435251, -8.650755 ], [ -44.0426133, -8.650980199999941 ], [ -44.0422432, -8.651126799999931 ], [ -44.0421994, -8.65127479999995 ], [ -44.042149299999899, -8.65140469999994 ], [ -44.0419917, -8.65143789999996 ], [ -44.041832999999897, -8.65119189999996 ], [ -44.041621099999901, -8.65110039999996 ], [ -44.0413179, -8.651134799999969 ], [ -44.0408765, -8.65146789999994 ], [ -44.0405502999999, -8.651969 ], [ -44.040327299999902, -8.65222329999995 ], [ -44.0401469, -8.652841599999929 ], [ -44.040142499999902, -8.653292199999949 ], [ -44.0405248, -8.653839399999979 ], [ -44.0408777, -8.654062 ], [ -44.0411336, -8.65411529999994 ], [ -44.0412954, -8.654233 ], [ -44.0414876, -8.65431229999996 ], [ -44.0419304, -8.654128699999941 ], [ -44.0422783, -8.653966699999961 ], [ -44.0426353, -8.653998 ], [ -44.0434629, -8.65482239999994 ], [ -44.043919, -8.655920299999931 ], [ -44.0447775, -8.65685429999996 ], [ -44.045429199999901, -8.65767389999996 ], [ -44.0456469, -8.65797989999993 ], [ -44.045846599999898, -8.658059899999961 ], [ -44.046018499999903, -8.658153099999939 ], [ -44.046180799999902, -8.658353099999941 ], [ -44.046311699999897, -8.65871379999993 ], [ -44.046465399999903, -8.65889869999995 ], [ -44.0467444, -8.658854199999951 ], [ -44.046939699999903, -8.658682299999951 ], [ -44.0470721, -8.658358399999941 ], [ -44.047040799999898, -8.657858899999949 ], [ -44.0470883, -8.65758789999995 ], [ -44.047345199999903, -8.65737319999994 ], [ -44.0476618, -8.657291 ], [ -44.047917599999899, -8.65731929999993 ], [ -44.0485106, -8.65748009999993 ], [ -44.0488156, -8.657462 ], [ -44.0493352, -8.65727679999998 ], [ -44.049619999999898, -8.657169 ], [ -44.0497892, -8.657082899999979 ], [ -44.0499414, -8.657056 ], [ -44.0500241, -8.657143899999941 ], [ -44.0501032, -8.65737049999996 ], [ -44.050054799999899, -8.65763379999993 ], [ -44.0499608, -8.65785589999996 ], [ -44.0495668, -8.65830749999998 ], [ -44.049163, -8.659094499999981 ], [ -44.0487019, -8.659547599999939 ], [ -44.048495499999902, -8.660010599999961 ], [ -44.048555899999897, -8.66075229999996 ], [ -44.048909599999902, -8.661301499999979 ], [ -44.0489858, -8.661525 ], [ -44.048951, -8.66179469999997 ], [ -44.049065599999899, -8.66196889999998 ], [ -44.0496237999999, -8.662149399999979 ], [ -44.050430499999898, -8.661967 ], [ -44.0520905, -8.66125529999994 ], [ -44.0528725, -8.661095299999941 ], [ -44.0532214, -8.660845399999969 ], [ -44.0534772, -8.66072869999994 ], [ -44.0536756, -8.660725099999979 ], [ -44.0538501, -8.66077 ], [ -44.0549818, -8.660119099999971 ], [ -44.0552101, -8.660161799999971 ], [ -44.0556716, -8.660377899999959 ], [ -44.0563139, -8.66083719999995 ], [ -44.0571011, -8.66136 ], [ -44.0571793, -8.661529799999929 ], [ -44.057243399999898, -8.66190759999995 ], [ -44.057567199999902, -8.662302599999981 ], [ -44.0582851, -8.662861499999959 ], [ -44.0585095, -8.66288629999997 ], [ -44.0586023, -8.662707199999939 ], [ -44.058502599999898, -8.66233119999993 ], [ -44.0584085, -8.66202819999995 ], [ -44.0584014, -8.661707399999949 ], [ -44.058780199999902, -8.66108449999996 ], [ -44.059224399999898, -8.66070179999997 ], [ -44.0596753, -8.66037389999997 ], [ -44.059809399999899, -8.659982099999979 ], [ -44.0601334, -8.659817499999971 ], [ -44.060854999999897, -8.65981869999996 ], [ -44.0622362, -8.66024209999995 ], [ -44.0626437, -8.660573199999931 ], [ -44.063005599999897, -8.661025799999949 ], [ -44.0632945999999, -8.66129649999993 ], [ -44.0634628, -8.66162519999995 ], [ -44.063523599999897, -8.66210159999997 ], [ -44.063799199999899, -8.66248719999993 ], [ -44.064126499999901, -8.662783599999949 ], [ -44.0651596, -8.66331409999998 ], [ -44.0654283, -8.663571699999981 ], [ -44.0664525, -8.66423689999993 ], [ -44.067467899999897, -8.66517569999996 ], [ -44.0683102, -8.66550789999997 ], [ -44.068538799999899, -8.66544269999997 ], [ -44.0692544999999, -8.665124799999941 ], [ -44.069442299999899, -8.664895399999979 ], [ -44.069632199999901, -8.664267099999959 ], [ -44.0699063, -8.66381009999998 ], [ -44.0702597, -8.663477799999949 ], [ -44.071036299999903, -8.66312769999996 ], [ -44.072077599999901, -8.66321659999994 ], [ -44.072796599999897, -8.66331369999995 ], [ -44.073548, -8.663554399999949 ], [ -44.074118199999901, -8.66387009999994 ], [ -44.0745735, -8.664266399999971 ], [ -44.0750035, -8.66448589999993 ], [ -44.075444499999897, -8.66467169999993 ], [ -44.0759786, -8.66504589999994 ], [ -44.076365, -8.66522409999993 ], [ -44.077165, -8.665430899999929 ], [ -44.0779888, -8.66586519999993 ], [ -44.0784867, -8.666447099999971 ], [ -44.078975399999898, -8.666879 ], [ -44.0795171, -8.667135099999941 ], [ -44.080417899999901, -8.667319799999969 ], [ -44.0811211, -8.667600799999949 ], [ -44.081540899999901, -8.667723299999979 ], [ -44.0826388999999, -8.66764189999998 ], [ -44.082948799999897, -8.66763379999998 ], [ -44.0833628, -8.667789699999959 ], [ -44.083834, -8.66828709999993 ], [ -44.084039899999901, -8.668735899999939 ], [ -44.0841052, -8.66925689999994 ], [ -44.0843318, -8.66974639999995 ], [ -44.0857367999999, -8.67160439999998 ], [ -44.0873273, -8.67290559999998 ], [ -44.0882301, -8.673511 ], [ -44.088999199999897, -8.674345899999929 ], [ -44.0893967, -8.67460179999995 ], [ -44.090122, -8.675402599999931 ], [ -44.090652599999899, -8.676404199999981 ], [ -44.091581, -8.677910299999949 ], [ -44.0918063, -8.67807719999996 ], [ -44.092181, -8.67806859999996 ], [ -44.0926377, -8.67808569999994 ], [ -44.092875999999897, -8.67814539999995 ], [ -44.0931978, -8.678534099999981 ], [ -44.0933153, -8.678711899999939 ], [ -44.0934735, -8.67926249999994 ], [ -44.093680699999901, -8.67960039999997 ], [ -44.0939222, -8.679787899999949 ], [ -44.0942138, -8.67984549999994 ], [ -44.094809199999901, -8.679495599999941 ], [ -44.0956937, -8.678923 ], [ -44.096218399999898, -8.67884209999994 ], [ -44.096781399999898, -8.67898259999993 ], [ -44.097152, -8.679196799999939 ], [ -44.0973266, -8.67950889999997 ], [ -44.0973708, -8.67982159999997 ], [ -44.0973392, -8.680752899999961 ], [ -44.0975404, -8.68135209999997 ], [ -44.0979952, -8.682003 ], [ -44.098726699999901, -8.68248229999995 ], [ -44.1000761, -8.682614699999929 ], [ -44.1010588, -8.68279919999998 ], [ -44.102071099999897, -8.682961699999961 ], [ -44.102438999999897, -8.683203799999941 ], [ -44.1031745, -8.68403079999996 ], [ -44.103644, -8.684727399999931 ], [ -44.103703799999899, -8.684816099999979 ], [ -44.1041764, -8.685321199999979 ], [ -44.1045526, -8.686352199999931 ], [ -44.104793599999901, -8.686893899999969 ], [ -44.105184, -8.68742919999994 ], [ -44.1059069, -8.68825669999995 ], [ -44.106327099999902, -8.68901079999995 ], [ -44.1066111, -8.69021319999996 ], [ -44.106886, -8.690970799999951 ], [ -44.107346199999903, -8.69151639999995 ], [ -44.108233799999901, -8.692396699999961 ], [ -44.108853699999898, -8.69259549999998 ], [ -44.1098704999999, -8.692593899999959 ], [ -44.1123347, -8.69335879999994 ], [ -44.1136337, -8.69315169999993 ], [ -44.114569399999901, -8.69263819999998 ], [ -44.1151058, -8.692424099999929 ], [ -44.1158209, -8.692253899999971 ], [ -44.1160593, -8.692280199999971 ], [ -44.1162906, -8.69240909999996 ], [ -44.116352199999902, -8.69268169999998 ], [ -44.1161483, -8.69350509999998 ], [ -44.1162006, -8.693985399999971 ], [ -44.1165415, -8.694152 ], [ -44.116714, -8.69428239999996 ], [ -44.1168455, -8.69445909999996 ], [ -44.1167072, -8.69485929999996 ], [ -44.1163126, -8.69507639999995 ], [ -44.1159511, -8.695800399999939 ], [ -44.1159668, -8.696552299999951 ], [ -44.1165583, -8.697404 ], [ -44.1169955, -8.69811679999998 ], [ -44.117193299999897, -8.69850769999994 ], [ -44.1174573, -8.69865919999995 ], [ -44.1177966, -8.698639699999941 ], [ -44.1179713, -8.69848739999998 ], [ -44.118332699999897, -8.69740709999996 ], [ -44.119254199999901, -8.69638559999993 ], [ -44.119474599999897, -8.696051399999931 ], [ -44.1198297, -8.69575429999998 ], [ -44.121513799999903, -8.694957899999959 ], [ -44.1232623, -8.69479519999993 ], [ -44.1246346, -8.695051399999951 ], [ -44.125099, -8.69502429999994 ], [ -44.1259812, -8.69466619999997 ], [ -44.1269273999999, -8.69412269999998 ], [ -44.1277449, -8.694056399999971 ], [ -44.1287507, -8.694307299999929 ], [ -44.13059, -8.695150899999931 ], [ -44.1311365, -8.69551919999998 ], [ -44.1327062, -8.69607449999995 ], [ -44.134053299999898, -8.69659319999994 ], [ -44.134836, -8.696830099999939 ], [ -44.1350712, -8.69690609999998 ], [ -44.1353611, -8.69706469999994 ], [ -44.1363373, -8.69798449999996 ], [ -44.1374387, -8.69895229999997 ], [ -44.138166399999903, -8.69958439999994 ], [ -44.1389364, -8.69998139999996 ], [ -44.1395125, -8.700565 ], [ -44.139661499999903, -8.701197399999961 ], [ -44.1395706, -8.701828899999949 ], [ -44.1393760999999, -8.70235659999997 ], [ -44.139470699999897, -8.70308289999997 ], [ -44.1396764, -8.70377849999994 ], [ -44.1400495, -8.704515 ], [ -44.140890399999897, -8.70495529999994 ], [ -44.1413238, -8.705706299999971 ], [ -44.1416124, -8.70642289999995 ], [ -44.1416412, -8.706630599999929 ], [ -44.1416933, -8.70700619999997 ], [ -44.141782099999901, -8.70751709999996 ], [ -44.1422262, -8.70847869999994 ], [ -44.1424503, -8.70920369999993 ], [ -44.1428804, -8.71018039999996 ], [ -44.1438507, -8.71205009999994 ], [ -44.1442281, -8.71255579999996 ], [ -44.1446736, -8.714060599999931 ], [ -44.144906999999897, -8.71575539999998 ], [ -44.1450488, -8.716380099999981 ], [ -44.145113, -8.716876 ], [ -44.1453011, -8.71747719999996 ], [ -44.145549699999897, -8.718666199999969 ], [ -44.1458054, -8.719519499999929 ], [ -44.1461366, -8.720199399999959 ], [ -44.1466755, -8.720934199999929 ], [ -44.1473953, -8.721570899999961 ], [ -44.147936699999903, -8.722221899999971 ], [ -44.148682, -8.72275779999995 ], [ -44.149514699999898, -8.723533599999939 ], [ -44.1504798, -8.72442659999996 ], [ -44.1507185, -8.724806299999949 ], [ -44.150872299999897, -8.726069099999959 ], [ -44.151001999999899, -8.72660439999993 ], [ -44.151061899999902, -8.72685109999998 ], [ -44.1513547, -8.72766789999997 ], [ -44.151571299999901, -8.72810359999994 ], [ -44.1515899, -8.72848019999998 ], [ -44.1514581, -8.72904329999994 ], [ -44.151135399999902, -8.72974 ], [ -44.1506112, -8.73079409999997 ], [ -44.1503046, -8.73175379999998 ], [ -44.150114599999903, -8.73276649999997 ], [ -44.1500659, -8.73374469999993 ], [ -44.15002, -8.734267699999981 ], [ -44.150089299999898, -8.73452869999994 ], [ -44.150468799999899, -8.735039099999939 ], [ -44.150755499999903, -8.735514199999949 ], [ -44.1511043, -8.736075199999959 ], [ -44.151547, -8.736332899999979 ], [ -44.151832199999902, -8.73667149999994 ], [ -44.1522328, -8.73724969999995 ], [ -44.1526233, -8.737707299999951 ], [ -44.1529629, -8.73784549999993 ], [ -44.1535759, -8.73803039999996 ], [ -44.1539491999999, -8.73821339999995 ], [ -44.1541035, -8.73836709999995 ], [ -44.154246, -8.73895089999996 ], [ -44.1540239, -8.740668599999941 ], [ -44.153943899999902, -8.742060199999971 ], [ -44.1541046, -8.743094599999949 ], [ -44.154274799999897, -8.74392229999995 ], [ -44.1544459, -8.74437369999993 ], [ -44.1548746, -8.74495529999996 ], [ -44.1552252, -8.74503479999993 ], [ -44.1554245, -8.74517089999995 ], [ -44.1556388, -8.745662099999951 ], [ -44.1555956999999, -8.746093099999939 ], [ -44.1555592, -8.746469799999939 ], [ -44.1556432, -8.74683129999994 ], [ -44.1557415, -8.747067 ], [ -44.1558542, -8.747385599999969 ], [ -44.155994899999897, -8.747541 ], [ -44.15632, -8.747568699999929 ], [ -44.1565679, -8.747480899999969 ], [ -44.1568027, -8.747184199999939 ], [ -44.157336299999898, -8.74683419999997 ], [ -44.1583911, -8.74684149999996 ], [ -44.1590965, -8.747053699999981 ], [ -44.159379699999903, -8.74728569999996 ], [ -44.159904299999901, -8.747844199999969 ], [ -44.1607501, -8.74835469999994 ], [ -44.1609524, -8.74863869999996 ], [ -44.1614393999999, -8.748759799999959 ], [ -44.1621216, -8.74870889999994 ], [ -44.163035299999898, -8.74834359999994 ], [ -44.164797399999898, -8.74809259999995 ], [ -44.165420099999899, -8.748178499999939 ], [ -44.165954999999897, -8.748315 ], [ -44.1664554, -8.748378899999979 ], [ -44.166886799999901, -8.74850379999998 ], [ -44.1672933, -8.74873689999993 ], [ -44.1680332, -8.749470899999951 ], [ -44.1681723, -8.74962049999993 ], [ -44.1681679, -8.74981229999997 ], [ -44.1682251, -8.750043099999971 ], [ -44.168371299999897, -8.750191699999959 ], [ -44.1685502999999, -8.75018669999997 ], [ -44.169225599999898, -8.749995699999941 ], [ -44.1695308, -8.75006269999994 ], [ -44.1696928, -8.75024659999997 ], [ -44.1698605, -8.75081629999994 ], [ -44.1704801, -8.75153329999995 ], [ -44.170864799999897, -8.75180829999994 ], [ -44.171103699999897, -8.75182659999996 ], [ -44.1711806, -8.75154619999995 ], [ -44.1713228, -8.751279 ], [ -44.1719858, -8.751044 ], [ -44.1724535, -8.75101809999995 ], [ -44.1726484, -8.751048199999961 ], [ -44.1728785, -8.75129719999995 ], [ -44.1729151, -8.75165129999993 ], [ -44.173077, -8.75194879999998 ], [ -44.173323099999898, -8.752102399999959 ], [ -44.173708, -8.75209429999995 ], [ -44.174317, -8.75220369999994 ], [ -44.1749765, -8.75255339999995 ], [ -44.175696, -8.753148099999979 ], [ -44.1757678, -8.753288 ], [ -44.1756548, -8.75375019999996 ], [ -44.1755769, -8.754295299999971 ], [ -44.175559099999901, -8.75503389999994 ], [ -44.175443399999899, -8.75601289999997 ], [ -44.175420599999903, -8.75643629999996 ], [ -44.1754931, -8.756728399999931 ], [ -44.1755924, -8.756844399999981 ], [ -44.175703999999897, -8.75688089999994 ], [ -44.176000299999899, -8.756654699999959 ], [ -44.1765955, -8.75607409999998 ], [ -44.1769442, -8.755939 ], [ -44.177557299999897, -8.755807399999981 ], [ -44.178331399999898, -8.75580959999996 ], [ -44.1791097, -8.75590179999995 ], [ -44.1792968, -8.756164499999951 ], [ -44.1794563999999, -8.756371299999961 ], [ -44.1793051, -8.756636799999971 ], [ -44.1789777, -8.75694009999995 ], [ -44.1787922, -8.75728139999995 ], [ -44.178598899999898, -8.75786709999994 ], [ -44.1784666, -8.75814859999997 ], [ -44.1783935, -8.75849129999995 ], [ -44.1783601, -8.758851499999929 ], [ -44.1784918, -8.75904269999995 ], [ -44.178761199999897, -8.75931219999995 ], [ -44.1790219, -8.75934889999996 ], [ -44.1793496, -8.75927339999993 ], [ -44.1796694, -8.758988 ], [ -44.1799861, -8.758825099999971 ], [ -44.1803192, -8.75885339999996 ], [ -44.1806936999999, -8.759196399999951 ], [ -44.1807623, -8.759829899999939 ], [ -44.1808389, -8.76060659999996 ], [ -44.181563599999897, -8.76151689999995 ], [ -44.182029, -8.76183729999997 ], [ -44.1822842999999, -8.76191149999994 ], [ -44.1830701, -8.761743 ], [ -44.1836742, -8.76106609999994 ], [ -44.184360599999899, -8.76065049999994 ], [ -44.185694199999901, -8.76041219999996 ], [ -44.1862082, -8.760390699999959 ], [ -44.1866711, -8.76055469999994 ], [ -44.1869053, -8.76111639999993 ], [ -44.1870587, -8.76147229999998 ], [ -44.1870982, -8.761663599999959 ], [ -44.1870367, -8.76183349999997 ], [ -44.186868499999903, -8.76205609999994 ], [ -44.1864449, -8.76217349999996 ], [ -44.1860732, -8.76203419999996 ], [ -44.185659799999897, -8.76198039999997 ], [ -44.1850737, -8.762152199999949 ], [ -44.1847228, -8.76241029999994 ], [ -44.1845311, -8.762797899999949 ], [ -44.184480999999899, -8.76312559999997 ], [ -44.184739099999902, -8.764068499999951 ], [ -44.185174199999899, -8.764679199999931 ], [ -44.185450499999902, -8.764884099999961 ], [ -44.1856048, -8.76490719999993 ], [ -44.1860196, -8.76461829999994 ], [ -44.1864121999999, -8.76439629999993 ], [ -44.1865715, -8.764334399999941 ], [ -44.1868643, -8.764276699999931 ], [ -44.1871255, -8.764167599999951 ], [ -44.1873922999999, -8.763919 ], [ -44.1878738, -8.763710299999961 ], [ -44.1882959, -8.763633 ], [ -44.1889221, -8.763664199999941 ], [ -44.189616199999897, -8.763767799999931 ], [ -44.1898775, -8.763916 ], [ -44.189960299999903, -8.76404529999996 ], [ -44.189911299999899, -8.764365399999971 ], [ -44.1899528, -8.764558699999951 ], [ -44.190157199999902, -8.764924399999931 ], [ -44.190522299999898, -8.765145 ], [ -44.1908637, -8.76574949999997 ], [ -44.1909223, -8.76614019999994 ], [ -44.190884299999901, -8.766337199999951 ], [ -44.190737899999903, -8.766572599999961 ], [ -44.190651699999897, -8.76672349999996 ], [ -44.1906392, -8.766908699999931 ], [ -44.1906857, -8.767120299999929 ], [ -44.190859799999899, -8.767271 ], [ -44.190945199999902, -8.76748649999996 ], [ -44.190899, -8.76773679999997 ], [ -44.190651, -8.768120799999959 ], [ -44.1901973, -8.768302499999949 ], [ -44.189819499999899, -8.76850329999996 ], [ -44.189607899999899, -8.76890709999998 ], [ -44.189613699999903, -8.76928219999996 ], [ -44.189752199999901, -8.76961469999998 ], [ -44.189927, -8.769812299999961 ], [ -44.1903376, -8.769912599999939 ], [ -44.1907252, -8.77017209999997 ], [ -44.1909644, -8.770722399999951 ], [ -44.191168499999897, -8.77098669999998 ], [ -44.1914004, -8.771224 ], [ -44.1915097, -8.77148979999993 ], [ -44.1915728, -8.77200589999995 ], [ -44.1916017, -8.772384399999959 ], [ -44.1916591, -8.772782799999961 ], [ -44.1917938, -8.773036799999939 ], [ -44.1920398, -8.77302679999997 ], [ -44.192183199999903, -8.77275969999994 ], [ -44.1924397, -8.772423799999959 ], [ -44.1926974, -8.772337599999959 ], [ -44.193075599999901, -8.772367 ], [ -44.1933323, -8.77222829999994 ], [ -44.1935298, -8.771879599999981 ], [ -44.193872199999902, -8.771482299999951 ], [ -44.194272199999901, -8.77124849999996 ], [ -44.194851399999898, -8.771199 ], [ -44.1953956, -8.77130289999997 ], [ -44.195952599999899, -8.77146549999998 ], [ -44.196291, -8.77162919999995 ], [ -44.196464999999897, -8.77181319999994 ], [ -44.1965024, -8.772122199999959 ], [ -44.196500199999903, -8.772523699999971 ], [ -44.1964341, -8.77283529999994 ], [ -44.1964431, -8.77323309999997 ], [ -44.196588399999897, -8.773746 ], [ -44.1968295, -8.774150099999931 ], [ -44.1968947, -8.774235399999951 ], [ -44.198118, -8.773501 ] ] ] ] } },
{ "type": "Feature", "properties": { "CD_MUN": "2207603", "NM_MUN": "Parnaguá", "CD_RGI": "220015", "NM_RGI": "Corrente", "CD_RGINT": "2205", "NM_RGINT": "Corrente - Bom Jesus", "CD_UF": "22", "NM_UF": "Piauí", "SIGLA_UF": "PI", "CD_REGIAO": "2", "NM_REGIAO": "Nordeste", "SIGLA_RG": "NE", "CD_CONCURB": null, "NM_CONCURB": null, "AREA_KM2": 3428.811 }, "geometry": { "type": "MultiPolygon", "coordinates": [ [ [ [ -44.347607599999897, -10.5164009 ], [ -44.3445174, -10.525135299999899 ], [ -44.3441609, -10.5314215 ], [ -44.3442287, -10.537100899999899 ], [ -44.344378699999901, -10.5496666999999 ], [ -44.3446125, -10.549701399999901 ], [ -44.344663, -10.549731399999899 ], [ -44.3466463, -10.5509114 ], [ -44.349285199999898, -10.5524811999999 ], [ -44.354760999999897, -10.5580072 ], [ -44.3643939, -10.570012 ], [ -44.370503299999903, -10.5769822999999 ], [ -44.372519899999901, -10.579919599999901 ], [ -44.3765377, -10.5836373 ], [ -44.3922564, -10.6007043 ], [ -44.398073699999898, -10.6058780999999 ], [ -44.3986484, -10.6061817 ], [ -44.4051729, -10.6096272 ], [ -44.416936, -10.612680399999901 ], [ -44.4236485, -10.6132668 ], [ -44.428223199999898, -10.6124048 ], [ -44.4409211, -10.6072879 ], [ -44.4436797, -10.6066379 ], [ -44.451751699999903, -10.606637 ], [ -44.456311099999901, -10.6080997 ], [ -44.4590436, -10.6099477 ], [ -44.4636318, -10.6152567999999 ], [ -44.4674009, -10.622523699999901 ], [ -44.470058799999897, -10.629387999999899 ], [ -44.4729565, -10.635109 ], [ -44.476408, -10.6389397999999 ], [ -44.476736699999897, -10.6393045999999 ], [ -44.4803595, -10.6415203 ], [ -44.5005052, -10.6497019 ], [ -44.5045152, -10.6507394 ], [ -44.510138599999898, -10.6510663999999 ], [ -44.5145982, -10.6511202 ], [ -44.5186524, -10.6508923 ], [ -44.5222653, -10.6498040999999 ], [ -44.5274701, -10.646954 ], [ -44.5300329, -10.6449345 ], [ -44.534298099999901, -10.6406868 ], [ -44.546809799999899, -10.6301286 ], [ -44.551078399999902, -10.6285808 ], [ -44.5567328, -10.6273310999999 ], [ -44.560960099999903, -10.627054 ], [ -44.567682299999902, -10.6262214 ], [ -44.5732316, -10.6262386 ], [ -44.577779399999898, -10.6267688 ], [ -44.5849044, -10.6293509 ], [ -44.5895146, -10.6324192 ], [ -44.5953062, -10.6407836 ], [ -44.599451799999898, -10.650605599999899 ], [ -44.6009822, -10.6534837 ], [ -44.6034473, -10.6557324999999 ], [ -44.6071916, -10.6605855 ], [ -44.6089899, -10.6625776 ], [ -44.6119992, -10.6659106 ], [ -44.6120683, -10.6659872 ], [ -44.612377299999899, -10.666329399999899 ], [ -44.612763399999899, -10.666757 ], [ -44.6136018999999, -10.6675265 ], [ -44.618476, -10.6710671 ], [ -44.6219055, -10.6731267 ], [ -44.6269991, -10.6755783999999 ], [ -44.6300697, -10.6766201 ], [ -44.6363385, -10.6774404 ], [ -44.64492, -10.677703 ], [ -44.655256999999899, -10.6766956999999 ], [ -44.660196, -10.6779701 ], [ -44.6642103, -10.6798476 ], [ -44.6655593, -10.680941 ], [ -44.6666217, -10.6823421999999 ], [ -44.6687974, -10.6870872 ], [ -44.6695841, -10.6920646 ], [ -44.6695837, -10.6921647 ], [ -44.6695443, -10.7017797 ], [ -44.665269099999897, -10.7158969 ], [ -44.663454199999897, -10.7204955 ], [ -44.661481799999898, -10.7305046 ], [ -44.6613216, -10.732694299999901 ], [ -44.6615454, -10.7393471 ], [ -44.662782799999903, -10.7505618 ], [ -44.663464299999902, -10.7530389 ], [ -44.6644889, -10.755599599999901 ], [ -44.6657018, -10.7574875999999 ], [ -44.6667763, -10.7588804 ], [ -44.6870651, -10.727851 ], [ -44.7199843, -10.6777852 ], [ -44.734638399999902, -10.6449615 ], [ -44.7346641, -10.6449039 ], [ -44.7696141, -10.5660943999999 ], [ -44.7083107, -10.5081805999999 ], [ -44.797688, -10.435658 ], [ -44.8001834, -10.4336331 ], [ -44.8002705, -10.4335624 ], [ -44.8016491, -10.4324437999999 ], [ -44.806064499999898, -10.4288577 ], [ -44.80589, -10.428789 ], [ -44.8056308, -10.4283862999999 ], [ -44.804739, -10.427001 ], [ -44.803924, -10.426081 ], [ -44.803478, -10.425955 ], [ -44.802911, -10.426123 ], [ -44.802053, -10.426722 ], [ -44.801400999999899, -10.427076999999899 ], [ -44.80104, -10.427076999999899 ], [ -44.800851, -10.426857 ], [ -44.801049, -10.426157 ], [ -44.801072, -10.425797 ], [ -44.800875, -10.425067 ], [ -44.800410999999897, -10.424126999999899 ], [ -44.800173, -10.423713 ], [ -44.80013, -10.423308 ], [ -44.800688, -10.422506 ], [ -44.80104, -10.42189 ], [ -44.801102, -10.42139 ], [ -44.801278, -10.420976 ], [ -44.801592, -10.42069 ], [ -44.802016, -10.420559 ], [ -44.802407, -10.420588 ], [ -44.802702, -10.420528 ], [ -44.803166, -10.420249 ], [ -44.803599, -10.419634 ], [ -44.803749, -10.419514999999899 ], [ -44.804311, -10.419199 ], [ -44.804841, -10.418949999999899 ], [ -44.805017, -10.418739 ], [ -44.805295999999899, -10.418296 ], [ -44.805725, -10.417874 ], [ -44.806548, -10.417203 ], [ -44.806959999999897, -10.416975 ], [ -44.807531, -10.416819 ], [ -44.807892, -10.416697 ], [ -44.808247999999899, -10.416233 ], [ -44.808467, -10.415872 ], [ -44.808578, -10.415362 ], [ -44.808578, -10.414767 ], [ -44.808518, -10.414527 ], [ -44.808180999999898, -10.414138 ], [ -44.808083, -10.413770999999899 ], [ -44.808104, -10.412885 ], [ -44.808179, -10.412123 ], [ -44.808385, -10.41157 ], [ -44.80848, -10.411127 ], [ -44.808372, -10.410706 ], [ -44.808058, -10.410032 ], [ -44.807805, -10.409749 ], [ -44.807539, -10.409669 ], [ -44.807302999999898, -10.40964 ], [ -44.807049, -10.409673 ], [ -44.806872999999896, -10.409884 ], [ -44.806745, -10.410175 ], [ -44.806728, -10.410407 ], [ -44.806852, -10.410661 ], [ -44.806959, -10.410871 ], [ -44.806942, -10.411036 ], [ -44.806775, -10.411119999999899 ], [ -44.806586, -10.411061 ], [ -44.806444, -10.410796 ], [ -44.806311, -10.410390999999899 ], [ -44.806075, -10.410024 ], [ -44.805797, -10.409745 ], [ -44.805089, -10.409471 ], [ -44.804815, -10.409289999999899 ], [ -44.80436, -10.409087 ], [ -44.803849, -10.40907 ], [ -44.803471, -10.4091 ], [ -44.803167, -10.40907 ], [ -44.802861999999898, -10.408939 ], [ -44.80263, -10.408775 ], [ -44.802245, -10.40874 ], [ -44.80188, -10.408647 ], [ -44.801468, -10.408449 ], [ -44.801228, -10.408145 ], [ -44.801181, -10.407736 ], [ -44.801288, -10.407508 ], [ -44.80152, -10.407196 ], [ -44.801571, -10.406985 ], [ -44.80149, -10.406618 ], [ -44.801249, -10.406378 ], [ -44.800859, -10.406336 ], [ -44.800194, -10.406436999999899 ], [ -44.799902, -10.406479 ], [ -44.799686999999899, -10.406306 ], [ -44.799579999999899, -10.40615 ], [ -44.8314132, -10.3405503 ], [ -44.7943681, -10.3281698 ], [ -44.7961948, -10.2107501999999 ], [ -44.784889399999898, -10.1704149 ], [ -44.7848554999999, -10.170293399999901 ], [ -44.7847831, -10.1700351 ], [ -44.7847588, -10.1699485 ], [ -44.7774782, -10.143975699999899 ], [ -44.818976, -10.0087563 ], [ -44.812571799999901, -10.0075196 ], [ -44.811142899999901, -10.0077423 ], [ -44.8072182, -10.0073341 ], [ -44.803373399999899, -10.0095416999999 ], [ -44.7996456, -10.0097453 ], [ -44.795031799999897, -10.0114297 ], [ -44.7919371999999, -10.0117979 ], [ -44.785839199999899, -10.014133699999901 ], [ -44.7805812, -10.013472599999901 ], [ -44.7718273999999, -10.0115312999999 ], [ -44.7697929, -10.0135056 ], [ -44.7665388, -10.0153043999999 ], [ -44.7639907, -10.0151595 ], [ -44.7624757, -10.0159386999999 ], [ -44.761144499999901, -10.0157753 ], [ -44.7607912, -10.016259499999901 ], [ -44.76163, -10.0183286 ], [ -44.7612412, -10.020985699999899 ], [ -44.758928, -10.0244339 ], [ -44.7568213, -10.0249047 ], [ -44.752802099999897, -10.0278896999999 ], [ -44.7473768999999, -10.0330622999999 ], [ -44.742308299999898, -10.0348258 ], [ -44.740285399999898, -10.0363775 ], [ -44.7361311, -10.0424045999999 ], [ -44.7299646, -10.046704 ], [ -44.727539099999902, -10.047558599999901 ], [ -44.723923399999897, -10.048004299999899 ], [ -44.715743599999897, -10.046427799999901 ], [ -44.713902699999899, -10.0467555 ], [ -44.7116220999999, -10.0465022 ], [ -44.7056027, -10.048088499999899 ], [ -44.7027272, -10.0513468 ], [ -44.6979185, -10.0519876 ], [ -44.695355199999902, -10.053879299999901 ], [ -44.693398, -10.0542490999999 ], [ -44.692441899999899, -10.055343299999899 ], [ -44.6882252999999, -10.0563342999999 ], [ -44.6871204, -10.0573037 ], [ -44.6854102, -10.0602403999999 ], [ -44.682797799999904, -10.0619295999999 ], [ -44.6807375, -10.0646912999999 ], [ -44.679080499999898, -10.0654372 ], [ -44.6752675, -10.0645863999999 ], [ -44.673107699999903, -10.065455799999899 ], [ -44.666983199999898, -10.0645039 ], [ -44.6639948, -10.0653341 ], [ -44.6623582, -10.06761 ], [ -44.6606049, -10.068178999999899 ], [ -44.6587615, -10.0678614999999 ], [ -44.657704099999897, -10.0674409 ], [ -44.655378599999899, -10.0641707 ], [ -44.653176, -10.0625494 ], [ -44.652993799999898, -10.0601791 ], [ -44.6520568, -10.0596985 ], [ -44.6517221, -10.0578972 ], [ -44.647224, -10.054378799999901 ], [ -44.6468311, -10.0540715 ], [ -44.646205, -10.05376 ], [ -44.646206699999901, -10.0532327999999 ], [ -44.646234999999898, -10.052371 ], [ -44.646071999999897, -10.051796 ], [ -44.645855, -10.051459 ], [ -44.645803999999899, -10.051248 ], [ -44.645992, -10.05091 ], [ -44.646039, -10.050441 ], [ -44.646013, -10.050144999999899 ], [ -44.64606, -10.049879 ], [ -44.646249, -10.049681 ], [ -44.646549, -10.049719 ], [ -44.64685, -10.049727 ], [ -44.647099, -10.049659 ], [ -44.64721, -10.049489999999899 ], [ -44.647262, -10.049338 ], [ -44.647227, -10.049241 ], [ -44.647034, -10.049195 ], [ -44.646854, -10.049123 ], [ -44.646584, -10.048781 ], [ -44.64635, -10.048606 ], [ -44.646036, -10.048454 ], [ -44.645616, -10.048382 ], [ -44.645333, -10.048416 ], [ -44.645049, -10.048318 ], [ -44.644852, -10.048209 ], [ -44.644603, -10.047917 ], [ -44.644452999999899, -10.047727 ], [ -44.644403, -10.047624 ], [ -44.644391, -10.047312 ], [ -44.644571, -10.04716 ], [ -44.64476, -10.046927 ], [ -44.644738, -10.046594 ], [ -44.644464, -10.046318999999899 ], [ -44.644162999999899, -10.04596 ], [ -44.644015, -10.045083 ], [ -44.643715, -10.043829 ], [ -44.643431, -10.04309 ], [ -44.643129, -10.042497 ], [ -44.642969999999899, -10.042075 ], [ -44.642713, -10.041902 ], [ -44.642536999999898, -10.041623 ], [ -44.642477, -10.04137 ], [ -44.642575, -10.041087 ], [ -44.642561999999899, -10.04069 ], [ -44.642421, -10.04025 ], [ -44.642128, -10.039539 ], [ -44.641802, -10.039155 ], [ -44.641227, -10.038695 ], [ -44.640755, -10.038458 ], [ -44.639991, -10.038167 ], [ -44.63966, -10.038001999999899 ], [ -44.639562, -10.037778 ], [ -44.639625, -10.037567 ], [ -44.639865, -10.03731 ], [ -44.639977, -10.037052 ], [ -44.639934, -10.036824 ], [ -44.639698, -10.036477999999899 ], [ -44.639519999999898, -10.036138999999899 ], [ -44.639502999999898, -10.035962 ], [ -44.639691, -10.035214 ], [ -44.639859, -10.035146 ], [ -44.639949, -10.035037 ], [ -44.639927, -10.034897 ], [ -44.639786, -10.034834 ], [ -44.639563, -10.034804 ], [ -44.639309, -10.034804 ], [ -44.639146, -10.034745 ], [ -44.638888999999899, -10.034433 ], [ -44.638638, -10.034068999999899 ], [ -44.638444999999898, -10.033774 ], [ -44.638449, -10.033622 ], [ -44.638551999999898, -10.033495 ], [ -44.638741, -10.033402 ], [ -44.638994, -10.033419 ], [ -44.639229999999898, -10.033372 ], [ -44.639354, -10.033094 ], [ -44.639483, -10.032612 ], [ -44.63975, -10.031721 ], [ -44.639961, -10.031497 ], [ -44.640141, -10.031197 ], [ -44.640077, -10.030994 ], [ -44.639901, -10.030939 ], [ -44.639459, -10.030982 ], [ -44.639231, -10.030906 ], [ -44.639085, -10.030749 ], [ -44.639055, -10.030386 ], [ -44.638939, -10.030188 ], [ -44.638686, -10.030123999999899 ], [ -44.638171999999898, -10.03002 ], [ -44.637734, -10.030109 ], [ -44.637464, -10.0304 ], [ -44.63728, -10.030506 ], [ -44.637056, -10.030455 ], [ -44.637000999999898, -10.030324 ], [ -44.637022, -10.030058 ], [ -44.63694, -10.029791999999899 ], [ -44.636682999999898, -10.029463 ], [ -44.636215, -10.029022999999899 ], [ -44.635902, -10.028804 ], [ -44.635696, -10.028825 ], [ -44.635202, -10.028934999999899 ], [ -44.634825, -10.028994 ], [ -44.634538, -10.028896 ], [ -44.633826, -10.028414999999899 ], [ -44.63341, -10.028225 ], [ -44.633251, -10.028279999999899 ], [ -44.633130999999899, -10.028491 ], [ -44.632976, -10.028689 ], [ -44.632852, -10.028689 ], [ -44.632719, -10.028474 ], [ -44.632616, -10.028329999999899 ], [ -44.632444, -10.028212 ], [ -44.632332, -10.028204 ], [ -44.632169, -10.028288 ], [ -44.63195, -10.028364 ], [ -44.631706999999899, -10.028506 ], [ -44.631381, -10.029041999999899 ], [ -44.631179, -10.02916 ], [ -44.630789, -10.029274 ], [ -44.63051, -10.029333999999899 ], [ -44.630268999999899, -10.029498 ], [ -44.630111, -10.029456 ], [ -44.630029, -10.029290999999899 ], [ -44.6299, -10.029097 ], [ -44.629680999999898, -10.028915 ], [ -44.629531, -10.0287 ], [ -44.629371999999897, -10.028578 ], [ -44.629119, -10.028502 ], [ -44.628870999999897, -10.02834 ], [ -44.628618, -10.02815 ], [ -44.628545, -10.027833 ], [ -44.628481, -10.027584 ], [ -44.62803, -10.027305 ], [ -44.627451, -10.027153 ], [ -44.626941, -10.02722 ], [ -44.62674, -10.027325 ], [ -44.626431, -10.027313 ], [ -44.626094, -10.027243 ], [ -44.625952, -10.027268999999899 ], [ -44.62587, -10.027387 ], [ -44.625836, -10.027949 ], [ -44.625643, -10.028426 ], [ -44.62542, -10.028684 ], [ -44.625235, -10.028661999999899 ], [ -44.624948, -10.028181 ], [ -44.624939, -10.028011999999899 ], [ -44.625051, -10.027932 ], [ -44.625283, -10.027818 ], [ -44.625380999999898, -10.027683 ], [ -44.625402999999899, -10.027459 ], [ -44.625338, -10.027319 ], [ -44.625062, -10.027143 ], [ -44.624794999999899, -10.027104999999899 ], [ -44.624426, -10.027109 ], [ -44.624279999999899, -10.027168 ], [ -44.624083, -10.027337 ], [ -44.624096, -10.027443 ], [ -44.624370999999897, -10.027628 ], [ -44.624370999999897, -10.027709 ], [ -44.624232999999897, -10.027797 ], [ -44.624032, -10.027847999999899 ], [ -44.623813, -10.027797 ], [ -44.623674999999899, -10.027654 ], [ -44.623511999999899, -10.02751 ], [ -44.623075, -10.027382999999899 ], [ -44.622598, -10.027066999999899 ], [ -44.622534, -10.026902 ], [ -44.622607, -10.026834 ], [ -44.6228, -10.026708 ], [ -44.622909, -10.026561 ], [ -44.622951999999898, -10.026226999999899 ], [ -44.623145, -10.02586 ], [ -44.623296, -10.025492 ], [ -44.623244, -10.025217999999899 ], [ -44.623094, -10.02485 ], [ -44.622918, -10.024698 ], [ -44.622587, -10.024495 ], [ -44.621791, -10.024148 ], [ -44.621637, -10.024127 ], [ -44.621310999999899, -10.024301 ], [ -44.621143, -10.024317 ], [ -44.620869, -10.024292 ], [ -44.620731, -10.024161 ], [ -44.620474, -10.023755999999899 ], [ -44.620275999999897, -10.023349999999899 ], [ -44.620324, -10.02319 ], [ -44.620301, -10.023057 ], [ -44.620151, -10.023011 ], [ -44.619906, -10.023062 ], [ -44.619692, -10.023019 ], [ -44.619563, -10.022834 ], [ -44.619481, -10.022644 ], [ -44.61949, -10.022452999999899 ], [ -44.619439, -10.022318 ], [ -44.619275, -10.022217 ], [ -44.618984, -10.021913 ], [ -44.618609999999897, -10.021436 ], [ -44.618576, -10.021246 ], [ -44.618612, -10.020992 ], [ -44.618728, -10.020836 ], [ -44.618771, -10.020688 ], [ -44.618681, -10.020595 ], [ -44.618448999999899, -10.020456 ], [ -44.618252, -10.02016 ], [ -44.618046, -10.019936 ], [ -44.617698, -10.019733 ], [ -44.617458, -10.01945 ], [ -44.617221, -10.019158 ], [ -44.617190999999899, -10.018858 ], [ -44.617311, -10.018727 ], [ -44.617508, -10.018638 ], [ -44.617577, -10.018457 ], [ -44.617637, -10.018034 ], [ -44.617838999999897, -10.017532 ], [ -44.61789, -10.017228 ], [ -44.617757, -10.017004 ], [ -44.61753, -10.016789 ], [ -44.617032, -10.016616 ], [ -44.616782999999899, -10.016426 ], [ -44.616599, -10.016058 ], [ -44.616714, -10.015615 ], [ -44.616981, -10.015193 ], [ -44.617126, -10.015108 ], [ -44.617358, -10.015135 ], [ -44.617547, -10.015254 ], [ -44.61774, -10.015248999999899 ], [ -44.618088, -10.014861 ], [ -44.618277, -10.014582 ], [ -44.618264, -10.014362 ], [ -44.618130999999899, -10.014244 ], [ -44.617744, -10.013986 ], [ -44.617611, -10.013792 ], [ -44.617663, -10.013632 ], [ -44.617762, -10.013518 ], [ -44.617916, -10.013387 ], [ -44.617998, -10.01323 ], [ -44.618007, -10.012994 ], [ -44.617857, -10.012656 ], [ -44.617849, -10.012255 ], [ -44.61805, -10.011980999999899 ], [ -44.618273, -10.011858 ], [ -44.618603999999898, -10.011858 ], [ -44.618831, -10.011791 ], [ -44.619073, -10.011641 ], [ -44.619287, -10.011578 ], [ -44.619811, -10.011733999999899 ], [ -44.620287, -10.012076 ], [ -44.620522999999899, -10.012085 ], [ -44.620592, -10.011933 ], [ -44.620691, -10.011565 ], [ -44.620875, -10.011383 ], [ -44.621094, -10.011278 ], [ -44.621321, -10.011295 ], [ -44.621738, -10.011274 ], [ -44.622042, -10.011324 ], [ -44.622158, -10.011253 ], [ -44.622195, -10.011156 ], [ -44.622048999999897, -10.011008 ], [ -44.62177, -10.010898 ], [ -44.62162, -10.010636 ], [ -44.621572, -10.010264 ], [ -44.621684, -10.009758 ], [ -44.621675, -10.009326999999899 ], [ -44.621428, -10.008905 ], [ -44.621247, -10.008567 ], [ -44.621127, -10.008572 ], [ -44.620943, -10.008529 ], [ -44.620818, -10.008334999999899 ], [ -44.620642, -10.008220999999899 ], [ -44.620617, -10.008052 ], [ -44.620517999999898, -10.007942 ], [ -44.620346, -10.007945999999899 ], [ -44.620247, -10.008035 ], [ -44.62008, -10.008276 ], [ -44.619921, -10.008301 ], [ -44.619779999999899, -10.008204 ], [ -44.619677, -10.007963 ], [ -44.619728, -10.007672 ], [ -44.619715, -10.007511 ], [ -44.619607, -10.007252999999899 ], [ -44.619405, -10.006936 ], [ -44.619349, -10.006603 ], [ -44.619444, -10.006362 ], [ -44.619624, -10.006117 ], [ -44.619834, -10.006053 ], [ -44.620015, -10.006176 ], [ -44.620272, -10.006307 ], [ -44.620534, -10.006303 ], [ -44.620838999999897, -10.006227 ], [ -44.620942, -10.0061 ], [ -44.620955, -10.005952 ], [ -44.620849, -10.005789 ], [ -44.620845, -10.00551 ], [ -44.620990999999897, -10.00537 ], [ -44.621184, -10.005379 ], [ -44.62139, -10.0054 ], [ -44.62154, -10.005294 ], [ -44.621969, -10.00507 ], [ -44.622124, -10.004914 ], [ -44.622072, -10.004792 ], [ -44.621862, -10.004771 ], [ -44.62157, -10.004821 ], [ -44.621377, -10.004745 ], [ -44.621343, -10.004606 ], [ -44.621416, -10.004365 ], [ -44.62163, -10.00412 ], [ -44.621905, -10.003964 ], [ -44.622403, -10.003706 ], [ -44.623019, -10.00344 ], [ -44.623607, -10.003098 ], [ -44.624019, -10.003056 ], [ -44.624460999999897, -10.002932999999899 ], [ -44.62474, -10.002895 ], [ -44.625302, -10.002916 ], [ -44.625581, -10.002866 ], [ -44.62571, -10.002646 ], [ -44.625877, -10.002198 ], [ -44.626486, -10.001785 ], [ -44.626936999999899, -10.001405 ], [ -44.627194, -10.000911 ], [ -44.627216, -10.000497 ], [ -44.627332, -10.000205 ], [ -44.627794, -9.999428 ], [ -44.628168, -9.998896 ], [ -44.628348, -9.998833 ], [ -44.628445999999897, -9.998934 ], [ -44.628519, -9.999166 ], [ -44.628802999999898, -9.999492 ], [ -44.629077, -9.999585 ], [ -44.629288, -9.999441 ], [ -44.629601, -9.999052 ], [ -44.630146, -9.998533 ], [ -44.630378, -9.998153 ], [ -44.630322, -9.997862 ], [ -44.630073, -9.997516 ], [ -44.630197, -9.997144 ], [ -44.630493999999899, -9.996933 ], [ -44.630879999999898, -9.996869 ], [ -44.631166999999898, -9.996789 ], [ -44.631481, -9.996303 ], [ -44.631613, -9.995595 ], [ -44.631716, -9.99442 ], [ -44.632238, -9.993412 ], [ -44.632838999999898, -9.992622 ], [ -44.633413, -9.991802 ], [ -44.633485999999898, -9.991176 ], [ -44.633575999999898, -9.990429 ], [ -44.633912, -9.989977 ], [ -44.634581, -9.98942 ], [ -44.635212, -9.988757 ], [ -44.635461, -9.988271 ], [ -44.635474, -9.988013 ], [ -44.635202999999898, -9.987713 ], [ -44.635108, -9.987374 ], [ -44.635121, -9.986846 ], [ -44.635309999999897, -9.986639 ], [ -44.635567, -9.986643 ], [ -44.635911, -9.986872 ], [ -44.636185, -9.986994 ], [ -44.636494, -9.987019 ], [ -44.63673, -9.986783 ], [ -44.637061, -9.986403 ], [ -44.637327, -9.986031 ], [ -44.637099, -9.985824 ], [ -44.636825, -9.985711 ], [ -44.636527999999899, -9.985487 ], [ -44.636159, -9.985213 ], [ -44.635846, -9.985175 ], [ -44.635464, -9.985242 ], [ -44.635138, -9.985099 ], [ -44.634928, -9.984685 ], [ -44.634873, -9.984215 ], [ -44.635092, -9.98405 ], [ -44.635435, -9.983987 ], [ -44.635688, -9.983911 ], [ -44.635821, -9.983569 ], [ -44.635761, -9.983362 ], [ -44.635551, -9.98329 ], [ -44.635401, -9.983311 ], [ -44.635173, -9.983455 ], [ -44.635028, -9.983357 ], [ -44.634971999999898, -9.983087 ], [ -44.635058, -9.982724 ], [ -44.635228, -9.982298 ], [ -44.635481, -9.981918 ], [ -44.635426, -9.981766 ], [ -44.635237, -9.981698 ], [ -44.635052, -9.981542 ], [ -44.635022, -9.981242 ], [ -44.635044, -9.980909 ], [ -44.634953, -9.980811 ], [ -44.634739, -9.980811 ], [ -44.634456, -9.981107 ], [ -44.634305, -9.981141 ], [ -44.634039, -9.981035 ], [ -44.633935999999899, -9.980693 ], [ -44.633941, -9.980232 ], [ -44.633902, -9.979755 ], [ -44.633567, -9.979692 ], [ -44.633387, -9.979801 ], [ -44.63322, -9.980232 ], [ -44.633147, -9.980583 ], [ -44.632988, -9.980874 ], [ -44.632799, -9.9809 ], [ -44.632297, -9.980617 ], [ -44.632112999999897, -9.980304 ], [ -44.632241, -9.979907 ], [ -44.632512, -9.979463 ], [ -44.632632, -9.978965 ], [ -44.632576, -9.9788 ], [ -44.632365999999898, -9.978745 ], [ -44.632173, -9.978825 ], [ -44.631765, -9.979095 ], [ -44.631464, -9.979326 ], [ -44.631434, -9.979512 ], [ -44.631722, -9.980091 ], [ -44.631773, -9.980627 ], [ -44.631567, -9.980817 ], [ -44.631331, -9.980695 ], [ -44.630986999999898, -9.980507 ], [ -44.630451, -9.98068 ], [ -44.629927, -9.980845 ], [ -44.629695, -9.981035 ], [ -44.629442, -9.981191 ], [ -44.629228, -9.981111 ], [ -44.629014, -9.980931 ], [ -44.628726, -9.980496 ], [ -44.62825, -9.980078 ], [ -44.62792, -9.979833 ], [ -44.627516, -9.979782 ], [ -44.627151, -9.979782 ], [ -44.626697, -9.979837 ], [ -44.626198, -9.979755 ], [ -44.625717, -9.979603 ], [ -44.625386999999897, -9.979387 ], [ -44.625009, -9.979028 ], [ -44.624733999999897, -9.978935 ], [ -44.62446, -9.97902 ], [ -44.624211, -9.979167 ], [ -44.624211, -9.979434 ], [ -44.623983, -9.979695 ], [ -44.623644, -9.97989 ], [ -44.623399999999897, -9.980059 ], [ -44.623275, -9.98045 ], [ -44.623202, -9.98091 ], [ -44.622829, -9.981092 ], [ -44.622584, -9.981016 ], [ -44.622340999999899, -9.980871 ], [ -44.621963, -9.980647 ], [ -44.621294, -9.980191 ], [ -44.620753, -9.979667 ], [ -44.620534, -9.979443 ], [ -44.619963, -9.979481 ], [ -44.619676, -9.979583 ], [ -44.619369999999897, -9.979828 ], [ -44.619318, -9.98001 ], [ -44.619765, -9.980897 ], [ -44.620035, -9.98115 ], [ -44.620177, -9.981408 ], [ -44.620125, -9.981568 ], [ -44.619851, -9.981602 ], [ -44.619284, -9.981813 ], [ -44.618984, -9.981822 ], [ -44.618804, -9.981607 ], [ -44.618457, -9.981243 ], [ -44.618040999999899, -9.981083 ], [ -44.61765, -9.981066 ], [ -44.61732, -9.981218 ], [ -44.6168, -9.981412 ], [ -44.615583, -9.981748 ], [ -44.614763, -9.98152 ], [ -44.614184, -9.981617 ], [ -44.613647, -9.981676 ], [ -44.61339, -9.981495 ], [ -44.613222, -9.981144 ], [ -44.613299, -9.980933 ], [ -44.613596, -9.980713 ], [ -44.613695, -9.980451 ], [ -44.613652, -9.980244 ], [ -44.613412, -9.980257 ], [ -44.61294, -9.980303 ], [ -44.612335, -9.980194 ], [ -44.612043, -9.98005 ], [ -44.611893, -9.979742 ], [ -44.611863, -9.97945 ], [ -44.611799, -9.979176 ], [ -44.611631, -9.979028 ], [ -44.611545, -9.978673 ], [ -44.611646, -9.978425 ], [ -44.611723, -9.978133 ], [ -44.611581999999899, -9.977838 ], [ -44.611539, -9.977512 ], [ -44.611496, -9.977259 ], [ -44.611275, -9.976961 ], [ -44.611056, -9.976653 ], [ -44.611069, -9.976243 ], [ -44.611249, -9.97596 ], [ -44.611279, -9.975753 ], [ -44.610966, -9.975668 ], [ -44.610717, -9.975875 ], [ -44.61049, -9.975918 ], [ -44.610159, -9.976332 ], [ -44.609704, -9.976657 ], [ -44.609434, -9.976319 ], [ -44.609536999999897, -9.975989 ], [ -44.609665999999898, -9.975825 ], [ -44.610168, -9.97566 ], [ -44.610523999999899, -9.975297 ], [ -44.611004, -9.974876 ], [ -44.611381, -9.974293 ], [ -44.611776, -9.974158 ], [ -44.611935, -9.973989 ], [ -44.611952, -9.97368 ], [ -44.611806, -9.973515 ], [ -44.611424, -9.973549 ], [ -44.611008, -9.97371 ], [ -44.61054, -9.974052 ], [ -44.610304, -9.974098 ], [ -44.610145, -9.973862 ], [ -44.610154, -9.973444 ], [ -44.610291, -9.973042 ], [ -44.610458, -9.972654 ], [ -44.610716, -9.972417 ], [ -44.611111, -9.972341 ], [ -44.611539999999898, -9.972274 ], [ -44.612061, -9.972092 ], [ -44.61222, -9.971902 ], [ -44.61222, -9.971547 ], [ -44.612114, -9.971239 ], [ -44.611547, -9.970859 ], [ -44.611469999999898, -9.970496 ], [ -44.611659, -9.970331 ], [ -44.611882, -9.970259 ], [ -44.612276999999899, -9.970352 ], [ -44.612556, -9.970348 ], [ -44.612646, -9.970247 ], [ -44.612586, -9.969972 ], [ -44.61247, -9.969769 ], [ -44.612251, -9.969423 ], [ -44.612097999999897, -9.96884 ], [ -44.612072, -9.968409 ], [ -44.612201, -9.968071 ], [ -44.612497, -9.967915 ], [ -44.613063, -9.967793 ], [ -44.613261, -9.967531 ], [ -44.613261, -9.967353 ], [ -44.613076, -9.967298 ], [ -44.6126, -9.967142 ], [ -44.61254, -9.966897 ], [ -44.612574, -9.966704 ], [ -44.612501, -9.966564 ], [ -44.612260999999897, -9.966577 ], [ -44.612046, -9.9667 ], [ -44.611793, -9.966691 ], [ -44.611699, -9.966434 ], [ -44.611874999999898, -9.96607 ], [ -44.612076, -9.965745 ], [ -44.612154, -9.965373 ], [ -44.612064, -9.965183 ], [ -44.611823, -9.965145 ], [ -44.611506, -9.965124 ], [ -44.611359999999898, -9.964968 ], [ -44.611375, -9.964807 ], [ -44.611538, -9.964706 ], [ -44.611993, -9.96463 ], [ -44.612645, -9.964296 ], [ -44.612791, -9.96419 ], [ -44.612787, -9.963945 ], [ -44.612443, -9.96365 ], [ -44.611739999999898, -9.963105 ], [ -44.611073, -9.96274 ], [ -44.610631, -9.961984 ], [ -44.610361, -9.961752 ], [ -44.61006, -9.961769 ], [ -44.61003, -9.961963 ], [ -44.610138, -9.962111 ], [ -44.610318, -9.962339 ], [ -44.610198, -9.962592 ], [ -44.610035, -9.962639 ], [ -44.609726, -9.962533 ], [ -44.609498, -9.962326 ], [ -44.609218999999896, -9.962107 ], [ -44.609185, -9.96179 ], [ -44.609335, -9.961701 ], [ -44.609545, -9.961608 ], [ -44.60946, -9.96141 ], [ -44.609262, -9.961355 ], [ -44.609112, -9.961148 ], [ -44.609232, -9.960928 ], [ -44.609245, -9.960767 ], [ -44.609361, -9.960658 ], [ -44.60946, -9.960539 ], [ -44.609541, -9.96024 ], [ -44.609417, -9.960122 ], [ -44.608854999999899, -9.960054 ], [ -44.607896, -9.959835 ], [ -44.607317, -9.959726 ], [ -44.607115, -9.959455 ], [ -44.607163, -9.959219 ], [ -44.607317, -9.958948 ], [ -44.607343, -9.9588 ], [ -44.607124999999897, -9.958546 ], [ -44.606872, -9.958529 ], [ -44.606503, -9.958681 ], [ -44.606262, -9.958677 ], [ -44.605811, -9.958507 ], [ -44.60412, -9.957895 ], [ -44.603875, -9.957692 ], [ -44.603814999999898, -9.957566 ], [ -44.603926999999899, -9.957452 ], [ -44.604395, -9.957266 ], [ -44.604588, -9.95695 ], [ -44.604588, -9.956671 ], [ -44.604446, -9.956472 ], [ -44.604244, -9.956434 ], [ -44.604, -9.956498 ], [ -44.603622, -9.956527 ], [ -44.602974, -9.95646 ], [ -44.602626, -9.95632 ], [ -44.602136, -9.955951 ], [ -44.601664, -9.95579 ], [ -44.601501, -9.955951 ], [ -44.601467, -9.956111 ], [ -44.601432, -9.956314 ], [ -44.601209, -9.956335 ], [ -44.600955999999897, -9.956183 ], [ -44.600578, -9.955913 ], [ -44.600269, -9.955714 ], [ -44.600308, -9.955364 ], [ -44.600432, -9.95522 ], [ -44.600754, -9.955165 ], [ -44.60114, -9.955085 ], [ -44.601188, -9.954798 ], [ -44.601063, -9.954502 ], [ -44.600664, -9.954333 ], [ -44.600402, -9.954354 ], [ -44.600141, -9.954426 ], [ -44.599922, -9.95435 ], [ -44.599697, -9.954042 ], [ -44.599629, -9.953628 ], [ -44.599466, -9.953087 ], [ -44.599251, -9.952868 ], [ -44.599148, -9.952526 ], [ -44.599255, -9.952268 ], [ -44.599569, -9.952095 ], [ -44.599822, -9.951841 ], [ -44.599843, -9.951655 ], [ -44.599823, -9.951432 ], [ -44.599887, -9.951174 ], [ -44.600111, -9.951081 ], [ -44.600514, -9.951027 ], [ -44.600746, -9.950866 ], [ -44.601092999999899, -9.950329 ], [ -44.601059, -9.949823 ], [ -44.600973, -9.949683 ], [ -44.600775999999897, -9.949696 ], [ -44.600402, -9.949797 ], [ -44.600025, -9.949983 ], [ -44.599707, -9.950427 ], [ -44.599209, -9.950659 ], [ -44.598536, -9.950781 ], [ -44.598166, -9.950718 ], [ -44.597307999999899, -9.95011 ], [ -44.596735, -9.94952 ], [ -44.596413, -9.948878 ], [ -44.596255, -9.948751 ], [ -44.595855, -9.9487 ], [ -44.594778, -9.948193 ], [ -44.594358, -9.947785 ], [ -44.59407, -9.947342 ], [ -44.593929, -9.946978 ], [ -44.5941, -9.94656 ], [ -44.594091999999897, -9.94629 ], [ -44.593907, -9.946002 ], [ -44.593683999999897, -9.945745 ], [ -44.593718, -9.945588 ], [ -44.593975999999898, -9.945474 ], [ -44.594248999999898, -9.945467 ], [ -44.59446, -9.945395 ], [ -44.594605999999899, -9.94504 ], [ -44.59458, -9.944508 ], [ -44.594618, -9.943566 ], [ -44.594593, -9.943135 ], [ -44.594433, -9.94289 ], [ -44.594283, -9.942911 ], [ -44.593998999999897, -9.943029 ], [ -44.593828, -9.942974 ], [ -44.59375, -9.942776 ], [ -44.593785, -9.94248 ], [ -44.593785, -9.941838 ], [ -44.593716, -9.941449 ], [ -44.593577, -9.941222 ], [ -44.593280999999898, -9.940973 ], [ -44.593096, -9.940597 ], [ -44.592911, -9.940229 ], [ -44.592811, -9.940143 ], [ -44.59248, -9.940168 ], [ -44.591751, -9.939851 ], [ -44.591352, -9.939543 ], [ -44.591296, -9.939222 ], [ -44.591382, -9.939108 ], [ -44.591643, -9.938972 ], [ -44.591746, -9.938875 ], [ -44.591751, -9.938748 ], [ -44.591622, -9.938592 ], [ -44.591369, -9.93844 ], [ -44.591073, -9.938267 ], [ -44.590775999999899, -9.938178 ], [ -44.590665, -9.938262 ], [ -44.590635, -9.938372 ], [ -44.590621999999897, -9.938596 ], [ -44.590639, -9.93879 ], [ -44.590493, -9.938879 ], [ -44.59033, -9.938786 ], [ -44.590047, -9.938685 ], [ -44.589475999999898, -9.938554 ], [ -44.589343, -9.938334 ], [ -44.589442, -9.938114 ], [ -44.589624, -9.938018 ], [ -44.589833999999897, -9.937921 ], [ -44.589873, -9.937731 ], [ -44.589882, -9.937482 ], [ -44.589873, -9.937118 ], [ -44.589959, -9.93678 ], [ -44.590075, -9.936338 ], [ -44.590125999999898, -9.935962 ], [ -44.589937, -9.935945 ], [ -44.589693, -9.936101 ], [ -44.589537999999898, -9.936076 ], [ -44.58953, -9.935898 ], [ -44.589495, -9.935675 ], [ -44.589388, -9.935421 ], [ -44.589101, -9.935345 ], [ -44.58889, -9.935417 ], [ -44.588636999999899, -9.93548 ], [ -44.588371, -9.935417 ], [ -44.587903, -9.935375 ], [ -44.587367, -9.935138 ], [ -44.587173999999898, -9.934885 ], [ -44.587144, -9.934597 ], [ -44.587263999999898, -9.934488 ], [ -44.587757, -9.934365 ], [ -44.588204, -9.934327 ], [ -44.588349999999899, -9.934555 ], [ -44.588453, -9.934623 ], [ -44.588719, -9.934568 ], [ -44.588899, -9.934319 ], [ -44.588895, -9.933837 ], [ -44.588946, -9.933431 ], [ -44.589036, -9.933139 ], [ -44.589242, -9.933004 ], [ -44.589598, -9.932937 ], [ -44.589895, -9.932742 ], [ -44.589852, -9.932404 ], [ -44.58962, -9.93218 ], [ -44.589165, -9.932068 ], [ -44.588796, -9.932118 ], [ -44.58856, -9.932304 ], [ -44.588431, -9.932596 ], [ -44.588229, -9.932815 ], [ -44.587723, -9.933014 ], [ -44.5875, -9.932972 ], [ -44.587443999999898, -9.932786 ], [ -44.587526, -9.932384 ], [ -44.5875, -9.932156 ], [ -44.587401, -9.93211 ], [ -44.587229, -9.93219 ], [ -44.587049, -9.932114 ], [ -44.586985, -9.931979 ], [ -44.587014, -9.931821 ], [ -44.587409, -9.931664 ], [ -44.587834, -9.93136 ], [ -44.587937, -9.931077 ], [ -44.587898, -9.930705 ], [ -44.587718, -9.930549 ], [ -44.58749, -9.930498 ], [ -44.587125, -9.930464 ], [ -44.586838, -9.930372 ], [ -44.586646, -9.930144 ], [ -44.58647, -9.929637 ], [ -44.586238, -9.929156 ], [ -44.586157, -9.928813 ], [ -44.586005999999898, -9.928763 ], [ -44.585912, -9.92883 ], [ -44.58577, -9.92905 ], [ -44.585552, -9.929194 ], [ -44.585264, -9.929063 ], [ -44.585130999999897, -9.928839 ], [ -44.585187, -9.928551 ], [ -44.585375999999897, -9.928147 ], [ -44.585607, -9.927851 ], [ -44.585709999999899, -9.92761 ], [ -44.585715, -9.927378 ], [ -44.585543, -9.927272 ], [ -44.585194999999899, -9.927209 ], [ -44.584426999999899, -9.92696 ], [ -44.584187, -9.926808 ], [ -44.584207999999897, -9.926609 ], [ -44.58435, -9.926461 ], [ -44.584612, -9.926334 ], [ -44.585071, -9.92625 ], [ -44.585309, -9.926143 ], [ -44.585433, -9.925831 ], [ -44.585372999999898, -9.925552 ], [ -44.585262, -9.925311 ], [ -44.585391, -9.924922 ], [ -44.585574999999899, -9.92477 ], [ -44.585852, -9.924751 ], [ -44.586388, -9.92465 ], [ -44.586539, -9.924574 ], [ -44.586697, -9.924477 ], [ -44.586852, -9.924452 ], [ -44.587311, -9.924633 ], [ -44.587654, -9.924739 ], [ -44.587809, -9.924654 ], [ -44.587809, -9.924422 ], [ -44.587646, -9.924105 ], [ -44.587663, -9.923864 ], [ -44.587817, -9.923695 ], [ -44.588147999999897, -9.92359 ], [ -44.588366999999899, -9.923628 ], [ -44.588474, -9.923809 ], [ -44.588546999999899, -9.924101 ], [ -44.588526, -9.924274 ], [ -44.588706, -9.92449 ], [ -44.588886, -9.924447 ], [ -44.589032, -9.924206 ], [ -44.589041, -9.923983 ], [ -44.588976, -9.923691 ], [ -44.588826, -9.923429 ], [ -44.588517, -9.923294 ], [ -44.588217, -9.923119 ], [ -44.58795, -9.92295 ], [ -44.587933, -9.922789 ], [ -44.588071, -9.922671 ], [ -44.588211999999899, -9.922552 ], [ -44.588332, -9.922362 ], [ -44.58838, -9.922007 ], [ -44.588264, -9.921872 ], [ -44.588074999999897, -9.92186 ], [ -44.587839, -9.92183 ], [ -44.587766, -9.921686 ], [ -44.587761999999898, -9.921433 ], [ -44.587792, -9.921088 ], [ -44.587955, -9.920945 ], [ -44.588195, -9.920941 ], [ -44.588932999999898, -9.921067 ], [ -44.589101, -9.920945 ], [ -44.589092, -9.920645 ], [ -44.588989, -9.920472 ], [ -44.58856, -9.91988 ], [ -44.588182, -9.91961 ], [ -44.587993, -9.919631 ], [ -44.587805, -9.919783 ], [ -44.587418, -9.920045 ], [ -44.587011, -9.92037 ], [ -44.586813, -9.920387 ], [ -44.586689, -9.920244 ], [ -44.586599, -9.919969 ], [ -44.586663, -9.9198 ], [ -44.587028, -9.919504 ], [ -44.587723, -9.919234 ], [ -44.588144, -9.918989 ], [ -44.588636999999899, -9.918583 ], [ -44.588813, -9.918279 ], [ -44.589392, -9.917789 ], [ -44.590069, -9.917067 ], [ -44.590795, -9.916332 ], [ -44.591717, -9.915893 ], [ -44.592258, -9.915542 ], [ -44.592733, -9.915115 ], [ -44.592922, -9.914731 ], [ -44.592875, -9.91457 ], [ -44.592678, -9.914418 ], [ -44.592369, -9.913873 ], [ -44.592317, -9.913573 ], [ -44.592506, -9.913362 ], [ -44.592699, -9.913248 ], [ -44.592862, -9.913299 ], [ -44.593051, -9.913396 ], [ -44.593338, -9.913255 ], [ -44.593693, -9.912973 ], [ -44.594006, -9.912462 ], [ -44.594229, -9.912154 ], [ -44.594405, -9.912137 ], [ -44.594555, -9.912213 ], [ -44.594748, -9.912263 ], [ -44.594850999999899, -9.912162 ], [ -44.594907, -9.911968 ], [ -44.59492, -9.911723 ], [ -44.594988999999899, -9.91157 ], [ -44.595152, -9.911524 ], [ -44.59534, -9.911583 ], [ -44.595442999999896, -9.911824 ], [ -44.595478, -9.912094 ], [ -44.595637, -9.912124 ], [ -44.595834, -9.91209 ], [ -44.595888, -9.911972 ], [ -44.595896, -9.911731 ], [ -44.595849, -9.911545 ], [ -44.595754999999897, -9.911338 ], [ -44.595891, -9.910894 ], [ -44.596226, -9.910459 ], [ -44.596423, -9.910421 ], [ -44.596632999999898, -9.910518 ], [ -44.596814, -9.91051 ], [ -44.597037, -9.910438 ], [ -44.597256, -9.910362 ], [ -44.597474, -9.910396 ], [ -44.597985, -9.91043 ], [ -44.59817, -9.910375 ], [ -44.598213, -9.910231 ], [ -44.598187, -9.910125 ], [ -44.598088, -9.91002 ], [ -44.598015, -9.909889 ], [ -44.597869, -9.909686 ], [ -44.597831, -9.909509 ], [ -44.597898, -9.909332 ], [ -44.598073999999897, -9.90918 ], [ -44.598275999999899, -9.909044 ], [ -44.598426, -9.909015 ], [ -44.598555, -9.909125 ], [ -44.598751999999898, -9.909239 ], [ -44.598945, -9.909192 ], [ -44.599108, -9.909082 ], [ -44.59928, -9.909078 ], [ -44.599392, -9.909137 ], [ -44.599435, -9.909256 ], [ -44.599508, -9.909623 ], [ -44.599713999999899, -9.909911 ], [ -44.600057, -9.910042 ], [ -44.600362, -9.910008 ], [ -44.60058, -9.910071 ], [ -44.600988, -9.910016 ], [ -44.601143, -9.909885 ], [ -44.60137, -9.909218 ], [ -44.60137, -9.909078 ], [ -44.601314, -9.908951 ], [ -44.601177, -9.908821 ], [ -44.600928, -9.908722 ], [ -44.600645, -9.908684 ], [ -44.600409, -9.908663 ], [ -44.600203, -9.908507 ], [ -44.600156, -9.908346 ], [ -44.600143, -9.907962 ], [ -44.60022, -9.907768 ], [ -44.600379, -9.907637 ], [ -44.600501, -9.907511 ], [ -44.600484, -9.907215 ], [ -44.600304, -9.907004 ], [ -44.599969, -9.906865 ], [ -44.599763, -9.906932 ], [ -44.599629999999898, -9.907182 ], [ -44.599566, -9.90746 ], [ -44.599311999999898, -9.907629 ], [ -44.599131999999898, -9.907566 ], [ -44.599093, -9.907406 ], [ -44.599093, -9.907241 ], [ -44.598905, -9.906975 ], [ -44.59898, -9.906706 ], [ -44.599164, -9.906579 ], [ -44.599576, -9.906439 ], [ -44.599958, -9.906439 ], [ -44.600143, -9.906317 ], [ -44.600314, -9.906046 ], [ -44.600529, -9.905531 ], [ -44.600495, -9.905345 ], [ -44.600322999999896, -9.905252 ], [ -44.600096, -9.905324 ], [ -44.599907, -9.905497 ], [ -44.599598, -9.905839 ], [ -44.599446999999898, -9.90611 ], [ -44.599259, -9.906101 ], [ -44.599083, -9.906021 ], [ -44.598885, -9.905903 ], [ -44.598661999999898, -9.905839 ], [ -44.598465, -9.905894 ], [ -44.598263, -9.906059 ], [ -44.598078, -9.906101 ], [ -44.597744, -9.905996 ], [ -44.597461, -9.905822 ], [ -44.597461, -9.905721 ], [ -44.597589, -9.905641 ], [ -44.597893, -9.905509 ], [ -44.598223, -9.905408 ], [ -44.598335, -9.905243 ], [ -44.598288, -9.904972 ], [ -44.598082, -9.904854 ], [ -44.597631, -9.904533 ], [ -44.597554, -9.904339 ], [ -44.597678, -9.904161 ], [ -44.597896999999897, -9.904098 ], [ -44.598163, -9.904182 ], [ -44.598498, -9.904237 ], [ -44.598807, -9.904191 ], [ -44.599193, -9.904208 ], [ -44.599373, -9.904085 ], [ -44.599343, -9.903925 ], [ -44.599215, -9.903734 ], [ -44.599102, -9.903424 ], [ -44.598905, -9.903073 ], [ -44.598796999999898, -9.902997 ], [ -44.598536, -9.902934 ], [ -44.598394, -9.902782 ], [ -44.598445, -9.902613 ], [ -44.598633999999898, -9.902401 ], [ -44.59884, -9.902169 ], [ -44.598905, -9.901827 ], [ -44.59887, -9.901679 ], [ -44.598784, -9.901628 ], [ -44.598493, -9.901654 ], [ -44.598177, -9.901583 ], [ -44.59792, -9.90138 ], [ -44.597825, -9.901202 ], [ -44.597885, -9.901042 ], [ -44.597983999999897, -9.900915 ], [ -44.59807, -9.900742 ], [ -44.598053, -9.900514 ], [ -44.598078, -9.900269 ], [ -44.598207, -9.899998 ], [ -44.598408999999897, -9.89991 ], [ -44.598641, -9.899973 ], [ -44.598821, -9.900104 ], [ -44.598911, -9.900374 ], [ -44.59901, -9.900535 ], [ -44.599293, -9.900641 ], [ -44.599511999999898, -9.900632 ], [ -44.599584999999898, -9.900476 ], [ -44.599576, -9.900315 ], [ -44.599362, -9.900121 ], [ -44.59883, -9.899534 ], [ -44.598782, -9.899373 ], [ -44.598902, -9.899225 ], [ -44.599083, -9.899123 ], [ -44.599353, -9.899173 ], [ -44.599562999999897, -9.899385 ], [ -44.599658, -9.899676 ], [ -44.599756, -9.899908 ], [ -44.600001, -9.900065 ], [ -44.600224, -9.900082 ], [ -44.600357, -9.900033 ], [ -44.600649, -9.899754 ], [ -44.600777999999899, -9.899433 ], [ -44.600722, -9.899104 ], [ -44.600602, -9.898871 ], [ -44.600456, -9.898706 ], [ -44.600284, -9.898495 ], [ -44.600087, -9.898487 ], [ -44.599877, -9.89855 ], [ -44.599679, -9.898546 ], [ -44.599446999999898, -9.898364 ], [ -44.599266999999898, -9.898123 ], [ -44.599276, -9.897925 ], [ -44.599443, -9.89776 ], [ -44.599546, -9.897557 ], [ -44.599626999999899, -9.897193 ], [ -44.599871, -9.896792 ], [ -44.600004, -9.896547 ], [ -44.599944, -9.896382 ], [ -44.599742999999897, -9.896382 ], [ -44.599584, -9.896568 ], [ -44.599424999999897, -9.896788 ], [ -44.599262, -9.896932 ], [ -44.599052, -9.896944 ], [ -44.598781, -9.896881 ], [ -44.598613999999898, -9.896809 ], [ -44.598639999999897, -9.896577 ], [ -44.598786, -9.896437 ], [ -44.598992, -9.896302 ], [ -44.599073, -9.896002 ], [ -44.599052, -9.89574 ], [ -44.598979, -9.895499 ], [ -44.599096, -9.89531 ], [ -44.599435, -9.89504 ], [ -44.599562999999897, -9.894888 ], [ -44.599572, -9.894592 ], [ -44.599494999999898, -9.894431 ], [ -44.599297, -9.89433 ], [ -44.599126, -9.894368 ], [ -44.598847, -9.894537 ], [ -44.598571999999898, -9.894634 ], [ -44.598443, -9.894706 ], [ -44.598413, -9.894985 ], [ -44.598207, -9.895107 ], [ -44.598091, -9.894976 ], [ -44.598023, -9.894736 ], [ -44.597983999999897, -9.894444 ], [ -44.59804, -9.894145 ], [ -44.598156, -9.893997 ], [ -44.598275999999899, -9.893959 ], [ -44.598486, -9.893972 ], [ -44.598649, -9.893934 ], [ -44.599005, -9.893854 ], [ -44.599259, -9.893976 ], [ -44.599516, -9.893997 ], [ -44.599744, -9.893862 ], [ -44.599911, -9.89374 ], [ -44.599961999999898, -9.893604 ], [ -44.599911, -9.893347 ], [ -44.599808, -9.893224 ], [ -44.599589, -9.893152 ], [ -44.59943, -9.893064 ], [ -44.599284, -9.892776 ], [ -44.599198999999899, -9.892599 ], [ -44.599018999999899, -9.892515 ], [ -44.598822, -9.892595 ], [ -44.598633, -9.892848 ], [ -44.598195, -9.892903 ], [ -44.597925, -9.892781 ], [ -44.597749, -9.892502 ], [ -44.597775, -9.89232 ], [ -44.598011, -9.892134 ], [ -44.598568999999898, -9.891919 ], [ -44.599161, -9.891484 ], [ -44.599268, -9.891306 ], [ -44.599224999999898, -9.891141 ], [ -44.598946, -9.891027 ], [ -44.598633, -9.890858 ], [ -44.598356, -9.890665 ], [ -44.598278999999899, -9.890221 ], [ -44.598295999999898, -9.889993 ], [ -44.598408, -9.889803 ], [ -44.598619, -9.889526 ], [ -44.598944, -9.889322 ], [ -44.599356, -9.889352 ], [ -44.599661, -9.889187 ], [ -44.5997, -9.888972 ], [ -44.599669999999897, -9.8889 ], [ -44.599575, -9.888803 ], [ -44.599373, -9.888727 ], [ -44.599089999999897, -9.888655 ], [ -44.598836999999897, -9.888477 ], [ -44.597949, -9.887941 ], [ -44.597738, -9.887696 ], [ -44.597751, -9.887472 ], [ -44.597884, -9.887298 ], [ -44.598188999999898, -9.887222 ], [ -44.598382, -9.887265 ], [ -44.598759, -9.887415 ], [ -44.598965, -9.887351 ], [ -44.599445, -9.887208 ], [ -44.599531, -9.887013 ], [ -44.599445, -9.886798 ], [ -44.59931, -9.886501 ], [ -44.599108, -9.886311 ], [ -44.598924, -9.886256 ], [ -44.598726999999897, -9.886184 ], [ -44.598503, -9.885922 ], [ -44.598289, -9.88574 ], [ -44.598053, -9.885643 ], [ -44.597825, -9.885529 ], [ -44.597632, -9.885504 ], [ -44.597503, -9.885554 ], [ -44.597473, -9.885821 ], [ -44.597538, -9.886188 ], [ -44.597495, -9.886497 ], [ -44.597198999999897, -9.886488 ], [ -44.59701, -9.886366 ], [ -44.596988, -9.886201 ], [ -44.597057, -9.885677 ], [ -44.597126, -9.885491 ], [ -44.597219, -9.884979 ], [ -44.597352, -9.884797 ], [ -44.597528, -9.884489 ], [ -44.597528, -9.884286 ], [ -44.597352, -9.884176 ], [ -44.59715, -9.884235 ], [ -44.596936, -9.884417 ], [ -44.596725999999897, -9.884679 ], [ -44.596515, -9.884717 ], [ -44.596387, -9.884641 ], [ -44.596369, -9.884429 ], [ -44.596374, -9.884281 ], [ -44.596291999999899, -9.884155 ], [ -44.59612, -9.884062 ], [ -44.595945, -9.883939 ], [ -44.595854, -9.883614 ], [ -44.595734, -9.883441 ], [ -44.595593, -9.883441 ], [ -44.595477, -9.883517 ], [ -44.59543, -9.883728 ], [ -44.595431, -9.883981 ], [ -44.595358, -9.884188 ], [ -44.595139, -9.88423 ], [ -44.594976, -9.884276 ], [ -44.594727, -9.884488 ], [ -44.594255, -9.884707 ], [ -44.593607, -9.884631 ], [ -44.593139, -9.884581 ], [ -44.593036, -9.884471 ], [ -44.593026, -9.884307 ], [ -44.593039, -9.884176 ], [ -44.593198, -9.883978 ], [ -44.593224, -9.883809 ], [ -44.593151, -9.883695 ], [ -44.592842, -9.883627 ], [ -44.592489999999898, -9.883555 ], [ -44.592211, -9.883454 ], [ -44.592116, -9.883226 ], [ -44.592134, -9.883057 ], [ -44.592334999999899, -9.882909 ], [ -44.592434, -9.882773 ], [ -44.592473, -9.882621 ], [ -44.592489999999898, -9.882347 ], [ -44.59235, -9.882218 ], [ -44.592076, -9.882172 ], [ -44.591913, -9.882239 ], [ -44.59172, -9.882434 ], [ -44.591514, -9.882518 ], [ -44.591144, -9.882535 ], [ -44.590891, -9.882624 ], [ -44.59078, -9.882848 ], [ -44.590646999999898, -9.883059 ], [ -44.590359, -9.883047 ], [ -44.590097, -9.882903 ], [ -44.589857, -9.882455 ], [ -44.589531, -9.881923 ], [ -44.58924, -9.881272 ], [ -44.58903, -9.880845 ], [ -44.589013, -9.880587 ], [ -44.589163, -9.880469 ], [ -44.589317, -9.880478 ], [ -44.589588, -9.8806 ], [ -44.589819, -9.880685 ], [ -44.590008, -9.880609 ], [ -44.590068, -9.880465 ], [ -44.590116, -9.880224 ], [ -44.590068, -9.880059 ], [ -44.58997, -9.87989 ], [ -44.589785, -9.879818 ], [ -44.58954, -9.87978 ], [ -44.589395, -9.879692 ], [ -44.589237, -9.87941 ], [ -44.589014, -9.879136 ], [ -44.588639999999899, -9.878865 ], [ -44.588529, -9.878612 ], [ -44.588533, -9.878268 ], [ -44.588413, -9.877529 ], [ -44.588306, -9.877241 ], [ -44.587688, -9.876979 ], [ -44.587529, -9.877013 ], [ -44.587396, -9.877169 ], [ -44.587216, -9.877436 ], [ -44.587035, -9.87755 ], [ -44.586825, -9.87744 ], [ -44.586778, -9.877284 ], [ -44.586635999999899, -9.876967 ], [ -44.586469, -9.876802 ], [ -44.586011, -9.876575 ], [ -44.585645999999898, -9.876393 ], [ -44.585496, -9.876207 ], [ -44.58547, -9.876046 ], [ -44.585612, -9.875894 ], [ -44.585766, -9.875751 ], [ -44.58583, -9.875522 ], [ -44.585818, -9.87532 ], [ -44.585723, -9.875129 ], [ -44.585439999999899, -9.875053 ], [ -44.585113, -9.874976 ], [ -44.584615, -9.875022 ], [ -44.584332, -9.875001 ], [ -44.584151, -9.874849 ], [ -44.584096, -9.874659 ], [ -44.584113, -9.874553 ], [ -44.584249999999898, -9.874414 ], [ -44.584593, -9.874202 ], [ -44.585181, -9.874004 ], [ -44.585606, -9.873915 ], [ -44.585769, -9.87364 ], [ -44.585679, -9.873459 ], [ -44.585409, -9.873226 ], [ -44.585005, -9.87296 ], [ -44.584473, -9.87274 ], [ -44.584176, -9.872717 ], [ -44.583734, -9.872755 ], [ -44.58358, -9.872607 ], [ -44.583468, -9.872451 ], [ -44.583528, -9.872299 ], [ -44.583647, -9.871979 ], [ -44.58381, -9.871518 ], [ -44.58384, -9.871117 ], [ -44.58366, -9.870901 ], [ -44.583467, -9.870791 ], [ -44.583291, -9.870766 ], [ -44.583106, -9.870673 ], [ -44.583106, -9.870542 ], [ -44.583231, -9.870407 ], [ -44.583381, -9.870301 ], [ -44.583493, -9.870149 ], [ -44.583463, -9.869984 ], [ -44.58336, -9.869832 ], [ -44.583123999999899, -9.869655 ], [ -44.583008, -9.86946 ], [ -44.582996, -9.869173 ], [ -44.582871, -9.868992 ], [ -44.582743, -9.868966 ], [ -44.582528, -9.869017 ], [ -44.582348, -9.869009 ], [ -44.582270999999899, -9.868886 ], [ -44.582313999999897, -9.86873 ], [ -44.582275, -9.868582 ], [ -44.582129, -9.868426 ], [ -44.581919, -9.868358 ], [ -44.581696, -9.868438 ], [ -44.581472, -9.868434 ], [ -44.581223, -9.868197 ], [ -44.580932, -9.867758 ], [ -44.580636, -9.867483 ], [ -44.580369, -9.867259 ], [ -44.580102, -9.867028 ], [ -44.580068, -9.866779 ], [ -44.580058999999899, -9.866576 ], [ -44.579991, -9.866453 ], [ -44.579845, -9.86639 ], [ -44.579647, -9.866318 ], [ -44.579403, -9.866153 ], [ -44.57918, -9.865866 ], [ -44.579009, -9.865799 ], [ -44.578816, -9.865803 ], [ -44.578481, -9.86593 ], [ -44.578215, -9.866014 ], [ -44.578031, -9.86596 ], [ -44.577893, -9.865824 ], [ -44.577799, -9.865545 ], [ -44.577803, -9.865368 ], [ -44.577777, -9.865186 ], [ -44.577678999999897, -9.865064 ], [ -44.577404, -9.864996 ], [ -44.577143, -9.865068 ], [ -44.576791, -9.865094 ], [ -44.576495, -9.864963 ], [ -44.576354, -9.864739 ], [ -44.576362, -9.864439 ], [ -44.576366999999898, -9.86421 ], [ -44.576289, -9.863948 ], [ -44.576126, -9.863615 ], [ -44.575387099999901, -9.863386199999979 ], [ -44.5750123, -9.86411409999994 ], [ -44.574678499999898, -9.864401199999969 ], [ -44.5727565, -9.867238599999951 ], [ -44.571893799999899, -9.867459399999969 ], [ -44.568516499999902, -9.87047249999995 ], [ -44.5648684, -9.876176599999949 ], [ -44.563633599999903, -9.88466889999995 ], [ -44.563428, -9.89285759999996 ], [ -44.5621201, -9.89497709999995 ], [ -44.555722, -9.899603799999969 ], [ -44.553690699999898, -9.90282609999997 ], [ -44.5519102, -9.90348449999993 ], [ -44.547608, -9.903268 ], [ -44.543745999999899, -9.903665 ], [ -44.542784, -9.904037 ], [ -44.542072, -9.904485 ], [ -44.541514, -9.904789 ], [ -44.54076, -9.904748 ], [ -44.540231999999897, -9.904595 ], [ -44.539524, -9.904207 ], [ -44.539318, -9.904126 ], [ -44.539107, -9.904126 ], [ -44.538983, -9.904236 ], [ -44.538764, -9.904955 ], [ -44.538653, -9.905056 ], [ -44.538172, -9.905145 ], [ -44.537794, -9.905043 ], [ -44.537562, -9.904752 ], [ -44.537425, -9.904587 ], [ -44.537416999999898, -9.904439 ], [ -44.537545, -9.904266 ], [ -44.537601, -9.904101 ], [ -44.537562, -9.903928 ], [ -44.537421, -9.903691 ], [ -44.537249, -9.903598 ], [ -44.537039, -9.903611 ], [ -44.536828, -9.903781 ], [ -44.53669, -9.903789 ], [ -44.536347, -9.903663 ], [ -44.536119, -9.90362 ], [ -44.535403, -9.903819 ], [ -44.535205, -9.903929 ], [ -44.534939, -9.904102 ], [ -44.53439, -9.904216 ], [ -44.534174999999898, -9.904322 ], [ -44.533836, -9.904689 ], [ -44.53309, -9.905304 ], [ -44.532618, -9.905684 ], [ -44.53194, -9.906068 ], [ -44.531532, -9.906229 ], [ -44.530935, -9.906323 ], [ -44.530386, -9.906234 ], [ -44.530025, -9.906023 ], [ -44.529369, -9.90544 ], [ -44.528493, -9.90495 ], [ -44.527923, -9.90476 ], [ -44.527287, -9.904652 ], [ -44.526601, -9.90466 ], [ -44.526386, -9.904694 ], [ -44.526262, -9.904855 ], [ -44.526266, -9.905134 ], [ -44.526442, -9.90548 ], [ -44.526494, -9.905848 ], [ -44.526202, -9.906325 ], [ -44.525872, -9.906715 ], [ -44.525416999999898, -9.907019 ], [ -44.524705, -9.90715 ], [ -44.524268, -9.907033 ], [ -44.523899, -9.906813 ], [ -44.523736, -9.906475 ], [ -44.52347, -9.906264 ], [ -44.522984999999899, -9.906289 ], [ -44.522234, -9.906864 ], [ -44.521693, -9.90748 ], [ -44.520889, -9.90861 ], [ -44.520648, -9.909057 ], [ -44.520365, -9.909598 ], [ -44.520125, -9.909877 ], [ -44.519713, -9.910131 ], [ -44.519189, -9.9103 ], [ -44.518607, -9.910311 ], [ -44.517907, -9.910324 ], [ -44.517696999999899, -9.910362 ], [ -44.517573, -9.910421 ], [ -44.517577, -9.910603 ], [ -44.517641, -9.910818 ], [ -44.517547, -9.911211 ], [ -44.517088, -9.911824 ], [ -44.516239, -9.912577 ], [ -44.515406, -9.91349 ], [ -44.515029, -9.913599 ], [ -44.513381, -9.913557 ], [ -44.511999, -9.913118 ], [ -44.511029, -9.912924 ], [ -44.510591, -9.91267 ], [ -44.510247999999898, -9.912298 ], [ -44.509939, -9.912231 ], [ -44.509501, -9.912391 ], [ -44.509335, -9.912553 ], [ -44.509365, -9.912726 ], [ -44.509331, -9.912861 ], [ -44.509043, -9.91298 ], [ -44.508913999999898, -9.912945 ], [ -44.508913999999898, -9.912662 ], [ -44.508957, -9.9124 ], [ -44.508786, -9.91237 ], [ -44.508459, -9.912476 ], [ -44.508356, -9.912692 ], [ -44.508232, -9.913 ], [ -44.507957, -9.913177 ], [ -44.507751, -9.91316 ], [ -44.507652999999898, -9.912958 ], [ -44.507407999999899, -9.912865 ], [ -44.506945, -9.913008 ], [ -44.506507, -9.913363 ], [ -44.506053999999899, -9.913441 ], [ -44.505873999999899, -9.913682 ], [ -44.505595, -9.913897 ], [ -44.505363, -9.91388 ], [ -44.505220999999899, -9.913606 ], [ -44.505037, -9.913196 ], [ -44.504886999999897, -9.913128 ], [ -44.504478999999897, -9.913225 ], [ -44.504175, -9.913355 ], [ -44.503917999999899, -9.913524 ], [ -44.503843, -9.913714 ], [ -44.503654, -9.913828 ], [ -44.503245999999898, -9.913878 ], [ -44.502989, -9.913819 ], [ -44.502795999999897, -9.913823 ], [ -44.502654, -9.913954 ], [ -44.502641, -9.914098 ], [ -44.50271, -9.914237 ], [ -44.50274, -9.914373 ], [ -44.502688, -9.914508 ], [ -44.502499999999898, -9.914605 ], [ -44.502328, -9.914571 ], [ -44.502276, -9.914428 ], [ -44.502207999999897, -9.914246 ], [ -44.502069999999897, -9.914225 ], [ -44.501959, -9.914292 ], [ -44.501839, -9.914428 ], [ -44.501779, -9.914512 ], [ -44.501821999999898, -9.914635 ], [ -44.502028, -9.914782 ], [ -44.502113, -9.914939 ], [ -44.502062, -9.91523 ], [ -44.501601, -9.915779 ], [ -44.50124, -9.91627 ], [ -44.50106, -9.91643 ], [ -44.500815, -9.916548 ], [ -44.500545, -9.916527 ], [ -44.500347, -9.916451 ], [ -44.500146, -9.91624 ], [ -44.499965, -9.916147 ], [ -44.499660999999897, -9.91613 ], [ -44.499471, -9.916315 ], [ -44.499252, -9.916565 ], [ -44.499136, -9.916907 ], [ -44.499136, -9.917084 ], [ -44.499192, -9.917388 ], [ -44.499018, -9.917832 ], [ -44.498786, -9.918263 ], [ -44.498773, -9.918474 ], [ -44.498778, -9.918715 ], [ -44.498688, -9.918901 ], [ -44.498164, -9.919117 ], [ -44.498014, -9.919252 ], [ -44.497794999999897, -9.919548 ], [ -44.497369999999897, -9.919848 ], [ -44.496916999999897, -9.920172 ], [ -44.496518, -9.920544 ], [ -44.495802, -9.92078 ], [ -44.494912999999897, -9.921127 ], [ -44.494409, -9.92126 ], [ -44.494023, -9.921374 ], [ -44.493738999999898, -9.921396 ], [ -44.493503, -9.921497 ], [ -44.493383, -9.921632 ], [ -44.493229, -9.921852 ], [ -44.493053, -9.921983 ], [ -44.492825, -9.922084 ], [ -44.492637, -9.922084 ], [ -44.49226, -9.921841 ], [ -44.491955, -9.921946 ], [ -44.491757999999898, -9.921959 ], [ -44.491569, -9.922048 ], [ -44.49132, -9.92236 ], [ -44.490972999999897, -9.922567 ], [ -44.490788, -9.92272 ], [ -44.490749, -9.923125 ], [ -44.490732, -9.923539 ], [ -44.490661, -9.923745 ], [ -44.490438, -9.923952 ], [ -44.490215, -9.924003 ], [ -44.490009, -9.923901 ], [ -44.489902, -9.923542 ], [ -44.489812, -9.923187 ], [ -44.489627, -9.922866 ], [ -44.489451, -9.92276 ], [ -44.489339399999899, -9.922771 ], [ -44.489228, -9.922782 ], [ -44.488919, -9.922938 ], [ -44.488795, -9.923086 ], [ -44.488754, -9.92324 ], [ -44.488694, -9.923329 ], [ -44.488521999999897, -9.923417 ], [ -44.488405999999898, -9.923582 ], [ -44.488256, -9.923722 ], [ -44.487848, -9.923802 ], [ -44.487637999999897, -9.92384 ], [ -44.487501, -9.923798 ], [ -44.487329, -9.923772 ], [ -44.487093, -9.923967 ], [ -44.486899, -9.9241 ], [ -44.486671, -9.924214 ], [ -44.486487, -9.924252 ], [ -44.486272, -9.924235 ], [ -44.486061999999897, -9.924358 ], [ -44.485985, -9.924569 ], [ -44.48601, -9.924806 ], [ -44.48592, -9.925068 ], [ -44.485654, -9.925439 ], [ -44.485165, -9.925651 ], [ -44.484934, -9.925814 ], [ -44.484783999999898, -9.926063 ], [ -44.484651, -9.926131 ], [ -44.484440999999897, -9.926181 ], [ -44.484243, -9.926329 ], [ -44.484217999999899, -9.926498 ], [ -44.484415, -9.926697 ], [ -44.484548, -9.926934 ], [ -44.48463, -9.927318 ], [ -44.484625, -9.927571 ], [ -44.484574, -9.927736 ], [ -44.484325, -9.927842 ], [ -44.484226, -9.928074 ], [ -44.484192, -9.928419 ], [ -44.484115, -9.92871 ], [ -44.483896, -9.928939 ], [ -44.483716, -9.929065 ], [ -44.483590999999898, -9.929353 ], [ -44.483552, -9.929644 ], [ -44.483590999999898, -9.929953 ], [ -44.483697999999897, -9.930189 ], [ -44.484085, -9.930383 ], [ -44.484484, -9.930502 ], [ -44.484818, -9.930642 ], [ -44.484938999999898, -9.930942 ], [ -44.484909, -9.931246 ], [ -44.484693999999898, -9.931618 ], [ -44.484260999999897, -9.931892 ], [ -44.484029, -9.932243 ], [ -44.483917, -9.932767 ], [ -44.484097, -9.933333 ], [ -44.484896, -9.934229 ], [ -44.485728, -9.935817 ], [ -44.486176999999898, -9.938844 ], [ -44.486565, -9.942553 ], [ -44.487121, -9.9443 ], [ -44.487992, -9.945766 ], [ -44.489018, -9.946814 ], [ -44.489804999999897, -9.947855 ], [ -44.490595, -9.948776 ], [ -44.491144, -9.949613 ], [ -44.491413, -9.950239 ], [ -44.491499, -9.950754 ], [ -44.491366, -9.951477 ], [ -44.490741, -9.952928 ], [ -44.490136, -9.953971 ], [ -44.489425, -9.954939 ], [ -44.488777, -9.955509 ], [ -44.487876, -9.956008 ], [ -44.486735, -9.956092 ], [ -44.486301, -9.95635 ], [ -44.486032, -9.956537 ], [ -44.485783, -9.956634 ], [ -44.485474, -9.956643 ], [ -44.485031999999897, -9.956714 ], [ -44.484851999999897, -9.95682 ], [ -44.484813, -9.957086 ], [ -44.484783, -9.957276 ], [ -44.484693, -9.957403 ], [ -44.484487999999899, -9.958243 ], [ -44.483989999999899, -9.959671 ], [ -44.483423, -9.960376 ], [ -44.483066, -9.960811 ], [ -44.482835, -9.961064 ], [ -44.482736, -9.961436 ], [ -44.482783, -9.961791 ], [ -44.482847999999898, -9.962116 ], [ -44.482619999999898, -9.962585 ], [ -44.48241, -9.962729 ], [ -44.482092599999902, -9.962888699999951 ], [ -44.4820799, -9.96288709999993 ], [ -44.481825, -9.962855 ], [ -44.481568, -9.962813 ], [ -44.481259, -9.962699 ], [ -44.481027, -9.962741 ], [ -44.480725999999898, -9.962876 ], [ -44.48046, -9.963168 ], [ -44.480232999999899, -9.963252 ], [ -44.479995, -9.963296 ], [ -44.47975, -9.963457 ], [ -44.479634, -9.963436 ], [ -44.479518, -9.963347 ], [ -44.479351, -9.963191 ], [ -44.479094, -9.963047 ], [ -44.478608999999899, -9.962688 ], [ -44.478291, -9.962616 ], [ -44.477865999999899, -9.962574 ], [ -44.477501, -9.96246 ], [ -44.477347, -9.962494 ], [ -44.477206, -9.962605 ], [ -44.476713, -9.962791 ], [ -44.476262, -9.963121 ], [ -44.476115999999898, -9.963256 ], [ -44.476052, -9.963425 ], [ -44.47588, -9.963615 ], [ -44.475443, -9.963809 ], [ -44.474978, -9.964245 ], [ -44.474163, -9.964689 ], [ -44.473793999999899, -9.964824 ], [ -44.47354, -9.964807 ], [ -44.472973, -9.96469 ], [ -44.472548, -9.964686 ], [ -44.472415, -9.964813 ], [ -44.472256, -9.964952 ], [ -44.472097, -9.964939 ], [ -44.471719999999898, -9.964749 ], [ -44.471569, -9.964644 ], [ -44.471492, -9.964496 ], [ -44.471393, -9.964378 ], [ -44.471243, -9.964344 ], [ -44.471012, -9.964361 ], [ -44.470771, -9.964445 ], [ -44.470636, -9.964463 ], [ -44.470451, -9.964447 ], [ -44.470203, -9.964371 ], [ -44.470035, -9.96443 ], [ -44.469889, -9.964404 ], [ -44.469773, -9.96432 ], [ -44.469653, -9.964257 ], [ -44.469413, -9.964248 ], [ -44.469138, -9.964083 ], [ -44.468953999999897, -9.964054 ], [ -44.468761, -9.964088 ], [ -44.468649, -9.96421 ], [ -44.468628, -9.964413 ], [ -44.468606, -9.964738 ], [ -44.468422, -9.96503 ], [ -44.468227, -9.965219 ], [ -44.468064, -9.965591 ], [ -44.467841, -9.966022 ], [ -44.467661, -9.966259 ], [ -44.467412, -9.966343 ], [ -44.467222999999898, -9.96639 ], [ -44.466985, -9.966566 ], [ -44.466856, -9.96673 ], [ -44.466383999999898, -9.966904 ], [ -44.466113999999898, -9.967043 ], [ -44.465894999999897, -9.967258 ], [ -44.465620999999899, -9.967556 ], [ -44.465184, -9.968046 ], [ -44.465025, -9.968329 ], [ -44.464973, -9.968684 ], [ -44.464925999999899, -9.968946 ], [ -44.464819, -9.969204 ], [ -44.46463, -9.969351 ], [ -44.464553, -9.969516 ], [ -44.464441, -9.969754 ], [ -44.464214, -9.970143 ], [ -44.463939, -9.970451 ], [ -44.463604, -9.970751 ], [ -44.463335, -9.970886 ], [ -44.463198, -9.97136 ], [ -44.462906, -9.97179 ], [ -44.462652999999897, -9.972073 ], [ -44.462498, -9.972044 ], [ -44.462351, -9.971914 ], [ -44.462158, -9.971699 ], [ -44.461905, -9.971568 ], [ -44.461638999999899, -9.971534 ], [ -44.461265, -9.971627 ], [ -44.460789, -9.97175 ], [ -44.460532, -9.971982 ], [ -44.460303, -9.972293 ], [ -44.460152999999899, -9.972512 ], [ -44.459590999999897, -9.972779 ], [ -44.458968, -9.972901 ], [ -44.458453, -9.972986 ], [ -44.457973, -9.973007 ], [ -44.457737, -9.973049 ], [ -44.457425999999899, -9.973254 ], [ -44.457254, -9.97333 ], [ -44.456992, -9.9733 ], [ -44.45679, -9.973326 ], [ -44.456469, -9.973605 ], [ -44.4561, -9.973803 ], [ -44.455824999999898, -9.973845 ], [ -44.455533, -9.97374 ], [ -44.455344, -9.973748 ], [ -44.455048, -9.973896 ], [ -44.454782, -9.973955 ], [ -44.454546, -9.973942 ], [ -44.454396, -9.974002 ], [ -44.454284, -9.974099 ], [ -44.454104, -9.97412 ], [ -44.453881, -9.974014 ], [ -44.453691999999897, -9.973968 ], [ -44.453426, -9.973879 ], [ -44.453203, -9.973812 ], [ -44.452652999999898, -9.974036 ], [ -44.452074, -9.97412 ], [ -44.451794999999898, -9.974027 ], [ -44.451684, -9.973841 ], [ -44.451619, -9.973677 ], [ -44.45143, -9.973668 ], [ -44.451301999999899, -9.973732 ], [ -44.451172, -9.974037 ], [ -44.451137, -9.974401 ], [ -44.451022, -9.974692 ], [ -44.450661, -9.974869 ], [ -44.450369, -9.974912 ], [ -44.449815999999899, -9.974903 ], [ -44.449352, -9.97481 ], [ -44.449056, -9.974658 ], [ -44.448828999999897, -9.974646 ], [ -44.448524, -9.974696 ], [ -44.448126, -9.974952 ], [ -44.447731, -9.97513 ], [ -44.447206999999899, -9.975599 ], [ -44.446877, -9.975962 ], [ -44.446543, -9.976302 ], [ -44.446418999999899, -9.97653 ], [ -44.446255999999899, -9.976631 ], [ -44.446114, -9.976589 ], [ -44.445946999999897, -9.976576 ], [ -44.445779, -9.97661 ], [ -44.445599, -9.97683 ], [ -44.44547, -9.976855 ], [ -44.44511, -9.976836 ], [ -44.444711, -9.976938 ], [ -44.444505, -9.977081 ], [ -44.444337, -9.97725 ], [ -44.444119, -9.977402 ], [ -44.443689, -9.977462 ], [ -44.443418999999899, -9.977398 ], [ -44.442771, -9.977529 ], [ -44.44208, -9.977715 ], [ -44.441608, -9.97799 ], [ -44.441375999999899, -9.978264 ], [ -44.441317, -9.978511 ], [ -44.44142, -9.978714 ], [ -44.44145, -9.978887 ], [ -44.441352, -9.979246 ], [ -44.441080999999897, -9.979407 ], [ -44.441047, -9.979529 ], [ -44.441133, -9.979715 ], [ -44.44118, -9.979905 ], [ -44.441369, -9.980095 ], [ -44.441749, -9.980765 ], [ -44.442088, -9.981433 ], [ -44.442318999999898, -9.981602 ], [ -44.442585, -9.981589 ], [ -44.442765999999899, -9.981534 ], [ -44.442899, -9.981559 ], [ -44.443272, -9.981999 ], [ -44.443367, -9.982273 ], [ -44.443347, -9.982593 ], [ -44.443523, -9.982762 ], [ -44.443854, -9.983007 ], [ -44.443991, -9.983306 ], [ -44.444064, -9.983573 ], [ -44.444144999999899, -9.983992 ], [ -44.444579, -9.984744 ], [ -44.444845, -9.985192 ], [ -44.445308, -9.985369 ], [ -44.445535999999898, -9.98553 ], [ -44.445982, -9.986059 ], [ -44.446716, -9.986731 ], [ -44.447356, -9.986917 ], [ -44.447579, -9.987014 ], [ -44.447823, -9.987254 ], [ -44.447792, -9.987491 ], [ -44.447599, -9.98766 ], [ -44.447526, -9.98782 ], [ -44.447589999999899, -9.988053 ], [ -44.447805, -9.988238 ], [ -44.448054, -9.988483 ], [ -44.448281, -9.988876 ], [ -44.448408, -9.989451 ], [ -44.448425, -9.989916 ], [ -44.448352, -9.990203 ], [ -44.448151, -9.990338 ], [ -44.448141, -9.990528 ], [ -44.448295, -9.990637 ], [ -44.448424, -9.990823 ], [ -44.448413, -9.99117 ], [ -44.448413, -9.991626 ], [ -44.447169, -9.993518 ], [ -44.446791, -9.993645 ], [ -44.446474, -9.993603 ], [ -44.446105, -9.993459 ], [ -44.4425047, -10.0115562 ], [ -44.410839199999899, -10.0497349 ], [ -44.410869299999902, -10.0500324 ], [ -44.4145877999999, -10.0871870999999 ], [ -44.4189770999999, -10.095473899999901 ], [ -44.4217422, -10.0986101999999 ], [ -44.4214115999999, -10.102680399999899 ], [ -44.4184691, -10.105025699999899 ], [ -44.4143978, -10.1067765 ], [ -44.403480199999898, -10.1084195999999 ], [ -44.3926531, -10.1129139 ], [ -44.390334799999899, -10.1206007 ], [ -44.392601, -10.140813799999901 ], [ -44.3777901999999, -10.159170699999899 ], [ -44.362729, -10.1683973999999 ], [ -44.3595698, -10.1878156 ], [ -44.3607605999999, -10.204897099999901 ], [ -44.365083899999902, -10.2106428999999 ], [ -44.3639886, -10.2166386 ], [ -44.359774199999897, -10.222237199999901 ], [ -44.344703099999897, -10.2332868999999 ], [ -44.3352015, -10.239005599999899 ], [ -44.3352244, -10.2401695999999 ], [ -44.309553799999897, -10.2752806 ], [ -44.307459999999899, -10.2900172 ], [ -44.305569299999902, -10.3033207 ], [ -44.302638199999897, -10.3056622 ], [ -44.2980818, -10.310409499999899 ], [ -44.2960211, -10.313370599999899 ], [ -44.2931485, -10.3168241999999 ], [ -44.2898418, -10.3197206999999 ], [ -44.2877516, -10.321353499999899 ], [ -44.286034099999902, -10.323604799999901 ], [ -44.285781, -10.3256426 ], [ -44.2859637, -10.3275586999999 ], [ -44.287139399999901, -10.3306497 ], [ -44.2885643, -10.3338042 ], [ -44.2907521, -10.3395158 ], [ -44.2988114, -10.3605555 ], [ -44.3071269, -10.374545 ], [ -44.3193325, -10.4009758 ], [ -44.3220679, -10.4083719 ], [ -44.329234, -10.4277478 ], [ -44.3300871, -10.432713 ], [ -44.3385792999999, -10.4465314 ], [ -44.347564, -10.4723860999999 ], [ -44.3512618, -10.4949225 ], [ -44.3500215, -10.5095769 ], [ -44.347607599999897, -10.5164009 ] ] ] ] } },
{ "type": "Feature", "properties": { "CD_MUN": "2206654", "NM_MUN": "Morro Cabeça no Tempo", "CD_RGI": "220015", "NM_RGI": "Corrente", "CD_RGINT": "2205", "NM_RGINT": "Corrente - Bom Jesus", "CD_UF": "22", "NM_UF": "Piauí", "SIGLA_UF": "PI", "CD_REGIAO": "2", "NM_REGIAO": "Nordeste", "SIGLA_RG": "NE", "CD_CONCURB": null, "NM_CONCURB": null, "AREA_KM2": 2207.658 }, "geometry": { "type": "MultiPolygon", "coordinates": [ [ [ [ -44.064642, -10.021223099999901 ], [ -44.0879866, -10.0504546999999 ], [ -44.089281, -10.049475 ], [ -44.092027, -10.046705 ], [ -44.094017999999899, -10.045539 ], [ -44.095203, -10.045404 ], [ -44.097658, -10.044745 ], [ -44.099803, -10.043968 ], [ -44.111213, -10.0250442 ], [ -44.116205, -10.0268300999999 ], [ -44.119464, -10.027978099999901 ], [ -44.1172301, -10.0001473 ], [ -44.1115741, -9.950008399999939 ], [ -44.1255685, -9.95010309999998 ], [ -44.1278422, -9.946459399999981 ], [ -44.1294816, -9.945045799999949 ], [ -44.1309519, -9.94192969999995 ], [ -44.131671599999898, -9.939312399999951 ], [ -44.131533299999901, -9.93571529999997 ], [ -44.1284807, -9.93375519999995 ], [ -44.1277013, -9.93241119999993 ], [ -44.1273461, -9.928470899999979 ], [ -44.1251229, -9.92623889999993 ], [ -44.1248434, -9.924651799999941 ], [ -44.1251774999999, -9.922957799999949 ], [ -44.1261168, -9.921461299999979 ], [ -44.126012199999899, -9.920094199999941 ], [ -44.1243739, -9.918128899999941 ], [ -44.1224151, -9.91671509999998 ], [ -44.1175691, -9.914821599999931 ], [ -44.1164527, -9.913727399999971 ], [ -44.110570799999898, -9.898609199999949 ], [ -44.107296399999903, -9.896271199999941 ], [ -44.101734599999901, -9.89063509999994 ], [ -44.0988692, -9.88861919999994 ], [ -44.096227499999898, -9.887535199999951 ], [ -44.0958989, -9.886695599999941 ], [ -44.0971840999999, -9.88159709999996 ], [ -44.102594699999898, -9.877287499999969 ], [ -44.111375199999898, -9.874982099999951 ], [ -44.1142268, -9.873550799999981 ], [ -44.1198458, -9.868996099999951 ], [ -44.121430099999898, -9.86669619999998 ], [ -44.1230336, -9.86077979999993 ], [ -44.127461099999898, -9.85448839999998 ], [ -44.134148599999897, -9.851049699999979 ], [ -44.1350957, -9.849883199999971 ], [ -44.1381099, -9.84298079999996 ], [ -44.145514299999903, -9.83577379999997 ], [ -44.1486194, -9.833803299999939 ], [ -44.148924899999898, -9.83339469999993 ], [ -44.148766, -9.833396 ], [ -44.147512, -9.833074 ], [ -44.146959, -9.833134 ], [ -44.145676, -9.833632 ], [ -44.145212, -9.83403 ], [ -44.145182, -9.834473 ], [ -44.145144, -9.834735 ], [ -44.144972, -9.834951 ], [ -44.143839, -9.83479 ], [ -44.143499, -9.834804 ], [ -44.143052, -9.834876 ], [ -44.142434, -9.834656 ], [ -44.14184, -9.834439 ], [ -44.141136, -9.834435 ], [ -44.140217999999898, -9.83413 ], [ -44.139527, -9.83375 ], [ -44.138643, -9.833399 ], [ -44.134569, -9.831177 ], [ -44.130449999999897, -9.829037 ], [ -44.130184, -9.82883 ], [ -44.126167, -9.826645 ], [ -44.123626, -9.825187 ], [ -44.12233, -9.825754 ], [ -44.12142, -9.826075 ], [ -44.120982, -9.825864 ], [ -44.120759, -9.825458 ], [ -44.121085, -9.824528 ], [ -44.121173999999897, -9.824013 ], [ -44.120973, -9.823687 ], [ -44.120362999999898, -9.823518 ], [ -44.113461, -9.820588 ], [ -44.1134845999999, -9.819576699999971 ], [ -44.1135629, -9.815167699999961 ], [ -44.1129831, -9.814215799999941 ], [ -44.1112595, -9.81321139999994 ], [ -44.1071271, -9.812094099999969 ], [ -44.106261699999898, -9.81084779999998 ], [ -44.106067799999899, -9.80971 ], [ -44.1067917, -9.80654819999995 ], [ -44.1089569, -9.803097899999949 ], [ -44.110291, -9.802368599999969 ], [ -44.113293199999902, -9.801662299999981 ], [ -44.1138735, -9.797781199999971 ], [ -44.118647199999899, -9.787221599999951 ], [ -44.118988, -9.785367199999939 ], [ -44.1182315, -9.78165539999998 ], [ -44.1183735, -9.77811829999996 ], [ -44.1177893, -9.771718199999951 ], [ -44.116285499999897, -9.770101599999981 ], [ -44.116038499999902, -9.76869039999997 ], [ -44.1186236, -9.76238189999998 ], [ -44.1194489, -9.76130709999995 ], [ -44.119924, -9.759742699999951 ], [ -44.119762799999897, -9.757224 ], [ -44.116422999999898, -9.75145839999993 ], [ -44.115399099999898, -9.746918 ], [ -44.1138996, -9.73586139999998 ], [ -44.115895599999902, -9.731435799999931 ], [ -44.1182299, -9.72961139999995 ], [ -44.123345, -9.72806409999993 ], [ -44.1254013, -9.725162799999961 ], [ -44.132345799999896, -9.71844909999993 ], [ -44.1350656, -9.714312799999959 ], [ -44.1415934999999, -9.706219 ], [ -44.1458964999999, -9.70257239999995 ], [ -44.150224799999897, -9.696551899999969 ], [ -44.151846299999903, -9.69247679999995 ], [ -44.1561809, -9.685635899999969 ], [ -44.159985699999901, -9.68480729999993 ], [ -44.162046599999897, -9.68329539999996 ], [ -44.167319099999901, -9.67724739999994 ], [ -44.1688131, -9.676318499999979 ], [ -44.1731465, -9.671978 ], [ -44.1753449, -9.66869179999998 ], [ -44.177322699999898, -9.666865199999959 ], [ -44.180776799999897, -9.665236199999979 ], [ -44.1879534, -9.65943969999995 ], [ -44.068339599999902, -9.598745199999939 ], [ -44.0679698, -9.59855749999997 ], [ -44.0434451, -9.586111 ], [ -43.9252364, -9.52709259999995 ], [ -43.9249834, -9.52696629999997 ], [ -43.7861763, -9.45764609999998 ], [ -43.7934519, -9.468482 ], [ -43.7994477, -9.479651899999959 ], [ -43.8052837, -9.485342499999939 ], [ -43.8163081, -9.49195679999997 ], [ -43.818433, -9.49424189999996 ], [ -43.8210377999999, -9.49992629999997 ], [ -43.8223379, -9.502763399999941 ], [ -43.8275308999999, -9.51102 ], [ -43.8294997, -9.51538779999993 ], [ -43.8310865, -9.516957399999971 ], [ -43.8327077, -9.519605 ], [ -43.8345121, -9.52109089999993 ], [ -43.8378918, -9.525233 ], [ -43.8424158, -9.537582399999961 ], [ -43.849693199999898, -9.54805239999996 ], [ -43.8504806, -9.54969629999994 ], [ -43.8513508999999, -9.552129199999969 ], [ -43.852581299999898, -9.562138399999981 ], [ -43.850067, -9.567736599999931 ], [ -43.849457599999901, -9.570524699999959 ], [ -43.843761099999902, -9.580873099999961 ], [ -43.8419316, -9.58485839999997 ], [ -43.8417388, -9.585453199999961 ], [ -43.8415459, -9.586048 ], [ -43.840481, -9.596152899999939 ], [ -43.840896799999904, -9.60132359999994 ], [ -43.842732899999902, -9.609717399999971 ], [ -43.8426512, -9.61266979999994 ], [ -43.8365332, -9.615827899999941 ], [ -43.835048099999902, -9.616836899999949 ], [ -43.833978, -9.61792969999993 ], [ -43.833774199999901, -9.61999879999996 ], [ -43.8338214, -9.621182199999961 ], [ -43.8343121999999, -9.622587 ], [ -43.8358719, -9.624118099999979 ], [ -43.8387346, -9.625031299999931 ], [ -43.8401716, -9.62652319999995 ], [ -43.8420407999999, -9.634163499999939 ], [ -43.8419522, -9.63742759999997 ], [ -43.8411899, -9.638764 ], [ -43.8373386, -9.64253779999996 ], [ -43.8322059, -9.645821 ], [ -43.8284952, -9.64744389999993 ], [ -43.826837699999899, -9.64953039999995 ], [ -43.8202156, -9.660188499999951 ], [ -43.814124, -9.67184139999995 ], [ -43.810113199999897, -9.67806409999997 ], [ -43.8050681, -9.68495559999997 ], [ -43.7997867999999, -9.692169799999929 ], [ -43.7997698, -9.69219309999994 ], [ -43.7996924999999, -9.692298699999981 ], [ -43.7995496, -9.692493899999929 ], [ -43.797260299999898, -9.696497299999979 ], [ -43.794477399999899, -9.705044399999959 ], [ -43.793470899999903, -9.711953 ], [ -43.793372799999901, -9.71522029999994 ], [ -43.794066, -9.71821509999995 ], [ -43.797406099999897, -9.724779799999959 ], [ -43.797662699999897, -9.72768039999994 ], [ -43.7945607999999, -9.73502829999995 ], [ -43.7906464, -9.748807899999971 ], [ -43.787756499999901, -9.754333199999961 ], [ -43.7849217999999, -9.762385 ], [ -43.783154, -9.76382649999994 ], [ -43.7779102, -9.766598199999979 ], [ -43.767176999999897, -9.77069559999995 ], [ -43.7657019, -9.772131199999929 ], [ -43.7635321, -9.77660289999994 ], [ -43.761568399999902, -9.77788149999998 ], [ -43.7498906, -9.783260699999969 ], [ -43.735399399999899, -9.788773699999981 ], [ -43.733172599999897, -9.78982779999996 ], [ -43.7254566, -9.79256259999994 ], [ -43.7214276, -9.79335709999998 ], [ -43.7198812, -9.79440279999994 ], [ -43.7193435, -9.79966929999995 ], [ -43.7185332, -9.801704 ], [ -43.7178178, -9.80242179999993 ], [ -43.714780899999901, -9.80298119999998 ], [ -43.7116458, -9.804698 ], [ -43.708396, -9.80570689999996 ], [ -43.706365199999901, -9.80585009999993 ], [ -43.7017321, -9.80468669999993 ], [ -43.6972554, -9.80430089999993 ], [ -43.693461, -9.80525769999997 ], [ -43.6885055, -9.80822769999997 ], [ -43.686835099999897, -9.81002619999998 ], [ -43.6849637, -9.813381399999971 ], [ -43.6828715, -9.81574509999996 ], [ -43.677698399999898, -9.817921 ], [ -43.6714716, -9.81943659999996 ], [ -43.664845699999901, -9.823654799999931 ], [ -43.6591195, -9.831398 ], [ -43.6548963, -9.83602439999993 ], [ -43.653245, -9.839055299999931 ], [ -43.6524782, -9.84357029999995 ], [ -43.6535387, -9.84525739999998 ], [ -43.657361799999897, -9.848923399999929 ], [ -43.6630335, -9.85308949999995 ], [ -43.6652616, -9.855876399999939 ], [ -43.6659468, -9.86047929999995 ], [ -43.666397399999902, -9.86904859999993 ], [ -43.6695884, -9.87402159999994 ], [ -43.6721194, -9.87703809999994 ], [ -43.6744193, -9.87896759999995 ], [ -43.676091, -9.883926899999951 ], [ -43.6774485, -9.88652779999995 ], [ -43.6797842, -9.88736679999994 ], [ -43.682978299999903, -9.88751049999996 ], [ -43.6897539, -9.88885119999998 ], [ -43.6930341999999, -9.89012639999993 ], [ -43.6946225, -9.89125179999996 ], [ -43.695118099999902, -9.89237359999993 ], [ -43.695287199999903, -9.897980599999929 ], [ -43.6964244, -9.90120459999997 ], [ -43.6981139, -9.902854 ], [ -43.705475, -9.90637989999993 ], [ -43.707532699999902, -9.908535499999971 ], [ -43.7090353, -9.91321949999997 ], [ -43.709027799999902, -9.915801699999969 ], [ -43.7082038, -9.91983039999997 ], [ -43.7061768, -9.922053299999961 ], [ -43.703195, -9.92368179999994 ], [ -43.692838499999901, -9.925527 ], [ -43.6920249, -9.926140299999931 ], [ -43.6912292, -9.92674 ], [ -43.690454, -9.929499199999951 ], [ -43.6895646, -9.93906509999994 ], [ -43.6904744, -9.941653699999961 ], [ -43.7025603, -9.961078199999969 ], [ -43.7030131, -9.96325769999993 ], [ -43.7029527, -9.96611249999995 ], [ -43.7013236, -9.96885559999993 ], [ -43.6969008, -9.974092599999951 ], [ -43.689297, -9.977662699999939 ], [ -43.6872582, -9.980427799999971 ], [ -43.684676399999901, -9.982765 ], [ -43.674538299999902, -9.984926 ], [ -43.6699234, -9.98714479999995 ], [ -43.6697741999999, -9.98724459999994 ], [ -43.6663462, -9.98953869999997 ], [ -43.666345099999901, -9.989539399999961 ], [ -43.6663439, -9.98954019999996 ], [ -43.665173099999897, -9.991028 ], [ -43.6624505999999, -9.997987399999939 ], [ -43.6622836, -10.0040339 ], [ -43.6621314, -10.009544199999899 ], [ -43.6628271, -10.0118155 ], [ -43.6637567, -10.0132232 ], [ -43.665091, -10.014790199999901 ], [ -43.6664642, -10.0173343 ], [ -43.667834899999903, -10.0225824 ], [ -43.6682726, -10.0273248 ], [ -43.6684643, -10.0281497999999 ], [ -43.6694806, -10.0307551999999 ], [ -43.6734018, -10.0339276999999 ], [ -43.676447499999902, -10.0357155 ], [ -43.685286399999903, -10.0399932999999 ], [ -43.6902815, -10.044635099999899 ], [ -43.692531899999899, -10.0508866 ], [ -43.692858699999903, -10.052395299999899 ], [ -43.6930098, -10.0547731 ], [ -43.6927266, -10.059074899999899 ], [ -43.6927067, -10.0593767999999 ], [ -43.6927049, -10.0594053 ], [ -43.6928506, -10.059359299999899 ], [ -43.693110299999901, -10.059230199999901 ], [ -43.693418, -10.059104 ], [ -43.693691999999899, -10.059019 ], [ -43.693911, -10.058981 ], [ -43.694688, -10.058889 ], [ -43.695482, -10.058779 ], [ -43.696323, -10.058698999999899 ], [ -43.697657999999898, -10.058516 ], [ -43.698177, -10.058448 ], [ -43.698585, -10.05844 ], [ -43.699327, -10.05855 ], [ -43.699919, -10.058702 ], [ -43.700240999999899, -10.058681 ], [ -43.700671, -10.058572 ], [ -43.702022999999897, -10.057926 ], [ -43.70347, -10.057385 ], [ -43.704821, -10.057032 ], [ -43.705796, -10.056351999999899 ], [ -43.706579, -10.055682 ], [ -43.707287, -10.055087 ], [ -43.707518999999898, -10.05496 ], [ -43.708313, -10.054686 ], [ -43.708557, -10.054622 ], [ -43.709334, -10.054044 ], [ -43.70966, -10.05383 ], [ -43.710235, -10.053091 ], [ -43.710501, -10.052723 ], [ -43.71069, -10.052643 ], [ -43.713334, -10.052355 ], [ -43.714312999999898, -10.052208 ], [ -43.714674, -10.052259 ], [ -43.715064, -10.052381 ], [ -43.715841, -10.052297 ], [ -43.716768, -10.052111 ], [ -43.717309, -10.051883 ], [ -43.717922, -10.051602 ], [ -43.71912, -10.051402999999899 ], [ -43.720042, -10.051116 ], [ -43.721128, -10.050956 ], [ -43.722535999999899, -10.050999 ], [ -43.723373, -10.050999 ], [ -43.723892, -10.050923 ], [ -43.724218, -10.050872 ], [ -43.725398, -10.050809 ], [ -43.725761, -10.050699 ], [ -43.726259, -10.050449 ], [ -43.727237, -10.049858 ], [ -43.727818, -10.04923 ], [ -43.728127, -10.04893 ], [ -43.728333, -10.048571 ], [ -43.728843, -10.047739 ], [ -43.73027, -10.04511 ], [ -43.730897, -10.04405 ], [ -43.731563999999899, -10.04327 ], [ -43.731864, -10.042974 ], [ -43.732182, -10.042776 ], [ -43.733069999999898, -10.042227 ], [ -43.733418, -10.041858999999899 ], [ -43.734532, -10.041186 ], [ -43.73575, -10.040443 ], [ -43.736652, -10.039809 ], [ -43.737482, -10.039181 ], [ -43.739357, -10.037973 ], [ -43.74168, -10.036439 ], [ -43.743023999999899, -10.035379 ], [ -43.743241, -10.035181 ], [ -43.743525, -10.034742 ], [ -43.7439644, -10.034261899999899 ], [ -43.744763, -10.033707999999899 ], [ -43.745351, -10.033598 ], [ -43.74605, -10.033057 ], [ -43.746972, -10.032363 ], [ -43.748129999999897, -10.031421 ], [ -43.749229, -10.030404 ], [ -43.749662999999899, -10.029834 ], [ -43.749958999999897, -10.029319 ], [ -43.750644, -10.028538 ], [ -43.751623, -10.027558 ], [ -43.751888999999899, -10.027448999999899 ], [ -43.752502, -10.02742 ], [ -43.752824, -10.027356 ], [ -43.753597, -10.027327 ], [ -43.754162999999899, -10.027407 ], [ -43.754897, -10.027407 ], [ -43.755621, -10.027268999999899 ], [ -43.756312, -10.02713 ], [ -43.756634, -10.027024 ], [ -43.757445, -10.02667 ], [ -43.757638, -10.026660999999899 ], [ -43.758269, -10.026716 ], [ -43.759438, -10.026759 ], [ -43.759875, -10.026751 ], [ -43.760764, -10.026552 ], [ -43.761339, -10.026426 ], [ -43.762161, -10.026278999999899 ], [ -43.763366, -10.025915 ], [ -43.767729599999903, -10.0244374 ], [ -43.769066, -10.023983999999899 ], [ -43.769275999999898, -10.023997 ], [ -43.771189999999898, -10.024639 ], [ -43.77378, -10.02543 ], [ -43.776432, -10.026308 ], [ -43.77982, -10.027376 ], [ -43.78079, -10.027655 ], [ -43.781142, -10.027832 ], [ -43.783839999999898, -10.028647 ], [ -43.785440999999899, -10.029154 ], [ -43.786163, -10.029367 ], [ -43.786661, -10.029658 ], [ -43.787202, -10.029899 ], [ -43.787827999999898, -10.030043 ], [ -43.788262, -10.030211999999899 ], [ -43.789257, -10.030642 ], [ -43.790431, -10.031089 ], [ -43.79177, -10.031668 ], [ -43.792937, -10.032187 ], [ -43.793542, -10.032381 ], [ -43.794366, -10.032479 ], [ -43.794981999999898, -10.032535 ], [ -43.795935, -10.0324 ], [ -43.797055, -10.032197 ], [ -43.799637, -10.031732 ], [ -43.800812999999899, -10.031538 ], [ -43.801127999999899, -10.031536 ], [ -43.801673, -10.031629 ], [ -43.803479, -10.032499 ], [ -43.804807, -10.033035 ], [ -43.805957, -10.033575 ], [ -43.807172, -10.033973999999899 ], [ -43.809408, -10.034548 ], [ -43.81, -10.034612 ], [ -43.811381, -10.034499 ], [ -43.812845, -10.034288 ], [ -43.813162, -10.034270999999899 ], [ -43.81481, -10.034342 ], [ -43.815891, -10.034149 ], [ -43.816895, -10.034031 ], [ -43.818423, -10.034039 ], [ -43.819374, -10.033883999999899 ], [ -43.820524, -10.033521 ], [ -43.821318, -10.033331 ], [ -43.822263, -10.033038 ], [ -43.824804, -10.032489 ], [ -43.826016, -10.032418 ], [ -43.827866, -10.032442999999899 ], [ -43.829673, -10.032307999999899 ], [ -43.830775, -10.032074 ], [ -43.832058, -10.03177 ], [ -43.832496, -10.031732 ], [ -43.833001, -10.031805 ], [ -43.834048, -10.032008 ], [ -43.835712999999899, -10.032670999999899 ], [ -43.836300999999899, -10.032954 ], [ -43.83676, -10.033043 ], [ -43.837764999999898, -10.033005 ], [ -43.839466, -10.033412 ], [ -43.840440999999899, -10.034072 ], [ -43.842295, -10.035191 ], [ -43.843403, -10.035803 ], [ -43.843746, -10.035909 ], [ -43.844192, -10.036155 ], [ -43.846651, -10.037992 ], [ -43.847687, -10.038774 ], [ -43.849137, -10.04026 ], [ -43.8549426, -10.0432966 ], [ -43.8656051, -10.048859799999899 ], [ -43.8657137, -10.0489163999999 ], [ -43.866017199999902, -10.0490748 ], [ -43.8680735, -10.0501477 ], [ -43.8741218, -10.0484562999999 ], [ -43.8823477, -10.052055699999899 ], [ -43.88202, -10.0576313 ], [ -43.9106854, -10.0611852 ], [ -43.9188104999999, -10.0654263 ], [ -43.9359823, -10.0492184 ], [ -43.945212, -10.0351031 ], [ -43.95764, -10.028543 ], [ -43.95771, -10.028268 ], [ -43.957758, -10.027745 ], [ -43.957892, -10.027005 ], [ -43.957973, -10.026329 ], [ -43.958182, -10.025188 ], [ -43.958481999999897, -10.023651 ], [ -43.958933, -10.02158 ], [ -43.958992, -10.021173 ], [ -43.959035, -10.020957 ], [ -43.958981, -10.020629 ], [ -43.958895, -10.020122 ], [ -43.958884, -10.019795 ], [ -43.958895, -10.019435 ], [ -43.958906, -10.019219 ], [ -43.958831, -10.018939 ], [ -43.958756, -10.018543 ], [ -43.958638, -10.018041 ], [ -43.958551999999898, -10.017835 ], [ -43.958191999999897, -10.017042 ], [ -43.958032, -10.01672 ], [ -43.957999, -10.016583 ], [ -43.958048, -10.01643 ], [ -43.958261999999898, -10.016117999999899 ], [ -43.958407, -10.015886 ], [ -43.95852, -10.015532 ], [ -43.958949, -10.014253 ], [ -43.959056, -10.013836 ], [ -43.959001999999899, -10.01345 ], [ -43.959088, -10.013259999999899 ], [ -43.959308, -10.012959 ], [ -43.959598, -10.012679 ], [ -43.959823, -10.012468 ], [ -43.960054, -10.012314 ], [ -43.960274, -10.012188 ], [ -43.961507, -10.011422 ], [ -43.961665, -10.011168999999899 ], [ -43.961871, -10.011063 ], [ -43.961969, -10.011025 ], [ -43.962269, -10.010893 ], [ -43.962464, -10.0107821 ], [ -43.962540299999901, -10.0107214 ], [ -43.962629, -10.010613 ], [ -43.962854, -10.010207 ], [ -43.962935, -10.009832 ], [ -43.963047, -10.009245 ], [ -43.963053, -10.008907 ], [ -43.962967, -10.00858 ], [ -43.962994, -10.008315 ], [ -43.963037, -10.008051 ], [ -43.963149, -10.007835 ], [ -43.963353, -10.007497 ], [ -43.963466, -10.007127 ], [ -43.963493, -10.006995 ], [ -43.963466, -10.006572 ], [ -43.963471, -10.00634 ], [ -43.963524999999898, -10.005531 ], [ -43.963552, -10.004559 ], [ -43.963620999999897, -10.003846 ], [ -43.963642999999898, -10.003154 ], [ -43.963664, -10.002584 ], [ -43.963723, -10.002314 ], [ -43.963739, -10.002161 ], [ -43.963546, -10.001886 ], [ -43.963401, -10.001474 ], [ -43.963251, -10.001141 ], [ -43.963112, -10.000851 ], [ -43.962854, -10.000465 ], [ -43.962441, -9.999858 ], [ -43.962150999999899, -9.999398 ], [ -43.96183, -9.999113 ], [ -43.961379, -9.998817 ], [ -43.960875, -9.998193 ], [ -43.960585, -9.997655 ], [ -43.960557999999899, -9.99739 ], [ -43.960569, -9.99719 ], [ -43.960698, -9.996931 ], [ -43.960805, -9.99664 ], [ -43.960864, -9.996329 ], [ -43.960864, -9.995985 ], [ -43.960918, -9.995599 ], [ -43.96095, -9.995071 ], [ -43.960998, -9.994929 ], [ -43.960977, -9.994728 ], [ -43.961046, -9.994569 ], [ -43.961163999999897, -9.994374 ], [ -43.961368, -9.994157 ], [ -43.962092, -9.993603 ], [ -43.962355, -9.993381 ], [ -43.962538, -9.993275 ], [ -43.962741, -9.993132 ], [ -43.962939999999897, -9.992916 ], [ -43.963197, -9.992657 ], [ -43.963326, -9.992414 ], [ -43.963729, -9.991627 ], [ -43.963836, -9.991368 ], [ -43.963867999999898, -9.991257 ], [ -43.963836, -9.991072 ], [ -43.963745, -9.990581 ], [ -43.963675, -9.990311 ], [ -43.963718, -9.990042 ], [ -43.963857, -9.989799 ], [ -43.96404, -9.989582 ], [ -43.964312999999898, -9.98935 ], [ -43.964807, -9.98889 ], [ -43.964936, -9.988769 ], [ -43.965010999999897, -9.988615 ], [ -43.965075, -9.988203 ], [ -43.965145, -9.987654 ], [ -43.965231, -9.987316 ], [ -43.965386, -9.986972 ], [ -43.965755999999899, -9.986486 ], [ -43.965912, -9.986243 ], [ -43.966132, -9.985968 ], [ -43.966379, -9.985678 ], [ -43.966556, -9.985556 ], [ -43.966695, -9.985456 ], [ -43.966813, -9.985329 ], [ -43.966979, -9.984796 ], [ -43.967016999999899, -9.984584 ], [ -43.966968999999899, -9.984431 ], [ -43.96691, -9.984125 ], [ -43.966942, -9.983913 ], [ -43.966985, -9.983744 ], [ -43.967092, -9.983528 ], [ -43.967221, -9.983174 ], [ -43.967317, -9.982862 ], [ -43.967451, -9.982582 ], [ -43.967596, -9.982376 ], [ -43.96772, -9.982276 ], [ -43.967854, -9.982191 ], [ -43.967972, -9.982117 ], [ -43.968063, -9.982043 ], [ -43.968165, -9.9819 ], [ -43.968207999999898, -9.981721 ], [ -43.968235, -9.981552 ], [ -43.968315, -9.981388 ], [ -43.968374, -9.981224 ], [ -43.968396, -9.981008 ], [ -43.968319999999899, -9.980875 ], [ -43.968261, -9.980706 ], [ -43.968207999999898, -9.980284 ], [ -43.968219, -9.980041 ], [ -43.968277999999898, -9.979882 ], [ -43.968401, -9.979713 ], [ -43.968524, -9.979555 ], [ -43.968657999999898, -9.979386 ], [ -43.968792999999899, -9.97929 ], [ -43.968916, -9.979201 ], [ -43.968975, -9.979106 ], [ -43.969006299999897, -9.97911939999995 ], [ -43.969715, -9.979518 ], [ -43.96996, -9.979716 ], [ -43.970071, -9.979927 ], [ -43.970024, -9.980164 ], [ -43.970041, -9.980341 ], [ -43.970429, -9.980552 ], [ -43.970802, -9.980827 ], [ -43.971342999999898, -9.981038 ], [ -43.971871, -9.980911 ], [ -43.971982, -9.981 ], [ -43.972004, -9.981152 ], [ -43.971871, -9.981228 ], [ -43.971785, -9.981452 ], [ -43.971969, -9.981612 ], [ -43.972347, -9.981367 ], [ -43.972519, -9.981329 ], [ -43.972703, -9.981528 ], [ -43.972999, -9.981963 ], [ -43.973289, -9.982334 ], [ -43.973469, -9.982676 ], [ -43.973542, -9.982963 ], [ -43.973602, -9.983403 ], [ -43.973610999999899, -9.983897 ], [ -43.973700999999899, -9.984112 ], [ -43.973937, -9.984133 ], [ -43.974147, -9.9841 ], [ -43.974764999999898, -9.984345 ], [ -43.97533, -9.984349 ], [ -43.9756, -9.984391 ], [ -43.975912999999899, -9.984159 ], [ -43.975965, -9.983851 ], [ -43.976102, -9.983682 ], [ -43.976279, -9.983543 ], [ -43.976807, -9.983336 ], [ -43.977378, -9.983121 ], [ -43.977631, -9.982825 ], [ -43.977764, -9.982682 ], [ -43.977888, -9.982323 ], [ -43.978043, -9.982204 ], [ -43.978129, -9.982268 ], [ -43.978193, -9.982458 ], [ -43.978628, -9.98267 ], [ -43.978915, -9.982649 ], [ -43.979319, -9.982632 ], [ -43.979515999999897, -9.982678 ], [ -43.979568, -9.982847 ], [ -43.979619, -9.983025 ], [ -43.979799, -9.983071 ], [ -43.980077999999899, -9.983164 ], [ -43.980375, -9.983401 ], [ -43.980852, -9.983523 ], [ -43.981126, -9.98357 ], [ -43.981473999999899, -9.983519 ], [ -43.981701, -9.983591 ], [ -43.98195, -9.983739 ], [ -43.98198, -9.983992 ], [ -43.982101, -9.984453 ], [ -43.982774999999897, -9.984711 ], [ -43.983066999999899, -9.984706 ], [ -43.983222, -9.984778 ], [ -43.983423, -9.985053 ], [ -43.983625, -9.985425 ], [ -43.98378, -9.985724 ], [ -43.983981, -9.985822 ], [ -43.984612, -9.985771 ], [ -43.984827, -9.985788 ], [ -43.98526, -9.98605 ], [ -43.985543, -9.986492 ], [ -43.985578, -9.986763 ], [ -43.985701999999897, -9.987012 ], [ -43.985954999999898, -9.98732 ], [ -43.98626, -9.987489 ], [ -43.986887, -9.987776 ], [ -43.987324, -9.988038 ], [ -43.987762, -9.987937 ], [ -43.988468, -9.988203 ], [ -43.988775, -9.988452 ], [ -43.989, -9.988701 ], [ -43.989365, -9.988956 ], [ -43.989308999999899, -9.989117 ], [ -43.989128, -9.989307 ], [ -43.989274, -9.989432 ], [ -43.989481, -9.98945 ], [ -43.989753, -9.989643 ], [ -43.990238, -9.989786 ], [ -43.990582, -9.990091 ], [ -43.990762, -9.990078 ], [ -43.990882, -9.989968 ], [ -43.991048, -9.989935 ], [ -43.991242, -9.990053 ], [ -43.991237, -9.990336 ], [ -43.991078, -9.990649 ], [ -43.991044, -9.990902 ], [ -43.991082999999897, -9.991135 ], [ -43.991452, -9.991316 ], [ -43.991731, -9.991553 ], [ -43.991752, -9.991684 ], [ -43.991679, -9.991785 ], [ -43.991413, -9.992047 ], [ -43.99126, -9.992656 ], [ -43.991367, -9.992947 ], [ -43.991286, -9.993247 ], [ -43.990915, -9.993848 ], [ -43.990851, -9.994262 ], [ -43.991053, -9.994718 ], [ -43.991219999999899, -9.994953 ], [ -43.991425999999898, -9.995214 ], [ -43.991598, -9.995624 ], [ -43.991814, -9.995888 ], [ -43.992544, -9.996061 ], [ -43.993789, -9.99607 ], [ -43.994492, -9.995973 ], [ -43.995166, -9.996146 ], [ -43.996095, -9.996388 ], [ -43.996305999999898, -9.996307 ], [ -43.996678, -9.996405 ], [ -43.996794, -9.996329 ], [ -43.996983, -9.996126 ], [ -43.997159, -9.996025 ], [ -43.997489, -9.995974 ], [ -43.997811, -9.995856 ], [ -43.99812, -9.995721 ], [ -43.998416, -9.995365 ], [ -43.998669, -9.99517 ], [ -43.998982, -9.994989 ], [ -43.999249, -9.994689 ], [ -43.999562, -9.994347 ], [ -44.000017, -9.994262 ], [ -44.000317, -9.994266 ], [ -44.000608999999898, -9.9943 ], [ -44.000934, -9.994651 ], [ -44.001119, -9.99485 ], [ -44.001393, -9.994867 ], [ -44.001731999999897, -9.994753 ], [ -44.001887, -9.994567 ], [ -44.00193, -9.994364 ], [ -44.00211, -9.994136 ], [ -44.002273, -9.994064 ], [ -44.002319999999898, -9.994161 ], [ -44.002333, -9.994326 ], [ -44.002423, -9.994394 ], [ -44.002569, -9.994364 ], [ -44.002681, -9.994275 ], [ -44.002792, -9.994288 ], [ -44.002871899999903, -9.99449119999997 ], [ -44.002921, -9.994616 ], [ -44.00302, -9.994823 ], [ -44.003166, -9.994971 ], [ -44.003506, -9.995036 ], [ -44.003939, -9.99515 ], [ -44.004188, -9.995183 ], [ -44.00445, -9.99509 ], [ -44.0046, -9.995234 ], [ -44.004652, -9.995509 ], [ -44.004759, -9.995809 ], [ -44.004922, -9.995923 ], [ -44.005038, -9.995851 ], [ -44.005231, -9.995644 ], [ -44.005449999999897, -9.995665 ], [ -44.00569, -9.995787 ], [ -44.005921999999899, -9.995821 ], [ -44.006025, -9.995775 ], [ -44.006023, -9.995648 ], [ -44.006044, -9.995474 ], [ -44.006169, -9.99531 ], [ -44.006396, -9.995217 ], [ -44.006744, -9.99517 ], [ -44.007137999999898, -9.995183 ], [ -44.007275999999898, -9.995394 ], [ -44.007503, -9.995436 ], [ -44.007817, -9.995331 ], [ -44.008215999999898, -9.995086 ], [ -44.008266999999897, -9.994913 ], [ -44.00819, -9.994799 ], [ -44.007962, -9.994735 ], [ -44.008011, -9.994479 ], [ -44.008251, -9.994188 ], [ -44.008818, -9.993956 ], [ -44.00926, -9.993981 ], [ -44.009427, -9.99393 ], [ -44.009805, -9.993588 ], [ -44.010086, -9.993309 ], [ -44.010618, -9.992912 ], [ -44.011412, -9.992858 ], [ -44.011558, -9.992752 ], [ -44.011493, -9.992625 ], [ -44.011192999999899, -9.992503 ], [ -44.011176, -9.992389 ], [ -44.011279, -9.992304 ], [ -44.011479999999899, -9.992237 ], [ -44.011669, -9.992093 ], [ -44.011789, -9.991856 ], [ -44.012003999999898, -9.991878 ], [ -44.012017, -9.992245 ], [ -44.012077, -9.992465 ], [ -44.012363, -9.992614 ], [ -44.012694, -9.992703 ], [ -44.012836, -9.992851 ], [ -44.012745, -9.993108 ], [ -44.012709, -9.993273 ], [ -44.012855, -9.993531 ], [ -44.01325, -9.993915 ], [ -44.013408, -9.994152 ], [ -44.013503, -9.994241 ], [ -44.013579999999898, -9.994152 ], [ -44.013666, -9.993996 ], [ -44.013789, -9.993935 ], [ -44.014038, -9.99396 ], [ -44.014244, -9.994235 ], [ -44.014321, -9.994488 ], [ -44.014424, -9.994543 ], [ -44.014587999999897, -9.994501 ], [ -44.014708, -9.994535 ], [ -44.014819, -9.994674 ], [ -44.014974, -9.994712 ], [ -44.015200999999898, -9.994678 ], [ -44.015351, -9.994712 ], [ -44.015377, -9.994851 ], [ -44.015292, -9.99493 ], [ -44.015155, -9.995023 ], [ -44.015085999999897, -9.995129 ], [ -44.015078, -9.995361 ], [ -44.015164, -9.995543 ], [ -44.015330999999897, -9.995724 ], [ -44.015687, -9.995775 ], [ -44.015769, -9.995978 ], [ -44.015918999999897, -9.996274 ], [ -44.016078, -9.996375 ], [ -44.016936, -9.996413 ], [ -44.017291999999898, -9.996236 ], [ -44.017901, -9.9962 ], [ -44.018536, -9.996048 ], [ -44.019639, -9.996137 ], [ -44.021309, -9.996503 ], [ -44.0218543, -9.99664289999993 ], [ -44.022132999999897, -9.996748 ], [ -44.022219, -9.996963 ], [ -44.022334999999899, -9.997077 ], [ -44.022759999999899, -9.997221 ], [ -44.022961, -9.997326 ], [ -44.023283, -9.997858 ], [ -44.023708, -9.998468 ], [ -44.02403, -9.998688 ], [ -44.024222, -9.998675 ], [ -44.024638, -9.998464 ], [ -44.024878999999899, -9.9984 ], [ -44.025072, -9.998502 ], [ -44.025046, -9.998667 ], [ -44.024934, -9.998751 ], [ -44.024784, -9.998941 ], [ -44.024763, -9.999097 ], [ -44.024740999999899, -9.999651 ], [ -44.024861, -9.99982 ], [ -44.02575, -10.000086 ], [ -44.026277, -10.000155999999899 ], [ -44.026757, -10.00038 ], [ -44.02701, -10.000435 ], [ -44.02738, -10.000290999999899 ], [ -44.028083, -10.000269999999899 ], [ -44.028444, -10.000363 ], [ -44.028615, -10.000536 ], [ -44.028773999999899, -10.0009 ], [ -44.029066, -10.001124 ], [ -44.029336, -10.001166 ], [ -44.029615, -10.001335 ], [ -44.029829999999897, -10.001415 ], [ -44.030113, -10.001322 ], [ -44.030431, -10.001099 ], [ -44.030628, -10.001056 ], [ -44.030774, -10.001183 ], [ -44.0308, -10.001351999999899 ], [ -44.030684, -10.001631 ], [ -44.030645, -10.001901 ], [ -44.030847, -10.002104 ], [ -44.031246, -10.002155 ], [ -44.031525, -10.002003 ], [ -44.031843, -10.001948 ], [ -44.032089, -10.001828 ], [ -44.032643, -10.00163 ], [ -44.033042, -10.001641999999899 ], [ -44.033321, -10.001866 ], [ -44.033955999999897, -10.00201 ], [ -44.034566, -10.002474 ], [ -44.034802, -10.002685999999899 ], [ -44.034956, -10.002673 ], [ -44.035158, -10.002525 ], [ -44.035350999999899, -10.002483 ], [ -44.035483999999897, -10.002508 ], [ -44.035578, -10.002757 ], [ -44.035635, -10.003011 ], [ -44.035828, -10.003091 ], [ -44.03615, -10.003062 ], [ -44.036651999999897, -10.002951999999899 ], [ -44.036996, -10.002884 ], [ -44.037142, -10.002973 ], [ -44.037159, -10.003184 ], [ -44.037086, -10.003395 ], [ -44.036901, -10.003505 ], [ -44.036879999999897, -10.003632 ], [ -44.036969999999897, -10.003678 ], [ -44.037196, -10.003599 ], [ -44.037518, -10.003396 ], [ -44.037836, -10.003282 ], [ -44.03808, -10.003312 ], [ -44.038294999999898, -10.003535999999899 ], [ -44.03857, -10.003599 ], [ -44.038770999999898, -10.003485 ], [ -44.038939, -10.003264999999899 ], [ -44.039285999999898, -10.003168 ], [ -44.039492, -10.003041999999899 ], [ -44.039608, -10.002792 ], [ -44.039746, -10.002784 ], [ -44.039823, -10.002885 ], [ -44.039771, -10.003164 ], [ -44.039693999999898, -10.00351 ], [ -44.039595, -10.00384 ], [ -44.039527, -10.004317 ], [ -44.039591, -10.004541 ], [ -44.039801, -10.004735 ], [ -44.040079999999897, -10.004871 ], [ -44.040359, -10.004933999999899 ], [ -44.040458, -10.005107 ], [ -44.040424, -10.005289 ], [ -44.040226, -10.005415 ], [ -44.040222, -10.005568 ], [ -44.040338, -10.0058 ], [ -44.040551999999899, -10.006117 ], [ -44.040879, -10.006362 ], [ -44.041085, -10.006611 ], [ -44.041239, -10.006958 ], [ -44.041182999999897, -10.007178 ], [ -44.040976999999899, -10.00744 ], [ -44.040982, -10.007685 ], [ -44.04093, -10.007845 ], [ -44.040703, -10.008032 ], [ -44.040398, -10.00818 ], [ -44.040153, -10.008416 ], [ -44.03975, -10.009198 ], [ -44.039664, -10.009603 ], [ -44.039711, -10.009764 ], [ -44.039873999999898, -10.009798 ], [ -44.040085, -10.009827 ], [ -44.040381, -10.009698 ], [ -44.040616999999898, -10.009668 ], [ -44.040844, -10.009727 ], [ -44.04087, -10.009929999999899 ], [ -44.040836, -10.010154 ], [ -44.040814, -10.010669 ], [ -44.040831, -10.010855 ], [ -44.041179, -10.011147 ], [ -44.041265, -10.01138 ], [ -44.04126, -10.011693 ], [ -44.041192, -10.01193 ], [ -44.041221999999898, -10.012132999999899 ], [ -44.041411, -10.012302 ], [ -44.041569, -10.012526 ], [ -44.041561, -10.012881 ], [ -44.041471, -10.013181 ], [ -44.041299, -10.013405 ], [ -44.041092999999897, -10.013515 ], [ -44.040825, -10.013609 ], [ -44.040567, -10.013584 ], [ -44.04034, -10.013646999999899 ], [ -44.040173, -10.013829 ], [ -44.040108, -10.014095 ], [ -44.040143, -10.014303 ], [ -44.040034999999897, -10.014455 ], [ -44.039846, -10.014593999999899 ], [ -44.039834, -10.014835 ], [ -44.039992, -10.015055 ], [ -44.040065, -10.01544 ], [ -44.040384, -10.016397 ], [ -44.04059, -10.017086 ], [ -44.04059, -10.017399 ], [ -44.040491, -10.017543 ], [ -44.040211999999897, -10.017674 ], [ -44.03977, -10.018011999999899 ], [ -44.03968, -10.018177 ], [ -44.0398, -10.01841 ], [ -44.040005999999899, -10.018499 ], [ -44.04045, -10.018631 ], [ -44.040789, -10.018796 ], [ -44.040931, -10.019041 ], [ -44.040861999999898, -10.019223 ], [ -44.040691, -10.019363 ], [ -44.040498, -10.019497999999899 ], [ -44.040425, -10.019663 ], [ -44.040472, -10.019866 ], [ -44.040609, -10.020073 ], [ -44.040793999999899, -10.020073 ], [ -44.041017, -10.019984 ], [ -44.041153999999899, -10.019988 ], [ -44.041236, -10.020136 ], [ -44.041264, -10.020435 ], [ -44.041314999999898, -10.020841 ], [ -44.041259, -10.021129 ], [ -44.041354, -10.021289 ], [ -44.041654, -10.021365 ], [ -44.04198, -10.02159 ], [ -44.042109, -10.021906999999899 ], [ -44.042225, -10.022173 ], [ -44.042491, -10.02238 ], [ -44.042694, -10.022893 ], [ -44.043076, -10.023907999999899 ], [ -44.043217, -10.024115 ], [ -44.043599, -10.024386 ], [ -44.043926, -10.024876 ], [ -44.044269, -10.025103999999899 ], [ -44.0459963, -10.020362299999899 ], [ -44.057469099999899, -10.0145706 ], [ -44.0607631, -10.016365899999901 ], [ -44.064642, -10.021223099999901 ] ] ] ] } },
{ "type": "Feature", "properties": { "CD_MUN": "2206605", "NM_MUN": "Monte Alegre do Piauí", "CD_RGI": "220015", "NM_RGI": "Corrente", "CD_RGINT": "2205", "NM_RGINT": "Corrente - Bom Jesus", "CD_UF": "22", "NM_UF": "Piauí", "SIGLA_UF": "PI", "CD_REGIAO": "2", "NM_REGIAO": "Nordeste", "SIGLA_RG": "NE", "CD_CONCURB": null, "NM_CONCURB": null, "AREA_KM2": 2417.394 }, "geometry": { "type": "MultiPolygon", "coordinates": [ [ [ [ -45.088310099999902, -9.805271799999961 ], [ -45.0908828, -9.802314299999979 ], [ -45.099960399999901, -9.79504929999996 ], [ -45.1086129, -9.794198 ], [ -45.1258121, -9.795960399999959 ], [ -45.1550803, -9.80442629999993 ], [ -45.1655491, -9.804264199999979 ], [ -45.1809241999999, -9.800969899999931 ], [ -45.1888286, -9.80266159999996 ], [ -45.197819099999897, -9.806997199999961 ], [ -45.2338015, -9.82119829999993 ], [ -45.2468307, -9.822989099999971 ], [ -45.2506736, -9.822192199999961 ], [ -45.266683199999903, -9.810786 ], [ -45.2759687, -9.80272439999993 ], [ -45.277355199999903, -9.80198159999998 ], [ -45.278528499999901, -9.802509599999951 ], [ -45.2806669, -9.805794099999961 ], [ -45.283554299999899, -9.80844219999994 ], [ -45.2847295, -9.808971 ], [ -45.285763099999897, -9.808464599999979 ], [ -45.2871848999999, -9.807768 ], [ -45.2910236, -9.80448059999998 ], [ -45.29892, -9.799388299999981 ], [ -45.3035098, -9.798325 ], [ -45.305856199999901, -9.79678539999998 ], [ -45.3064946, -9.79424279999995 ], [ -45.3071289, -9.785870799999939 ], [ -45.3082267, -9.780611199999949 ], [ -45.310644099999898, -9.778093 ], [ -45.3162958, -9.77647119999995 ], [ -45.3218105999999, -9.77488819999996 ], [ -45.3218729, -9.77487029999998 ], [ -45.321891999999899, -9.77486479999993 ], [ -45.3219715, -9.774842 ], [ -45.3224848, -9.774694599999981 ], [ -45.325587, -9.77310929999993 ], [ -45.3262172, -9.77167 ], [ -45.3271621, -9.76368819999993 ], [ -45.32918, -9.746631 ], [ -45.330779, -9.74333959999996 ], [ -45.3319508, -9.74196219999993 ], [ -45.3314151, -9.740055299999939 ], [ -45.3245793, -9.732595199999929 ], [ -45.311227899999899, -9.71656019999995 ], [ -45.3066335, -9.70999739999996 ], [ -45.300968899999901, -9.698881799999979 ], [ -45.3000056, -9.69301229999996 ], [ -45.3009632, -9.691308499999931 ], [ -45.305123, -9.688443599999969 ], [ -45.3120519, -9.685122 ], [ -45.3226122, -9.682465199999969 ], [ -45.3333875, -9.683512499999949 ], [ -45.3346663, -9.682558799999979 ], [ -45.3350910999999, -9.681394199999939 ], [ -45.3348721, -9.679640199999939 ], [ -45.3243105, -9.66288139999995 ], [ -45.3242069, -9.66271709999995 ], [ -45.3016413, -9.626915299999951 ], [ -45.2609793, -9.56240219999995 ], [ -45.1148216, -9.330529699999939 ], [ -45.0618224, -9.354086499999941 ], [ -44.988065499999898, -9.38686949999993 ], [ -44.9878442999999, -9.386967699999961 ], [ -44.968513099999903, -9.39555079999997 ], [ -44.817755, -9.46240439999997 ], [ -44.7435627, -9.50832049999997 ], [ -44.7406523, -9.510119799999931 ], [ -44.6800774, -9.547569599999971 ], [ -44.679710999999898, -9.54777149999995 ], [ -44.679672099999898, -9.54777749999994 ], [ -44.6796689, -9.547778 ], [ -44.6776841, -9.548084 ], [ -44.6757054, -9.54886919999996 ], [ -44.6739719, -9.549946499999979 ], [ -44.670212799999902, -9.553281 ], [ -44.6694199, -9.55524119999995 ], [ -44.6693695, -9.556911299999969 ], [ -44.668809199999899, -9.55912949999993 ], [ -44.668313699999899, -9.560480699999969 ], [ -44.667250099999897, -9.56168189999994 ], [ -44.666482899999899, -9.56187769999997 ], [ -44.6660962999999, -9.56292739999998 ], [ -44.6586902, -9.583036499999929 ], [ -44.806619199999901, -9.68052119999993 ], [ -44.82422, -9.649697 ], [ -44.82443, -9.649854 ], [ -44.825185, -9.651186 ], [ -44.825626999999898, -9.651503 ], [ -44.828095, -9.651685 ], [ -44.830241999999899, -9.651984 ], [ -44.832207, -9.653016 ], [ -44.833525, -9.653685 ], [ -44.83549, -9.654514 ], [ -44.83737, -9.65612 ], [ -44.839224, -9.658437 ], [ -44.840308, -9.660962 ], [ -44.840994, -9.662214 ], [ -44.841749999999898, -9.663347 ], [ -44.842004, -9.664293 ], [ -44.841819, -9.66535 ], [ -44.840965, -9.666589 ], [ -44.840262, -9.667135 ], [ -44.838701, -9.668118 ], [ -44.83798, -9.668642 ], [ -44.837851, -9.669217 ], [ -44.838443, -9.669953 ], [ -44.839276, -9.67024 ], [ -44.844065999999899, -9.670611 ], [ -44.847229, -9.671321 ], [ -44.848517, -9.671492 ], [ -44.848732, -9.671779 ], [ -44.848698, -9.672227 ], [ -44.848568999999898, -9.672692 ], [ -44.847762, -9.673699 ], [ -44.846282, -9.675629 ], [ -44.844891, -9.678894 ], [ -44.843913, -9.681853 ], [ -44.844376, -9.684725 ], [ -44.845371999999898, -9.686315 ], [ -44.846711, -9.688327 ], [ -44.847569, -9.690594 ], [ -44.848101, -9.691422 ], [ -44.848078, -9.692209 ], [ -44.847769, -9.692682 ], [ -44.846627, -9.693384 ], [ -44.844258, -9.694373 ], [ -44.842644, -9.69554 ], [ -44.841951, -9.696753 ], [ -44.841471, -9.699138 ], [ -44.841351, -9.700846 ], [ -44.842226, -9.70323 ], [ -44.843342, -9.70553 ], [ -44.844825, -9.707512 ], [ -44.846781, -9.709685 ], [ -44.848335, -9.712442 ], [ -44.848646, -9.713334 ], [ -44.84856, -9.713993 ], [ -44.848182999999899, -9.714788 ], [ -44.846569, -9.717003 ], [ -44.845573, -9.719726 ], [ -44.845359, -9.722672 ], [ -44.846801, -9.727103 ], [ -44.849246999999899, -9.732147 ], [ -44.850774999999899, -9.734514 ], [ -44.852131, -9.735647 ], [ -44.854155999999897, -9.736425 ], [ -44.856786999999898, -9.736814 ], [ -44.861971, -9.73919 ], [ -44.865386999999899, -9.740813 ], [ -44.868595, -9.742091 ], [ -44.86905, -9.742944 ], [ -44.868638, -9.744449 ], [ -44.864834, -9.748427 ], [ -44.863787, -9.750203 ], [ -44.863345, -9.752393 ], [ -44.863396, -9.757026 ], [ -44.863602, -9.759343 ], [ -44.86446, -9.760695 ], [ -44.865817, -9.761219 ], [ -44.869627, -9.760087 ], [ -44.872872, -9.758802 ], [ -44.874211, -9.758649 ], [ -44.87488, -9.759123 ], [ -44.874949, -9.760323 ], [ -44.873064999999897, -9.7644 ], [ -44.872687, -9.766767 ], [ -44.872808, -9.769252 ], [ -44.873562999999898, -9.771556 ], [ -44.875194, -9.77454 ], [ -44.877884, -9.778472 ], [ -44.879755, -9.779926 ], [ -44.881678, -9.780112 ], [ -44.887273999999898, -9.779486 ], [ -44.890519, -9.778549 ], [ -44.896098, -9.776266 ], [ -44.898518, -9.775658 ], [ -44.900595, -9.776317 ], [ -44.905032999999897, -9.779016 ], [ -44.905667999999899, -9.779557 ], [ -44.906011, -9.781383 ], [ -44.906097, -9.783716 ], [ -44.904754, -9.789689 ], [ -44.904016, -9.792623 ], [ -44.903376, -9.79609 ], [ -44.903304999999897, -9.79741 ], [ -44.903788, -9.798096 ], [ -44.904834999999899, -9.798637 ], [ -44.908346, -9.799457 ], [ -44.909765999999898, -9.799677 ], [ -44.910453, -9.799186 ], [ -44.912427, -9.795906 ], [ -44.913542999999898, -9.794892 ], [ -44.914555999999898, -9.794402 ], [ -44.915238, -9.794547 ], [ -44.917899, -9.798072 ], [ -44.919877, -9.800771 ], [ -44.921666, -9.802014 ], [ -44.923283, -9.802491 ], [ -44.924508, -9.802268 ], [ -44.925958, -9.801076 ], [ -44.926465, -9.800223 ], [ -44.926834, -9.79887 ], [ -44.926374, -9.797527 ], [ -44.926786, -9.797037 ], [ -44.928143, -9.796902 ], [ -44.930065, -9.797257 ], [ -44.934786, -9.799863 ], [ -44.938459, -9.802255 ], [ -44.941279, -9.803534 ], [ -44.943647999999897, -9.805377 ], [ -44.945045, -9.806643 ], [ -44.946161, -9.809897 ], [ -44.949811, -9.815783 ], [ -44.952131999999899, -9.819008 ], [ -44.954621, -9.822084 ], [ -44.956389, -9.823744 ], [ -44.957380999999899, -9.823966 ], [ -44.9584783, -9.823700899999951 ], [ -44.960145, -9.822175 ], [ -44.961568999999898, -9.821854 ], [ -44.962719, -9.821668 ], [ -44.965449, -9.821887 ], [ -44.969307, -9.821067 ], [ -44.971418, -9.82078 ], [ -44.973762, -9.819977 ], [ -44.974654, -9.819335 ], [ -44.975152, -9.818684 ], [ -44.975422, -9.817892 ], [ -44.975507999999898, -9.816776 ], [ -44.975937, -9.816184 ], [ -44.977035999999899, -9.815948 ], [ -44.9781, -9.815948 ], [ -44.980177, -9.815897 ], [ -44.981036, -9.816117 ], [ -44.982233999999899, -9.816919 ], [ -44.983277, -9.818013 ], [ -44.98359, -9.818229 ], [ -44.983825, -9.818215 ], [ -44.984169, -9.817928 ], [ -44.984597999999899, -9.816913 ], [ -44.985095999999899, -9.816372 ], [ -44.986091, -9.81622 ], [ -44.986606, -9.815798 ], [ -44.986881, -9.814699 ], [ -44.986778, -9.813262 ], [ -44.986484, -9.811314 ], [ -44.986741, -9.810714 ], [ -44.988261, -9.809868 ], [ -44.990398, -9.809302 ], [ -44.992355, -9.809344 ], [ -44.99499, -9.80975 ], [ -44.999343, -9.81162 ], [ -45.003498, -9.812753 ], [ -45.006844999999899, -9.813243 ], [ -45.008080999999898, -9.813226 ], [ -45.00863, -9.812702 ], [ -45.008768, -9.812026 ], [ -45.008463, -9.811297 ], [ -45.00769, -9.810317 ], [ -45.007416, -9.809404 ], [ -45.007553, -9.808153 ], [ -45.008094, -9.807434 ], [ -45.008978, -9.806944 ], [ -45.009802, -9.806674 ], [ -45.011746, -9.806777 ], [ -45.015667999999899, -9.807673 ], [ -45.017336, -9.807858 ], [ -45.020463999999897, -9.808196 ], [ -45.02152, -9.808657 ], [ -45.022382, -9.8096 ], [ -45.023859, -9.810995 ], [ -45.025377999999897, -9.811274 ], [ -45.026587999999897, -9.811865 ], [ -45.027406, -9.813135 ], [ -45.028779, -9.815654 ], [ -45.029981, -9.816702 ], [ -45.033636999999899, -9.817699 ], [ -45.03501, -9.818697 ], [ -45.036933, -9.819339 ], [ -45.037826, -9.819339 ], [ -45.040092, -9.818375 ], [ -45.04234, -9.818088 ], [ -45.043748, -9.817429 ], [ -45.046439, -9.815468 ], [ -45.047331, -9.815011 ], [ -45.048927999999897, -9.815299 ], [ -45.050559, -9.815231 ], [ -45.052001, -9.814555 ], [ -45.053181, -9.813537 ], [ -45.055438, -9.810571 ], [ -45.056511, -9.809632 ], [ -45.057119999999898, -9.809582 ], [ -45.057642, -9.810557 ], [ -45.057736, -9.811072 ], [ -45.05764, -9.812021 ], [ -45.057262, -9.814151 ], [ -45.057159, -9.815435 ], [ -45.057331, -9.816923 ], [ -45.058601, -9.819898 ], [ -45.058953, -9.821184 ], [ -45.059261999999897, -9.823652 ], [ -45.05976, -9.824388 ], [ -45.060549, -9.824861 ], [ -45.061502, -9.824895 ], [ -45.062712, -9.824337 ], [ -45.06327, -9.82383 ], [ -45.064111, -9.822748 ], [ -45.064143999999899, -9.821969 ], [ -45.064101999999899, -9.820275 ], [ -45.064196, -9.819455 ], [ -45.065824, -9.817046 ], [ -45.067111, -9.814603 ], [ -45.067883, -9.813369 ], [ -45.06839, -9.81298 ], [ -45.068981999999899, -9.813039 ], [ -45.069386, -9.813394 ], [ -45.069746, -9.81462 ], [ -45.069969, -9.81724 ], [ -45.070278, -9.817671 ], [ -45.07075, -9.817747 ], [ -45.071291, -9.817587 ], [ -45.072488, -9.816835 ], [ -45.074651, -9.815702 ], [ -45.076591, -9.814333 ], [ -45.076677, -9.81386 ], [ -45.076557, -9.813352 ], [ -45.075578, -9.812676 ], [ -45.073741, -9.811966 ], [ -45.071458, -9.811138 ], [ -45.071064, -9.810614 ], [ -45.070909, -9.809853 ], [ -45.07137, -9.808547 ], [ -45.072143, -9.806713 ], [ -45.072519999999898, -9.806349 ], [ -45.073405, -9.806121 ], [ -45.075736999999897, -9.807436 ], [ -45.078878, -9.809465 ], [ -45.079907999999897, -9.809803 ], [ -45.080612, -9.809617 ], [ -45.081419, -9.808636 ], [ -45.08358, -9.807572 ], [ -45.084680999999897, -9.8072 ], [ -45.086449, -9.8072 ], [ -45.086991899999902, -9.80678719999997 ], [ -45.088310099999902, -9.805271799999961 ] ] ] ] } }
]
}
