{
"type": "FeatureCollection",
"name": "floriano",
"crs": { "type": "name", "properties": { "name": "urn:ogc:def:crs:EPSG::4674" } },
"features": [
{ "type": "Feature", "properties": { "CD_MUN": "2206001", "NM_MUN": "Marcos Parente", "CD_RGI": "220017", "NM_RGI": "Floriano", "CD_RGINT": "2206", "NM_RGINT": "Floriano", "CD_UF": "22", "NM_UF": "Piauí", "SIGLA_UF": "PI", "CD_REGIAO": "2", "NM_REGIAO": "Nordeste", "SIGLA_RG": "NE", "CD_CONCURB": null, "NM_CONCURB": null, "AREA_KM2": 677.416 }, "geometry": { "type": "MultiPolygon", "coordinates": [ [ [ [ -44.0483065, -7.220427 ], [ -44.008826999999897, -7.09555029999996 ], [ -44.0081172, -7.09330659999995 ], [ -44.0071566, -7.09027049999997 ], [ -43.9899121, -7.00452329999996 ], [ -43.990318499999901, -6.99270879999995 ], [ -43.990319699999901, -6.99267289999995 ], [ -43.9905916, -6.98476089999997 ], [ -43.984133, -6.97877859999994 ], [ -43.981353199999901, -6.97877569999997 ], [ -43.981342, -6.99033179999998 ], [ -43.935201, -6.99045169999994 ], [ -43.9352273, -6.96641279999994 ], [ -43.9345973, -6.96624639999993 ], [ -43.933200699999901, -6.96632579999994 ], [ -43.9327483, -6.96665389999993 ], [ -43.9318051, -6.96644619999995 ], [ -43.9310664, -6.96615629999997 ], [ -43.930450699999902, -6.96578529999994 ], [ -43.9298352, -6.965825 ], [ -43.929095, -6.96619419999996 ], [ -43.928641899999903, -6.96693209999995 ], [ -43.9283919, -6.96849379999998 ], [ -43.9273224, -6.96931309999997 ], [ -43.9262952999999, -6.96963979999992 ], [ -43.925350299999899, -6.96959679999998 ], [ -43.9249818, -6.96934859999993 ], [ -43.9249002, -6.96910189999994 ], [ -43.925353399999899, -6.96832219999993 ], [ -43.9249856, -6.96774619999997 ], [ -43.9241646, -6.96753739999997 ], [ -43.9237952, -6.96724989999996 ], [ -43.923595799999902, -6.96465979999994 ], [ -43.923228, -6.96404189999993 ], [ -43.922571699999899, -6.96371189999996 ], [ -43.921585999999898, -6.96366809999995 ], [ -43.920684999999899, -6.96276189999998 ], [ -43.920110099999903, -6.96255479999996 ], [ -43.9188783, -6.96271689999998 ], [ -43.917439499999901, -6.96345449999995 ], [ -43.9159169, -6.96484779999997 ], [ -43.9146334, -6.96559839999998 ], [ -43.9146153, -6.96568539999993 ], [ -43.9121665, -6.96742069999993 ], [ -43.909532, -6.96844759999993 ], [ -43.9084035, -6.96835259999995 ], [ -43.907589, -6.96792659999994 ], [ -43.9073404, -6.96719729999995 ], [ -43.908283599999898, -6.963508 ], [ -43.905537599999903, -6.96022859999994 ], [ -43.8988945, -6.95936029999996 ], [ -43.8976423, -6.95820189999995 ], [ -43.8962023999999, -6.95798459999997 ], [ -43.893824299999899, -6.95560989999996 ], [ -43.8920021, -6.95645329999996 ], [ -43.8878079, -6.95422569999994 ], [ -43.8848624, -6.95440069999995 ], [ -43.884047199999898, -6.95354719999995 ], [ -43.884733299999901, -6.95203679999997 ], [ -43.8838661, -6.95032269999996 ], [ -43.880598099999901, -6.94967859999997 ], [ -43.8767811, -6.95051919999997 ], [ -43.8754015, -6.95027289999996 ], [ -43.8737126, -6.94947759999997 ], [ -43.869960499999898, -6.94517969999993 ], [ -43.8685196, -6.94450809999995 ], [ -43.8637722, -6.94664549999993 ], [ -43.8610479, -6.94902219999994 ], [ -43.8569673, -6.95095689999994 ], [ -43.8548991, -6.95049649999993 ], [ -43.8535227, -6.94951989999993 ], [ -43.8530873, -6.94806 ], [ -43.8507076, -6.94702039999993 ], [ -43.8502089, -6.94568109999994 ], [ -43.8478926, -6.94418509999997 ], [ -43.845260499999902, -6.94326569999993 ], [ -43.8342279, -6.94260019999996 ], [ -43.8309082, -6.941254 ], [ -43.8247633, -6.94175569999993 ], [ -43.8252052, -6.94066159999994 ], [ -43.8249562, -6.93974889999993 ], [ -43.824268, -6.93913949999995 ], [ -43.821635199999903, -6.93913289999995 ], [ -43.8211345, -6.93876619999998 ], [ -43.818638, -6.93356009999997 ], [ -43.8139442, -6.93459319999994 ], [ -43.8139169, -6.93460429999993 ], [ -43.813657799999902, -6.93466159999997 ], [ -43.796497299999899, -6.93845559999994 ], [ -43.7242979, -6.95441819999996 ], [ -43.7484823, -6.99281979999995 ], [ -43.758635899999902, -7.01016569999996 ], [ -43.7815911, -7.04994609999994 ], [ -43.7970963, -7.06636659999998 ], [ -43.7601180999999, -7.09368049999995 ], [ -43.7605387999999, -7.094304 ], [ -43.7613755, -7.09499079999995 ], [ -43.7622114, -7.09627859999995 ], [ -43.763446799999898, -7.09662509999993 ], [ -43.7641085, -7.09752629999997 ], [ -43.7643267, -7.098213 ], [ -43.7651640999999, -7.099029 ], [ -43.766135, -7.09958779999994 ], [ -43.767458099999899, -7.100019 ], [ -43.768293099999902, -7.10171459999998 ], [ -43.7703207, -7.10283419999996 ], [ -43.7721701, -7.10536749999994 ], [ -43.773494, -7.10596869999995 ], [ -43.7739783, -7.10678509999997 ], [ -43.774108, -7.10774859999998 ], [ -43.7738835, -7.109204 ], [ -43.7741917, -7.10963449999997 ], [ -43.774232599999898, -7.11027739999997 ], [ -43.7737447, -7.11087579999997 ], [ -43.7737005, -7.111475 ], [ -43.7745374, -7.111949 ], [ -43.7762612, -7.11208089999997 ], [ -43.7771435, -7.11246959999994 ], [ -43.7792577, -7.11425359999993 ], [ -43.779213399999897, -7.11498009999997 ], [ -43.7787756, -7.11540419999994 ], [ -43.778898599999899, -7.11695079999993 ], [ -43.7780126, -7.11806329999996 ], [ -43.7769071, -7.11805879999997 ], [ -43.7766856, -7.11857309999994 ], [ -43.7766839, -7.11917319999998 ], [ -43.7761523, -7.11970569999994 ], [ -43.776063, -7.12009459999996 ], [ -43.776413799999901, -7.12129179999994 ], [ -43.775881399999903, -7.12197649999996 ], [ -43.775791, -7.12253459999994 ], [ -43.775436399999897, -7.12300419999997 ], [ -43.775084, -7.12317459999997 ], [ -43.774243899999902, -7.12304409999996 ], [ -43.773977199999898, -7.123471 ], [ -43.7734525, -7.12531159999997 ], [ -43.7733944, -7.12681159999994 ], [ -43.7736484, -7.13079269999997 ], [ -43.7745282, -7.13242259999993 ], [ -43.7746134, -7.13310739999997 ], [ -43.773991599999903, -7.13482919999996 ], [ -43.773989599999901, -7.13564389999993 ], [ -43.7745634999999, -7.13650139999993 ], [ -43.7744686999999, -7.13806469999997 ], [ -43.7739366, -7.13917669999995 ], [ -43.7741406, -7.13916429999995 ], [ -43.841494399999902, -7.13514209999994 ], [ -43.8808293, -7.19819609999996 ], [ -43.9082665, -7.20393539999998 ], [ -43.909318599999899, -7.20415549999996 ], [ -44.0379273, -7.23104139999998 ], [ -44.0483065, -7.220427 ] ] ] ] } },
{ "type": "Feature", "properties": { "CD_MUN": "2205300", "NM_MUN": "Jerumenha", "CD_RGI": "220017", "NM_RGI": "Floriano", "CD_RGINT": "2206", "NM_RGINT": "Floriano", "CD_UF": "22", "NM_UF": "Piauí", "SIGLA_UF": "PI", "CD_REGIAO": "2", "NM_REGIAO": "Nordeste", "SIGLA_RG": "NE", "CD_CONCURB": null, "NM_CONCURB": null, "AREA_KM2": 1865.94 }, "geometry": { "type": "MultiPolygon", "coordinates": [ [ [ [ -43.533978299999902, -7.27873279999994 ], [ -43.534354199999903, -7.27860059999995 ], [ -43.5344312, -7.27857349999994 ], [ -43.5351974, -7.27830409999996 ], [ -43.535274, -7.27827719999993 ], [ -43.535759299999903, -7.27810649999998 ], [ -43.5358404, -7.278078 ], [ -43.5370343, -7.27765819999996 ], [ -43.5371431, -7.27762 ], [ -43.5373332, -7.27755309999998 ], [ -43.5375294, -7.27748409999998 ], [ -43.5388487, -7.27702019999998 ], [ -43.5391084, -7.27692889999997 ], [ -43.540558299999901, -7.27641909999994 ], [ -43.5407350999999, -7.27635689999994 ], [ -43.5410247, -7.27625509999996 ], [ -43.541095599999899, -7.27623009999996 ], [ -43.541395599999902, -7.27612459999995 ], [ -43.5414339, -7.27611119999995 ], [ -43.583792, -7.26121679999994 ], [ -43.5856514, -7.26122229999993 ], [ -43.5881898, -7.26050269999996 ], [ -43.592813099999901, -7.26041479999998 ], [ -43.5945848, -7.26107679999996 ], [ -43.597432599999898, -7.26458329999997 ], [ -43.5992876, -7.26493579999993 ], [ -43.6011124, -7.26424979999996 ], [ -43.604008599999901, -7.26418969999997 ], [ -43.6057653, -7.26339539999998 ], [ -43.607410899999898, -7.26153149999993 ], [ -43.6082688, -7.26163979999995 ], [ -43.6088715, -7.26267949999993 ], [ -43.6096559, -7.26299269999993 ], [ -43.6123001, -7.26196469999996 ], [ -43.6151968, -7.26262889999998 ], [ -43.6175716, -7.26267079999997 ], [ -43.6191648, -7.26208809999997 ], [ -43.6216299, -7.26199139999994 ], [ -43.6222324, -7.26354549999996 ], [ -43.6234784, -7.26352279999998 ], [ -43.6241608999999, -7.26428489999995 ], [ -43.624448, -7.26400919999998 ], [ -43.627195599999901, -7.26540249999994 ], [ -43.628368599999902, -7.26727659999995 ], [ -43.630569, -7.26761619999996 ], [ -43.6315496, -7.267009 ], [ -43.6322292, -7.26711509999996 ], [ -43.6334413, -7.26781079999995 ], [ -43.634398, -7.26971739999993 ], [ -43.635364799999898, -7.26958429999996 ], [ -43.636327499999901, -7.27017639999997 ], [ -43.6386168, -7.27035609999996 ], [ -43.6398586, -7.27094739999995 ], [ -43.6403253, -7.27167709999998 ], [ -43.6413367, -7.27196709999993 ], [ -43.641790199999903, -7.27209719999996 ], [ -43.645096599999903, -7.26500569999996 ], [ -43.646337199999898, -7.257144 ], [ -43.646843299999901, -7.25527369999998 ], [ -43.6492132, -7.25160639999996 ], [ -43.649946499999899, -7.24604829999993 ], [ -43.6511899, -7.24676329999994 ], [ -43.6521933, -7.24618049999998 ], [ -43.654158299999899, -7.24639449999995 ], [ -43.6549808, -7.24587879999996 ], [ -43.6551216, -7.24715749999996 ], [ -43.6557665999999, -7.24680249999994 ], [ -43.6559493, -7.24508159999993 ], [ -43.659625199999901, -7.24648029999997 ], [ -43.6612737, -7.24537609999993 ], [ -43.6641213999999, -7.24517629999997 ], [ -43.6648787, -7.24607709999998 ], [ -43.6675587, -7.246121 ], [ -43.669238499999899, -7.24550519999997 ], [ -43.6748426999999, -7.24721759999994 ], [ -43.676057199999903, -7.24805119999996 ], [ -43.6782987, -7.25152209999993 ], [ -43.682614999999899, -7.25433979999997 ], [ -43.683793599999902, -7.25416939999997 ], [ -43.6856462, -7.25576949999993 ], [ -43.687894899999897, -7.25688439999993 ], [ -43.6874986, -7.25788769999997 ], [ -43.687711299999897, -7.258406 ], [ -43.6888187, -7.25862039999993 ], [ -43.6888547, -7.25941789999996 ], [ -43.690807999999898, -7.26073539999993 ], [ -43.691056699999898, -7.26267889999997 ], [ -43.6924127, -7.26417179999993 ], [ -43.692588199999904, -7.264968 ], [ -43.6937993, -7.265239 ], [ -43.6967341, -7.26484079999994 ], [ -43.699943699999899, -7.26710339999994 ], [ -43.7017676, -7.26644889999994 ], [ -43.702338499999897, -7.26738479999995 ], [ -43.703232399999898, -7.26652339999993 ], [ -43.7041265, -7.26742469999994 ], [ -43.7059844, -7.26611579999997 ], [ -43.707880799999899, -7.26549849999998 ], [ -43.7129901, -7.26558759999995 ], [ -43.7143518, -7.26490219999994 ], [ -43.716388299999899, -7.26476869999993 ], [ -43.7178893, -7.26354249999997 ], [ -43.684348999999898, -7.13307789999993 ], [ -43.7098794999999, -7.12393059999994 ], [ -43.723576, -7.11877209999994 ], [ -43.7405057, -7.11308419999995 ], [ -43.7410543, -7.107757 ], [ -43.7601180999999, -7.09368049999995 ], [ -43.7970963, -7.06636659999998 ], [ -43.7815911, -7.04994609999994 ], [ -43.758635899999902, -7.01016569999996 ], [ -43.7484823, -6.99281979999995 ], [ -43.7242979, -6.95441819999996 ], [ -43.6643698, -6.97961119999997 ], [ -43.6641198, -6.97971629999995 ], [ -43.661320799999899, -6.98089219999997 ], [ -43.6610817, -6.98090649999995 ], [ -43.581894799999901, -6.98566109999996 ], [ -43.488558899999902, -6.82148539999997 ], [ -43.486359999999898, -6.827162 ], [ -43.483428199999899, -6.83303249999994 ], [ -43.481180499999901, -6.83540989999995 ], [ -43.4785907, -6.83691389999996 ], [ -43.4756589, -6.83817529999993 ], [ -43.4728248, -6.83919409999993 ], [ -43.4693066, -6.83953369999995 ], [ -43.4663184, -6.839781 ], [ -43.465747099999902, -6.83977439999995 ], [ -43.4652667, -6.83991449999996 ], [ -43.464855, -6.84032859999996 ], [ -43.4640423, -6.84117989999993 ], [ -43.4627889, -6.84216289999995 ], [ -43.4600225, -6.84487049999996 ], [ -43.45753, -6.84607339999997 ], [ -43.4559353, -6.84622889999997 ], [ -43.4545886, -6.84599689999993 ], [ -43.4531289, -6.84511549999996 ], [ -43.4522531, -6.84433679999995 ], [ -43.451467, -6.84331219999996 ], [ -43.450836099999897, -6.84210509999997 ], [ -43.449753, -6.84108159999994 ], [ -43.448588399999899, -6.84035849999998 ], [ -43.445998599999903, -6.83866049999995 ], [ -43.444222, -6.83801979999993 ], [ -43.4424875, -6.83787869999998 ], [ -43.4408273, -6.83784419999995 ], [ -43.4391447, -6.83807179999997 ], [ -43.437252, -6.83856339999994 ], [ -43.4309974, -6.84074659999993 ], [ -43.4260133, -6.84297839999994 ], [ -43.420980299999897, -6.84385159999994 ], [ -43.4191289, -6.84401049999997 ], [ -43.4174818, -6.843823 ], [ -43.4144815, -6.843318 ], [ -43.4117451, -6.84249319999998 ], [ -43.408764399999903, -6.84132879999993 ], [ -43.4062235, -6.83953369999995 ], [ -43.404513199999897, -6.83749609999995 ], [ -43.4032528, -6.83543909999997 ], [ -43.401679199999897, -6.83424549999995 ], [ -43.400681, -6.83377149999995 ], [ -43.399578, -6.83351769999996 ], [ -43.3982247, -6.83335279999994 ], [ -43.396695, -6.83337219999993 ], [ -43.3939098, -6.83400289999997 ], [ -43.3925101, -6.83427649999993 ], [ -43.3911734, -6.83424549999995 ], [ -43.390881, -6.835532 ], [ -43.3908877, -6.83557849999994 ], [ -43.391069, -6.836827 ], [ -43.390881, -6.838837 ], [ -43.390383, -6.841409 ], [ -43.3904, -6.843283 ], [ -43.390375999999897, -6.847032 ], [ -43.390531, -6.848769 ], [ -43.390617, -6.850915 ], [ -43.390675, -6.85306 ], [ -43.391224, -6.855547 ], [ -43.391896, -6.857357 ], [ -43.393174, -6.85978 ], [ -43.393833, -6.861111 ], [ -43.394219, -6.86226 ], [ -43.394606, -6.862771 ], [ -43.395420999999899, -6.863223 ], [ -43.396911, -6.864577 ], [ -43.397627999999898, -6.865603 ], [ -43.397942, -6.866588 ], [ -43.39802, -6.867909 ], [ -43.398010999999897, -6.869007 ], [ -43.397935, -6.86994 ], [ -43.398007999999898, -6.871205 ], [ -43.398227, -6.872086 ], [ -43.398412, -6.873164 ], [ -43.398764, -6.874146 ], [ -43.399833, -6.875922 ], [ -43.400251, -6.876574 ], [ -43.402045, -6.878124 ], [ -43.402957, -6.878783 ], [ -43.406708, -6.88064 ], [ -43.407946, -6.881584 ], [ -43.409993, -6.883577 ], [ -43.411122, -6.884657 ], [ -43.412564, -6.885866 ], [ -43.414563, -6.887501 ], [ -43.416314, -6.888966 ], [ -43.416924, -6.889588 ], [ -43.417687999999899, -6.891207 ], [ -43.418314, -6.892238 ], [ -43.418537, -6.892927 ], [ -43.419078, -6.894912 ], [ -43.419803, -6.896606 ], [ -43.420576, -6.897866 ], [ -43.421194, -6.899322 ], [ -43.421443, -6.90008 ], [ -43.421674, -6.901315 ], [ -43.422241, -6.904011 ], [ -43.422773, -6.905493 ], [ -43.423564999999897, -6.907423 ], [ -43.425196, -6.90996 ], [ -43.425797, -6.910573 ], [ -43.426912, -6.912753 ], [ -43.427453, -6.91413 ], [ -43.427831, -6.916395 ], [ -43.428054, -6.917894 ], [ -43.428088, -6.918932 ], [ -43.428449, -6.919597 ], [ -43.428877999999898, -6.920857 ], [ -43.429101, -6.921845 ], [ -43.429735999999899, -6.922645 ], [ -43.430423, -6.923327 ], [ -43.431733999999899, -6.925136 ], [ -43.431948, -6.925801 ], [ -43.432342999999896, -6.927265 ], [ -43.432832, -6.928236 ], [ -43.433032, -6.928938 ], [ -43.434225, -6.930939 ], [ -43.434691, -6.931404 ], [ -43.435841, -6.933473 ], [ -43.437050999999897, -6.936147 ], [ -43.438308, -6.938871 ], [ -43.438901, -6.94025 ], [ -43.440017, -6.941783 ], [ -43.440624, -6.942673 ], [ -43.441092, -6.943622 ], [ -43.4415870999999, -6.94472249999995 ], [ -43.3060134, -6.99131069999993 ], [ -43.3068125, -6.99470519999994 ], [ -43.306823199999897, -6.994751 ], [ -43.3068603, -6.99490829999996 ], [ -43.3560977, -7.204371 ], [ -43.2255465, -7.28342859999998 ], [ -43.324943699999899, -7.40401089999995 ], [ -43.4000078, -7.355583 ], [ -43.403794499999897, -7.35313889999998 ], [ -43.386694, -7.32136349999996 ], [ -43.385179999999899, -7.31261619999998 ], [ -43.3852153999999, -7.30312579999998 ], [ -43.3870575, -7.292392 ], [ -43.3893926, -7.28790569999995 ], [ -43.3930176, -7.28322759999998 ], [ -43.4528508, -7.28369369999996 ], [ -43.4529355, -7.28369439999994 ], [ -43.453881599999903, -7.28370159999997 ], [ -43.518440499999897, -7.28419629999996 ], [ -43.533978299999902, -7.27873279999994 ] ] ] ] } },
{ "type": "Feature", "properties": { "CD_MUN": "2205607", "NM_MUN": "Landri Sales", "CD_RGI": "220017", "NM_RGI": "Floriano", "CD_RGINT": "2206", "NM_RGINT": "Floriano", "CD_UF": "22", "NM_UF": "Piauí", "SIGLA_UF": "PI", "CD_REGIAO": "2", "NM_REGIAO": "Nordeste", "SIGLA_RG": "NE", "CD_CONCURB": null, "NM_CONCURB": null, "AREA_KM2": 1088.583 }, "geometry": { "type": "MultiPolygon", "coordinates": [ [ [ [ -44.1844674, -7.41783429999998 ], [ -44.072021499999899, -7.26951239999994 ], [ -44.071446799999897, -7.26875439999998 ], [ -44.0716709, -7.26817839999995 ], [ -44.0908845, -7.21878289999995 ], [ -44.068991, -7.199267 ], [ -44.0483065, -7.220427 ], [ -44.0379273, -7.23104139999998 ], [ -43.909318599999899, -7.20415549999996 ], [ -43.9082665, -7.20393539999998 ], [ -43.8808293, -7.19819609999996 ], [ -43.841494399999902, -7.13514209999994 ], [ -43.7741406, -7.13916429999995 ], [ -43.7739366, -7.13917669999995 ], [ -43.7744686999999, -7.13806469999997 ], [ -43.7745634999999, -7.13650139999993 ], [ -43.773989599999901, -7.13564389999993 ], [ -43.773991599999903, -7.13482919999996 ], [ -43.7746134, -7.13310739999997 ], [ -43.7745282, -7.13242259999993 ], [ -43.7736484, -7.13079269999997 ], [ -43.7733944, -7.12681159999994 ], [ -43.7734525, -7.12531159999997 ], [ -43.773977199999898, -7.123471 ], [ -43.774243899999902, -7.12304409999996 ], [ -43.775084, -7.12317459999997 ], [ -43.775436399999897, -7.12300419999997 ], [ -43.775791, -7.12253459999994 ], [ -43.775881399999903, -7.12197649999996 ], [ -43.776413799999901, -7.12129179999994 ], [ -43.776063, -7.12009459999996 ], [ -43.7761523, -7.11970569999994 ], [ -43.7766839, -7.11917319999998 ], [ -43.7766856, -7.11857309999994 ], [ -43.7769071, -7.11805879999997 ], [ -43.7780126, -7.11806329999996 ], [ -43.778898599999899, -7.11695079999993 ], [ -43.7787756, -7.11540419999994 ], [ -43.779213399999897, -7.11498009999997 ], [ -43.7792577, -7.11425359999993 ], [ -43.7771435, -7.11246959999994 ], [ -43.7762612, -7.11208089999997 ], [ -43.7745374, -7.111949 ], [ -43.7737005, -7.111475 ], [ -43.7737447, -7.11087579999997 ], [ -43.774232599999898, -7.11027739999997 ], [ -43.7741917, -7.10963449999997 ], [ -43.7738835, -7.109204 ], [ -43.774108, -7.10774859999998 ], [ -43.7739783, -7.10678509999997 ], [ -43.773494, -7.10596869999995 ], [ -43.7721701, -7.10536749999994 ], [ -43.7703207, -7.10283419999996 ], [ -43.768293099999902, -7.10171459999998 ], [ -43.767458099999899, -7.100019 ], [ -43.766135, -7.09958779999994 ], [ -43.7651640999999, -7.099029 ], [ -43.7643267, -7.098213 ], [ -43.7641085, -7.09752629999997 ], [ -43.763446799999898, -7.09662509999993 ], [ -43.7622114, -7.09627859999995 ], [ -43.7613755, -7.09499079999995 ], [ -43.7605387999999, -7.094304 ], [ -43.7601180999999, -7.09368049999995 ], [ -43.7410543, -7.107757 ], [ -43.7405057, -7.11308419999995 ], [ -43.723576, -7.11877209999994 ], [ -43.7098794999999, -7.12393059999994 ], [ -43.684348999999898, -7.13307789999993 ], [ -43.7178893, -7.26354249999997 ], [ -43.7325392, -7.30057509999995 ], [ -43.7410647, -7.31132159999993 ], [ -43.7412315999999, -7.311532 ], [ -43.784328899999899, -7.36586389999997 ], [ -43.8325811, -7.35288169999995 ], [ -43.907979899999901, -7.37901749999997 ], [ -43.9085888, -7.37922849999995 ], [ -44.0363872, -7.42351759999997 ], [ -44.041931299999902, -7.42843519999997 ], [ -44.043744699999898, -7.43004379999996 ], [ -44.1231994, -7.50052689999995 ], [ -44.134373599999897, -7.534114 ], [ -44.1839406, -7.41905759999997 ], [ -44.184051699999898, -7.41879969999997 ], [ -44.1844674, -7.41783429999998 ] ] ] ] } },
{ "type": "Feature", "properties": { "CD_MUN": "2205102", "NM_MUN": "Itaueira", "CD_RGI": "220017", "NM_RGI": "Floriano", "CD_RGINT": "2206", "NM_RGINT": "Floriano", "CD_UF": "22", "NM_UF": "Piauí", "SIGLA_UF": "PI", "CD_REGIAO": "2", "NM_REGIAO": "Nordeste", "SIGLA_RG": "NE", "CD_CONCURB": null, "NM_CONCURB": null, "AREA_KM2": 2554.178 }, "geometry": { "type": "MultiPolygon", "coordinates": [ [ [ [ -42.9681303, -7.68270679999995 ], [ -42.9681878, -7.68275079999995 ], [ -42.9682774, -7.68281939999997 ], [ -42.9686048, -7.68307009999995 ], [ -43.0353583, -7.73418079999993 ], [ -43.043613799999903, -7.72340979999996 ], [ -43.044123699999901, -7.72274459999994 ], [ -43.0608961, -7.70085469999998 ], [ -43.0649334, -7.69475059999996 ], [ -43.073276899999897, -7.68319989999998 ], [ -43.0818656, -7.67609359999994 ], [ -43.083114, -7.67535969999994 ], [ -43.0838304, -7.67479209999993 ], [ -43.084405499999903, -7.67393829999997 ], [ -43.087283199999902, -7.67130789999993 ], [ -43.0905652, -7.66959609999998 ], [ -43.117561, -7.65551589999995 ], [ -43.117628099999898, -7.65548089999993 ], [ -43.1280983, -7.65001829999994 ], [ -43.128586, -7.64976379999996 ], [ -43.130642, -7.64869049999993 ], [ -43.1963891, -7.61436949999995 ], [ -43.207275, -7.62420769999994 ], [ -43.2142928, -7.63055119999996 ], [ -43.2863401, -7.69567519999993 ], [ -43.3038658, -7.71151669999995 ], [ -43.367141699999898, -7.70157269999993 ], [ -43.5072862, -7.67954859999998 ], [ -43.480119, -7.57874749999996 ], [ -43.4800442, -7.57847019999997 ], [ -43.473471, -7.55409359999993 ], [ -43.420113899999897, -7.500423 ], [ -43.324943699999899, -7.40401089999995 ], [ -43.2255465, -7.28342859999998 ], [ -43.1476699, -7.22209259999994 ], [ -43.1265564, -7.248885 ], [ -43.126162, -7.24938579999997 ], [ -43.1253909, -7.25036359999996 ], [ -43.1251889, -7.25061979999998 ], [ -43.0750055, -7.31425719999993 ], [ -43.0378936, -7.32296939999998 ], [ -43.0376385, -7.32302909999993 ], [ -43.0376094, -7.323036 ], [ -43.0375146, -7.32305819999993 ], [ -43.0334488, -7.32401129999994 ], [ -43.0333166, -7.32404229999997 ], [ -42.8976375, -7.35584609999995 ], [ -42.8975417999999, -7.35586859999995 ], [ -42.896925, -7.356013 ], [ -42.8968644999999, -7.35602719999997 ], [ -42.8966607999999, -7.35607479999993 ], [ -42.896631899999903, -7.35608159999992 ], [ -42.8850095, -7.35880209999993 ], [ -42.842318299999903, -7.35435739999997 ], [ -42.7983313, -7.38635939999995 ], [ -42.817124299999897, -7.42175629999997 ], [ -42.8206115, -7.42832459999994 ], [ -42.8237004, -7.43414269999994 ], [ -42.804302699999901, -7.56154489999994 ], [ -42.843750999999898, -7.60132929999997 ], [ -42.861495499999897, -7.61922509999994 ], [ -42.8865231, -7.62023289999996 ], [ -42.9269687, -7.65119459999994 ], [ -42.9269798, -7.65120309999998 ], [ -42.9271405, -7.65132609999995 ], [ -42.968105, -7.68268739999996 ], [ -42.9681303, -7.68270679999995 ] ] ] ] } },
{ "type": "Feature", "properties": { "CD_MUN": "2204501", "NM_MUN": "Guadalupe", "CD_RGI": "220017", "NM_RGI": "Floriano", "CD_RGINT": "2206", "NM_RGINT": "Floriano", "CD_UF": "22", "NM_UF": "Piauí", "SIGLA_UF": "PI", "CD_REGIAO": "2", "NM_REGIAO": "Nordeste", "SIGLA_RG": "NE", "CD_CONCURB": null, "NM_CONCURB": null, "AREA_KM2": 1026.538 }, "geometry": { "type": "MultiPolygon", "coordinates": [ [ [ [ -43.546560199999902, -6.777963 ], [ -43.5463821, -6.78050909999996 ], [ -43.5459738, -6.78237849999994 ], [ -43.5449477, -6.784756 ], [ -43.5421724999999, -6.78853539999994 ], [ -43.5416337, -6.78913689999996 ], [ -43.5409774, -6.78959919999994 ], [ -43.540223599999898, -6.79006849999996 ], [ -43.539548, -6.79026819999996 ], [ -43.532966, -6.79157819999995 ], [ -43.529409, -6.79281049999997 ], [ -43.5247519, -6.794752 ], [ -43.519294199999898, -6.79610989999998 ], [ -43.5167561, -6.79682689999993 ], [ -43.515433899999898, -6.79712349999994 ], [ -43.512897699999897, -6.79754159999993 ], [ -43.5108619, -6.79805 ], [ -43.5083976, -6.79882709999993 ], [ -43.505069799999902, -6.800831 ], [ -43.5031015, -6.80229979999996 ], [ -43.5005793999999, -6.80435829999993 ], [ -43.4983973, -6.80617949999993 ], [ -43.497071199999901, -6.80748749999998 ], [ -43.4937384999999, -6.81071439999994 ], [ -43.4919305, -6.81347989999995 ], [ -43.4905135, -6.81721589999995 ], [ -43.488558899999902, -6.82148539999997 ], [ -43.581894799999901, -6.98566109999996 ], [ -43.6610817, -6.98090649999995 ], [ -43.661320799999899, -6.98089219999997 ], [ -43.6641198, -6.97971629999995 ], [ -43.6643698, -6.97961119999997 ], [ -43.7242979, -6.95441819999996 ], [ -43.796497299999899, -6.93845559999994 ], [ -43.813657799999902, -6.93466159999997 ], [ -43.8139169, -6.93460429999993 ], [ -43.8139442, -6.93459319999994 ], [ -43.818638, -6.93356009999997 ], [ -43.8211345, -6.93876619999998 ], [ -43.821635199999903, -6.93913289999995 ], [ -43.824268, -6.93913949999995 ], [ -43.8249562, -6.93974889999993 ], [ -43.8252052, -6.94066159999994 ], [ -43.8247633, -6.94175569999993 ], [ -43.8309082, -6.941254 ], [ -43.8342279, -6.94260019999996 ], [ -43.845260499999902, -6.94326569999993 ], [ -43.8478926, -6.94418509999997 ], [ -43.8502089, -6.94568109999994 ], [ -43.8507076, -6.94702039999993 ], [ -43.8530873, -6.94806 ], [ -43.8535227, -6.94951989999993 ], [ -43.8548991, -6.95049649999993 ], [ -43.8569673, -6.95095689999994 ], [ -43.8610479, -6.94902219999994 ], [ -43.8637722, -6.94664549999993 ], [ -43.8685196, -6.94450809999995 ], [ -43.869960499999898, -6.94517969999993 ], [ -43.8737126, -6.94947759999997 ], [ -43.8754015, -6.95027289999996 ], [ -43.8767811, -6.95051919999997 ], [ -43.880598099999901, -6.94967859999997 ], [ -43.8838661, -6.95032269999996 ], [ -43.884733299999901, -6.95203679999997 ], [ -43.884047199999898, -6.95354719999995 ], [ -43.8848624, -6.95440069999995 ], [ -43.8878079, -6.95422569999994 ], [ -43.8920021, -6.95645329999996 ], [ -43.893824299999899, -6.95560989999996 ], [ -43.8962023999999, -6.95798459999997 ], [ -43.8976423, -6.95820189999995 ], [ -43.8988945, -6.95936029999996 ], [ -43.905537599999903, -6.96022859999994 ], [ -43.908283599999898, -6.963508 ], [ -43.9073404, -6.96719729999995 ], [ -43.907589, -6.96792659999994 ], [ -43.9084035, -6.96835259999995 ], [ -43.909532, -6.96844759999993 ], [ -43.9121665, -6.96742069999993 ], [ -43.9146153, -6.96568539999993 ], [ -43.9146334, -6.96559839999998 ], [ -43.921275299999898, -6.93317839999997 ], [ -43.8993804, -6.90036259999994 ], [ -43.8621467, -6.87643449999996 ], [ -43.836495, -6.84940009999997 ], [ -43.8325258, -6.84267939999995 ], [ -43.8337222, -6.84238289999996 ], [ -43.835303, -6.84166769999996 ], [ -43.837315299999901, -6.84023569999994 ], [ -43.843788699999898, -6.83435809999997 ], [ -43.846239399999902, -6.82976469999994 ], [ -43.8471036, -6.82861679999996 ], [ -43.8494037, -6.82675429999995 ], [ -43.851705, -6.82474739999998 ], [ -43.855590999999897, -6.820301 ], [ -43.8574591, -6.81929949999994 ], [ -43.8604754999999, -6.81830029999998 ], [ -43.8630611, -6.81730009999995 ], [ -43.8657904, -6.81605709999997 ], [ -43.867948899999902, -6.81390549999998 ], [ -43.8699616, -6.81218449999994 ], [ -43.8729842, -6.80845279999994 ], [ -43.8738446, -6.80888559999994 ], [ -43.875998799999898, -6.80817209999998 ], [ -43.8778703999999, -6.80558769999993 ], [ -43.8814644, -6.80315189999993 ], [ -43.882471699999897, -6.80185979999993 ], [ -43.8873728, -6.79266829999995 ], [ -43.8880925, -6.79166329999993 ], [ -43.890336299999902, -6.78965549999998 ], [ -43.893639999999898, -6.78822519999994 ], [ -43.8955091, -6.78664779999997 ], [ -43.8970914, -6.785069 ], [ -43.8982424, -6.78377789999996 ], [ -43.898675899999901, -6.78248459999998 ], [ -43.898822799999898, -6.78104649999995 ], [ -43.898825299999899, -6.77989659999997 ], [ -43.8992585, -6.77874759999997 ], [ -43.899977799999903, -6.77788589999994 ], [ -43.9012701, -6.77774489999996 ], [ -43.9041396, -6.77789539999998 ], [ -43.906865599999897, -6.77833329999993 ], [ -43.9160507, -6.77835379999993 ], [ -43.9187064, -6.77820139999994 ], [ -43.918854399999901, -6.77819289999996 ], [ -43.921575699999899, -6.77803649999993 ], [ -43.9243053, -6.77718019999998 ], [ -43.925958299999898, -6.77589029999996 ], [ -43.9304723, -6.77105369999992 ], [ -43.928288199999898, -6.76997139999997 ], [ -43.927761599999897, -6.770447 ], [ -43.918914899999898, -6.75579079999994 ], [ -43.916496, -6.75382469999994 ], [ -43.9137942999999, -6.75266149999993 ], [ -43.9025617, -6.75370619999995 ], [ -43.898132099999899, -6.75448149999994 ], [ -43.884182, -6.75873619999993 ], [ -43.879918, -6.75778239999994 ], [ -43.8782151, -6.75680079999995 ], [ -43.8736532, -6.75198439999997 ], [ -43.868304599999902, -6.747234 ], [ -43.8630156, -6.74373789999993 ], [ -43.8576848, -6.73848839999994 ], [ -43.853760899999898, -6.73561169999994 ], [ -43.851592299999901, -6.73500539999998 ], [ -43.8421137, -6.73375529999993 ], [ -43.826407199999899, -6.72926879999994 ], [ -43.820126199999898, -6.72727719999995 ], [ -43.8081859, -6.720273 ], [ -43.805093, -6.717256 ], [ -43.8025524, -6.71330819999997 ], [ -43.801974899999898, -6.71190559999997 ], [ -43.800593499999898, -6.70768339999995 ], [ -43.7998183, -6.705314 ], [ -43.799377499999899, -6.70463719999998 ], [ -43.797468099999897, -6.70315739999995 ], [ -43.7950637, -6.70207179999994 ], [ -43.792147199999903, -6.70197919999993 ], [ -43.7908561, -6.702332 ], [ -43.7825584, -6.71123689999996 ], [ -43.7810501, -6.71244979999994 ], [ -43.7789217, -6.71385209999994 ], [ -43.7748432, -6.71493659999993 ], [ -43.7738391, -6.71480019999996 ], [ -43.772399699999902, -6.71424889999997 ], [ -43.771899699999899, -6.71384509999996 ], [ -43.771079, -6.71274809999994 ], [ -43.7676738, -6.70819619999997 ], [ -43.7607351999999, -6.70243759999994 ], [ -43.7577512, -6.70245819999997 ], [ -43.7538213, -6.703488 ], [ -43.7513206, -6.70414319999998 ], [ -43.7460988999999, -6.70438669999993 ], [ -43.734615, -6.70492219999994 ], [ -43.7287137, -6.70480159999994 ], [ -43.717907599999897, -6.69958569999994 ], [ -43.7149901, -6.69873329999996 ], [ -43.707169, -6.69981739999997 ], [ -43.705856, -6.70013309999996 ], [ -43.7042114, -6.70102939999992 ], [ -43.7038337, -6.70497309999996 ], [ -43.7028160999999, -6.70654459999997 ], [ -43.7012726, -6.70842389999996 ], [ -43.6985419, -6.70955139999995 ], [ -43.6966619, -6.70968609999994 ], [ -43.694430699999899, -6.70931589999998 ], [ -43.691795699999901, -6.70862049999994 ], [ -43.6863461, -6.70797459999994 ], [ -43.6805831, -6.70820159999994 ], [ -43.6766112, -6.70766539999994 ], [ -43.672721, -6.70626929999997 ], [ -43.670572999999898, -6.70662179999994 ], [ -43.6590001, -6.71033189999997 ], [ -43.6517502, -6.71265659999995 ], [ -43.6428744, -6.71655109999995 ], [ -43.637511199999899, -6.71956249999994 ], [ -43.6353626, -6.72150509999994 ], [ -43.6323002, -6.725561 ], [ -43.6310798, -6.72683459999996 ], [ -43.6287105, -6.72930679999996 ], [ -43.626991, -6.73081059999993 ], [ -43.6215938, -6.735008 ], [ -43.6152888, -6.737344 ], [ -43.6144456, -6.73765649999996 ], [ -43.6093418, -6.73990729999997 ], [ -43.6081806, -6.74041939999995 ], [ -43.6020075, -6.74244249999998 ], [ -43.601215599999897, -6.742702 ], [ -43.5989243, -6.74369159999998 ], [ -43.5953139, -6.74614669999994 ], [ -43.592444699999902, -6.74879879999997 ], [ -43.5872866, -6.75504149999995 ], [ -43.584687899999899, -6.75722229999997 ], [ -43.584375599999902, -6.75748429999993 ], [ -43.580605799999901, -6.75847009999995 ], [ -43.578275399999903, -6.75808469999993 ], [ -43.575905299999903, -6.75685129999994 ], [ -43.5728344999999, -6.75459859999995 ], [ -43.5717589, -6.75250089999997 ], [ -43.5716246, -6.74908829999993 ], [ -43.571555299999901, -6.748956 ], [ -43.571228699999899, -6.74833289999998 ], [ -43.5712071, -6.74829179999995 ], [ -43.5711332, -6.74815069999994 ], [ -43.571061299999897, -6.74801349999996 ], [ -43.5709191, -6.74774219999995 ], [ -43.5678737, -6.747365 ], [ -43.5675689, -6.74740239999994 ], [ -43.5660813, -6.74768409999996 ], [ -43.5656903, -6.747393 ], [ -43.5639312, -6.74756279999997 ], [ -43.5616591, -6.74812089999995 ], [ -43.559064299999903, -6.74967369999996 ], [ -43.557212499999899, -6.75161469999995 ], [ -43.5552433, -6.75385149999994 ], [ -43.5531521999999, -6.75624849999997 ], [ -43.5507625, -6.75976679999997 ], [ -43.549008, -6.76277529999993 ], [ -43.5487866, -6.76320079999994 ], [ -43.547928399999897, -6.766269 ], [ -43.54703, -6.77025249999997 ], [ -43.546462899999902, -6.77476509999997 ], [ -43.546560199999902, -6.777963 ] ] ] ] } },
{ "type": "Feature", "properties": { "CD_MUN": "2203909", "NM_MUN": "Floriano", "CD_RGI": "220017", "NM_RGI": "Floriano", "CD_RGINT": "2206", "NM_RGINT": "Floriano", "CD_UF": "22", "NM_UF": "Piauí", "SIGLA_UF": "PI", "CD_REGIAO": "2", "NM_REGIAO": "Nordeste", "SIGLA_RG": "NE", "CD_CONCURB": null, "NM_CONCURB": null, "AREA_KM2": 3407.978 }, "geometry": { "type": "MultiPolygon", "coordinates": [ [ [ [ -42.896631899999903, -7.35608159999992 ], [ -42.8966607999999, -7.35607479999993 ], [ -42.8968644999999, -7.35602719999997 ], [ -42.896925, -7.356013 ], [ -42.8975417999999, -7.35586859999995 ], [ -42.8976375, -7.35584609999995 ], [ -43.0333166, -7.32404229999997 ], [ -43.0334488, -7.32401129999994 ], [ -43.0375146, -7.32305819999993 ], [ -43.0376094, -7.323036 ], [ -43.0376385, -7.32302909999993 ], [ -43.0378936, -7.32296939999998 ], [ -43.0750055, -7.31425719999993 ], [ -43.1251889, -7.25061979999998 ], [ -43.1253909, -7.25036359999996 ], [ -43.126162, -7.24938579999997 ], [ -43.1265564, -7.248885 ], [ -43.1476699, -7.22209259999994 ], [ -43.2255465, -7.28342859999998 ], [ -43.3560977, -7.204371 ], [ -43.3068603, -6.99490829999996 ], [ -43.306823199999897, -6.994751 ], [ -43.3068125, -6.99470519999994 ], [ -43.3060134, -6.99131069999993 ], [ -43.4415870999999, -6.94472249999995 ], [ -43.441092, -6.943622 ], [ -43.440624, -6.942673 ], [ -43.440017, -6.941783 ], [ -43.438901, -6.94025 ], [ -43.438308, -6.938871 ], [ -43.437050999999897, -6.936147 ], [ -43.435841, -6.933473 ], [ -43.434691, -6.931404 ], [ -43.434225, -6.930939 ], [ -43.433032, -6.928938 ], [ -43.432832, -6.928236 ], [ -43.432342999999896, -6.927265 ], [ -43.431948, -6.925801 ], [ -43.431733999999899, -6.925136 ], [ -43.430423, -6.923327 ], [ -43.429735999999899, -6.922645 ], [ -43.429101, -6.921845 ], [ -43.428877999999898, -6.920857 ], [ -43.428449, -6.919597 ], [ -43.428088, -6.918932 ], [ -43.428054, -6.917894 ], [ -43.427831, -6.916395 ], [ -43.427453, -6.91413 ], [ -43.426912, -6.912753 ], [ -43.425797, -6.910573 ], [ -43.425196, -6.90996 ], [ -43.423564999999897, -6.907423 ], [ -43.422773, -6.905493 ], [ -43.422241, -6.904011 ], [ -43.421674, -6.901315 ], [ -43.421443, -6.90008 ], [ -43.421194, -6.899322 ], [ -43.420576, -6.897866 ], [ -43.419803, -6.896606 ], [ -43.419078, -6.894912 ], [ -43.418537, -6.892927 ], [ -43.418314, -6.892238 ], [ -43.417687999999899, -6.891207 ], [ -43.416924, -6.889588 ], [ -43.416314, -6.888966 ], [ -43.414563, -6.887501 ], [ -43.412564, -6.885866 ], [ -43.411122, -6.884657 ], [ -43.409993, -6.883577 ], [ -43.407946, -6.881584 ], [ -43.406708, -6.88064 ], [ -43.402957, -6.878783 ], [ -43.402045, -6.878124 ], [ -43.400251, -6.876574 ], [ -43.399833, -6.875922 ], [ -43.398764, -6.874146 ], [ -43.398412, -6.873164 ], [ -43.398227, -6.872086 ], [ -43.398007999999898, -6.871205 ], [ -43.397935, -6.86994 ], [ -43.398010999999897, -6.869007 ], [ -43.39802, -6.867909 ], [ -43.397942, -6.866588 ], [ -43.397627999999898, -6.865603 ], [ -43.396911, -6.864577 ], [ -43.395420999999899, -6.863223 ], [ -43.394606, -6.862771 ], [ -43.394219, -6.86226 ], [ -43.393833, -6.861111 ], [ -43.393174, -6.85978 ], [ -43.391896, -6.857357 ], [ -43.391224, -6.855547 ], [ -43.390675, -6.85306 ], [ -43.390617, -6.850915 ], [ -43.390531, -6.848769 ], [ -43.390375999999897, -6.847032 ], [ -43.3904, -6.843283 ], [ -43.390383, -6.841409 ], [ -43.390881, -6.838837 ], [ -43.391069, -6.836827 ], [ -43.3908877, -6.83557849999994 ], [ -43.390881, -6.835532 ], [ -43.3911734, -6.83424549999995 ], [ -43.3903025, -6.83389859999994 ], [ -43.3897564, -6.83327509999998 ], [ -43.3894953, -6.832771 ], [ -43.3889746, -6.83172259999998 ], [ -43.3884859, -6.82963639999997 ], [ -43.388681399999903, -6.82808379999994 ], [ -43.3892678, -6.825658 ], [ -43.3897564, -6.82386279999997 ], [ -43.3897564, -6.82182509999996 ], [ -43.3893166, -6.81959319999993 ], [ -43.3883882, -6.81774959999996 ], [ -43.3875262, -6.817192 ], [ -43.386629099999901, -6.81682769999998 ], [ -43.3852605, -6.81640159999995 ], [ -43.3837462, -6.81609989999993 ], [ -43.382368299999897, -6.81614249999996 ], [ -43.381007699999898, -6.81647239999995 ], [ -43.3782734, -6.817507 ], [ -43.375781399999902, -6.81813769999997 ], [ -43.3725564, -6.81847729999993 ], [ -43.3691848, -6.81939919999996 ], [ -43.3664572, -6.81996149999998 ], [ -43.365247399999902, -6.81980179999994 ], [ -43.3642007, -6.81920509999998 ], [ -43.363076799999902, -6.81765249999995 ], [ -43.3609268, -6.81585729999995 ], [ -43.359314299999902, -6.81352839999994 ], [ -43.358679, -6.81168469999994 ], [ -43.3580438, -6.81008359999993 ], [ -43.357604, -6.80804579999995 ], [ -43.3566756, -6.80576539999993 ], [ -43.3555029, -6.803582 ], [ -43.3539393, -6.80178679999995 ], [ -43.3515449, -6.79999159999994 ], [ -43.349199499999898, -6.79858449999995 ], [ -43.346755899999899, -6.79774969999994 ], [ -43.345193299999899, -6.79752819999993 ], [ -43.3438733, -6.79766259999997 ], [ -43.3420654, -6.79824479999996 ], [ -43.3401597, -6.79877849999997 ], [ -43.3376188, -6.79916669999994 ], [ -43.334393799999901, -6.79853589999993 ], [ -43.331168799999901, -6.79829329999995 ], [ -43.328774399999901, -6.79873 ], [ -43.3237903, -6.80023419999998 ], [ -43.3207608, -6.80091339999996 ], [ -43.316021, -6.80130159999993 ], [ -43.3107926, -6.80110749999994 ], [ -43.302534599999902, -6.80057379999994 ], [ -43.295986899999903, -6.799846 ], [ -43.2914425, -6.798633 ], [ -43.2846992999999, -6.79732289999993 ], [ -43.2797641, -6.79596439999995 ], [ -43.2767833999999, -6.79489689999997 ], [ -43.273460699999902, -6.79368389999996 ], [ -43.271261799999898, -6.79256789999994 ], [ -43.269698199999901, -6.79125789999995 ], [ -43.2680855999999, -6.78975369999995 ], [ -43.2652027, -6.78718209999994 ], [ -43.262368599999903, -6.78519269999993 ], [ -43.259436799999897, -6.78203879999995 ], [ -43.2567981, -6.77912749999996 ], [ -43.255332199999899, -6.77689549999997 ], [ -43.254648099999898, -6.77558539999995 ], [ -43.253817399999903, -6.77408119999996 ], [ -43.252742399999903, -6.77214029999993 ], [ -43.251472, -6.77015079999995 ], [ -43.2500549, -6.76864659999995 ], [ -43.2479049, -6.76767609999996 ], [ -43.244826499999903, -6.76694829999997 ], [ -43.2400866999999, -6.766269 ], [ -43.2359332999999, -6.76544409999997 ], [ -43.2318776, -6.76476469999994 ], [ -43.2265515, -6.764231 ], [ -43.2246946, -6.76418239999998 ], [ -43.2192219, -6.76384279999996 ], [ -43.2146776, -6.76403689999995 ], [ -43.2078366, -6.76442509999993 ], [ -43.2018264, -6.76539549999995 ], [ -43.1963537, -6.76583219999998 ], [ -43.192982099999902, -6.766269 ], [ -43.185799099999898, -6.76670569999993 ], [ -43.180863799999898, -6.76709389999996 ], [ -43.1782741, -6.76733649999994 ], [ -43.174365, -6.76864659999995 ], [ -43.168794499999898, -6.77107269999993 ], [ -43.163957, -6.77383849999995 ], [ -43.1591683, -6.77757479999997 ], [ -43.1539399, -6.78145649999993 ], [ -43.150910399999901, -6.78296069999993 ], [ -43.1475876, -6.78368849999993 ], [ -43.144264899999897, -6.78339739999996 ], [ -43.140013699999898, -6.78247549999998 ], [ -43.1377171, -6.78213589999996 ], [ -43.1349319, -6.782524 ], [ -43.131560299999897, -6.78135949999995 ], [ -43.1275535, -6.77946709999998 ], [ -43.123644399999897, -6.77728359999998 ], [ -43.119930699999898, -6.77616759999995 ], [ -43.115875, -6.77519719999998 ], [ -43.112845499999899, -6.77403259999994 ], [ -43.109620499999899, -6.77214029999993 ], [ -43.104978399999901, -6.77024789999996 ], [ -43.1012158999999, -6.76796729999995 ], [ -43.099114799999903, -6.76563809999993 ], [ -43.0981864, -6.76379429999997 ], [ -43.0963295, -6.76083429999994 ], [ -43.093593199999901, -6.75816549999996 ], [ -43.0918829, -6.75603039999993 ], [ -43.0899284, -6.75355559999997 ], [ -43.088287099999903, -6.75174149999998 ], [ -43.087197499999903, -6.75080269999995 ], [ -43.0855306999999, -6.75001329999998 ], [ -43.083502699999897, -6.74929049999997 ], [ -43.0812306, -6.74894579999994 ], [ -43.076002199999898, -6.74909139999994 ], [ -43.0701874, -6.74962509999995 ], [ -43.065985199999901, -6.74981919999993 ], [ -43.0652153999999, -6.74997909999996 ], [ -43.064616999999899, -6.750353 ], [ -43.0640804, -6.75084609999993 ], [ -43.0633465, -6.75166319999994 ], [ -43.0609032999999, -6.75457469999998 ], [ -43.0573851, -6.75763169999993 ], [ -43.052743099999901, -6.76020349999993 ], [ -43.0483328, -6.76179609999997 ], [ -43.0479056, -6.76195029999997 ], [ -43.0442896, -6.76214439999995 ], [ -43.039812099999899, -6.76239549999997 ], [ -43.038230499999898, -6.76248409999994 ], [ -43.0351484, -6.76268919999995 ], [ -43.0321314, -6.76289 ], [ -43.030803299999903, -6.76296929999995 ], [ -43.0286245, -6.76283589999997 ], [ -43.0260635, -6.76267819999993 ], [ -43.0234824, -6.76237669999995 ], [ -43.023299699999903, -6.76235529999997 ], [ -43.0209439, -6.76208009999993 ], [ -43.019418, -6.76190179999998 ], [ -43.017474999999898, -6.76153429999994 ], [ -43.0142873, -6.76093129999992 ], [ -43.0112061, -6.76005049999998 ], [ -43.011062299999899, -6.76000939999994 ], [ -43.0078862, -6.75855369999994 ], [ -43.0032914, -6.75587389999993 ], [ -43.003202499999901, -6.755822 ], [ -43.0017293, -6.75496289999995 ], [ -42.9986509, -6.75307039999996 ], [ -42.9945463, -6.750353 ], [ -42.992800299999899, -6.74872839999995 ], [ -42.9917611, -6.74705329999995 ], [ -42.9895134, -6.74273449999993 ], [ -42.9874611, -6.73841569999996 ], [ -42.985848599999898, -6.73244689999996 ], [ -42.983894, -6.72623549999997 ], [ -42.9808156, -6.72133419999994 ], [ -42.977443999999899, -6.71793719999994 ], [ -42.972948599999903, -6.71483139999998 ], [ -42.970424099999903, -6.71343719999993 ], [ -42.967769, -6.71221079999998 ], [ -42.963664499999901, -6.71036669999995 ], [ -42.9568235, -6.70808589999996 ], [ -42.9511065, -6.70507709999993 ], [ -42.947099599999902, -6.701777 ], [ -42.9431417, -6.69740929999995 ], [ -42.9403179, -6.69399939999994 ], [ -42.938304199999898, -6.69100329999998 ], [ -42.9361542, -6.68784879999993 ], [ -42.932636, -6.68285 ], [ -42.9296553, -6.67935569999997 ], [ -42.926137099999899, -6.67620109999996 ], [ -42.923009799999903, -6.67396859999997 ], [ -42.9213975, -6.67264629999994 ], [ -42.919931399999903, -6.67100809999994 ], [ -42.9187118, -6.66885 ], [ -42.918025699999902, -6.66630039999995 ], [ -42.9173905, -6.66333989999993 ], [ -42.9169507, -6.65921449999996 ], [ -42.915834, -6.65584859999996 ], [ -42.9155337, -6.65494349999994 ], [ -42.9148984, -6.65101219999997 ], [ -42.915093899999903, -6.64795439999995 ], [ -42.913649, -6.646152 ], [ -42.912121, -6.646961 ], [ -42.911169, -6.647779 ], [ -42.910087, -6.648256 ], [ -42.909245999999897, -6.648785 ], [ -42.908318999999899, -6.648981 ], [ -42.907538, -6.649304 ], [ -42.90722, -6.649509 ], [ -42.906951999999897, -6.650103 ], [ -42.906828, -6.650436 ], [ -42.906557, -6.650666 ], [ -42.906102, -6.650819 ], [ -42.905751, -6.650845 ], [ -42.905021, -6.651151 ], [ -42.904682, -6.65142 ], [ -42.904238, -6.65217 ], [ -42.903753, -6.652596 ], [ -42.903185999999899, -6.652975 ], [ -42.902847, -6.653175 ], [ -42.902092, -6.653281 ], [ -42.901598, -6.653384 ], [ -42.901105, -6.653839 ], [ -42.900804999999899, -6.654073 ], [ -42.900255, -6.654243 ], [ -42.900006, -6.654375 ], [ -42.899491, -6.654938 ], [ -42.898835, -6.65536 ], [ -42.898406, -6.655662 ], [ -42.8982, -6.655717 ], [ -42.897972, -6.655632 ], [ -42.897483, -6.655342 ], [ -42.897176, -6.655353 ], [ -42.896936, -6.655549 ], [ -42.896634999999897, -6.655992 ], [ -42.8964147, -6.65645009999997 ], [ -42.896283, -6.656724 ], [ -42.896107, -6.657001 ], [ -42.895871, -6.65707 ], [ -42.895275, -6.656967 ], [ -42.8949567, -6.65687 ], [ -42.894648, -6.656776 ], [ -42.894052, -6.656504 ], [ -42.89343, -6.656015 ], [ -42.892966, -6.655563 ], [ -42.892747, -6.655503 ], [ -42.892361, -6.655529 ], [ -42.89179, -6.655687 ], [ -42.891198, -6.655844 ], [ -42.890704, -6.655827 ], [ -42.890168, -6.655612 ], [ -42.889533, -6.655288 ], [ -42.888914999999898, -6.655309 ], [ -42.887868, -6.655624 ], [ -42.887503, -6.655778 ], [ -42.887026999999897, -6.656203 ], [ -42.886434, -6.656859 ], [ -42.885932, -6.657298 ], [ -42.885542, -6.657473 ], [ -42.884902, -6.657503 ], [ -42.884571999999899, -6.657545 ], [ -42.884293, -6.657443 ], [ -42.884143, -6.657221 ], [ -42.883898, -6.656672 ], [ -42.883705, -6.656548 ], [ -42.882784, -6.6564 ], [ -42.882085, -6.656341 ], [ -42.881802, -6.656396 ], [ -42.881321, -6.656639 ], [ -42.880746, -6.656673 ], [ -42.879844999999897, -6.6566 ], [ -42.879387999999899, -6.656582 ], [ -42.87892, -6.656753 ], [ -42.878504, -6.656757 ], [ -42.877401, -6.656591 ], [ -42.876547, -6.656587 ], [ -42.875765999999899, -6.656706 ], [ -42.874868, -6.657081 ], [ -42.874001, -6.657503 ], [ -42.873026, -6.657903 ], [ -42.872546, -6.658065 ], [ -42.87173, -6.658104 ], [ -42.871124, -6.658165 ], [ -42.870622, -6.658156 ], [ -42.870137, -6.657884 ], [ -42.869687, -6.657978 ], [ -42.869124, -6.658212 ], [ -42.868858, -6.658306 ], [ -42.868291999999897, -6.658306 ], [ -42.868073, -6.658169 ], [ -42.865288099999901, -6.65959109999994 ], [ -42.862928, -6.66172739999996 ], [ -42.8602195, -6.66268039999994 ], [ -42.856937699999897, -6.66228189999993 ], [ -42.8414513, -6.70563249999998 ], [ -42.8285152999999, -6.72450169999996 ], [ -42.793678199999903, -6.77399589999993 ], [ -42.7932752, -6.77456849999993 ], [ -42.7945142, -6.80569249999996 ], [ -42.7988592, -6.91484219999995 ], [ -42.7988607999999, -6.91488219999997 ], [ -42.7988621, -6.91491619999994 ], [ -42.7988718, -6.91515829999997 ], [ -42.854151, -6.99792369999994 ], [ -42.854834299999901, -6.99894679999994 ], [ -42.8729225, -7.02603639999995 ], [ -42.8754331, -7.02979719999996 ], [ -42.9396636, -7.12601439999997 ], [ -42.9397278, -7.12611049999998 ], [ -42.940401999999899, -7.12712049999993 ], [ -42.944602099999898, -7.13341369999995 ], [ -42.9442677, -7.13483779999996 ], [ -42.944241, -7.13495449999994 ], [ -42.9306079, -7.19300329999993 ], [ -42.852428, -7.21461629999993 ], [ -42.8155394, -7.27975179999993 ], [ -42.842318299999903, -7.35435739999997 ], [ -42.8850095, -7.35880209999993 ], [ -42.896631899999903, -7.35608159999992 ] ] ] ] } },
{ "type": "Feature", "properties": { "CD_MUN": "2203800", "NM_MUN": "Flores do Piauí", "CD_RGI": "220019", "NM_RGI": "Canto do Buriti", "CD_RGINT": "2206", "NM_RGINT": "Floriano", "CD_UF": "22", "NM_UF": "Piauí", "SIGLA_UF": "PI", "CD_REGIAO": "2", "NM_REGIAO": "Nordeste", "SIGLA_RG": "NE", "CD_CONCURB": null, "NM_CONCURB": null, "AREA_KM2": 946.72 }, "geometry": { "type": "MultiPolygon", "coordinates": [ [ [ [ -42.872283099999898, -7.81941869999997 ], [ -42.8754468, -7.82722779999995 ], [ -42.889361, -7.86158709999995 ], [ -42.889576599999899, -7.86211979999996 ], [ -42.8984924, -7.88413959999997 ], [ -42.9594207, -7.89419629999998 ], [ -43.059325999999899, -7.91068639999997 ], [ -43.0571696, -7.87070589999996 ], [ -43.048984399999902, -7.87454139999994 ], [ -43.0450514, -7.79915649999998 ], [ -43.0450288, -7.79872239999997 ], [ -43.0450039, -7.79824189999994 ], [ -43.0428603, -7.75732779999993 ], [ -43.0419103999999, -7.73919789999997 ], [ -43.0353583, -7.73418079999993 ], [ -42.9686048, -7.68307009999995 ], [ -42.9682774, -7.68281939999997 ], [ -42.9681878, -7.68275079999995 ], [ -42.9681303, -7.68270679999995 ], [ -42.968105, -7.68268739999996 ], [ -42.9271405, -7.65132609999995 ], [ -42.9269798, -7.65120309999998 ], [ -42.9269687, -7.65119459999994 ], [ -42.8865231, -7.62023289999996 ], [ -42.861495499999897, -7.61922509999994 ], [ -42.843750999999898, -7.60132929999997 ], [ -42.804302699999901, -7.56154489999994 ], [ -42.8237004, -7.43414269999994 ], [ -42.8206115, -7.42832459999994 ], [ -42.817124299999897, -7.42175629999997 ], [ -42.7983313, -7.38635939999995 ], [ -42.6822468, -7.46995879999997 ], [ -42.678542, -7.59145849999993 ], [ -42.6792616, -7.623382 ], [ -42.7029797, -7.64342989999994 ], [ -42.727354499999898, -7.63362839999996 ], [ -42.7288482, -7.65462749999995 ], [ -42.756243099999899, -7.70195719999998 ], [ -42.803333199999898, -7.64927519999998 ], [ -42.8438073, -7.74913189999995 ], [ -42.8438151, -7.74915119999997 ], [ -42.8456236, -7.753613 ], [ -42.872283099999898, -7.81941869999997 ] ] ] ] } },
{ "type": "Feature", "properties": { "CD_MUN": "2204105", "NM_MUN": "Francisco Ayres", "CD_RGI": "220017", "NM_RGI": "Floriano", "CD_RGINT": "2206", "NM_RGINT": "Floriano", "CD_UF": "22", "NM_UF": "Piauí", "SIGLA_UF": "PI", "CD_REGIAO": "2", "NM_REGIAO": "Nordeste", "SIGLA_RG": "NE", "CD_CONCURB": null, "NM_CONCURB": null, "AREA_KM2": 682.514 }, "geometry": { "type": "MultiPolygon", "coordinates": [ [ [ [ -42.628959199999898, -6.70812689999997 ], [ -42.6289508999999, -6.70824129999994 ], [ -42.6288575, -6.709536 ], [ -42.6287298, -6.71130689999995 ], [ -42.629982599999899, -6.71430239999995 ], [ -42.6330078, -6.71638129999997 ], [ -42.6380687, -6.71735279999996 ], [ -42.6442764, -6.72169659999997 ], [ -42.6480137, -6.72631259999997 ], [ -42.648723899999901, -6.72771549999993 ], [ -42.648746699999897, -6.73007069999994 ], [ -42.647195699999898, -6.733101 ], [ -42.646301999999899, -6.73435949999993 ], [ -42.6459191, -6.73585939999998 ], [ -42.645524099999903, -6.742314 ], [ -42.644585199999902, -6.74343019999998 ], [ -42.643284999999899, -6.74403829999994 ], [ -42.641559, -6.74442709999994 ], [ -42.6415587, -6.74442719999996 ], [ -42.638534, -6.74510749999996 ], [ -42.6362223, -6.74615269999993 ], [ -42.6329585, -6.74723079999995 ], [ -42.631559799999899, -6.74843679999998 ], [ -42.6297364, -6.74984319999993 ], [ -42.6291775, -6.75146919999997 ], [ -42.630325, -6.75513629999995 ], [ -42.6289424, -6.758611 ], [ -42.624001399999898, -6.76012269999995 ], [ -42.6237151999999, -6.76278359999998 ], [ -42.62125, -6.76420509999997 ], [ -42.616242199999903, -6.77071339999998 ], [ -42.612752, -6.77657039999997 ], [ -42.611724, -6.78101259999994 ], [ -42.6120596, -6.78182779999997 ], [ -42.6125938, -6.78568979999994 ], [ -42.613285899999902, -6.78782509999996 ], [ -42.6143327, -6.78952869999995 ], [ -42.6146871, -6.79150629999998 ], [ -42.6212439, -6.79927979999997 ], [ -42.665873, -6.85219089999993 ], [ -42.6874657, -6.83904389999998 ], [ -42.6887492, -6.83826229999994 ], [ -42.6890379, -6.83808649999997 ], [ -42.6896666, -6.83770359999994 ], [ -42.6900008, -6.83750009999994 ], [ -42.6941305, -6.83498529999997 ], [ -42.7932752, -6.77456849999993 ], [ -42.793678199999903, -6.77399589999993 ], [ -42.8285152999999, -6.72450169999996 ], [ -42.8414513, -6.70563249999998 ], [ -42.8145067, -6.60717949999997 ], [ -42.8144650999999, -6.60702739999994 ], [ -42.8143502, -6.60660729999995 ], [ -42.814255, -6.60625989999994 ], [ -42.7966157, -6.54186319999997 ], [ -42.796454299999901, -6.54127379999994 ], [ -42.796399999999899, -6.54107549999998 ], [ -42.796391099999902, -6.54104319999993 ], [ -42.796382299999898, -6.54101089999995 ], [ -42.7963167999999, -6.54077209999997 ], [ -42.7963048, -6.540728 ], [ -42.7962927, -6.54068389999998 ], [ -42.795915299999898, -6.53930609999998 ], [ -42.795906499999901, -6.53927389999996 ], [ -42.795897599999897, -6.53924159999997 ], [ -42.7957009, -6.53852359999996 ], [ -42.795688, -6.53847629999996 ], [ -42.7956785, -6.53844149999998 ], [ -42.795436, -6.53755629999995 ], [ -42.7954271, -6.537524 ], [ -42.7954180999999, -6.53749079999994 ], [ -42.795206999999898, -6.53672029999996 ], [ -42.7951952, -6.53667709999996 ], [ -42.7951833, -6.53663389999997 ], [ -42.7948807, -6.535529 ], [ -42.7911176, -6.52179459999996 ], [ -42.7071473, -6.51149679999997 ], [ -42.7068267, -6.511458 ], [ -42.7067893, -6.51145349999996 ], [ -42.7067248, -6.51144559999994 ], [ -42.6965946, -6.51361469999995 ], [ -42.6516672, -6.52324449999998 ], [ -42.612917099999898, -6.53154879999994 ], [ -42.608032299999898, -6.53554069999996 ], [ -42.608475999999897, -6.53742829999993 ], [ -42.6120485, -6.542425 ], [ -42.6113625999999, -6.54911589999995 ], [ -42.6149273999999, -6.55515309999993 ], [ -42.616962999999899, -6.56134059999994 ], [ -42.6195152, -6.56308719999993 ], [ -42.6223763, -6.56361839999994 ], [ -42.623854, -6.56461959999996 ], [ -42.6240483, -6.56727159999997 ], [ -42.621755999999898, -6.570356 ], [ -42.6218701, -6.57306079999995 ], [ -42.622895099999901, -6.57463989999997 ], [ -42.624214799999898, -6.575723 ], [ -42.6268133, -6.57722669999993 ], [ -42.631241499999902, -6.57662639999995 ], [ -42.633132799999899, -6.57555829999995 ], [ -42.6346336, -6.57647669999994 ], [ -42.635159499999901, -6.57896479999994 ], [ -42.6346105, -6.58136479999996 ], [ -42.6364483, -6.58290619999997 ], [ -42.6391948999999, -6.58373949999998 ], [ -42.6445492, -6.590906 ], [ -42.6461695, -6.59201129999997 ], [ -42.6485734, -6.59365119999995 ], [ -42.651529799999899, -6.59822719999994 ], [ -42.6551334, -6.60240059999995 ], [ -42.6548993, -6.607766 ], [ -42.6523438, -6.60971059999997 ], [ -42.648000099999898, -6.60997009999994 ], [ -42.6449982, -6.61263849999995 ], [ -42.6395565, -6.61411409999994 ], [ -42.636597499999901, -6.61578279999998 ], [ -42.633113299999899, -6.617936 ], [ -42.6314497, -6.61983359999994 ], [ -42.630158499999901, -6.62173309999997 ], [ -42.6289932, -6.62321879999996 ], [ -42.6279061, -6.62565759999995 ], [ -42.6273552, -6.62755429999993 ], [ -42.6272341, -6.62797149999994 ], [ -42.6261545, -6.63081349999993 ], [ -42.625318999999898, -6.63255039999996 ], [ -42.6244846, -6.63405059999997 ], [ -42.6230317, -6.635704 ], [ -42.621262199999897, -6.63752969999996 ], [ -42.6172281, -6.64102929999996 ], [ -42.613632799999898, -6.64225179999994 ], [ -42.6125481, -6.64422709999997 ], [ -42.6132219, -6.64533139999998 ], [ -42.615478799999899, -6.64673109999995 ], [ -42.6151872, -6.64854029999998 ], [ -42.6118984, -6.64983439999997 ], [ -42.6118887, -6.65184929999998 ], [ -42.6137485, -6.65345639999992 ], [ -42.617483299999897, -6.65397629999995 ], [ -42.617469, -6.65400479999994 ], [ -42.6175377, -6.65398389999996 ], [ -42.619735299999903, -6.655975 ], [ -42.619664999999898, -6.658804 ], [ -42.614769399999901, -6.66472179999994 ], [ -42.6136538, -6.66776129999994 ], [ -42.613022999999899, -6.66948 ], [ -42.6138601, -6.68256909999997 ], [ -42.6217813, -6.69155179999996 ], [ -42.621935999999899, -6.69172719999995 ], [ -42.6227264, -6.69323679999997 ], [ -42.6238101, -6.69542059999998 ], [ -42.624641499999903, -6.69710339999995 ], [ -42.6283342, -6.69900169999994 ], [ -42.629361399999901, -6.70254929999993 ], [ -42.6289732, -6.70793219999996 ], [ -42.628959199999898, -6.70812689999997 ] ] ] ] } },
{ "type": "Feature", "properties": { "CD_MUN": "2203602", "NM_MUN": "Eliseu Martins", "CD_RGI": "220019", "NM_RGI": "Canto do Buriti", "CD_RGINT": "2206", "NM_RGINT": "Floriano", "CD_UF": "22", "NM_UF": "Piauí", "SIGLA_UF": "PI", "CD_REGIAO": "2", "NM_REGIAO": "Nordeste", "SIGLA_RG": "NE", "CD_CONCURB": null, "NM_CONCURB": null, "AREA_KM2": 1097.866 }, "geometry": { "type": "MultiPolygon", "coordinates": [ [ [ [ -43.500175199999902, -8.128700499999979 ], [ -43.5001942, -8.12872 ], [ -43.5006926, -8.12923239999998 ], [ -43.5187452, -8.147791 ], [ -43.529772099999903, -8.14983919999997 ], [ -43.536825899999897, -8.15114939999995 ], [ -43.5714606, -8.15758409999995 ], [ -43.5855685, -8.13512019999996 ], [ -43.6122877, -8.14938629999995 ], [ -43.7071063, -8.15605849999997 ], [ -43.723851599999897, -8.157236799999961 ], [ -43.733547299999898, -8.043917599999929 ], [ -43.7884875, -8.06741759999994 ], [ -43.7885375, -8.068127699999931 ], [ -43.7952035, -8.068302499999961 ], [ -43.7960492999999, -8.067404799999959 ], [ -43.7966041, -8.06731909999996 ], [ -43.7973352, -8.067312 ], [ -43.7980277999999, -8.067669099999931 ], [ -43.7982488, -8.06805119999996 ], [ -43.7983027, -8.06862119999994 ], [ -43.7983882, -8.069056899999961 ], [ -43.7986553, -8.069134199999951 ], [ -43.7989456, -8.06899039999996 ], [ -43.7992767, -8.06891689999998 ], [ -43.799682699999899, -8.06905439999997 ], [ -43.8001408, -8.06901269999997 ], [ -43.8006596, -8.068734799999961 ], [ -43.8011887, -8.068212 ], [ -43.8013046, -8.06785569999994 ], [ -43.801240499999899, -8.06738679999995 ], [ -43.8007435, -8.06705739999995 ], [ -43.800066199999897, -8.066881499999971 ], [ -43.799949599999898, -8.06666489999998 ], [ -43.800070499999897, -8.066328299999951 ], [ -43.800469099999901, -8.06613039999996 ], [ -43.8010231, -8.06618929999996 ], [ -43.801312799999899, -8.065972699999969 ], [ -43.8013597, -8.06557559999993 ], [ -43.801072, -8.065177499999949 ], [ -43.801057199999903, -8.064797299999951 ], [ -43.8013046, -8.06445 ], [ -43.8017679, -8.06386329999998 ], [ -43.80198, -8.06348819999994 ], [ -43.8021012, -8.062808799999971 ], [ -43.8022572, -8.062466899999951 ], [ -43.802890299999902, -8.06203449999998 ], [ -43.8030153, -8.06167409999995 ], [ -43.8029377, -8.06126809999995 ], [ -43.802335899999903, -8.06054489999997 ], [ -43.8023597, -8.060245699999941 ], [ -43.8026262, -8.059781599999949 ], [ -43.802669799999897, -8.059248799999979 ], [ -43.8023287, -8.058446 ], [ -43.8019474, -8.058102199999951 ], [ -43.8014152, -8.057928899999981 ], [ -43.8013589, -8.057611599999969 ], [ -43.8015549, -8.05731989999992 ], [ -43.801715699999903, -8.05698539999997 ], [ -43.801598, -8.056417799999959 ], [ -43.8011447, -8.056099299999969 ], [ -43.80069, -8.05608529999995 ], [ -43.8001002, -8.05600609999993 ], [ -43.7997882, -8.055525299999941 ], [ -43.7996855, -8.05479689999993 ], [ -43.7994614999999, -8.054455 ], [ -43.798763199999897, -8.054328399999971 ], [ -43.798594, -8.05391319999995 ], [ -43.7985871, -8.053269899999981 ], [ -43.7988032, -8.05284329999995 ], [ -43.799261499999901, -8.05232059999997 ], [ -43.7998967, -8.05155489999993 ], [ -43.7999278, -8.05104619999997 ], [ -43.7995442, -8.05080869999995 ], [ -43.7990389, -8.05095749999998 ], [ -43.798688599999899, -8.051212699999949 ], [ -43.7982605999999, -8.05103609999998 ], [ -43.7980049, -8.050514 ], [ -43.798091999999897, -8.05019869999995 ], [ -43.798667, -8.049941599999951 ], [ -43.7993016, -8.049684799999969 ], [ -43.7999899, -8.04892479999995 ], [ -43.800406199999898, -8.048087 ], [ -43.8009481, -8.04774009999994 ], [ -43.8011226, -8.047456699999939 ], [ -43.8010169, -8.04677339999995 ], [ -43.8009863999999, -8.046103099999931 ], [ -43.8014143, -8.045337399999941 ], [ -43.801389399999898, -8.044871899999981 ], [ -43.8011463, -8.044395499999951 ], [ -43.800467, -8.043839399999969 ], [ -43.7997616, -8.043610399999981 ], [ -43.7992171, -8.043697499999951 ], [ -43.7986907, -8.04384689999995 ], [ -43.798393599999898, -8.04424959999994 ], [ -43.7983495, -8.044799099999979 ], [ -43.798615299999902, -8.04503 ], [ -43.799179, -8.04518849999994 ], [ -43.799295099999902, -8.045593599999959 ], [ -43.7992532, -8.046010499999969 ], [ -43.799078699999903, -8.046361 ], [ -43.798465099999902, -8.04657819999994 ], [ -43.797911999999897, -8.04632539999994 ], [ -43.7973271, -8.04579279999996 ], [ -43.7972564, -8.044988399999969 ], [ -43.7973838999999, -8.04415709999995 ], [ -43.7970119, -8.04334009999997 ], [ -43.7964564, -8.042714399999969 ], [ -43.7960073, -8.04220449999997 ], [ -43.7960439, -8.04174479999995 ], [ -43.7962735, -8.041408599999951 ], [ -43.7966716, -8.040871 ], [ -43.796553199999899, -8.040373799999941 ], [ -43.796295299999898, -8.03982579999996 ], [ -43.796366599999899, -8.03902869999996 ], [ -43.7964585, -8.037722899999951 ], [ -43.796879299999901, -8.03693369999996 ], [ -43.7973751, -8.03642529999996 ], [ -43.7979903, -8.03636309999996 ], [ -43.7991038, -8.03655909999998 ], [ -43.799718299999903, -8.036517199999929 ], [ -43.7999813, -8.036159899999969 ], [ -43.800058, -8.035382499999971 ], [ -43.800302499999901, -8.034225499999931 ], [ -43.800060099999897, -8.03359879999994 ], [ -43.7997022, -8.03290189999996 ], [ -43.799854099999898, -8.03241079999998 ], [ -43.8003052, -8.032144899999929 ], [ -43.8009127, -8.03216339999994 ], [ -43.8013592, -8.031996499999931 ], [ -43.801361, -8.03151189999994 ], [ -43.8011478, -8.03122059999993 ], [ -43.800455999999897, -8.03093349999995 ], [ -43.799762, -8.03091219999993 ], [ -43.7989461, -8.031255 ], [ -43.798217899999898, -8.03153729999997 ], [ -43.797994199999899, -8.031286899999939 ], [ -43.7979958, -8.03087849999997 ], [ -43.798060399999898, -8.030406899999949 ], [ -43.7979422, -8.029987899999981 ], [ -43.797621999999897, -8.02971229999997 ], [ -43.797134099999901, -8.02977539999995 ], [ -43.7963794, -8.03015959999993 ], [ -43.795905199999901, -8.03041479999996 ], [ -43.795523499999902, -8.030345599999981 ], [ -43.7950254, -8.03029189999995 ], [ -43.7944295, -8.03027379999997 ], [ -43.7939823, -8.02971829999996 ], [ -43.793881499999898, -8.02910849999995 ], [ -43.7938588, -8.02845389999993 ], [ -43.793632499999902, -8.02806669999995 ], [ -43.793221199999898, -8.02799379999993 ], [ -43.7926704, -8.028017199999971 ], [ -43.7924581, -8.02766789999993 ], [ -43.7923471, -8.02693109999996 ], [ -43.7926393, -8.025799399999929 ], [ -43.7930903, -8.02524429999994 ], [ -43.793967699999897, -8.02486719999996 ], [ -43.7949927, -8.024541499999939 ], [ -43.795490399999899, -8.02461439999996 ], [ -43.7960216, -8.024784299999959 ], [ -43.796221499999902, -8.024617399999951 ], [ -43.7963194, -8.02417579999997 ], [ -43.7965113, -8.023811399999939 ], [ -43.796868199999899, -8.023665499999939 ], [ -43.7975552999999, -8.023549 ], [ -43.7978853, -8.023872799999941 ], [ -43.798231299999898, -8.024214499999969 ], [ -43.798960399999899, -8.024294899999971 ], [ -43.7996749, -8.024063899999931 ], [ -43.800023699999898, -8.02383959999997 ], [ -43.800372799999899, -8.02361519999994 ], [ -43.800441299999903, -8.02282439999993 ], [ -43.800216799999902, -8.021992 ], [ -43.799592699999899, -8.02162669999996 ], [ -43.798986399999897, -8.02150579999994 ], [ -43.7986121, -8.020876499999931 ], [ -43.798424699999899, -8.020077599999979 ], [ -43.7983518, -8.01933419999995 ], [ -43.7982297, -8.01902439999998 ], [ -43.7975248, -8.01875649999994 ], [ -43.797219599999899, -8.018480499999949 ], [ -43.796321799999902, -8.016585099999929 ], [ -43.7964939, -8.01603239999997 ], [ -43.7969876, -8.01570589999994 ], [ -43.797367699999903, -8.015353199999939 ], [ -43.7973757, -8.01496619999995 ], [ -43.7969921, -8.01426419999996 ], [ -43.7967373, -8.01320219999997 ], [ -43.7967667, -8.01246169999996 ], [ -43.7972311, -8.01221979999997 ], [ -43.7978866999999, -8.01231869999998 ], [ -43.798271999999898, -8.01213289999993 ], [ -43.7982817, -8.011275 ], [ -43.797944399999899, -8.01026909999996 ], [ -43.7975781, -8.00911169999995 ], [ -43.7968635, -8.007689 ], [ -43.7959683, -8.005916099999981 ], [ -43.795248199999897, -8.004792099999969 ], [ -43.795096999999899, -8.00419349999993 ], [ -43.7953668, -8.003639699999949 ], [ -43.795277499999898, -8.003245699999979 ], [ -43.7946373999999, -8.002593899999971 ], [ -43.794527, -8.001829599999949 ], [ -43.7947468, -8.001145799999961 ], [ -43.7954549, -8.00036419999998 ], [ -43.7957266, -7.99991389999997 ], [ -43.7956816, -7.99940759999993 ], [ -43.7951962, -7.99911719999994 ], [ -43.7945161, -7.99898989999997 ], [ -43.7940545, -7.99866239999994 ], [ -43.7934235, -7.99800179999994 ], [ -43.7930641, -7.99785369999995 ], [ -43.7923044, -7.99788929999994 ], [ -43.7919687, -7.99762369999996 ], [ -43.7915897, -7.99659789999993 ], [ -43.791093299999901, -7.99626039999993 ], [ -43.789458599999897, -7.99621029999997 ], [ -43.7886179, -7.99586009999996 ], [ -43.7882571, -7.994905 ], [ -43.7885747999999, -7.99391129999998 ], [ -43.7892476, -7.99264249999993 ], [ -43.790604099999896, -7.99164369999994 ], [ -43.792557799999898, -7.99060209999993 ], [ -43.7930732, -7.98991749999993 ], [ -43.7928845, -7.98897669999997 ], [ -43.7921069, -7.98806339999993 ], [ -43.7915762, -7.98717969999996 ], [ -43.7911897, -7.98603019999996 ], [ -43.7913073, -7.98500709999996 ], [ -43.7920808, -7.98342089999994 ], [ -43.792870799999903, -7.98209559999998 ], [ -43.792456899999898, -7.98147459999996 ], [ -43.791662, -7.98095179999996 ], [ -43.7910896, -7.98098119999997 ], [ -43.7907484, -7.98125169999997 ], [ -43.7905134, -7.981706 ], [ -43.7906318, -7.98225259999998 ], [ -43.790661199999903, -7.98281389999994 ], [ -43.790199399999899, -7.98363079999996 ], [ -43.7896962, -7.98397869999997 ], [ -43.7889686, -7.98399789999996 ], [ -43.7882789, -7.983656 ], [ -43.787917799999903, -7.98303339999995 ], [ -43.7878876, -7.982346 ], [ -43.788113199999898, -7.981738 ], [ -43.7885845, -7.98133919999998 ], [ -43.7893167, -7.98114489999995 ], [ -43.7897644, -7.98065559999998 ], [ -43.7902419, -7.98005959999995 ], [ -43.790805599999899, -7.97973179999997 ], [ -43.7913746, -7.97955569999993 ], [ -43.7916925, -7.97935529999995 ], [ -43.7917216, -7.978884 ], [ -43.791482899999899, -7.978301 ], [ -43.791179699999901, -7.97807029999996 ], [ -43.790861499999899, -7.97780519999998 ], [ -43.7909796, -7.97755269999993 ], [ -43.791249299999897, -7.97746269999993 ], [ -43.791632, -7.97736159999994 ], [ -43.7916898, -7.97703589999998 ], [ -43.7914974, -7.97668349999998 ], [ -43.7909715, -7.97657979999997 ], [ -43.7906062, -7.976772 ], [ -43.790187499999902, -7.97674459999996 ], [ -43.789774099999903, -7.97633749999994 ], [ -43.7897806, -7.975937 ], [ -43.7900468, -7.97576509999993 ], [ -43.7905608, -7.97599109999993 ], [ -43.790968399999898, -7.97606339999993 ], [ -43.7912147, -7.97583139999995 ], [ -43.7911541, -7.97551139999996 ], [ -43.790834899999901, -7.97514829999994 ], [ -43.7909314, -7.97461989999994 ], [ -43.791561699999903, -7.97391869999996 ], [ -43.7921871, -7.97359479999994 ], [ -43.7927336, -7.97366129999995 ], [ -43.793438799999898, -7.97423679999997 ], [ -43.7937118, -7.97456769999997 ], [ -43.7942955, -7.97489019999995 ], [ -43.7946681, -7.975025 ], [ -43.795239599999903, -7.97487789999997 ], [ -43.7957074, -7.97485089999998 ], [ -43.796110499999898, -7.97479419999996 ], [ -43.796411299999903, -7.97455309999998 ], [ -43.7965131999999, -7.974133 ], [ -43.7961328, -7.97265459999994 ], [ -43.7955621999999, -7.97112589999995 ], [ -43.795520699999898, -7.97011579999997 ], [ -43.795314399999903, -7.96959489999995 ], [ -43.7948011, -7.96933219999994 ], [ -43.7941891, -7.96921079999993 ], [ -43.7934993, -7.96918949999997 ], [ -43.793024699999897, -7.96905729999997 ], [ -43.792753699999899, -7.96866279999995 ], [ -43.7927701, -7.96810329999994 ], [ -43.7932607, -7.96741319999995 ], [ -43.7933745999999, -7.96696139999995 ], [ -43.7935447999999, -7.96621669999996 ], [ -43.793932599999899, -7.965735 ], [ -43.794314299999897, -7.96548129999996 ], [ -43.7949, -7.96542519999997 ], [ -43.7952529, -7.965272 ], [ -43.7953825, -7.96489889999998 ], [ -43.7952093, -7.96434019999998 ], [ -43.794659599999903, -7.96385249999997 ], [ -43.7939848, -7.96357679999994 ], [ -43.7929035, -7.963302 ], [ -43.7923326, -7.96297549999997 ], [ -43.7922733, -7.96239419999995 ], [ -43.7920702, -7.961527 ], [ -43.7921734, -7.96066789999998 ], [ -43.792056, -7.96034449999996 ], [ -43.7915131, -7.96015849999998 ], [ -43.791084399999903, -7.95985019999995 ], [ -43.7909145, -7.95948319999997 ], [ -43.791043, -7.95871529999994 ], [ -43.7910757, -7.956964 ], [ -43.79093, -7.95609969999998 ], [ -43.7907048, -7.95548179999997 ], [ -43.790706699999902, -7.95513939999995 ], [ -43.7913844999999, -7.95418669999998 ], [ -43.7915345, -7.95364159999997 ], [ -43.7916868, -7.95329259999994 ], [ -43.792215999999897, -7.95242709999997 ], [ -43.792288799999902, -7.95205749999997 ], [ -43.792194799999898, -7.95170509999997 ], [ -43.7918311, -7.95139629999994 ], [ -43.791439099999899, -7.95122679999997 ], [ -43.7912951, -7.95107839999997 ], [ -43.7914772, -7.95066159999993 ], [ -43.7917621, -7.95043419999996 ], [ -43.7919883, -7.95026259999997 ], [ -43.7919651, -7.95000649999997 ], [ -43.791539699999902, -7.94973529999993 ], [ -43.791227, -7.949908 ], [ -43.790888, -7.95007859999993 ], [ -43.7906404, -7.94988979999994 ], [ -43.790501999999897, -7.94947309999998 ], [ -43.7900802, -7.94916559999996 ], [ -43.789602499999901, -7.949104 ], [ -43.7888637, -7.94890859999998 ], [ -43.7883244, -7.94876569999997 ], [ -43.7879869, -7.94845319999996 ], [ -43.787835099999903, -7.94808719999997 ], [ -43.7875304, -7.94796529999996 ], [ -43.787207899999899, -7.94801549999994 ], [ -43.7868850999999, -7.94791729999997 ], [ -43.7862453, -7.94746539999994 ], [ -43.7860054, -7.947436 ], [ -43.785633399999902, -7.94738289999998 ], [ -43.7853302, -7.94692 ], [ -43.7849221, -7.94661759999997 ], [ -43.7848355, -7.94634569999994 ], [ -43.7850318, -7.94601639999996 ], [ -43.7852988, -7.94567279999995 ], [ -43.785415, -7.94555859999997 ], [ -43.785446, -7.94538869999997 ], [ -43.7853403, -7.94522129999996 ], [ -43.7850753, -7.94525489999995 ], [ -43.7848559, -7.94533709999996 ], [ -43.784695, -7.94517339999993 ], [ -43.7845339, -7.94486109999997 ], [ -43.7846127, -7.94457839999995 ], [ -43.784860599999902, -7.94419079999994 ], [ -43.7849825, -7.94382109999998 ], [ -43.7849112, -7.94339 ], [ -43.7849947999999, -7.943081 ], [ -43.785572, -7.94230689999995 ], [ -43.7860198, -7.94164479999995 ], [ -43.7862064, -7.94121929999994 ], [ -43.7862957, -7.94065489999997 ], [ -43.7862766, -7.93963919999993 ], [ -43.7864784, -7.93853269999994 ], [ -43.7864643, -7.93778789999993 ], [ -43.786080399999904, -7.93690439999995 ], [ -43.785949899999899, -7.93612519999994 ], [ -43.7859938, -7.93566059999995 ], [ -43.7859597, -7.93524959999996 ], [ -43.785906399999902, -7.93479459999998 ], [ -43.7860234, -7.93452649999995 ], [ -43.786307399999899, -7.93423989999997 ], [ -43.7865085, -7.93388439999995 ], [ -43.786566999999899, -7.93363839999995 ], [ -43.786461099999897, -7.93332249999997 ], [ -43.786272499999903, -7.93308619999993 ], [ -43.786298299999899, -7.93264539999996 ], [ -43.786426199999902, -7.93194419999998 ], [ -43.7867362, -7.93136519999996 ], [ -43.7873006, -7.93088579999994 ], [ -43.7876034, -7.93034609999995 ], [ -43.787612399999901, -7.92984829999995 ], [ -43.7874067, -7.92925809999997 ], [ -43.787436, -7.92872339999997 ], [ -43.7875869, -7.92797059999998 ], [ -43.787892499999899, -7.92771479999993 ], [ -43.788218599999901, -7.92757069999993 ], [ -43.7885759, -7.92755359999995 ], [ -43.7889486, -7.92737739999995 ], [ -43.7896352, -7.92697389999995 ], [ -43.790231999999897, -7.92703289999997 ], [ -43.7907693, -7.92692649999998 ], [ -43.7911195, -7.92680009999998 ], [ -43.791513, -7.926884 ], [ -43.791643899999897, -7.92698839999997 ], [ -43.791700499999898, -7.927201 ], [ -43.7917644999999, -7.92752289999993 ], [ -43.7919914, -7.92769839999994 ], [ -43.792390699999899, -7.92767529999998 ], [ -43.7927933, -7.92740989999993 ], [ -43.793033, -7.92729079999998 ], [ -43.793306399999899, -7.92728569999997 ], [ -43.793647099999902, -7.92750859999995 ], [ -43.7939181, -7.92751659999993 ], [ -43.7940244, -7.92715779999997 ], [ -43.794001099999903, -7.92676229999995 ], [ -43.7938411, -7.92622089999998 ], [ -43.793912299999903, -7.92513769999994 ], [ -43.793941399999902, -7.92445449999997 ], [ -43.7943336, -7.92335019999996 ], [ -43.7946592, -7.92276049999998 ], [ -43.794963499999902, -7.922437 ], [ -43.7950362999999, -7.92211259999993 ], [ -43.7949674, -7.92166829999996 ], [ -43.795176, -7.92113979999993 ], [ -43.795629399999903, -7.92089669999996 ], [ -43.7964031, -7.92061649999994 ], [ -43.796611599999899, -7.92037029999995 ], [ -43.7967594, -7.91955969999998 ], [ -43.7968933, -7.91912469999994 ], [ -43.7971956, -7.91870189999997 ], [ -43.797323499999898, -7.91837389999995 ], [ -43.7972849, -7.91813749999994 ], [ -43.7971274, -7.91788 ], [ -43.797064599999899, -7.91747729999997 ], [ -43.7972741, -7.91715029999995 ], [ -43.7976179, -7.91683389999997 ], [ -43.7977673, -7.91638819999997 ], [ -43.797531499999899, -7.91573859999994 ], [ -43.797081299999903, -7.91544209999995 ], [ -43.796683, -7.91538429999997 ], [ -43.7960952, -7.91546809999994 ], [ -43.795782, -7.915466 ], [ -43.7956053999999, -7.91531289999995 ], [ -43.7954932, -7.91480679999995 ], [ -43.7953128999999, -7.914599 ], [ -43.794930899999898, -7.914301 ], [ -43.794822699999898, -7.91411639999995 ], [ -43.79482, -7.91383249999996 ], [ -43.7950653, -7.91345809999996 ], [ -43.7950795, -7.91323119999993 ], [ -43.794837099999903, -7.91306639999993 ], [ -43.7944954, -7.91307279999995 ], [ -43.7942535, -7.91335339999995 ], [ -43.7939158, -7.91371139999995 ], [ -43.7935859, -7.91365249999996 ], [ -43.7932784, -7.91324659999998 ], [ -43.7933811, -7.91283309999994 ], [ -43.793528299999899, -7.912549 ], [ -43.793816, -7.91246549999994 ], [ -43.794075899999903, -7.912161 ], [ -43.794031899999901, -7.91150539999995 ], [ -43.7939273, -7.91125719999997 ], [ -43.793661, -7.911223 ], [ -43.7932597, -7.91155609999993 ], [ -43.7928749, -7.91179769999997 ], [ -43.7925096, -7.91223179999997 ], [ -43.7921583, -7.912439 ], [ -43.791752599999903, -7.91227189999995 ], [ -43.791557699999899, -7.91184559999994 ], [ -43.791389, -7.91127539999997 ], [ -43.7911774, -7.91094049999998 ], [ -43.7907703, -7.91070559999997 ], [ -43.790506, -7.91050969999998 ], [ -43.790456499999898, -7.91025779999995 ], [ -43.7905125999999, -7.91002479999997 ], [ -43.790692299999897, -7.90978689999997 ], [ -43.791115799999901, -7.90963319999997 ], [ -43.791587499999899, -7.90966369999995 ], [ -43.792075899999901, -7.90975119999996 ], [ -43.7923494, -7.90974619999997 ], [ -43.7926684, -7.90964139999994 ], [ -43.793022, -7.90942129999996 ], [ -43.7931799, -7.90900409999995 ], [ -43.793354399999899, -7.90849539999994 ], [ -43.7935032, -7.90839919999996 ], [ -43.793528099999897, -7.90818779999995 ], [ -43.793464399999898, -7.90801439999996 ], [ -43.7930266, -7.90794949999997 ], [ -43.7924594, -7.90799649999997 ], [ -43.7920301999999, -7.90810859999993 ], [ -43.7917294, -7.90833819999995 ], [ -43.7915351, -7.90835749999997 ], [ -43.7912636, -7.90805239999997 ], [ -43.7909739, -7.90762249999995 ], [ -43.791039199999901, -7.90704019999993 ], [ -43.7917242, -7.90597489999993 ], [ -43.7921461, -7.90590319999995 ], [ -43.7924231, -7.90580419999998 ], [ -43.792656599999901, -7.90549509999994 ], [ -43.792685999999897, -7.90496039999994 ], [ -43.793258099999903, -7.90391549999993 ], [ -43.793261899999898, -7.903521 ], [ -43.792956699999898, -7.903102 ], [ -43.792820499999898, -7.90257819999994 ], [ -43.792721099999902, -7.90162889999993 ], [ -43.7928261, -7.90120229999997 ], [ -43.7931485, -7.90100359999997 ], [ -43.7935143999999, -7.90101509999994 ], [ -43.794613399999903, -7.90044269999993 ], [ -43.7946977, -7.90020459999994 ], [ -43.7948516, -7.89958439999998 ], [ -43.794861899999901, -7.89915429999996 ], [ -43.7945928, -7.89868769999993 ], [ -43.7942952, -7.89852649999995 ], [ -43.7937769, -7.89837969999996 ], [ -43.7934552, -7.89820059999994 ], [ -43.7932941, -7.89788819999995 ], [ -43.793510899999902, -7.89767059999997 ], [ -43.7939453, -7.89782939999998 ], [ -43.7943055, -7.89809639999993 ], [ -43.7945695, -7.89829219999996 ], [ -43.794916999999899, -7.89803049999995 ], [ -43.7947186, -7.89754949999997 ], [ -43.7945109, -7.89741779999997 ], [ -43.794204, -7.89745729999993 ], [ -43.7938101, -7.89707619999996 ], [ -43.7937161, -7.89669489999994 ], [ -43.7940318, -7.89593539999993 ], [ -43.7945395, -7.89524329999995 ], [ -43.794608599999897, -7.89486429999994 ], [ -43.793816999999898, -7.893899 ], [ -43.7934271, -7.89289759999997 ], [ -43.7933856, -7.89230259999994 ], [ -43.793786399999902, -7.89137529999994 ], [ -43.7941642, -7.88922879999996 ], [ -43.7945923, -7.88703019999997 ], [ -43.795318, -7.88491909999993 ], [ -43.7955933, -7.88423109999997 ], [ -43.7959792, -7.88390869999995 ], [ -43.796225999999898, -7.88360189999997 ], [ -43.7958704, -7.88316019999996 ], [ -43.7943306, -7.88285739999998 ], [ -43.793882799999899, -7.88269609999998 ], [ -43.793020399999897, -7.88282609999993 ], [ -43.7922391, -7.88337459999997 ], [ -43.7920895, -7.88367179999995 ], [ -43.7921681, -7.88421239999997 ], [ -43.7922275, -7.88470889999996 ], [ -43.7920058, -7.88495279999995 ], [ -43.791542799999903, -7.88495089999998 ], [ -43.791183499999903, -7.88445469999994 ], [ -43.790331, -7.88307349999997 ], [ -43.7903193, -7.88262009999994 ], [ -43.7904394, -7.88173709999995 ], [ -43.7902743, -7.88107319999995 ], [ -43.789436099999897, -7.88043729999993 ], [ -43.7893996, -7.88003919999994 ], [ -43.7894894, -7.87782889999994 ], [ -43.7892998, -7.87572959999994 ], [ -43.7898064, -7.87414689999997 ], [ -43.7898637, -7.87286129999995 ], [ -43.7898375, -7.87203309999995 ], [ -43.790114899999899, -7.87028719999995 ], [ -43.7903818, -7.869795 ], [ -43.7912099, -7.869737 ], [ -43.791952099999897, -7.86947829999997 ], [ -43.792640199999902, -7.86914239999993 ], [ -43.7931816, -7.86856439999997 ], [ -43.793768999999898, -7.86848059999994 ], [ -43.79442, -7.86842169999994 ], [ -43.794920499999897, -7.86791749999998 ], [ -43.795155, -7.86752769999993 ], [ -43.7949384, -7.86677359999993 ], [ -43.794525399999898, -7.86620019999998 ], [ -43.793969699999899, -7.86573609999994 ], [ -43.7935148, -7.86531709999997 ], [ -43.7930491, -7.865031 ], [ -43.7927776, -7.86457729999995 ], [ -43.792786299999896, -7.864081 ], [ -43.7931685, -7.86370389999996 ], [ -43.7935438, -7.86366309999994 ], [ -43.7938831, -7.86350429999993 ], [ -43.793874699999897, -7.86300139999997 ], [ -43.7936395, -7.86257889999996 ], [ -43.7930899, -7.86233809999993 ], [ -43.792557799999898, -7.86233169999997 ], [ -43.791919999999898, -7.86243969999992 ], [ -43.791182999999897, -7.86282479999994 ], [ -43.790796699999902, -7.86312879999997 ], [ -43.790358399999903, -7.86319109999994 ], [ -43.7899571, -7.86306559999997 ], [ -43.7895735, -7.86303289999995 ], [ -43.7892029, -7.86315289999993 ], [ -43.788824599999899, -7.86298989999995 ], [ -43.7886099, -7.86259959999995 ], [ -43.788405699999899, -7.86183659999995 ], [ -43.7883783, -7.86112379999997 ], [ -43.7885942, -7.85995339999994 ], [ -43.788987899999903, -7.85928259999997 ], [ -43.789154499999903, -7.85861989999995 ], [ -43.7892356999999, -7.85785149999998 ], [ -43.7894927, -7.857497 ], [ -43.789926599999902, -7.85744589999996 ], [ -43.790352, -7.85753769999997 ], [ -43.7906709, -7.85755109999997 ], [ -43.790808, -7.85722069999997 ], [ -43.790447, -7.85662279999997 ], [ -43.7895549, -7.85594489999994 ], [ -43.789179499999896, -7.85504119999996 ], [ -43.789317099999899, -7.85428419999994 ], [ -43.789155799999897, -7.85323829999993 ], [ -43.788804899999903, -7.85270819999994 ], [ -43.7882101, -7.852517 ], [ -43.787624299999898, -7.85282469999993 ], [ -43.7870478, -7.85325229999995 ], [ -43.786704799999903, -7.85393839999995 ], [ -43.7863081, -7.85417079999996 ], [ -43.7861333, -7.85422789999996 ], [ -43.7858261, -7.85415049999995 ], [ -43.7855041, -7.85387179999998 ], [ -43.7852574, -7.85324709999998 ], [ -43.785228, -7.85272569999995 ], [ -43.785418999999898, -7.85202859999993 ], [ -43.785680399999897, -7.85129329999995 ], [ -43.785850799999899, -7.85073609999995 ], [ -43.7857997, -7.84981179999994 ], [ -43.785473099999898, -7.84942789999997 ], [ -43.7849969, -7.84905979999996 ], [ -43.7847358, -7.84906679999995 ], [ -43.784391, -7.84978169999994 ], [ -43.784215699999898, -7.849948 ], [ -43.7841299, -7.85020619999995 ], [ -43.7842497, -7.85055809999994 ], [ -43.784454299999901, -7.85100609999995 ], [ -43.784649499999901, -7.85150089999996 ], [ -43.7845374999999, -7.85181459999995 ], [ -43.784258099999903, -7.85192359999996 ], [ -43.783829399999902, -7.85196309999998 ], [ -43.783492899999899, -7.85189949999994 ], [ -43.7832483, -7.85147739999996 ], [ -43.7830547, -7.850877 ], [ -43.7831171999999, -7.85054079999998 ], [ -43.7833223, -7.85030859999995 ], [ -43.783495199999898, -7.85005249999995 ], [ -43.7835027, -7.84973839999998 ], [ -43.7833737, -7.84933089999993 ], [ -43.7833504, -7.84886379999995 ], [ -43.7834228, -7.84808089999996 ], [ -43.783654899999902, -7.84755319999994 ], [ -43.7840221, -7.84725009999994 ], [ -43.7843826, -7.84673979999997 ], [ -43.784546799999902, -7.84621019999997 ], [ -43.7847682, -7.84599639999993 ], [ -43.7853026, -7.84586049999996 ], [ -43.785657, -7.84568539999998 ], [ -43.7859248, -7.84530909999995 ], [ -43.7859443, -7.84490929999993 ], [ -43.785628599999903, -7.844625 ], [ -43.7852131, -7.84445809999994 ], [ -43.7849143, -7.84421969999994 ], [ -43.784798899999899, -7.84388739999997 ], [ -43.7847619, -7.84350369999993 ], [ -43.7845399, -7.84308139999996 ], [ -43.784137799999897, -7.84266689999993 ], [ -43.7837476, -7.84244149999995 ], [ -43.7834324, -7.84244279999996 ], [ -43.783127599999901, -7.84233579999994 ], [ -43.7830046, -7.84210229999996 ], [ -43.7830622, -7.84166479999993 ], [ -43.783286599999897, -7.841306 ], [ -43.7834218, -7.84103859999993 ], [ -43.783754499999901, -7.84078859999994 ], [ -43.784116099999899, -7.84054879999997 ], [ -43.7844229, -7.84028709999995 ], [ -43.7845503, -7.83985029999997 ], [ -43.7845339, -7.83950839999994 ], [ -43.7843518, -7.839199 ], [ -43.784012, -7.83873189999997 ], [ -43.783968899999898, -7.83834549999995 ], [ -43.7840535, -7.838124 ], [ -43.7842845, -7.83801209999996 ], [ -43.784551, -7.83798139999993 ], [ -43.7847889, -7.83797339999995 ], [ -43.7849538, -7.83784449999996 ], [ -43.7850787, -7.83761439999995 ], [ -43.785287299999901, -7.83714409999993 ], [ -43.785462299999899, -7.83681559999997 ], [ -43.7855794, -7.83645879999995 ], [ -43.785476699999897, -7.83605489999997 ], [ -43.7851648, -7.83517439999997 ], [ -43.7847439, -7.83446879999997 ], [ -43.784707099999899, -7.83403889999994 ], [ -43.7848759, -7.83362639999996 ], [ -43.7851596, -7.832639 ], [ -43.785243799999897, -7.83228539999993 ], [ -43.7851611, -7.83198819999996 ], [ -43.7850139, -7.83183119999995 ], [ -43.784775, -7.83168989999996 ], [ -43.7844967999999, -7.83142839999994 ], [ -43.784089, -7.83118659999997 ], [ -43.7837762, -7.83118749999994 ], [ -43.7834549, -7.83118739999998 ], [ -43.7832316, -7.83093849999995 ], [ -43.7831462, -7.83040109999996 ], [ -43.7832607, -7.830059 ], [ -43.783575299999903, -7.82959429999994 ], [ -43.783808899999897, -7.82919369999996 ], [ -43.7840527, -7.82905659999994 ], [ -43.784427799999897, -7.82886349999995 ], [ -43.784716499999902, -7.82895669999994 ], [ -43.7849318, -7.82899809999998 ], [ -43.785062, -7.82881169999996 ], [ -43.7849767, -7.82844089999998 ], [ -43.78515, -7.82758049999995 ], [ -43.7854709, -7.82706609999997 ], [ -43.7855425, -7.82666479999995 ], [ -43.7853688, -7.82595539999994 ], [ -43.784975, -7.82532379999998 ], [ -43.7844127, -7.82488239999998 ], [ -43.7839994, -7.82460189999995 ], [ -43.7837021, -7.82435109999994 ], [ -43.7837049, -7.82409489999998 ], [ -43.783808099999902, -7.82374379999993 ], [ -43.7838924, -7.82349639999995 ], [ -43.783926199999897, -7.823283 ], [ -43.7839949, -7.82288009999996 ], [ -43.7842608, -7.82232009999996 ], [ -43.7844924, -7.82211339999998 ], [ -43.7847692, -7.82203549999997 ], [ -43.7853262, -7.82209819999997 ], [ -43.7857749, -7.82230679999998 ], [ -43.786055599999898, -7.82234829999993 ], [ -43.786405, -7.82223889999995 ], [ -43.786663299999901, -7.82220519999993 ], [ -43.7868725, -7.82217159999993 ], [ -43.7870553, -7.82208369999995 ], [ -43.7871729, -7.82197919999993 ], [ -43.7871723, -7.82166309999997 ], [ -43.7872599, -7.82141749999994 ], [ -43.7876709, -7.82096529999995 ], [ -43.7878595, -7.82041579999998 ], [ -43.7879179, -7.81980529999993 ], [ -43.7878769, -7.81921049999994 ], [ -43.78775, -7.81879509999993 ], [ -43.787392, -7.81861309999994 ], [ -43.786824599999903, -7.81852739999994 ], [ -43.786488899999902, -7.81852179999993 ], [ -43.7861783, -7.81863409999994 ], [ -43.7859276, -7.81873119999995 ], [ -43.7857035, -7.81870289999995 ], [ -43.785528699999901, -7.81859329999997 ], [ -43.785311799999903, -7.81857219999995 ], [ -43.785116, -7.81872069999997 ], [ -43.7850501, -7.81894119999993 ], [ -43.7851783999999, -7.81919569999997 ], [ -43.785229399999899, -7.81937669999996 ], [ -43.7851181999999, -7.81955769999996 ], [ -43.7849866, -7.81958 ], [ -43.7847907, -7.81947289999994 ], [ -43.784503599999901, -7.81932269999993 ], [ -43.7841791, -7.81904079999993 ], [ -43.7840765, -7.81877759999998 ], [ -43.7841506, -7.81847469999997 ], [ -43.784343, -7.81812389999993 ], [ -43.784634, -7.81773919999995 ], [ -43.784891199999898, -7.81757139999996 ], [ -43.7852579, -7.81747079999997 ], [ -43.785605599999897, -7.81746149999998 ], [ -43.7859366, -7.81767209999998 ], [ -43.7862296, -7.81794939999997 ], [ -43.7865103, -7.81808279999996 ], [ -43.7867256, -7.81794689999998 ], [ -43.786862799999902, -7.817569 ], [ -43.787122399999902, -7.81714849999997 ], [ -43.7871195, -7.81688709999997 ], [ -43.7870189, -7.81675619999993 ], [ -43.7867998, -7.81639959999995 ], [ -43.7868043, -7.816188 ], [ -43.7868768, -7.81578909999996 ], [ -43.7870429, -7.81541069999997 ], [ -43.7872796999999, -7.81507209999995 ], [ -43.787536499999902, -7.81486529999995 ], [ -43.7879732, -7.81477419999993 ], [ -43.788477999999898, -7.81484379999995 ], [ -43.7889028, -7.814944 ], [ -43.7891392, -7.81512609999993 ], [ -43.789146, -7.81534259999995 ], [ -43.789062699999903, -7.81549289999998 ], [ -43.7889407, -7.81574339999997 ], [ -43.788992699999902, -7.81602069999997 ], [ -43.7891006, -7.81628109999997 ], [ -43.7891086, -7.81674189999995 ], [ -43.7891263, -7.81706969999993 ], [ -43.789378999999897, -7.81741 ], [ -43.789597399999899, -7.81748029999994 ], [ -43.7898178, -7.81739729999993 ], [ -43.789954899999898, -7.81722619999994 ], [ -43.7902478, -7.81710949999996 ], [ -43.7905595, -7.81714519999997 ], [ -43.7907623, -7.81729569999993 ], [ -43.7909265, -7.81755749999996 ], [ -43.791042499999897, -7.81796319999995 ], [ -43.7911491999999, -7.81872449999997 ], [ -43.791141, -7.81909549999995 ], [ -43.7909691, -7.81927049999996 ], [ -43.7906641, -7.81932889999996 ], [ -43.790498199999902, -7.81946309999995 ], [ -43.790422799999902, -7.81979059999998 ], [ -43.790455, -7.82005869999995 ], [ -43.7906273, -7.820208 ], [ -43.7909284999999, -7.82024419999993 ], [ -43.791168399999897, -7.820163 ], [ -43.7914456, -7.82004279999995 ], [ -43.7916729, -7.81985019999996 ], [ -43.7917998, -7.81956109999993 ], [ -43.7918432, -7.81924689999994 ], [ -43.7920915999999, -7.81863389999995 ], [ -43.792199599999897, -7.81827929999997 ], [ -43.7922293, -7.81811019999998 ], [ -43.7923835, -7.81803329999997 ], [ -43.792574199999898, -7.81805139999994 ], [ -43.792719299999902, -7.81829149999993 ], [ -43.7928651, -7.81857289999994 ], [ -43.7931136, -7.818733 ], [ -43.7931383, -7.81896359999996 ], [ -43.793105599999897, -7.81920849999995 ], [ -43.7931717, -7.81935229999993 ], [ -43.7933331999999, -7.81933529999998 ], [ -43.793483, -7.819247 ], [ -43.7934996, -7.81907559999996 ], [ -43.793507299999902, -7.818866 ], [ -43.793488599999897, -7.81861489999994 ], [ -43.7934675, -7.81828889999997 ], [ -43.7935376, -7.81801669999993 ], [ -43.793693, -7.81767919999993 ], [ -43.7938526, -7.81750929999993 ], [ -43.794091599999902, -7.817334 ], [ -43.7940937, -7.81719609999993 ], [ -43.7939651, -7.81702049999996 ], [ -43.7937315, -7.81686829999995 ], [ -43.7936718, -7.816718 ], [ -43.7937041, -7.81650149999996 ], [ -43.7937539, -7.81628809999995 ], [ -43.793778099999898, -7.81612479999995 ], [ -43.7937186, -7.81575059999994 ], [ -43.7937059, -7.81546859999997 ], [ -43.7936875, -7.81519459999993 ], [ -43.7936026, -7.81510149999997 ], [ -43.793258799999897, -7.81505919999995 ], [ -43.7928448, -7.81492819999994 ], [ -43.7925824, -7.81481369999995 ], [ -43.792449299999902, -7.81465059999994 ], [ -43.7922823, -7.81411689999993 ], [ -43.7923514, -7.81390729999993 ], [ -43.792500399999902, -7.81372669999996 ], [ -43.7928056, -7.81356829999993 ], [ -43.7929983, -7.81341179999993 ], [ -43.7931123, -7.81325069999997 ], [ -43.7931927, -7.81295589999996 ], [ -43.7933545, -7.81265959999996 ], [ -43.793494, -7.81257 ], [ -43.7937262, -7.81257159999996 ], [ -43.7939104, -7.81266549999998 ], [ -43.7942154, -7.81292539999993 ], [ -43.794466499999899, -7.81304839999996 ], [ -43.794707699999897, -7.81307049999998 ], [ -43.7949087, -7.81299119999994 ], [ -43.795103, -7.81288049999995 ], [ -43.795333099999901, -7.81278489999994 ], [ -43.7954559, -7.81278329999998 ], [ -43.7955901999999, -7.81289989999993 ], [ -43.7957807, -7.81314179999993 ], [ -43.7960045, -7.81322749999993 ], [ -43.7963528, -7.81329669999997 ], [ -43.7967288, -7.81320919999996 ], [ -43.7966096, -7.81282569999996 ], [ -43.7967096, -7.81231779999996 ], [ -43.7969768, -7.81208749999996 ], [ -43.7971797, -7.81176849999997 ], [ -43.7972171, -7.81135219999993 ], [ -43.7972118, -7.81103439999993 ], [ -43.797323999999897, -7.81083369999993 ], [ -43.7974553, -7.81061259999996 ], [ -43.79741, -7.81040969999998 ], [ -43.797192299999899, -7.81038989999996 ], [ -43.7969515999999, -7.81041339999996 ], [ -43.7967657, -7.810344 ], [ -43.796598699999898, -7.81011349999994 ], [ -43.7964514, -7.80957319999993 ], [ -43.796351, -7.80936909999997 ], [ -43.795996499999902, -7.80902979999996 ], [ -43.7954976, -7.80832249999997 ], [ -43.795162199999901, -7.80796259999994 ], [ -43.794994899999899, -7.80768479999995 ], [ -43.7950342, -7.80749559999998 ], [ -43.795172599999901, -7.80747119999995 ], [ -43.7953573, -7.80754839999997 ], [ -43.7957696, -7.80792079999998 ], [ -43.796498299999897, -7.80833749999994 ], [ -43.796735399999903, -7.80838389999997 ], [ -43.796978599999903, -7.80829839999996 ], [ -43.7971484, -7.80808359999997 ], [ -43.797195, -7.80775479999994 ], [ -43.7968781, -7.80699909999993 ], [ -43.796926, -7.80661489999994 ], [ -43.7972116, -7.80603559999997 ], [ -43.7973669, -7.80562279999998 ], [ -43.7974732, -7.80507689999996 ], [ -43.7978376, -7.80430719999993 ], [ -43.7979409, -7.80387469999994 ], [ -43.797825499999902, -7.803285 ], [ -43.7977675, -7.80258719999995 ], [ -43.797837699999903, -7.80192589999996 ], [ -43.7981444, -7.80136139999996 ], [ -43.798248699999903, -7.80106549999994 ], [ -43.7982936, -7.80055659999994 ], [ -43.798538699999902, -7.80022109999993 ], [ -43.7987322, -7.79972069999997 ], [ -43.7988529, -7.79932589999993 ], [ -43.7987962, -7.79900139999995 ], [ -43.79854, -7.79897529999994 ], [ -43.7981688, -7.79907129999998 ], [ -43.7977261999999, -7.79883489999997 ], [ -43.7974077, -7.798517 ], [ -43.7971954, -7.79817719999994 ], [ -43.7970769, -7.79793879999994 ], [ -43.7968949, -7.79794039999996 ], [ -43.79678, -7.79810949999995 ], [ -43.796954, -7.79849 ], [ -43.7972677, -7.79893229999993 ], [ -43.7975279, -7.79945979999997 ], [ -43.79754, -7.79971989999996 ], [ -43.7974252, -7.799936 ], [ -43.797197299999901, -7.80002409999997 ], [ -43.796794599999899, -7.79988029999993 ], [ -43.7965503, -7.79959019999995 ], [ -43.7961551, -7.79892359999997 ], [ -43.7957728, -7.79865789999997 ], [ -43.7956296999999, -7.79828259999994 ], [ -43.7956156, -7.79774829999997 ], [ -43.795376599999898, -7.79747459999993 ], [ -43.7950074, -7.79736739999993 ], [ -43.7944772, -7.79751569999996 ], [ -43.7943015, -7.79747919999994 ], [ -43.794266299999897, -7.79726209999995 ], [ -43.794311799999903, -7.79698779999995 ], [ -43.7944651, -7.79677809999993 ], [ -43.7944568, -7.79644389999993 ], [ -43.794186399999901, -7.79535919999995 ], [ -43.7941786, -7.79461139999995 ], [ -43.793996799999903, -7.794089 ], [ -43.793463599999903, -7.79344659999998 ], [ -43.7931275, -7.79332909999994 ], [ -43.7928328, -7.79334369999998 ], [ -43.792428399999899, -7.79359079999995 ], [ -43.7921825, -7.79369149999997 ], [ -43.791958, -7.79366279999994 ], [ -43.7916726999999, -7.79338139999993 ], [ -43.791305099999903, -7.79254649999996 ], [ -43.7913856, -7.79117709999997 ], [ -43.7914215, -7.79062739999995 ], [ -43.791563499999903, -7.79053319999997 ], [ -43.7920722, -7.79051439999995 ], [ -43.7923589, -7.79040459999993 ], [ -43.792526, -7.79011109999993 ], [ -43.7928042, -7.78967139999997 ], [ -43.793007799999899, -7.78963419999997 ], [ -43.793230799999897, -7.78971759999996 ], [ -43.793326299999897, -7.78999909999993 ], [ -43.7934609, -7.79009149999996 ], [ -43.793672199999897, -7.79010239999997 ], [ -43.7939137, -7.78988369999996 ], [ -43.794044, -7.78966879999996 ], [ -43.794137, -7.78944149999995 ], [ -43.793984099999903, -7.78922109999996 ], [ -43.793741699999899, -7.78906429999995 ], [ -43.7938028, -7.78888649999993 ], [ -43.7940371, -7.78890119999994 ], [ -43.794405, -7.78910979999995 ], [ -43.795093699999903, -7.78914369999995 ], [ -43.7954708, -7.78896279999998 ], [ -43.7959213, -7.78866809999994 ], [ -43.79625, -7.78849479999997 ], [ -43.7964496, -7.78843349999994 ], [ -43.7966686, -7.78849269999995 ], [ -43.796634599999898, -7.78869829999996 ], [ -43.796599199999903, -7.78891149999993 ], [ -43.7969444, -7.78925709999993 ], [ -43.7973401, -7.78934509999993 ], [ -43.797596999999897, -7.78922269999993 ], [ -43.7976843, -7.78879129999996 ], [ -43.797879, -7.78828349999998 ], [ -43.797863, -7.78776129999994 ], [ -43.797687799999899, -7.787295 ], [ -43.7972932, -7.78710559999996 ], [ -43.7968835, -7.78710149999995 ], [ -43.796412599999897, -7.78722819999996 ], [ -43.7960729, -7.78708679999994 ], [ -43.7959225, -7.78685109999998 ], [ -43.7959251999999, -7.78640569999993 ], [ -43.7962788, -7.78589229999994 ], [ -43.796671499999903, -7.78555929999993 ], [ -43.797149299999901, -7.785409 ], [ -43.7976487, -7.78543189999994 ], [ -43.7985757, -7.78527269999995 ], [ -43.7987871, -7.78505579999995 ], [ -43.7987175, -7.78444089999994 ], [ -43.798850699999903, -7.78427159999995 ], [ -43.7991239, -7.78414719999995 ], [ -43.799403799999901, -7.78385559999998 ], [ -43.7999172, -7.78363019999995 ], [ -43.800301499999897, -7.78308289999995 ], [ -43.8003962, -7.78272609999993 ], [ -43.8003115, -7.78247409999994 ], [ -43.799766299999902, -7.78201279999996 ], [ -43.799651, -7.78173739999994 ], [ -43.799542, -7.78102169999994 ], [ -43.7996532, -7.78082579999995 ], [ -43.799845499999897, -7.78080629999994 ], [ -43.800226699999897, -7.78085489999995 ], [ -43.800643799999897, -7.78068779999995 ], [ -43.800928199999902, -7.78047829999997 ], [ -43.801029, -7.78025089999994 ], [ -43.8010174, -7.77980439999993 ], [ -43.800946399999901, -7.779372 ], [ -43.8008715, -7.77877269999993 ], [ -43.8009633, -7.77858349999997 ], [ -43.8011549, -7.778537 ], [ -43.801485199999902, -7.77863059999993 ], [ -43.801505899999903, -7.77884469999998 ], [ -43.8016855, -7.77902149999994 ], [ -43.8019221, -7.77895559999996 ], [ -43.802110399999897, -7.77868259999997 ], [ -43.8022429, -7.77809229999997 ], [ -43.8022045, -7.77762519999993 ], [ -43.802165699999897, -7.77709349999998 ], [ -43.8022553, -7.77636579999995 ], [ -43.802397299999903, -7.77546949999993 ], [ -43.8023023, -7.77489369999995 ], [ -43.802072, -7.77451579999996 ], [ -43.801773099999899, -7.77428849999995 ], [ -43.8012977, -7.77406609999997 ], [ -43.8011089, -7.77410819999994 ], [ -43.8008871, -7.774243 ], [ -43.800590499999899, -7.77435439999994 ], [ -43.8004298, -7.77426219999995 ], [ -43.8003418, -7.77402559999996 ], [ -43.8003343, -7.77375309999996 ], [ -43.8001872, -7.77367939999993 ], [ -43.800063099999903, -7.77370029999997 ], [ -43.799799199999903, -7.77395839999997 ], [ -43.7995255, -7.77409149999994 ], [ -43.799259199999902, -7.77403929999997 ], [ -43.798909, -7.77386249999995 ], [ -43.798738899999897, -7.77361089999994 ], [ -43.798679799999903, -7.77336429999997 ], [ -43.7987403, -7.77326139999997 ], [ -43.798744499999898, -7.77300369999995 ], [ -43.7987019, -7.77285259999996 ], [ -43.7983905, -7.77256459999995 ], [ -43.7981195, -7.77218149999993 ], [ -43.7976868, -7.77099569999996 ], [ -43.7976958, -7.77066479999996 ], [ -43.7980808, -7.76996409999998 ], [ -43.7982383, -7.76986359999995 ], [ -43.798465399999898, -7.769766 ], [ -43.7986222, -7.769545 ], [ -43.7986021, -7.76922969999993 ], [ -43.798373, -7.76891879999994 ], [ -43.7978234, -7.76828969999997 ], [ -43.7977291999999, -7.76793989999993 ], [ -43.7977695, -7.76768529999993 ], [ -43.7979248, -7.76743509999994 ], [ -43.7980557, -7.76721359999993 ], [ -43.798005799999899, -7.76698669999996 ], [ -43.7977499, -7.76662749999997 ], [ -43.7977271, -7.76646119999998 ], [ -43.797788099999899, -7.76618389999993 ], [ -43.7978937, -7.76592909999994 ], [ -43.7981124, -7.76572459999994 ], [ -43.7982795, -7.76554009999995 ], [ -43.798348, -7.76530879999996 ], [ -43.798226999999898, -7.765043 ], [ -43.7980578, -7.76492959999996 ], [ -43.7978244, -7.764783 ], [ -43.7977586, -7.76460229999998 ], [ -43.7977908, -7.764418 ], [ -43.7979768, -7.764161 ], [ -43.797998999999898, -7.76398329999995 ], [ -43.7978764, -7.763708 ], [ -43.79748, -7.76333589999996 ], [ -43.7970299, -7.76303909999996 ], [ -43.7967558, -7.76309279999998 ], [ -43.7965065, -7.76320709999993 ], [ -43.796329399999898, -7.76317729999994 ], [ -43.7962916, -7.76300939999993 ], [ -43.796339799999899, -7.76286429999993 ], [ -43.796582199999897, -7.76255419999995 ], [ -43.7967692, -7.76224129999997 ], [ -43.796841599999901, -7.76200589999996 ], [ -43.7967844, -7.76188619999994 ], [ -43.796634299999901, -7.76161229999997 ], [ -43.7964253, -7.76103429999995 ], [ -43.7964997, -7.76040519999998 ], [ -43.796352199999902, -7.759989 ], [ -43.796127, -7.75973089999997 ], [ -43.796117799999898, -7.75919669999996 ], [ -43.796046499999903, -7.75901459999994 ], [ -43.7959078, -7.758959 ], [ -43.7957655, -7.75903229999994 ], [ -43.7955482, -7.75897879999997 ], [ -43.795383199999897, -7.75885919999996 ], [ -43.795084, -7.75876629999993 ], [ -43.794945, -7.75886439999994 ], [ -43.7948622, -7.75900929999995 ], [ -43.7948933, -7.75931089999995 ], [ -43.7947923, -7.75963949999993 ], [ -43.7945966999999, -7.75975989999995 ], [ -43.7944132, -7.75969269999996 ], [ -43.7943223, -7.759514 ], [ -43.7943579, -7.75926089999996 ], [ -43.794251099999897, -7.75912889999995 ], [ -43.7940917, -7.75909949999993 ], [ -43.7938958, -7.75923109999997 ], [ -43.793779099999902, -7.75943669999998 ], [ -43.7937944, -7.75965379999997 ], [ -43.7936941, -7.75991 ], [ -43.793335899999903, -7.760105 ], [ -43.7927773, -7.76008269999994 ], [ -43.7923972, -7.759975 ], [ -43.7915313, -7.76033569999993 ], [ -43.791378, -7.76060149999995 ], [ -43.7913664, -7.76083869999997 ], [ -43.7912393, -7.76089369999994 ], [ -43.7909958, -7.76076869999997 ], [ -43.7904632999999, -7.76045589999995 ], [ -43.790188999999899, -7.76008549999995 ], [ -43.7901378, -7.75969959999998 ], [ -43.7902615, -7.75885809999994 ], [ -43.7904283, -7.75871039999993 ], [ -43.7906836, -7.75862509999996 ], [ -43.790902899999899, -7.75829509999994 ], [ -43.7909648, -7.757816 ], [ -43.7909299, -7.75738009999998 ], [ -43.790943, -7.75712449999997 ], [ -43.791118599999898, -7.75688759999997 ], [ -43.791435299999897, -7.75623289999993 ], [ -43.7914871, -7.75579379999994 ], [ -43.7916403, -7.75516929999998 ], [ -43.7915753, -7.75477009999997 ], [ -43.7913753999999, -7.75462049999993 ], [ -43.7904523999999, -7.75443059999998 ], [ -43.7897748, -7.75448669999997 ], [ -43.7896274, -7.75438149999997 ], [ -43.7895586, -7.75410569999997 ], [ -43.7896049, -7.75394579999994 ], [ -43.789749399999899, -7.75389219999994 ], [ -43.7900531, -7.75400739999998 ], [ -43.790332799999902, -7.754021 ], [ -43.7904411, -7.75384589999993 ], [ -43.7904543, -7.75364119999995 ], [ -43.7904884, -7.75333339999997 ], [ -43.7907082, -7.752828 ], [ -43.7905727, -7.75259519999997 ], [ -43.790383399999897, -7.75251989999998 ], [ -43.7901878, -7.75252229999995 ], [ -43.789844699999897, -7.75264769999995 ], [ -43.7893589, -7.75266609999994 ], [ -43.789108999999897, -7.75260239999994 ], [ -43.7890009, -7.75250809999994 ], [ -43.7889105, -7.75231149999996 ], [ -43.7889140999999, -7.75213969999993 ], [ -43.789035, -7.75194809999994 ], [ -43.7892315, -7.75184909999996 ], [ -43.789360799999898, -7.75168459999998 ], [ -43.7894061, -7.75152429999997 ], [ -43.7893634, -7.75128359999997 ], [ -43.7891420999999, -7.75119019999994 ], [ -43.7889074, -7.75101569999993 ], [ -43.7885414, -7.75060769999993 ], [ -43.788281599999898, -7.75058129999996 ], [ -43.7880536, -7.750634 ], [ -43.7877525, -7.75071169999995 ], [ -43.7874117, -7.75057649999997 ], [ -43.7870828, -7.750362 ], [ -43.7868215, -7.75004289999993 ], [ -43.7865947, -7.75001149999997 ], [ -43.7864274, -7.75018439999997 ], [ -43.786352, -7.75048439999995 ], [ -43.7861981, -7.75076419999994 ], [ -43.7859647, -7.75086909999993 ], [ -43.7856872999999, -7.75082909999998 ], [ -43.785481699999899, -7.75062359999993 ], [ -43.785345499999899, -7.75059279999994 ], [ -43.7851841, -7.75071739999993 ], [ -43.785098499999897, -7.75095319999997 ], [ -43.784877799999897, -7.75145779999997 ], [ -43.7848605, -7.751916 ], [ -43.7847968, -7.75236929999994 ], [ -43.784647199999903, -7.75245809999996 ], [ -43.784404799999898, -7.75240319999995 ], [ -43.7843015, -7.75218029999996 ], [ -43.784270499999899, -7.75189089999998 ], [ -43.7843199, -7.75170559999998 ], [ -43.7844653, -7.75145789999993 ], [ -43.7845783, -7.75102439999995 ], [ -43.784501599999899, -7.750784 ], [ -43.7844474, -7.75051629999996 ], [ -43.7843546, -7.75026519999994 ], [ -43.7843705, -7.74962579999993 ], [ -43.7845503, -7.749109 ], [ -43.785150499999901, -7.74789769999995 ], [ -43.7852303, -7.74758729999996 ], [ -43.7850662, -7.74716079999996 ], [ -43.785047, -7.74684959999996 ], [ -43.7853354, -7.74597969999996 ], [ -43.7852571, -7.74552029999995 ], [ -43.785318699999898, -7.74532619999997 ], [ -43.7855958, -7.74513839999997 ], [ -43.7857708, -7.74487929999998 ], [ -43.7857698, -7.74467269999997 ], [ -43.7856985, -7.74444369999998 ], [ -43.785534, -7.744162 ], [ -43.785289, -7.74398179999997 ], [ -43.7851108999999, -7.74380379999997 ], [ -43.7849179, -7.74348319999996 ], [ -43.7847388, -7.74339279999998 ], [ -43.7846294, -7.74350239999995 ], [ -43.784469999999899, -7.743829 ], [ -43.784357499999899, -7.74389059999993 ], [ -43.7842325, -7.74380489999993 ], [ -43.7838404, -7.74330829999997 ], [ -43.7833332, -7.74300939999995 ], [ -43.783115199999898, -7.74277589999997 ], [ -43.7832129, -7.742539 ], [ -43.7833618, -7.74238189999994 ], [ -43.7834422, -7.74222649999996 ], [ -43.7833572, -7.74213209999994 ], [ -43.7831596, -7.74205269999993 ], [ -43.782792399999899, -7.74192509999995 ], [ -43.782630099999899, -7.74180049999995 ], [ -43.782495, -7.741421 ], [ -43.7822737, -7.74095349999993 ], [ -43.7823101, -7.74073129999994 ], [ -43.7824279, -7.74051359999993 ], [ -43.7824686, -7.74030139999996 ], [ -43.7824896, -7.74002559999997 ], [ -43.7826267, -7.73985 ], [ -43.7827748999999, -7.73966679999995 ], [ -43.7827733, -7.73956889999994 ], [ -43.7826911, -7.73950489999993 ], [ -43.782508999999898, -7.73946149999995 ], [ -43.782237699999897, -7.73937639999997 ], [ -43.782037699999897, -7.73922979999998 ], [ -43.7817621, -7.73901179999996 ], [ -43.7811945, -7.73897439999996 ], [ -43.7808904, -7.73908409999996 ], [ -43.7807251, -7.73925509999998 ], [ -43.780522899999902, -7.73961749999995 ], [ -43.7802783, -7.73971179999995 ], [ -43.779886099999899, -7.73972419999996 ], [ -43.779632499999899, -7.73973679999995 ], [ -43.7793707, -7.74001759999993 ], [ -43.7792186, -7.74035989999993 ], [ -43.7792439, -7.74069069999996 ], [ -43.7794102, -7.74086709999995 ], [ -43.7799105, -7.741077 ], [ -43.7800549, -7.74123819999994 ], [ -43.7799146, -7.74148809999997 ], [ -43.779674, -7.74166119999995 ], [ -43.7793621, -7.74157779999996 ], [ -43.7790823, -7.74150639999993 ], [ -43.778871299999899, -7.74178549999993 ], [ -43.7787494, -7.74231139999995 ], [ -43.7788406, -7.74253989999994 ], [ -43.778821999999899, -7.74271279999994 ], [ -43.7787049, -7.74280459999994 ], [ -43.778545999999899, -7.742745 ], [ -43.7783238, -7.74263049999996 ], [ -43.777932399999898, -7.74212509999995 ], [ -43.7774487, -7.74167839999996 ], [ -43.776770999999897, -7.74144459999997 ], [ -43.7765815, -7.74127189999996 ], [ -43.7759369, -7.74023779999993 ], [ -43.7756678, -7.73978889999995 ], [ -43.7756198, -7.73947959999998 ], [ -43.7757374, -7.73880889999998 ], [ -43.775647799999902, -7.73842389999993 ], [ -43.7753407, -7.73778279999993 ], [ -43.775293599999898, -7.73746169999993 ], [ -43.7753312, -7.73723179999996 ], [ -43.7752674, -7.73711659999998 ], [ -43.775097899999899, -7.73683989999995 ], [ -43.7748664, -7.73670009999995 ], [ -43.7744953, -7.73662789999997 ], [ -43.7743336999999, -7.73645809999994 ], [ -43.774371899999899, -7.73620359999995 ], [ -43.7743938, -7.73538659999997 ], [ -43.7743485, -7.734653 ], [ -43.774532399999899, -7.73430789999998 ], [ -43.7748247, -7.73405129999998 ], [ -43.7755435, -7.73385309999998 ], [ -43.7757788, -7.73364659999993 ], [ -43.7759475, -7.73318509999996 ], [ -43.7758886, -7.73265749999996 ], [ -43.7756964, -7.73228079999996 ], [ -43.7754351, -7.73204729999998 ], [ -43.775152299999903, -7.73195919999995 ], [ -43.7747704, -7.73191489999994 ], [ -43.7746481, -7.73178419999994 ], [ -43.774604399999902, -7.73154569999997 ], [ -43.774763199999903, -7.73124249999995 ], [ -43.774746, -7.73102829999993 ], [ -43.774524799999902, -7.73085229999998 ], [ -43.7743035, -7.73088029999997 ], [ -43.774073799999897, -7.73103229999998 ], [ -43.7737339, -7.73144879999995 ], [ -43.773549699999897, -7.73149729999994 ], [ -43.773387, -7.73142959999996 ], [ -43.7732983, -7.73126029999997 ], [ -43.773334599999899, -7.73108849999994 ], [ -43.7733201, -7.73093729999994 ], [ -43.7732384, -7.73081039999994 ], [ -43.7730471, -7.73072639999998 ], [ -43.772768299999903, -7.73066229999995 ], [ -43.772524599999898, -7.73057839999996 ], [ -43.7725083, -7.73041659999996 ], [ -43.7726173, -7.730342 ], [ -43.772787, -7.73018929999995 ], [ -43.7728905, -7.72974019999998 ], [ -43.773048399999901, -7.72941859999997 ], [ -43.7733782, -7.72924329999995 ], [ -43.773588399999902, -7.72898389999995 ], [ -43.7737321, -7.72851879999996 ], [ -43.773725399999897, -7.72791439999997 ], [ -43.773879599999901, -7.72755869999997 ], [ -43.7743136, -7.72706169999998 ], [ -43.7744165, -7.72681029999995 ], [ -43.7743515, -7.72659969999995 ], [ -43.77391, -7.72624109999998 ], [ -43.7732748, -7.72591159999996 ], [ -43.772905099999903, -7.72560009999995 ], [ -43.772315499999898, -7.72494639999996 ], [ -43.771399099999897, -7.72480149999996 ], [ -43.7704449, -7.72428419999994 ], [ -43.7701082, -7.724255 ], [ -43.769779099999901, -7.72434229999993 ], [ -43.7689586, -7.72419939999997 ], [ -43.768623299999902, -7.72403109999993 ], [ -43.768067, -7.72395489999997 ], [ -43.7677732, -7.72406549999994 ], [ -43.7674191, -7.72406919999997 ], [ -43.766679, -7.72373119999997 ], [ -43.766150799999899, -7.72333849999995 ], [ -43.764744699999902, -7.72369739999993 ], [ -43.754509799999902, -7.73129039999998 ], [ -43.7367184, -7.74448959999995 ], [ -43.7261765, -7.75231039999994 ], [ -43.700314299999903, -7.77149719999994 ], [ -43.6867263, -7.78157789999995 ], [ -43.6302564, -7.82347189999996 ], [ -43.5499505, -7.88304949999997 ], [ -43.5435413, -7.90346859999994 ], [ -43.5420912, -7.90808829999997 ], [ -43.5400101, -7.91471849999994 ], [ -43.5375008, -7.92270079999997 ], [ -43.4930398, -8.064131199999959 ], [ -43.4922693, -8.12057389999995 ], [ -43.500175199999902, -8.128700499999979 ] ] ] ] } },
{ "type": "Feature", "properties": { "CD_MUN": "2210953", "NM_MUN": "Tamboril do Piauí", "CD_RGI": "220019", "NM_RGI": "Canto do Buriti", "CD_RGINT": "2206", "NM_RGINT": "Floriano", "CD_UF": "22", "NM_UF": "Piauí", "SIGLA_UF": "PI", "CD_REGIAO": "2", "NM_REGIAO": "Nordeste", "SIGLA_RG": "NE", "CD_CONCURB": null, "NM_CONCURB": null, "AREA_KM2": 1587.296 }, "geometry": { "type": "MultiPolygon", "coordinates": [ [ [ [ -43.275667999999897, -8.54152 ], [ -43.2751567, -8.53625089999997 ], [ -43.274837499999897, -8.53296119999993 ], [ -43.2739192, -8.530116699999949 ], [ -43.2705614, -8.52777579999997 ], [ -43.2702707, -8.527454 ], [ -43.2697261, -8.52685149999996 ], [ -43.2672008, -8.52405669999996 ], [ -43.2640881, -8.51976639999998 ], [ -43.2607277, -8.515557499999939 ], [ -43.257457299999899, -8.510092 ], [ -43.2502034, -8.499285199999971 ], [ -43.2491145, -8.49826869999993 ], [ -43.246227099999899, -8.496622899999981 ], [ -43.2448633, -8.495626499999959 ], [ -43.2447263, -8.49429719999995 ], [ -43.245283899999897, -8.492598099999951 ], [ -43.2466151, -8.49017059999994 ], [ -43.247554599999901, -8.487748299999961 ], [ -43.245585199999901, -8.482896499999979 ], [ -43.2448396, -8.480334399999951 ], [ -43.2416999, -8.47338379999997 ], [ -43.2415027, -8.470702299999971 ], [ -43.2419168, -8.46631249999996 ], [ -43.2416474, -8.464322599999949 ], [ -43.2411986, -8.46277149999997 ], [ -43.241363299999897, -8.461434299999951 ], [ -43.241697, -8.46055239999993 ], [ -43.241251599999899, -8.457971799999941 ], [ -43.2404447, -8.45629549999995 ], [ -43.2404217, -8.45484649999997 ], [ -43.240609499999898, -8.45330279999996 ], [ -43.241173499999903, -8.451363899999929 ], [ -43.2424531, -8.44561049999993 ], [ -43.2427321, -8.441162799999971 ], [ -43.2427827, -8.437670099999931 ], [ -43.242500199999903, -8.435138399999969 ], [ -43.2416984, -8.431328399999931 ], [ -43.2409681, -8.42879259999995 ], [ -43.2393681, -8.42665929999993 ], [ -43.2386413, -8.424941599999951 ], [ -43.2394467, -8.418908699999969 ], [ -43.2390055, -8.41646079999998 ], [ -43.2389785, -8.414335199999931 ], [ -43.2392776, -8.41003209999997 ], [ -43.2388402999999, -8.40812489999996 ], [ -43.2375901999999, -8.40572549999996 ], [ -43.2367848, -8.40301089999997 ], [ -43.2365867, -8.40096069999993 ], [ -43.2360077, -8.398631799999981 ], [ -43.2354718, -8.39729359999995 ], [ -43.2353945999999, -8.395566699999961 ], [ -43.2368958, -8.393195 ], [ -43.237449399999903, -8.386296499999959 ], [ -43.2373110999999, -8.383792799999981 ], [ -43.236282399999901, -8.380938 ], [ -43.236142599999901, -8.378782699999929 ], [ -43.2366425, -8.377790599999971 ], [ -43.2366673, -8.37653859999995 ], [ -43.2355322, -8.375973899999959 ], [ -43.2341663999999, -8.37436449999996 ], [ -43.231899999999897, -8.370487099999931 ], [ -43.2282934999999, -8.36551239999994 ], [ -43.2263932, -8.362383699999951 ], [ -43.2260492, -8.36181789999995 ], [ -43.226024499999902, -8.36180779999995 ], [ -43.0023307, -8.27045769999995 ], [ -43.001922, -8.270360499999979 ], [ -43.000978099999898, -8.27013469999997 ], [ -43.0007413, -8.27007809999998 ], [ -42.999336899999903, -8.267866199999959 ], [ -42.9974556, -8.26653439999995 ], [ -42.9956913, -8.264206199999929 ], [ -42.9944628, -8.262973799999941 ], [ -42.9919901, -8.26174759999998 ], [ -42.9903497, -8.259534 ], [ -42.9887014, -8.258864 ], [ -42.987586099999902, -8.257316599999969 ], [ -42.986057699999897, -8.25664549999993 ], [ -42.982055199999898, -8.254089099999931 ], [ -42.9770594, -8.25020449999994 ], [ -42.976004499999902, -8.24909669999994 ], [ -42.9750023, -8.248540199999979 ], [ -42.9695757, -8.248070199999971 ], [ -42.967041499999901, -8.247065499999961 ], [ -42.966458799999899, -8.24596069999996 ], [ -42.9654065, -8.244631799999979 ], [ -42.9628139, -8.24318489999996 ], [ -42.961287, -8.24152339999995 ], [ -42.9544046, -8.237738199999971 ], [ -42.951179599999897, -8.233756 ], [ -42.9497645, -8.233192899999951 ], [ -42.9482358, -8.23208389999996 ], [ -42.9470597, -8.23086359999996 ], [ -42.945119, -8.22997269999996 ], [ -42.9390048, -8.225640799999949 ], [ -42.935408499999902, -8.22495919999994 ], [ -42.933346099999902, -8.225172599999951 ], [ -42.9312116, -8.226107 ], [ -42.9297715, -8.22701569999998 ], [ -42.9269485, -8.22837909999993 ], [ -42.925741699999897, -8.22854449999994 ], [ -42.924477599999904, -8.22842319999995 ], [ -42.9210972, -8.226685 ], [ -42.920065, -8.226680199999979 ], [ -42.918681799999902, -8.227016699999981 ], [ -42.917530499999899, -8.22746949999993 ], [ -42.9165527, -8.22769439999996 ], [ -42.915293899999902, -8.22699949999998 ], [ -42.9145488, -8.226307 ], [ -42.9124279, -8.225436 ], [ -42.9117385, -8.22507029999997 ], [ -42.9117309, -8.225412199999941 ], [ -42.9112056, -8.248996 ], [ -42.893476, -8.26218189999997 ], [ -42.8931798, -8.263091 ], [ -42.8931532, -8.263134399999959 ], [ -42.8924335, -8.264306 ], [ -42.891345, -8.26548229999997 ], [ -42.8844607999999, -8.271513599999929 ], [ -42.8807816, -8.27550529999996 ], [ -42.880003799999898, -8.276579899999939 ], [ -42.8796388, -8.27724749999993 ], [ -42.879532099999899, -8.27796659999996 ], [ -42.8795276, -8.27889179999994 ], [ -42.8819253, -8.292839399999931 ], [ -42.8839118, -8.29706589999995 ], [ -42.890388899999898, -8.30949249999998 ], [ -42.8908934, -8.311962699999979 ], [ -42.891537899999904, -8.31633729999993 ], [ -42.8919804, -8.32024729999995 ], [ -42.892119599999901, -8.32322969999996 ], [ -42.8928784, -8.325856199999979 ], [ -42.893047, -8.32759119999997 ], [ -42.894343299999903, -8.34093009999998 ], [ -42.8943854, -8.34272879999997 ], [ -42.8936393, -8.35686529999998 ], [ -42.8920644, -8.361048399999961 ], [ -42.8919003, -8.361484299999971 ], [ -42.886163, -8.376725299999981 ], [ -42.880518299999899, -8.391297799999959 ], [ -42.8802024, -8.39258119999994 ], [ -42.8749771, -8.405922299999929 ], [ -42.872831899999902, -8.41182329999998 ], [ -42.869852299999899, -8.419366 ], [ -42.868865, -8.42105689999994 ], [ -42.8655944, -8.42499049999998 ], [ -42.8387456, -8.450760399999981 ], [ -42.8409976, -8.48730409999996 ], [ -42.8535883, -8.51054049999993 ], [ -42.8688404, -8.50910739999995 ], [ -42.8851928, -8.50842229999995 ], [ -42.9054864, -8.507572 ], [ -42.9351717, -8.512383099999971 ], [ -42.955542, -8.518627199999971 ], [ -42.982339399999901, -8.508442699999931 ], [ -42.9949958999999, -8.509672299999981 ], [ -42.9950052, -8.50990719999993 ], [ -42.995038399999899, -8.510749 ], [ -42.995317499999899, -8.51158609999993 ], [ -42.995931299999903, -8.512646399999941 ], [ -42.9964894, -8.51353929999993 ], [ -42.9973823, -8.51432059999996 ], [ -42.9984984, -8.514767 ], [ -42.9997261, -8.51510179999997 ], [ -43.0004516, -8.515827299999961 ], [ -43.0015677, -8.516776 ], [ -43.0032418, -8.518171099999959 ], [ -43.004637, -8.51911979999994 ], [ -43.0051392, -8.52023589999993 ], [ -43.005474, -8.52179849999993 ], [ -43.0054182, -8.52313779999997 ], [ -43.0053066, -8.523751699999931 ], [ -43.005920499999903, -8.524923599999971 ], [ -43.0067576, -8.52576069999998 ], [ -43.0078179, -8.526262899999949 ], [ -43.0083759, -8.527044199999979 ], [ -43.0088224, -8.52799289999996 ], [ -43.009157199999898, -8.52899739999998 ], [ -43.009157199999898, -8.53056 ], [ -43.009492, -8.531843499999979 ], [ -43.0097711, -8.53368509999996 ], [ -43.010440699999897, -8.534857 ], [ -43.011501, -8.53569409999994 ], [ -43.012896199999901, -8.536586899999969 ], [ -43.0142355, -8.537424 ], [ -43.0156306, -8.538819199999979 ], [ -43.0166909, -8.540549099999961 ], [ -43.017416399999902, -8.54205589999998 ], [ -43.0184767, -8.543004599999961 ], [ -43.018979, -8.54428809999996 ], [ -43.019815999999899, -8.546129699999939 ], [ -43.0203183, -8.547413199999941 ], [ -43.0208205, -8.54886409999995 ], [ -43.0213228, -8.549533799999949 ], [ -43.0223273, -8.55037089999996 ], [ -43.0252292, -8.553217 ], [ -43.0271266, -8.55645369999996 ], [ -43.028131099999896, -8.55823949999996 ], [ -43.029303, -8.56024849999994 ], [ -43.0299726, -8.562648099999929 ], [ -43.0302517, -8.56465709999998 ], [ -43.0305865, -8.56677769999993 ], [ -43.0312562, -8.56861929999997 ], [ -43.0323165, -8.569623799999929 ], [ -43.033767399999903, -8.570349199999949 ], [ -43.0354416, -8.571018899999959 ], [ -43.0365019, -8.571688599999961 ], [ -43.0375064, -8.57219079999993 ], [ -43.0383993, -8.572414 ], [ -43.039906, -8.573306899999981 ], [ -43.041301099999899, -8.57475789999995 ], [ -43.042696299999903, -8.576320399999929 ], [ -43.0430764, -8.57673849999998 ], [ -43.044370399999899, -8.578162 ], [ -43.0447611, -8.57916649999993 ], [ -43.0447053, -8.57994779999996 ], [ -43.044482, -8.58134289999998 ], [ -43.0443146, -8.584300599999951 ], [ -43.0447053, -8.58681179999996 ], [ -43.0455982, -8.58826279999994 ], [ -43.0469375, -8.58965789999996 ], [ -43.048221, -8.59032759999997 ], [ -43.049169699999901, -8.59144369999996 ], [ -43.0502858, -8.59255979999995 ], [ -43.0512345, -8.593620099999949 ], [ -43.0519042, -8.594457199999971 ], [ -43.052518, -8.59585229999993 ], [ -43.052908699999897, -8.596689399999949 ], [ -43.0529645, -8.598140299999949 ], [ -43.0531319, -8.600037699999969 ], [ -43.0540248, -8.60143289999996 ], [ -43.054527, -8.60227 ], [ -43.054861899999899, -8.603497699999931 ], [ -43.0551967, -8.605116 ], [ -43.055419899999897, -8.60606469999993 ], [ -43.0563686, -8.607236599999959 ], [ -43.057038299999903, -8.60812949999996 ], [ -43.0574847, -8.609468899999969 ], [ -43.057987, -8.610585 ], [ -43.0587682, -8.61164529999996 ], [ -43.0592147, -8.612873 ], [ -43.0594379, -8.614268099999951 ], [ -43.059996, -8.615495799999961 ], [ -43.0603866, -8.61633289999997 ], [ -43.0610563, -8.61717 ], [ -43.061502699999899, -8.617951299999961 ], [ -43.062005, -8.619290599999941 ], [ -43.0621166, -8.620406699999929 ], [ -43.062395599999903, -8.62219249999993 ], [ -43.062618799999903, -8.62397829999998 ], [ -43.0630095, -8.625485 ], [ -43.0631769, -8.62754979999994 ], [ -43.0631769, -8.62872169999997 ], [ -43.0634001, -8.629782 ], [ -43.0638465, -8.631233 ], [ -43.064293, -8.632460699999969 ], [ -43.0642372, -8.633688399999929 ], [ -43.064181399999903, -8.634860299999961 ], [ -43.063902299999903, -8.63619969999996 ], [ -43.0636233, -8.637483199999959 ], [ -43.0635675, -8.638599299999949 ], [ -43.0638465, -8.64032929999996 ], [ -43.0641256, -8.641891799999939 ], [ -43.064166, -8.64281859999994 ], [ -43.0641333, -8.64370279999997 ], [ -43.0640023, -8.644586899999981 ], [ -43.0639696, -8.64547109999995 ], [ -43.0641988, -8.646486299999941 ], [ -43.0644935, -8.64730489999994 ], [ -43.0646573, -8.648254599999969 ], [ -43.0647228, -8.649073299999939 ], [ -43.0646245, -8.650284899999971 ], [ -43.064395299999902, -8.651136399999929 ], [ -43.063674799999902, -8.652282499999959 ], [ -43.0633801, -8.65323219999993 ], [ -43.0629544, -8.654443799999971 ], [ -43.0625287, -8.655426299999929 ], [ -43.0615463, -8.656474199999931 ], [ -43.0612843, -8.65709639999994 ], [ -43.061153299999901, -8.65814429999995 ], [ -43.0609896, -8.659126699999939 ], [ -43.0609241, -8.662106699999979 ], [ -43.0609241, -8.66312179999994 ], [ -43.0609568, -8.66469369999993 ], [ -43.0607603, -8.66587259999994 ], [ -43.060662099999902, -8.666658499999929 ], [ -43.060596599999897, -8.667313499999979 ], [ -43.0607276, -8.66809939999996 ], [ -43.0609896, -8.66898359999993 ], [ -43.0611206, -8.669704 ], [ -43.0611206, -8.670522699999941 ], [ -43.0608258, -8.671996299999931 ], [ -43.0608258, -8.67274949999995 ], [ -43.0610551, -8.67369919999993 ], [ -43.0609896, -8.67468159999993 ], [ -43.0608913, -8.67664639999998 ], [ -43.0609896, -8.679037 ], [ -43.0608258, -8.680739799999969 ], [ -43.0609568, -8.68191869999993 ], [ -43.0609241, -8.68427649999995 ], [ -43.0606294, -8.68542269999995 ], [ -43.0606294, -8.68643789999993 ], [ -43.0607276, -8.68751849999995 ], [ -43.0609241, -8.68853369999994 ], [ -43.0612515, -8.68958159999994 ], [ -43.061448, -8.69089149999996 ], [ -43.0614153, -8.692168599999951 ], [ -43.061218799999899, -8.693347499999961 ], [ -43.0606294, -8.69413339999994 ], [ -43.0604329, -8.69469019999997 ], [ -43.0604329, -8.695476099999951 ], [ -43.0603346, -8.696294799999979 ], [ -43.0601381, -8.69698249999993 ], [ -43.0593595, -8.69762819999994 ], [ -43.076690799999902, -8.740199399999939 ], [ -43.1158204, -8.74161869999995 ], [ -43.140986199999901, -8.74253009999995 ], [ -43.2608149, -8.746846599999969 ], [ -43.2578017, -8.740609599999971 ], [ -43.2562202, -8.735821 ], [ -43.2550686, -8.735122099999961 ], [ -43.253656799999902, -8.733045699999931 ], [ -43.2523968, -8.72814339999996 ], [ -43.253452099999897, -8.72815239999994 ], [ -43.2528336, -8.72285009999996 ], [ -43.253305899999901, -8.71909329999994 ], [ -43.254533099999897, -8.71541959999996 ], [ -43.2582217, -8.708133299999931 ], [ -43.2594493, -8.70528559999997 ], [ -43.2596978999999, -8.69707579999994 ], [ -43.259952499999898, -8.69385609999995 ], [ -43.260591, -8.69037049999997 ], [ -43.2639455, -8.68240749999995 ], [ -43.2661469, -8.67887439999993 ], [ -43.2664454, -8.674623499999941 ], [ -43.2651936, -8.658254899999969 ], [ -43.263098199999902, -8.648876799999931 ], [ -43.2604244, -8.63524619999993 ], [ -43.2626372, -8.629445699999961 ], [ -43.2646185, -8.627541399999931 ], [ -43.2676134, -8.62413019999997 ], [ -43.2725368, -8.62014859999994 ], [ -43.2728655, -8.61751669999995 ], [ -43.2725024, -8.615301599999951 ], [ -43.2705568, -8.61022429999997 ], [ -43.2680022, -8.60737909999995 ], [ -43.265699599999898, -8.604400399999969 ], [ -43.263805799999901, -8.601234599999939 ], [ -43.2629532999999, -8.599257699999949 ], [ -43.2613072, -8.597414699999939 ], [ -43.260195699999898, -8.59591629999994 ], [ -43.2600282, -8.59378749999996 ], [ -43.2603392, -8.589884699999971 ], [ -43.261225, -8.585230199999961 ], [ -43.2626433, -8.58105539999997 ], [ -43.2642615, -8.57761319999997 ], [ -43.2678660999999, -8.56901489999996 ], [ -43.2698129, -8.56570519999997 ], [ -43.2709513, -8.561772299999969 ], [ -43.2712488, -8.55739589999996 ], [ -43.271895399999899, -8.554745099999931 ], [ -43.2752303, -8.545143899999969 ], [ -43.275667999999897, -8.54152 ] ] ] ] } },
{ "type": "Feature", "properties": { "CD_MUN": "2211209", "NM_MUN": "Uruçuí", "CD_RGI": "220018", "NM_RGI": "Uruçuí", "CD_RGINT": "2206", "NM_RGINT": "Floriano", "CD_UF": "22", "NM_UF": "Piauí", "SIGLA_UF": "PI", "CD_REGIAO": "2", "NM_REGIAO": "Nordeste", "SIGLA_RG": "NE", "CD_CONCURB": null, "NM_CONCURB": null, "AREA_KM2": 8413.009 }, "geometry": { "type": "MultiPolygon", "coordinates": [ [ [ [ -44.265678, -7.95027929999998 ], [ -44.3161388, -8.132818 ], [ -44.347068799999903, -8.24101549999995 ], [ -44.361585299999902, -8.29179609999994 ], [ -44.3626333, -8.29546229999994 ], [ -44.3835185, -8.366143 ], [ -44.400455599999901, -8.43119759999996 ], [ -44.4068649, -8.45582529999996 ], [ -44.4068983, -8.45595359999993 ], [ -44.4084275, -8.46182959999993 ], [ -44.5348724, -8.40458339999998 ], [ -44.5396716, -8.402404 ], [ -44.842059999999897, -8.26508619999993 ], [ -44.8433226, -8.26451139999995 ], [ -44.846793499999897, -8.262923299999949 ], [ -44.853245399999899, -8.22766169999994 ], [ -44.853313399999898, -8.22728859999995 ], [ -44.8533241, -8.22723 ], [ -44.9184127, -7.87003369999996 ], [ -44.923568799999899, -7.83947019999994 ], [ -44.9650649, -7.59275009999993 ], [ -44.9734857, -7.54248119999994 ], [ -44.9741213, -7.53868669999997 ], [ -44.985329, -7.48101679999996 ], [ -44.9819763, -7.48214749999994 ], [ -44.981493199999903, -7.48225219999995 ], [ -44.980970899999903, -7.48225019999995 ], [ -44.9788186, -7.481976 ], [ -44.978414799999904, -7.48201 ], [ -44.9780471, -7.48207039999994 ], [ -44.9777716, -7.48228119999993 ], [ -44.976289199999897, -7.48290629999997 ], [ -44.975293599999901, -7.48310179999993 ], [ -44.9743933, -7.48311739999997 ], [ -44.9711341, -7.48317269999995 ], [ -44.9680557, -7.48285779999998 ], [ -44.9665188, -7.48264979999993 ], [ -44.9661996, -7.48260279999994 ], [ -44.9659492, -7.48253309999996 ], [ -44.965754699999898, -7.48245909999997 ], [ -44.96558, -7.48233649999997 ], [ -44.9653815, -7.48213939999994 ], [ -44.9652389, -7.48196009999998 ], [ -44.9646137, -7.48084759999995 ], [ -44.9631137, -7.47902209999995 ], [ -44.959079599999903, -7.47655119999996 ], [ -44.9579133, -7.475887 ], [ -44.9573257, -7.47558159999994 ], [ -44.956693899999898, -7.47529169999996 ], [ -44.9562486, -7.47516549999995 ], [ -44.955787, -7.47503019999994 ], [ -44.9550359, -7.47493289999994 ], [ -44.9542084, -7.47488809999993 ], [ -44.9524926, -7.47488809999993 ], [ -44.9480435, -7.47467589999997 ], [ -44.947495699999898, -7.47459109999994 ], [ -44.9470339, -7.47443939999994 ], [ -44.9464351, -7.47426969999998 ], [ -44.9457959, -7.47385959999997 ], [ -44.942263099999899, -7.47222429999994 ], [ -44.937818799999903, -7.46984879999997 ], [ -44.937471, -7.469645 ], [ -44.937116699999898, -7.46956719999997 ], [ -44.936820699999899, -7.46954849999997 ], [ -44.936533499999904, -7.46960989999997 ], [ -44.9363216, -7.46969309999997 ], [ -44.934089899999897, -7.47112369999996 ], [ -44.933578699999899, -7.47139519999996 ], [ -44.9332105, -7.47157109999995 ], [ -44.9327562, -7.471675 ], [ -44.9309681, -7.47193269999997 ], [ -44.929989, -7.47209879999997 ], [ -44.9293117, -7.47214709999997 ], [ -44.9288028, -7.47210969999998 ], [ -44.928356699999902, -7.47198149999997 ], [ -44.9277652, -7.471679 ], [ -44.9248163, -7.47052939999998 ], [ -44.9241314, -7.46998379999997 ], [ -44.9234483, -7.46929479999994 ], [ -44.923187, -7.46879079999997 ], [ -44.923009299999897, -7.46823179999996 ], [ -44.922928199999902, -7.46772979999997 ], [ -44.9228548, -7.46703979999995 ], [ -44.923077, -7.46384439999997 ], [ -44.922661199999901, -7.46175839999995 ], [ -44.922197, -7.45940849999994 ], [ -44.921809799999899, -7.45795 ], [ -44.921317499999901, -7.45684069999993 ], [ -44.919118599999898, -7.45214089999996 ], [ -44.9177993, -7.45044509999997 ], [ -44.9173992999999, -7.45019879999995 ], [ -44.9169691, -7.45003219999995 ], [ -44.915771499999899, -7.44971839999994 ], [ -44.915183, -7.44941829999993 ], [ -44.9147697, -7.44899159999994 ], [ -44.914273599999902, -7.44722309999997 ], [ -44.9131328, -7.44530929999996 ], [ -44.9126507, -7.44482939999995 ], [ -44.9120928, -7.44439639999996 ], [ -44.911056099999897, -7.44378309999996 ], [ -44.9091945, -7.44266909999993 ], [ -44.9088694, -7.44241529999994 ], [ -44.9086796, -7.44213829999995 ], [ -44.9083861, -7.441647 ], [ -44.907496799999898, -7.43864479999996 ], [ -44.906824899999897, -7.43663849999996 ], [ -44.906205499999899, -7.43529119999994 ], [ -44.9056078, -7.43389869999993 ], [ -44.9043497, -7.43080779999997 ], [ -44.903541899999901, -7.42923789999998 ], [ -44.902866199999899, -7.42824159999998 ], [ -44.900697, -7.42568589999996 ], [ -44.9004353, -7.42541059999996 ], [ -44.9001274, -7.42516119999993 ], [ -44.899775, -7.42498489999997 ], [ -44.899363, -7.42485209999995 ], [ -44.898819699999898, -7.42476609999994 ], [ -44.8965436, -7.42457139999993 ], [ -44.8940499, -7.42455349999994 ], [ -44.8917691, -7.42473059999998 ], [ -44.889546799999898, -7.42518159999997 ], [ -44.8870884, -7.425165 ], [ -44.8854214999999, -7.42534269999993 ], [ -44.8851217, -7.42543149999995 ], [ -44.8848111, -7.425636 ], [ -44.883611899999899, -7.42683139999997 ], [ -44.8829704999999, -7.427286 ], [ -44.8824202, -7.42753689999995 ], [ -44.882029499999902, -7.42763469999994 ], [ -44.8816821, -7.42759359999997 ], [ -44.8813653999999, -7.42752149999995 ], [ -44.8807972, -7.42727269999995 ], [ -44.876326199999902, -7.42518919999998 ], [ -44.873931399999897, -7.42448239999993 ], [ -44.8713665, -7.42390519999998 ], [ -44.870519, -7.42355359999993 ], [ -44.8697051, -7.42305719999996 ], [ -44.8679705, -7.42160359999997 ], [ -44.867458199999902, -7.420841 ], [ -44.8671032, -7.41999249999998 ], [ -44.8663554, -7.41675079999993 ], [ -44.865864499999901, -7.41489259999997 ], [ -44.863009599999899, -7.41127549999993 ], [ -44.8617088, -7.41043679999996 ], [ -44.8610146, -7.41016319999994 ], [ -44.8594679, -7.40994159999997 ], [ -44.8586984, -7.40956259999996 ], [ -44.8582051, -7.40918489999996 ], [ -44.8556889, -7.40681059999997 ], [ -44.853499199999902, -7.40425159999995 ], [ -44.8524502, -7.40297029999994 ], [ -44.8521264, -7.40214869999994 ], [ -44.8520387, -7.40105819999997 ], [ -44.8521264, -7.40035579999994 ], [ -44.852380799999899, -7.39984649999997 ], [ -44.853006, -7.39899909999997 ], [ -44.8538066, -7.39754449999998 ], [ -44.8539225, -7.396994 ], [ -44.853885499999897, -7.396237 ], [ -44.853561, -7.39558859999994 ], [ -44.853007299999902, -7.39502639999995 ], [ -44.8505139, -7.39274809999995 ], [ -44.8501719, -7.39202119999993 ], [ -44.849341599999903, -7.38991829999998 ], [ -44.8486379, -7.38757309999994 ], [ -44.8480283, -7.38656589999994 ], [ -44.847044599999897, -7.38577009999995 ], [ -44.8459156, -7.38541659999993 ], [ -44.8446604, -7.38525 ], [ -44.8429889, -7.38528549999995 ], [ -44.840686499999897, -7.38541229999993 ], [ -44.8389821, -7.38509169999998 ], [ -44.8333627, -7.38325029999993 ], [ -44.829375099999901, -7.38144649999998 ], [ -44.8253491, -7.37932509999996 ], [ -44.8206005, -7.375623 ], [ -44.8203271, -7.37508339999994 ], [ -44.8204138, -7.37423689999997 ], [ -44.819925199999901, -7.36997239999994 ], [ -44.8189968, -7.36764629999993 ], [ -44.817824099999903, -7.36343029999995 ], [ -44.8174766, -7.36197939999994 ], [ -44.817335399999898, -7.36149179999995 ], [ -44.8169531, -7.36113809999995 ], [ -44.8164962, -7.36089379999993 ], [ -44.8157279, -7.36069639999994 ], [ -44.8149423, -7.36078189999995 ], [ -44.8138172, -7.36110409999998 ], [ -44.810641099999899, -7.36241259999997 ], [ -44.8072941, -7.36409329999998 ], [ -44.804582, -7.36565949999994 ], [ -44.8011322999999, -7.366891 ], [ -44.8003537, -7.36683389999996 ], [ -44.7996904, -7.36686789999993 ], [ -44.7981685, -7.36719839999995 ], [ -44.7968857, -7.36765629999996 ], [ -44.7934653, -7.36934239999994 ], [ -44.7917441, -7.37029869999998 ], [ -44.7895808, -7.37089319999995 ], [ -44.786035, -7.37194509999995 ], [ -44.7856365, -7.37218129999997 ], [ -44.785253899999901, -7.37258159999993 ], [ -44.7843035, -7.374043 ], [ -44.782006899999899, -7.37724139999995 ], [ -44.7814054, -7.37788949999998 ], [ -44.7810492999999, -7.37826359999997 ], [ -44.780647799999898, -7.37844009999998 ], [ -44.7803456, -7.37851749999993 ], [ -44.7800644, -7.37846389999993 ], [ -44.7797926, -7.37836359999994 ], [ -44.779182799999901, -7.37804139999997 ], [ -44.7778534999999, -7.37695059999993 ], [ -44.7759478, -7.37554529999994 ], [ -44.7725662, -7.37383619999997 ], [ -44.7721238, -7.37369619999993 ], [ -44.7715976, -7.37370019999997 ], [ -44.7683739, -7.37433379999993 ], [ -44.7675083, -7.37431669999995 ], [ -44.7670062, -7.37419079999995 ], [ -44.7665944, -7.37394369999993 ], [ -44.766181199999899, -7.37375969999994 ], [ -44.765637599999899, -7.37370379999993 ], [ -44.761728499999897, -7.37195929999996 ], [ -44.7558256, -7.36776709999998 ], [ -44.7525964, -7.36498719999997 ], [ -44.7510612, -7.36395469999997 ], [ -44.7460482, -7.36167649999993 ], [ -44.745367, -7.361461 ], [ -44.7446732, -7.36131589999997 ], [ -44.743927, -7.36132639999994 ], [ -44.743313, -7.36143859999993 ], [ -44.7425885, -7.36154949999997 ], [ -44.7419808, -7.36170389999995 ], [ -44.7415892, -7.36197369999996 ], [ -44.741210599999903, -7.36231129999993 ], [ -44.7409728, -7.36278139999996 ], [ -44.7408558, -7.36321549999997 ], [ -44.7406682, -7.36507789999996 ], [ -44.7396466, -7.36780629999993 ], [ -44.7380408, -7.37120189999996 ], [ -44.7372966, -7.37321919999994 ], [ -44.736709699999899, -7.37537549999996 ], [ -44.7363682, -7.37733829999996 ], [ -44.7363718, -7.37876719999997 ], [ -44.7361863, -7.38002639999996 ], [ -44.7356983, -7.38163189999995 ], [ -44.735346799999903, -7.38233279999997 ], [ -44.7348982, -7.38305419999995 ], [ -44.7335441, -7.38485859999997 ], [ -44.7319704, -7.38761149999993 ], [ -44.7304452, -7.39027669999996 ], [ -44.7299293, -7.39077029999993 ], [ -44.7291896, -7.39121259999996 ], [ -44.7283037999999, -7.39142259999994 ], [ -44.7273772, -7.39139129999995 ], [ -44.7248852, -7.39265119999993 ], [ -44.7212008, -7.39510709999996 ], [ -44.719546599999902, -7.39591759999996 ], [ -44.717604499999901, -7.39647929999995 ], [ -44.7117162, -7.39801449999993 ], [ -44.7110963, -7.39818179999997 ], [ -44.710473099999902, -7.39818589999993 ], [ -44.709928499999897, -7.39804209999994 ], [ -44.7094681, -7.397745 ], [ -44.7079295, -7.39584929999995 ], [ -44.705081199999903, -7.39286959999993 ], [ -44.7043757, -7.392424 ], [ -44.7038395, -7.392365 ], [ -44.7033549, -7.39263879999993 ], [ -44.7030521, -7.39296919999992 ], [ -44.702652199999903, -7.39381409999993 ], [ -44.7018495, -7.39530169999995 ], [ -44.7013836, -7.39552779999997 ], [ -44.700778899999897, -7.39572929999997 ], [ -44.7002151, -7.39581759999993 ], [ -44.697326, -7.39546169999994 ], [ -44.6943942, -7.39575239999994 ], [ -44.691581, -7.39584009999993 ], [ -44.690369599999897, -7.39576889999995 ], [ -44.6895567, -7.39546169999994 ], [ -44.688641, -7.39490879999994 ], [ -44.687944199999897, -7.39420179999996 ], [ -44.687055, -7.39232739999994 ], [ -44.6859408, -7.389986 ], [ -44.6849635, -7.388193 ], [ -44.684377599999898, -7.38669079999994 ], [ -44.684167499999901, -7.384864 ], [ -44.6840351, -7.38194189999996 ], [ -44.6832044, -7.37724139999995 ], [ -44.682931799999899, -7.37669749999998 ], [ -44.6825122, -7.37626419999998 ], [ -44.6815531, -7.37543459999995 ], [ -44.680842599999899, -7.37459639999997 ], [ -44.6804428, -7.37367039999998 ], [ -44.6797839, -7.37137779999995 ], [ -44.6797839, -7.369924 ], [ -44.680135999999898, -7.36806329999996 ], [ -44.679876099999902, -7.36656589999996 ], [ -44.679051, -7.36444789999996 ], [ -44.678660099999902, -7.36032879999993 ], [ -44.678427199999902, -7.35925589999994 ], [ -44.677952199999901, -7.35843419999998 ], [ -44.677304499999899, -7.35762369999998 ], [ -44.6762169, -7.35669419999994 ], [ -44.6733828, -7.35475569999994 ], [ -44.671361299999901, -7.353172 ], [ -44.670858, -7.35268239999994 ], [ -44.6700112, -7.35078179999994 ], [ -44.669477, -7.34842259999994 ], [ -44.6689628, -7.34521529999995 ], [ -44.668203199999901, -7.34302779999996 ], [ -44.6670794, -7.34016849999995 ], [ -44.666151, -7.33701839999998 ], [ -44.6653203, -7.33507979999996 ], [ -44.6637565999999, -7.33275349999997 ], [ -44.6627305, -7.33134809999996 ], [ -44.661524299999897, -7.33000049999993 ], [ -44.660287299999901, -7.32907019999993 ], [ -44.659171399999899, -7.32852529999997 ], [ -44.6578441, -7.32814939999997 ], [ -44.6550635, -7.32764479999997 ], [ -44.6527622999999, -7.32732549999997 ], [ -44.6489998, -7.32621079999996 ], [ -44.6458236, -7.32572619999996 ], [ -44.6444126, -7.32535789999997 ], [ -44.6433316, -7.32485379999997 ], [ -44.6423511, -7.32410119999997 ], [ -44.6415236, -7.32315749999998 ], [ -44.6411193, -7.32229779999994 ], [ -44.6408395, -7.32117049999994 ], [ -44.6406737, -7.31821869999993 ], [ -44.640460899999901, -7.31625349999996 ], [ -44.6401812, -7.31581149999994 ], [ -44.6397383, -7.315475 ], [ -44.6391293, -7.31506379999996 ], [ -44.638118399999897, -7.31473159999996 ], [ -44.636949699999903, -7.31452059999998 ], [ -44.635387599999902, -7.31438389999994 ], [ -44.6339497, -7.31394909999995 ], [ -44.6329684, -7.31341519999995 ], [ -44.631995199999899, -7.31254349999995 ], [ -44.6295031, -7.31012019999997 ], [ -44.628914, -7.30967379999993 ], [ -44.6283367, -7.30943509999997 ], [ -44.6276149, -7.30935279999994 ], [ -44.6269134, -7.30934469999994 ], [ -44.6227987, -7.30960039999997 ], [ -44.619949899999902, -7.31007389999996 ], [ -44.6183133, -7.309684 ], [ -44.6158702, -7.30866619999995 ], [ -44.6144042, -7.30672749999997 ], [ -44.612410399999902, -7.30388719999996 ], [ -44.610661799999903, -7.300456 ], [ -44.6098406999999, -7.29810029999993 ], [ -44.609273599999902, -7.29645239999996 ], [ -44.6088338, -7.29436829999997 ], [ -44.6067919, -7.29131549999994 ], [ -44.604875799999903, -7.28830969999996 ], [ -44.603312199999898, -7.28612859999993 ], [ -44.601553099999897, -7.28370509999996 ], [ -44.5994031, -7.28055459999996 ], [ -44.5974974, -7.27890659999997 ], [ -44.595816, -7.27779179999993 ], [ -44.595143999999898, -7.27716339999995 ], [ -44.5950053, -7.27614379999994 ], [ -44.5951031, -7.27444739999993 ], [ -44.5954450999999, -7.27178149999997 ], [ -44.5951031, -7.26911559999996 ], [ -44.594076899999898, -7.26717669999994 ], [ -44.5924644, -7.26591649999995 ], [ -44.5903144, -7.26446239999996 ], [ -44.587724599999902, -7.26223269999997 ], [ -44.5853303, -7.26092389999997 ], [ -44.5817144, -7.25942129999993 ], [ -44.579711, -7.25777319999997 ], [ -44.577903, -7.25612519999993 ], [ -44.5760462, -7.25355609999997 ], [ -44.5735440999999, -7.25083159999997 ], [ -44.5717854, -7.24842869999998 ], [ -44.5713064, -7.24628519999993 ], [ -44.570866599999903, -7.24420079999993 ], [ -44.57072, -7.24226179999994 ], [ -44.5697628, -7.23984809999996 ], [ -44.568618899999898, -7.23789919999996 ], [ -44.567739399999901, -7.23591169999997 ], [ -44.5673973, -7.23406969999996 ], [ -44.5667132, -7.23150049999998 ], [ -44.566052, -7.22993219999995 ], [ -44.565345, -7.22868889999995 ], [ -44.564195299999902, -7.227708 ], [ -44.5629996, -7.22704079999994 ], [ -44.5623122, -7.22688729999993 ], [ -44.5616760999999, -7.22674529999995 ], [ -44.560435599999899, -7.22646839999993 ], [ -44.5590905, -7.22616819999996 ], [ -44.557023699999903, -7.22609839999996 ], [ -44.5548393, -7.22626519999994 ], [ -44.5516632, -7.22597429999996 ], [ -44.5498552, -7.225635 ], [ -44.5467768, -7.225538 ], [ -44.5430143, -7.22626519999994 ], [ -44.5407863, -7.22687749999994 ], [ -44.539545, -7.22715769999996 ], [ -44.5380314, -7.22740909999993 ], [ -44.5365442, -7.22746779999994 ], [ -44.5351163999999, -7.22730809999996 ], [ -44.5340722, -7.22689529999997 ], [ -44.532934399999903, -7.22643269999998 ], [ -44.531629, -7.22568349999995 ], [ -44.529674499999899, -7.22432609999993 ], [ -44.5273374, -7.22315439999994 ], [ -44.5251494, -7.22199929999994 ], [ -44.523169499999902, -7.220264 ], [ -44.521611999999898, -7.21865439999993 ], [ -44.519901699999899, -7.21516409999998 ], [ -44.5180938, -7.21055879999994 ], [ -44.5168141, -7.20521629999996 ], [ -44.515788, -7.20047539999996 ], [ -44.514233499999897, -7.19601539999996 ], [ -44.5124256, -7.19354289999995 ], [ -44.5081256, -7.18947069999996 ], [ -44.5052426, -7.18675579999996 ], [ -44.503632799999899, -7.18583239999998 ], [ -44.5016563, -7.18498979999993 ], [ -44.4986949, -7.18442879999998 ], [ -44.4945415, -7.18370159999995 ], [ -44.4919111, -7.18275279999995 ], [ -44.4900949, -7.18195629999997 ], [ -44.4891866, -7.18118929999997 ], [ -44.4881892, -7.17987159999996 ], [ -44.485257299999901, -7.17604159999996 ], [ -44.478856199999903, -7.17027229999997 ], [ -44.4734323, -7.16644229999997 ], [ -44.468399299999902, -7.16411509999995 ], [ -44.464636799999901, -7.161691 ], [ -44.4620959, -7.16009109999993 ], [ -44.460485499999898, -7.15948049999997 ], [ -44.4591152, -7.15921839999993 ], [ -44.4576236999999, -7.15906749999994 ], [ -44.455987999999898, -7.15926689999998 ], [ -44.4534959, -7.15975169999996 ], [ -44.4522731, -7.15987319999994 ], [ -44.4513459, -7.15984869999994 ], [ -44.4499139, -7.15959979999997 ], [ -44.4487123, -7.15920449999993 ], [ -44.4473098, -7.15860739999994 ], [ -44.438152699999897, -7.15504889999994 ], [ -44.430627699999903, -7.15155809999993 ], [ -44.4260833, -7.148746 ], [ -44.422760599999897, -7.14607939999996 ], [ -44.4206594999999, -7.14258849999993 ], [ -44.4172879, -7.13866119999994 ], [ -44.4146492, -7.13677029999997 ], [ -44.409225299999903, -7.13347329999993 ], [ -44.4038992, -7.12993389999997 ], [ -44.3963742, -7.12687919999996 ], [ -44.3903639, -7.12324279999996 ], [ -44.3860639, -7.12091539999994 ], [ -44.381910499999897, -7.11965469999996 ], [ -44.3786855, -7.11931529999993 ], [ -44.374825299999898, -7.11999409999993 ], [ -44.3707901, -7.12143859999998 ], [ -44.368815, -7.12173969999998 ], [ -44.364566599999897, -7.121753 ], [ -44.363098, -7.12149719999996 ], [ -44.3619341, -7.12109909999998 ], [ -44.360850899999903, -7.12051709999997 ], [ -44.358358199999898, -7.11912139999993 ], [ -44.354400199999901, -7.11592119999995 ], [ -44.348976299999897, -7.11456359999994 ], [ -44.3427217999999, -7.11383629999995 ], [ -44.3394479, -7.112818 ], [ -44.3366138, -7.11049059999993 ], [ -44.3351756, -7.10951889999996 ], [ -44.3335842, -7.10879349999993 ], [ -44.3324675, -7.10861259999996 ], [ -44.331238799999902, -7.108842 ], [ -44.3273786, -7.11015119999996 ], [ -44.323176299999901, -7.11233309999994 ], [ -44.3180943999999, -7.11592119999995 ], [ -44.3129149, -7.11863649999998 ], [ -44.317434999999897, -7.12183919999995 ], [ -44.320270799999903, -7.126207 ], [ -44.321686499999899, -7.12939049999994 ], [ -44.3223922, -7.13266379999993 ], [ -44.3217246, -7.14359979999995 ], [ -44.3224887, -7.14727559999994 ], [ -44.3248996, -7.15484369999996 ], [ -44.3264991, -7.15801779999993 ], [ -44.3288623, -7.16135229999998 ], [ -44.326722699999898, -7.16691669999994 ], [ -44.3244129, -7.16873449999997 ], [ -44.3245259, -7.170401 ], [ -44.3282313999999, -7.17491029999996 ], [ -44.329134, -7.17844469999994 ], [ -44.3299014, -7.179365 ], [ -44.3301372, -7.18091549999997 ], [ -44.329483799999899, -7.18263829999995 ], [ -44.3293608, -7.18466819999998 ], [ -44.3275806, -7.18724969999994 ], [ -44.327581, -7.18846079999997 ], [ -44.330712499999898, -7.19316889999993 ], [ -44.3306487, -7.19534989999994 ], [ -44.3315342, -7.19764879999997 ], [ -44.3318252, -7.20195439999998 ], [ -44.3332973, -7.20574519999997 ], [ -44.333, -7.20821029999996 ], [ -44.3348313, -7.21091509999997 ], [ -44.342042999999897, -7.21890679999996 ], [ -44.3429884, -7.220688 ], [ -44.3469531, -7.22247339999996 ], [ -44.350975499999898, -7.22609629999994 ], [ -44.351686, -7.22777459999998 ], [ -44.3516724999999, -7.22778669999997 ], [ -44.297538099999898, -7.26348939999997 ], [ -44.3385635, -7.298385 ], [ -44.3390802, -7.29882449999997 ], [ -44.3391053, -7.30017619999995 ], [ -44.342014499999898, -7.30641919999994 ], [ -44.343017099999898, -7.30985189999996 ], [ -44.343897899999902, -7.31121719999993 ], [ -44.345940599999899, -7.31296829999997 ], [ -44.346420599999902, -7.31401839999995 ], [ -44.3480117, -7.31905109999997 ], [ -44.347863399999902, -7.319543 ], [ -44.3507751, -7.32370279999998 ], [ -44.3524972, -7.324871 ], [ -44.3539792, -7.326622 ], [ -44.355297199999903, -7.32883859999993 ], [ -44.3550106, -7.33331349999997 ], [ -44.357445799999901, -7.33797629999998 ], [ -44.3574857999999, -7.34093119999994 ], [ -44.3555906, -7.34742619999997 ], [ -44.354981699999897, -7.35375749999997 ], [ -44.3556598, -7.35585629999997 ], [ -44.3555765, -7.35768289999993 ], [ -44.3564954, -7.35966559999997 ], [ -44.356571599999903, -7.362277 ], [ -44.3577713, -7.36484349999995 ], [ -44.357928, -7.36721309999996 ], [ -44.3586878, -7.36884629999997 ], [ -44.3573756, -7.37512709999993 ], [ -44.357272, -7.37725389999997 ], [ -44.3579425, -7.38036309999995 ], [ -44.3564908, -7.389775 ], [ -44.356343599999903, -7.39286059999995 ], [ -44.3570314, -7.396616 ], [ -44.3568534999999, -7.40712809999997 ], [ -44.3543159, -7.41306129999998 ], [ -44.3549978, -7.42045479999996 ], [ -44.353406999999898, -7.424889 ], [ -44.3523369, -7.42549909999997 ], [ -44.33825, -7.433531 ], [ -44.291063999999899, -7.460116 ], [ -44.2909834, -7.46016239999994 ], [ -44.2666258, -7.47416579999998 ], [ -44.244210199999898, -7.48704209999994 ], [ -44.2428777, -7.48781269999995 ], [ -44.194234, -7.515547 ], [ -44.144549, -7.544141 ], [ -44.144815, -7.544957 ], [ -44.2077163, -7.75517859999997 ], [ -44.261644299999901, -7.93568759999994 ], [ -44.2632932, -7.94165229999993 ], [ -44.265678, -7.95027929999998 ] ] ] ] } },
{ "type": "Feature", "properties": { "CD_MUN": "2202307", "NM_MUN": "Canto do Buriti", "CD_RGI": "220019", "NM_RGI": "Canto do Buriti", "CD_RGINT": "2206", "NM_RGINT": "Floriano", "CD_UF": "22", "NM_UF": "Piauí", "SIGLA_UF": "PI", "CD_REGIAO": "2", "NM_REGIAO": "Nordeste", "SIGLA_RG": "NE", "CD_CONCURB": null, "NM_CONCURB": null, "AREA_KM2": 4325.643 }, "geometry": { "type": "MultiPolygon", "coordinates": [ [ [ [ -43.7042527999999, -8.73177449999997 ], [ -43.701957999999898, -8.717143399999941 ], [ -43.6834375, -8.599116199999971 ], [ -43.6778047, -8.56326929999994 ], [ -43.675296, -8.547321699999941 ], [ -43.6751384, -8.54632 ], [ -43.6602136, -8.45144409999995 ], [ -43.6306288, -8.263827 ], [ -43.579717199999898, -8.256009899999979 ], [ -43.521884499999899, -8.167835599999931 ], [ -43.5187452, -8.147791 ], [ -43.5006926, -8.12923239999998 ], [ -43.5001942, -8.12872 ], [ -43.500175199999902, -8.128700499999979 ], [ -43.4922693, -8.12057389999995 ], [ -43.412561299999901, -8.03864469999996 ], [ -43.3755399, -8.05488509999998 ], [ -43.3752162, -8.055027099999959 ], [ -43.3209247, -8.07882739999997 ], [ -43.2687033999999, -8.04944039999998 ], [ -43.267444899999902, -8.048732199999961 ], [ -43.2599769, -8.04452989999993 ], [ -43.2594493, -8.044233 ], [ -43.1453513, -7.98002859999997 ], [ -43.1450255, -7.97984529999997 ], [ -43.1262444, -7.96927679999993 ], [ -43.1377087, -7.93690219999996 ], [ -43.071685699999897, -7.95701969999993 ], [ -43.0634004, -7.93554289999997 ], [ -43.064349999999898, -7.93463709999997 ], [ -43.063106499999897, -7.93482889999996 ], [ -43.061744299999901, -7.93487459999994 ], [ -43.0602368999999, -7.93465439999994 ], [ -43.0576785, -7.93533209999993 ], [ -43.055217099999901, -7.93641379999997 ], [ -43.0524353, -7.93787539999994 ], [ -43.0501732, -7.93853039999993 ], [ -43.041096599999896, -7.943614 ], [ -43.0369514, -7.94749139999993 ], [ -43.030207399999902, -7.952625 ], [ -43.0286431, -7.95414719999997 ], [ -43.024442599999901, -7.95710229999997 ], [ -43.0196653, -7.96165919999993 ], [ -43.0181980999999, -7.96330819999997 ], [ -43.017386299999899, -7.96487989999997 ], [ -43.0168517, -7.96616749999993 ], [ -43.016120199999897, -7.96896469999996 ], [ -43.015298099999903, -7.97014089999993 ], [ -43.0129722, -7.97166969999995 ], [ -43.0105526, -7.972933 ], [ -43.0087597, -7.97410689999998 ], [ -43.004699, -7.97787879999993 ], [ -43.0030636, -7.97896169999996 ], [ -43.000429499999903, -7.97943479999998 ], [ -42.998753899999897, -7.98080369999997 ], [ -42.9978806, -7.98151719999993 ], [ -42.996185099999899, -7.98220579999997 ], [ -42.995335399999902, -7.98298939999995 ], [ -42.9953007, -7.98353479999997 ], [ -42.9963863, -7.985967 ], [ -42.9965377, -7.98690819999996 ], [ -42.996406299999897, -7.98793879999994 ], [ -42.9959631, -7.989194 ], [ -42.995834699999897, -7.99031519999994 ], [ -42.995449199999896, -7.99164739999998 ], [ -42.9944369, -7.99367479999995 ], [ -42.9935839, -7.99491389999997 ], [ -42.992480999999898, -7.996167 ], [ -42.9906262, -7.99737269999997 ], [ -42.9890604, -7.99805929999997 ], [ -42.9754421, -8.02605289999997 ], [ -42.9753985, -8.02614249999993 ], [ -42.9699, -8.037442 ], [ -42.9658335, -8.04579859999996 ], [ -42.9656452, -8.04590619999993 ], [ -42.965437, -8.04602529999994 ], [ -42.965248599999903, -8.04613289999998 ], [ -42.935960899999898, -8.06285989999998 ], [ -42.9358493, -8.06292359999998 ], [ -42.9353053, -8.06323419999995 ], [ -42.8724746, -8.074736199999959 ], [ -42.860447, -8.076938 ], [ -42.8572546, -8.077497 ], [ -42.8578123, -8.077756799999969 ], [ -42.858315699999899, -8.07815529999993 ], [ -42.8590917, -8.07870059999993 ], [ -42.8594204, -8.07898229999995 ], [ -42.859825699999902, -8.07930879999998 ], [ -42.8604759, -8.079875099999979 ], [ -42.86121, -8.08054619999996 ], [ -42.861608499999903, -8.08100759999996 ], [ -42.8622586, -8.08157389999997 ], [ -42.8631814, -8.08234989999994 ], [ -42.8646914999999, -8.08369219999997 ], [ -42.865614299999898, -8.084321399999959 ], [ -42.867271199999898, -8.08537 ], [ -42.8687603, -8.08625089999992 ], [ -42.8696202, -8.08700589999995 ], [ -42.8703752, -8.088516 ], [ -42.8708576, -8.08939689999994 ], [ -42.8720741, -8.09050849999994 ], [ -42.8724935, -8.091347399999959 ], [ -42.8725984, -8.09357049999994 ], [ -42.8726823, -8.094115899999959 ], [ -42.872934, -8.094849899999931 ], [ -42.87371, -8.095730799999959 ], [ -42.874507, -8.096485799999931 ], [ -42.8755975999999, -8.09807979999994 ], [ -42.8757654, -8.09904449999993 ], [ -42.8758283, -8.09971569999993 ], [ -42.8756605, -8.100701399999931 ], [ -42.8748845, -8.101896899999931 ], [ -42.8743392, -8.102924599999939 ], [ -42.8739826, -8.10384739999995 ], [ -42.873751899999903, -8.104707299999969 ], [ -42.873835799999902, -8.105273599999981 ], [ -42.8743602, -8.106007599999939 ], [ -42.8751152, -8.10659489999995 ], [ -42.8761009, -8.106951399999961 ], [ -42.8770446999999, -8.107329 ], [ -42.877673899999898, -8.10779039999994 ], [ -42.8780724, -8.108356599999979 ], [ -42.878345099999898, -8.108964899999931 ], [ -42.8785338, -8.10978279999995 ], [ -42.8785758, -8.110873399999949 ], [ -42.878177299999898, -8.11167039999998 ], [ -42.877694899999902, -8.112488399999959 ], [ -42.8778207, -8.113138499999931 ], [ -42.878177299999898, -8.11408229999995 ], [ -42.8784919, -8.114753499999949 ], [ -42.878722599999897, -8.11578119999996 ], [ -42.879205, -8.116745899999961 ], [ -42.879876099999898, -8.11756389999994 ], [ -42.880736, -8.11857059999994 ], [ -42.8811345, -8.11938849999996 ], [ -42.881428099999901, -8.120626 ], [ -42.881407099999898, -8.121800499999949 ], [ -42.880903799999899, -8.12272329999996 ], [ -42.8797503, -8.123855799999941 ], [ -42.878722599999897, -8.124862499999949 ], [ -42.878135299999897, -8.12565949999993 ], [ -42.8779046, -8.12643549999996 ], [ -42.8778836, -8.127526099999949 ], [ -42.8780724, -8.128428 ], [ -42.8786387, -8.12972829999995 ], [ -42.879351799999903, -8.13109159999993 ], [ -42.8800649, -8.13218219999993 ], [ -42.8804843, -8.133042099999949 ], [ -42.880757, -8.134132699999951 ], [ -42.880757, -8.13499159999998 ], [ -42.880757, -8.135042299999951 ], [ -42.880757, -8.13505329999998 ], [ -42.880757, -8.13531389999997 ], [ -42.880757, -8.135810499999931 ], [ -42.8806102, -8.13759329999993 ], [ -42.8805892, -8.138704799999971 ], [ -42.8803164999999, -8.139690599999939 ], [ -42.8791001, -8.14067629999994 ], [ -42.8772754, -8.14241709999993 ], [ -42.8757444, -8.143570599999981 ], [ -42.8741504, -8.144115899999971 ], [ -42.8750103, -8.144996799999941 ], [ -42.8758702, -8.145479199999951 ], [ -42.877128599999899, -8.146192299999941 ], [ -42.8779885, -8.146464899999961 ], [ -42.879246899999899, -8.146989299999969 ], [ -42.8855808, -8.17184249999997 ], [ -42.8872167, -8.176330699999941 ], [ -42.8887268, -8.179099199999939 ], [ -42.890027099999898, -8.18107069999996 ], [ -42.891579099999902, -8.182538799999969 ], [ -42.8944734, -8.183713299999971 ], [ -42.905566399999898, -8.185091199999929 ], [ -42.9056752, -8.18510469999995 ], [ -42.914397999999899, -8.186188099999979 ], [ -42.903491899999899, -8.200366 ], [ -42.9039114, -8.20279889999995 ], [ -42.9042469, -8.20330229999996 ], [ -42.9042469, -8.20422509999997 ], [ -42.904750299999897, -8.20615459999993 ], [ -42.905673099999902, -8.20749689999997 ], [ -42.9060087, -8.208671399999959 ], [ -42.9068475999999, -8.20959419999997 ], [ -42.907350999999899, -8.210517 ], [ -42.9076027, -8.21185929999996 ], [ -42.908441599999897, -8.21336939999998 ], [ -42.909616099999901, -8.214963399999929 ], [ -42.912049, -8.21664119999997 ], [ -42.9117385, -8.22507029999997 ], [ -42.9124279, -8.225436 ], [ -42.9145488, -8.226307 ], [ -42.915293899999902, -8.22699949999998 ], [ -42.9165527, -8.22769439999996 ], [ -42.917530499999899, -8.22746949999993 ], [ -42.918681799999902, -8.227016699999981 ], [ -42.920065, -8.226680199999979 ], [ -42.9210972, -8.226685 ], [ -42.924477599999904, -8.22842319999995 ], [ -42.925741699999897, -8.22854449999994 ], [ -42.9269485, -8.22837909999993 ], [ -42.9297715, -8.22701569999998 ], [ -42.9312116, -8.226107 ], [ -42.933346099999902, -8.225172599999951 ], [ -42.935408499999902, -8.22495919999994 ], [ -42.9390048, -8.225640799999949 ], [ -42.945119, -8.22997269999996 ], [ -42.9470597, -8.23086359999996 ], [ -42.9482358, -8.23208389999996 ], [ -42.9497645, -8.233192899999951 ], [ -42.951179599999897, -8.233756 ], [ -42.9544046, -8.237738199999971 ], [ -42.961287, -8.24152339999995 ], [ -42.9628139, -8.24318489999996 ], [ -42.9654065, -8.244631799999979 ], [ -42.966458799999899, -8.24596069999996 ], [ -42.967041499999901, -8.247065499999961 ], [ -42.9695757, -8.248070199999971 ], [ -42.9750023, -8.248540199999979 ], [ -42.976004499999902, -8.24909669999994 ], [ -42.9770594, -8.25020449999994 ], [ -42.982055199999898, -8.254089099999931 ], [ -42.986057699999897, -8.25664549999993 ], [ -42.987586099999902, -8.257316599999969 ], [ -42.9887014, -8.258864 ], [ -42.9903497, -8.259534 ], [ -42.9919901, -8.26174759999998 ], [ -42.9944628, -8.262973799999941 ], [ -42.9956913, -8.264206199999929 ], [ -42.9974556, -8.26653439999995 ], [ -42.999336899999903, -8.267866199999959 ], [ -43.0007413, -8.27007809999998 ], [ -43.000978099999898, -8.27013469999997 ], [ -43.001922, -8.270360499999979 ], [ -43.0023307, -8.27045769999995 ], [ -43.226024499999902, -8.36180779999995 ], [ -43.2260492, -8.36181789999995 ], [ -43.2263932, -8.362383699999951 ], [ -43.2282934999999, -8.36551239999994 ], [ -43.231899999999897, -8.370487099999931 ], [ -43.2341663999999, -8.37436449999996 ], [ -43.2355322, -8.375973899999959 ], [ -43.2366673, -8.37653859999995 ], [ -43.2366425, -8.377790599999971 ], [ -43.236142599999901, -8.378782699999929 ], [ -43.236282399999901, -8.380938 ], [ -43.2373110999999, -8.383792799999981 ], [ -43.237449399999903, -8.386296499999959 ], [ -43.2368958, -8.393195 ], [ -43.2353945999999, -8.395566699999961 ], [ -43.2354718, -8.39729359999995 ], [ -43.2360077, -8.398631799999981 ], [ -43.2365867, -8.40096069999993 ], [ -43.2367848, -8.40301089999997 ], [ -43.2375901999999, -8.40572549999996 ], [ -43.2388402999999, -8.40812489999996 ], [ -43.2392776, -8.41003209999997 ], [ -43.2389785, -8.414335199999931 ], [ -43.2390055, -8.41646079999998 ], [ -43.2394467, -8.418908699999969 ], [ -43.2386413, -8.424941599999951 ], [ -43.2393681, -8.42665929999993 ], [ -43.2409681, -8.42879259999995 ], [ -43.2416984, -8.431328399999931 ], [ -43.242500199999903, -8.435138399999969 ], [ -43.2427827, -8.437670099999931 ], [ -43.2427321, -8.441162799999971 ], [ -43.2424531, -8.44561049999993 ], [ -43.241173499999903, -8.451363899999929 ], [ -43.240609499999898, -8.45330279999996 ], [ -43.2404217, -8.45484649999997 ], [ -43.2404447, -8.45629549999995 ], [ -43.241251599999899, -8.457971799999941 ], [ -43.241697, -8.46055239999993 ], [ -43.241363299999897, -8.461434299999951 ], [ -43.2411986, -8.46277149999997 ], [ -43.2416474, -8.464322599999949 ], [ -43.2419168, -8.46631249999996 ], [ -43.2415027, -8.470702299999971 ], [ -43.2416999, -8.47338379999997 ], [ -43.2448396, -8.480334399999951 ], [ -43.245585199999901, -8.482896499999979 ], [ -43.247554599999901, -8.487748299999961 ], [ -43.2466151, -8.49017059999994 ], [ -43.245283899999897, -8.492598099999951 ], [ -43.2447263, -8.49429719999995 ], [ -43.2448633, -8.495626499999959 ], [ -43.246227099999899, -8.496622899999981 ], [ -43.2491145, -8.49826869999993 ], [ -43.2502034, -8.499285199999971 ], [ -43.257457299999899, -8.510092 ], [ -43.2607277, -8.515557499999939 ], [ -43.2640881, -8.51976639999998 ], [ -43.2672008, -8.52405669999996 ], [ -43.2697261, -8.52685149999996 ], [ -43.2702707, -8.527454 ], [ -43.2705614, -8.52777579999997 ], [ -43.2739192, -8.530116699999949 ], [ -43.274837499999897, -8.53296119999993 ], [ -43.2751567, -8.53625089999997 ], [ -43.275667999999897, -8.54152 ], [ -43.2752303, -8.545143899999969 ], [ -43.271895399999899, -8.554745099999931 ], [ -43.2712488, -8.55739589999996 ], [ -43.2709513, -8.561772299999969 ], [ -43.2698129, -8.56570519999997 ], [ -43.2678660999999, -8.56901489999996 ], [ -43.2642615, -8.57761319999997 ], [ -43.2626433, -8.58105539999997 ], [ -43.261225, -8.585230199999961 ], [ -43.2603392, -8.589884699999971 ], [ -43.2600282, -8.59378749999996 ], [ -43.260195699999898, -8.59591629999994 ], [ -43.2613072, -8.597414699999939 ], [ -43.2629532999999, -8.599257699999949 ], [ -43.263805799999901, -8.601234599999939 ], [ -43.265699599999898, -8.604400399999969 ], [ -43.2680022, -8.60737909999995 ], [ -43.2705568, -8.61022429999997 ], [ -43.2725024, -8.615301599999951 ], [ -43.2728655, -8.61751669999995 ], [ -43.2725368, -8.62014859999994 ], [ -43.2676134, -8.62413019999997 ], [ -43.2646185, -8.627541399999931 ], [ -43.2626372, -8.629445699999961 ], [ -43.2604244, -8.63524619999993 ], [ -43.263098199999902, -8.648876799999931 ], [ -43.2651936, -8.658254899999969 ], [ -43.2664454, -8.674623499999941 ], [ -43.2661469, -8.67887439999993 ], [ -43.2639455, -8.68240749999995 ], [ -43.260591, -8.69037049999997 ], [ -43.259952499999898, -8.69385609999995 ], [ -43.2596978999999, -8.69707579999994 ], [ -43.2594493, -8.70528559999997 ], [ -43.2582217, -8.708133299999931 ], [ -43.254533099999897, -8.71541959999996 ], [ -43.253305899999901, -8.71909329999994 ], [ -43.2528336, -8.72285009999996 ], [ -43.253452099999897, -8.72815239999994 ], [ -43.4669598999999, -8.72993209999993 ], [ -43.7042527999999, -8.73177449999997 ] ] ] ] } },
{ "type": "Feature", "properties": { "CD_MUN": "2202251", "NM_MUN": "Canavieira", "CD_RGI": "220017", "NM_RGI": "Floriano", "CD_RGINT": "2206", "NM_RGINT": "Floriano", "CD_UF": "22", "NM_UF": "Piauí", "SIGLA_UF": "PI", "CD_REGIAO": "2", "NM_REGIAO": "Nordeste", "SIGLA_RG": "NE", "CD_CONCURB": null, "NM_CONCURB": null, "AREA_KM2": 2165.2 }, "geometry": { "type": "MultiPolygon", "coordinates": [ [ [ [ -43.766150799999899, -7.72333849999995 ], [ -43.7659317, -7.72311319999994 ], [ -43.7656583, -7.72261679999997 ], [ -43.765477599999898, -7.72217989999996 ], [ -43.765290299999897, -7.72215569999997 ], [ -43.7650831999999, -7.72241149999996 ], [ -43.7649451, -7.72270909999997 ], [ -43.764726499999902, -7.72274419999997 ], [ -43.7642533, -7.72233929999993 ], [ -43.7637905, -7.72201939999997 ], [ -43.7635279, -7.72162949999995 ], [ -43.7636194, -7.72117669999994 ], [ -43.763519099999897, -7.72096529999993 ], [ -43.7633150999999, -7.72092959999998 ], [ -43.762779599999902, -7.72107539999996 ], [ -43.7623172999999, -7.72140889999997 ], [ -43.7614804, -7.72180689999993 ], [ -43.7610607, -7.72186059999996 ], [ -43.760680599999901, -7.72172849999993 ], [ -43.759987899999899, -7.72106629999996 ], [ -43.7598705, -7.720566 ], [ -43.7599415, -7.72023559999997 ], [ -43.760154199999903, -7.72001909999994 ], [ -43.760537, -7.71996759999996 ], [ -43.7609763, -7.71980389999993 ], [ -43.7613916, -7.71924619999993 ], [ -43.7614378, -7.71872669999993 ], [ -43.7609568, -7.718081 ], [ -43.7604976, -7.71793609999997 ], [ -43.7603144, -7.71806019999997 ], [ -43.760192699999898, -7.718283 ], [ -43.759968899999897, -7.71846919999996 ], [ -43.759375, -7.718423 ], [ -43.7587061, -7.71822739999993 ], [ -43.7583304999999, -7.71832889999996 ], [ -43.7579517, -7.71889079999994 ], [ -43.7575831999999, -7.71893869999997 ], [ -43.7566452, -7.71885079999993 ], [ -43.7560407, -7.71845839999997 ], [ -43.755840299999903, -7.71838719999994 ], [ -43.755726, -7.71845549999995 ], [ -43.7557016, -7.71861859999996 ], [ -43.75578, -7.71893009999997 ], [ -43.755684099999897, -7.71935069999995 ], [ -43.755491499999899, -7.71963479999994 ], [ -43.7552069, -7.71976019999994 ], [ -43.7548993999999, -7.71972069999993 ], [ -43.7547018, -7.719545 ], [ -43.7546631, -7.71921379999998 ], [ -43.7548184, -7.71854859999996 ], [ -43.7548939, -7.71789639999997 ], [ -43.755110699999904, -7.717281 ], [ -43.755302599999901, -7.71685529999996 ], [ -43.7555432, -7.71659549999993 ], [ -43.755928099999899, -7.71636989999996 ], [ -43.756067099999903, -7.71622609999997 ], [ -43.7561502, -7.71596719999997 ], [ -43.7560867, -7.71558919999995 ], [ -43.7558465, -7.71527969999994 ], [ -43.755769799999896, -7.71488189999997 ], [ -43.7558132, -7.71453779999996 ], [ -43.7557768, -7.71418219999993 ], [ -43.755680799999901, -7.71401229999998 ], [ -43.755460099999901, -7.71388789999997 ], [ -43.7553055, -7.71386479999995 ], [ -43.7549445, -7.71401349999996 ], [ -43.7547428, -7.71423869999995 ], [ -43.7545569, -7.71435209999993 ], [ -43.7543236, -7.71431119999994 ], [ -43.7541912, -7.71417859999997 ], [ -43.7541583, -7.71394959999998 ], [ -43.7542255, -7.713736 ], [ -43.7542659, -7.71354959999996 ], [ -43.754246599999902, -7.71318719999994 ], [ -43.7540726, -7.71300979999995 ], [ -43.7539237, -7.71284939999993 ], [ -43.7540863, -7.71233579999995 ], [ -43.7544182, -7.71186239999997 ], [ -43.7548343, -7.71165389999993 ], [ -43.755005299999901, -7.711404 ], [ -43.7549521, -7.71112429999994 ], [ -43.7547278, -7.71102739999998 ], [ -43.7542839, -7.71099049999998 ], [ -43.753952599999899, -7.71087439999997 ], [ -43.753859599999899, -7.71066969999993 ], [ -43.7538643, -7.71044519999998 ], [ -43.7540238, -7.710146 ], [ -43.754306299999897, -7.70986339999996 ], [ -43.754507499999903, -7.70964469999996 ], [ -43.7545066, -7.70937589999994 ], [ -43.754584599999902, -7.70911329999996 ], [ -43.7547522, -7.70889559999995 ], [ -43.7552707, -7.70864939999996 ], [ -43.7554727, -7.70833 ], [ -43.7555264, -7.70792149999994 ], [ -43.7553889, -7.70774979999993 ], [ -43.755172, -7.70768839999994 ], [ -43.7544774, -7.70770019999998 ], [ -43.7538597, -7.70762249999996 ], [ -43.7534024999999, -7.70778169999994 ], [ -43.752974299999899, -7.70824669999996 ], [ -43.752685, -7.70842779999998 ], [ -43.7523221, -7.70841549999994 ], [ -43.752014, -7.708158 ], [ -43.7515648, -7.70753169999995 ], [ -43.7510344, -7.70799919999996 ], [ -43.7509325, -7.70837009999997 ], [ -43.7510933, -7.70857969999997 ], [ -43.7516583, -7.70864089999998 ], [ -43.7516537, -7.70888259999998 ], [ -43.7514168, -7.70913519999993 ], [ -43.7513074, -7.70943409999995 ], [ -43.751015299999899, -7.709669 ], [ -43.7507411, -7.70942479999997 ], [ -43.7505136, -7.70921919999995 ], [ -43.7502302, -7.70911159999997 ], [ -43.749904899999898, -7.70907049999994 ], [ -43.7494225, -7.70955619999995 ], [ -43.7494351, -7.71006039999997 ], [ -43.7494525, -7.71054139999995 ], [ -43.749221799999901, -7.71058509999995 ], [ -43.7489432, -7.71051039999998 ], [ -43.748476599999897, -7.71026629999994 ], [ -43.7480446, -7.71000779999997 ], [ -43.747815199999899, -7.70962009999994 ], [ -43.7478384, -7.70914689999995 ], [ -43.747855399999899, -7.70852589999993 ], [ -43.747985099999902, -7.70824669999996 ], [ -43.7484097, -7.70779229999994 ], [ -43.748664399999903, -7.70738229999995 ], [ -43.7488643, -7.70693209999996 ], [ -43.748959699999901, -7.706378 ], [ -43.7488245, -7.70609669999993 ], [ -43.7484969, -7.70592009999996 ], [ -43.7480744, -7.70590469999996 ], [ -43.747668099999899, -7.70588719999995 ], [ -43.747293, -7.70595829999996 ], [ -43.7471821, -7.706292 ], [ -43.7470249, -7.70652749999994 ], [ -43.7468107, -7.70686989999996 ], [ -43.7468382, -7.70733839999997 ], [ -43.7468661, -7.70774159999996 ], [ -43.7467018, -7.70809919999994 ], [ -43.7464811, -7.70840359999994 ], [ -43.7462745999999, -7.708557 ], [ -43.746085299999898, -7.70848629999995 ], [ -43.7458237, -7.70831359999994 ], [ -43.745550799999897, -7.70805859999996 ], [ -43.745402899999903, -7.70776119999994 ], [ -43.745214099999899, -7.70731209999997 ], [ -43.745067999999897, -7.70691779999993 ], [ -43.7450206, -7.70660379999993 ], [ -43.7451412, -7.70635619999996 ], [ -43.7453426, -7.70618239999993 ], [ -43.745559, -7.70617359999994 ], [ -43.745942, -7.70622109999994 ], [ -43.7462452, -7.706133 ], [ -43.746460899999903, -7.70589029999996 ], [ -43.7466373, -7.70558809999994 ], [ -43.7465551, -7.70536749999997 ], [ -43.7464156, -7.70527009999995 ], [ -43.746118099999897, -7.70525089999995 ], [ -43.745958099999903, -7.70518079999994 ], [ -43.745915399999902, -7.70496629999997 ], [ -43.7459382, -7.70470489999997 ], [ -43.7459708, -7.70447189999993 ], [ -43.745809, -7.70432759999994 ], [ -43.7455342, -7.70430419999997 ], [ -43.7451121, -7.70440849999994 ], [ -43.7446514, -7.70429979999994 ], [ -43.7444388, -7.70440939999997 ], [ -43.7443218, -7.70468629999993 ], [ -43.744069, -7.70483049999996 ], [ -43.7438562, -7.70494989999997 ], [ -43.743649699999899, -7.70487969999994 ], [ -43.7435896, -7.70471869999994 ], [ -43.743650499999902, -7.70457719999996 ], [ -43.743878, -7.70437519999996 ], [ -43.743935599999901, -7.70426239999995 ], [ -43.7438663, -7.70411079999997 ], [ -43.7437542, -7.70388859999997 ], [ -43.743693699999902, -7.70371069999993 ], [ -43.743775, -7.70356049999998 ], [ -43.7439229, -7.70339449999994 ], [ -43.7440199, -7.70314749999994 ], [ -43.744118199999903, -7.70276209999997 ], [ -43.7442846, -7.70255789999993 ], [ -43.744469799999898, -7.70247179999996 ], [ -43.744657199999899, -7.70264049999997 ], [ -43.744824, -7.70275629999998 ], [ -43.7449817, -7.70267339999998 ], [ -43.745129399999897, -7.70253289999994 ], [ -43.745246699999903, -7.70240759999996 ], [ -43.7456013, -7.70226879999996 ], [ -43.7458564, -7.70241869999995 ], [ -43.7459622, -7.70268639999995 ], [ -43.746168399999902, -7.70264089999995 ], [ -43.7463198, -7.70235309999993 ], [ -43.746653299999899, -7.70169859999993 ], [ -43.747019899999898, -7.70090279999994 ], [ -43.747153, -7.70053479999996 ], [ -43.7470699, -7.700085 ], [ -43.7471062, -7.69970419999993 ], [ -43.7473289, -7.69927519999993 ], [ -43.7471336999999, -7.69892679999998 ], [ -43.746872499999903, -7.69868889999998 ], [ -43.7464639, -7.69872089999996 ], [ -43.7459691, -7.69883619999996 ], [ -43.74548, -7.69902069999995 ], [ -43.7446909, -7.69915279999998 ], [ -43.743612299999903, -7.69908909999998 ], [ -43.7432345, -7.69918669999993 ], [ -43.7430141, -7.69936389999998 ], [ -43.7429612, -7.69962309999994 ], [ -43.742947899999898, -7.700069 ], [ -43.742792199999897, -7.70035379999996 ], [ -43.742411699999899, -7.70067739999996 ], [ -43.7421103, -7.70080059999998 ], [ -43.741763499999898, -7.70055189999994 ], [ -43.7416794, -7.69995679999994 ], [ -43.741535199999902, -7.69931439999993 ], [ -43.741677099999897, -7.69873019999994 ], [ -43.741573699999897, -7.69829289999996 ], [ -43.741187599999897, -7.69792119999994 ], [ -43.740891, -7.69778 ], [ -43.7405098999999, -7.697569 ], [ -43.7404185, -7.69737069999996 ], [ -43.740486299999901, -7.69722839999997 ], [ -43.7406607, -7.69716209999996 ], [ -43.740902199999901, -7.69733459999998 ], [ -43.741149699999902, -7.69730049999993 ], [ -43.7413129, -7.69697489999993 ], [ -43.741352699999901, -7.696588 ], [ -43.7414077, -7.69641509999997 ], [ -43.7417042, -7.69627439999994 ], [ -43.7420991, -7.695646 ], [ -43.7424348, -7.69430239999997 ], [ -43.742361, -7.693959 ], [ -43.742132, -7.69390669999996 ], [ -43.7418642, -7.69401709999994 ], [ -43.7413733, -7.69429769999994 ], [ -43.7408177, -7.69448349999993 ], [ -43.7403452, -7.69448389999997 ], [ -43.740201699999901, -7.69423579999994 ], [ -43.740252199999901, -7.69406639999994 ], [ -43.740315699999897, -7.69375159999993 ], [ -43.7405065, -7.69250839999995 ], [ -43.740398599999899, -7.69148529999995 ], [ -43.740236099999898, -7.69135769999997 ], [ -43.7394171, -7.69104969999995 ], [ -43.7384556, -7.69050139999996 ], [ -43.7383976, -7.690068 ], [ -43.7384817, -7.68978839999994 ], [ -43.738620099999899, -7.68960479999993 ], [ -43.7389696, -7.68955069999993 ], [ -43.739150299999899, -7.68938919999994 ], [ -43.7393059, -7.68907689999998 ], [ -43.739267799999901, -7.68873129999997 ], [ -43.739221799999903, -7.68836909999993 ], [ -43.739300699999902, -7.68813749999993 ], [ -43.739534, -7.68803029999998 ], [ -43.7399854, -7.68825059999995 ], [ -43.7401459, -7.68864119999995 ], [ -43.7403578999999, -7.68882719999993 ], [ -43.740596099999898, -7.68874569999997 ], [ -43.7407653, -7.68858669999997 ], [ -43.7407248, -7.68834429999993 ], [ -43.7404959, -7.68703769999996 ], [ -43.740448699999902, -7.68640519999997 ], [ -43.7405353, -7.68597879999993 ], [ -43.7404953, -7.68581619999998 ], [ -43.740298799999898, -7.68565559999996 ], [ -43.7400736, -7.68565019999994 ], [ -43.7398966, -7.68578639999993 ], [ -43.7396851, -7.68602769999995 ], [ -43.7394525, -7.68619219999994 ], [ -43.7391537, -7.68616509999993 ], [ -43.7389213, -7.68600739999994 ], [ -43.7387762, -7.68572409999996 ], [ -43.7385651, -7.685421 ], [ -43.737657899999903, -7.684908 ], [ -43.736915699999898, -7.684896 ], [ -43.736466699999902, -7.68461739999998 ], [ -43.736116799999898, -7.68450249999995 ], [ -43.7356134, -7.68443819999993 ], [ -43.7353899, -7.68426319999998 ], [ -43.7353234999999, -7.68403159999997 ], [ -43.7354242, -7.68382369999995 ], [ -43.735620599999898, -7.68372109999996 ], [ -43.7359233, -7.68372749999997 ], [ -43.736276, -7.683509 ], [ -43.7364567, -7.68317079999997 ], [ -43.736600199999899, -7.68265659999997 ], [ -43.7364931, -7.68250989999996 ], [ -43.7363233, -7.68252 ], [ -43.7360864, -7.68259239999998 ], [ -43.7357198, -7.682477 ], [ -43.7356068, -7.68227059999998 ], [ -43.735411499999898, -7.68155879999995 ], [ -43.7353391, -7.68128989999997 ], [ -43.734952899999897, -7.68120969999995 ], [ -43.7346497999999, -7.68123739999993 ], [ -43.7342542, -7.68122729999993 ], [ -43.7339799, -7.68091149999998 ], [ -43.7339185, -7.68043739999996 ], [ -43.733986899999898, -7.68014609999994 ], [ -43.734130299999897, -7.67980439999997 ], [ -43.7343255, -7.67963819999994 ], [ -43.7345409, -7.67933589999996 ], [ -43.7346416, -7.67905759999996 ], [ -43.734503699999898, -7.67888819999996 ], [ -43.7342479, -7.67886319999997 ], [ -43.7339595, -7.67898269999995 ], [ -43.7336883, -7.679165 ], [ -43.7334134, -7.67916929999996 ], [ -43.732349499999899, -7.67900869999994 ], [ -43.7321069, -7.678729 ], [ -43.7320443999999, -7.67836959999994 ], [ -43.7319534, -7.67809489999996 ], [ -43.731770299999901, -7.67806679999995 ], [ -43.731641, -7.678208 ], [ -43.7314545, -7.67843519999997 ], [ -43.7312855, -7.67861639999995 ], [ -43.7310057, -7.67862129999997 ], [ -43.7307092, -7.67841709999993 ], [ -43.730093699999898, -7.67788059999998 ], [ -43.7299656, -7.67732059999997 ], [ -43.7301926, -7.67685609999995 ], [ -43.7305966, -7.67659459999993 ], [ -43.7309892, -7.676339 ], [ -43.7310805, -7.67609109999995 ], [ -43.730995199999903, -7.67579159999997 ], [ -43.730668099999903, -7.67556679999996 ], [ -43.7303324, -7.67548379999994 ], [ -43.7301312, -7.67535459999993 ], [ -43.7299685999999, -7.67501859999993 ], [ -43.729740299999897, -7.67432269999995 ], [ -43.7294719, -7.67364159999994 ], [ -43.7291827, -7.67316009999996 ], [ -43.728867099999903, -7.67302349999994 ], [ -43.728691899999902, -7.67312719999995 ], [ -43.7284837999999, -7.67345539999997 ], [ -43.7281401, -7.67364939999993 ], [ -43.7276701, -7.67375969999995 ], [ -43.7273873, -7.67376049999996 ], [ -43.7269783, -7.67347119999994 ], [ -43.7264966, -7.67326529999997 ], [ -43.726303599999902, -7.67303639999994 ], [ -43.7262633, -7.67273309999996 ], [ -43.7263690999999, -7.67237529999994 ], [ -43.7262794, -7.67191149999996 ], [ -43.726003999999897, -7.67137939999998 ], [ -43.7257274, -7.67093469999998 ], [ -43.725809399999903, -7.67076819999994 ], [ -43.72608, -7.67071049999993 ], [ -43.7269221, -7.67064549999998 ], [ -43.7271641, -7.67034049999995 ], [ -43.727183899999901, -7.67003839999995 ], [ -43.7268793, -7.66923839999993 ], [ -43.7266461, -7.66898649999996 ], [ -43.725520399999901, -7.66863279999995 ], [ -43.7240523, -7.66820549999994 ], [ -43.723503299999898, -7.66786329999996 ], [ -43.7226163999999, -7.66695329999993 ], [ -43.721666899999903, -7.66650639999995 ], [ -43.7207093, -7.666354 ], [ -43.719809499999897, -7.66675889999993 ], [ -43.7195194, -7.66687539999998 ], [ -43.7191483, -7.66673529999997 ], [ -43.7174132, -7.66555089999997 ], [ -43.7168096, -7.66505969999997 ], [ -43.716078799999899, -7.66398659999993 ], [ -43.715438499999898, -7.66361469999993 ], [ -43.7151714, -7.66365119999995 ], [ -43.714572, -7.66371629999998 ], [ -43.714284, -7.66355659999994 ], [ -43.7142031, -7.663321 ], [ -43.714512199999902, -7.662032 ], [ -43.7147203, -7.661964 ], [ -43.715245599999903, -7.66202009999995 ], [ -43.715639199999899, -7.66185279999996 ], [ -43.716130099999901, -7.66102759999995 ], [ -43.716469, -7.66020119999996 ], [ -43.716476699999902, -7.65954659999994 ], [ -43.716299, -7.65909909999993 ], [ -43.715857899999897, -7.65863939999997 ], [ -43.7153739, -7.65910419999994 ], [ -43.714957, -7.65953109999998 ], [ -43.7137794, -7.659604 ], [ -43.713621799999899, -7.65980439999993 ], [ -43.713473, -7.66003309999996 ], [ -43.7131936, -7.66013169999997 ], [ -43.7129548, -7.66005349999995 ], [ -43.7126511, -7.65991949999994 ], [ -43.7119324, -7.65992469999998 ], [ -43.711675899999904, -7.66011779999997 ], [ -43.7116493, -7.66031909999998 ], [ -43.7116755, -7.66055829999993 ], [ -43.7117436, -7.66082789999996 ], [ -43.7117066, -7.66111 ], [ -43.7114978, -7.66133429999996 ], [ -43.7112205, -7.66139289999995 ], [ -43.7107535, -7.66136359999996 ], [ -43.7102143, -7.66117829999996 ], [ -43.709960099999897, -7.66074109999994 ], [ -43.7098417999999, -7.66016219999995 ], [ -43.709950799999902, -7.65972789999995 ], [ -43.7101106, -7.65938819999997 ], [ -43.710113099999901, -7.65900029999995 ], [ -43.7100492, -7.65865539999993 ], [ -43.7098544, -7.65840379999997 ], [ -43.7095313, -7.65826589999995 ], [ -43.7092291, -7.65830909999994 ], [ -43.708899899999899, -7.65844 ], [ -43.7086371, -7.65845229999996 ], [ -43.7084818, -7.65829 ], [ -43.7084308, -7.65808249999998 ], [ -43.7085334, -7.65777919999994 ], [ -43.7088443, -7.657464 ], [ -43.7092101, -7.65707529999997 ], [ -43.7094028, -7.65679129999995 ], [ -43.7098523, -7.65621809999993 ], [ -43.710401499999897, -7.65589439999997 ], [ -43.7105688, -7.65551249999993 ], [ -43.710832, -7.65506969999996 ], [ -43.7111264, -7.65469439999993 ], [ -43.7111611, -7.65434319999997 ], [ -43.7110537, -7.65413709999996 ], [ -43.7107884, -7.65398179999994 ], [ -43.710547399999903, -7.65377219999993 ], [ -43.7103688, -7.65338829999996 ], [ -43.7101703, -7.65316759999996 ], [ -43.709942399999903, -7.65296809999995 ], [ -43.709606699999902, -7.652886 ], [ -43.7092732, -7.65293289999994 ], [ -43.708893799999899, -7.65307609999996 ], [ -43.7086121, -7.65306309999994 ], [ -43.7084762, -7.65296529999995 ], [ -43.7084664, -7.65282239999993 ], [ -43.7087839, -7.65254689999995 ], [ -43.708949, -7.65219009999993 ], [ -43.709195399999899, -7.65196929999996 ], [ -43.7094332, -7.65184009999996 ], [ -43.7096423, -7.65181909999995 ], [ -43.7099042, -7.65193459999995 ], [ -43.7101028, -7.65201479999996 ], [ -43.710332299999898, -7.65198219999996 ], [ -43.710614099999901, -7.65186909999994 ], [ -43.7108808999999, -7.65189379999993 ], [ -43.7110896, -7.652108 ], [ -43.7112556, -7.652173 ], [ -43.7119463, -7.65208249999995 ], [ -43.7124208, -7.652141 ], [ -43.7126658, -7.65229979999998 ], [ -43.7128622, -7.65259379999998 ], [ -43.7129206, -7.652894 ], [ -43.7127444, -7.65309319999994 ], [ -43.7125452, -7.65335629999993 ], [ -43.712399699999899, -7.65391729999993 ], [ -43.712467699999898, -7.65425089999997 ], [ -43.7125799, -7.65438869999997 ], [ -43.7128180999999, -7.65441509999994 ], [ -43.713018799999901, -7.65434309999995 ], [ -43.7132215, -7.654152 ], [ -43.714145099999897, -7.65400649999998 ], [ -43.714992, -7.65407169999997 ], [ -43.7151962, -7.65369559999993 ], [ -43.7156186, -7.65344459999994 ], [ -43.7156611, -7.65324029999994 ], [ -43.715595699999902, -7.65299239999996 ], [ -43.71534, -7.65273809999997 ], [ -43.7148058, -7.65197609999996 ], [ -43.7144006, -7.65125829999994 ], [ -43.7137715, -7.65081039999995 ], [ -43.7130781, -7.64997809999994 ], [ -43.7119584, -7.64925669999997 ], [ -43.711755299999901, -7.64893849999993 ], [ -43.7112443, -7.64848889999996 ], [ -43.710237, -7.64803329999995 ], [ -43.710152799999904, -7.64782089999994 ], [ -43.7102313, -7.64765209999996 ], [ -43.7104626, -7.64755829999996 ], [ -43.710571699999903, -7.64739849999995 ], [ -43.7106421, -7.64711079999995 ], [ -43.7104131, -7.64655759999994 ], [ -43.710303399999901, -7.64642949999995 ], [ -43.7100857, -7.64641279999995 ], [ -43.7093694, -7.64631219999995 ], [ -43.708730499999902, -7.64601929999998 ], [ -43.708470299999902, -7.645556 ], [ -43.7084083, -7.64495519999997 ], [ -43.7082105, -7.64466869999995 ], [ -43.7079241, -7.64456509999997 ], [ -43.7076903, -7.64469329999997 ], [ -43.707622199999904, -7.64494989999997 ], [ -43.7075571, -7.645183 ], [ -43.707366, -7.64531859999994 ], [ -43.7070978, -7.64536019999997 ], [ -43.706504499999902, -7.64533059999997 ], [ -43.706196599999899, -7.64527 ], [ -43.705875999999897, -7.64495409999995 ], [ -43.7043724, -7.643854 ], [ -43.7039106, -7.64360329999994 ], [ -43.7036636999999, -7.64360549999998 ], [ -43.703413, -7.64382239999998 ], [ -43.7031972, -7.64398759999995 ], [ -43.7029502, -7.64404 ], [ -43.702686099999902, -7.64384929999994 ], [ -43.702300599999901, -7.64368369999994 ], [ -43.753716499999904, -7.57418969999998 ], [ -43.7410626, -7.51875039999993 ], [ -43.7405462, -7.51649039999995 ], [ -43.6630764, -7.435218 ], [ -43.6910649, -7.33224829999995 ], [ -43.692400399999897, -7.32733069999995 ], [ -43.784328899999899, -7.36586389999997 ], [ -43.7412315999999, -7.311532 ], [ -43.7410647, -7.31132159999993 ], [ -43.7325392, -7.30057509999995 ], [ -43.7178893, -7.26354249999997 ], [ -43.716388299999899, -7.26476869999993 ], [ -43.7143518, -7.26490219999994 ], [ -43.7129901, -7.26558759999995 ], [ -43.707880799999899, -7.26549849999998 ], [ -43.7059844, -7.26611579999997 ], [ -43.7041265, -7.26742469999994 ], [ -43.703232399999898, -7.26652339999993 ], [ -43.702338499999897, -7.26738479999995 ], [ -43.7017676, -7.26644889999994 ], [ -43.699943699999899, -7.26710339999994 ], [ -43.6967341, -7.26484079999994 ], [ -43.6937993, -7.265239 ], [ -43.692588199999904, -7.264968 ], [ -43.6924127, -7.26417179999993 ], [ -43.691056699999898, -7.26267889999997 ], [ -43.690807999999898, -7.26073539999993 ], [ -43.6888547, -7.25941789999996 ], [ -43.6888187, -7.25862039999993 ], [ -43.687711299999897, -7.258406 ], [ -43.6874986, -7.25788769999997 ], [ -43.687894899999897, -7.25688439999993 ], [ -43.6856462, -7.25576949999993 ], [ -43.683793599999902, -7.25416939999997 ], [ -43.682614999999899, -7.25433979999997 ], [ -43.6782987, -7.25152209999993 ], [ -43.676057199999903, -7.24805119999996 ], [ -43.6748426999999, -7.24721759999994 ], [ -43.669238499999899, -7.24550519999997 ], [ -43.6675587, -7.246121 ], [ -43.6648787, -7.24607709999998 ], [ -43.6641213999999, -7.24517629999997 ], [ -43.6612737, -7.24537609999993 ], [ -43.659625199999901, -7.24648029999997 ], [ -43.6559493, -7.24508159999993 ], [ -43.6557665999999, -7.24680249999994 ], [ -43.6551216, -7.24715749999996 ], [ -43.6549808, -7.24587879999996 ], [ -43.654158299999899, -7.24639449999995 ], [ -43.6521933, -7.24618049999998 ], [ -43.6511899, -7.24676329999994 ], [ -43.649946499999899, -7.24604829999993 ], [ -43.6492132, -7.25160639999996 ], [ -43.646843299999901, -7.25527369999998 ], [ -43.646337199999898, -7.257144 ], [ -43.645096599999903, -7.26500569999996 ], [ -43.641790199999903, -7.27209719999996 ], [ -43.6413367, -7.27196709999993 ], [ -43.6403253, -7.27167709999998 ], [ -43.6398586, -7.27094739999995 ], [ -43.6386168, -7.27035609999996 ], [ -43.636327499999901, -7.27017639999997 ], [ -43.635364799999898, -7.26958429999996 ], [ -43.634398, -7.26971739999993 ], [ -43.6334413, -7.26781079999995 ], [ -43.6322292, -7.26711509999996 ], [ -43.6315496, -7.267009 ], [ -43.630569, -7.26761619999996 ], [ -43.628368599999902, -7.26727659999995 ], [ -43.627195599999901, -7.26540249999994 ], [ -43.624448, -7.26400919999998 ], [ -43.6241608999999, -7.26428489999995 ], [ -43.6234784, -7.26352279999998 ], [ -43.6222324, -7.26354549999996 ], [ -43.6216299, -7.26199139999994 ], [ -43.6191648, -7.26208809999997 ], [ -43.6175716, -7.26267079999997 ], [ -43.6151968, -7.26262889999998 ], [ -43.6123001, -7.26196469999996 ], [ -43.6096559, -7.26299269999993 ], [ -43.6088715, -7.26267949999993 ], [ -43.6082688, -7.26163979999995 ], [ -43.607410899999898, -7.26153149999993 ], [ -43.6057653, -7.26339539999998 ], [ -43.604008599999901, -7.26418969999997 ], [ -43.6011124, -7.26424979999996 ], [ -43.5992876, -7.26493579999993 ], [ -43.597432599999898, -7.26458329999997 ], [ -43.5945848, -7.26107679999996 ], [ -43.592813099999901, -7.26041479999998 ], [ -43.5881898, -7.26050269999996 ], [ -43.5856514, -7.26122229999993 ], [ -43.583792, -7.26121679999994 ], [ -43.5414339, -7.27611119999995 ], [ -43.541395599999902, -7.27612459999995 ], [ -43.541095599999899, -7.27623009999996 ], [ -43.5410247, -7.27625509999996 ], [ -43.5407350999999, -7.27635689999994 ], [ -43.540558299999901, -7.27641909999994 ], [ -43.5391084, -7.27692889999997 ], [ -43.5388487, -7.27702019999998 ], [ -43.5375294, -7.27748409999998 ], [ -43.5373332, -7.27755309999998 ], [ -43.5371431, -7.27762 ], [ -43.5370343, -7.27765819999996 ], [ -43.5358404, -7.278078 ], [ -43.535759299999903, -7.27810649999998 ], [ -43.535274, -7.27827719999993 ], [ -43.5351974, -7.27830409999996 ], [ -43.5344312, -7.27857349999994 ], [ -43.534354199999903, -7.27860059999995 ], [ -43.533978299999902, -7.27873279999994 ], [ -43.518440499999897, -7.28419629999996 ], [ -43.453881599999903, -7.28370159999997 ], [ -43.4529355, -7.28369439999994 ], [ -43.4528508, -7.28369369999996 ], [ -43.3930176, -7.28322759999998 ], [ -43.3893926, -7.28790569999995 ], [ -43.3870575, -7.292392 ], [ -43.3852153999999, -7.30312579999998 ], [ -43.385179999999899, -7.31261619999998 ], [ -43.386694, -7.32136349999996 ], [ -43.403794499999897, -7.35313889999998 ], [ -43.4000078, -7.355583 ], [ -43.324943699999899, -7.40401089999995 ], [ -43.420113899999897, -7.500423 ], [ -43.473471, -7.55409359999993 ], [ -43.4800442, -7.57847019999997 ], [ -43.480119, -7.57874749999996 ], [ -43.5072862, -7.67954859999998 ], [ -43.367141699999898, -7.70157269999993 ], [ -43.3038658, -7.71151669999995 ], [ -43.5375008, -7.92270079999997 ], [ -43.5400101, -7.91471849999994 ], [ -43.5420912, -7.90808829999997 ], [ -43.5435413, -7.90346859999994 ], [ -43.5499505, -7.88304949999997 ], [ -43.6302564, -7.82347189999996 ], [ -43.6867263, -7.78157789999995 ], [ -43.700314299999903, -7.77149719999994 ], [ -43.7261765, -7.75231039999994 ], [ -43.7367184, -7.74448959999995 ], [ -43.754509799999902, -7.73129039999998 ], [ -43.764744699999902, -7.72369739999993 ], [ -43.766150799999899, -7.72333849999995 ] ] ] ] } },
{ "type": "Feature", "properties": { "CD_MUN": "2210631", "NM_MUN": "Sebastião Leal", "CD_RGI": "220018", "NM_RGI": "Uruçuí", "CD_RGINT": "2206", "NM_RGINT": "Floriano", "CD_UF": "22", "NM_UF": "Piauí", "SIGLA_UF": "PI", "CD_REGIAO": "2", "NM_REGIAO": "Nordeste", "SIGLA_RG": "NE", "CD_CONCURB": null, "NM_CONCURB": null, "AREA_KM2": 3148.866 }, "geometry": { "type": "MultiPolygon", "coordinates": [ [ [ [ -44.3626333, -8.29546229999994 ], [ -44.361585299999902, -8.29179609999994 ], [ -44.347068799999903, -8.24101549999995 ], [ -44.3161388, -8.132818 ], [ -44.265678, -7.95027929999998 ], [ -44.2632932, -7.94165229999993 ], [ -44.261644299999901, -7.93568759999994 ], [ -44.2077163, -7.75517859999997 ], [ -44.144815, -7.544957 ], [ -44.144549, -7.544141 ], [ -44.194234, -7.515547 ], [ -44.2428777, -7.48781269999995 ], [ -44.244210199999898, -7.48704209999994 ], [ -44.2666258, -7.47416579999998 ], [ -44.2909834, -7.46016239999994 ], [ -44.291063999999899, -7.460116 ], [ -44.33825, -7.433531 ], [ -44.3523369, -7.42549909999997 ], [ -44.353406999999898, -7.424889 ], [ -44.3549978, -7.42045479999996 ], [ -44.3543159, -7.41306129999998 ], [ -44.3568534999999, -7.40712809999997 ], [ -44.3570314, -7.396616 ], [ -44.356343599999903, -7.39286059999995 ], [ -44.3564908, -7.389775 ], [ -44.3579425, -7.38036309999995 ], [ -44.357272, -7.37725389999997 ], [ -44.3573756, -7.37512709999993 ], [ -44.3586878, -7.36884629999997 ], [ -44.357928, -7.36721309999996 ], [ -44.3577713, -7.36484349999995 ], [ -44.356571599999903, -7.362277 ], [ -44.3564954, -7.35966559999997 ], [ -44.3555765, -7.35768289999993 ], [ -44.3556598, -7.35585629999997 ], [ -44.354981699999897, -7.35375749999997 ], [ -44.3555906, -7.34742619999997 ], [ -44.3574857999999, -7.34093119999994 ], [ -44.357445799999901, -7.33797629999998 ], [ -44.3550106, -7.33331349999997 ], [ -44.355297199999903, -7.32883859999993 ], [ -44.3539792, -7.326622 ], [ -44.3524972, -7.324871 ], [ -44.3507751, -7.32370279999998 ], [ -44.347863399999902, -7.319543 ], [ -44.3480117, -7.31905109999997 ], [ -44.346420599999902, -7.31401839999995 ], [ -44.345940599999899, -7.31296829999997 ], [ -44.343897899999902, -7.31121719999993 ], [ -44.343017099999898, -7.30985189999996 ], [ -44.342014499999898, -7.30641919999994 ], [ -44.3391053, -7.30017619999995 ], [ -44.3390802, -7.29882449999997 ], [ -44.3385635, -7.298385 ], [ -44.297538099999898, -7.26348939999997 ], [ -44.2661016, -7.24322819999998 ], [ -44.257201, -7.27372169999995 ], [ -44.2432113, -7.29123969999995 ], [ -44.246350199999902, -7.29491319999994 ], [ -44.1859593, -7.41436949999996 ], [ -44.1844674, -7.41783429999998 ], [ -44.184051699999898, -7.41879969999997 ], [ -44.1839406, -7.41905759999997 ], [ -44.134373599999897, -7.534114 ], [ -44.1231994, -7.50052689999995 ], [ -44.043744699999898, -7.43004379999996 ], [ -44.041931299999902, -7.42843519999997 ], [ -44.0363872, -7.42351759999997 ], [ -43.9085888, -7.37922849999995 ], [ -43.907979899999901, -7.37901749999997 ], [ -43.8325811, -7.35288169999995 ], [ -43.784328899999899, -7.36586389999997 ], [ -43.692400399999897, -7.32733069999995 ], [ -43.6910649, -7.33224829999995 ], [ -43.6630764, -7.435218 ], [ -43.7405462, -7.51649039999995 ], [ -43.7410626, -7.51875039999993 ], [ -43.753716499999904, -7.57418969999998 ], [ -43.7631627, -7.56896529999995 ], [ -43.8192991, -7.53790609999993 ], [ -43.8222167, -7.53356289999994 ], [ -43.8227049, -7.53192209999997 ], [ -43.8228893, -7.53074989999993 ], [ -43.8221118, -7.52717079999996 ], [ -43.821631, -7.52587829999993 ], [ -43.821089399999899, -7.52493969999995 ], [ -43.820304899999897, -7.52435 ], [ -43.819459299999899, -7.52323439999998 ], [ -43.8190403, -7.52159159999997 ], [ -43.8192878, -7.51989179999993 ], [ -43.8185678, -7.51736849999998 ], [ -43.8175434999999, -7.51572339999996 ], [ -43.817426699999899, -7.51390579999997 ], [ -43.818705, -7.51126959999993 ], [ -43.818952099999898, -7.50951019999997 ], [ -43.8188347, -7.50822149999993 ], [ -43.8195039, -7.50681549999996 ], [ -43.8195689, -7.50517209999998 ], [ -43.8198158, -7.50365049999994 ], [ -43.820362499999902, -7.50271359999994 ], [ -43.8200037, -7.50101249999994 ], [ -43.8213362, -7.49995819999998 ], [ -43.8219473999999, -7.49855429999997 ], [ -43.8230983999999, -7.49808809999996 ], [ -43.823528699999898, -7.49685729999993 ], [ -43.8235286, -7.49574319999994 ], [ -43.823051099999901, -7.49357369999996 ], [ -43.8232278, -7.48986669999994 ], [ -43.8254547, -7.48935189999997 ], [ -43.8259055, -7.48964269999993 ], [ -43.8260538, -7.49000669999998 ], [ -43.8256749, -7.49174889999995 ], [ -43.826045599999901, -7.49298549999997 ], [ -43.8268729, -7.49314229999993 ], [ -43.827911, -7.49567469999994 ], [ -43.8285887, -7.49560459999998 ], [ -43.8287379, -7.49538809999996 ], [ -43.8291874, -7.49538759999996 ], [ -43.829861299999898, -7.495752 ], [ -43.830089299999898, -7.49495479999996 ], [ -43.8303887, -7.494592 ], [ -43.8312121, -7.49495809999996 ], [ -43.8315903, -7.49459619999993 ], [ -43.832112299999899, -7.49459469999994 ], [ -43.8327101, -7.49503579999993 ], [ -43.8328587, -7.49561629999994 ], [ -43.8333852, -7.49561759999995 ], [ -43.833756799999897, -7.49627169999997 ], [ -43.8342049, -7.49656419999997 ], [ -43.8353341, -7.49664339999993 ], [ -43.8374913, -7.498601 ], [ -43.838994199999902, -7.49897359999994 ], [ -43.839367599999903, -7.50013539999998 ], [ -43.8400126, -7.50130249999995 ], [ -43.84064, -7.50117519999998 ], [ -43.840955199999897, -7.50138009999995 ], [ -43.8409518, -7.50214239999997 ], [ -43.8415826, -7.50245059999997 ], [ -43.842209599999897, -7.50311229999994 ], [ -43.8425285, -7.502962 ], [ -43.8427344, -7.50334339999995 ], [ -43.842469999999899, -7.50402939999998 ], [ -43.842522099999897, -7.50451329999993 ], [ -43.8438065, -7.50566109999994 ], [ -43.8439336, -7.50627319999995 ], [ -43.8434604, -7.50685549999997 ], [ -43.843722699999901, -7.50726319999995 ], [ -43.844274, -7.50706109999993 ], [ -43.8444587, -7.50667969999995 ], [ -43.844906, -7.506428 ], [ -43.8451671, -7.50665569999995 ], [ -43.845113899999902, -7.50749609999997 ], [ -43.845270099999901, -7.50782739999994 ], [ -43.8457162, -7.50762559999993 ], [ -43.8459538, -7.50727029999996 ], [ -43.8462663, -7.50747339999998 ], [ -43.846371299999902, -7.50813569999997 ], [ -43.8469482, -7.50892549999998 ], [ -43.8466816, -7.51024639999997 ], [ -43.8472588, -7.51032459999993 ], [ -43.848283, -7.51005039999995 ], [ -43.8488333, -7.51042989999996 ], [ -43.849541, -7.51132409999997 ], [ -43.850064599999897, -7.51168069999994 ], [ -43.8509058, -7.51132849999993 ], [ -43.8512726, -7.51153189999997 ], [ -43.851664899999903, -7.51227109999996 ], [ -43.852479, -7.51222109999998 ], [ -43.8529275, -7.51184029999996 ], [ -43.853451, -7.51196979999997 ], [ -43.854132299999897, -7.51240389999998 ], [ -43.8543424, -7.51276049999996 ], [ -43.853997999999898, -7.51395589999993 ], [ -43.8542328999999, -7.51449029999998 ], [ -43.8548615999999, -7.51477179999995 ], [ -43.8557554, -7.51464779999998 ], [ -43.8568071, -7.51416679999994 ], [ -43.8575147, -7.51437169999997 ], [ -43.8577688, -7.51474079999997 ], [ -43.886518, -7.497264 ], [ -43.888748, -7.500104 ], [ -43.889756, -7.501269 ], [ -43.890765, -7.50223 ], [ -43.891984, -7.50303 ], [ -43.893078, -7.50361 ], [ -43.89712, -7.50574 ], [ -43.898785, -7.506599 ], [ -43.900591, -7.507586 ], [ -43.901631, -7.508432 ], [ -43.904606999999899, -7.511243 ], [ -43.905315, -7.511992 ], [ -43.905818, -7.512621 ], [ -43.907641, -7.51553 ], [ -43.909549, -7.518689 ], [ -43.911561999999897, -7.521929 ], [ -43.911929, -7.522449 ], [ -43.913327, -7.523945 ], [ -43.915039, -7.52557 ], [ -43.915549999999897, -7.526369 ], [ -43.915909, -7.527161 ], [ -43.916243999999899, -7.52848 ], [ -43.916607, -7.529895 ], [ -43.916941999999899, -7.530673 ], [ -43.91738, -7.53143 ], [ -43.91843, -7.532554 ], [ -43.92205, -7.536484 ], [ -43.922514, -7.537169 ], [ -43.923065999999899, -7.538214 ], [ -43.926091, -7.544562 ], [ -43.927146, -7.546969 ], [ -43.927844999999898, -7.548202 ], [ -43.928377, -7.548984 ], [ -43.933076, -7.554988 ], [ -43.934501, -7.556803 ], [ -43.935377, -7.557629 ], [ -43.937127, -7.558994 ], [ -43.938937, -7.560406 ], [ -43.940238, -7.561333 ], [ -43.941343, -7.561779 ], [ -43.944116999999899, -7.562365 ], [ -43.944813, -7.562637 ], [ -43.945473, -7.563053 ], [ -43.946272, -7.563832 ], [ -43.94744, -7.565465 ], [ -43.947959, -7.566043 ], [ -43.948655, -7.566608 ], [ -43.949941, -7.567365 ], [ -43.951173, -7.568126 ], [ -43.951782, -7.568773 ], [ -43.952171, -7.569421 ], [ -43.95239, -7.570016 ], [ -43.952638, -7.571637 ], [ -43.953312, -7.575618 ], [ -43.953834, -7.578756 ], [ -43.953873, -7.579126 ], [ -43.953814, -7.580273 ], [ -43.953698, -7.581392 ], [ -43.953736999999897, -7.581893 ], [ -43.953893, -7.582626 ], [ -43.954450999999899, -7.584191 ], [ -43.954901999999898, -7.584987 ], [ -43.955413, -7.585544 ], [ -43.95647, -7.586245 ], [ -43.957543, -7.586908 ], [ -43.959088, -7.587958 ], [ -43.959684, -7.58854 ], [ -43.960117, -7.589059 ], [ -43.960442999999898, -7.589522 ], [ -43.962017, -7.592658 ], [ -43.963085, -7.594847 ], [ -43.963686, -7.596216 ], [ -43.963980999999897, -7.597343 ], [ -43.964525799999898, -7.59996179999996 ], [ -43.964945999999898, -7.602039 ], [ -43.964945, -7.602718 ], [ -43.965730999999899, -7.602391 ], [ -43.966434, -7.602216 ], [ -43.96707, -7.602259 ], [ -43.967572, -7.602229 ], [ -43.968245, -7.602025 ], [ -43.968765, -7.601744 ], [ -43.970291, -7.600237 ], [ -43.973028999999897, -7.597558 ], [ -43.973886, -7.596941 ], [ -43.974873, -7.596435 ], [ -43.976199, -7.596074 ], [ -43.980516, -7.594833 ], [ -43.982361, -7.59434 ], [ -43.983554, -7.593727 ], [ -43.984143, -7.593323 ], [ -43.9864704, -7.59344129999994 ], [ -43.9873081, -7.593471 ], [ -44.008209, -7.59421409999993 ], [ -43.9965596, -7.73848869999995 ], [ -43.995132, -7.75616939999998 ], [ -43.975012299999896, -8.003162599999939 ], [ -44.0990939, -8.02928559999998 ], [ -44.1015806999999, -8.04918329999998 ], [ -44.1016006, -8.04934259999993 ], [ -44.1016313, -8.04958779999993 ], [ -44.1166681, -8.170185099999969 ], [ -44.1296843, -8.27457719999995 ], [ -44.172849, -8.27845549999995 ], [ -44.173018899999903, -8.278471799999981 ], [ -44.3626333, -8.29546229999994 ] ] ] ] } },
{ "type": "Feature", "properties": { "CD_MUN": "2210102", "NM_MUN": "São José do Peixe", "CD_RGI": "220017", "NM_RGI": "Floriano", "CD_RGINT": "2206", "NM_RGINT": "Floriano", "CD_UF": "22", "NM_UF": "Piauí", "SIGLA_UF": "PI", "CD_REGIAO": "2", "NM_REGIAO": "Nordeste", "SIGLA_RG": "NE", "CD_CONCURB": null, "NM_CONCURB": null, "AREA_KM2": 1287.174 }, "geometry": { "type": "MultiPolygon", "coordinates": [ [ [ [ -42.4831639, -7.52804649999996 ], [ -42.488729099999901, -7.52600239999992 ], [ -42.4889777, -7.53697259999996 ], [ -42.488196899999899, -7.54443449999997 ], [ -42.4875364, -7.54865119999994 ], [ -42.4852074, -7.55478819999996 ], [ -42.4851692, -7.554889 ], [ -42.4851274, -7.55499949999995 ], [ -42.485057, -7.55518589999997 ], [ -42.483214299999901, -7.56004229999996 ], [ -42.4847733, -7.61721209999996 ], [ -42.4765034, -7.70174329999998 ], [ -42.4798091, -7.77881069999995 ], [ -42.482399299999898, -7.83603789999995 ], [ -42.492719099999903, -7.83857759999995 ], [ -42.4935043999999, -7.83877089999993 ], [ -42.5086886, -7.84250759999998 ], [ -42.5841399, -7.68016429999994 ], [ -42.5809144, -7.58392709999993 ], [ -42.616235699999898, -7.58665359999998 ], [ -42.6191176, -7.58687609999993 ], [ -42.678542, -7.59145849999993 ], [ -42.6822468, -7.46995879999997 ], [ -42.7983313, -7.38635939999995 ], [ -42.842318299999903, -7.35435739999997 ], [ -42.8155394, -7.27975179999993 ], [ -42.7850157, -7.29508549999997 ], [ -42.7770254, -7.28097989999998 ], [ -42.776988, -7.280914 ], [ -42.7262473, -7.19135639999996 ], [ -42.7059838, -7.192158 ], [ -42.688372199999897, -7.26339949999993 ], [ -42.6977823, -7.29225369999995 ], [ -42.6747253999999, -7.31018589999996 ], [ -42.6599815, -7.35214929999995 ], [ -42.6228614999999, -7.35267579999993 ], [ -42.6044686, -7.37977229999996 ], [ -42.5827174, -7.38772069999993 ], [ -42.5826564, -7.387743 ], [ -42.5826086, -7.38776039999993 ], [ -42.568906899999902, -7.39276619999993 ], [ -42.5664935, -7.39160109999995 ], [ -42.5658599, -7.39129529999997 ], [ -42.5317593, -7.37483659999998 ], [ -42.4250425, -7.40162239999995 ], [ -42.3607026, -7.41774869999995 ], [ -42.319513, -7.43410149999994 ], [ -42.314899, -7.43135009999997 ], [ -42.312097299999898, -7.43154369999996 ], [ -42.314181699999899, -7.43934719999993 ], [ -42.319159199999902, -7.45581609999994 ], [ -42.3192903, -7.45624969999994 ], [ -42.3200279, -7.45706029999997 ], [ -42.3375277, -7.47213509999995 ], [ -42.3410736, -7.47535229999994 ], [ -42.3460464, -7.47956549999998 ], [ -42.347057699999901, -7.48027689999998 ], [ -42.3481379, -7.48230369999993 ], [ -42.3558694, -7.49531089999994 ], [ -42.360318999999897, -7.50171989999996 ], [ -42.363557699999902, -7.50712519999996 ], [ -42.3660518, -7.51183939999993 ], [ -42.3693431, -7.51693509999996 ], [ -42.3710766, -7.51920079999996 ], [ -42.3742037, -7.522624 ], [ -42.378669, -7.52714229999998 ], [ -42.3813503, -7.529321 ], [ -42.3831838, -7.53060089999997 ], [ -42.3868596, -7.53250229999998 ], [ -42.3918652999999, -7.53483359999996 ], [ -42.3949653, -7.53583879999996 ], [ -42.398080799999903, -7.53647359999997 ], [ -42.398630899999901, -7.53658569999993 ], [ -42.3997133, -7.53680619999994 ], [ -42.4006064, -7.53678019999995 ], [ -42.4010005, -7.53676869999993 ], [ -42.4012053, -7.53672269999993 ], [ -42.401849, -7.53657809999993 ], [ -42.4020191, -7.53653979999996 ], [ -42.406436299999903, -7.536096 ], [ -42.4094972, -7.53155629999998 ], [ -42.4104214, -7.53076109999995 ], [ -42.411840599999898, -7.52898479999993 ], [ -42.4128628, -7.52805029999996 ], [ -42.4197981, -7.52442549999995 ], [ -42.4206697, -7.52457219999997 ], [ -42.4213955, -7.524951 ], [ -42.4236913, -7.52647069999995 ], [ -42.4273674, -7.52621119999998 ], [ -42.428105699999897, -7.52649449999996 ], [ -42.42849, -7.52720319999997 ], [ -42.4290849, -7.52918069999993 ], [ -42.429710699999902, -7.52984239999995 ], [ -42.430485099999899, -7.53026939999995 ], [ -42.4331003, -7.53103669999996 ], [ -42.434504699999898, -7.53250409999993 ], [ -42.435079, -7.53278579999994 ], [ -42.4358794, -7.53288549999996 ], [ -42.438603999999899, -7.53130409999994 ], [ -42.439139, -7.53126119999996 ], [ -42.4398653, -7.53145289999998 ], [ -42.4413642, -7.53230659999997 ], [ -42.442722199999899, -7.53250309999993 ], [ -42.443371399999897, -7.53354129999997 ], [ -42.4444341, -7.53420279999995 ], [ -42.4485018, -7.535357 ], [ -42.4585577, -7.53460879999994 ], [ -42.468962299999902, -7.53261369999996 ], [ -42.4764747, -7.53067749999997 ], [ -42.4821274, -7.52842719999995 ], [ -42.4831639, -7.52804649999996 ] ] ] ] } },
{ "type": "Feature", "properties": { "CD_MUN": "2201705", "NM_MUN": "Bertolínia", "CD_RGI": "220018", "NM_RGI": "Uruçuí", "CD_RGINT": "2206", "NM_RGINT": "Floriano", "CD_UF": "22", "NM_UF": "Piauí", "SIGLA_UF": "PI", "CD_REGIAO": "2", "NM_REGIAO": "Nordeste", "SIGLA_RG": "NE", "CD_CONCURB": null, "NM_CONCURB": null, "AREA_KM2": 1216.116 }, "geometry": { "type": "MultiPolygon", "coordinates": [ [ [ [ -43.7631627, -7.56896529999995 ], [ -43.753716499999904, -7.57418969999998 ], [ -43.702300599999901, -7.64368369999994 ], [ -43.702686099999902, -7.64384929999994 ], [ -43.7029502, -7.64404 ], [ -43.7031972, -7.64398759999995 ], [ -43.703413, -7.64382239999998 ], [ -43.7036636999999, -7.64360549999998 ], [ -43.7039106, -7.64360329999994 ], [ -43.7043724, -7.643854 ], [ -43.705875999999897, -7.64495409999995 ], [ -43.706196599999899, -7.64527 ], [ -43.706504499999902, -7.64533059999997 ], [ -43.7070978, -7.64536019999997 ], [ -43.707366, -7.64531859999994 ], [ -43.7075571, -7.645183 ], [ -43.707622199999904, -7.64494989999997 ], [ -43.7076903, -7.64469329999997 ], [ -43.7079241, -7.64456509999997 ], [ -43.7082105, -7.64466869999995 ], [ -43.7084083, -7.64495519999997 ], [ -43.708470299999902, -7.645556 ], [ -43.708730499999902, -7.64601929999998 ], [ -43.7093694, -7.64631219999995 ], [ -43.7100857, -7.64641279999995 ], [ -43.710303399999901, -7.64642949999995 ], [ -43.7104131, -7.64655759999994 ], [ -43.7106421, -7.64711079999995 ], [ -43.710571699999903, -7.64739849999995 ], [ -43.7104626, -7.64755829999996 ], [ -43.7102313, -7.64765209999996 ], [ -43.710152799999904, -7.64782089999994 ], [ -43.710237, -7.64803329999995 ], [ -43.7112443, -7.64848889999996 ], [ -43.711755299999901, -7.64893849999993 ], [ -43.7119584, -7.64925669999997 ], [ -43.7130781, -7.64997809999994 ], [ -43.7137715, -7.65081039999995 ], [ -43.7144006, -7.65125829999994 ], [ -43.7148058, -7.65197609999996 ], [ -43.71534, -7.65273809999997 ], [ -43.715595699999902, -7.65299239999996 ], [ -43.7156611, -7.65324029999994 ], [ -43.7156186, -7.65344459999994 ], [ -43.7151962, -7.65369559999993 ], [ -43.714992, -7.65407169999997 ], [ -43.714145099999897, -7.65400649999998 ], [ -43.7132215, -7.654152 ], [ -43.713018799999901, -7.65434309999995 ], [ -43.7128180999999, -7.65441509999994 ], [ -43.7125799, -7.65438869999997 ], [ -43.712467699999898, -7.65425089999997 ], [ -43.712399699999899, -7.65391729999993 ], [ -43.7125452, -7.65335629999993 ], [ -43.7127444, -7.65309319999994 ], [ -43.7129206, -7.652894 ], [ -43.7128622, -7.65259379999998 ], [ -43.7126658, -7.65229979999998 ], [ -43.7124208, -7.652141 ], [ -43.7119463, -7.65208249999995 ], [ -43.7112556, -7.652173 ], [ -43.7110896, -7.652108 ], [ -43.7108808999999, -7.65189379999993 ], [ -43.710614099999901, -7.65186909999994 ], [ -43.710332299999898, -7.65198219999996 ], [ -43.7101028, -7.65201479999996 ], [ -43.7099042, -7.65193459999995 ], [ -43.7096423, -7.65181909999995 ], [ -43.7094332, -7.65184009999996 ], [ -43.709195399999899, -7.65196929999996 ], [ -43.708949, -7.65219009999993 ], [ -43.7087839, -7.65254689999995 ], [ -43.7084664, -7.65282239999993 ], [ -43.7084762, -7.65296529999995 ], [ -43.7086121, -7.65306309999994 ], [ -43.708893799999899, -7.65307609999996 ], [ -43.7092732, -7.65293289999994 ], [ -43.709606699999902, -7.652886 ], [ -43.709942399999903, -7.65296809999995 ], [ -43.7101703, -7.65316759999996 ], [ -43.7103688, -7.65338829999996 ], [ -43.710547399999903, -7.65377219999993 ], [ -43.7107884, -7.65398179999994 ], [ -43.7110537, -7.65413709999996 ], [ -43.7111611, -7.65434319999997 ], [ -43.7111264, -7.65469439999993 ], [ -43.710832, -7.65506969999996 ], [ -43.7105688, -7.65551249999993 ], [ -43.710401499999897, -7.65589439999997 ], [ -43.7098523, -7.65621809999993 ], [ -43.7094028, -7.65679129999995 ], [ -43.7092101, -7.65707529999997 ], [ -43.7088443, -7.657464 ], [ -43.7085334, -7.65777919999994 ], [ -43.7084308, -7.65808249999998 ], [ -43.7084818, -7.65829 ], [ -43.7086371, -7.65845229999996 ], [ -43.708899899999899, -7.65844 ], [ -43.7092291, -7.65830909999994 ], [ -43.7095313, -7.65826589999995 ], [ -43.7098544, -7.65840379999997 ], [ -43.7100492, -7.65865539999993 ], [ -43.710113099999901, -7.65900029999995 ], [ -43.7101106, -7.65938819999997 ], [ -43.709950799999902, -7.65972789999995 ], [ -43.7098417999999, -7.66016219999995 ], [ -43.709960099999897, -7.66074109999994 ], [ -43.7102143, -7.66117829999996 ], [ -43.7107535, -7.66136359999996 ], [ -43.7112205, -7.66139289999995 ], [ -43.7114978, -7.66133429999996 ], [ -43.7117066, -7.66111 ], [ -43.7117436, -7.66082789999996 ], [ -43.7116755, -7.66055829999993 ], [ -43.7116493, -7.66031909999998 ], [ -43.711675899999904, -7.66011779999997 ], [ -43.7119324, -7.65992469999998 ], [ -43.7126511, -7.65991949999994 ], [ -43.7129548, -7.66005349999995 ], [ -43.7131936, -7.66013169999997 ], [ -43.713473, -7.66003309999996 ], [ -43.713621799999899, -7.65980439999993 ], [ -43.7137794, -7.659604 ], [ -43.714957, -7.65953109999998 ], [ -43.7153739, -7.65910419999994 ], [ -43.715857899999897, -7.65863939999997 ], [ -43.716299, -7.65909909999993 ], [ -43.716476699999902, -7.65954659999994 ], [ -43.716469, -7.66020119999996 ], [ -43.716130099999901, -7.66102759999995 ], [ -43.715639199999899, -7.66185279999996 ], [ -43.715245599999903, -7.66202009999995 ], [ -43.7147203, -7.661964 ], [ -43.714512199999902, -7.662032 ], [ -43.7142031, -7.663321 ], [ -43.714284, -7.66355659999994 ], [ -43.714572, -7.66371629999998 ], [ -43.7151714, -7.66365119999995 ], [ -43.715438499999898, -7.66361469999993 ], [ -43.716078799999899, -7.66398659999993 ], [ -43.7168096, -7.66505969999997 ], [ -43.7174132, -7.66555089999997 ], [ -43.7191483, -7.66673529999997 ], [ -43.7195194, -7.66687539999998 ], [ -43.719809499999897, -7.66675889999993 ], [ -43.7207093, -7.666354 ], [ -43.721666899999903, -7.66650639999995 ], [ -43.7226163999999, -7.66695329999993 ], [ -43.723503299999898, -7.66786329999996 ], [ -43.7240523, -7.66820549999994 ], [ -43.725520399999901, -7.66863279999995 ], [ -43.7266461, -7.66898649999996 ], [ -43.7268793, -7.66923839999993 ], [ -43.727183899999901, -7.67003839999995 ], [ -43.7271641, -7.67034049999995 ], [ -43.7269221, -7.67064549999998 ], [ -43.72608, -7.67071049999993 ], [ -43.725809399999903, -7.67076819999994 ], [ -43.7257274, -7.67093469999998 ], [ -43.726003999999897, -7.67137939999998 ], [ -43.7262794, -7.67191149999996 ], [ -43.7263690999999, -7.67237529999994 ], [ -43.7262633, -7.67273309999996 ], [ -43.726303599999902, -7.67303639999994 ], [ -43.7264966, -7.67326529999997 ], [ -43.7269783, -7.67347119999994 ], [ -43.7273873, -7.67376049999996 ], [ -43.7276701, -7.67375969999995 ], [ -43.7281401, -7.67364939999993 ], [ -43.7284837999999, -7.67345539999997 ], [ -43.728691899999902, -7.67312719999995 ], [ -43.728867099999903, -7.67302349999994 ], [ -43.7291827, -7.67316009999996 ], [ -43.7294719, -7.67364159999994 ], [ -43.729740299999897, -7.67432269999995 ], [ -43.7299685999999, -7.67501859999993 ], [ -43.7301312, -7.67535459999993 ], [ -43.7303324, -7.67548379999994 ], [ -43.730668099999903, -7.67556679999996 ], [ -43.730995199999903, -7.67579159999997 ], [ -43.7310805, -7.67609109999995 ], [ -43.7309892, -7.676339 ], [ -43.7305966, -7.67659459999993 ], [ -43.7301926, -7.67685609999995 ], [ -43.7299656, -7.67732059999997 ], [ -43.730093699999898, -7.67788059999998 ], [ -43.7307092, -7.67841709999993 ], [ -43.7310057, -7.67862129999997 ], [ -43.7312855, -7.67861639999995 ], [ -43.7314545, -7.67843519999997 ], [ -43.731641, -7.678208 ], [ -43.731770299999901, -7.67806679999995 ], [ -43.7319534, -7.67809489999996 ], [ -43.7320443999999, -7.67836959999994 ], [ -43.7321069, -7.678729 ], [ -43.732349499999899, -7.67900869999994 ], [ -43.7334134, -7.67916929999996 ], [ -43.7336883, -7.679165 ], [ -43.7339595, -7.67898269999995 ], [ -43.7342479, -7.67886319999997 ], [ -43.734503699999898, -7.67888819999996 ], [ -43.7346416, -7.67905759999996 ], [ -43.7345409, -7.67933589999996 ], [ -43.7343255, -7.67963819999994 ], [ -43.734130299999897, -7.67980439999997 ], [ -43.733986899999898, -7.68014609999994 ], [ -43.7339185, -7.68043739999996 ], [ -43.7339799, -7.68091149999998 ], [ -43.7342542, -7.68122729999993 ], [ -43.7346497999999, -7.68123739999993 ], [ -43.734952899999897, -7.68120969999995 ], [ -43.7353391, -7.68128989999997 ], [ -43.735411499999898, -7.68155879999995 ], [ -43.7356068, -7.68227059999998 ], [ -43.7357198, -7.682477 ], [ -43.7360864, -7.68259239999998 ], [ -43.7363233, -7.68252 ], [ -43.7364931, -7.68250989999996 ], [ -43.736600199999899, -7.68265659999997 ], [ -43.7364567, -7.68317079999997 ], [ -43.736276, -7.683509 ], [ -43.7359233, -7.68372749999997 ], [ -43.735620599999898, -7.68372109999996 ], [ -43.7354242, -7.68382369999995 ], [ -43.7353234999999, -7.68403159999997 ], [ -43.7353899, -7.68426319999998 ], [ -43.7356134, -7.68443819999993 ], [ -43.736116799999898, -7.68450249999995 ], [ -43.736466699999902, -7.68461739999998 ], [ -43.736915699999898, -7.684896 ], [ -43.737657899999903, -7.684908 ], [ -43.7385651, -7.685421 ], [ -43.7387762, -7.68572409999996 ], [ -43.7389213, -7.68600739999994 ], [ -43.7391537, -7.68616509999993 ], [ -43.7394525, -7.68619219999994 ], [ -43.7396851, -7.68602769999995 ], [ -43.7398966, -7.68578639999993 ], [ -43.7400736, -7.68565019999994 ], [ -43.740298799999898, -7.68565559999996 ], [ -43.7404953, -7.68581619999998 ], [ -43.7405353, -7.68597879999993 ], [ -43.740448699999902, -7.68640519999997 ], [ -43.7404959, -7.68703769999996 ], [ -43.7407248, -7.68834429999993 ], [ -43.7407653, -7.68858669999997 ], [ -43.740596099999898, -7.68874569999997 ], [ -43.7403578999999, -7.68882719999993 ], [ -43.7401459, -7.68864119999995 ], [ -43.7399854, -7.68825059999995 ], [ -43.739534, -7.68803029999998 ], [ -43.739300699999902, -7.68813749999993 ], [ -43.739221799999903, -7.68836909999993 ], [ -43.739267799999901, -7.68873129999997 ], [ -43.7393059, -7.68907689999998 ], [ -43.739150299999899, -7.68938919999994 ], [ -43.7389696, -7.68955069999993 ], [ -43.738620099999899, -7.68960479999993 ], [ -43.7384817, -7.68978839999994 ], [ -43.7383976, -7.690068 ], [ -43.7384556, -7.69050139999996 ], [ -43.7394171, -7.69104969999995 ], [ -43.740236099999898, -7.69135769999997 ], [ -43.740398599999899, -7.69148529999995 ], [ -43.7405065, -7.69250839999995 ], [ -43.740315699999897, -7.69375159999993 ], [ -43.740252199999901, -7.69406639999994 ], [ -43.740201699999901, -7.69423579999994 ], [ -43.7403452, -7.69448389999997 ], [ -43.7408177, -7.69448349999993 ], [ -43.7413733, -7.69429769999994 ], [ -43.7418642, -7.69401709999994 ], [ -43.742132, -7.69390669999996 ], [ -43.742361, -7.693959 ], [ -43.7424348, -7.69430239999997 ], [ -43.7420991, -7.695646 ], [ -43.7417042, -7.69627439999994 ], [ -43.7414077, -7.69641509999997 ], [ -43.741352699999901, -7.696588 ], [ -43.7413129, -7.69697489999993 ], [ -43.741149699999902, -7.69730049999993 ], [ -43.740902199999901, -7.69733459999998 ], [ -43.7406607, -7.69716209999996 ], [ -43.740486299999901, -7.69722839999997 ], [ -43.7404185, -7.69737069999996 ], [ -43.7405098999999, -7.697569 ], [ -43.740891, -7.69778 ], [ -43.741187599999897, -7.69792119999994 ], [ -43.741573699999897, -7.69829289999996 ], [ -43.741677099999897, -7.69873019999994 ], [ -43.741535199999902, -7.69931439999993 ], [ -43.7416794, -7.69995679999994 ], [ -43.741763499999898, -7.70055189999994 ], [ -43.7421103, -7.70080059999998 ], [ -43.742411699999899, -7.70067739999996 ], [ -43.742792199999897, -7.70035379999996 ], [ -43.742947899999898, -7.700069 ], [ -43.7429612, -7.69962309999994 ], [ -43.7430141, -7.69936389999998 ], [ -43.7432345, -7.69918669999993 ], [ -43.743612299999903, -7.69908909999998 ], [ -43.7446909, -7.69915279999998 ], [ -43.74548, -7.69902069999995 ], [ -43.7459691, -7.69883619999996 ], [ -43.7464639, -7.69872089999996 ], [ -43.746872499999903, -7.69868889999998 ], [ -43.7471336999999, -7.69892679999998 ], [ -43.7473289, -7.69927519999993 ], [ -43.7471062, -7.69970419999993 ], [ -43.7470699, -7.700085 ], [ -43.747153, -7.70053479999996 ], [ -43.747019899999898, -7.70090279999994 ], [ -43.746653299999899, -7.70169859999993 ], [ -43.7463198, -7.70235309999993 ], [ -43.746168399999902, -7.70264089999995 ], [ -43.7459622, -7.70268639999995 ], [ -43.7458564, -7.70241869999995 ], [ -43.7456013, -7.70226879999996 ], [ -43.745246699999903, -7.70240759999996 ], [ -43.745129399999897, -7.70253289999994 ], [ -43.7449817, -7.70267339999998 ], [ -43.744824, -7.70275629999998 ], [ -43.744657199999899, -7.70264049999997 ], [ -43.744469799999898, -7.70247179999996 ], [ -43.7442846, -7.70255789999993 ], [ -43.744118199999903, -7.70276209999997 ], [ -43.7440199, -7.70314749999994 ], [ -43.7439229, -7.70339449999994 ], [ -43.743775, -7.70356049999998 ], [ -43.743693699999902, -7.70371069999993 ], [ -43.7437542, -7.70388859999997 ], [ -43.7438663, -7.70411079999997 ], [ -43.743935599999901, -7.70426239999995 ], [ -43.743878, -7.70437519999996 ], [ -43.743650499999902, -7.70457719999996 ], [ -43.7435896, -7.70471869999994 ], [ -43.743649699999899, -7.70487969999994 ], [ -43.7438562, -7.70494989999997 ], [ -43.744069, -7.70483049999996 ], [ -43.7443218, -7.70468629999993 ], [ -43.7444388, -7.70440939999997 ], [ -43.7446514, -7.70429979999994 ], [ -43.7451121, -7.70440849999994 ], [ -43.7455342, -7.70430419999997 ], [ -43.745809, -7.70432759999994 ], [ -43.7459708, -7.70447189999993 ], [ -43.7459382, -7.70470489999997 ], [ -43.745915399999902, -7.70496629999997 ], [ -43.745958099999903, -7.70518079999994 ], [ -43.746118099999897, -7.70525089999995 ], [ -43.7464156, -7.70527009999995 ], [ -43.7465551, -7.70536749999997 ], [ -43.7466373, -7.70558809999994 ], [ -43.746460899999903, -7.70589029999996 ], [ -43.7462452, -7.706133 ], [ -43.745942, -7.70622109999994 ], [ -43.745559, -7.70617359999994 ], [ -43.7453426, -7.70618239999993 ], [ -43.7451412, -7.70635619999996 ], [ -43.7450206, -7.70660379999993 ], [ -43.745067999999897, -7.70691779999993 ], [ -43.745214099999899, -7.70731209999997 ], [ -43.745402899999903, -7.70776119999994 ], [ -43.745550799999897, -7.70805859999996 ], [ -43.7458237, -7.70831359999994 ], [ -43.746085299999898, -7.70848629999995 ], [ -43.7462745999999, -7.708557 ], [ -43.7464811, -7.70840359999994 ], [ -43.7467018, -7.70809919999994 ], [ -43.7468661, -7.70774159999996 ], [ -43.7468382, -7.70733839999997 ], [ -43.7468107, -7.70686989999996 ], [ -43.7470249, -7.70652749999994 ], [ -43.7471821, -7.706292 ], [ -43.747293, -7.70595829999996 ], [ -43.747668099999899, -7.70588719999995 ], [ -43.7480744, -7.70590469999996 ], [ -43.7484969, -7.70592009999996 ], [ -43.7488245, -7.70609669999993 ], [ -43.748959699999901, -7.706378 ], [ -43.7488643, -7.70693209999996 ], [ -43.748664399999903, -7.70738229999995 ], [ -43.7484097, -7.70779229999994 ], [ -43.747985099999902, -7.70824669999996 ], [ -43.747855399999899, -7.70852589999993 ], [ -43.7478384, -7.70914689999995 ], [ -43.747815199999899, -7.70962009999994 ], [ -43.7480446, -7.71000779999997 ], [ -43.748476599999897, -7.71026629999994 ], [ -43.7489432, -7.71051039999998 ], [ -43.749221799999901, -7.71058509999995 ], [ -43.7494525, -7.71054139999995 ], [ -43.7494351, -7.71006039999997 ], [ -43.7494225, -7.70955619999995 ], [ -43.749904899999898, -7.70907049999994 ], [ -43.7502302, -7.70911159999997 ], [ -43.7505136, -7.70921919999995 ], [ -43.7507411, -7.70942479999997 ], [ -43.751015299999899, -7.709669 ], [ -43.7513074, -7.70943409999995 ], [ -43.7514168, -7.70913519999993 ], [ -43.7516537, -7.70888259999998 ], [ -43.7516583, -7.70864089999998 ], [ -43.7510933, -7.70857969999997 ], [ -43.7509325, -7.70837009999997 ], [ -43.7510344, -7.70799919999996 ], [ -43.7515648, -7.70753169999995 ], [ -43.752014, -7.708158 ], [ -43.7523221, -7.70841549999994 ], [ -43.752685, -7.70842779999998 ], [ -43.752974299999899, -7.70824669999996 ], [ -43.7534024999999, -7.70778169999994 ], [ -43.7538597, -7.70762249999996 ], [ -43.7544774, -7.70770019999998 ], [ -43.755172, -7.70768839999994 ], [ -43.7553889, -7.70774979999993 ], [ -43.7555264, -7.70792149999994 ], [ -43.7554727, -7.70833 ], [ -43.7552707, -7.70864939999996 ], [ -43.7547522, -7.70889559999995 ], [ -43.754584599999902, -7.70911329999996 ], [ -43.7545066, -7.70937589999994 ], [ -43.754507499999903, -7.70964469999996 ], [ -43.754306299999897, -7.70986339999996 ], [ -43.7540238, -7.710146 ], [ -43.7538643, -7.71044519999998 ], [ -43.753859599999899, -7.71066969999993 ], [ -43.753952599999899, -7.71087439999997 ], [ -43.7542839, -7.71099049999998 ], [ -43.7547278, -7.71102739999998 ], [ -43.7549521, -7.71112429999994 ], [ -43.755005299999901, -7.711404 ], [ -43.7548343, -7.71165389999993 ], [ -43.7544182, -7.71186239999997 ], [ -43.7540863, -7.71233579999995 ], [ -43.7539237, -7.71284939999993 ], [ -43.7540726, -7.71300979999995 ], [ -43.754246599999902, -7.71318719999994 ], [ -43.7542659, -7.71354959999996 ], [ -43.7542255, -7.713736 ], [ -43.7541583, -7.71394959999998 ], [ -43.7541912, -7.71417859999997 ], [ -43.7543236, -7.71431119999994 ], [ -43.7545569, -7.71435209999993 ], [ -43.7547428, -7.71423869999995 ], [ -43.7549445, -7.71401349999996 ], [ -43.7553055, -7.71386479999995 ], [ -43.755460099999901, -7.71388789999997 ], [ -43.755680799999901, -7.71401229999998 ], [ -43.7557768, -7.71418219999993 ], [ -43.7558132, -7.71453779999996 ], [ -43.755769799999896, -7.71488189999997 ], [ -43.7558465, -7.71527969999994 ], [ -43.7560867, -7.71558919999995 ], [ -43.7561502, -7.71596719999997 ], [ -43.756067099999903, -7.71622609999997 ], [ -43.755928099999899, -7.71636989999996 ], [ -43.7555432, -7.71659549999993 ], [ -43.755302599999901, -7.71685529999996 ], [ -43.755110699999904, -7.717281 ], [ -43.7548939, -7.71789639999997 ], [ -43.7548184, -7.71854859999996 ], [ -43.7546631, -7.71921379999998 ], [ -43.7547018, -7.719545 ], [ -43.7548993999999, -7.71972069999993 ], [ -43.7552069, -7.71976019999994 ], [ -43.755491499999899, -7.71963479999994 ], [ -43.755684099999897, -7.71935069999995 ], [ -43.75578, -7.71893009999997 ], [ -43.7557016, -7.71861859999996 ], [ -43.755726, -7.71845549999995 ], [ -43.755840299999903, -7.71838719999994 ], [ -43.7560407, -7.71845839999997 ], [ -43.7566452, -7.71885079999993 ], [ -43.7575831999999, -7.71893869999997 ], [ -43.7579517, -7.71889079999994 ], [ -43.7583304999999, -7.71832889999996 ], [ -43.7587061, -7.71822739999993 ], [ -43.759375, -7.718423 ], [ -43.759968899999897, -7.71846919999996 ], [ -43.760192699999898, -7.718283 ], [ -43.7603144, -7.71806019999997 ], [ -43.7604976, -7.71793609999997 ], [ -43.7609568, -7.718081 ], [ -43.7614378, -7.71872669999993 ], [ -43.7613916, -7.71924619999993 ], [ -43.7609763, -7.71980389999993 ], [ -43.760537, -7.71996759999996 ], [ -43.760154199999903, -7.72001909999994 ], [ -43.7599415, -7.72023559999997 ], [ -43.7598705, -7.720566 ], [ -43.759987899999899, -7.72106629999996 ], [ -43.760680599999901, -7.72172849999993 ], [ -43.7610607, -7.72186059999996 ], [ -43.7614804, -7.72180689999993 ], [ -43.7623172999999, -7.72140889999997 ], [ -43.762779599999902, -7.72107539999996 ], [ -43.7633150999999, -7.72092959999998 ], [ -43.763519099999897, -7.72096529999993 ], [ -43.7636194, -7.72117669999994 ], [ -43.7635279, -7.72162949999995 ], [ -43.7637905, -7.72201939999997 ], [ -43.7642533, -7.72233929999993 ], [ -43.764726499999902, -7.72274419999997 ], [ -43.7649451, -7.72270909999997 ], [ -43.7650831999999, -7.72241149999996 ], [ -43.765290299999897, -7.72215569999997 ], [ -43.765477599999898, -7.72217989999996 ], [ -43.7656583, -7.72261679999997 ], [ -43.7659317, -7.72311319999994 ], [ -43.766150799999899, -7.72333849999995 ], [ -43.766679, -7.72373119999997 ], [ -43.7674191, -7.72406919999997 ], [ -43.7677732, -7.72406549999994 ], [ -43.768067, -7.72395489999997 ], [ -43.768623299999902, -7.72403109999993 ], [ -43.7689586, -7.72419939999997 ], [ -43.769779099999901, -7.72434229999993 ], [ -43.7701082, -7.724255 ], [ -43.7704449, -7.72428419999994 ], [ -43.771399099999897, -7.72480149999996 ], [ -43.772315499999898, -7.72494639999996 ], [ -43.772905099999903, -7.72560009999995 ], [ -43.7732748, -7.72591159999996 ], [ -43.77391, -7.72624109999998 ], [ -43.7743515, -7.72659969999995 ], [ -43.7744165, -7.72681029999995 ], [ -43.7743136, -7.72706169999998 ], [ -43.773879599999901, -7.72755869999997 ], [ -43.773725399999897, -7.72791439999997 ], [ -43.7737321, -7.72851879999996 ], [ -43.773588399999902, -7.72898389999995 ], [ -43.7733782, -7.72924329999995 ], [ -43.773048399999901, -7.72941859999997 ], [ -43.7728905, -7.72974019999998 ], [ -43.772787, -7.73018929999995 ], [ -43.7726173, -7.730342 ], [ -43.7725083, -7.73041659999996 ], [ -43.772524599999898, -7.73057839999996 ], [ -43.772768299999903, -7.73066229999995 ], [ -43.7730471, -7.73072639999998 ], [ -43.7732384, -7.73081039999994 ], [ -43.7733201, -7.73093729999994 ], [ -43.773334599999899, -7.73108849999994 ], [ -43.7732983, -7.73126029999997 ], [ -43.773387, -7.73142959999996 ], [ -43.773549699999897, -7.73149729999994 ], [ -43.7737339, -7.73144879999995 ], [ -43.774073799999897, -7.73103229999998 ], [ -43.7743035, -7.73088029999997 ], [ -43.774524799999902, -7.73085229999998 ], [ -43.774746, -7.73102829999993 ], [ -43.774763199999903, -7.73124249999995 ], [ -43.774604399999902, -7.73154569999997 ], [ -43.7746481, -7.73178419999994 ], [ -43.7747704, -7.73191489999994 ], [ -43.775152299999903, -7.73195919999995 ], [ -43.7754351, -7.73204729999998 ], [ -43.7756964, -7.73228079999996 ], [ -43.7758886, -7.73265749999996 ], [ -43.7759475, -7.73318509999996 ], [ -43.7757788, -7.73364659999993 ], [ -43.7755435, -7.73385309999998 ], [ -43.7748247, -7.73405129999998 ], [ -43.774532399999899, -7.73430789999998 ], [ -43.7743485, -7.734653 ], [ -43.7743938, -7.73538659999997 ], [ -43.774371899999899, -7.73620359999995 ], [ -43.7743336999999, -7.73645809999994 ], [ -43.7744953, -7.73662789999997 ], [ -43.7748664, -7.73670009999995 ], [ -43.775097899999899, -7.73683989999995 ], [ -43.7752674, -7.73711659999998 ], [ -43.7753312, -7.73723179999996 ], [ -43.775293599999898, -7.73746169999993 ], [ -43.7753407, -7.73778279999993 ], [ -43.775647799999902, -7.73842389999993 ], [ -43.7757374, -7.73880889999998 ], [ -43.7756198, -7.73947959999998 ], [ -43.7756678, -7.73978889999995 ], [ -43.7759369, -7.74023779999993 ], [ -43.7765815, -7.74127189999996 ], [ -43.776770999999897, -7.74144459999997 ], [ -43.7774487, -7.74167839999996 ], [ -43.777932399999898, -7.74212509999995 ], [ -43.7783238, -7.74263049999996 ], [ -43.778545999999899, -7.742745 ], [ -43.7787049, -7.74280459999994 ], [ -43.778821999999899, -7.74271279999994 ], [ -43.7788406, -7.74253989999994 ], [ -43.7787494, -7.74231139999995 ], [ -43.778871299999899, -7.74178549999993 ], [ -43.7790823, -7.74150639999993 ], [ -43.7793621, -7.74157779999996 ], [ -43.779674, -7.74166119999995 ], [ -43.7799146, -7.74148809999997 ], [ -43.7800549, -7.74123819999994 ], [ -43.7799105, -7.741077 ], [ -43.7794102, -7.74086709999995 ], [ -43.7792439, -7.74069069999996 ], [ -43.7792186, -7.74035989999993 ], [ -43.7793707, -7.74001759999993 ], [ -43.779632499999899, -7.73973679999995 ], [ -43.779886099999899, -7.73972419999996 ], [ -43.7802783, -7.73971179999995 ], [ -43.780522899999902, -7.73961749999995 ], [ -43.7807251, -7.73925509999998 ], [ -43.7808904, -7.73908409999996 ], [ -43.7811945, -7.73897439999996 ], [ -43.7817621, -7.73901179999996 ], [ -43.782037699999897, -7.73922979999998 ], [ -43.782237699999897, -7.73937639999997 ], [ -43.782508999999898, -7.73946149999995 ], [ -43.7826911, -7.73950489999993 ], [ -43.7827733, -7.73956889999994 ], [ -43.7827748999999, -7.73966679999995 ], [ -43.7826267, -7.73985 ], [ -43.7824896, -7.74002559999997 ], [ -43.7824686, -7.74030139999996 ], [ -43.7824279, -7.74051359999993 ], [ -43.7823101, -7.74073129999994 ], [ -43.7822737, -7.74095349999993 ], [ -43.782495, -7.741421 ], [ -43.782630099999899, -7.74180049999995 ], [ -43.782792399999899, -7.74192509999995 ], [ -43.7831596, -7.74205269999993 ], [ -43.7833572, -7.74213209999994 ], [ -43.7834422, -7.74222649999996 ], [ -43.7833618, -7.74238189999994 ], [ -43.7832129, -7.742539 ], [ -43.783115199999898, -7.74277589999997 ], [ -43.7833332, -7.74300939999995 ], [ -43.7838404, -7.74330829999997 ], [ -43.7842325, -7.74380489999993 ], [ -43.784357499999899, -7.74389059999993 ], [ -43.784469999999899, -7.743829 ], [ -43.7846294, -7.74350239999995 ], [ -43.7847388, -7.74339279999998 ], [ -43.7849179, -7.74348319999996 ], [ -43.7851108999999, -7.74380379999997 ], [ -43.785289, -7.74398179999997 ], [ -43.785534, -7.744162 ], [ -43.7856985, -7.74444369999998 ], [ -43.7857698, -7.74467269999997 ], [ -43.7857708, -7.74487929999998 ], [ -43.7855958, -7.74513839999997 ], [ -43.785318699999898, -7.74532619999997 ], [ -43.7852571, -7.74552029999995 ], [ -43.7853354, -7.74597969999996 ], [ -43.785047, -7.74684959999996 ], [ -43.7850662, -7.74716079999996 ], [ -43.7852303, -7.74758729999996 ], [ -43.785150499999901, -7.74789769999995 ], [ -43.7845503, -7.749109 ], [ -43.7843705, -7.74962579999993 ], [ -43.7843546, -7.75026519999994 ], [ -43.7844474, -7.75051629999996 ], [ -43.784501599999899, -7.750784 ], [ -43.7845783, -7.75102439999995 ], [ -43.7844653, -7.75145789999993 ], [ -43.7843199, -7.75170559999998 ], [ -43.784270499999899, -7.75189089999998 ], [ -43.7843015, -7.75218029999996 ], [ -43.784404799999898, -7.75240319999995 ], [ -43.784647199999903, -7.75245809999996 ], [ -43.7847968, -7.75236929999994 ], [ -43.7848605, -7.751916 ], [ -43.784877799999897, -7.75145779999997 ], [ -43.785098499999897, -7.75095319999997 ], [ -43.7851841, -7.75071739999993 ], [ -43.785345499999899, -7.75059279999994 ], [ -43.785481699999899, -7.75062359999993 ], [ -43.7856872999999, -7.75082909999998 ], [ -43.7859647, -7.75086909999993 ], [ -43.7861981, -7.75076419999994 ], [ -43.786352, -7.75048439999995 ], [ -43.7864274, -7.75018439999997 ], [ -43.7865947, -7.75001149999997 ], [ -43.7868215, -7.75004289999993 ], [ -43.7870828, -7.750362 ], [ -43.7874117, -7.75057649999997 ], [ -43.7877525, -7.75071169999995 ], [ -43.7880536, -7.750634 ], [ -43.788281599999898, -7.75058129999996 ], [ -43.7885414, -7.75060769999993 ], [ -43.7889074, -7.75101569999993 ], [ -43.7891420999999, -7.75119019999994 ], [ -43.7893634, -7.75128359999997 ], [ -43.7894061, -7.75152429999997 ], [ -43.789360799999898, -7.75168459999998 ], [ -43.7892315, -7.75184909999996 ], [ -43.789035, -7.75194809999994 ], [ -43.7889140999999, -7.75213969999993 ], [ -43.7889105, -7.75231149999996 ], [ -43.7890009, -7.75250809999994 ], [ -43.789108999999897, -7.75260239999994 ], [ -43.7893589, -7.75266609999994 ], [ -43.789844699999897, -7.75264769999995 ], [ -43.7901878, -7.75252229999995 ], [ -43.790383399999897, -7.75251989999998 ], [ -43.7905727, -7.75259519999997 ], [ -43.7907082, -7.752828 ], [ -43.7904884, -7.75333339999997 ], [ -43.7904543, -7.75364119999995 ], [ -43.7904411, -7.75384589999993 ], [ -43.790332799999902, -7.754021 ], [ -43.7900531, -7.75400739999998 ], [ -43.789749399999899, -7.75389219999994 ], [ -43.7896049, -7.75394579999994 ], [ -43.7895586, -7.75410569999997 ], [ -43.7896274, -7.75438149999997 ], [ -43.7897748, -7.75448669999997 ], [ -43.7904523999999, -7.75443059999998 ], [ -43.7913753999999, -7.75462049999993 ], [ -43.7915753, -7.75477009999997 ], [ -43.7916403, -7.75516929999998 ], [ -43.7914871, -7.75579379999994 ], [ -43.791435299999897, -7.75623289999993 ], [ -43.791118599999898, -7.75688759999997 ], [ -43.790943, -7.75712449999997 ], [ -43.7909299, -7.75738009999998 ], [ -43.7909648, -7.757816 ], [ -43.790902899999899, -7.75829509999994 ], [ -43.7906836, -7.75862509999996 ], [ -43.7904283, -7.75871039999993 ], [ -43.7902615, -7.75885809999994 ], [ -43.7901378, -7.75969959999998 ], [ -43.790188999999899, -7.76008549999995 ], [ -43.7904632999999, -7.76045589999995 ], [ -43.7909958, -7.76076869999997 ], [ -43.7912393, -7.76089369999994 ], [ -43.7913664, -7.76083869999997 ], [ -43.791378, -7.76060149999995 ], [ -43.7915313, -7.76033569999993 ], [ -43.7923972, -7.759975 ], [ -43.7927773, -7.76008269999994 ], [ -43.793335899999903, -7.760105 ], [ -43.7936941, -7.75991 ], [ -43.7937944, -7.75965379999997 ], [ -43.793779099999902, -7.75943669999998 ], [ -43.7938958, -7.75923109999997 ], [ -43.7940917, -7.75909949999993 ], [ -43.794251099999897, -7.75912889999995 ], [ -43.7943579, -7.75926089999996 ], [ -43.7943223, -7.759514 ], [ -43.7944132, -7.75969269999996 ], [ -43.7945966999999, -7.75975989999995 ], [ -43.7947923, -7.75963949999993 ], [ -43.7948933, -7.75931089999995 ], [ -43.7948622, -7.75900929999995 ], [ -43.794945, -7.75886439999994 ], [ -43.795084, -7.75876629999993 ], [ -43.795383199999897, -7.75885919999996 ], [ -43.7955482, -7.75897879999997 ], [ -43.7957655, -7.75903229999994 ], [ -43.7959078, -7.758959 ], [ -43.796046499999903, -7.75901459999994 ], [ -43.796117799999898, -7.75919669999996 ], [ -43.796127, -7.75973089999997 ], [ -43.796352199999902, -7.759989 ], [ -43.7964997, -7.76040519999998 ], [ -43.7964253, -7.76103429999995 ], [ -43.796634299999901, -7.76161229999997 ], [ -43.7967844, -7.76188619999994 ], [ -43.796841599999901, -7.76200589999996 ], [ -43.7967692, -7.76224129999997 ], [ -43.796582199999897, -7.76255419999995 ], [ -43.796339799999899, -7.76286429999993 ], [ -43.7962916, -7.76300939999993 ], [ -43.796329399999898, -7.76317729999994 ], [ -43.7965065, -7.76320709999993 ], [ -43.7967558, -7.76309279999998 ], [ -43.7970299, -7.76303909999996 ], [ -43.79748, -7.76333589999996 ], [ -43.7978764, -7.763708 ], [ -43.797998999999898, -7.76398329999995 ], [ -43.7979768, -7.764161 ], [ -43.7977908, -7.764418 ], [ -43.7977586, -7.76460229999998 ], [ -43.7978244, -7.764783 ], [ -43.7980578, -7.76492959999996 ], [ -43.798226999999898, -7.765043 ], [ -43.798348, -7.76530879999996 ], [ -43.7982795, -7.76554009999995 ], [ -43.7981124, -7.76572459999994 ], [ -43.7978937, -7.76592909999994 ], [ -43.797788099999899, -7.76618389999993 ], [ -43.7977271, -7.76646119999998 ], [ -43.7977499, -7.76662749999997 ], [ -43.798005799999899, -7.76698669999996 ], [ -43.7980557, -7.76721359999993 ], [ -43.7979248, -7.76743509999994 ], [ -43.7977695, -7.76768529999993 ], [ -43.7977291999999, -7.76793989999993 ], [ -43.7978234, -7.76828969999997 ], [ -43.798373, -7.76891879999994 ], [ -43.7986021, -7.76922969999993 ], [ -43.7986222, -7.769545 ], [ -43.798465399999898, -7.769766 ], [ -43.7982383, -7.76986359999995 ], [ -43.7980808, -7.76996409999998 ], [ -43.7976958, -7.77066479999996 ], [ -43.7976868, -7.77099569999996 ], [ -43.7981195, -7.77218149999993 ], [ -43.7983905, -7.77256459999995 ], [ -43.7987019, -7.77285259999996 ], [ -43.798744499999898, -7.77300369999995 ], [ -43.7987403, -7.77326139999997 ], [ -43.798679799999903, -7.77336429999997 ], [ -43.798738899999897, -7.77361089999994 ], [ -43.798909, -7.77386249999995 ], [ -43.799259199999902, -7.77403929999997 ], [ -43.7995255, -7.77409149999994 ], [ -43.799799199999903, -7.77395839999997 ], [ -43.800063099999903, -7.77370029999997 ], [ -43.8001872, -7.77367939999993 ], [ -43.8003343, -7.77375309999996 ], [ -43.8003418, -7.77402559999996 ], [ -43.8004298, -7.77426219999995 ], [ -43.800590499999899, -7.77435439999994 ], [ -43.8008871, -7.774243 ], [ -43.8011089, -7.77410819999994 ], [ -43.8012977, -7.77406609999997 ], [ -43.801773099999899, -7.77428849999995 ], [ -43.802072, -7.77451579999996 ], [ -43.8023023, -7.77489369999995 ], [ -43.802397299999903, -7.77546949999993 ], [ -43.8022553, -7.77636579999995 ], [ -43.802165699999897, -7.77709349999998 ], [ -43.8022045, -7.77762519999993 ], [ -43.8022429, -7.77809229999997 ], [ -43.802110399999897, -7.77868259999997 ], [ -43.8019221, -7.77895559999996 ], [ -43.8016855, -7.77902149999994 ], [ -43.801505899999903, -7.77884469999998 ], [ -43.801485199999902, -7.77863059999993 ], [ -43.8011549, -7.778537 ], [ -43.8009633, -7.77858349999997 ], [ -43.8008715, -7.77877269999993 ], [ -43.800946399999901, -7.779372 ], [ -43.8010174, -7.77980439999993 ], [ -43.801029, -7.78025089999994 ], [ -43.800928199999902, -7.78047829999997 ], [ -43.800643799999897, -7.78068779999995 ], [ -43.800226699999897, -7.78085489999995 ], [ -43.799845499999897, -7.78080629999994 ], [ -43.7996532, -7.78082579999995 ], [ -43.799542, -7.78102169999994 ], [ -43.799651, -7.78173739999994 ], [ -43.799766299999902, -7.78201279999996 ], [ -43.8003115, -7.78247409999994 ], [ -43.8003962, -7.78272609999993 ], [ -43.800301499999897, -7.78308289999995 ], [ -43.7999172, -7.78363019999995 ], [ -43.799403799999901, -7.78385559999998 ], [ -43.7991239, -7.78414719999995 ], [ -43.798850699999903, -7.78427159999995 ], [ -43.7987175, -7.78444089999994 ], [ -43.7987871, -7.78505579999995 ], [ -43.7985757, -7.78527269999995 ], [ -43.7976487, -7.78543189999994 ], [ -43.797149299999901, -7.785409 ], [ -43.796671499999903, -7.78555929999993 ], [ -43.7962788, -7.78589229999994 ], [ -43.7959251999999, -7.78640569999993 ], [ -43.7959225, -7.78685109999998 ], [ -43.7960729, -7.78708679999994 ], [ -43.796412599999897, -7.78722819999996 ], [ -43.7968835, -7.78710149999995 ], [ -43.7972932, -7.78710559999996 ], [ -43.797687799999899, -7.787295 ], [ -43.797863, -7.78776129999994 ], [ -43.797879, -7.78828349999998 ], [ -43.7976843, -7.78879129999996 ], [ -43.797596999999897, -7.78922269999993 ], [ -43.7973401, -7.78934509999993 ], [ -43.7969444, -7.78925709999993 ], [ -43.796599199999903, -7.78891149999993 ], [ -43.796634599999898, -7.78869829999996 ], [ -43.7966686, -7.78849269999995 ], [ -43.7964496, -7.78843349999994 ], [ -43.79625, -7.78849479999997 ], [ -43.7959213, -7.78866809999994 ], [ -43.7954708, -7.78896279999998 ], [ -43.795093699999903, -7.78914369999995 ], [ -43.794405, -7.78910979999995 ], [ -43.7940371, -7.78890119999994 ], [ -43.7938028, -7.78888649999993 ], [ -43.793741699999899, -7.78906429999995 ], [ -43.793984099999903, -7.78922109999996 ], [ -43.794137, -7.78944149999995 ], [ -43.794044, -7.78966879999996 ], [ -43.7939137, -7.78988369999996 ], [ -43.793672199999897, -7.79010239999997 ], [ -43.7934609, -7.79009149999996 ], [ -43.793326299999897, -7.78999909999993 ], [ -43.793230799999897, -7.78971759999996 ], [ -43.793007799999899, -7.78963419999997 ], [ -43.7928042, -7.78967139999997 ], [ -43.792526, -7.79011109999993 ], [ -43.7923589, -7.79040459999993 ], [ -43.7920722, -7.79051439999995 ], [ -43.791563499999903, -7.79053319999997 ], [ -43.7914215, -7.79062739999995 ], [ -43.7913856, -7.79117709999997 ], [ -43.791305099999903, -7.79254649999996 ], [ -43.7916726999999, -7.79338139999993 ], [ -43.791958, -7.79366279999994 ], [ -43.7921825, -7.79369149999997 ], [ -43.792428399999899, -7.79359079999995 ], [ -43.7928328, -7.79334369999998 ], [ -43.7931275, -7.79332909999994 ], [ -43.793463599999903, -7.79344659999998 ], [ -43.793996799999903, -7.794089 ], [ -43.7941786, -7.79461139999995 ], [ -43.794186399999901, -7.79535919999995 ], [ -43.7944568, -7.79644389999993 ], [ -43.7944651, -7.79677809999993 ], [ -43.794311799999903, -7.79698779999995 ], [ -43.794266299999897, -7.79726209999995 ], [ -43.7943015, -7.79747919999994 ], [ -43.7944772, -7.79751569999996 ], [ -43.7950074, -7.79736739999993 ], [ -43.795376599999898, -7.79747459999993 ], [ -43.7956156, -7.79774829999997 ], [ -43.7956296999999, -7.79828259999994 ], [ -43.7957728, -7.79865789999997 ], [ -43.7961551, -7.79892359999997 ], [ -43.7965503, -7.79959019999995 ], [ -43.796794599999899, -7.79988029999993 ], [ -43.797197299999901, -7.80002409999997 ], [ -43.7974252, -7.799936 ], [ -43.79754, -7.79971989999996 ], [ -43.7975279, -7.79945979999997 ], [ -43.7972677, -7.79893229999993 ], [ -43.796954, -7.79849 ], [ -43.79678, -7.79810949999995 ], [ -43.7968949, -7.79794039999996 ], [ -43.7970769, -7.79793879999994 ], [ -43.7971954, -7.79817719999994 ], [ -43.7974077, -7.798517 ], [ -43.7977261999999, -7.79883489999997 ], [ -43.7981688, -7.79907129999998 ], [ -43.79854, -7.79897529999994 ], [ -43.7987962, -7.79900139999995 ], [ -43.7988529, -7.79932589999993 ], [ -43.7987322, -7.79972069999997 ], [ -43.798538699999902, -7.80022109999993 ], [ -43.7982936, -7.80055659999994 ], [ -43.798248699999903, -7.80106549999994 ], [ -43.7981444, -7.80136139999996 ], [ -43.797837699999903, -7.80192589999996 ], [ -43.7977675, -7.80258719999995 ], [ -43.797825499999902, -7.803285 ], [ -43.7979409, -7.80387469999994 ], [ -43.7978376, -7.80430719999993 ], [ -43.7974732, -7.80507689999996 ], [ -43.7973669, -7.80562279999998 ], [ -43.7972116, -7.80603559999997 ], [ -43.796926, -7.80661489999994 ], [ -43.7968781, -7.80699909999993 ], [ -43.797195, -7.80775479999994 ], [ -43.7971484, -7.80808359999997 ], [ -43.796978599999903, -7.80829839999996 ], [ -43.796735399999903, -7.80838389999997 ], [ -43.796498299999897, -7.80833749999994 ], [ -43.7957696, -7.80792079999998 ], [ -43.7953573, -7.80754839999997 ], [ -43.795172599999901, -7.80747119999995 ], [ -43.7950342, -7.80749559999998 ], [ -43.794994899999899, -7.80768479999995 ], [ -43.795162199999901, -7.80796259999994 ], [ -43.7954976, -7.80832249999997 ], [ -43.795996499999902, -7.80902979999996 ], [ -43.796351, -7.80936909999997 ], [ -43.7964514, -7.80957319999993 ], [ -43.796598699999898, -7.81011349999994 ], [ -43.7967657, -7.810344 ], [ -43.7969515999999, -7.81041339999996 ], [ -43.797192299999899, -7.81038989999996 ], [ -43.79741, -7.81040969999998 ], [ -43.7974553, -7.81061259999996 ], [ -43.797323999999897, -7.81083369999993 ], [ -43.7972118, -7.81103439999993 ], [ -43.7972171, -7.81135219999993 ], [ -43.7971797, -7.81176849999997 ], [ -43.7969768, -7.81208749999996 ], [ -43.7967096, -7.81231779999996 ], [ -43.7966096, -7.81282569999996 ], [ -43.7967288, -7.81320919999996 ], [ -43.7963528, -7.81329669999997 ], [ -43.7960045, -7.81322749999993 ], [ -43.7957807, -7.81314179999993 ], [ -43.7955901999999, -7.81289989999993 ], [ -43.7954559, -7.81278329999998 ], [ -43.795333099999901, -7.81278489999994 ], [ -43.795103, -7.81288049999995 ], [ -43.7949087, -7.81299119999994 ], [ -43.794707699999897, -7.81307049999998 ], [ -43.794466499999899, -7.81304839999996 ], [ -43.7942154, -7.81292539999993 ], [ -43.7939104, -7.81266549999998 ], [ -43.7937262, -7.81257159999996 ], [ -43.793494, -7.81257 ], [ -43.7933545, -7.81265959999996 ], [ -43.7931927, -7.81295589999996 ], [ -43.7931123, -7.81325069999997 ], [ -43.7929983, -7.81341179999993 ], [ -43.7928056, -7.81356829999993 ], [ -43.792500399999902, -7.81372669999996 ], [ -43.7923514, -7.81390729999993 ], [ -43.7922823, -7.81411689999993 ], [ -43.792449299999902, -7.81465059999994 ], [ -43.7925824, -7.81481369999995 ], [ -43.7928448, -7.81492819999994 ], [ -43.793258799999897, -7.81505919999995 ], [ -43.7936026, -7.81510149999997 ], [ -43.7936875, -7.81519459999993 ], [ -43.7937059, -7.81546859999997 ], [ -43.7937186, -7.81575059999994 ], [ -43.793778099999898, -7.81612479999995 ], [ -43.7937539, -7.81628809999995 ], [ -43.7937041, -7.81650149999996 ], [ -43.7936718, -7.816718 ], [ -43.7937315, -7.81686829999995 ], [ -43.7939651, -7.81702049999996 ], [ -43.7940937, -7.81719609999993 ], [ -43.794091599999902, -7.817334 ], [ -43.7938526, -7.81750929999993 ], [ -43.793693, -7.81767919999993 ], [ -43.7935376, -7.81801669999993 ], [ -43.7934675, -7.81828889999997 ], [ -43.793488599999897, -7.81861489999994 ], [ -43.793507299999902, -7.818866 ], [ -43.7934996, -7.81907559999996 ], [ -43.793483, -7.819247 ], [ -43.7933331999999, -7.81933529999998 ], [ -43.7931717, -7.81935229999993 ], [ -43.793105599999897, -7.81920849999995 ], [ -43.7931383, -7.81896359999996 ], [ -43.7931136, -7.818733 ], [ -43.7928651, -7.81857289999994 ], [ -43.792719299999902, -7.81829149999993 ], [ -43.792574199999898, -7.81805139999994 ], [ -43.7923835, -7.81803329999997 ], [ -43.7922293, -7.81811019999998 ], [ -43.792199599999897, -7.81827929999997 ], [ -43.7920915999999, -7.81863389999995 ], [ -43.7918432, -7.81924689999994 ], [ -43.7917998, -7.81956109999993 ], [ -43.7916729, -7.81985019999996 ], [ -43.7914456, -7.82004279999995 ], [ -43.791168399999897, -7.820163 ], [ -43.7909284999999, -7.82024419999993 ], [ -43.7906273, -7.820208 ], [ -43.790455, -7.82005869999995 ], [ -43.790422799999902, -7.81979059999998 ], [ -43.790498199999902, -7.81946309999995 ], [ -43.7906641, -7.81932889999996 ], [ -43.7909691, -7.81927049999996 ], [ -43.791141, -7.81909549999995 ], [ -43.7911491999999, -7.81872449999997 ], [ -43.791042499999897, -7.81796319999995 ], [ -43.7909265, -7.81755749999996 ], [ -43.7907623, -7.81729569999993 ], [ -43.7905595, -7.81714519999997 ], [ -43.7902478, -7.81710949999996 ], [ -43.789954899999898, -7.81722619999994 ], [ -43.7898178, -7.81739729999993 ], [ -43.789597399999899, -7.81748029999994 ], [ -43.789378999999897, -7.81741 ], [ -43.7891263, -7.81706969999993 ], [ -43.7891086, -7.81674189999995 ], [ -43.7891006, -7.81628109999997 ], [ -43.788992699999902, -7.81602069999997 ], [ -43.7889407, -7.81574339999997 ], [ -43.789062699999903, -7.81549289999998 ], [ -43.789146, -7.81534259999995 ], [ -43.7891392, -7.81512609999993 ], [ -43.7889028, -7.814944 ], [ -43.788477999999898, -7.81484379999995 ], [ -43.7879732, -7.81477419999993 ], [ -43.787536499999902, -7.81486529999995 ], [ -43.7872796999999, -7.81507209999995 ], [ -43.7870429, -7.81541069999997 ], [ -43.7868768, -7.81578909999996 ], [ -43.7868043, -7.816188 ], [ -43.7867998, -7.81639959999995 ], [ -43.7870189, -7.81675619999993 ], [ -43.7871195, -7.81688709999997 ], [ -43.787122399999902, -7.81714849999997 ], [ -43.786862799999902, -7.817569 ], [ -43.7867256, -7.81794689999998 ], [ -43.7865103, -7.81808279999996 ], [ -43.7862296, -7.81794939999997 ], [ -43.7859366, -7.81767209999998 ], [ -43.785605599999897, -7.81746149999998 ], [ -43.7852579, -7.81747079999997 ], [ -43.784891199999898, -7.81757139999996 ], [ -43.784634, -7.81773919999995 ], [ -43.784343, -7.81812389999993 ], [ -43.7841506, -7.81847469999997 ], [ -43.7840765, -7.81877759999998 ], [ -43.7841791, -7.81904079999993 ], [ -43.784503599999901, -7.81932269999993 ], [ -43.7847907, -7.81947289999994 ], [ -43.7849866, -7.81958 ], [ -43.7851181999999, -7.81955769999996 ], [ -43.785229399999899, -7.81937669999996 ], [ -43.7851783999999, -7.81919569999997 ], [ -43.7850501, -7.81894119999993 ], [ -43.785116, -7.81872069999997 ], [ -43.785311799999903, -7.81857219999995 ], [ -43.785528699999901, -7.81859329999997 ], [ -43.7857035, -7.81870289999995 ], [ -43.7859276, -7.81873119999995 ], [ -43.7861783, -7.81863409999994 ], [ -43.786488899999902, -7.81852179999993 ], [ -43.786824599999903, -7.81852739999994 ], [ -43.787392, -7.81861309999994 ], [ -43.78775, -7.81879509999993 ], [ -43.7878769, -7.81921049999994 ], [ -43.7879179, -7.81980529999993 ], [ -43.7878595, -7.82041579999998 ], [ -43.7876709, -7.82096529999995 ], [ -43.7872599, -7.82141749999994 ], [ -43.7871723, -7.82166309999997 ], [ -43.7871729, -7.82197919999993 ], [ -43.7870553, -7.82208369999995 ], [ -43.7868725, -7.82217159999993 ], [ -43.786663299999901, -7.82220519999993 ], [ -43.786405, -7.82223889999995 ], [ -43.786055599999898, -7.82234829999993 ], [ -43.7857749, -7.82230679999998 ], [ -43.7853262, -7.82209819999997 ], [ -43.7847692, -7.82203549999997 ], [ -43.7844924, -7.82211339999998 ], [ -43.7842608, -7.82232009999996 ], [ -43.7839949, -7.82288009999996 ], [ -43.783926199999897, -7.823283 ], [ -43.7838924, -7.82349639999995 ], [ -43.783808099999902, -7.82374379999993 ], [ -43.7837049, -7.82409489999998 ], [ -43.7837021, -7.82435109999994 ], [ -43.7839994, -7.82460189999995 ], [ -43.7844127, -7.82488239999998 ], [ -43.784975, -7.82532379999998 ], [ -43.7853688, -7.82595539999994 ], [ -43.7855425, -7.82666479999995 ], [ -43.7854709, -7.82706609999997 ], [ -43.78515, -7.82758049999995 ], [ -43.7849767, -7.82844089999998 ], [ -43.785062, -7.82881169999996 ], [ -43.7849318, -7.82899809999998 ], [ -43.784716499999902, -7.82895669999994 ], [ -43.784427799999897, -7.82886349999995 ], [ -43.7840527, -7.82905659999994 ], [ -43.783808899999897, -7.82919369999996 ], [ -43.783575299999903, -7.82959429999994 ], [ -43.7832607, -7.830059 ], [ -43.7831462, -7.83040109999996 ], [ -43.7832316, -7.83093849999995 ], [ -43.7834549, -7.83118739999998 ], [ -43.7837762, -7.83118749999994 ], [ -43.784089, -7.83118659999997 ], [ -43.7844967999999, -7.83142839999994 ], [ -43.784775, -7.83168989999996 ], [ -43.7850139, -7.83183119999995 ], [ -43.7851611, -7.83198819999996 ], [ -43.785243799999897, -7.83228539999993 ], [ -43.7851596, -7.832639 ], [ -43.7848759, -7.83362639999996 ], [ -43.784707099999899, -7.83403889999994 ], [ -43.7847439, -7.83446879999997 ], [ -43.7851648, -7.83517439999997 ], [ -43.785476699999897, -7.83605489999997 ], [ -43.7855794, -7.83645879999995 ], [ -43.785462299999899, -7.83681559999997 ], [ -43.785287299999901, -7.83714409999993 ], [ -43.7850787, -7.83761439999995 ], [ -43.7849538, -7.83784449999996 ], [ -43.7847889, -7.83797339999995 ], [ -43.784551, -7.83798139999993 ], [ -43.7842845, -7.83801209999996 ], [ -43.7840535, -7.838124 ], [ -43.783968899999898, -7.83834549999995 ], [ -43.784012, -7.83873189999997 ], [ -43.7843518, -7.839199 ], [ -43.7845339, -7.83950839999994 ], [ -43.7845503, -7.83985029999997 ], [ -43.7844229, -7.84028709999995 ], [ -43.784116099999899, -7.84054879999997 ], [ -43.783754499999901, -7.84078859999994 ], [ -43.7834218, -7.84103859999993 ], [ -43.783286599999897, -7.841306 ], [ -43.7830622, -7.84166479999993 ], [ -43.7830046, -7.84210229999996 ], [ -43.783127599999901, -7.84233579999994 ], [ -43.7834324, -7.84244279999996 ], [ -43.7837476, -7.84244149999995 ], [ -43.784137799999897, -7.84266689999993 ], [ -43.7845399, -7.84308139999996 ], [ -43.7847619, -7.84350369999993 ], [ -43.784798899999899, -7.84388739999997 ], [ -43.7849143, -7.84421969999994 ], [ -43.7852131, -7.84445809999994 ], [ -43.785628599999903, -7.844625 ], [ -43.7859443, -7.84490929999993 ], [ -43.7859248, -7.84530909999995 ], [ -43.785657, -7.84568539999998 ], [ -43.7853026, -7.84586049999996 ], [ -43.7847682, -7.84599639999993 ], [ -43.784546799999902, -7.84621019999997 ], [ -43.7843826, -7.84673979999997 ], [ -43.7840221, -7.84725009999994 ], [ -43.783654899999902, -7.84755319999994 ], [ -43.7834228, -7.84808089999996 ], [ -43.7833504, -7.84886379999995 ], [ -43.7833737, -7.84933089999993 ], [ -43.7835027, -7.84973839999998 ], [ -43.783495199999898, -7.85005249999995 ], [ -43.7833223, -7.85030859999995 ], [ -43.7831171999999, -7.85054079999998 ], [ -43.7830547, -7.850877 ], [ -43.7832483, -7.85147739999996 ], [ -43.783492899999899, -7.85189949999994 ], [ -43.783829399999902, -7.85196309999998 ], [ -43.784258099999903, -7.85192359999996 ], [ -43.7845374999999, -7.85181459999995 ], [ -43.784649499999901, -7.85150089999996 ], [ -43.784454299999901, -7.85100609999995 ], [ -43.7842497, -7.85055809999994 ], [ -43.7841299, -7.85020619999995 ], [ -43.784215699999898, -7.849948 ], [ -43.784391, -7.84978169999994 ], [ -43.7847358, -7.84906679999995 ], [ -43.7849969, -7.84905979999996 ], [ -43.785473099999898, -7.84942789999997 ], [ -43.7857997, -7.84981179999994 ], [ -43.785850799999899, -7.85073609999995 ], [ -43.785680399999897, -7.85129329999995 ], [ -43.785418999999898, -7.85202859999993 ], [ -43.785228, -7.85272569999995 ], [ -43.7852574, -7.85324709999998 ], [ -43.7855041, -7.85387179999998 ], [ -43.7858261, -7.85415049999995 ], [ -43.7861333, -7.85422789999996 ], [ -43.7863081, -7.85417079999996 ], [ -43.786704799999903, -7.85393839999995 ], [ -43.7870478, -7.85325229999995 ], [ -43.787624299999898, -7.85282469999993 ], [ -43.7882101, -7.852517 ], [ -43.788804899999903, -7.85270819999994 ], [ -43.789155799999897, -7.85323829999993 ], [ -43.789317099999899, -7.85428419999994 ], [ -43.789179499999896, -7.85504119999996 ], [ -43.7895549, -7.85594489999994 ], [ -43.790447, -7.85662279999997 ], [ -43.790808, -7.85722069999997 ], [ -43.7906709, -7.85755109999997 ], [ -43.790352, -7.85753769999997 ], [ -43.789926599999902, -7.85744589999996 ], [ -43.7894927, -7.857497 ], [ -43.7892356999999, -7.85785149999998 ], [ -43.789154499999903, -7.85861989999995 ], [ -43.788987899999903, -7.85928259999997 ], [ -43.7885942, -7.85995339999994 ], [ -43.7883783, -7.86112379999997 ], [ -43.788405699999899, -7.86183659999995 ], [ -43.7886099, -7.86259959999995 ], [ -43.788824599999899, -7.86298989999995 ], [ -43.7892029, -7.86315289999993 ], [ -43.7895735, -7.86303289999995 ], [ -43.7899571, -7.86306559999997 ], [ -43.790358399999903, -7.86319109999994 ], [ -43.790796699999902, -7.86312879999997 ], [ -43.791182999999897, -7.86282479999994 ], [ -43.791919999999898, -7.86243969999992 ], [ -43.792557799999898, -7.86233169999997 ], [ -43.7930899, -7.86233809999993 ], [ -43.7936395, -7.86257889999996 ], [ -43.793874699999897, -7.86300139999997 ], [ -43.7938831, -7.86350429999993 ], [ -43.7935438, -7.86366309999994 ], [ -43.7931685, -7.86370389999996 ], [ -43.792786299999896, -7.864081 ], [ -43.7927776, -7.86457729999995 ], [ -43.7930491, -7.865031 ], [ -43.7935148, -7.86531709999997 ], [ -43.793969699999899, -7.86573609999994 ], [ -43.794525399999898, -7.86620019999998 ], [ -43.7949384, -7.86677359999993 ], [ -43.795155, -7.86752769999993 ], [ -43.794920499999897, -7.86791749999998 ], [ -43.79442, -7.86842169999994 ], [ -43.793768999999898, -7.86848059999994 ], [ -43.7931816, -7.86856439999997 ], [ -43.792640199999902, -7.86914239999993 ], [ -43.791952099999897, -7.86947829999997 ], [ -43.7912099, -7.869737 ], [ -43.7903818, -7.869795 ], [ -43.790114899999899, -7.87028719999995 ], [ -43.7898375, -7.87203309999995 ], [ -43.7898637, -7.87286129999995 ], [ -43.7898064, -7.87414689999997 ], [ -43.7892998, -7.87572959999994 ], [ -43.7894894, -7.87782889999994 ], [ -43.7893996, -7.88003919999994 ], [ -43.789436099999897, -7.88043729999993 ], [ -43.7902743, -7.88107319999995 ], [ -43.7904394, -7.88173709999995 ], [ -43.7903193, -7.88262009999994 ], [ -43.790331, -7.88307349999997 ], [ -43.791183499999903, -7.88445469999994 ], [ -43.791542799999903, -7.88495089999998 ], [ -43.7920058, -7.88495279999995 ], [ -43.7922275, -7.88470889999996 ], [ -43.7921681, -7.88421239999997 ], [ -43.7920895, -7.88367179999995 ], [ -43.7922391, -7.88337459999997 ], [ -43.793020399999897, -7.88282609999993 ], [ -43.793882799999899, -7.88269609999998 ], [ -43.7943306, -7.88285739999998 ], [ -43.7958704, -7.88316019999996 ], [ -43.796225999999898, -7.88360189999997 ], [ -43.7959792, -7.88390869999995 ], [ -43.7955933, -7.88423109999997 ], [ -43.795318, -7.88491909999993 ], [ -43.7945923, -7.88703019999997 ], [ -43.7941642, -7.88922879999996 ], [ -43.793786399999902, -7.89137529999994 ], [ -43.7933856, -7.89230259999994 ], [ -43.7934271, -7.89289759999997 ], [ -43.793816999999898, -7.893899 ], [ -43.794608599999897, -7.89486429999994 ], [ -43.7945395, -7.89524329999995 ], [ -43.7940318, -7.89593539999993 ], [ -43.7937161, -7.89669489999994 ], [ -43.7938101, -7.89707619999996 ], [ -43.794204, -7.89745729999993 ], [ -43.7945109, -7.89741779999997 ], [ -43.7947186, -7.89754949999997 ], [ -43.794916999999899, -7.89803049999995 ], [ -43.7945695, -7.89829219999996 ], [ -43.7943055, -7.89809639999993 ], [ -43.7939453, -7.89782939999998 ], [ -43.793510899999902, -7.89767059999997 ], [ -43.7932941, -7.89788819999995 ], [ -43.7934552, -7.89820059999994 ], [ -43.7937769, -7.89837969999996 ], [ -43.7942952, -7.89852649999995 ], [ -43.7945928, -7.89868769999993 ], [ -43.794861899999901, -7.89915429999996 ], [ -43.7948516, -7.89958439999998 ], [ -43.7946977, -7.90020459999994 ], [ -43.794613399999903, -7.90044269999993 ], [ -43.7935143999999, -7.90101509999994 ], [ -43.7931485, -7.90100359999997 ], [ -43.7928261, -7.90120229999997 ], [ -43.792721099999902, -7.90162889999993 ], [ -43.792820499999898, -7.90257819999994 ], [ -43.792956699999898, -7.903102 ], [ -43.793261899999898, -7.903521 ], [ -43.793258099999903, -7.90391549999993 ], [ -43.792685999999897, -7.90496039999994 ], [ -43.792656599999901, -7.90549509999994 ], [ -43.7924231, -7.90580419999998 ], [ -43.7921461, -7.90590319999995 ], [ -43.7917242, -7.90597489999993 ], [ -43.791039199999901, -7.90704019999993 ], [ -43.7909739, -7.90762249999995 ], [ -43.7912636, -7.90805239999997 ], [ -43.7915351, -7.90835749999997 ], [ -43.7917294, -7.90833819999995 ], [ -43.7920301999999, -7.90810859999993 ], [ -43.7924594, -7.90799649999997 ], [ -43.7930266, -7.90794949999997 ], [ -43.793464399999898, -7.90801439999996 ], [ -43.793528099999897, -7.90818779999995 ], [ -43.7935032, -7.90839919999996 ], [ -43.793354399999899, -7.90849539999994 ], [ -43.7931799, -7.90900409999995 ], [ -43.793022, -7.90942129999996 ], [ -43.7926684, -7.90964139999994 ], [ -43.7923494, -7.90974619999997 ], [ -43.792075899999901, -7.90975119999996 ], [ -43.791587499999899, -7.90966369999995 ], [ -43.791115799999901, -7.90963319999997 ], [ -43.790692299999897, -7.90978689999997 ], [ -43.7905125999999, -7.91002479999997 ], [ -43.790456499999898, -7.91025779999995 ], [ -43.790506, -7.91050969999998 ], [ -43.7907703, -7.91070559999997 ], [ -43.7911774, -7.91094049999998 ], [ -43.791389, -7.91127539999997 ], [ -43.791557699999899, -7.91184559999994 ], [ -43.791752599999903, -7.91227189999995 ], [ -43.7921583, -7.912439 ], [ -43.7925096, -7.91223179999997 ], [ -43.7928749, -7.91179769999997 ], [ -43.7932597, -7.91155609999993 ], [ -43.793661, -7.911223 ], [ -43.7939273, -7.91125719999997 ], [ -43.794031899999901, -7.91150539999995 ], [ -43.794075899999903, -7.912161 ], [ -43.793816, -7.91246549999994 ], [ -43.793528299999899, -7.912549 ], [ -43.7933811, -7.91283309999994 ], [ -43.7932784, -7.91324659999998 ], [ -43.7935859, -7.91365249999996 ], [ -43.7939158, -7.91371139999995 ], [ -43.7942535, -7.91335339999995 ], [ -43.7944954, -7.91307279999995 ], [ -43.794837099999903, -7.91306639999993 ], [ -43.7950795, -7.91323119999993 ], [ -43.7950653, -7.91345809999996 ], [ -43.79482, -7.91383249999996 ], [ -43.794822699999898, -7.91411639999995 ], [ -43.794930899999898, -7.914301 ], [ -43.7953128999999, -7.914599 ], [ -43.7954932, -7.91480679999995 ], [ -43.7956053999999, -7.91531289999995 ], [ -43.795782, -7.915466 ], [ -43.7960952, -7.91546809999994 ], [ -43.796683, -7.91538429999997 ], [ -43.797081299999903, -7.91544209999995 ], [ -43.797531499999899, -7.91573859999994 ], [ -43.7977673, -7.91638819999997 ], [ -43.7976179, -7.91683389999997 ], [ -43.7972741, -7.91715029999995 ], [ -43.797064599999899, -7.91747729999997 ], [ -43.7971274, -7.91788 ], [ -43.7972849, -7.91813749999994 ], [ -43.797323499999898, -7.91837389999995 ], [ -43.7971956, -7.91870189999997 ], [ -43.7968933, -7.91912469999994 ], [ -43.7967594, -7.91955969999998 ], [ -43.796611599999899, -7.92037029999995 ], [ -43.7964031, -7.92061649999994 ], [ -43.795629399999903, -7.92089669999996 ], [ -43.795176, -7.92113979999993 ], [ -43.7949674, -7.92166829999996 ], [ -43.7950362999999, -7.92211259999993 ], [ -43.794963499999902, -7.922437 ], [ -43.7946592, -7.92276049999998 ], [ -43.7943336, -7.92335019999996 ], [ -43.793941399999902, -7.92445449999997 ], [ -43.793912299999903, -7.92513769999994 ], [ -43.7938411, -7.92622089999998 ], [ -43.794001099999903, -7.92676229999995 ], [ -43.7940244, -7.92715779999997 ], [ -43.7939181, -7.92751659999993 ], [ -43.793647099999902, -7.92750859999995 ], [ -43.793306399999899, -7.92728569999997 ], [ -43.793033, -7.92729079999998 ], [ -43.7927933, -7.92740989999993 ], [ -43.792390699999899, -7.92767529999998 ], [ -43.7919914, -7.92769839999994 ], [ -43.7917644999999, -7.92752289999993 ], [ -43.791700499999898, -7.927201 ], [ -43.791643899999897, -7.92698839999997 ], [ -43.791513, -7.926884 ], [ -43.7911195, -7.92680009999998 ], [ -43.7907693, -7.92692649999998 ], [ -43.790231999999897, -7.92703289999997 ], [ -43.7896352, -7.92697389999995 ], [ -43.7889486, -7.92737739999995 ], [ -43.7885759, -7.92755359999995 ], [ -43.788218599999901, -7.92757069999993 ], [ -43.787892499999899, -7.92771479999993 ], [ -43.7875869, -7.92797059999998 ], [ -43.787436, -7.92872339999997 ], [ -43.7874067, -7.92925809999997 ], [ -43.787612399999901, -7.92984829999995 ], [ -43.7876034, -7.93034609999995 ], [ -43.7873006, -7.93088579999994 ], [ -43.7867362, -7.93136519999996 ], [ -43.786426199999902, -7.93194419999998 ], [ -43.786298299999899, -7.93264539999996 ], [ -43.786272499999903, -7.93308619999993 ], [ -43.786461099999897, -7.93332249999997 ], [ -43.786566999999899, -7.93363839999995 ], [ -43.7865085, -7.93388439999995 ], [ -43.786307399999899, -7.93423989999997 ], [ -43.7860234, -7.93452649999995 ], [ -43.785906399999902, -7.93479459999998 ], [ -43.7859597, -7.93524959999996 ], [ -43.7859938, -7.93566059999995 ], [ -43.785949899999899, -7.93612519999994 ], [ -43.786080399999904, -7.93690439999995 ], [ -43.7864643, -7.93778789999993 ], [ -43.7864784, -7.93853269999994 ], [ -43.7862766, -7.93963919999993 ], [ -43.7862957, -7.94065489999997 ], [ -43.7862064, -7.94121929999994 ], [ -43.7860198, -7.94164479999995 ], [ -43.785572, -7.94230689999995 ], [ -43.7849947999999, -7.943081 ], [ -43.7849112, -7.94339 ], [ -43.7849825, -7.94382109999998 ], [ -43.784860599999902, -7.94419079999994 ], [ -43.7846127, -7.94457839999995 ], [ -43.7845339, -7.94486109999997 ], [ -43.784695, -7.94517339999993 ], [ -43.7848559, -7.94533709999996 ], [ -43.7850753, -7.94525489999995 ], [ -43.7853403, -7.94522129999996 ], [ -43.785446, -7.94538869999997 ], [ -43.785415, -7.94555859999997 ], [ -43.7852988, -7.94567279999995 ], [ -43.7850318, -7.94601639999996 ], [ -43.7848355, -7.94634569999994 ], [ -43.7849221, -7.94661759999997 ], [ -43.7853302, -7.94692 ], [ -43.785633399999902, -7.94738289999998 ], [ -43.7860054, -7.947436 ], [ -43.7862453, -7.94746539999994 ], [ -43.7868850999999, -7.94791729999997 ], [ -43.787207899999899, -7.94801549999994 ], [ -43.7875304, -7.94796529999996 ], [ -43.787835099999903, -7.94808719999997 ], [ -43.7879869, -7.94845319999996 ], [ -43.7883244, -7.94876569999997 ], [ -43.7888637, -7.94890859999998 ], [ -43.789602499999901, -7.949104 ], [ -43.7900802, -7.94916559999996 ], [ -43.790501999999897, -7.94947309999998 ], [ -43.7906404, -7.94988979999994 ], [ -43.790888, -7.95007859999993 ], [ -43.791227, -7.949908 ], [ -43.791539699999902, -7.94973529999993 ], [ -43.7919651, -7.95000649999997 ], [ -43.7919883, -7.95026259999997 ], [ -43.7917621, -7.95043419999996 ], [ -43.7914772, -7.95066159999993 ], [ -43.7912951, -7.95107839999997 ], [ -43.791439099999899, -7.95122679999997 ], [ -43.7918311, -7.95139629999994 ], [ -43.792194799999898, -7.95170509999997 ], [ -43.792288799999902, -7.95205749999997 ], [ -43.792215999999897, -7.95242709999997 ], [ -43.7916868, -7.95329259999994 ], [ -43.7915345, -7.95364159999997 ], [ -43.7913844999999, -7.95418669999998 ], [ -43.790706699999902, -7.95513939999995 ], [ -43.7907048, -7.95548179999997 ], [ -43.79093, -7.95609969999998 ], [ -43.7910757, -7.956964 ], [ -43.791043, -7.95871529999994 ], [ -43.7909145, -7.95948319999997 ], [ -43.791084399999903, -7.95985019999995 ], [ -43.7915131, -7.96015849999998 ], [ -43.792056, -7.96034449999996 ], [ -43.7921734, -7.96066789999998 ], [ -43.7920702, -7.961527 ], [ -43.7922733, -7.96239419999995 ], [ -43.7923326, -7.96297549999997 ], [ -43.7929035, -7.963302 ], [ -43.7939848, -7.96357679999994 ], [ -43.794659599999903, -7.96385249999997 ], [ -43.7952093, -7.96434019999998 ], [ -43.7953825, -7.96489889999998 ], [ -43.7952529, -7.965272 ], [ -43.7949, -7.96542519999997 ], [ -43.794314299999897, -7.96548129999996 ], [ -43.793932599999899, -7.965735 ], [ -43.7935447999999, -7.96621669999996 ], [ -43.7933745999999, -7.96696139999995 ], [ -43.7932607, -7.96741319999995 ], [ -43.7927701, -7.96810329999994 ], [ -43.792753699999899, -7.96866279999995 ], [ -43.793024699999897, -7.96905729999997 ], [ -43.7934993, -7.96918949999997 ], [ -43.7941891, -7.96921079999993 ], [ -43.7948011, -7.96933219999994 ], [ -43.795314399999903, -7.96959489999995 ], [ -43.795520699999898, -7.97011579999997 ], [ -43.7955621999999, -7.97112589999995 ], [ -43.7961328, -7.97265459999994 ], [ -43.7965131999999, -7.974133 ], [ -43.796411299999903, -7.97455309999998 ], [ -43.796110499999898, -7.97479419999996 ], [ -43.7957074, -7.97485089999998 ], [ -43.795239599999903, -7.97487789999997 ], [ -43.7946681, -7.975025 ], [ -43.7942955, -7.97489019999995 ], [ -43.7937118, -7.97456769999997 ], [ -43.793438799999898, -7.97423679999997 ], [ -43.7927336, -7.97366129999995 ], [ -43.7921871, -7.97359479999994 ], [ -43.791561699999903, -7.97391869999996 ], [ -43.7909314, -7.97461989999994 ], [ -43.790834899999901, -7.97514829999994 ], [ -43.7911541, -7.97551139999996 ], [ -43.7912147, -7.97583139999995 ], [ -43.790968399999898, -7.97606339999993 ], [ -43.7905608, -7.97599109999993 ], [ -43.7900468, -7.97576509999993 ], [ -43.7897806, -7.975937 ], [ -43.789774099999903, -7.97633749999994 ], [ -43.790187499999902, -7.97674459999996 ], [ -43.7906062, -7.976772 ], [ -43.7909715, -7.97657979999997 ], [ -43.7914974, -7.97668349999998 ], [ -43.7916898, -7.97703589999998 ], [ -43.791632, -7.97736159999994 ], [ -43.791249299999897, -7.97746269999993 ], [ -43.7909796, -7.97755269999993 ], [ -43.790861499999899, -7.97780519999998 ], [ -43.791179699999901, -7.97807029999996 ], [ -43.791482899999899, -7.978301 ], [ -43.7917216, -7.978884 ], [ -43.7916925, -7.97935529999995 ], [ -43.7913746, -7.97955569999993 ], [ -43.790805599999899, -7.97973179999997 ], [ -43.7902419, -7.98005959999995 ], [ -43.7897644, -7.98065559999998 ], [ -43.7893167, -7.98114489999995 ], [ -43.7885845, -7.98133919999998 ], [ -43.788113199999898, -7.981738 ], [ -43.7878876, -7.982346 ], [ -43.787917799999903, -7.98303339999995 ], [ -43.7882789, -7.983656 ], [ -43.7889686, -7.98399789999996 ], [ -43.7896962, -7.98397869999997 ], [ -43.790199399999899, -7.98363079999996 ], [ -43.790661199999903, -7.98281389999994 ], [ -43.7906318, -7.98225259999998 ], [ -43.7905134, -7.981706 ], [ -43.7907484, -7.98125169999997 ], [ -43.7910896, -7.98098119999997 ], [ -43.791662, -7.98095179999996 ], [ -43.792456899999898, -7.98147459999996 ], [ -43.792870799999903, -7.98209559999998 ], [ -43.8614911, -7.97639089999996 ], [ -43.861569099999898, -7.97638429999995 ], [ -43.8616249, -7.97637979999996 ], [ -43.8628304, -7.97628009999994 ], [ -43.8663326, -7.97599039999994 ], [ -43.975012299999896, -8.003162599999939 ], [ -43.995132, -7.75616939999998 ], [ -43.9965596, -7.73848869999995 ], [ -44.008209, -7.59421409999993 ], [ -43.9873081, -7.593471 ], [ -43.9864704, -7.59344129999994 ], [ -43.984143, -7.593323 ], [ -43.983554, -7.593727 ], [ -43.982361, -7.59434 ], [ -43.980516, -7.594833 ], [ -43.976199, -7.596074 ], [ -43.974873, -7.596435 ], [ -43.973886, -7.596941 ], [ -43.973028999999897, -7.597558 ], [ -43.970291, -7.600237 ], [ -43.968765, -7.601744 ], [ -43.968245, -7.602025 ], [ -43.967572, -7.602229 ], [ -43.96707, -7.602259 ], [ -43.966434, -7.602216 ], [ -43.965730999999899, -7.602391 ], [ -43.964945, -7.602718 ], [ -43.964945999999898, -7.602039 ], [ -43.964525799999898, -7.59996179999996 ], [ -43.963980999999897, -7.597343 ], [ -43.963686, -7.596216 ], [ -43.963085, -7.594847 ], [ -43.962017, -7.592658 ], [ -43.960442999999898, -7.589522 ], [ -43.960117, -7.589059 ], [ -43.959684, -7.58854 ], [ -43.959088, -7.587958 ], [ -43.957543, -7.586908 ], [ -43.95647, -7.586245 ], [ -43.955413, -7.585544 ], [ -43.954901999999898, -7.584987 ], [ -43.954450999999899, -7.584191 ], [ -43.953893, -7.582626 ], [ -43.953736999999897, -7.581893 ], [ -43.953698, -7.581392 ], [ -43.953814, -7.580273 ], [ -43.953873, -7.579126 ], [ -43.953834, -7.578756 ], [ -43.953312, -7.575618 ], [ -43.952638, -7.571637 ], [ -43.95239, -7.570016 ], [ -43.952171, -7.569421 ], [ -43.951782, -7.568773 ], [ -43.951173, -7.568126 ], [ -43.949941, -7.567365 ], [ -43.948655, -7.566608 ], [ -43.947959, -7.566043 ], [ -43.94744, -7.565465 ], [ -43.946272, -7.563832 ], [ -43.945473, -7.563053 ], [ -43.944813, -7.562637 ], [ -43.944116999999899, -7.562365 ], [ -43.941343, -7.561779 ], [ -43.940238, -7.561333 ], [ -43.938937, -7.560406 ], [ -43.937127, -7.558994 ], [ -43.935377, -7.557629 ], [ -43.934501, -7.556803 ], [ -43.933076, -7.554988 ], [ -43.928377, -7.548984 ], [ -43.927844999999898, -7.548202 ], [ -43.927146, -7.546969 ], [ -43.926091, -7.544562 ], [ -43.923065999999899, -7.538214 ], [ -43.922514, -7.537169 ], [ -43.92205, -7.536484 ], [ -43.91843, -7.532554 ], [ -43.91738, -7.53143 ], [ -43.916941999999899, -7.530673 ], [ -43.916607, -7.529895 ], [ -43.916243999999899, -7.52848 ], [ -43.915909, -7.527161 ], [ -43.915549999999897, -7.526369 ], [ -43.915039, -7.52557 ], [ -43.913327, -7.523945 ], [ -43.911929, -7.522449 ], [ -43.911561999999897, -7.521929 ], [ -43.909549, -7.518689 ], [ -43.907641, -7.51553 ], [ -43.905818, -7.512621 ], [ -43.905315, -7.511992 ], [ -43.904606999999899, -7.511243 ], [ -43.901631, -7.508432 ], [ -43.900591, -7.507586 ], [ -43.898785, -7.506599 ], [ -43.89712, -7.50574 ], [ -43.893078, -7.50361 ], [ -43.891984, -7.50303 ], [ -43.890765, -7.50223 ], [ -43.889756, -7.501269 ], [ -43.888748, -7.500104 ], [ -43.886518, -7.497264 ], [ -43.8577688, -7.51474079999997 ], [ -43.8575147, -7.51437169999997 ], [ -43.8568071, -7.51416679999994 ], [ -43.8557554, -7.51464779999998 ], [ -43.8548615999999, -7.51477179999995 ], [ -43.8542328999999, -7.51449029999998 ], [ -43.853997999999898, -7.51395589999993 ], [ -43.8543424, -7.51276049999996 ], [ -43.854132299999897, -7.51240389999998 ], [ -43.853451, -7.51196979999997 ], [ -43.8529275, -7.51184029999996 ], [ -43.852479, -7.51222109999998 ], [ -43.851664899999903, -7.51227109999996 ], [ -43.8512726, -7.51153189999997 ], [ -43.8509058, -7.51132849999993 ], [ -43.850064599999897, -7.51168069999994 ], [ -43.849541, -7.51132409999997 ], [ -43.8488333, -7.51042989999996 ], [ -43.848283, -7.51005039999995 ], [ -43.8472588, -7.51032459999993 ], [ -43.8466816, -7.51024639999997 ], [ -43.8469482, -7.50892549999998 ], [ -43.846371299999902, -7.50813569999997 ], [ -43.8462663, -7.50747339999998 ], [ -43.8459538, -7.50727029999996 ], [ -43.8457162, -7.50762559999993 ], [ -43.845270099999901, -7.50782739999994 ], [ -43.845113899999902, -7.50749609999997 ], [ -43.8451671, -7.50665569999995 ], [ -43.844906, -7.506428 ], [ -43.8444587, -7.50667969999995 ], [ -43.844274, -7.50706109999993 ], [ -43.843722699999901, -7.50726319999995 ], [ -43.8434604, -7.50685549999997 ], [ -43.8439336, -7.50627319999995 ], [ -43.8438065, -7.50566109999994 ], [ -43.842522099999897, -7.50451329999993 ], [ -43.842469999999899, -7.50402939999998 ], [ -43.8427344, -7.50334339999995 ], [ -43.8425285, -7.502962 ], [ -43.842209599999897, -7.50311229999994 ], [ -43.8415826, -7.50245059999997 ], [ -43.8409518, -7.50214239999997 ], [ -43.840955199999897, -7.50138009999995 ], [ -43.84064, -7.50117519999998 ], [ -43.8400126, -7.50130249999995 ], [ -43.839367599999903, -7.50013539999998 ], [ -43.838994199999902, -7.49897359999994 ], [ -43.8374913, -7.498601 ], [ -43.8353341, -7.49664339999993 ], [ -43.8342049, -7.49656419999997 ], [ -43.833756799999897, -7.49627169999997 ], [ -43.8333852, -7.49561759999995 ], [ -43.8328587, -7.49561629999994 ], [ -43.8327101, -7.49503579999993 ], [ -43.832112299999899, -7.49459469999994 ], [ -43.8315903, -7.49459619999993 ], [ -43.8312121, -7.49495809999996 ], [ -43.8303887, -7.494592 ], [ -43.830089299999898, -7.49495479999996 ], [ -43.829861299999898, -7.495752 ], [ -43.8291874, -7.49538759999996 ], [ -43.8287379, -7.49538809999996 ], [ -43.8285887, -7.49560459999998 ], [ -43.827911, -7.49567469999994 ], [ -43.8268729, -7.49314229999993 ], [ -43.826045599999901, -7.49298549999997 ], [ -43.8256749, -7.49174889999995 ], [ -43.8260538, -7.49000669999998 ], [ -43.8259055, -7.48964269999993 ], [ -43.8254547, -7.48935189999997 ], [ -43.8232278, -7.48986669999994 ], [ -43.823051099999901, -7.49357369999996 ], [ -43.8235286, -7.49574319999994 ], [ -43.823528699999898, -7.49685729999993 ], [ -43.8230983999999, -7.49808809999996 ], [ -43.8219473999999, -7.49855429999997 ], [ -43.8213362, -7.49995819999998 ], [ -43.8200037, -7.50101249999994 ], [ -43.820362499999902, -7.50271359999994 ], [ -43.8198158, -7.50365049999994 ], [ -43.8195689, -7.50517209999998 ], [ -43.8195039, -7.50681549999996 ], [ -43.8188347, -7.50822149999993 ], [ -43.818952099999898, -7.50951019999997 ], [ -43.818705, -7.51126959999993 ], [ -43.817426699999899, -7.51390579999997 ], [ -43.8175434999999, -7.51572339999996 ], [ -43.8185678, -7.51736849999998 ], [ -43.8192878, -7.51989179999993 ], [ -43.8190403, -7.52159159999997 ], [ -43.819459299999899, -7.52323439999998 ], [ -43.820304899999897, -7.52435 ], [ -43.821089399999899, -7.52493969999995 ], [ -43.821631, -7.52587829999993 ], [ -43.8221118, -7.52717079999996 ], [ -43.8228893, -7.53074989999993 ], [ -43.8227049, -7.53192209999997 ], [ -43.8222167, -7.53356289999994 ], [ -43.8192991, -7.53790609999993 ], [ -43.7631627, -7.56896529999995 ] ] ] ] } },
{ "type": "Feature", "properties": { "CD_MUN": "2201988", "NM_MUN": "Brejo do Piauí", "CD_RGI": "220019", "NM_RGI": "Canto do Buriti", "CD_RGINT": "2206", "NM_RGINT": "Floriano", "CD_UF": "22", "NM_UF": "Piauí", "SIGLA_UF": "PI", "CD_REGIAO": "2", "NM_REGIAO": "Nordeste", "SIGLA_RG": "NE", "CD_CONCURB": null, "NM_CONCURB": null, "AREA_KM2": 2267.326 }, "geometry": { "type": "MultiPolygon", "coordinates": [ [ [ [ -42.638224099999903, -8.47486689999994 ], [ -42.6382886, -8.47544759999994 ], [ -42.6380267, -8.478853299999971 ], [ -42.6382886, -8.480687199999981 ], [ -42.6392056, -8.482914 ], [ -42.640777399999898, -8.48579569999993 ], [ -42.6402535, -8.48933239999997 ], [ -42.638943599999898, -8.491952199999959 ], [ -42.6380267, -8.493393099999929 ], [ -42.6386816, -8.494441 ], [ -42.640337299999899, -8.496214899999931 ], [ -42.6405154, -8.496405799999931 ], [ -42.642873199999897, -8.498370699999951 ], [ -42.645362, -8.499811499999961 ], [ -42.646169, -8.501156499999979 ], [ -42.646540899999898, -8.50177639999993 ], [ -42.647326899999896, -8.50361019999997 ], [ -42.649422699999903, -8.506099 ], [ -42.652304399999899, -8.50871879999994 ], [ -42.6555792, -8.51186249999995 ], [ -42.657936999999897, -8.51395829999996 ], [ -42.660977, -8.51510179999997 ], [ -42.6630455, -8.51585769999997 ], [ -42.6652068, -8.51703659999993 ], [ -42.6669752, -8.518019 ], [ -42.668350599999897, -8.519525299999939 ], [ -42.6690055, -8.52057329999997 ], [ -42.669726, -8.52247259999996 ], [ -42.6701844, -8.52411 ], [ -42.6705119, -8.52502689999994 ], [ -42.672083799999903, -8.526467799999979 ], [ -42.6736556, -8.52810509999995 ], [ -42.674638, -8.52961149999993 ], [ -42.6756859, -8.531052399999959 ], [ -42.676733899999903, -8.533410199999929 ], [ -42.677912799999902, -8.53616089999997 ], [ -42.6794846, -8.53897719999998 ], [ -42.680794499999898, -8.54041809999995 ], [ -42.6830868, -8.54238289999995 ], [ -42.6853136, -8.54369279999997 ], [ -42.6870165, -8.544871699999931 ], [ -42.6895708, -8.54637809999997 ], [ -42.691273599999903, -8.54749149999998 ], [ -42.693303899999897, -8.54899779999994 ], [ -42.6945483, -8.550504199999979 ], [ -42.6953998, -8.552272599999981 ], [ -42.6958582, -8.55410639999997 ], [ -42.6968406, -8.55639869999993 ], [ -42.698347, -8.558101599999929 ], [ -42.6995259, -8.55986989999997 ], [ -42.699853399999903, -8.56078679999996 ], [ -42.7000499, -8.56190019999997 ], [ -42.7005083, -8.56327559999994 ], [ -42.701949199999902, -8.56596089999994 ], [ -42.7024732, -8.56766369999997 ], [ -42.7027351, -8.56930109999996 ], [ -42.703521099999897, -8.571331399999959 ], [ -42.704634499999898, -8.573427199999969 ], [ -42.7058134, -8.57598149999995 ], [ -42.706599299999901, -8.577618899999949 ], [ -42.7069268, -8.579649199999951 ], [ -42.7069268, -8.580959099999969 ], [ -42.7073197, -8.58285839999996 ], [ -42.7081057, -8.585019799999939 ], [ -42.7090226, -8.58685359999993 ], [ -42.7094155999999, -8.58803249999994 ], [ -42.709284599999897, -8.58986629999993 ], [ -42.709677499999898, -8.59228959999996 ], [ -42.7102015, -8.593927 ], [ -42.710463499999904, -8.59615379999997 ], [ -42.710267, -8.59805309999996 ], [ -42.7100705, -8.599625 ], [ -42.710005, -8.602375799999949 ], [ -42.710136, -8.604668099999969 ], [ -42.71066, -8.60630539999994 ], [ -42.7117734, -8.609187199999949 ], [ -42.7136727, -8.612854899999951 ], [ -42.715244599999899, -8.616326099999981 ], [ -42.715506499999897, -8.617701499999949 ], [ -42.7153101, -8.619731799999951 ], [ -42.7153756, -8.620976199999969 ], [ -42.715965, -8.62235159999994 ], [ -42.7164235, -8.623465 ], [ -42.717012899999901, -8.625298799999941 ], [ -42.717143899999897, -8.626346699999941 ], [ -42.7168819, -8.62791859999993 ], [ -42.7165545, -8.62877 ], [ -42.716226999999897, -8.62988339999993 ], [ -42.7164235, -8.63217569999995 ], [ -42.7165545, -8.63453349999997 ], [ -42.7169474, -8.636629399999951 ], [ -42.7176679, -8.638987199999971 ], [ -42.7185193, -8.641672399999949 ], [ -42.7193707, -8.64409569999998 ], [ -42.720287599999899, -8.646715499999971 ], [ -42.721663, -8.648942299999931 ], [ -42.722449, -8.65090709999993 ], [ -42.7230384, -8.65326489999995 ], [ -42.7231694, -8.655295299999979 ], [ -42.7231039, -8.65719459999997 ], [ -42.7231694, -8.659748899999951 ], [ -42.7231694, -8.662172199999929 ], [ -42.724020799999899, -8.66525039999993 ], [ -42.724610299999902, -8.66787019999998 ], [ -42.7248068, -8.670293499999961 ], [ -42.7251342, -8.672585799999981 ], [ -42.7257892, -8.675009099999951 ], [ -42.7262476, -8.67651549999994 ], [ -42.7270991, -8.67952819999994 ], [ -42.7278195, -8.682017 ], [ -42.7278195, -8.683457899999951 ], [ -42.727557499999897, -8.68417829999993 ], [ -42.726640599999897, -8.68476769999995 ], [ -42.7259781, -8.68484269999993 ], [ -42.737444, -8.686337 ], [ -42.7471861, -8.68760669999995 ], [ -42.7720067, -8.69084159999994 ], [ -42.777066299999902, -8.690975799999929 ], [ -42.777115599999902, -8.690977099999939 ], [ -42.7771562, -8.69097809999994 ], [ -42.831302999999899, -8.692408799999949 ], [ -42.8383119, -8.692593599999951 ], [ -42.8495722, -8.69381069999997 ], [ -42.8497786, -8.693833 ], [ -42.8935946, -8.698568899999939 ], [ -42.956347799999897, -8.71357659999995 ], [ -42.956521199999898, -8.713555 ], [ -42.9831781, -8.710238899999981 ], [ -42.9901316999999, -8.709373899999949 ], [ -43.013251599999897, -8.709326699999959 ], [ -43.0143368, -8.707297799999941 ], [ -43.0162713, -8.70427809999995 ], [ -43.0178756, -8.70224919999993 ], [ -43.0198573, -8.701022399999941 ], [ -43.0200603, -8.700966 ], [ -43.0224052, -8.70031469999998 ], [ -43.02467, -8.69979569999998 ], [ -43.0259439, -8.698946399999951 ], [ -43.0275482, -8.69776679999995 ], [ -43.0289165, -8.69720059999997 ], [ -43.030143199999898, -8.697059 ], [ -43.03137, -8.69724779999996 ], [ -43.033163, -8.697719599999971 ], [ -43.0353334, -8.69819139999993 ], [ -43.037079199999901, -8.69823859999997 ], [ -43.0385419, -8.697814 ], [ -43.040382, -8.697106199999951 ], [ -43.0424581, -8.69635129999995 ], [ -43.045006, -8.69592659999995 ], [ -43.047884199999899, -8.695596399999941 ], [ -43.049865899999901, -8.695549199999959 ], [ -43.0518476, -8.69578509999997 ], [ -43.053215899999898, -8.69644569999997 ], [ -43.0540652, -8.697295 ], [ -43.054773, -8.698144299999971 ], [ -43.055810999999899, -8.69908789999994 ], [ -43.057037799999897, -8.699229499999941 ], [ -43.058547599999898, -8.698097099999931 ], [ -43.0593595, -8.69762819999994 ], [ -43.0601381, -8.69698249999993 ], [ -43.0603346, -8.696294799999979 ], [ -43.0604329, -8.695476099999951 ], [ -43.0604329, -8.69469019999997 ], [ -43.0606294, -8.69413339999994 ], [ -43.061218799999899, -8.693347499999961 ], [ -43.0614153, -8.692168599999951 ], [ -43.061448, -8.69089149999996 ], [ -43.0612515, -8.68958159999994 ], [ -43.0609241, -8.68853369999994 ], [ -43.0607276, -8.68751849999995 ], [ -43.0606294, -8.68643789999993 ], [ -43.0606294, -8.68542269999995 ], [ -43.0609241, -8.68427649999995 ], [ -43.0609568, -8.68191869999993 ], [ -43.0608258, -8.680739799999969 ], [ -43.0609896, -8.679037 ], [ -43.0608913, -8.67664639999998 ], [ -43.0609896, -8.67468159999993 ], [ -43.0610551, -8.67369919999993 ], [ -43.0608258, -8.67274949999995 ], [ -43.0608258, -8.671996299999931 ], [ -43.0611206, -8.670522699999941 ], [ -43.0611206, -8.669704 ], [ -43.0609896, -8.66898359999993 ], [ -43.0607276, -8.66809939999996 ], [ -43.060596599999897, -8.667313499999979 ], [ -43.060662099999902, -8.666658499999929 ], [ -43.0607603, -8.66587259999994 ], [ -43.0609568, -8.66469369999993 ], [ -43.0609241, -8.66312179999994 ], [ -43.0609241, -8.662106699999979 ], [ -43.0609896, -8.659126699999939 ], [ -43.061153299999901, -8.65814429999995 ], [ -43.0612843, -8.65709639999994 ], [ -43.0615463, -8.656474199999931 ], [ -43.0625287, -8.655426299999929 ], [ -43.0629544, -8.654443799999971 ], [ -43.0633801, -8.65323219999993 ], [ -43.063674799999902, -8.652282499999959 ], [ -43.064395299999902, -8.651136399999929 ], [ -43.0646245, -8.650284899999971 ], [ -43.0647228, -8.649073299999939 ], [ -43.0646573, -8.648254599999969 ], [ -43.0644935, -8.64730489999994 ], [ -43.0641988, -8.646486299999941 ], [ -43.0639696, -8.64547109999995 ], [ -43.0640023, -8.644586899999981 ], [ -43.0641333, -8.64370279999997 ], [ -43.064166, -8.64281859999994 ], [ -43.0641256, -8.641891799999939 ], [ -43.0638465, -8.64032929999996 ], [ -43.0635675, -8.638599299999949 ], [ -43.0636233, -8.637483199999959 ], [ -43.063902299999903, -8.63619969999996 ], [ -43.064181399999903, -8.634860299999961 ], [ -43.0642372, -8.633688399999929 ], [ -43.064293, -8.632460699999969 ], [ -43.0638465, -8.631233 ], [ -43.0634001, -8.629782 ], [ -43.0631769, -8.62872169999997 ], [ -43.0631769, -8.62754979999994 ], [ -43.0630095, -8.625485 ], [ -43.062618799999903, -8.62397829999998 ], [ -43.062395599999903, -8.62219249999993 ], [ -43.0621166, -8.620406699999929 ], [ -43.062005, -8.619290599999941 ], [ -43.061502699999899, -8.617951299999961 ], [ -43.0610563, -8.61717 ], [ -43.0603866, -8.61633289999997 ], [ -43.059996, -8.615495799999961 ], [ -43.0594379, -8.614268099999951 ], [ -43.0592147, -8.612873 ], [ -43.0587682, -8.61164529999996 ], [ -43.057987, -8.610585 ], [ -43.0574847, -8.609468899999969 ], [ -43.057038299999903, -8.60812949999996 ], [ -43.0563686, -8.607236599999959 ], [ -43.055419899999897, -8.60606469999993 ], [ -43.0551967, -8.605116 ], [ -43.054861899999899, -8.603497699999931 ], [ -43.054527, -8.60227 ], [ -43.0540248, -8.60143289999996 ], [ -43.0531319, -8.600037699999969 ], [ -43.0529645, -8.598140299999949 ], [ -43.052908699999897, -8.596689399999949 ], [ -43.052518, -8.59585229999993 ], [ -43.0519042, -8.594457199999971 ], [ -43.0512345, -8.593620099999949 ], [ -43.0502858, -8.59255979999995 ], [ -43.049169699999901, -8.59144369999996 ], [ -43.048221, -8.59032759999997 ], [ -43.0469375, -8.58965789999996 ], [ -43.0455982, -8.58826279999994 ], [ -43.0447053, -8.58681179999996 ], [ -43.0443146, -8.584300599999951 ], [ -43.044482, -8.58134289999998 ], [ -43.0447053, -8.57994779999996 ], [ -43.0447611, -8.57916649999993 ], [ -43.044370399999899, -8.578162 ], [ -43.0430764, -8.57673849999998 ], [ -43.042696299999903, -8.576320399999929 ], [ -43.041301099999899, -8.57475789999995 ], [ -43.039906, -8.573306899999981 ], [ -43.0383993, -8.572414 ], [ -43.0375064, -8.57219079999993 ], [ -43.0365019, -8.571688599999961 ], [ -43.0354416, -8.571018899999959 ], [ -43.033767399999903, -8.570349199999949 ], [ -43.0323165, -8.569623799999929 ], [ -43.0312562, -8.56861929999997 ], [ -43.0305865, -8.56677769999993 ], [ -43.0302517, -8.56465709999998 ], [ -43.0299726, -8.562648099999929 ], [ -43.029303, -8.56024849999994 ], [ -43.028131099999896, -8.55823949999996 ], [ -43.0271266, -8.55645369999996 ], [ -43.0252292, -8.553217 ], [ -43.0223273, -8.55037089999996 ], [ -43.0213228, -8.549533799999949 ], [ -43.0208205, -8.54886409999995 ], [ -43.0203183, -8.547413199999941 ], [ -43.019815999999899, -8.546129699999939 ], [ -43.018979, -8.54428809999996 ], [ -43.0184767, -8.543004599999961 ], [ -43.017416399999902, -8.54205589999998 ], [ -43.0166909, -8.540549099999961 ], [ -43.0156306, -8.538819199999979 ], [ -43.0142355, -8.537424 ], [ -43.012896199999901, -8.536586899999969 ], [ -43.011501, -8.53569409999994 ], [ -43.010440699999897, -8.534857 ], [ -43.0097711, -8.53368509999996 ], [ -43.009492, -8.531843499999979 ], [ -43.009157199999898, -8.53056 ], [ -43.009157199999898, -8.52899739999998 ], [ -43.0088224, -8.52799289999996 ], [ -43.0083759, -8.527044199999979 ], [ -43.0078179, -8.526262899999949 ], [ -43.0067576, -8.52576069999998 ], [ -43.005920499999903, -8.524923599999971 ], [ -43.0053066, -8.523751699999931 ], [ -43.0054182, -8.52313779999997 ], [ -43.005474, -8.52179849999993 ], [ -43.0051392, -8.52023589999993 ], [ -43.004637, -8.51911979999994 ], [ -43.0032418, -8.518171099999959 ], [ -43.0015677, -8.516776 ], [ -43.0004516, -8.515827299999961 ], [ -42.9997261, -8.51510179999997 ], [ -42.9984984, -8.514767 ], [ -42.9973823, -8.51432059999996 ], [ -42.9964894, -8.51353929999993 ], [ -42.995931299999903, -8.512646399999941 ], [ -42.995317499999899, -8.51158609999993 ], [ -42.995038399999899, -8.510749 ], [ -42.9950052, -8.50990719999993 ], [ -42.9949958999999, -8.509672299999981 ], [ -42.982339399999901, -8.508442699999931 ], [ -42.955542, -8.518627199999971 ], [ -42.9351717, -8.512383099999971 ], [ -42.9054864, -8.507572 ], [ -42.8851928, -8.50842229999995 ], [ -42.8688404, -8.50910739999995 ], [ -42.8535883, -8.51054049999993 ], [ -42.8409976, -8.48730409999996 ], [ -42.8387456, -8.450760399999981 ], [ -42.8655944, -8.42499049999998 ], [ -42.868865, -8.42105689999994 ], [ -42.869852299999899, -8.419366 ], [ -42.872831899999902, -8.41182329999998 ], [ -42.8749771, -8.405922299999929 ], [ -42.8802024, -8.39258119999994 ], [ -42.880518299999899, -8.391297799999959 ], [ -42.886163, -8.376725299999981 ], [ -42.8919003, -8.361484299999971 ], [ -42.8920644, -8.361048399999961 ], [ -42.8936393, -8.35686529999998 ], [ -42.8943854, -8.34272879999997 ], [ -42.894343299999903, -8.34093009999998 ], [ -42.893047, -8.32759119999997 ], [ -42.8928784, -8.325856199999979 ], [ -42.892119599999901, -8.32322969999996 ], [ -42.8919804, -8.32024729999995 ], [ -42.891537899999904, -8.31633729999993 ], [ -42.8908934, -8.311962699999979 ], [ -42.890388899999898, -8.30949249999998 ], [ -42.8839118, -8.29706589999995 ], [ -42.8819253, -8.292839399999931 ], [ -42.8795276, -8.27889179999994 ], [ -42.879532099999899, -8.27796659999996 ], [ -42.8796388, -8.27724749999993 ], [ -42.880003799999898, -8.276579899999939 ], [ -42.8807816, -8.27550529999996 ], [ -42.8844607999999, -8.271513599999929 ], [ -42.891345, -8.26548229999997 ], [ -42.8924335, -8.264306 ], [ -42.8931532, -8.263134399999959 ], [ -42.8931798, -8.263091 ], [ -42.893476, -8.26218189999997 ], [ -42.9112056, -8.248996 ], [ -42.9117309, -8.225412199999941 ], [ -42.9117385, -8.22507029999997 ], [ -42.912049, -8.21664119999997 ], [ -42.909616099999901, -8.214963399999929 ], [ -42.908441599999897, -8.21336939999998 ], [ -42.9076027, -8.21185929999996 ], [ -42.907350999999899, -8.210517 ], [ -42.9068475999999, -8.20959419999997 ], [ -42.9060087, -8.208671399999959 ], [ -42.905673099999902, -8.20749689999997 ], [ -42.904750299999897, -8.20615459999993 ], [ -42.9042469, -8.20422509999997 ], [ -42.9042469, -8.20330229999996 ], [ -42.9039114, -8.20279889999995 ], [ -42.903491899999899, -8.200366 ], [ -42.914397999999899, -8.186188099999979 ], [ -42.9056752, -8.18510469999995 ], [ -42.905566399999898, -8.185091199999929 ], [ -42.8944734, -8.183713299999971 ], [ -42.891579099999902, -8.182538799999969 ], [ -42.890027099999898, -8.18107069999996 ], [ -42.8887268, -8.179099199999939 ], [ -42.8872167, -8.176330699999941 ], [ -42.8855808, -8.17184249999997 ], [ -42.879246899999899, -8.146989299999969 ], [ -42.8779885, -8.146464899999961 ], [ -42.877128599999899, -8.146192299999941 ], [ -42.8758702, -8.145479199999951 ], [ -42.8750103, -8.144996799999941 ], [ -42.8741504, -8.144115899999971 ], [ -42.8757444, -8.143570599999981 ], [ -42.8772754, -8.14241709999993 ], [ -42.8791001, -8.14067629999994 ], [ -42.8803164999999, -8.139690599999939 ], [ -42.8805892, -8.138704799999971 ], [ -42.8806102, -8.13759329999993 ], [ -42.880757, -8.135810499999931 ], [ -42.880757, -8.13531389999997 ], [ -42.880757, -8.13505329999998 ], [ -42.880757, -8.135042299999951 ], [ -42.880757, -8.13499159999998 ], [ -42.880757, -8.134132699999951 ], [ -42.8804843, -8.133042099999949 ], [ -42.8800649, -8.13218219999993 ], [ -42.879351799999903, -8.13109159999993 ], [ -42.8786387, -8.12972829999995 ], [ -42.8780724, -8.128428 ], [ -42.8778836, -8.127526099999949 ], [ -42.8779046, -8.12643549999996 ], [ -42.878135299999897, -8.12565949999993 ], [ -42.878722599999897, -8.124862499999949 ], [ -42.8797503, -8.123855799999941 ], [ -42.880903799999899, -8.12272329999996 ], [ -42.881407099999898, -8.121800499999949 ], [ -42.881428099999901, -8.120626 ], [ -42.8811345, -8.11938849999996 ], [ -42.880736, -8.11857059999994 ], [ -42.879876099999898, -8.11756389999994 ], [ -42.879205, -8.116745899999961 ], [ -42.878722599999897, -8.11578119999996 ], [ -42.8784919, -8.114753499999949 ], [ -42.878177299999898, -8.11408229999995 ], [ -42.8778207, -8.113138499999931 ], [ -42.877694899999902, -8.112488399999959 ], [ -42.878177299999898, -8.11167039999998 ], [ -42.8785758, -8.110873399999949 ], [ -42.8785338, -8.10978279999995 ], [ -42.878345099999898, -8.108964899999931 ], [ -42.8780724, -8.108356599999979 ], [ -42.877673899999898, -8.10779039999994 ], [ -42.8770446999999, -8.107329 ], [ -42.8761009, -8.106951399999961 ], [ -42.8751152, -8.10659489999995 ], [ -42.8743602, -8.106007599999939 ], [ -42.873835799999902, -8.105273599999981 ], [ -42.873751899999903, -8.104707299999969 ], [ -42.8739826, -8.10384739999995 ], [ -42.8743392, -8.102924599999939 ], [ -42.8748845, -8.101896899999931 ], [ -42.8756605, -8.100701399999931 ], [ -42.8758283, -8.09971569999993 ], [ -42.8757654, -8.09904449999993 ], [ -42.8755975999999, -8.09807979999994 ], [ -42.874507, -8.096485799999931 ], [ -42.87371, -8.095730799999959 ], [ -42.872934, -8.094849899999931 ], [ -42.8726823, -8.094115899999959 ], [ -42.8725984, -8.09357049999994 ], [ -42.8724935, -8.091347399999959 ], [ -42.8720741, -8.09050849999994 ], [ -42.8708576, -8.08939689999994 ], [ -42.8703752, -8.088516 ], [ -42.8696202, -8.08700589999995 ], [ -42.8687603, -8.08625089999992 ], [ -42.867271199999898, -8.08537 ], [ -42.865614299999898, -8.084321399999959 ], [ -42.8646914999999, -8.08369219999997 ], [ -42.8631814, -8.08234989999994 ], [ -42.8622586, -8.08157389999997 ], [ -42.861608499999903, -8.08100759999996 ], [ -42.86121, -8.08054619999996 ], [ -42.8604759, -8.079875099999979 ], [ -42.859825699999902, -8.07930879999998 ], [ -42.8594204, -8.07898229999995 ], [ -42.8590917, -8.07870059999993 ], [ -42.858315699999899, -8.07815529999993 ], [ -42.8578123, -8.077756799999969 ], [ -42.8572546, -8.077497 ], [ -42.856512, -8.077232399999961 ], [ -42.8554214, -8.07706459999997 ], [ -42.8540371, -8.076980799999941 ], [ -42.8526529, -8.076980799999941 ], [ -42.851184799999899, -8.07744219999995 ], [ -42.8498005, -8.077987499999949 ], [ -42.826646099999898, -8.07085659999996 ], [ -42.7861139, -8.045608699999949 ], [ -42.7562124, -8.040927 ], [ -42.7332211, -8.01684819999997 ], [ -42.7118945, -8.019893799999981 ], [ -42.6791898, -8.030556799999941 ], [ -42.6703724, -8.030906199999951 ], [ -42.659235899999899, -8.031347499999979 ], [ -42.6572791, -8.034907099999939 ], [ -42.6570775, -8.03527379999997 ], [ -42.6558214, -8.03755869999998 ], [ -42.644618299999898, -8.05024419999995 ], [ -42.6393925, -8.07130879999994 ], [ -42.6335513, -8.078925599999931 ], [ -42.612250399999901, -8.106685 ], [ -42.609108499999898, -8.11247329999998 ], [ -42.608067499999898, -8.113514299999959 ], [ -42.597544099999901, -8.11804989999996 ], [ -42.58994, -8.121327399999929 ], [ -42.5833691, -8.12415949999996 ], [ -42.5834806, -8.124494099999939 ], [ -42.583431, -8.125312 ], [ -42.583108799999899, -8.126526499999949 ], [ -42.583009699999899, -8.127294799999961 ], [ -42.5833815, -8.12821189999994 ], [ -42.5840011, -8.128831499999929 ], [ -42.584043199999897, -8.12889949999993 ], [ -42.584323299999902, -8.129352 ], [ -42.5844968, -8.129897199999959 ], [ -42.5845959, -8.13046729999996 ], [ -42.584744699999902, -8.13103739999997 ], [ -42.584942899999902, -8.131582599999939 ], [ -42.5852404, -8.13202879999994 ], [ -42.5855874, -8.132574 ], [ -42.5859096, -8.133119299999979 ], [ -42.5862318, -8.13368939999998 ], [ -42.5864053, -8.13418509999997 ], [ -42.5864053, -8.134779899999961 ], [ -42.5864796, -8.136068699999949 ], [ -42.5864053, -8.13708489999993 ], [ -42.5862318, -8.13916689999996 ], [ -42.5862574, -8.14054359999994 ], [ -42.586445899999902, -8.14201169999995 ], [ -42.5862511999999, -8.146011099999949 ], [ -42.5867779, -8.150685099999979 ], [ -42.5865534, -8.15347439999994 ], [ -42.5866943, -8.15520659999993 ], [ -42.5872792, -8.157564899999951 ], [ -42.588501999999899, -8.16018929999996 ], [ -42.589114799999898, -8.16482579999996 ], [ -42.590498399999902, -8.16845369999993 ], [ -42.5910246, -8.171590299999931 ], [ -42.5909672, -8.17512949999997 ], [ -42.590660199999903, -8.17661329999993 ], [ -42.589557, -8.17876339999998 ], [ -42.5895767, -8.179624599999951 ], [ -42.5904442, -8.18039379999993 ], [ -42.5908297, -8.181602199999929 ], [ -42.5909148, -8.185453299999949 ], [ -42.5906077, -8.188263399999929 ], [ -42.5907442, -8.19331979999993 ], [ -42.592862599999897, -8.19503759999998 ], [ -42.5933588, -8.195806399999981 ], [ -42.5931078, -8.19689069999993 ], [ -42.591943199999903, -8.19861329999998 ], [ -42.5909791, -8.20071759999996 ], [ -42.5907223, -8.201278299999959 ], [ -42.590494, -8.20161489999998 ], [ -42.590049, -8.202271 ], [ -42.589193599999902, -8.20516609999993 ], [ -42.589727, -8.207817699999961 ], [ -42.588251199999902, -8.209248499999941 ], [ -42.587815099999901, -8.21016619999995 ], [ -42.5878757, -8.211118099999959 ], [ -42.5881656, -8.21170459999996 ], [ -42.5892067999999, -8.21290289999996 ], [ -42.5893521, -8.213528799999949 ], [ -42.5892623, -8.213967299999981 ], [ -42.5884604, -8.214944 ], [ -42.5870528, -8.21552049999997 ], [ -42.586631, -8.21585209999995 ], [ -42.586146799999902, -8.216455199999929 ], [ -42.5861226, -8.216789 ], [ -42.5864948, -8.217668799999959 ], [ -42.587727899999898, -8.218198199999961 ], [ -42.5884799, -8.218786899999939 ], [ -42.588538, -8.219477 ], [ -42.588473899999897, -8.21974759999995 ], [ -42.588199099999898, -8.220080699999929 ], [ -42.587905, -8.220202899999951 ], [ -42.587151499999898, -8.219948599999951 ], [ -42.5869197, -8.22011509999993 ], [ -42.5880639, -8.221709299999929 ], [ -42.5882898999999, -8.22221159999998 ], [ -42.5883075, -8.222984799999949 ], [ -42.5874602, -8.22433729999995 ], [ -42.587018999999898, -8.224585799999939 ], [ -42.5866411, -8.22468709999993 ], [ -42.5858383, -8.225726699999941 ], [ -42.5853329, -8.225994699999941 ], [ -42.5848478, -8.226472699999929 ], [ -42.5846572, -8.22678589999998 ], [ -42.5841682, -8.227868 ], [ -42.584103099999901, -8.228201499999949 ], [ -42.5840974, -8.229307699999939 ], [ -42.584465599999902, -8.23073029999995 ], [ -42.584422, -8.231107 ], [ -42.584165, -8.231857499999929 ], [ -42.584495699999898, -8.232882599999931 ], [ -42.5854934, -8.23407879999996 ], [ -42.5865368, -8.234920599999951 ], [ -42.588480699999899, -8.236207099999939 ], [ -42.5902503, -8.23792969999994 ], [ -42.5908352, -8.23839319999996 ], [ -42.591671, -8.239254 ], [ -42.591937899999898, -8.23969439999996 ], [ -42.592123, -8.24025939999996 ], [ -42.5921614, -8.24097029999996 ], [ -42.592050399999899, -8.24201229999994 ], [ -42.5913037, -8.243993 ], [ -42.5905822, -8.245451 ], [ -42.5891497, -8.24796879999997 ], [ -42.5891240999999, -8.24825469999996 ], [ -42.589205799999903, -8.24850619999995 ], [ -42.589545799999897, -8.24880669999993 ], [ -42.5907031, -8.24900669999994 ], [ -42.5912522, -8.24932989999996 ], [ -42.591483599999897, -8.24936569999994 ], [ -42.5918083, -8.250441199999949 ], [ -42.592371899999897, -8.251230499999959 ], [ -42.593014599999897, -8.25295549999993 ], [ -42.593593999999896, -8.253826099999969 ], [ -42.594481599999902, -8.255591599999949 ], [ -42.595276899999902, -8.25668819999993 ], [ -42.595544899999901, -8.257340699999929 ], [ -42.595808299999902, -8.258804899999969 ], [ -42.5960203, -8.259510899999951 ], [ -42.5969395, -8.260655299999939 ], [ -42.597684199999897, -8.26124489999995 ], [ -42.597992799999901, -8.262186899999961 ], [ -42.5977205, -8.263776299999961 ], [ -42.597402499999902, -8.264531299999931 ], [ -42.5964926, -8.267683 ], [ -42.596170599999901, -8.269011899999949 ], [ -42.59606, -8.270159599999941 ], [ -42.5962633, -8.270943399999959 ], [ -42.596444899999902, -8.27128379999994 ], [ -42.5968361, -8.27157249999993 ], [ -42.5983775, -8.27218339999996 ], [ -42.5987688, -8.27249779999994 ], [ -42.598948499999899, -8.27312479999995 ], [ -42.598777599999899, -8.27534159999993 ], [ -42.5986159, -8.276124099999951 ], [ -42.5984619, -8.278636 ], [ -42.5991998, -8.280363699999951 ], [ -42.599507399999901, -8.28077689999998 ], [ -42.6007908999999, -8.281761299999969 ], [ -42.6009965, -8.28212189999994 ], [ -42.601043699999899, -8.282715 ], [ -42.6008858, -8.283331699999961 ], [ -42.6003105, -8.28456209999996 ], [ -42.6001479, -8.285873399999961 ], [ -42.600374499999901, -8.286696 ], [ -42.600784299999901, -8.287341799999981 ], [ -42.601085199999901, -8.28873259999995 ], [ -42.601871, -8.29118039999997 ], [ -42.602229599999902, -8.29161979999998 ], [ -42.6026666, -8.29195679999998 ], [ -42.6029986, -8.29249849999997 ], [ -42.6030314, -8.29563579999996 ], [ -42.603209, -8.296177599999959 ], [ -42.6040055, -8.29679969999995 ], [ -42.6045176, -8.29739349999994 ], [ -42.605458999999897, -8.29902049999993 ], [ -42.6063766, -8.29972229999993 ], [ -42.6069266, -8.300949699999929 ], [ -42.608029499999901, -8.30255029999995 ], [ -42.6102468, -8.30442609999994 ], [ -42.610964599999903, -8.30562229999992 ], [ -42.6118418, -8.30737669999996 ], [ -42.6131177, -8.30968939999997 ], [ -42.614632899999897, -8.31176279999994 ], [ -42.6158291, -8.314235 ], [ -42.6166266, -8.31535139999994 ], [ -42.6177431, -8.31622869999995 ], [ -42.619577299999897, -8.31750459999995 ], [ -42.620933, -8.31894009999996 ], [ -42.621730399999898, -8.320614699999959 ], [ -42.6220494, -8.32212989999994 ], [ -42.6225279, -8.323645099999959 ], [ -42.623325399999899, -8.326117299999961 ], [ -42.6238039, -8.32787169999995 ], [ -42.6246811, -8.32962619999995 ], [ -42.6246811, -8.331540099999931 ], [ -42.6246811, -8.333135 ], [ -42.6250001, -8.33568689999993 ], [ -42.6257178, -8.33736159999995 ], [ -42.626276, -8.339594599999939 ], [ -42.6260368, -8.341189499999929 ], [ -42.6260368, -8.34270469999996 ], [ -42.6249203, -8.34605409999995 ], [ -42.6238835999999, -8.347968 ], [ -42.6230861, -8.34940339999997 ], [ -42.6230861, -8.350360399999939 ], [ -42.623484899999902, -8.35195539999995 ], [ -42.6238039, -8.35378949999995 ], [ -42.623484899999902, -8.356102199999951 ], [ -42.6238577, -8.357742799999929 ], [ -42.6238835999999, -8.357856599999931 ], [ -42.624202599999897, -8.360089599999981 ], [ -42.624601299999902, -8.361525 ], [ -42.6255583, -8.36327939999995 ], [ -42.6252393, -8.364714899999971 ], [ -42.6253988, -8.36575159999995 ], [ -42.6269937, -8.367904799999961 ], [ -42.627631699999903, -8.36918069999996 ], [ -42.628030399999901, -8.371174399999971 ], [ -42.627791199999898, -8.373008599999929 ], [ -42.627312699999898, -8.37460349999998 ], [ -42.6274721999999, -8.37572 ], [ -42.6285089, -8.37667689999995 ], [ -42.6296254, -8.377155399999941 ], [ -42.6305824, -8.378590899999949 ], [ -42.6313001, -8.380106099999979 ], [ -42.632097499999901, -8.382897199999951 ], [ -42.6326558, -8.385050399999949 ], [ -42.6334532, -8.388160499999969 ], [ -42.6337722, -8.39047319999997 ], [ -42.634250699999903, -8.39278589999998 ], [ -42.6352874, -8.394939 ], [ -42.6356862, -8.396693499999969 ], [ -42.6368026, -8.39988329999994 ], [ -42.637440599999898, -8.401478299999949 ], [ -42.637998799999899, -8.40203649999995 ], [ -42.6396735, -8.40339219999993 ], [ -42.6416672, -8.40522639999995 ], [ -42.6423052, -8.406263099999929 ], [ -42.642624199999901, -8.40777829999996 ], [ -42.642624199999901, -8.408735299999931 ], [ -42.6422254, -8.410330199999979 ], [ -42.642943199999898, -8.41216439999994 ], [ -42.6434216, -8.41391879999998 ], [ -42.643660899999901, -8.41631119999994 ], [ -42.643341899999903, -8.41838469999993 ], [ -42.642943199999898, -8.41950109999993 ], [ -42.642464699999898, -8.42013909999997 ], [ -42.6421457, -8.42181379999994 ], [ -42.6418267, -8.423089699999929 ], [ -42.6415077, -8.42452519999995 ], [ -42.640710199999901, -8.426120099999929 ], [ -42.639514, -8.42795429999995 ], [ -42.6382381, -8.43042649999995 ], [ -42.637679799999901, -8.432579699999961 ], [ -42.637689599999902, -8.434516499999971 ], [ -42.6387525, -8.43776129999998 ], [ -42.6384196, -8.43942569999996 ], [ -42.6384196, -8.440866599999939 ], [ -42.6390746, -8.442307399999949 ], [ -42.6399915, -8.444534199999961 ], [ -42.6401225, -8.447416 ], [ -42.6392056, -8.45029779999993 ], [ -42.6381575999999, -8.452524599999951 ], [ -42.6381575999999, -8.453834499999971 ], [ -42.6386816, -8.456061299999931 ], [ -42.6394675, -8.457764099999959 ], [ -42.6395985, -8.459467 ], [ -42.638943599999898, -8.462872699999931 ], [ -42.6385506, -8.467064299999951 ], [ -42.6381575999999, -8.470208099999979 ], [ -42.6380267, -8.47308979999997 ], [ -42.638224099999903, -8.47486689999994 ] ] ] ] } },
{ "type": "Feature", "properties": { "CD_MUN": "2209708", "NM_MUN": "São Francisco do Piauí", "CD_RGI": "220017", "NM_RGI": "Floriano", "CD_RGINT": "2206", "NM_RGINT": "Floriano", "CD_UF": "22", "NM_UF": "Piauí", "SIGLA_UF": "PI", "CD_REGIAO": "2", "NM_REGIAO": "Nordeste", "SIGLA_RG": "NE", "CD_CONCURB": null, "NM_CONCURB": null, "AREA_KM2": 1341.44 }, "geometry": { "type": "MultiPolygon", "coordinates": [ [ [ [ -42.3129451, -7.23369389999993 ], [ -42.313023299999898, -7.233995 ], [ -42.313318799999898, -7.23513329999997 ], [ -42.3408818999999, -7.34136049999995 ], [ -42.3607026, -7.41774869999995 ], [ -42.4250425, -7.40162239999995 ], [ -42.5317593, -7.37483659999998 ], [ -42.5658599, -7.39129529999997 ], [ -42.5664935, -7.39160109999995 ], [ -42.568906899999902, -7.39276619999993 ], [ -42.5826086, -7.38776039999993 ], [ -42.5826564, -7.387743 ], [ -42.5827174, -7.38772069999993 ], [ -42.6044686, -7.37977229999996 ], [ -42.662288799999899, -7.20248869999995 ], [ -42.6537172, -7.18715679999997 ], [ -42.6534402999999, -7.18666139999993 ], [ -42.6533673, -7.18653089999998 ], [ -42.637779099999896, -7.15865019999995 ], [ -42.6510939, -7.10897309999996 ], [ -42.654975099999902, -7.09448509999993 ], [ -42.646361199999902, -7.01093839999993 ], [ -42.646195299999903, -7.00934869999998 ], [ -42.6460838, -7.00825779999997 ], [ -42.6460212, -7.00765189999993 ], [ -42.643782299999899, -6.98597139999993 ], [ -42.6254165, -6.99753319999996 ], [ -42.625065, -6.997475 ], [ -42.623468, -6.99693 ], [ -42.622108, -6.996617 ], [ -42.612092, -6.994988 ], [ -42.609395999999897, -6.994535 ], [ -42.605083, -6.993799 ], [ -42.604512999999898, -6.993765 ], [ -42.603926999999899, -6.993789 ], [ -42.603316999999898, -6.993849 ], [ -42.597842, -6.994934 ], [ -42.59637, -6.99524 ], [ -42.595614, -6.99532 ], [ -42.594828999999898, -6.99535 ], [ -42.593962, -6.995273 ], [ -42.590542, -6.994688 ], [ -42.585895999999899, -6.993915 ], [ -42.579188, -6.992778 ], [ -42.577261, -6.992467 ], [ -42.569655, -6.9912 ], [ -42.564742, -6.990353 ], [ -42.5617275, -6.98984109999998 ], [ -42.5581203, -6.989234 ], [ -42.552877, -6.988359 ], [ -42.537292, -6.985748 ], [ -42.530431, -6.984581 ], [ -42.525154, -6.983683 ], [ -42.524463, -6.983653 ], [ -42.523604, -6.98364 ], [ -42.521507, -6.983678 ], [ -42.520816, -6.983619 ], [ -42.518532999999898, -6.983359 ], [ -42.461199, -6.973858 ], [ -42.425489399999897, -6.96793029999998 ], [ -42.4207962999999, -6.96715149999994 ], [ -42.4217118, -6.97539709999995 ], [ -42.421540799999903, -6.98175409999993 ], [ -42.4212218, -6.98817039999994 ], [ -42.421206599999898, -6.98847669999998 ], [ -42.4210269, -6.99208949999996 ], [ -42.420201399999897, -7.00045469999998 ], [ -42.418375399999903, -7.00871139999998 ], [ -42.417521399999899, -7.01356669999996 ], [ -42.4167869, -7.02257309999993 ], [ -42.4164688, -7.05518229999996 ], [ -42.4066756, -7.09633039999994 ], [ -42.411724299999896, -7.142797 ], [ -42.411364999999897, -7.14402819999998 ], [ -42.4113414, -7.14410919999995 ], [ -42.4111822, -7.14465469999993 ], [ -42.4110911, -7.14496669999994 ], [ -42.4110658, -7.145053 ], [ -42.4110406, -7.14513919999996 ], [ -42.4042967, -7.16824609999998 ], [ -42.403961799999898, -7.16939369999994 ], [ -42.403838, -7.16981809999993 ], [ -42.310236, -7.22326419999996 ], [ -42.3129370999999, -7.23367129999997 ], [ -42.3129451, -7.23369389999993 ] ] ] ] } },
{ "type": "Feature", "properties": { "CD_MUN": "2209005", "NM_MUN": "Rio Grande do Piauí", "CD_RGI": "220019", "NM_RGI": "Canto do Buriti", "CD_RGINT": "2206", "NM_RGINT": "Floriano", "CD_UF": "22", "NM_UF": "Piauí", "SIGLA_UF": "PI", "CD_REGIAO": "2", "NM_REGIAO": "Nordeste", "SIGLA_RG": "NE", "CD_CONCURB": null, "NM_CONCURB": null, "AREA_KM2": 635.953 }, "geometry": { "type": "MultiPolygon", "coordinates": [ [ [ [ -43.0450288, -7.79872239999997 ], [ -43.0450514, -7.79915649999998 ], [ -43.048984399999902, -7.87454139999994 ], [ -43.0571696, -7.87070589999996 ], [ -43.059325999999899, -7.91068639999997 ], [ -43.0598914999999, -7.92117649999994 ], [ -43.063106499999897, -7.93482889999996 ], [ -43.064349999999898, -7.93463709999997 ], [ -43.0634004, -7.93554289999997 ], [ -43.071685699999897, -7.95701969999993 ], [ -43.1377087, -7.93690219999996 ], [ -43.1075605, -7.90466 ], [ -43.172769699999897, -7.85634389999996 ], [ -43.1727969, -7.85632379999993 ], [ -43.172857399999899, -7.85627889999995 ], [ -43.173099799999903, -7.85609929999993 ], [ -43.175899, -7.85402449999998 ], [ -43.1998197, -7.86728879999993 ], [ -43.225525699999899, -7.87198829999994 ], [ -43.2265767, -7.86897809999994 ], [ -43.2273144, -7.86869089999993 ], [ -43.2285894, -7.86846519999995 ], [ -43.23017, -7.86837969999993 ], [ -43.2315267, -7.86891269999995 ], [ -43.2321712, -7.86889519999994 ], [ -43.2328323, -7.86859 ], [ -43.2333891, -7.86782969999996 ], [ -43.233837299999898, -7.867689 ], [ -43.2367232, -7.86940819999995 ], [ -43.237119499999899, -7.86802249999994 ], [ -43.2611755, -7.78385469999995 ], [ -43.262191099999903, -7.78030149999995 ], [ -43.2863401, -7.69567519999993 ], [ -43.2142928, -7.63055119999996 ], [ -43.207275, -7.62420769999994 ], [ -43.1963891, -7.61436949999995 ], [ -43.130642, -7.64869049999993 ], [ -43.128586, -7.64976379999996 ], [ -43.1280983, -7.65001829999994 ], [ -43.117628099999898, -7.65548089999993 ], [ -43.117561, -7.65551589999995 ], [ -43.0905652, -7.66959609999998 ], [ -43.087283199999902, -7.67130789999993 ], [ -43.084405499999903, -7.67393829999997 ], [ -43.0838304, -7.67479209999993 ], [ -43.083114, -7.67535969999994 ], [ -43.0818656, -7.67609359999994 ], [ -43.073276899999897, -7.68319989999998 ], [ -43.0649334, -7.69475059999996 ], [ -43.0608961, -7.70085469999998 ], [ -43.044123699999901, -7.72274459999994 ], [ -43.043613799999903, -7.72340979999996 ], [ -43.0353583, -7.73418079999993 ], [ -43.0419103999999, -7.73919789999997 ], [ -43.0428603, -7.75732779999993 ], [ -43.0450039, -7.79824189999994 ], [ -43.0450288, -7.79872239999997 ] ] ] ] } },
{ "type": "Feature", "properties": { "CD_MUN": "2200806", "NM_MUN": "Antônio Almeida", "CD_RGI": "220018", "NM_RGI": "Uruçuí", "CD_RGINT": "2206", "NM_RGINT": "Floriano", "CD_UF": "22", "NM_UF": "Piauí", "SIGLA_UF": "PI", "CD_REGIAO": "2", "NM_REGIAO": "Nordeste", "SIGLA_RG": "NE", "CD_CONCURB": null, "NM_CONCURB": null, "AREA_KM2": 644.801 }, "geometry": { "type": "MultiPolygon", "coordinates": [ [ [ [ -44.351686, -7.22777459999998 ], [ -44.350975499999898, -7.22609629999994 ], [ -44.3469531, -7.22247339999996 ], [ -44.3429884, -7.220688 ], [ -44.342042999999897, -7.21890679999996 ], [ -44.3348313, -7.21091509999997 ], [ -44.333, -7.20821029999996 ], [ -44.3332973, -7.20574519999997 ], [ -44.3318252, -7.20195439999998 ], [ -44.3315342, -7.19764879999997 ], [ -44.3306487, -7.19534989999994 ], [ -44.330712499999898, -7.19316889999993 ], [ -44.327581, -7.18846079999997 ], [ -44.3275806, -7.18724969999994 ], [ -44.3293608, -7.18466819999998 ], [ -44.329483799999899, -7.18263829999995 ], [ -44.3301372, -7.18091549999997 ], [ -44.3299014, -7.179365 ], [ -44.329134, -7.17844469999994 ], [ -44.3282313999999, -7.17491029999996 ], [ -44.3245259, -7.170401 ], [ -44.3244129, -7.16873449999997 ], [ -44.326722699999898, -7.16691669999994 ], [ -44.3288623, -7.16135229999998 ], [ -44.3264991, -7.15801779999993 ], [ -44.3248996, -7.15484369999996 ], [ -44.3224887, -7.14727559999994 ], [ -44.3217246, -7.14359979999995 ], [ -44.3223922, -7.13266379999993 ], [ -44.321686499999899, -7.12939049999994 ], [ -44.320270799999903, -7.126207 ], [ -44.317434999999897, -7.12183919999995 ], [ -44.3129149, -7.11863649999998 ], [ -44.3101885, -7.119552 ], [ -44.308064699999903, -7.11942469999997 ], [ -44.3064572, -7.11881929999993 ], [ -44.3051847999999, -7.11781219999995 ], [ -44.302751199999904, -7.11436959999997 ], [ -44.300356899999898, -7.10719339999997 ], [ -44.2977183, -7.10132629999993 ], [ -44.291268199999898, -7.09390739999998 ], [ -44.286137499999903, -7.08740969999997 ], [ -44.2835343, -7.08435179999998 ], [ -44.2813489, -7.08178479999998 ], [ -44.2757784, -7.07451109999994 ], [ -44.2741171, -7.07024379999996 ], [ -44.2739705, -7.06471569999997 ], [ -44.275973899999897, -7.05812059999994 ], [ -44.274804, -7.053015 ], [ -44.272692, -7.05007 ], [ -44.270426, -7.048486 ], [ -44.268983999999897, -7.047992 ], [ -44.268211999999899, -7.048282 ], [ -44.267508, -7.048759 ], [ -44.266289, -7.048486 ], [ -44.265118, -7.048028 ], [ -44.263392, -7.047739 ], [ -44.261916, -7.048181 ], [ -44.260723, -7.048743 ], [ -44.260087999999897, -7.049688 ], [ -44.259444, -7.051289 ], [ -44.259197, -7.051788 ], [ -44.258966, -7.052069 ], [ -44.258949, -7.05235 ], [ -44.259163, -7.052571 ], [ -44.259292, -7.052826 ], [ -44.25924, -7.053014 ], [ -44.258931, -7.053116 ], [ -44.258768, -7.053354 ], [ -44.258725, -7.053678 ], [ -44.258468, -7.054052 ], [ -44.258065, -7.054418 ], [ -44.257652999999898, -7.054759 ], [ -44.257481, -7.054989 ], [ -44.257447, -7.055304 ], [ -44.257592, -7.055644 ], [ -44.258116, -7.05618 ], [ -44.258202, -7.056615 ], [ -44.25809, -7.057279 ], [ -44.25779, -7.057619 ], [ -44.257405999999897, -7.057687 ], [ -44.256642, -7.057678 ], [ -44.254445, -7.05784 ], [ -44.251629, -7.057823 ], [ -44.250187, -7.057447 ], [ -44.248814, -7.057932 ], [ -44.247611999999897, -7.058954 ], [ -44.247046, -7.059507 ], [ -44.246969, -7.060018 ], [ -44.246736999999897, -7.060461 ], [ -44.246522, -7.060418 ], [ -44.246418999999896, -7.059967 ], [ -44.246591, -7.059379 ], [ -44.246513999999898, -7.059064 ], [ -44.246231, -7.059133 ], [ -44.245724, -7.060324 ], [ -44.245291, -7.060871 ], [ -44.245024999999899, -7.061241 ], [ -44.245012, -7.061713 ], [ -44.245201, -7.062241 ], [ -44.245137999999898, -7.062817 ], [ -44.245207, -7.06326 ], [ -44.245284, -7.063617 ], [ -44.245241, -7.06389 ], [ -44.244941, -7.064077 ], [ -44.244486, -7.06429 ], [ -44.244402, -7.064699 ], [ -44.244487999999897, -7.064941 ], [ -44.244471, -7.065167 ], [ -44.244256, -7.06552 ], [ -44.243287, -7.066069 ], [ -44.242609, -7.066772 ], [ -44.242229, -7.06699 ], [ -44.241971, -7.066914 ], [ -44.241731, -7.066667 ], [ -44.241422, -7.066709 ], [ -44.240538, -7.067808 ], [ -44.240383, -7.068216 ], [ -44.240091999999898, -7.068642 ], [ -44.240044, -7.069167 ], [ -44.239997, -7.069439 ], [ -44.239727, -7.069937 ], [ -44.239460999999899, -7.07015 ], [ -44.239168999999897, -7.070184 ], [ -44.238555, -7.070077 ], [ -44.238245999999897, -7.070175 ], [ -44.237894, -7.070461 ], [ -44.237757, -7.070665 ], [ -44.237813, -7.070912 ], [ -44.238065999999897, -7.071542 ], [ -44.237997, -7.071852 ], [ -44.237834, -7.072043 ], [ -44.236864, -7.072601 ], [ -44.236457, -7.072929 ], [ -44.236255, -7.073588 ], [ -44.235761, -7.074418 ], [ -44.235565999999899, -7.074715 ], [ -44.235301, -7.07487 ], [ -44.234881, -7.07507 ], [ -44.234348, -7.075828 ], [ -44.233842, -7.076717 ], [ -44.233508, -7.077651 ], [ -44.2335, -7.077898 ], [ -44.233637, -7.078127 ], [ -44.233945999999897, -7.078187 ], [ -44.234182, -7.078264 ], [ -44.234242, -7.078451 ], [ -44.234018999999897, -7.078647 ], [ -44.233603, -7.078945 ], [ -44.23344, -7.079502 ], [ -44.233365999999897, -7.08016 ], [ -44.233464, -7.080501 ], [ -44.23373, -7.08073 ], [ -44.233808, -7.080931 ], [ -44.23376, -7.081182 ], [ -44.233609999999899, -7.081241 ], [ -44.233339999999899, -7.081143 ], [ -44.233147, -7.081173 ], [ -44.233009, -7.081377 ], [ -44.232875, -7.08195 ], [ -44.232742, -7.082427 ], [ -44.232574999999898, -7.082618 ], [ -44.232343, -7.082652 ], [ -44.232184, -7.082465 ], [ -44.232013, -7.082252 ], [ -44.231888, -7.08221 ], [ -44.231721, -7.082261 ], [ -44.231421, -7.082457 ], [ -44.230691, -7.082725 ], [ -44.230296, -7.082959 ], [ -44.229665, -7.083593 ], [ -44.229316, -7.084025 ], [ -44.229036999999899, -7.084276 ], [ -44.228582, -7.084502 ], [ -44.22817, -7.084608 ], [ -44.227861, -7.084732 ], [ -44.227685, -7.084621 ], [ -44.22747, -7.084285 ], [ -44.227324, -7.084255 ], [ -44.227157, -7.084361 ], [ -44.227088, -7.08448 ], [ -44.227002, -7.084978 ], [ -44.226784, -7.085357 ], [ -44.226585999999898, -7.085536 ], [ -44.226357999999898, -7.085807 ], [ -44.226202999999899, -7.085803 ], [ -44.226061, -7.085696 ], [ -44.225761, -7.085215 ], [ -44.225516, -7.085003 ], [ -44.22522, -7.08493 ], [ -44.225009999999898, -7.084964 ], [ -44.224924, -7.085071 ], [ -44.224971, -7.085637 ], [ -44.22495, -7.085901 ], [ -44.224881, -7.085977 ], [ -44.224713999999899, -7.085977 ], [ -44.224511999999898, -7.085905 ], [ -44.224375, -7.085692 ], [ -44.224341, -7.085454 ], [ -44.224297, -7.08528 ], [ -44.223893, -7.085217 ], [ -44.223563, -7.085276 ], [ -44.223378, -7.085323 ], [ -44.223361, -7.085468 ], [ -44.223747, -7.085957 ], [ -44.223966, -7.086234 ], [ -44.224021999999898, -7.086447 ], [ -44.223988, -7.086604 ], [ -44.223335, -7.086671 ], [ -44.222048, -7.086599 ], [ -44.221863, -7.086501 ], [ -44.221679, -7.086246 ], [ -44.22146, -7.086148 ], [ -44.221249999999898, -7.08619 ], [ -44.221074, -7.086318 ], [ -44.220919, -7.08648 ], [ -44.220778, -7.086556 ], [ -44.220589, -7.086467 ], [ -44.220447, -7.086199 ], [ -44.220146999999898, -7.085807 ], [ -44.219962, -7.085807 ], [ -44.219795, -7.085871 ], [ -44.21961, -7.085999 ], [ -44.219439, -7.085927 ], [ -44.219185, -7.085616 ], [ -44.2191845, -7.08556819999995 ], [ -44.219178999999897, -7.085234 ], [ -44.219065, -7.085072 ], [ -44.218851, -7.085055 ], [ -44.218615, -7.085217 ], [ -44.218417, -7.085519 ], [ -44.218374, -7.086081 ], [ -44.218246, -7.086281 ], [ -44.218052, -7.086251 ], [ -44.217932, -7.085962 ], [ -44.217834, -7.085779 ], [ -44.21764, -7.085766 ], [ -44.217486, -7.085872 ], [ -44.217327, -7.085868 ], [ -44.217185, -7.085732 ], [ -44.216868, -7.085442 ], [ -44.216411999999899, -7.085429 ], [ -44.215854, -7.085492 ], [ -44.215343, -7.085914 ], [ -44.214888, -7.086288 ], [ -44.214507, -7.086791 ], [ -44.214301, -7.08705 ], [ -44.214111, -7.087142 ], [ -44.213892, -7.087151 ], [ -44.213677, -7.086896 ], [ -44.213462999999898, -7.086402 ], [ -44.213321, -7.08624 ], [ -44.213171, -7.086236 ], [ -44.212948, -7.08641 ], [ -44.212896, -7.086632 ], [ -44.212918, -7.08687 ], [ -44.212879, -7.08733 ], [ -44.212736999999898, -7.087398 ], [ -44.21242, -7.087364 ], [ -44.212286999999897, -7.087415 ], [ -44.212209, -7.087543 ], [ -44.212188, -7.088083 ], [ -44.212278, -7.088398 ], [ -44.212343, -7.088666 ], [ -44.212153999999899, -7.088751 ], [ -44.211875, -7.088717 ], [ -44.211763, -7.08839 ], [ -44.21172, -7.088036 ], [ -44.211542, -7.08782 ], [ -44.210907, -7.087969 ], [ -44.210165, -7.088284 ], [ -44.209379, -7.088718 ], [ -44.208989, -7.088986 ], [ -44.208602, -7.089046 ], [ -44.208422, -7.088905 ], [ -44.208362, -7.088641 ], [ -44.208576999999899, -7.088126 ], [ -44.208615, -7.087752 ], [ -44.208444, -7.087577 ], [ -44.208311, -7.087641 ], [ -44.208148, -7.087994 ], [ -44.208019, -7.088143 ], [ -44.207843, -7.08808 ], [ -44.207645, -7.087686 ], [ -44.207541999999897, -7.087562 ], [ -44.207306, -7.087532 ], [ -44.207087999999899, -7.087464 ], [ -44.206834, -7.087132 ], [ -44.206693, -7.087034 ], [ -44.206512, -7.087034 ], [ -44.206401, -7.087145 ], [ -44.206221, -7.087715 ], [ -44.206234, -7.087979 ], [ -44.206186, -7.088226 ], [ -44.206066, -7.088256 ], [ -44.205877, -7.088184 ], [ -44.205809, -7.088013 ], [ -44.205877, -7.087754 ], [ -44.205846999999899, -7.087549 ], [ -44.205482, -7.08746 ], [ -44.205315, -7.087554 ], [ -44.205104999999897, -7.088069 ], [ -44.20489, -7.088567 ], [ -44.20453, -7.088571 ], [ -44.204079, -7.088354 ], [ -44.20374, -7.088407 ], [ -44.203504, -7.088641 ], [ -44.203122, -7.088824 ], [ -44.202873, -7.089045 ], [ -44.202646, -7.08939 ], [ -44.202174, -7.089543 ], [ -44.201619999999899, -7.089317 ], [ -44.201564, -7.089113 ], [ -44.201529999999899, -7.088751 ], [ -44.201307, -7.088453 ], [ -44.200959, -7.088347 ], [ -44.200745, -7.088394 ], [ -44.200547, -7.088445 ], [ -44.200406, -7.088619 ], [ -44.200303, -7.088926 ], [ -44.200263999999898, -7.089105 ], [ -44.200097, -7.089283 ], [ -44.19974, -7.089526 ], [ -44.199728, -7.089709 ], [ -44.199934, -7.089918 ], [ -44.200108999999898, -7.090041 ], [ -44.200172, -7.090145 ], [ -44.20009, -7.090281 ], [ -44.19988, -7.090324 ], [ -44.199703999999898, -7.090409 ], [ -44.199579, -7.090566 ], [ -44.199888, -7.091103 ], [ -44.200004, -7.091256 ], [ -44.200056, -7.091422 ], [ -44.199876, -7.091592 ], [ -44.199798, -7.09175 ], [ -44.199811, -7.091933 ], [ -44.200273, -7.092089 ], [ -44.200353999999898, -7.092183 ], [ -44.200303, -7.092404 ], [ -44.200075, -7.092425 ], [ -44.199788, -7.092285 ], [ -44.199637, -7.09234 ], [ -44.199607, -7.092562 ], [ -44.199599, -7.09283 ], [ -44.19947, -7.093 ], [ -44.19923, -7.092957 ], [ -44.198839, -7.092468 ], [ -44.198667999999898, -7.092294 ], [ -44.198522, -7.092315 ], [ -44.198462, -7.092587 ], [ -44.19838, -7.092792 ], [ -44.198071, -7.09277 ], [ -44.197762, -7.092536 ], [ -44.197586, -7.092298 ], [ -44.197243, -7.092098 ], [ -44.19702, -7.092064 ], [ -44.196689, -7.092115 ], [ -44.196582, -7.09234 ], [ -44.196608, -7.09254 ], [ -44.196861, -7.092796 ], [ -44.196938, -7.093013 ], [ -44.196848, -7.093106 ], [ -44.196543, -7.09306 ], [ -44.196103, -7.093384 ], [ -44.195678, -7.093575 ], [ -44.195073, -7.093767 ], [ -44.194837, -7.093984 ], [ -44.194494, -7.094167 ], [ -44.194262, -7.094571 ], [ -44.194202, -7.094971 ], [ -44.194039, -7.095119 ], [ -44.193958, -7.095315 ], [ -44.194039, -7.095468 ], [ -44.194245, -7.095677 ], [ -44.194257999999898, -7.095868 ], [ -44.194048, -7.096209 ], [ -44.193687, -7.09672 ], [ -44.193451, -7.096783 ], [ -44.193146, -7.09672 ], [ -44.192868, -7.096541 ], [ -44.19261, -7.096583 ], [ -44.191975, -7.096907 ], [ -44.191659, -7.097045 ], [ -44.191402, -7.096994 ], [ -44.191183, -7.096977 ], [ -44.191054, -7.097147 ], [ -44.191089, -7.097377 ], [ -44.190883, -7.097509 ], [ -44.190316, -7.097589 ], [ -44.190089, -7.09736 ], [ -44.189921, -7.097372 ], [ -44.189796999999899, -7.097526 ], [ -44.189621, -7.097824 ], [ -44.189458, -7.097858 ], [ -44.189273, -7.097726 ], [ -44.189085, -7.097755 ], [ -44.188909, -7.097998 ], [ -44.188527, -7.098709 ], [ -44.188423999999898, -7.099012 ], [ -44.188375999999899, -7.099335 ], [ -44.188209, -7.099556 ], [ -44.18796, -7.099501 ], [ -44.187758, -7.099327 ], [ -44.187680999999898, -7.099169 ], [ -44.187527, -7.099237 ], [ -44.18757, -7.099599 ], [ -44.187492, -7.100114 ], [ -44.187445, -7.100357 ], [ -44.187158, -7.100443 ], [ -44.186912999999898, -7.100481 ], [ -44.186853, -7.100796 ], [ -44.186686, -7.100928 ], [ -44.186407, -7.100826 ], [ -44.186244, -7.10094 ], [ -44.186183, -7.101141 ], [ -44.186325, -7.101333 ], [ -44.186316, -7.101627 ], [ -44.186166, -7.101822 ], [ -44.185874, -7.101759 ], [ -44.185437, -7.101639 ], [ -44.185223999999899, -7.101699 ], [ -44.18519, -7.102176 ], [ -44.1851, -7.102448 ], [ -44.184765, -7.102504 ], [ -44.184416999999897, -7.102418 ], [ -44.184258999999898, -7.102359 ], [ -44.184057, -7.102461 ], [ -44.18395, -7.102882 ], [ -44.184005, -7.103683 ], [ -44.184018, -7.104083 ], [ -44.183795, -7.104428 ], [ -44.183515999999898, -7.104709 ], [ -44.183216, -7.104836 ], [ -44.183087, -7.104981 ], [ -44.183139, -7.105262 ], [ -44.18337, -7.1053 ], [ -44.183563, -7.105372 ], [ -44.183585, -7.105581 ], [ -44.183164, -7.105853 ], [ -44.182851, -7.10613 ], [ -44.182792999999897, -7.106468 ], [ -44.182918, -7.106928 ], [ -44.183064, -7.107226 ], [ -44.183257, -7.10743 ], [ -44.18333, -7.107652 ], [ -44.183193, -7.108659 ], [ -44.183112, -7.109034 ], [ -44.18261, -7.109553 ], [ -44.182356, -7.109787 ], [ -44.18206, -7.109881 ], [ -44.181743, -7.109702 ], [ -44.18155, -7.109711 ], [ -44.180901999999897, -7.110047 ], [ -44.180707, -7.110347 ], [ -44.180527, -7.110436 ], [ -44.180326, -7.110322 ], [ -44.180141, -7.110117 ], [ -44.179982, -7.11013 ], [ -44.179768, -7.110487 ], [ -44.179811, -7.110832 ], [ -44.180197, -7.111049 ], [ -44.180273999999898, -7.111211 ], [ -44.180137, -7.111611 ], [ -44.179905, -7.112024 ], [ -44.179673, -7.112062 ], [ -44.179549, -7.111807 ], [ -44.179386, -7.111794 ], [ -44.179307999999899, -7.112032 ], [ -44.179364, -7.112505 ], [ -44.179433, -7.112673 ], [ -44.179307999999899, -7.11278 ], [ -44.178982, -7.112771 ], [ -44.17869, -7.112775 ], [ -44.178416, -7.112886 ], [ -44.178359999999898, -7.113188 ], [ -44.17824, -7.113486 ], [ -44.177982, -7.113784 ], [ -44.178019999999897, -7.114457 ], [ -44.177677, -7.11492 ], [ -44.177702, -7.115321 ], [ -44.177655, -7.115644 ], [ -44.177509, -7.115806 ], [ -44.17733, -7.115925 ], [ -44.177098, -7.116133 ], [ -44.176845, -7.116108 ], [ -44.176729, -7.11621 ], [ -44.176758999999898, -7.116508 ], [ -44.176708, -7.116865 ], [ -44.17624, -7.117138 ], [ -44.175691, -7.117334 ], [ -44.175296, -7.117146 ], [ -44.174982999999898, -7.116899 ], [ -44.174751, -7.116908 ], [ -44.174502, -7.117163 ], [ -44.1743, -7.117317 ], [ -44.173781, -7.117172 ], [ -44.17347, -7.11717 ], [ -44.173169, -7.116906 ], [ -44.173006, -7.11668 ], [ -44.172787, -7.116719 ], [ -44.172370999999899, -7.117004 ], [ -44.172054, -7.117238 ], [ -44.171813, -7.117306 ], [ -44.171685, -7.117446 ], [ -44.171646, -7.117663 ], [ -44.171255, -7.117804 ], [ -44.171058, -7.117868 ], [ -44.170873, -7.117993 ], [ -44.170752999999898, -7.118261 ], [ -44.170624, -7.118244 ], [ -44.170482999999898, -7.117976 ], [ -44.170294, -7.118061 ], [ -44.170054, -7.118244 ], [ -44.169753, -7.118214 ], [ -44.169518, -7.118043 ], [ -44.169238999999898, -7.118073 ], [ -44.168948, -7.118184 ], [ -44.168827, -7.118277 ], [ -44.168845, -7.118516 ], [ -44.168729, -7.118656 ], [ -44.168552, -7.118765 ], [ -44.168487, -7.118918 ], [ -44.168383999999897, -7.119003 ], [ -44.168213, -7.11911 ], [ -44.16823, -7.119344 ], [ -44.168419, -7.119595 ], [ -44.16844, -7.119838 ], [ -44.168329, -7.12005 ], [ -44.16814, -7.120127 ], [ -44.167814, -7.120097 ], [ -44.167569, -7.120008 ], [ -44.167212999999897, -7.119829 ], [ -44.166761999999899, -7.119635 ], [ -44.166234, -7.119452 ], [ -44.165668, -7.119218 ], [ -44.165226, -7.119107 ], [ -44.165114, -7.118856 ], [ -44.164938, -7.118686 ], [ -44.164671999999896, -7.118682 ], [ -44.164204, -7.11878 ], [ -44.1615389, -7.11677539999994 ], [ -44.155996199999898, -7.116415 ], [ -44.1509293, -7.11696309999996 ], [ -44.1371983, -7.13075529999998 ], [ -44.068991, -7.199267 ], [ -44.0908845, -7.21878289999995 ], [ -44.0716709, -7.26817839999995 ], [ -44.071446799999897, -7.26875439999998 ], [ -44.072021499999899, -7.26951239999994 ], [ -44.1844674, -7.41783429999998 ], [ -44.1859593, -7.41436949999996 ], [ -44.246350199999902, -7.29491319999994 ], [ -44.2432113, -7.29123969999995 ], [ -44.257201, -7.27372169999995 ], [ -44.2661016, -7.24322819999998 ], [ -44.297538099999898, -7.26348939999997 ], [ -44.3516724999999, -7.22778669999997 ], [ -44.351686, -7.22777459999998 ] ] ] ] } },
{ "type": "Feature", "properties": { "CD_MUN": "2208908", "NM_MUN": "Ribeiro Gonçalves", "CD_RGI": "220018", "NM_RGI": "Uruçuí", "CD_RGINT": "2206", "NM_RGINT": "Floriano", "CD_UF": "22", "NM_UF": "Piauí", "SIGLA_UF": "PI", "CD_REGIAO": "2", "NM_REGIAO": "Nordeste", "SIGLA_RG": "NE", "CD_CONCURB": null, "NM_CONCURB": null, "AREA_KM2": 3987.142 }, "geometry": { "type": "MultiPolygon", "coordinates": [ [ [ [ -45.708657699999897, -8.39360529999993 ], [ -45.7078213, -8.39262559999997 ], [ -45.7080151, -8.391501699999941 ], [ -45.707474499999897, -8.39125779999995 ], [ -45.707082899999897, -8.391648799999929 ], [ -45.706052199999903, -8.39160229999993 ], [ -45.7073199, -8.39062879999994 ], [ -45.7072267, -8.39023119999996 ], [ -45.706294899999897, -8.39023149999997 ], [ -45.7063626, -8.387621 ], [ -45.7049944, -8.385784 ], [ -45.7037728, -8.38269009999993 ], [ -45.7031008, -8.380708299999981 ], [ -45.703155599999903, -8.380085399999929 ], [ -45.7034149, -8.37948369999998 ], [ -45.7039682, -8.378677799999929 ], [ -45.7049944, -8.376695699999971 ], [ -45.705942, -8.37211329999997 ], [ -45.706216599999898, -8.36968 ], [ -45.7062055, -8.36870339999996 ], [ -45.7057541, -8.368094099999951 ], [ -45.7052012, -8.36757059999996 ], [ -45.704354099999897, -8.367046199999949 ], [ -45.703307299999899, -8.36581539999997 ], [ -45.7026585, -8.364868399999979 ], [ -45.7017703, -8.364180199999961 ], [ -45.7008456, -8.363734099999929 ], [ -45.6962824, -8.363283199999961 ], [ -45.695012399999897, -8.362777 ], [ -45.6937507, -8.361906 ], [ -45.693038, -8.36089909999993 ], [ -45.6921920999999, -8.35919539999998 ], [ -45.6912804, -8.357098 ], [ -45.6905796, -8.35581119999995 ], [ -45.690131, -8.35448019999995 ], [ -45.6899443, -8.352862199999951 ], [ -45.689504199999902, -8.34873369999997 ], [ -45.6895857, -8.34719509999996 ], [ -45.6894603, -8.34583739999994 ], [ -45.6885688, -8.342836 ], [ -45.688507699999903, -8.34204609999995 ], [ -45.6886511, -8.34142919999994 ], [ -45.689260299999901, -8.33995369999997 ], [ -45.690335499999897, -8.337099 ], [ -45.690433, -8.33642439999994 ], [ -45.690381699999897, -8.33597489999994 ], [ -45.6901811, -8.33557359999998 ], [ -45.6896586, -8.33493349999998 ], [ -45.6889136, -8.334075599999951 ], [ -45.685258, -8.32886179999997 ], [ -45.683460599999897, -8.325629899999971 ], [ -45.6819791, -8.32365029999994 ], [ -45.6809223, -8.322209599999949 ], [ -45.680357, -8.32081229999994 ], [ -45.6805117, -8.317232599999951 ], [ -45.680806, -8.31595489999995 ], [ -45.6809997, -8.31501919999994 ], [ -45.6808068, -8.31399049999993 ], [ -45.6794006, -8.31129729999998 ], [ -45.678565299999903, -8.30889229999997 ], [ -45.678792799999897, -8.30662009999998 ], [ -45.678705299999898, -8.305031 ], [ -45.678378199999898, -8.30420109999994 ], [ -45.677821499999901, -8.303300499999979 ], [ -45.6768853, -8.302495599999929 ], [ -45.676066999999897, -8.301322499999969 ], [ -45.674210199999898, -8.296487299999971 ], [ -45.6734642, -8.295180899999931 ], [ -45.672460699999903, -8.29417429999995 ], [ -45.671442, -8.29371549999996 ], [ -45.6703656, -8.293462099999941 ], [ -45.6692527, -8.292721299999929 ], [ -45.6682192, -8.29166109999994 ], [ -45.667124999999899, -8.288654199999939 ], [ -45.6664896999999, -8.283577 ], [ -45.6655856, -8.27867859999998 ], [ -45.6647068, -8.274587599999959 ], [ -45.6644863, -8.270666299999959 ], [ -45.663851099999903, -8.268296899999941 ], [ -45.6638523, -8.26719319999995 ], [ -45.6641739, -8.265734 ], [ -45.6645204, -8.26369909999994 ], [ -45.664677599999898, -8.260173 ], [ -45.665087, -8.256843299999961 ], [ -45.664999599999902, -8.25462659999994 ], [ -45.664375699999901, -8.25212079999994 ], [ -45.663626399999899, -8.25053079999998 ], [ -45.6629746, -8.249621799999939 ], [ -45.6620708, -8.248760199999939 ], [ -45.6608654999999, -8.248094499999979 ], [ -45.6594721, -8.247569799999949 ], [ -45.6578307999999, -8.24746849999997 ], [ -45.6558042, -8.24752549999994 ], [ -45.6547136, -8.247116499999949 ], [ -45.6524658, -8.245617299999941 ], [ -45.6506967, -8.244771899999931 ], [ -45.649055, -8.24437909999995 ], [ -45.648282499999901, -8.24404949999996 ], [ -45.6477776, -8.243624599999981 ], [ -45.6474137, -8.243118399999959 ], [ -45.646822299999897, -8.240598099999939 ], [ -45.646265, -8.23957629999995 ], [ -45.6450874, -8.237928299999959 ], [ -45.6415592, -8.233479099999951 ], [ -45.6396635, -8.23096439999995 ], [ -45.6369074999999, -8.226381499999951 ], [ -45.6357404, -8.22519839999995 ], [ -45.634903, -8.224518099999949 ], [ -45.633800699999902, -8.22389359999994 ], [ -45.6302717, -8.22150929999998 ], [ -45.626506499999898, -8.219155899999979 ], [ -45.621805499999901, -8.216865199999971 ], [ -45.6209767, -8.216248699999939 ], [ -45.6199738, -8.21508729999994 ], [ -45.6184567, -8.212441899999931 ], [ -45.6157827, -8.20968929999998 ], [ -45.6130401, -8.20848069999994 ], [ -45.6120653, -8.207766899999969 ], [ -45.6112995, -8.207041 ], [ -45.61067, -8.206429199999951 ], [ -45.609782, -8.205418099999971 ], [ -45.609532499999901, -8.20508209999997 ], [ -45.6094196, -8.20462089999995 ], [ -45.609462999999899, -8.20407959999994 ], [ -45.6098552, -8.202641299999931 ], [ -45.6102718, -8.201781799999941 ], [ -45.611167899999899, -8.20079619999996 ], [ -45.612049199999902, -8.200162199999969 ], [ -45.613174399999899, -8.19925009999997 ], [ -45.6137126, -8.19852589999994 ], [ -45.6141567, -8.197594299999929 ], [ -45.6150805, -8.193333699999931 ], [ -45.6152198999999, -8.192244599999979 ], [ -45.615080099999901, -8.19122929999997 ], [ -45.6141638, -8.188842699999951 ], [ -45.613057399999903, -8.18651419999998 ], [ -45.612479999999898, -8.18617839999996 ], [ -45.6116893, -8.18600259999994 ], [ -45.610072199999898, -8.18591919999994 ], [ -45.609451799999903, -8.185488299999969 ], [ -45.608874, -8.184448 ], [ -45.608371, -8.183245399999979 ], [ -45.607696599999898, -8.182275 ], [ -45.606926299999898, -8.181583299999939 ], [ -45.606048, -8.180917 ], [ -45.6050190999999, -8.180231099999959 ], [ -45.603022399999901, -8.176210399999951 ], [ -45.6026208, -8.17563919999998 ], [ -45.6020234, -8.17515149999997 ], [ -45.6011738999999, -8.174799 ], [ -45.5999614999999, -8.174522899999941 ], [ -45.599041699999901, -8.17438729999998 ], [ -45.597967299999901, -8.17435289999997 ], [ -45.595011699999901, -8.17446979999994 ], [ -45.5939672, -8.173913299999979 ], [ -45.592959, -8.173086299999969 ], [ -45.5925548, -8.172608 ], [ -45.592257199999899, -8.17191749999995 ], [ -45.5918748, -8.170606 ], [ -45.5914552, -8.168862 ], [ -45.590989799999903, -8.167969399999951 ], [ -45.5899894, -8.167031099999971 ], [ -45.5885521, -8.16523719999998 ], [ -45.5874709, -8.163605599999929 ], [ -45.5866075, -8.16196269999995 ], [ -45.5843498, -8.15788509999993 ], [ -45.5837278, -8.15693619999996 ], [ -45.5835408, -8.156073 ], [ -45.583563399999903, -8.15509429999997 ], [ -45.584095799999901, -8.15168369999998 ], [ -45.5846721, -8.14934909999994 ], [ -45.5853759, -8.14777579999998 ], [ -45.5867349, -8.143528199999929 ], [ -45.5871701, -8.142462799999979 ], [ -45.587603999999899, -8.14029289999996 ], [ -45.588503199999899, -8.136892299999939 ], [ -45.5884402, -8.135769499999981 ], [ -45.5882053999999, -8.134570399999969 ], [ -45.587954599999897, -8.13334869999994 ], [ -45.587868, -8.132103499999969 ], [ -45.5879274, -8.130867399999939 ], [ -45.587814099999903, -8.12994579999997 ], [ -45.5875594, -8.129336 ], [ -45.587187, -8.128823699999939 ], [ -45.5866318, -8.12810209999998 ], [ -45.584252, -8.12528289999995 ], [ -45.582541799999902, -8.12271909999993 ], [ -45.5792834, -8.11834659999994 ], [ -45.576976199999898, -8.11614939999993 ], [ -45.57659, -8.115641899999961 ], [ -45.576380399999898, -8.115228799999951 ], [ -45.576362699999898, -8.11474449999997 ], [ -45.576517399999901, -8.11409839999993 ], [ -45.5774211, -8.11215329999993 ], [ -45.5790428, -8.10933989999995 ], [ -45.581105599999901, -8.10723369999994 ], [ -45.582130499999899, -8.10628049999997 ], [ -45.583294, -8.10546289999996 ], [ -45.5849484, -8.10381669999998 ], [ -45.585718, -8.102788699999961 ], [ -45.586264899999897, -8.10107119999998 ], [ -45.586534399999898, -8.09875889999995 ], [ -45.5864524, -8.09744059999997 ], [ -45.586304299999902, -8.096403 ], [ -45.5859927, -8.09573379999995 ], [ -45.585460399999903, -8.09525029999998 ], [ -45.5844375, -8.09476729999994 ], [ -45.5827897, -8.094217699999939 ], [ -45.5814179, -8.09316179999996 ], [ -45.580800399999902, -8.092220699999929 ], [ -45.580392199999899, -8.091328 ], [ -45.5806646, -8.090254199999951 ], [ -45.5806808, -8.089098099999941 ], [ -45.580363, -8.087563499999931 ], [ -45.5797077, -8.08643729999994 ], [ -45.578902099999901, -8.085617099999981 ], [ -45.5780278, -8.085050299999979 ], [ -45.576970199999899, -8.084432899999969 ], [ -45.5762989, -8.08393 ], [ -45.5752469, -8.082495 ], [ -45.574687, -8.08054619999996 ], [ -45.574137699999902, -8.07960029999998 ], [ -45.572285, -8.077375899999939 ], [ -45.5700816, -8.07395559999998 ], [ -45.569091699999902, -8.071606399999951 ], [ -45.5688938, -8.070862799999929 ], [ -45.568767299999898, -8.069939399999949 ], [ -45.5690061, -8.06779219999993 ], [ -45.568766799999899, -8.06311849999997 ], [ -45.568704899999901, -8.06032179999994 ], [ -45.5690066, -8.057845 ], [ -45.5687622, -8.05243219999994 ], [ -45.5683966, -8.051595799999969 ], [ -45.567808399999898, -8.050906199999931 ], [ -45.567025999999899, -8.05040289999994 ], [ -45.5663967, -8.05013109999993 ], [ -45.5653138, -8.049841 ], [ -45.5646108, -8.04975589999998 ], [ -45.5640905, -8.049595299999959 ], [ -45.5634264, -8.04839949999996 ], [ -45.5631817, -8.04717169999998 ], [ -45.5630388, -8.04564359999995 ], [ -45.5633384, -8.044152799999949 ], [ -45.565424499999899, -8.04119689999993 ], [ -45.5678338, -8.03829839999997 ], [ -45.569478499999903, -8.03604059999998 ], [ -45.570453299999897, -8.03519629999994 ], [ -45.5733408, -8.03350839999996 ], [ -45.5749675, -8.032206699999961 ], [ -45.576308, -8.031029 ], [ -45.577323, -8.02988209999995 ], [ -45.577592599999903, -8.029031099999941 ], [ -45.5776554, -8.02833129999993 ], [ -45.5773985, -8.027755199999939 ], [ -45.577062399999903, -8.027369 ], [ -45.5765804, -8.02704859999994 ], [ -45.573404299999901, -8.025428199999959 ], [ -45.5697926, -8.021981699999969 ], [ -45.5682937, -8.020313899999961 ], [ -45.567394099999902, -8.018460599999971 ], [ -45.5657765, -8.01560829999994 ], [ -45.5651238, -8.01500139999996 ], [ -45.56454, -8.014610599999971 ], [ -45.5637631, -8.014192599999941 ], [ -45.5630308, -8.01399089999995 ], [ -45.5623006, -8.013969399999951 ], [ -45.5613787, -8.014133699999951 ], [ -45.560484599999903, -8.01448839999995 ], [ -45.5573039, -8.016548899999981 ], [ -45.5569048, -8.016838099999971 ], [ -45.5564355, -8.01701259999993 ], [ -45.5558268, -8.017073899999961 ], [ -45.555299499999897, -8.017043599999971 ], [ -45.5543963, -8.016912299999939 ], [ -45.5536099, -8.01673359999995 ], [ -45.5528523, -8.01627249999996 ], [ -45.551576, -8.015430399999961 ], [ -45.5510972, -8.01451879999996 ], [ -45.5508292, -8.013622 ], [ -45.5504993, -8.01229189999998 ], [ -45.5503348, -8.01114619999993 ], [ -45.5502968, -8.010488199999941 ], [ -45.5504352, -8.00987679999997 ], [ -45.550657, -8.00937989999994 ], [ -45.5511074, -8.00876419999997 ], [ -45.553037699999898, -8.00694009999995 ], [ -45.556248099999898, -8.004762599999941 ], [ -45.5609044, -8.001913299999959 ], [ -45.563538799999897, -8.000453799999949 ], [ -45.5650486, -7.99986539999998 ], [ -45.5661664, -7.99901939999995 ], [ -45.567394099999902, -7.99755729999993 ], [ -45.5679034999999, -7.99687479999994 ], [ -45.5681102, -7.99618059999995 ], [ -45.568331699999902, -7.995085 ], [ -45.568109799999903, -7.99412209999997 ], [ -45.5676369, -7.993422 ], [ -45.566856599999902, -7.99189579999995 ], [ -45.5661117, -7.98904719999996 ], [ -45.5652929, -7.98710529999994 ], [ -45.5646811, -7.98597259999997 ], [ -45.5638372, -7.98501079999994 ], [ -45.562019, -7.98337929999997 ], [ -45.5596389, -7.98085289999995 ], [ -45.5591638, -7.980053 ], [ -45.5588094, -7.979202 ], [ -45.5584031, -7.977524 ], [ -45.5570784, -7.97377319999993 ], [ -45.5563433, -7.97248169999995 ], [ -45.5554554, -7.97111169999994 ], [ -45.5548952, -7.97086179999997 ], [ -45.553922999999898, -7.97071819999996 ], [ -45.5522445, -7.97030769999998 ], [ -45.550536099999903, -7.96963619999997 ], [ -45.5480444, -7.96830069999993 ], [ -45.547541599999903, -7.96799639999995 ], [ -45.5473974, -7.96720559999994 ], [ -45.547311599999901, -7.96624969999993 ], [ -45.5469679, -7.96493129999993 ], [ -45.546171699999903, -7.96319449999993 ], [ -45.5456293, -7.96173769999996 ], [ -45.5454262, -7.96026519999998 ], [ -45.545395299999903, -7.95930849999996 ], [ -45.5454692, -7.95865019999997 ], [ -45.5457056, -7.95808839999995 ], [ -45.5458456, -7.95773169999995 ], [ -45.546125399999902, -7.95744649999995 ], [ -45.5463895, -7.95730969999994 ], [ -45.5468551, -7.95721949999995 ], [ -45.5475039, -7.95720549999993 ], [ -45.548532599999902, -7.95737829999996 ], [ -45.551586799999903, -7.95741759999993 ], [ -45.552082299999903, -7.95739739999993 ], [ -45.5525272, -7.95721739999993 ], [ -45.553280399999899, -7.95685049999997 ], [ -45.554152, -7.95627989999997 ], [ -45.5550039, -7.95566509999998 ], [ -45.555720999999899, -7.95496809999997 ], [ -45.556235899999898, -7.95418179999996 ], [ -45.5564711, -7.95369189999997 ], [ -45.5563852, -7.95320039999996 ], [ -45.5559706, -7.95287369999994 ], [ -45.555475499999901, -7.95262919999993 ], [ -45.554007899999903, -7.95072929999998 ], [ -45.553223199999898, -7.95001139999994 ], [ -45.552743, -7.94977989999995 ], [ -45.5516084, -7.94948749999998 ], [ -45.5504099, -7.94931109999993 ], [ -45.549521599999899, -7.94867289999996 ], [ -45.5484341, -7.94767939999997 ], [ -45.5479612, -7.94713039999993 ], [ -45.5476264, -7.94664589999996 ], [ -45.5470179, -7.94481049999996 ], [ -45.546125699999898, -7.94283 ], [ -45.5459283, -7.94126019999993 ], [ -45.545756599999898, -7.93998559999994 ], [ -45.545305299999903, -7.93887549999994 ], [ -45.5445804, -7.93760269999996 ], [ -45.5431184, -7.93445389999994 ], [ -45.5416111, -7.92979509999998 ], [ -45.541437, -7.92879369999997 ], [ -45.541606499999901, -7.92775849999992 ], [ -45.5420371, -7.92678119999994 ], [ -45.543025199999903, -7.92456179999994 ], [ -45.543891099999897, -7.92312989999994 ], [ -45.544437699999897, -7.92140229999995 ], [ -45.5445213, -7.92076869999994 ], [ -45.544477, -7.92008 ], [ -45.5439173, -7.91973329999996 ], [ -45.543221699999897, -7.919405 ], [ -45.541691699999902, -7.91901529999996 ], [ -45.5400949, -7.91846919999995 ], [ -45.5394653, -7.91835839999993 ], [ -45.5388207, -7.91851739999993 ], [ -45.538138499999903, -7.91875559999994 ], [ -45.5371709, -7.91943049999998 ], [ -45.5366251, -7.92002619999994 ], [ -45.5361071, -7.92047889999998 ], [ -45.534811499999897, -7.92140039999992 ], [ -45.5333861, -7.92215619999996 ], [ -45.532374499999896, -7.92248989999996 ], [ -45.5318308, -7.92258659999993 ], [ -45.5312134, -7.92240619999995 ], [ -45.5308951, -7.92209169999995 ], [ -45.530616, -7.92160049999995 ], [ -45.5303407, -7.92097839999997 ], [ -45.5297338, -7.92018289999993 ], [ -45.5290375, -7.91962619999993 ], [ -45.527729099999902, -7.91779429999997 ], [ -45.5269795, -7.91614989999994 ], [ -45.525050399999898, -7.91377309999996 ], [ -45.524345099999898, -7.91252989999998 ], [ -45.523893, -7.91154529999994 ], [ -45.5237299, -7.91076889999994 ], [ -45.5236477999999, -7.90988129999994 ], [ -45.523807599999898, -7.909142 ], [ -45.5241104999999, -7.90806409999993 ], [ -45.5244216, -7.90725919999994 ], [ -45.524867599999901, -7.90675129999994 ], [ -45.525710699999898, -7.90628449999997 ], [ -45.526801099999901, -7.906042 ], [ -45.5283519, -7.90570569999994 ], [ -45.5292147, -7.90550009999993 ], [ -45.5299967999999, -7.905057 ], [ -45.531576899999898, -7.90391489999996 ], [ -45.535144, -7.90154329999996 ], [ -45.541838299999903, -7.89849409999994 ], [ -45.54243, -7.898149 ], [ -45.5428833, -7.89779879999998 ], [ -45.5432695, -7.89726929999995 ], [ -45.5432888, -7.89664029999994 ], [ -45.543079, -7.89608869999995 ], [ -45.5426878, -7.89561459999993 ], [ -45.541984899999903, -7.89457369999997 ], [ -45.540579, -7.89296169999994 ], [ -45.5391997, -7.89186319999993 ], [ -45.538676699999897, -7.89157019999993 ], [ -45.538102, -7.89140269999996 ], [ -45.5352417, -7.89118559999997 ], [ -45.5336222, -7.89084279999997 ], [ -45.5305508, -7.88968519999997 ], [ -45.5278436, -7.88860469999997 ], [ -45.5232697, -7.88845039999995 ], [ -45.522379699999902, -7.88826019999993 ], [ -45.5217847, -7.88802069999997 ], [ -45.5212078, -7.88765689999997 ], [ -45.520844, -7.88726789999993 ], [ -45.5207014, -7.88678349999998 ], [ -45.520420999999899, -7.88560939999996 ], [ -45.520491299999897, -7.88482309999995 ], [ -45.5206848999999, -7.88420169999995 ], [ -45.520943799999898, -7.88354369999996 ], [ -45.5212417, -7.88298149999997 ], [ -45.5216333, -7.882612 ], [ -45.5225371, -7.88189249999994 ], [ -45.5231237, -7.88155289999997 ], [ -45.5238636999999, -7.881397 ], [ -45.526006499999902, -7.88106969999995 ], [ -45.52704, -7.88085719999998 ], [ -45.5280341, -7.88043589999995 ], [ -45.5303407, -7.87792249999995 ], [ -45.531837799999899, -7.87717329999998 ], [ -45.5332433, -7.87649509999994 ], [ -45.5349456, -7.875018 ], [ -45.5362332, -7.87349509999996 ], [ -45.537414399999903, -7.87144 ], [ -45.5387211, -7.86844779999996 ], [ -45.5407633, -7.86461259999993 ], [ -45.5407541, -7.86405619999994 ], [ -45.5405708, -7.86341419999997 ], [ -45.5402258, -7.86253119999998 ], [ -45.5395597, -7.86206369999996 ], [ -45.538296499999902, -7.86164629999996 ], [ -45.537080499999902, -7.86107649999997 ], [ -45.535437199999897, -7.860111 ], [ -45.5326031, -7.85817479999997 ], [ -45.5318083, -7.85793439999998 ], [ -45.531079299999902, -7.857828 ], [ -45.5298963, -7.85772349999996 ], [ -45.528015799999899, -7.85758249999998 ], [ -45.5258707, -7.85728689999996 ], [ -45.5255035, -7.85697889999994 ], [ -45.5250598, -7.85643119999997 ], [ -45.5247881, -7.85571479999993 ], [ -45.5246236, -7.85519449999993 ], [ -45.5245694, -7.854431 ], [ -45.5248209, -7.85332339999997 ], [ -45.524950299999901, -7.851451 ], [ -45.5247716, -7.85049819999995 ], [ -45.524867, -7.849617 ], [ -45.525469, -7.84849369999995 ], [ -45.526885999999898, -7.84539569999993 ], [ -45.5270297, -7.84427089999997 ], [ -45.5268545, -7.84318849999994 ], [ -45.526838499999897, -7.84206449999994 ], [ -45.5271256999999, -7.84033669999997 ], [ -45.5271903, -7.839929 ], [ -45.527042499999901, -7.83945159999996 ], [ -45.5267982, -7.83902259999996 ], [ -45.5264462, -7.83871549999998 ], [ -45.5261689, -7.83846339999997 ], [ -45.5219996, -7.83653719999995 ], [ -45.517230599999898, -7.834737 ], [ -45.5167436, -7.834188 ], [ -45.5164731, -7.83359659999996 ], [ -45.5162826, -7.832955 ], [ -45.5155296, -7.82983779999995 ], [ -45.5146212, -7.82821109999998 ], [ -45.5129615, -7.82611849999995 ], [ -45.5112007, -7.823467 ], [ -45.5105066, -7.82103649999993 ], [ -45.5101339, -7.81855269999994 ], [ -45.5101253, -7.81533419999994 ], [ -45.510201799999898, -7.81361629999998 ], [ -45.5099587, -7.81231359999992 ], [ -45.5094847, -7.81144579999994 ], [ -45.509378399999903, -7.81025489999996 ], [ -45.509588199999897, -7.80812109999994 ], [ -45.5108493, -7.802613 ], [ -45.510848699999897, -7.80182759999997 ], [ -45.5106337, -7.80136229999994 ], [ -45.5102406, -7.800942 ], [ -45.509588199999897, -7.80042369999995 ], [ -45.508375, -7.80006769999994 ], [ -45.5067064, -7.79992519999996 ], [ -45.5009338999999, -7.79911569999996 ], [ -45.5004001, -7.79891619999995 ], [ -45.4999117, -7.798673 ], [ -45.4993833999999, -7.79829929999994 ], [ -45.4989659, -7.79787069999998 ], [ -45.4985545, -7.79727239999994 ], [ -45.4983834, -7.79648109999994 ], [ -45.4983007, -7.79538889999998 ], [ -45.498477, -7.79423269999995 ], [ -45.498814, -7.79333979999996 ], [ -45.499151, -7.79259919999993 ], [ -45.5010543, -7.78933 ], [ -45.5013302999999, -7.78861109999997 ], [ -45.5015849, -7.78726319999993 ], [ -45.501569199999899, -7.78688569999997 ], [ -45.501376999999898, -7.786485 ], [ -45.5005968, -7.78554579999997 ], [ -45.499834, -7.78473889999998 ], [ -45.4994925, -7.78442169999994 ], [ -45.499136399999898, -7.78424749999994 ], [ -45.4987302, -7.78433829999994 ], [ -45.4983492, -7.78462949999994 ], [ -45.4974166, -7.78564239999997 ], [ -45.496722799999901, -7.78648149999998 ], [ -45.495853, -7.78732359999998 ], [ -45.495298299999902, -7.78772139999995 ], [ -45.4947336, -7.78793789999997 ], [ -45.4941382, -7.78816559999996 ], [ -45.4934674, -7.78831749999995 ], [ -45.4928502, -7.788302 ], [ -45.4924025, -7.78821569999997 ], [ -45.492034299999901, -7.78809029999996 ], [ -45.491535999999897, -7.78793619999993 ], [ -45.490965699999897, -7.78771959999995 ], [ -45.4903962, -7.787364 ], [ -45.4898021, -7.78667939999997 ], [ -45.4895111, -7.78625689999996 ], [ -45.489285499999902, -7.78564329999995 ], [ -45.489185399999897, -7.78483329999995 ], [ -45.4892485, -7.78407429999993 ], [ -45.4893673999999, -7.78363639999998 ], [ -45.4895541, -7.78323719999997 ], [ -45.4899387, -7.78260479999994 ], [ -45.4904759, -7.78200289999995 ], [ -45.4916064, -7.78105859999994 ], [ -45.4920561, -7.78067939999994 ], [ -45.492297199999904, -7.780416 ], [ -45.492495399999903, -7.78004249999998 ], [ -45.4926197, -7.77951309999997 ], [ -45.4926325, -7.77888 ], [ -45.4924371, -7.77520049999993 ], [ -45.4923244, -7.77448239999995 ], [ -45.4921636999999, -7.77421179999993 ], [ -45.491944499999903, -7.774019 ], [ -45.491622699999901, -7.77378839999994 ], [ -45.491085499999897, -7.77311579999997 ], [ -45.4905069, -7.77218669999996 ], [ -45.488601199999898, -7.76993539999995 ], [ -45.4856252, -7.76630419999998 ], [ -45.484834099999901, -7.76478189999995 ], [ -45.484529, -7.76397239999994 ], [ -45.484398999999897, -7.76330249999995 ], [ -45.484447799999899, -7.76281829999994 ], [ -45.4847908, -7.762541 ], [ -45.4854007, -7.76233409999998 ], [ -45.4863779, -7.76206789999998 ], [ -45.4883325, -7.76088169999997 ], [ -45.490678, -7.75829139999996 ], [ -45.492852399999897, -7.75584639999994 ], [ -45.4946848, -7.75381279999993 ], [ -45.4954481, -7.75283869999993 ], [ -45.4960776, -7.75173089999993 ], [ -45.4966638, -7.749068 ], [ -45.4965632, -7.74834919999995 ], [ -45.4964303, -7.74776709999998 ], [ -45.496077399999898, -7.74725229999996 ], [ -45.4956788, -7.74706709999998 ], [ -45.4942694, -7.74674389999996 ], [ -45.4919973, -7.74625969999994 ], [ -45.4907721, -7.74579639999996 ], [ -45.4901937, -7.74574539999998 ], [ -45.489807299999903, -7.74585749999994 ], [ -45.4894631, -7.74612329999997 ], [ -45.4890655, -7.74688919999994 ], [ -45.4881859, -7.74882589999993 ], [ -45.4869351, -7.75072829999993 ], [ -45.486330699999897, -7.75134809999997 ], [ -45.485644799999903, -7.75164779999994 ], [ -45.4850607, -7.75189679999994 ], [ -45.4844234, -7.75202139999993 ], [ -45.4836045, -7.75180469999998 ], [ -45.483030799999902, -7.75124669999997 ], [ -45.4825175, -7.75052059999996 ], [ -45.482126799999897, -7.74967319999996 ], [ -45.481813299999899, -7.74870509999994 ], [ -45.4816918, -7.74764919999996 ], [ -45.4819313, -7.74495239999993 ], [ -45.4821362, -7.74159739999993 ], [ -45.482454, -7.73981049999998 ], [ -45.4831874, -7.73798479999994 ], [ -45.4846044, -7.73636269999997 ], [ -45.485889299999897, -7.73471189999998 ], [ -45.4868177, -7.73120149999994 ], [ -45.4872086, -7.72865949999994 ], [ -45.486999, -7.72783759999993 ], [ -45.4864512, -7.72696479999996 ], [ -45.4852296, -7.72345429999996 ], [ -45.4841302, -7.71989539999993 ], [ -45.48286, -7.71653509999993 ], [ -45.4823218, -7.715842 ], [ -45.481687, -7.71539219999994 ], [ -45.480956499999898, -7.71504049999993 ], [ -45.479708, -7.71483539999997 ], [ -45.4775336, -7.71435119999995 ], [ -45.4758805, -7.71389809999994 ], [ -45.4745285, -7.71377009999998 ], [ -45.4735737, -7.71374389999994 ], [ -45.4724664, -7.71389529999993 ], [ -45.4704239, -7.714109 ], [ -45.4694779, -7.71409119999993 ], [ -45.4688603, -7.71379429999996 ], [ -45.4683545, -7.71341269999994 ], [ -45.4681029, -7.71287429999995 ], [ -45.4679902, -7.71234519999996 ], [ -45.468078499999898, -7.71166369999997 ], [ -45.468528299999903, -7.71029329999993 ], [ -45.4692022999999, -7.70774159999996 ], [ -45.4691779, -7.70597409999993 ], [ -45.4693541, -7.70369829999993 ], [ -45.4691779, -7.701495 ], [ -45.4691046, -7.69963079999997 ], [ -45.4700819, -7.69658009999995 ], [ -45.4704728, -7.69471579999993 ], [ -45.4705709, -7.69253669999995 ], [ -45.470447099999902, -7.69123279999997 ], [ -45.4700819, -7.68989759999994 ], [ -45.4694928, -7.68927469999994 ], [ -45.468835899999902, -7.688808 ], [ -45.468044399999897, -7.68848609999998 ], [ -45.4671256, -7.688348 ], [ -45.4657475, -7.68839519999995 ], [ -45.4642671, -7.68871119999994 ], [ -45.461506299999897, -7.68924379999993 ], [ -45.4599426999999, -7.68921959999994 ], [ -45.4562046, -7.68859009999994 ], [ -45.4518068, -7.68822689999996 ], [ -45.451196099999898, -7.688164 ], [ -45.4507513, -7.68792629999996 ], [ -45.449290399999903, -7.68629 ], [ -45.448814599999899, -7.68535629999997 ], [ -45.4485574, -7.684353 ], [ -45.4484148, -7.68367759999995 ], [ -45.448435699999898, -7.68319619999994 ], [ -45.4485346, -7.68253429999993 ], [ -45.4488178, -7.68212829999993 ], [ -45.4492367, -7.68196919999997 ], [ -45.4514159, -7.68193169999995 ], [ -45.4530265, -7.68162889999996 ], [ -45.454173599999898, -7.68157809999997 ], [ -45.4550672, -7.68153859999995 ], [ -45.4555948, -7.68141059999994 ], [ -45.4564245, -7.68110849999994 ], [ -45.4581636, -7.67973489999997 ], [ -45.4602603, -7.67788819999993 ], [ -45.460653099999902, -7.67707249999995 ], [ -45.460949399999897, -7.67614579999997 ], [ -45.4609374, -7.67569739999993 ], [ -45.460847, -7.67522419999995 ], [ -45.460602299999898, -7.67454679999997 ], [ -45.460254899999903, -7.67373489999994 ], [ -45.459600599999902, -7.67280349999993 ], [ -45.4576805, -7.67080379999993 ], [ -45.4568978, -7.67029169999995 ], [ -45.456390999999897, -7.67012119999993 ], [ -45.455838099999902, -7.67001889999995 ], [ -45.4552037, -7.67024119999996 ], [ -45.4542011999999, -7.670818 ], [ -45.4516603, -7.67190759999994 ], [ -45.448728399999901, -7.67350559999994 ], [ -45.446749399999902, -7.67386879999998 ], [ -45.4445261, -7.67469209999996 ], [ -45.442107399999898, -7.67636279999994 ], [ -45.4401283999999, -7.67807639999995 ], [ -45.4392903, -7.67835379999997 ], [ -45.4385402999999, -7.678324 ], [ -45.437977799999899, -7.67822669999993 ], [ -45.43751, -7.67805119999997 ], [ -45.436605, -7.677345 ], [ -45.4353642, -7.67580589999994 ], [ -45.4350358, -7.674965 ], [ -45.434851099999896, -7.67408669999998 ], [ -45.435021199999902, -7.67335289999994 ], [ -45.4353886, -7.67246449999993 ], [ -45.4360727, -7.67137489999993 ], [ -45.437245399999902, -7.669123 ], [ -45.4374715, -7.66857349999998 ], [ -45.4374313, -7.66783009999995 ], [ -45.4368057, -7.66667749999993 ], [ -45.4353692, -7.664813 ], [ -45.4342606, -7.66331049999997 ], [ -45.4332386, -7.66236749999996 ], [ -45.4325307, -7.661539 ], [ -45.4318408, -7.66105949999996 ], [ -45.430665, -7.66060889999994 ], [ -45.429270599999903, -7.66030379999995 ], [ -45.427731799999897, -7.66003239999998 ], [ -45.425860199999903, -7.65977659999993 ], [ -45.4231432, -7.65980489999993 ], [ -45.4212826, -7.66003659999996 ], [ -45.4203626, -7.65981589999996 ], [ -45.4195599, -7.65947749999998 ], [ -45.4164539, -7.65754889999994 ], [ -45.415641799999896, -7.65689929999996 ], [ -45.4150857, -7.65626559999993 ], [ -45.414445999999899, -7.65531889999994 ], [ -45.414084, -7.65425579999993 ], [ -45.4141119, -7.65367819999994 ], [ -45.4142795, -7.65294819999997 ], [ -45.4152323, -7.65176169999995 ], [ -45.415962599999901, -7.65066369999994 ], [ -45.416502799999897, -7.64943709999994 ], [ -45.4163073, -7.64764529999997 ], [ -45.4159607, -7.64580039999993 ], [ -45.415545, -7.64502469999996 ], [ -45.4150367, -7.64456 ], [ -45.4145606, -7.64436359999996 ], [ -45.4140490999999, -7.64419349999997 ], [ -45.413434499999902, -7.64406479999997 ], [ -45.4126914, -7.64403729999998 ], [ -45.4105364, -7.64420629999995 ], [ -45.4090199, -7.64429429999996 ], [ -45.4073164, -7.64420679999995 ], [ -45.404042499999903, -7.64379509999998 ], [ -45.4024572, -7.64343819999993 ], [ -45.4010034, -7.64268209999994 ], [ -45.3999886, -7.64189819999996 ], [ -45.399205, -7.64105889999996 ], [ -45.3986867, -7.64024709999995 ], [ -45.398300999999897, -7.63931539999993 ], [ -45.398300999999897, -7.63723289999996 ], [ -45.3983499, -7.63471449999997 ], [ -45.3983499, -7.63287409999998 ], [ -45.3983499, -7.63062209999993 ], [ -45.3986431, -7.62846689999998 ], [ -45.3984919, -7.62582739999993 ], [ -45.3982276999999, -7.62304259999996 ], [ -45.397641399999898, -7.62192859999993 ], [ -45.397006099999899, -7.62045139999998 ], [ -45.396713, -7.61895 ], [ -45.396810699999897, -7.61781189999994 ], [ -45.396468599999899, -7.61616519999995 ], [ -45.3954669, -7.61451849999997 ], [ -45.3939766, -7.61338029999996 ], [ -45.392825199999898, -7.61278629999993 ], [ -45.391851, -7.61250849999993 ], [ -45.3892367999999, -7.61236319999995 ], [ -45.386964599999899, -7.61209679999996 ], [ -45.3842281, -7.61203829999994 ], [ -45.383251, -7.61209679999996 ], [ -45.382604, -7.61221449999994 ], [ -45.3820421, -7.61244149999993 ], [ -45.3810033, -7.612896 ], [ -45.3793175, -7.61427629999997 ], [ -45.3773873, -7.61611669999996 ], [ -45.3754084, -7.61783609999998 ], [ -45.3741135, -7.61844149999996 ], [ -45.3733665, -7.61861459999994 ], [ -45.3727259, -7.61853379999997 ], [ -45.3721818, -7.61838379999995 ], [ -45.3715481, -7.61795719999998 ], [ -45.3701311, -7.61669789999996 ], [ -45.368127699999903, -7.61476059999995 ], [ -45.3666373, -7.61296859999993 ], [ -45.3648099, -7.61122039999998 ], [ -45.3627038, -7.60948139999994 ], [ -45.3611157, -7.60773779999994 ], [ -45.3607698, -7.60692069999993 ], [ -45.3601629, -7.60621209999994 ], [ -45.3593078, -7.60548559999995 ], [ -45.3574998, -7.60444429999995 ], [ -45.355125299999898, -7.60239589999998 ], [ -45.3520958, -7.59989189999993 ], [ -45.349534999999896, -7.597494 ], [ -45.3466276, -7.59524169999997 ], [ -45.3453082999999, -7.59444259999998 ], [ -45.342987299999898, -7.59376449999996 ], [ -45.342269499999901, -7.59336319999994 ], [ -45.3417901, -7.59279579999998 ], [ -45.3415213, -7.59168179999995 ], [ -45.3413259, -7.59008339999997 ], [ -45.341057099999901, -7.58843659999997 ], [ -45.340983799999897, -7.58678969999994 ], [ -45.3413015, -7.58480389999994 ], [ -45.341106, -7.58318119999996 ], [ -45.3406907, -7.58175239999997 ], [ -45.3401822, -7.58106559999993 ], [ -45.3393958, -7.58042039999998 ], [ -45.3380326, -7.57978609999998 ], [ -45.336424899999898, -7.57880319999992 ], [ -45.3346804, -7.57765949999998 ], [ -45.332848, -7.57729619999998 ], [ -45.3300872, -7.57664229999995 ], [ -45.328010499999898, -7.57574619999997 ], [ -45.3246634, -7.57511649999998 ], [ -45.321829299999898, -7.57526179999996 ], [ -45.3205344, -7.574947 ], [ -45.318653099999899, -7.574729 ], [ -45.315794599999897, -7.57431729999996 ], [ -45.3140597, -7.57447259999998 ], [ -45.311909699999902, -7.57510229999997 ], [ -45.310142799999902, -7.57573359999998 ], [ -45.3093201, -7.57586729999997 ], [ -45.3087272, -7.57588189999996 ], [ -45.3068036, -7.57579459999994 ], [ -45.3032122, -7.57540709999995 ], [ -45.3010133, -7.57497119999994 ], [ -45.2988389, -7.57523759999998 ], [ -45.297153099999903, -7.57480169999997 ], [ -45.294685399999899, -7.57397819999994 ], [ -45.292364399999897, -7.57276729999995 ], [ -45.2907519, -7.57225869999996 ], [ -45.2897024, -7.57189019999993 ], [ -45.289007599999898, -7.57152249999996 ], [ -45.288494899999897, -7.570983 ], [ -45.2879910999999, -7.57012739999993 ], [ -45.2874292, -7.56867429999994 ], [ -45.286549599999901, -7.56705159999996 ], [ -45.286065, -7.56665439999995 ], [ -45.285396299999903, -7.56642279999994 ], [ -45.2841357, -7.56646119999994 ], [ -45.2823718, -7.56693049999996 ], [ -45.280582799999898, -7.56775439999996 ], [ -45.279665899999898, -7.56772789999997 ], [ -45.278878, -7.56756019999995 ], [ -45.2777786, -7.56722119999995 ], [ -45.276899899999897, -7.56700109999997 ], [ -45.2761611, -7.56689129999995 ], [ -45.2755667, -7.56697149999997 ], [ -45.2749294, -7.56720149999995 ], [ -45.2730144, -7.56806879999993 ], [ -45.2704002, -7.56901339999996 ], [ -45.2675172, -7.57017589999998 ], [ -45.265074, -7.57090239999997 ], [ -45.2630462, -7.57126569999997 ], [ -45.262365499999902, -7.57128729999994 ], [ -45.2621263999999, -7.57124989999994 ], [ -45.2617074, -7.57118429999997 ], [ -45.2610922, -7.57095189999995 ], [ -45.2605983999999, -7.57059759999993 ], [ -45.2596013, -7.56947349999996 ], [ -45.258697299999902, -7.56799619999993 ], [ -45.2582575, -7.56700319999993 ], [ -45.2580621, -7.56547739999996 ], [ -45.2575001, -7.564 ], [ -45.2565961, -7.56303119999995 ], [ -45.2553745, -7.56237729999998 ], [ -45.253786499999897, -7.56155379999996 ], [ -45.2525649, -7.56041549999998 ], [ -45.251612, -7.55927719999994 ], [ -45.249228, -7.55794679999997 ], [ -45.2475075, -7.55707319999993 ], [ -45.2454308, -7.55622549999993 ], [ -45.243929599999902, -7.55540319999994 ], [ -45.2426455, -7.55469969999996 ], [ -45.239982499999897, -7.55295589999997 ], [ -45.2393228, -7.55244729999993 ], [ -45.23837, -7.55210819999996 ], [ -45.237295, -7.55147849999997 ], [ -45.235584699999897, -7.55048539999996 ], [ -45.2333176, -7.54933789999995 ], [ -45.2323263, -7.54907139999995 ], [ -45.231284699999897, -7.54910489999997 ], [ -45.230629899999897, -7.54946819999998 ], [ -45.2300481, -7.55015179999998 ], [ -45.2289388, -7.55180289999993 ], [ -45.2277601, -7.55319989999998 ], [ -45.2268625, -7.55426369999998 ], [ -45.2257142, -7.55595909999994 ], [ -45.224052899999897, -7.55867169999993 ], [ -45.2227336, -7.560803 ], [ -45.222611399999899, -7.56177179999997 ], [ -45.222757999999899, -7.56353979999994 ], [ -45.2229045999999, -7.56569529999996 ], [ -45.222797, -7.56653059999996 ], [ -45.2224648, -7.56741489999996 ], [ -45.2220042, -7.56791579999998 ], [ -45.2212921, -7.56835949999993 ], [ -45.2204462999999, -7.56859889999993 ], [ -45.2194597, -7.56865009999996 ], [ -45.218488799999903, -7.56854479999993 ], [ -45.2174074, -7.56816569999995 ], [ -45.215233, -7.56702739999997 ], [ -45.2136060999999, -7.56558469999993 ], [ -45.2117881, -7.56291009999995 ], [ -45.2103466, -7.56007649999998 ], [ -45.209125, -7.55755759999994 ], [ -45.2083188, -7.55620129999994 ], [ -45.2072926, -7.55532939999995 ], [ -45.2054846999999, -7.55348869999995 ], [ -45.2038477, -7.55167219999993 ], [ -45.2019665, -7.55046119999997 ], [ -45.1993034, -7.54992839999994 ], [ -45.198085299999903, -7.54948639999998 ], [ -45.197031, -7.54896419999994 ], [ -45.1957735, -7.54855739999994 ], [ -45.1948568, -7.54835869999994 ], [ -45.1938592, -7.54835319999995 ], [ -45.1926579, -7.54849389999993 ], [ -45.1910091, -7.54863279999995 ], [ -45.1900681, -7.54852359999995 ], [ -45.189469, -7.54823849999997 ], [ -45.1888954, -7.54767589999994 ], [ -45.187576099999902, -7.54651329999996 ], [ -45.1854749, -7.54484209999993 ], [ -45.1829096, -7.54331619999994 ], [ -45.1810039, -7.54195989999994 ], [ -45.1797579, -7.54036129999997 ], [ -45.1788539, -7.53852059999997 ], [ -45.178121, -7.536268 ], [ -45.1779011, -7.53508119999998 ], [ -45.1772414, -7.53341 ], [ -45.176637399999898, -7.53270979999996 ], [ -45.176093099999903, -7.53224739999996 ], [ -45.175702199999897, -7.53149649999995 ], [ -45.1751259, -7.53020319999996 ], [ -45.1747989, -7.52964429999997 ], [ -45.174163, -7.52902589999997 ], [ -45.1720374, -7.52766959999997 ], [ -45.1692032999999, -7.52619209999995 ], [ -45.1674442, -7.52464189999995 ], [ -45.166076, -7.52299479999994 ], [ -45.163461799999901, -7.51977329999994 ], [ -45.1623207, -7.51880509999995 ], [ -45.1613851, -7.51824739999995 ], [ -45.1594061, -7.51725429999993 ], [ -45.159088499999903, -7.516576 ], [ -45.158502199999901, -7.51555869999993 ], [ -45.157646999999898, -7.51442029999993 ], [ -45.156934099999901, -7.51375339999993 ], [ -45.1563277, -7.51325759999997 ], [ -45.155527999999897, -7.51291449999997 ], [ -45.1546858, -7.51280159999993 ], [ -45.153853599999898, -7.51307759999997 ], [ -45.1529805, -7.51366939999997 ], [ -45.150952699999898, -7.51551029999996 ], [ -45.149462399999898, -7.517448 ], [ -45.1484851, -7.51994289999993 ], [ -45.148004, -7.52070219999996 ], [ -45.1475078, -7.52117819999995 ], [ -45.1468717, -7.52143769999998 ], [ -45.1461641, -7.52154149999996 ], [ -45.1450952, -7.52149769999994 ], [ -45.143989599999898, -7.52154149999996 ], [ -45.1418396, -7.52205019999997 ], [ -45.1406848, -7.52231789999996 ], [ -45.1396136, -7.522403 ], [ -45.138674599999902, -7.52242229999996 ], [ -45.137637299999902, -7.52221969999994 ], [ -45.1360908, -7.52153229999993 ], [ -45.134349299999897, -7.52016129999993 ], [ -45.1324506999999, -7.517969 ], [ -45.1306231, -7.51685519999995 ], [ -45.1287222, -7.515513 ], [ -45.126716299999899, -7.51420229999997 ], [ -45.123462, -7.51312229999996 ], [ -45.1204642, -7.51216349999993 ], [ -45.117156099999903, -7.511376 ], [ -45.113596399999899, -7.51032669999995 ], [ -45.112926699999903, -7.51030159999993 ], [ -45.1123992, -7.51039939999993 ], [ -45.1118225, -7.51062929999995 ], [ -45.1114294, -7.51099679999993 ], [ -45.1109114, -7.511835 ], [ -45.1103118999999, -7.51226389999994 ], [ -45.1098094, -7.51233719999993 ], [ -45.109530199999902, -7.512364 ], [ -45.109262199999897, -7.51226309999993 ], [ -45.1090925, -7.51214539999995 ], [ -45.1090032, -7.51197389999993 ], [ -45.1089787, -7.51139249999994 ], [ -45.1091498, -7.510351 ], [ -45.1088566, -7.509697 ], [ -45.1084777, -7.50913759999997 ], [ -45.1081288, -7.50875539999993 ], [ -45.107802, -7.50846219999994 ], [ -45.1072796999999, -7.50824039999998 ], [ -45.1062424, -7.507953 ], [ -45.1039946, -7.50763809999995 ], [ -45.102528699999901, -7.50671759999994 ], [ -45.0994896, -7.50561339999996 ], [ -45.095981, -7.50451339999995 ], [ -45.0942707, -7.50427109999993 ], [ -45.0920474, -7.50444069999998 ], [ -45.089702, -7.50424689999994 ], [ -45.088915, -7.50390789999994 ], [ -45.0882361, -7.50342329999995 ], [ -45.0855974, -7.50230909999993 ], [ -45.0843087, -7.50215689999993 ], [ -45.083667299999902, -7.502188 ], [ -45.0825781, -7.50258229999997 ], [ -45.08161, -7.50288579999994 ], [ -45.080051399999903, -7.50301159999998 ], [ -45.0775838, -7.50293889999995 ], [ -45.0747497, -7.50313269999998 ], [ -45.071451399999901, -7.50381089999996 ], [ -45.070756699999897, -7.50381529999993 ], [ -45.0694492, -7.50377869999994 ], [ -45.0683423, -7.504049 ], [ -45.0679747, -7.50411349999996 ], [ -45.0676784, -7.50429109999993 ], [ -45.067467, -7.50451659999993 ], [ -45.066907, -7.50540959999995 ], [ -45.066294899999903, -7.50596329999996 ], [ -45.065636599999898, -7.50638809999998 ], [ -45.0652003, -7.50654989999992 ], [ -45.063950799999901, -7.50681449999996 ], [ -45.060237099999902, -7.50737159999994 ], [ -45.057061, -7.50800139999996 ], [ -45.0556195, -7.50853429999995 ], [ -45.0539826, -7.50979389999998 ], [ -45.0513931999999, -7.51209679999994 ], [ -45.0499192, -7.51304839999995 ], [ -45.049604299999899, -7.51318419999996 ], [ -45.0492328, -7.51320979999997 ], [ -45.0488159, -7.51313129999994 ], [ -45.048461, -7.512967 ], [ -45.0471904999999, -7.51226449999996 ], [ -45.044085, -7.51042819999998 ], [ -45.040173799999899, -7.50813479999994 ], [ -45.0369061, -7.50608429999994 ], [ -45.035732, -7.50555489999994 ], [ -45.0330518, -7.50421349999993 ], [ -45.030862399999897, -7.50304949999997 ], [ -45.029426199999897, -7.50245759999996 ], [ -45.025739299999898, -7.50075879999997 ], [ -45.0222456, -7.49901479999994 ], [ -45.020776899999902, -7.49811089999997 ], [ -45.0205109, -7.49785209999993 ], [ -45.0202588, -7.497467 ], [ -45.0200725, -7.49701059999995 ], [ -45.0195825, -7.49639869999993 ], [ -45.0167728, -7.49559929999998 ], [ -45.0119842, -7.49489689999996 ], [ -45.0117235, -7.49487829999993 ], [ -45.0114303, -7.49496609999994 ], [ -45.008808, -7.49605959999997 ], [ -45.006164399999903, -7.49723149999994 ], [ -45.0056748, -7.49736729999995 ], [ -45.0051601, -7.4974 ], [ -45.004811899999901, -7.49734889999996 ], [ -45.004458999999898, -7.49728119999997 ], [ -45.0035826, -7.49685889999995 ], [ -45.002871099999901, -7.49637449999994 ], [ -45.001576199999903, -7.49504219999994 ], [ -44.999678, -7.49295709999996 ], [ -44.9970319, -7.49060939999993 ], [ -44.9954557, -7.488968 ], [ -44.994466499999902, -7.48729069999996 ], [ -44.9927074, -7.48474729999998 ], [ -44.9918867, -7.48394449999995 ], [ -44.9911438, -7.48343919999996 ], [ -44.9893114, -7.48239759999996 ], [ -44.987014799999898, -7.48113789999996 ], [ -44.986417399999901, -7.48100109999996 ], [ -44.9858639, -7.48098059999995 ], [ -44.985329, -7.48101679999996 ], [ -44.9741213, -7.53868669999997 ], [ -44.9734857, -7.54248119999994 ], [ -44.9650649, -7.59275009999993 ], [ -44.923568799999899, -7.83947019999994 ], [ -44.9184127, -7.87003369999996 ], [ -44.939954199999903, -7.86590069999994 ], [ -44.940326599999899, -7.86582929999997 ], [ -45.0558123, -7.84363119999995 ], [ -45.0633136, -7.84218939999994 ], [ -45.082898499999899, -7.83842489999995 ], [ -45.122484, -7.830816 ], [ -45.1310419, -7.83140679999997 ], [ -45.1318891, -7.83146519999997 ], [ -45.1635381, -7.83365009999994 ], [ -45.165039099999902, -7.83128939999995 ], [ -45.181846, -7.80485709999994 ], [ -45.1968941, -7.79135769999993 ], [ -45.197127599999902, -7.79114819999995 ], [ -45.1972019, -7.79108149999996 ], [ -45.200711399999904, -7.78793259999998 ], [ -45.246580299999899, -7.80139479999997 ], [ -45.2698587, -7.84500279999997 ], [ -45.305062899999903, -7.91095159999998 ], [ -45.2317403, -7.95402429999996 ], [ -45.2314067, -7.95422029999997 ], [ -45.2314248, -7.95427319999993 ], [ -45.2330186, -7.95893339999998 ], [ -45.2337241, -7.96419629999997 ], [ -45.234868999999897, -7.96783769999996 ], [ -45.234795899999902, -7.97619389999994 ], [ -45.2351623, -7.98008989999994 ], [ -45.2338162, -7.98387849999995 ], [ -45.236672999999897, -7.98600009999996 ], [ -45.237673, -7.98832289999996 ], [ -45.2376841, -7.98834869999996 ], [ -45.2379986, -7.98907929999996 ], [ -45.239196999999898, -7.99043209999996 ], [ -45.242425899999901, -7.99203939999995 ], [ -45.2509757, -7.99387339999993 ], [ -45.254199, -7.99532489999996 ], [ -45.2574731999999, -7.99744809999993 ], [ -45.2588269, -7.99926289999996 ], [ -45.2588092, -8.000299699999969 ], [ -45.261890299999898, -8.00681089999995 ], [ -45.2811308, -8.02471929999996 ], [ -45.2835428, -8.026964299999969 ], [ -45.2973468, -8.042414599999971 ], [ -45.3007244, -8.04472439999995 ], [ -45.311411, -8.054983399999969 ], [ -45.3155641, -8.05786309999996 ], [ -45.3274494, -8.062390099999959 ], [ -45.3328819, -8.065030099999939 ], [ -45.3379087, -8.06656879999997 ], [ -45.3407169, -8.06806829999994 ], [ -45.345155, -8.071675699999959 ], [ -45.3512807, -8.07491519999996 ], [ -45.3547409, -8.07592739999996 ], [ -45.3590606, -8.074986499999969 ], [ -45.3690309, -8.06942669999995 ], [ -45.3774003999999, -8.06253079999993 ], [ -45.384179399999901, -8.06016569999997 ], [ -45.3845305, -8.060043299999959 ], [ -45.387497499999903, -8.070313799999949 ], [ -45.3876473, -8.07083239999997 ], [ -45.447716699999901, -8.27882879999993 ], [ -45.4264699, -8.350161899999931 ], [ -45.3298697, -8.343611099999981 ], [ -45.3299534, -8.34393039999998 ], [ -45.3527427, -8.430806099999931 ], [ -45.3550802, -8.439716899999951 ], [ -45.405901099999902, -8.632951099999961 ], [ -45.4073688, -8.63203459999994 ], [ -45.4103823, -8.62855909999996 ], [ -45.4153148, -8.62429949999995 ], [ -45.4179389, -8.620639 ], [ -45.4184059, -8.61724389999995 ], [ -45.4204015, -8.6156 ], [ -45.421146899999897, -8.614429399999951 ], [ -45.4213396, -8.612984599999949 ], [ -45.4229511, -8.60894449999995 ], [ -45.4231, -8.608571299999941 ], [ -45.4215699, -8.60628069999996 ], [ -45.4255645, -8.60460029999996 ], [ -45.4264434, -8.60378419999995 ], [ -45.430616799999903, -8.59990879999998 ], [ -45.4317867, -8.595553 ], [ -45.431277099999903, -8.59450149999998 ], [ -45.4314719, -8.59360319999996 ], [ -45.4324902, -8.593095099999969 ], [ -45.436254899999902, -8.594339 ], [ -45.4362525, -8.592074799999979 ], [ -45.4387108, -8.589083799999971 ], [ -45.439696, -8.586742 ], [ -45.4398884, -8.58256589999996 ], [ -45.4409454, -8.582836899999959 ], [ -45.442525799999899, -8.581858 ], [ -45.443502599999903, -8.58177479999995 ], [ -45.445353, -8.57974529999996 ], [ -45.4460652, -8.57785729999995 ], [ -45.4439662999999, -8.577211 ], [ -45.4439874, -8.575871399999929 ], [ -45.4448412, -8.575080499999959 ], [ -45.4472838, -8.574022099999979 ], [ -45.4489718, -8.570965599999971 ], [ -45.4519632, -8.56954159999998 ], [ -45.452164599999897, -8.56805919999994 ], [ -45.4548912, -8.56596649999994 ], [ -45.4557862999999, -8.564506399999971 ], [ -45.456826299999904, -8.563996799999931 ], [ -45.4612949, -8.56423589999997 ], [ -45.462629799999903, -8.56370229999993 ], [ -45.4630273, -8.56266969999996 ], [ -45.462494499999899, -8.561875199999969 ], [ -45.4603718, -8.561562299999929 ], [ -45.4632582, -8.558982599999981 ], [ -45.464292699999902, -8.558998 ], [ -45.4662284, -8.561087199999969 ], [ -45.467593599999901, -8.560419199999959 ], [ -45.468349799999899, -8.558987299999959 ], [ -45.4685006, -8.55578869999994 ], [ -45.4691012, -8.55542159999993 ], [ -45.46965, -8.555421 ], [ -45.4716381, -8.556875199999981 ], [ -45.472734199999898, -8.5569 ], [ -45.4760487, -8.55398239999994 ], [ -45.4782938, -8.55365469999998 ], [ -45.4804917, -8.556331099999969 ], [ -45.481352899999898, -8.556461599999979 ], [ -45.482634399999903, -8.554821 ], [ -45.4882696, -8.551521599999941 ], [ -45.4891057, -8.55211859999997 ], [ -45.492448399999901, -8.55073569999996 ], [ -45.4940511, -8.55146619999994 ], [ -45.4943281, -8.55159249999997 ], [ -45.4953368, -8.551465 ], [ -45.4968527999999, -8.54879869999996 ], [ -45.497374299999898, -8.548429799999949 ], [ -45.500461099999903, -8.548086099999979 ], [ -45.5006974, -8.54657569999995 ], [ -45.501361099999897, -8.546473799999941 ], [ -45.5035427, -8.54761179999997 ], [ -45.504012799999899, -8.54657249999997 ], [ -45.503826699999898, -8.54449 ], [ -45.504325299999898, -8.54396939999998 ], [ -45.507768199999902, -8.544563 ], [ -45.508031199999898, -8.54409539999995 ], [ -45.5074026, -8.541845 ], [ -45.5084077, -8.53408269999994 ], [ -45.5089833, -8.532998299999971 ], [ -45.5113825, -8.530681 ], [ -45.5122183, -8.530600699999979 ], [ -45.513553499999901, -8.532168499999949 ], [ -45.5132154, -8.53323669999997 ], [ -45.513844999999897, -8.535238399999971 ], [ -45.5143164, -8.535446299999929 ], [ -45.516478999999897, -8.531304899999951 ], [ -45.517313499999901, -8.53083709999993 ], [ -45.5192474, -8.531588499999939 ], [ -45.5196099, -8.52933619999993 ], [ -45.519137699999902, -8.52785409999996 ], [ -45.519266899999899, -8.526577399999949 ], [ -45.5197355, -8.526136599999971 ], [ -45.522663099999903, -8.52636629999995 ], [ -45.524598899999901, -8.528055399999969 ], [ -45.5255877, -8.52636149999995 ], [ -45.529398199999903, -8.523482099999971 ], [ -45.5297884, -8.522439199999949 ], [ -45.53052, -8.522180299999951 ], [ -45.5336316, -8.52337209999996 ], [ -45.5344658, -8.523319399999931 ], [ -45.5349629, -8.52261519999996 ], [ -45.5337003, -8.51850609999997 ], [ -45.5350836, -8.516799099999959 ], [ -45.536077, -8.51661559999997 ], [ -45.537962299999897, -8.520256899999939 ], [ -45.5389038, -8.519709 ], [ -45.54013, -8.52025439999994 ], [ -45.5406814, -8.52116279999996 ], [ -45.5414117, -8.520798299999971 ], [ -45.5401524, -8.51731369999993 ], [ -45.5399682, -8.515622199999941 ], [ -45.5402801, -8.51355389999998 ], [ -45.541347, -8.51251029999997 ], [ -45.5437294, -8.515656599999939 ], [ -45.5465239, -8.515782099999971 ], [ -45.548011599999903, -8.514895099999929 ], [ -45.546730899999901, -8.51307529999997 ], [ -45.5467275, -8.51150219999994 ], [ -45.5486064, -8.5096 ], [ -45.549779199999897, -8.509727199999929 ], [ -45.550462099999898, -8.510766399999969 ], [ -45.5505954, -8.51308329999995 ], [ -45.5511969, -8.51336729999997 ], [ -45.5534918, -8.51196079999994 ], [ -45.555658299999898, -8.50995289999997 ], [ -45.560203699999903, -8.509855399999941 ], [ -45.5623947, -8.507640299999929 ], [ -45.5620534, -8.506601299999939 ], [ -45.5599895, -8.505273799999941 ], [ -45.5597663, -8.504850199999961 ], [ -45.559655899999903, -8.50429479999997 ], [ -45.560062699999897, -8.50277879999993 ], [ -45.5610553, -8.50221659999994 ], [ -45.5633791, -8.502630699999941 ], [ -45.563381499999899, -8.50437389999996 ], [ -45.564768399999899, -8.505958899999939 ], [ -45.5660756, -8.50587769999993 ], [ -45.5663916, -8.50769829999996 ], [ -45.5687664, -8.50678639999995 ], [ -45.5692382, -8.50582289999994 ], [ -45.5683988, -8.50487339999995 ], [ -45.5685791, -8.50349469999998 ], [ -45.5672698, -8.50164839999997 ], [ -45.567003, -8.50014739999995 ], [ -45.5674184, -8.499682 ], [ -45.5688895, -8.499092499999961 ], [ -45.570906, -8.500507499999969 ], [ -45.571302, -8.502120399999971 ], [ -45.573732699999901, -8.502875 ], [ -45.5746918, -8.502433799999951 ], [ -45.5751784999999, -8.501161899999939 ], [ -45.574439599999899, -8.49886679999997 ], [ -45.5748067, -8.49724959999998 ], [ -45.577971299999902, -8.495569699999979 ], [ -45.5817469, -8.49448709999996 ], [ -45.5833392, -8.492223099999929 ], [ -45.5839753, -8.49217229999994 ], [ -45.5841286, -8.49383549999993 ], [ -45.586338399999903, -8.49451719999996 ], [ -45.5878109, -8.49360909999996 ], [ -45.5890891, -8.493608599999961 ], [ -45.589870399999903, -8.492775199999929 ], [ -45.5897719, -8.492091199999949 ], [ -45.5913421, -8.491696899999971 ], [ -45.592182799999897, -8.49321029999993 ], [ -45.592280199999898, -8.494778399999969 ], [ -45.594000799999897, -8.49638839999994 ], [ -45.596455999999897, -8.49623859999997 ], [ -45.5991099, -8.49762949999996 ], [ -45.599798899999897, -8.497529699999969 ], [ -45.600236799999898, -8.496697799999939 ], [ -45.601660599999903, -8.49635319999993 ], [ -45.6028428, -8.498993399999961 ], [ -45.604561499999903, -8.498745499999931 ], [ -45.606819599999902, -8.49585559999997 ], [ -45.6089267999999, -8.495582799999969 ], [ -45.6136405, -8.49621129999997 ], [ -45.6185484, -8.49468789999997 ], [ -45.6203183, -8.496299799999971 ], [ -45.6228702, -8.495878 ], [ -45.623796899999903, -8.49196349999994 ], [ -45.6242872, -8.491476299999929 ], [ -45.6265964, -8.491519199999971 ], [ -45.6297751, -8.488099 ], [ -45.631939799999898, -8.48718109999993 ], [ -45.632333, -8.48639829999996 ], [ -45.6311994, -8.48493329999997 ], [ -45.630066499999899, -8.48214729999995 ], [ -45.6315410999999, -8.48150919999995 ], [ -45.6336995, -8.481798399999951 ], [ -45.6383175, -8.483650599999979 ], [ -45.6396409, -8.48298769999997 ], [ -45.6398371, -8.482155899999951 ], [ -45.637279, -8.479568899999951 ], [ -45.6372766, -8.47805179999995 ], [ -45.635996299999903, -8.47590079999998 ], [ -45.635994599999897, -8.474141199999959 ], [ -45.6373685, -8.47232759999997 ], [ -45.639474199999903, -8.470737 ], [ -45.641044099999903, -8.47039079999996 ], [ -45.6429582, -8.468920499999969 ], [ -45.6440347, -8.46686419999997 ], [ -45.643735499999899, -8.465542199999961 ], [ -45.6428033, -8.46476169999994 ], [ -45.6409864, -8.465059799999951 ], [ -45.640786999999897, -8.46378829999998 ], [ -45.6400503, -8.463495199999951 ], [ -45.6403966, -8.462858199999969 ], [ -45.6427012, -8.46180519999996 ], [ -45.644222, -8.462045899999961 ], [ -45.6450063999999, -8.461605099999931 ], [ -45.645791099999897, -8.461651199999951 ], [ -45.647562999999899, -8.46321469999998 ], [ -45.6498695, -8.46291439999993 ], [ -45.6504085, -8.461889299999941 ], [ -45.6496200999999, -8.460716299999939 ], [ -45.650503899999897, -8.460005499999969 ], [ -45.6506979, -8.45927039999998 ], [ -45.649961, -8.45785409999996 ], [ -45.6486849, -8.457807399999981 ], [ -45.649369, -8.456338799999971 ], [ -45.6491682, -8.455458399999941 ], [ -45.6505921, -8.45442779999996 ], [ -45.6525561, -8.454083499999969 ], [ -45.6543179, -8.45129059999994 ], [ -45.655102999999897, -8.4509 ], [ -45.6554457, -8.450972499999979 ], [ -45.655546699999903, -8.451803499999929 ], [ -45.657756999999897, -8.452289499999949 ], [ -45.6579998, -8.451604599999939 ], [ -45.6574079, -8.45003739999993 ], [ -45.6576023, -8.44881709999993 ], [ -45.659707099999899, -8.444607299999969 ], [ -45.6590638, -8.441721599999941 ], [ -45.6598931999999, -8.43974039999995 ], [ -45.659254, -8.438128399999931 ], [ -45.6603837, -8.437342199999931 ], [ -45.6611157, -8.43616539999994 ], [ -45.6626371, -8.43616519999995 ], [ -45.6632279, -8.43724009999994 ], [ -45.6637196, -8.43714119999993 ], [ -45.663865, -8.43591889999993 ], [ -45.6633735999999, -8.43591939999993 ], [ -45.662831099999899, -8.4345 ], [ -45.6613588, -8.43403849999993 ], [ -45.6626793, -8.431982599999969 ], [ -45.6627267, -8.431298 ], [ -45.6617942, -8.431199699999979 ], [ -45.661990199999899, -8.430662299999939 ], [ -45.6642497, -8.429582899999961 ], [ -45.6660596, -8.427574 ], [ -45.6667449, -8.425275499999939 ], [ -45.668018699999898, -8.423951599999951 ], [ -45.6706172, -8.42272539999993 ], [ -45.6735095, -8.420639699999979 ], [ -45.6764487, -8.41755419999993 ], [ -45.6786559, -8.41627839999995 ], [ -45.680174, -8.41397679999994 ], [ -45.6811033, -8.411430899999971 ], [ -45.681885899999898, -8.41106419999994 ], [ -45.6817368, -8.40954749999997 ], [ -45.682080299999903, -8.40886279999995 ], [ -45.6853163, -8.407633499999969 ], [ -45.6875744, -8.40758039999997 ], [ -45.6879218, -8.409633 ], [ -45.6892958, -8.40968139999995 ], [ -45.6897407, -8.410365599999979 ], [ -45.6908703, -8.410754499999941 ], [ -45.6903831, -8.412002799999931 ], [ -45.693075399999898, -8.411900599999971 ], [ -45.692733099999899, -8.410628699999959 ], [ -45.692048699999901, -8.410481 ], [ -45.6920464, -8.409994 ], [ -45.6925366, -8.40979749999997 ], [ -45.693714999999898, -8.40994209999997 ], [ -45.6945974, -8.40945389999996 ], [ -45.6953353, -8.40964559999998 ], [ -45.695437399999904, -8.410477599999981 ], [ -45.6975444999999, -8.410180499999971 ], [ -45.6974446, -8.409542899999961 ], [ -45.6951346, -8.407567499999971 ], [ -45.695475299999899, -8.406589099999961 ], [ -45.694938299999897, -8.406051499999929 ], [ -45.696942299999897, -8.40237949999994 ], [ -45.6973833, -8.401891 ], [ -45.697922499999898, -8.40198819999995 ], [ -45.698169499999899, -8.402622599999971 ], [ -45.6990039, -8.402718799999951 ], [ -45.698760299999897, -8.403452199999951 ], [ -45.6990552, -8.40355059999996 ], [ -45.699787899999897, -8.40203249999996 ], [ -45.699097499999901, -8.40029769999995 ], [ -45.6993436, -8.400003799999981 ], [ -45.7001054999999, -8.400770699999949 ], [ -45.7019392999999, -8.397454 ], [ -45.7055215, -8.39642049999998 ], [ -45.706154, -8.394317599999971 ], [ -45.706744899999897, -8.394463299999931 ], [ -45.707089799999899, -8.395196399999969 ], [ -45.7078261, -8.39512049999996 ], [ -45.707578, -8.39419239999995 ], [ -45.708608899999902, -8.39418969999997 ], [ -45.708657699999897, -8.39360529999993 ] ] ] ] } },
{ "type": "Feature", "properties": { "CD_MUN": "2201150", "NM_MUN": "Baixa Grande do Ribeiro", "CD_RGI": "220018", "NM_RGI": "Uruçuí", "CD_RGINT": "2206", "NM_RGINT": "Floriano", "CD_UF": "22", "NM_UF": "Piauí", "SIGLA_UF": "PI", "CD_REGIAO": "2", "NM_REGIAO": "Nordeste", "SIGLA_RG": "NE", "CD_CONCURB": null, "NM_CONCURB": null, "AREA_KM2": 7808.913 }, "geometry": { "type": "MultiPolygon", "coordinates": [ [ [ [ -45.238394899999903, -9.16140409999997 ], [ -45.2383972, -9.16140539999998 ], [ -45.2405995, -9.162646299999951 ], [ -45.2414161, -9.16411439999996 ], [ -45.2422329, -9.167707 ], [ -45.2439409, -9.17203179999996 ], [ -45.2439419, -9.1735 ], [ -45.245015599999903, -9.17653369999994 ], [ -45.247940099999902, -9.18091009999995 ], [ -45.250184499999897, -9.185516099999971 ], [ -45.2525277, -9.187892599999939 ], [ -45.25495, -9.192520799999951 ], [ -45.2573403, -9.19479839999997 ], [ -45.2591272, -9.19788319999998 ], [ -45.263269599999902, -9.20130359999996 ], [ -45.2638884, -9.20256129999996 ], [ -45.2654161, -9.203724699999951 ], [ -45.2677029, -9.204339199999939 ], [ -45.2767871, -9.213246899999939 ], [ -45.279397699999897, -9.216744299999959 ], [ -45.282732699999897, -9.21874229999997 ], [ -45.2830417, -9.21990419999997 ], [ -45.284059699999901, -9.221068699999931 ], [ -45.287979999999898, -9.223139799999959 ], [ -45.2928957, -9.227517 ], [ -45.2949503, -9.23038669999994 ], [ -45.2988066, -9.232215799999951 ], [ -45.299952899999901, -9.234011199999941 ], [ -45.303111699999903, -9.236184899999961 ], [ -45.3048426, -9.236791499999979 ], [ -45.306303399999898, -9.23875459999994 ], [ -45.3089912, -9.238179499999941 ], [ -45.309654099999896, -9.238430499999939 ], [ -45.309758299999899, -9.240809199999941 ], [ -45.311944299999901, -9.24282279999994 ], [ -45.3318189, -9.23576839999993 ], [ -45.4940511, -9.178184499999929 ], [ -45.511594, -9.17195769999995 ], [ -45.5126131, -9.16907789999993 ], [ -45.513589099999898, -9.168454499999941 ], [ -45.5140938, -9.16744349999993 ], [ -45.5144425, -9.165192299999941 ], [ -45.5151538, -9.164372199999949 ], [ -45.517018999999898, -9.16363349999995 ], [ -45.5193535, -9.15700179999993 ], [ -45.5246979, -9.152215899999931 ], [ -45.5266083, -9.14980569999994 ], [ -45.5286757, -9.148325199999929 ], [ -45.531172899999902, -9.14737089999994 ], [ -45.5322695, -9.14584369999994 ], [ -45.5331207, -9.142084599999979 ], [ -45.5339399, -9.141618499999939 ], [ -45.5341723, -9.14087759999995 ], [ -45.5326876, -9.13940539999993 ], [ -45.531865599999897, -9.137425 ], [ -45.5324414, -9.131963 ], [ -45.531579899999898, -9.12877469999995 ], [ -45.530482199999902, -9.12660179999995 ], [ -45.530480699999899, -9.125668499999961 ], [ -45.5323504, -9.12131459999995 ], [ -45.5319929, -9.118014399999939 ], [ -45.5319397, -9.117897199999961 ], [ -45.5309353, -9.115685 ], [ -45.5289407, -9.11437919999997 ], [ -45.526396599999899, -9.110652899999931 ], [ -45.5277608, -9.10738609999993 ], [ -45.5281846, -9.105132 ], [ -45.529781199999903, -9.10330309999995 ], [ -45.533295, -9.10090079999998 ], [ -45.5340361, -9.09973409999998 ], [ -45.5340328, -9.09798909999995 ], [ -45.53454, -9.097051399999939 ], [ -45.5351651, -9.096973599999959 ], [ -45.5361018, -9.09596069999998 ], [ -45.537816899999903, -9.09315909999998 ], [ -45.5394922, -9.092266 ], [ -45.540741899999901, -9.08940439999998 ], [ -45.5424968, -9.08703039999995 ], [ -45.5419492, -9.085019799999939 ], [ -45.542998699999899, -9.084038 ], [ -45.5452246, -9.083025099999929 ], [ -45.5464807, -9.08154249999995 ], [ -45.549489799999897, -9.07926159999994 ], [ -45.5535401, -9.07712339999995 ], [ -45.5537332, -9.075258499999959 ], [ -45.5543165999999, -9.074208799999949 ], [ -45.555410499999901, -9.07342749999998 ], [ -45.5566939, -9.06989089999996 ], [ -45.559074, -9.06741819999996 ], [ -45.5600477999999, -9.06539659999993 ], [ -45.5589447, -9.060384399999981 ], [ -45.5592177999999, -9.059099299999961 ], [ -45.5620258, -9.05660849999998 ], [ -45.5613987999999, -9.05506489999993 ], [ -45.562717399999897, -9.05296159999995 ], [ -45.5626821, -9.05113529999994 ], [ -45.5609572, -9.046824799999969 ], [ -45.5581771, -9.04239819999998 ], [ -45.5577819, -9.04012339999997 ], [ -45.556452799999903, -9.03883949999994 ], [ -45.5548097, -9.03934429999993 ], [ -45.5525034, -9.03853289999995 ], [ -45.552306, -9.037911 ], [ -45.551367099999901, -9.037679299999979 ], [ -45.5499596, -9.037991799999929 ], [ -45.548629499999898, -9.03744869999997 ], [ -45.5441776, -9.038933699999969 ], [ -45.542182899999901, -9.038567 ], [ -45.5396359, -9.033982899999961 ], [ -45.5372912999999, -9.03375319999998 ], [ -45.5366627, -9.03220509999994 ], [ -45.536972299999903, -9.030332199999981 ], [ -45.532469799999902, -9.026776499999929 ], [ -45.527036, -9.02138849999994 ], [ -45.524921, -9.020260199999941 ], [ -45.5241781, -9.02059139999994 ], [ -45.523042, -9.01919369999996 ], [ -45.5221832, -9.019194699999961 ], [ -45.5220241, -9.01759929999997 ], [ -45.5215057999999, -9.016777699999979 ], [ -45.515567299999901, -9.01205029999994 ], [ -45.515526399999899, -9.01123509999996 ], [ -45.5169708, -9.009734499999981 ], [ -45.516616999999897, -9.008259899999929 ], [ -45.5154044, -9.00744389999994 ], [ -45.5134494, -9.00701909999998 ], [ -45.5126271, -9.006008 ], [ -45.512545499999902, -9.003249399999961 ], [ -45.508563799999898, -9.00076969999998 ], [ -45.506323199999898, -8.997171799999929 ], [ -45.505805199999898, -8.99099079999996 ], [ -45.5042008, -8.989392 ], [ -45.503997599999899, -8.98293279999996 ], [ -45.505166099999897, -8.979806399999971 ], [ -45.503714499999901, -8.975841 ], [ -45.5005419, -8.97172279999995 ], [ -45.497136899999902, -8.96925109999995 ], [ -45.4951404, -8.966492 ], [ -45.4940511, -8.96651319999995 ], [ -45.488729299999903, -8.966617099999951 ], [ -45.4847020999999, -8.965163599999929 ], [ -45.4840354, -8.96426989999998 ], [ -45.4854753, -8.961747399999981 ], [ -45.4855165, -8.960807099999951 ], [ -45.4825039, -8.95976059999998 ], [ -45.4817599, -8.95906109999993 ], [ -45.481200999999899, -8.95547229999994 ], [ -45.478780099999902, -8.95184829999994 ], [ -45.4775374, -8.946428699999959 ], [ -45.477204, -8.945790399999961 ], [ -45.4747857, -8.94348979999995 ], [ -45.4737233, -8.938876 ], [ -45.4706282, -8.93522329999996 ], [ -45.4624923, -8.92801349999996 ], [ -45.4581415, -8.92241249999995 ], [ -45.455122199999899, -8.917279399999931 ], [ -45.4504281, -8.915662499999939 ], [ -45.448629099999899, -8.912987 ], [ -45.4478225, -8.91003159999997 ], [ -45.446820499999902, -8.908117699999931 ], [ -45.444427899999901, -8.90644129999993 ], [ -45.443564599999902, -8.905314 ], [ -45.4426339, -8.904098799999931 ], [ -45.4402039, -8.902501199999961 ], [ -45.437032799999898, -8.899236299999931 ], [ -45.4334104, -8.89780579999996 ], [ -45.4283472, -8.89673519999997 ], [ -45.428054099999898, -8.89627729999995 ], [ -45.4275261, -8.89545249999998 ], [ -45.4252865999999, -8.887245 ], [ -45.424773899999899, -8.88339209999998 ], [ -45.424227099999896, -8.88274279999996 ], [ -45.4201067, -8.882158 ], [ -45.4170621, -8.88072089999997 ], [ -45.4150278, -8.877729899999959 ], [ -45.413109899999903, -8.87606089999997 ], [ -45.412638899999898, -8.87489349999993 ], [ -45.4106461, -8.872738 ], [ -45.409152999999897, -8.871958 ], [ -45.405862899999903, -8.872114 ], [ -45.4017971, -8.87009559999996 ], [ -45.4002727, -8.865766399999931 ], [ -45.398157599999898, -8.864169899999981 ], [ -45.397647699999901, -8.862455199999941 ], [ -45.3997105, -8.85626029999997 ], [ -45.3989701, -8.854016199999929 ], [ -45.3942681, -8.851296499999931 ], [ -45.394189, -8.85032329999996 ], [ -45.395046599999901, -8.847792599999931 ], [ -45.394928499999899, -8.84607879999993 ], [ -45.394652999999899, -8.84459929999997 ], [ -45.3924982, -8.84101629999998 ], [ -45.3927280999999, -8.83705629999997 ], [ -45.3914371, -8.83035329999996 ], [ -45.391779799999902, -8.828411099999929 ], [ -45.3910768, -8.82409719999993 ], [ -45.3924741, -8.81939 ], [ -45.3921149, -8.811634799999981 ], [ -45.3930559, -8.810975399999959 ], [ -45.394894099999902, -8.81141239999994 ], [ -45.395636, -8.810515 ], [ -45.3962215, -8.808490599999971 ], [ -45.3943793, -8.80669849999998 ], [ -45.3974686, -8.80334609999994 ], [ -45.3987134, -8.797949099999929 ], [ -45.398595999999898, -8.796898099999961 ], [ -45.396401899999901, -8.79471879999994 ], [ -45.3943661, -8.79351359999993 ], [ -45.3923283, -8.789621299999959 ], [ -45.3926036, -8.786343 ], [ -45.3954524, -8.784291899999969 ], [ -45.3980703, -8.78004219999997 ], [ -45.3966978, -8.77618729999995 ], [ -45.3951693, -8.773614299999959 ], [ -45.3937562999999, -8.76817539999996 ], [ -45.3942216, -8.76665449999996 ], [ -45.3959032, -8.764782699999961 ], [ -45.3961123999999, -8.762306099999931 ], [ -45.3958567, -8.75858919999996 ], [ -45.393391999999899, -8.757379799999971 ], [ -45.3926842, -8.756105399999971 ], [ -45.391935299999901, -8.75154639999994 ], [ -45.394202999999898, -8.749283399999969 ], [ -45.394317, -8.74573309999994 ], [ -45.395375, -8.744323 ], [ -45.397795099999897, -8.73880389999994 ], [ -45.3950161, -8.738730699999961 ], [ -45.3947405, -8.738146699999961 ], [ -45.3953281, -8.734707199999949 ], [ -45.3966907, -8.73112589999994 ], [ -45.396571799999897, -8.730210899999969 ], [ -45.394849099999902, -8.729744699999969 ], [ -45.3942183, -8.726315399999979 ], [ -45.391831599999897, -8.723976499999941 ], [ -45.3912187, -8.722490499999941 ], [ -45.394792299999899, -8.714630399999979 ], [ -45.3924076, -8.71338819999994 ], [ -45.392162599999899, -8.709066899999931 ], [ -45.3890681, -8.70703339999994 ], [ -45.390747, -8.70359859999996 ], [ -45.3909012, -8.70041239999995 ], [ -45.3897239, -8.69690749999995 ], [ -45.388969599999903, -8.696585699999959 ], [ -45.3861942999999, -8.693087099999961 ], [ -45.381404599999897, -8.682961299999929 ], [ -45.3830841, -8.679840499999949 ], [ -45.3826117, -8.677618 ], [ -45.3848814, -8.67515619999995 ], [ -45.3853889, -8.673751599999949 ], [ -45.3858145, -8.667405099999939 ], [ -45.3874529, -8.661471199999941 ], [ -45.3852319, -8.657817 ], [ -45.385219699999901, -8.657659099999931 ], [ -45.3852052, -8.65747119999997 ], [ -45.385097599999902, -8.65610209999994 ], [ -45.386536099999901, -8.65436129999995 ], [ -45.389202399999903, -8.65278379999995 ], [ -45.391243599999903, -8.65012529999996 ], [ -45.3951498, -8.647455399999959 ], [ -45.3961331, -8.64527059999995 ], [ -45.3966414, -8.641438299999949 ], [ -45.3984422999999, -8.640616899999941 ], [ -45.3990688, -8.63929 ], [ -45.401692599999897, -8.63761019999993 ], [ -45.405741599999899, -8.633010199999941 ], [ -45.405901099999902, -8.632951099999961 ], [ -45.3550802, -8.439716899999951 ], [ -45.3527427, -8.430806099999931 ], [ -45.3299534, -8.34393039999998 ], [ -45.3298697, -8.343611099999981 ], [ -45.4264699, -8.350161899999931 ], [ -45.447716699999901, -8.27882879999993 ], [ -45.3876473, -8.07083239999997 ], [ -45.387497499999903, -8.070313799999949 ], [ -45.3845305, -8.060043299999959 ], [ -45.384179399999901, -8.06016569999997 ], [ -45.3774003999999, -8.06253079999993 ], [ -45.3690309, -8.06942669999995 ], [ -45.3590606, -8.074986499999969 ], [ -45.3547409, -8.07592739999996 ], [ -45.3512807, -8.07491519999996 ], [ -45.345155, -8.071675699999959 ], [ -45.3407169, -8.06806829999994 ], [ -45.3379087, -8.06656879999997 ], [ -45.3328819, -8.065030099999939 ], [ -45.3274494, -8.062390099999959 ], [ -45.3155641, -8.05786309999996 ], [ -45.311411, -8.054983399999969 ], [ -45.3007244, -8.04472439999995 ], [ -45.2973468, -8.042414599999971 ], [ -45.2835428, -8.026964299999969 ], [ -45.2811308, -8.02471929999996 ], [ -45.261890299999898, -8.00681089999995 ], [ -45.2588092, -8.000299699999969 ], [ -45.2588269, -7.99926289999996 ], [ -45.2574731999999, -7.99744809999993 ], [ -45.254199, -7.99532489999996 ], [ -45.2509757, -7.99387339999993 ], [ -45.242425899999901, -7.99203939999995 ], [ -45.239196999999898, -7.99043209999996 ], [ -45.2379986, -7.98907929999996 ], [ -45.2376841, -7.98834869999996 ], [ -45.237673, -7.98832289999996 ], [ -45.236672999999897, -7.98600009999996 ], [ -45.2338162, -7.98387849999995 ], [ -45.2351623, -7.98008989999994 ], [ -45.234795899999902, -7.97619389999994 ], [ -45.234868999999897, -7.96783769999996 ], [ -45.2337241, -7.96419629999997 ], [ -45.2330186, -7.95893339999998 ], [ -45.2314248, -7.95427319999993 ], [ -45.2314067, -7.95422029999997 ], [ -45.2317403, -7.95402429999996 ], [ -45.305062899999903, -7.91095159999998 ], [ -45.2698587, -7.84500279999997 ], [ -45.246580299999899, -7.80139479999997 ], [ -45.200711399999904, -7.78793259999998 ], [ -45.1972019, -7.79108149999996 ], [ -45.197127599999902, -7.79114819999995 ], [ -45.1968941, -7.79135769999993 ], [ -45.181846, -7.80485709999994 ], [ -45.165039099999902, -7.83128939999995 ], [ -45.1635381, -7.83365009999994 ], [ -45.1318891, -7.83146519999997 ], [ -45.1310419, -7.83140679999997 ], [ -45.122484, -7.830816 ], [ -45.082898499999899, -7.83842489999995 ], [ -45.0633136, -7.84218939999994 ], [ -45.0558123, -7.84363119999995 ], [ -44.940326599999899, -7.86582929999997 ], [ -44.939954199999903, -7.86590069999994 ], [ -44.9184127, -7.87003369999996 ], [ -44.8533241, -8.22723 ], [ -44.853313399999898, -8.22728859999995 ], [ -44.853245399999899, -8.22766169999994 ], [ -44.846793499999897, -8.262923299999949 ], [ -44.8433226, -8.26451139999995 ], [ -44.842059999999897, -8.26508619999993 ], [ -44.8423528, -8.26530959999997 ], [ -44.8422073, -8.265868099999979 ], [ -44.8419916, -8.266042699999961 ], [ -44.8427485, -8.26656539999993 ], [ -44.8427488, -8.26698339999996 ], [ -44.8421714999999, -8.267716099999969 ], [ -44.842171199999903, -8.267926 ], [ -44.8438669, -8.26782149999997 ], [ -44.8437228, -8.26858989999994 ], [ -44.8431442, -8.26883319999996 ], [ -44.843000399999902, -8.269356 ], [ -44.843721199999898, -8.27096039999998 ], [ -44.844331399999902, -8.27158149999997 ], [ -44.844838099999897, -8.271659099999971 ], [ -44.8451623, -8.272394399999939 ], [ -44.8443702, -8.27584559999997 ], [ -44.843862499999901, -8.27678619999995 ], [ -44.8441149, -8.27744929999994 ], [ -44.8445108, -8.27791559999997 ], [ -44.8444382, -8.278615099999969 ], [ -44.843283799999902, -8.28077539999992 ], [ -44.8426344, -8.281369899999961 ], [ -44.841839999999898, -8.281717199999949 ], [ -44.8416247, -8.28234559999993 ], [ -44.8416248, -8.28272959999993 ], [ -44.842128499999902, -8.28332249999994 ], [ -44.8428147, -8.283566699999939 ], [ -44.8431744, -8.283950899999979 ], [ -44.843313899999899, -8.28462479999996 ], [ -44.843029999999899, -8.285275799999971 ], [ -44.842273299999903, -8.286301 ], [ -44.8422717, -8.28703419999994 ], [ -44.8426683, -8.287626499999931 ], [ -44.843641499999897, -8.288605099999931 ], [ -44.843605099999898, -8.28923129999993 ], [ -44.8426314, -8.29010419999997 ], [ -44.8425941, -8.290765199999949 ], [ -44.8433515, -8.29149869999998 ], [ -44.843386199999898, -8.29223189999993 ], [ -44.842954399999897, -8.292719599999939 ], [ -44.842702, -8.29376959999996 ], [ -44.8429904, -8.294327199999939 ], [ -44.843277699999902, -8.29614149999998 ], [ -44.843890499999901, -8.296804799999959 ], [ -44.8455499, -8.29767839999994 ], [ -44.845802299999903, -8.29799139999994 ], [ -44.845909499999898, -8.29899959999995 ], [ -44.8453688, -8.299212399999931 ], [ -44.844971, -8.298828199999949 ], [ -44.8447561, -8.298269599999969 ], [ -44.8444671, -8.29816569999997 ], [ -44.844070299999899, -8.298165599999949 ], [ -44.8438184, -8.298688599999929 ], [ -44.8450768, -8.299976599999979 ], [ -44.845295899999897, -8.30046749999997 ], [ -44.845296, -8.301165 ], [ -44.845655899999898, -8.30196719999998 ], [ -44.844970499999903, -8.302700199999951 ], [ -44.8451507, -8.30322319999993 ], [ -44.845656, -8.30371159999993 ], [ -44.8456548, -8.304269 ], [ -44.8453509, -8.304760499999929 ], [ -44.8436715, -8.305365399999969 ], [ -44.8435995, -8.30560849999995 ], [ -44.844499599999899, -8.306375599999971 ], [ -44.844644699999897, -8.306654 ], [ -44.8445364, -8.30724819999995 ], [ -44.8434946, -8.30846339999994 ], [ -44.843633699999899, -8.308922099999959 ], [ -44.8443182, -8.30955039999998 ], [ -44.8443544, -8.309828099999949 ], [ -44.8442102, -8.31028389999994 ], [ -44.8437417, -8.31094489999998 ], [ -44.843704199999898, -8.31223469999998 ], [ -44.8435234, -8.31270489999997 ], [ -44.842371199999903, -8.31308869999998 ], [ -44.842371199999903, -8.31378709999996 ], [ -44.8422251, -8.31413569999995 ], [ -44.8417205, -8.314241199999969 ], [ -44.841251199999903, -8.31396169999994 ], [ -44.8408903, -8.313472099999959 ], [ -44.8404217, -8.313439099999931 ], [ -44.8395917, -8.31409989999997 ], [ -44.8390494, -8.315425599999971 ], [ -44.8382568, -8.31615779999993 ], [ -44.8378597, -8.31640329999993 ], [ -44.8368854, -8.31640079999994 ], [ -44.835873999999897, -8.317169099999941 ], [ -44.834755399999899, -8.318947 ], [ -44.8339989, -8.31856349999993 ], [ -44.8334935, -8.318702099999941 ], [ -44.833601299999899, -8.32033989999996 ], [ -44.833384099999897, -8.32061989999994 ], [ -44.8327366, -8.320235399999939 ], [ -44.8325902, -8.31946839999995 ], [ -44.8320145, -8.31946689999995 ], [ -44.8317623, -8.31992289999994 ], [ -44.8317622, -8.32058559999996 ], [ -44.832049599999898, -8.32145669999994 ], [ -44.833707699999898, -8.323934599999969 ], [ -44.833599, -8.32435189999995 ], [ -44.8318321, -8.324457299999951 ], [ -44.8307495, -8.32504889999996 ], [ -44.8306047, -8.325259 ], [ -44.8312167, -8.326303699999929 ], [ -44.831110399999901, -8.327003299999941 ], [ -44.830352199999901, -8.327351299999981 ], [ -44.829520499999902, -8.32668829999994 ], [ -44.828908899999902, -8.32651449999997 ], [ -44.8288004999999, -8.327072099999951 ], [ -44.8281871, -8.327245599999969 ], [ -44.828185899999902, -8.327490299999971 ], [ -44.828583599999902, -8.328188 ], [ -44.828403, -8.32857059999998 ], [ -44.8279707, -8.328571499999949 ], [ -44.8272501, -8.327628 ], [ -44.826527499999898, -8.327384599999959 ], [ -44.8261309, -8.32783819999997 ], [ -44.826383899999897, -8.32839679999995 ], [ -44.8270683, -8.32864109999997 ], [ -44.8272489, -8.32895339999993 ], [ -44.827031599999899, -8.32923419999997 ], [ -44.825806199999903, -8.32905979999992 ], [ -44.8246149, -8.33010169999994 ], [ -44.824146, -8.32965069999995 ], [ -44.8241457, -8.32916209999996 ], [ -44.8236052, -8.329092599999971 ], [ -44.823497099999898, -8.33013779999993 ], [ -44.823677099999898, -8.330592 ], [ -44.8235316, -8.330871799999951 ], [ -44.823062999999898, -8.33122019999996 ], [ -44.8230260999999, -8.331707899999969 ], [ -44.823783299999903, -8.331986899999951 ], [ -44.8236042999999, -8.33233649999994 ], [ -44.8219806, -8.332685199999959 ], [ -44.8216561999999, -8.33327619999994 ], [ -44.8216556, -8.333764699999961 ], [ -44.8220524, -8.334114099999971 ], [ -44.8223766, -8.334151 ], [ -44.8224119, -8.33446349999997 ], [ -44.8213666, -8.334779 ], [ -44.821149299999902, -8.335405499999981 ], [ -44.821113399999902, -8.335928 ], [ -44.821799199999901, -8.336347399999971 ], [ -44.8223043, -8.336417 ], [ -44.8222979, -8.33680349999997 ], [ -44.819527999999899, -8.33812369999993 ], [ -44.8191277, -8.338543299999969 ], [ -44.8191641, -8.33896209999995 ], [ -44.820066499999903, -8.33959089999996 ], [ -44.8212199, -8.339277 ], [ -44.8215445, -8.33945139999997 ], [ -44.8216533, -8.34007909999997 ], [ -44.8215084, -8.34060269999998 ], [ -44.820895499999899, -8.34136929999994 ], [ -44.821506999999897, -8.34220589999995 ], [ -44.821435199999897, -8.342555199999939 ], [ -44.821075, -8.342693499999941 ], [ -44.8207499, -8.342345799999981 ], [ -44.8204267, -8.34234549999996 ], [ -44.8202097, -8.342764799999941 ], [ -44.820209299999902, -8.34332209999997 ], [ -44.820784699999898, -8.343916699999969 ], [ -44.8197686, -8.344221199999939 ], [ -44.819666799999901, -8.344611 ], [ -44.819701699999897, -8.344751099999939 ], [ -44.8204946, -8.345206 ], [ -44.8204224, -8.34537939999996 ], [ -44.818871699999903, -8.345868199999931 ], [ -44.8185827, -8.34653049999997 ], [ -44.8186186, -8.34670549999993 ], [ -44.819086599999899, -8.34684479999993 ], [ -44.8198454, -8.34740249999993 ], [ -44.819879699999902, -8.348066 ], [ -44.8196288, -8.348694399999941 ], [ -44.819592, -8.34960009999998 ], [ -44.8210716, -8.350089399999939 ], [ -44.8213587, -8.35050949999993 ], [ -44.821359399999899, -8.350787299999981 ], [ -44.820708599999897, -8.35131 ], [ -44.8202764, -8.35130909999998 ], [ -44.820096099999901, -8.35113619999993 ], [ -44.819843799999902, -8.35155369999995 ], [ -44.8200957, -8.35207749999995 ], [ -44.8207439, -8.352356699999969 ], [ -44.8211052999999, -8.352356899999959 ], [ -44.8213582, -8.35326389999994 ], [ -44.821140199999903, -8.353612599999961 ], [ -44.820275, -8.35371779999997 ], [ -44.819842499999901, -8.353960699999959 ], [ -44.8196253999999, -8.35430849999995 ], [ -44.8198062, -8.354728799999981 ], [ -44.8193725, -8.354867199999941 ], [ -44.8193008, -8.35528619999997 ], [ -44.8195173, -8.355775199999931 ], [ -44.8187584, -8.356647399999931 ], [ -44.8190102, -8.357483799999949 ], [ -44.8184701, -8.357971499999961 ], [ -44.8182528, -8.35856319999994 ], [ -44.8190116, -8.358809199999939 ], [ -44.8202, -8.35867029999997 ], [ -44.820308899999901, -8.359366699999949 ], [ -44.820200199999903, -8.359856399999961 ], [ -44.8191545, -8.36041379999995 ], [ -44.818685, -8.36041289999997 ], [ -44.8181797, -8.35989039999993 ], [ -44.8176758, -8.36030849999997 ], [ -44.8182527, -8.361180899999971 ], [ -44.818395699999897, -8.361704 ], [ -44.818395199999898, -8.36299359999998 ], [ -44.8181784, -8.363482599999941 ], [ -44.8174931, -8.363621399999939 ], [ -44.817096799999902, -8.363447 ], [ -44.8168439, -8.36365649999993 ], [ -44.816843999999897, -8.36407539999993 ], [ -44.817420599999899, -8.364807599999949 ], [ -44.8174918, -8.36533169999996 ], [ -44.8164092, -8.36602849999997 ], [ -44.8162656, -8.366341299999929 ], [ -44.816481399999901, -8.36662139999993 ], [ -44.8175272, -8.36679539999994 ], [ -44.8177077, -8.367110399999939 ], [ -44.817455, -8.368505899999951 ], [ -44.8182482, -8.36868039999996 ], [ -44.8182843, -8.368959 ], [ -44.817742699999897, -8.369168 ], [ -44.8176111, -8.369433799999969 ], [ -44.8177784, -8.369692199999969 ], [ -44.8184275, -8.36993569999993 ], [ -44.8187164, -8.370389799999939 ], [ -44.818067, -8.370702699999979 ], [ -44.8172008, -8.370807 ], [ -44.8167673, -8.37105249999996 ], [ -44.8166601, -8.371398299999949 ], [ -44.818066, -8.372202199999951 ], [ -44.8175977, -8.372691599999939 ], [ -44.816478199999899, -8.37317769999993 ], [ -44.8171123, -8.373860299999929 ], [ -44.8175974, -8.37408579999993 ], [ -44.8173067, -8.374434599999971 ], [ -44.8161901, -8.37460809999993 ], [ -44.8161746, -8.374653 ], [ -44.8159626, -8.37526609999998 ], [ -44.8157358, -8.37592219999993 ], [ -44.815466699999902, -8.376701 ], [ -44.8155743, -8.377259 ], [ -44.814961, -8.377887099999951 ], [ -44.8150333, -8.378130799999949 ], [ -44.815429799999897, -8.378375699999941 ], [ -44.8155378, -8.37872469999996 ], [ -44.8148161, -8.37924759999993 ], [ -44.814274699999899, -8.379176199999961 ], [ -44.8139499, -8.37935449999998 ], [ -44.8138086, -8.379801399999961 ], [ -44.813732899999899, -8.380813299999939 ], [ -44.8152802, -8.38151419999997 ], [ -44.8152835, -8.38179479999997 ], [ -44.814045899999897, -8.38243879999993 ], [ -44.813948599999897, -8.38259469999997 ], [ -44.815066499999901, -8.382560499999951 ], [ -44.8152115, -8.382805899999941 ], [ -44.8147784, -8.38322369999997 ], [ -44.814777999999897, -8.38346759999996 ], [ -44.816220799999897, -8.38371329999995 ], [ -44.8166171, -8.38423679999994 ], [ -44.816508499999898, -8.384759499999969 ], [ -44.8149577, -8.38531689999996 ], [ -44.814957299999897, -8.385909899999939 ], [ -44.815646399999899, -8.38584269999996 ], [ -44.8161833999999, -8.38556119999993 ], [ -44.8163274999999, -8.385804699999939 ], [ -44.816291, -8.386120099999969 ], [ -44.815859499999902, -8.38685139999995 ], [ -44.8166163, -8.38657319999993 ], [ -44.817084899999898, -8.386574199999931 ], [ -44.8171211, -8.386887599999969 ], [ -44.816435199999901, -8.387583599999971 ], [ -44.816435, -8.38789889999993 ], [ -44.816796699999898, -8.387968899999979 ], [ -44.8169401, -8.388664299999959 ], [ -44.8174443, -8.38915459999993 ], [ -44.8173007, -8.38946749999997 ], [ -44.816578999999898, -8.39002789999995 ], [ -44.8165435, -8.390375399999931 ], [ -44.8168305, -8.39075889999998 ], [ -44.8168302999999, -8.39126519999996 ], [ -44.8176243999999, -8.390828899999971 ], [ -44.818021499999901, -8.390898799999951 ], [ -44.8180939, -8.39117819999996 ], [ -44.818019799999902, -8.391735599999951 ], [ -44.8172992, -8.39271309999998 ], [ -44.815819599999898, -8.393059499999939 ], [ -44.815242, -8.39344449999993 ], [ -44.8153148, -8.393898099999941 ], [ -44.8156382, -8.39431549999995 ], [ -44.8168276, -8.394944899999929 ], [ -44.816901099999903, -8.395328799999961 ], [ -44.816465799999897, -8.396758499999979 ], [ -44.8164681, -8.39773469999994 ], [ -44.8176922, -8.398049599999981 ], [ -44.8172236999999, -8.39850319999994 ], [ -44.8175127, -8.398573299999949 ], [ -44.817693399999897, -8.398957 ], [ -44.8176563, -8.399374199999951 ], [ -44.8169348, -8.39965409999996 ], [ -44.816790899999901, -8.400247399999961 ], [ -44.817079099999901, -8.40035139999998 ], [ -44.8178004, -8.400037499999939 ], [ -44.8181964, -8.39965449999994 ], [ -44.818558799999899, -8.399654 ], [ -44.8188101, -8.39996969999993 ], [ -44.818810799999902, -8.400247399999961 ], [ -44.8184497, -8.40115369999995 ], [ -44.8186651, -8.40122379999997 ], [ -44.819387699999901, -8.400701 ], [ -44.819712099999897, -8.400771 ], [ -44.8197127, -8.40101579999993 ], [ -44.819026999999899, -8.401818099999961 ], [ -44.8190987999999, -8.40223589999994 ], [ -44.8193858, -8.40261939999994 ], [ -44.820180299999897, -8.402898499999941 ], [ -44.821119199999899, -8.40279419999996 ], [ -44.821299199999899, -8.402899299999939 ], [ -44.821478899999903, -8.40397959999996 ], [ -44.8225241, -8.40433059999998 ], [ -44.8226314999999, -8.404818899999951 ], [ -44.822201499999899, -8.40541189999993 ], [ -44.822128, -8.40583 ], [ -44.8222347, -8.40603959999993 ], [ -44.821694599999901, -8.40633529999997 ], [ -44.8221849, -8.406878 ], [ -44.822776, -8.40699969999997 ], [ -44.822811, -8.40720769999996 ], [ -44.8226662, -8.407417 ], [ -44.8217299, -8.407486499999949 ], [ -44.821729499999897, -8.408462699999969 ], [ -44.822774799999898, -8.408811 ], [ -44.8230991, -8.408463 ], [ -44.8235691, -8.408255 ], [ -44.8237859, -8.408533299999929 ], [ -44.8237136, -8.40905679999997 ], [ -44.823496799999901, -8.409233099999939 ], [ -44.822594299999899, -8.40929979999993 ], [ -44.8233159, -8.41031229999993 ], [ -44.823639699999902, -8.41052339999993 ], [ -44.823351499999902, -8.41153229999998 ], [ -44.823603499999898, -8.41174169999994 ], [ -44.824110399999903, -8.411776599999939 ], [ -44.8247598, -8.41135929999996 ], [ -44.8249764, -8.411568799999939 ], [ -44.824975299999899, -8.41188409999995 ], [ -44.8240729, -8.412476899999939 ], [ -44.823927599999898, -8.41285849999997 ], [ -44.8243251, -8.41348749999997 ], [ -44.825551, -8.41380149999998 ], [ -44.825984199999901, -8.41415089999998 ], [ -44.8255157, -8.41460359999996 ], [ -44.8249382, -8.41467339999997 ], [ -44.825802, -8.41589369999997 ], [ -44.826018, -8.416592599999939 ], [ -44.825536199999902, -8.418634 ], [ -44.826342, -8.41851409999998 ], [ -44.8263161, -8.41891539999995 ], [ -44.8258425, -8.41927609999993 ], [ -44.8257623, -8.419672599999959 ], [ -44.8261262, -8.41995069999996 ], [ -44.8266666, -8.419763099999949 ], [ -44.826757299999898, -8.419884899999939 ], [ -44.826459199999903, -8.42034869999998 ], [ -44.826455199999899, -8.420631699999941 ], [ -44.8266843, -8.42081379999996 ], [ -44.827942, -8.420981299999941 ], [ -44.827929599999898, -8.42119709999997 ], [ -44.827192, -8.42185 ], [ -44.827474499999902, -8.42238259999993 ], [ -44.8277744, -8.42268239999993 ], [ -44.8275755, -8.423638899999959 ], [ -44.827645, -8.42396109999993 ], [ -44.8281267, -8.424027599999929 ], [ -44.828505999999898, -8.423813099999959 ], [ -44.8291336999999, -8.423808799999961 ], [ -44.8293050999999, -8.42416459999993 ], [ -44.829259599999901, -8.42447439999995 ], [ -44.828625299999899, -8.42460359999995 ], [ -44.828350699999902, -8.424919699999981 ], [ -44.828763, -8.425343599999961 ], [ -44.8288051, -8.425597299999939 ], [ -44.828395, -8.42573259999995 ], [ -44.8273105, -8.42573259999995 ], [ -44.8270825, -8.426001499999931 ], [ -44.827571299999903, -8.426605799999949 ], [ -44.8277196, -8.426787 ], [ -44.8274526, -8.427128299999939 ], [ -44.8274527, -8.427582 ], [ -44.827717999999898, -8.42777029999996 ], [ -44.8285926, -8.42754489999993 ], [ -44.8287443, -8.42735539999995 ], [ -44.829161199999902, -8.427507099999961 ], [ -44.829085899999903, -8.42792419999995 ], [ -44.8286691, -8.42830129999993 ], [ -44.8290082, -8.429703399999941 ], [ -44.828286299999903, -8.430308399999941 ], [ -44.8278316, -8.43204669999994 ], [ -44.8273356999999, -8.43250319999993 ], [ -44.827127899999901, -8.43318519999997 ], [ -44.827355, -8.433527199999959 ], [ -44.8276956999999, -8.43360119999994 ], [ -44.8280399, -8.43337509999998 ], [ -44.828495599999897, -8.43204949999995 ], [ -44.8289417, -8.43166049999996 ], [ -44.829331099999898, -8.431596299999971 ], [ -44.8292541, -8.432352799999929 ], [ -44.8294066999999, -8.43258049999997 ], [ -44.8300144, -8.432618599999961 ], [ -44.8307364, -8.432429 ], [ -44.8310026, -8.432544099999969 ], [ -44.831116199999897, -8.432997799999949 ], [ -44.8305842, -8.43375359999993 ], [ -44.8309068, -8.43477659999996 ], [ -44.830411899999902, -8.435533299999969 ], [ -44.830678099999901, -8.435836799999951 ], [ -44.831362199999901, -8.436290299999939 ], [ -44.8325022, -8.436176399999971 ], [ -44.833070899999903, -8.436934399999929 ], [ -44.8336787, -8.43742719999995 ], [ -44.834932099999897, -8.437239 ], [ -44.835389899999903, -8.43735229999993 ], [ -44.835505399999903, -8.43761759999995 ], [ -44.8353129, -8.437958799999929 ], [ -44.8346299, -8.438146699999949 ], [ -44.834457299999897, -8.43848839999993 ], [ -44.834573599999899, -8.43879289999995 ], [ -44.8356737, -8.43905679999995 ], [ -44.8355212, -8.43935959999993 ], [ -44.834266899999903, -8.439774599999961 ], [ -44.8341162, -8.44045619999997 ], [ -44.8344188, -8.440758799999969 ], [ -44.8354442, -8.440608299999949 ], [ -44.835785799999897, -8.440949299999939 ], [ -44.8346079, -8.44147769999995 ], [ -44.8343417, -8.44170639999993 ], [ -44.8342656, -8.442577299999931 ], [ -44.8336007, -8.44276649999995 ], [ -44.833221099999903, -8.443068499999979 ], [ -44.833221299999899, -8.44359729999996 ], [ -44.834627399999903, -8.443863799999971 ], [ -44.8350435, -8.44435659999994 ], [ -44.835119, -8.444847799999931 ], [ -44.8347014, -8.44587069999994 ], [ -44.8353465, -8.446892199999979 ], [ -44.835005099999897, -8.447422899999941 ], [ -44.8344728, -8.447800899999949 ], [ -44.8343586, -8.44855739999997 ], [ -44.835174299999899, -8.448822799999959 ], [ -44.8351362, -8.449315 ], [ -44.8347957, -8.44965629999996 ], [ -44.834832999999897, -8.450149299999961 ], [ -44.835211899999898, -8.45071629999995 ], [ -44.835364599999899, -8.451322699999929 ], [ -44.8352512, -8.45234369999997 ], [ -44.835364, -8.452683 ], [ -44.836541699999898, -8.45403569999996 ], [ -44.8366154, -8.456507899999959 ], [ -44.8373194, -8.456584899999941 ], [ -44.837545599999899, -8.45616679999995 ], [ -44.8380405, -8.455943299999941 ], [ -44.8384584, -8.456055699999981 ], [ -44.838458499999902, -8.456587199999939 ], [ -44.8376593999999, -8.457719099999959 ], [ -44.837603999999899, -8.458326099999971 ], [ -44.8378503, -8.459007 ], [ -44.8394066, -8.460409599999929 ], [ -44.8393303, -8.460599 ], [ -44.838836199999903, -8.46078759999995 ], [ -44.8380759, -8.46059849999995 ], [ -44.8374118999999, -8.460823399999979 ], [ -44.8375255, -8.46131729999996 ], [ -44.8380579, -8.461847699999961 ], [ -44.838246899999902, -8.462681799999929 ], [ -44.838664, -8.46298349999995 ], [ -44.839159, -8.463097699999929 ], [ -44.8393862, -8.463286899999961 ], [ -44.8394625, -8.463666499999929 ], [ -44.8393854, -8.464083599999981 ], [ -44.838057499999898, -8.46487639999998 ], [ -44.838093, -8.46552029999998 ], [ -44.8382721, -8.465629 ], [ -44.838778799999901, -8.465557599999951 ], [ -44.8393465, -8.465066099999939 ], [ -44.8400695999999, -8.465028399999939 ], [ -44.8403549, -8.465483399999931 ], [ -44.8398981, -8.46612569999996 ], [ -44.840088, -8.46654189999998 ], [ -44.8404677, -8.466921299999971 ], [ -44.8409619, -8.467074799999979 ], [ -44.841150899999903, -8.467377499999939 ], [ -44.8408468, -8.46839759999995 ], [ -44.8414538, -8.469722799999939 ], [ -44.8414548, -8.470631199999961 ], [ -44.840808099999897, -8.47157819999995 ], [ -44.8408836, -8.472032799999971 ], [ -44.8412243, -8.472297899999941 ], [ -44.8412071, -8.47259939999998 ], [ -44.8410163, -8.472866599999969 ], [ -44.840674799999903, -8.47301669999996 ], [ -44.8403686999999, -8.47347049999996 ], [ -44.841204699999899, -8.475175299999931 ], [ -44.8420796, -8.47612179999993 ], [ -44.842231399999903, -8.47699259999996 ], [ -44.842686699999902, -8.47816609999995 ], [ -44.8432031, -8.47856929999995 ], [ -44.8437496, -8.47865879999995 ], [ -44.8439458, -8.478850899999941 ], [ -44.8446817, -8.47918949999996 ], [ -44.8450615, -8.47987089999998 ], [ -44.8455167, -8.48006009999995 ], [ -44.8457829, -8.480437799999949 ], [ -44.8457811, -8.48085579999997 ], [ -44.845554999999898, -8.48138559999995 ], [ -44.844376, -8.48221749999993 ], [ -44.8442243, -8.48263289999994 ], [ -44.845021099999897, -8.483125599999941 ], [ -44.8460476, -8.483203 ], [ -44.8465037, -8.483392199999971 ], [ -44.847603799999902, -8.48335429999997 ], [ -44.8483277999999, -8.483128099999931 ], [ -44.8493334, -8.483203199999931 ], [ -44.8494861, -8.48358189999993 ], [ -44.849333499999901, -8.484150899999969 ], [ -44.8488022, -8.48483089999996 ], [ -44.847927399999897, -8.485209899999971 ], [ -44.8477738999999, -8.48562609999993 ], [ -44.848574299999903, -8.48600549999998 ], [ -44.848687, -8.486194799999961 ], [ -44.847774199999897, -8.48774569999995 ], [ -44.8474318, -8.488805099999979 ], [ -44.847431, -8.48948659999996 ], [ -44.8477908, -8.490169299999931 ], [ -44.8474874999999, -8.49103939999998 ], [ -44.8477154999999, -8.491532399999929 ], [ -44.8479436, -8.49160819999997 ], [ -44.848172599999899, -8.492629099999929 ], [ -44.8491592, -8.49327459999995 ], [ -44.849272, -8.49406949999997 ], [ -44.849233899999902, -8.494825099999961 ], [ -44.8488161, -8.49543169999993 ], [ -44.8478277, -8.49588579999994 ], [ -44.847373499999897, -8.496301299999971 ], [ -44.847409, -8.49671839999996 ], [ -44.8478469, -8.49728679999993 ], [ -44.8486455, -8.49758929999996 ], [ -44.849518499999903, -8.497665 ], [ -44.8491769, -8.497778499999979 ], [ -44.8488717, -8.49811979999993 ], [ -44.849326899999902, -8.49857519999995 ], [ -44.8491379, -8.49883969999996 ], [ -44.8486447, -8.49887639999997 ], [ -44.8483775999999, -8.49906409999994 ], [ -44.848531099999903, -8.499407 ], [ -44.849516, -8.50020249999994 ], [ -44.8506179, -8.49997619999994 ], [ -44.850238299999901, -8.500959799999981 ], [ -44.850675399999901, -8.50167819999996 ], [ -44.851549299999903, -8.502171 ], [ -44.851400399999903, -8.50292769999993 ], [ -44.8526904, -8.50292909999996 ], [ -44.8533346, -8.503269099999949 ], [ -44.8528413, -8.50368549999996 ], [ -44.852537, -8.50433049999998 ], [ -44.8529549, -8.50451979999997 ], [ -44.8531439, -8.50482249999993 ], [ -44.8530686, -8.505502299999931 ], [ -44.853448399999898, -8.506336399999951 ], [ -44.854416899999897, -8.506790299999979 ], [ -44.8543025, -8.507548699999971 ], [ -44.8547204, -8.508040699999979 ], [ -44.8546451, -8.50875979999995 ], [ -44.8548731, -8.50887229999995 ], [ -44.8554809, -8.50883549999998 ], [ -44.855518199999899, -8.509479499999941 ], [ -44.856397199999897, -8.50976429999997 ], [ -44.858359999999898, -8.510123399999941 ], [ -44.8590445, -8.510526899999951 ], [ -44.8600613, -8.51044339999993 ], [ -44.860465, -8.51069569999993 ], [ -44.860233999999899, -8.511842599999969 ], [ -44.860417, -8.512281799999929 ], [ -44.861259, -8.51293919999995 ], [ -44.8609657, -8.515133299999951 ], [ -44.8616646, -8.515425499999941 ], [ -44.862948699999897, -8.514806 ], [ -44.8634620999999, -8.51498849999996 ], [ -44.8638493999999, -8.51528149999996 ], [ -44.8638472, -8.51586749999996 ], [ -44.8634071, -8.51637889999995 ], [ -44.8634066, -8.51681569999994 ], [ -44.863590299999899, -8.51699949999994 ], [ -44.864655899999903, -8.516964399999949 ], [ -44.8649114, -8.517145399999951 ], [ -44.8646203, -8.51773169999996 ], [ -44.864618, -8.518243499999929 ], [ -44.8654612, -8.51827919999994 ], [ -44.8657933, -8.517767 ], [ -44.8660858, -8.517805099999981 ], [ -44.866636899999897, -8.518352 ], [ -44.866708699999897, -8.51941579999993 ], [ -44.866342, -8.52069349999994 ], [ -44.8658202, -8.521804199999959 ], [ -44.8659557, -8.52259609999993 ], [ -44.8661751, -8.52303349999994 ], [ -44.8673501, -8.523363699999949 ], [ -44.8679741, -8.523142299999961 ], [ -44.8683775, -8.523217799999941 ], [ -44.8684514, -8.523509799999941 ], [ -44.868318799999898, -8.52441789999995 ], [ -44.8685235, -8.52482549999996 ], [ -44.8696619, -8.525814 ], [ -44.8704681, -8.52625339999997 ], [ -44.8707266, -8.525740399999959 ], [ -44.871844399999901, -8.526071 ], [ -44.873092799999903, -8.52709509999994 ], [ -44.8745243, -8.528666499999931 ], [ -44.8747802, -8.529363 ], [ -44.8747804, -8.530531399999971 ], [ -44.8753695, -8.53097119999995 ], [ -44.876029199999898, -8.531007 ], [ -44.876891999999899, -8.53269029999996 ], [ -44.8773684, -8.535031099999969 ], [ -44.8771462, -8.535543099999931 ], [ -44.8777686, -8.536567 ], [ -44.8777837, -8.53680939999998 ], [ -44.877843299999903, -8.53773709999996 ], [ -44.875143599999902, -8.54347709999996 ], [ -44.8753262, -8.544463 ], [ -44.8758033, -8.545634499999951 ], [ -44.8758773, -8.54720659999998 ], [ -44.87573, -8.54812049999992 ], [ -44.875801599999903, -8.548961 ], [ -44.8762073, -8.549738699999979 ], [ -44.876479699999898, -8.55353249999996 ], [ -44.8762588, -8.554409 ], [ -44.8748274, -8.557261799999941 ], [ -44.8750102, -8.55854169999998 ], [ -44.8754152, -8.55938269999996 ], [ -44.8755242, -8.560333899999931 ], [ -44.875247499999901, -8.560918799999969 ], [ -44.874365899999901, -8.561759399999969 ], [ -44.8740379, -8.562782599999929 ], [ -44.8741454, -8.564246499999969 ], [ -44.8745127, -8.56570929999998 ], [ -44.875135199999903, -8.566915399999971 ], [ -44.876273099999899, -8.56830509999998 ], [ -44.8763474, -8.569218899999949 ], [ -44.876218499999901, -8.57046019999996 ], [ -44.8766583, -8.57163349999996 ], [ -44.877722499999898, -8.57295 ], [ -44.8792251, -8.57704419999993 ], [ -44.8790779, -8.579348099999949 ], [ -44.878656099999901, -8.581469599999931 ], [ -44.8793524, -8.58534579999997 ], [ -44.8790213, -8.586040099999931 ], [ -44.8787632, -8.587136399999959 ], [ -44.8778814, -8.589110499999951 ], [ -44.877972999999898, -8.59251159999997 ], [ -44.8778639, -8.593572 ], [ -44.878229299999902, -8.594925 ], [ -44.87878, -8.59616789999995 ], [ -44.880870699999903, -8.59832679999994 ], [ -44.8812196, -8.599573 ], [ -44.881402299999898, -8.60209279999998 ], [ -44.8838622, -8.60454439999995 ], [ -44.884264599999902, -8.60556769999994 ], [ -44.8843019, -8.606884399999959 ], [ -44.8834368, -8.614489299999949 ], [ -44.883398699999901, -8.61584179999994 ], [ -44.883545899999902, -8.617084199999971 ], [ -44.8844447, -8.621108199999981 ], [ -44.8850681, -8.62516679999993 ], [ -44.885375699999898, -8.63398009999997 ], [ -44.887283, -8.64067379999995 ], [ -44.887447, -8.642420499999959 ], [ -44.887007, -8.645017699999929 ], [ -44.8870061, -8.647979899999941 ], [ -44.8877386, -8.65083159999995 ], [ -44.8894466, -8.65396969999995 ], [ -44.8897036, -8.65521389999998 ], [ -44.8883071, -8.657482199999951 ], [ -44.8848169, -8.660370299999951 ], [ -44.8841557, -8.66110069999996 ], [ -44.884358, -8.661978199999959 ], [ -44.885716, -8.663845 ], [ -44.886227899999902, -8.66754019999996 ], [ -44.886044399999903, -8.669405499999931 ], [ -44.8840774, -8.674124 ], [ -44.8837095, -8.67617089999993 ], [ -44.8837103, -8.677818099999969 ], [ -44.8840393, -8.67950169999995 ], [ -44.8847739, -8.68147539999995 ], [ -44.885161099999898, -8.68334169999997 ], [ -44.885305199999898, -8.686194799999949 ], [ -44.8843102, -8.69416809999996 ], [ -44.8846214, -8.696318499999959 ], [ -44.8846571999999, -8.70125839999997 ], [ -44.885462, -8.704076199999969 ], [ -44.8859232, -8.704917899999939 ], [ -44.8859239, -8.70630789999996 ], [ -44.8855918, -8.70773379999997 ], [ -44.8860677, -8.713076299999949 ], [ -44.8853501, -8.71655219999997 ], [ -44.8857171, -8.72057719999998 ], [ -44.8860832, -8.72215 ], [ -44.8860455, -8.72343009999997 ], [ -44.8863777, -8.72430809999997 ], [ -44.8868715999999, -8.72979759999993 ], [ -44.886766099999903, -8.731916699999941 ], [ -44.8870904999999, -8.73415059999996 ], [ -44.8871816, -8.73722389999995 ], [ -44.886741099999902, -8.741027899999949 ], [ -44.8868856, -8.743553199999949 ], [ -44.8881888, -8.74750309999996 ], [ -44.889216599999898, -8.749150699999969 ], [ -44.892012, -8.75463959999996 ], [ -44.894011299999903, -8.758043399999959 ], [ -44.894560899999902, -8.75950549999993 ], [ -44.8940815999999, -8.764883499999939 ], [ -44.894706, -8.76744619999994 ], [ -44.8955139, -8.76927439999997 ], [ -44.8969106, -8.770373399999929 ], [ -44.898087099999898, -8.77044609999996 ], [ -44.8993373, -8.771032399999971 ], [ -44.8996658, -8.772056799999969 ], [ -44.898930699999902, -8.77359289999993 ], [ -44.898562899999902, -8.774763299999959 ], [ -44.898709499999903, -8.775715599999961 ], [ -44.8989069, -8.77604269999995 ], [ -44.8986353, -8.776885 ], [ -44.8987083, -8.777764 ], [ -44.899076599999901, -8.778056799999939 ], [ -44.8987087, -8.779446099999969 ], [ -44.8986975, -8.78004979999997 ], [ -44.8985082, -8.780616099999969 ], [ -44.898128799999903, -8.78110549999997 ], [ -44.8974459, -8.78137159999994 ], [ -44.8969892, -8.78193689999995 ], [ -44.8970662, -8.78250239999994 ], [ -44.898354099999899, -8.78333269999996 ], [ -44.898468299999898, -8.783938399999951 ], [ -44.898090099999898, -8.78401329999997 ], [ -44.8979381, -8.784239299999969 ], [ -44.8981271, -8.784466299999959 ], [ -44.8992663, -8.784428199999979 ], [ -44.9005361, -8.785515299999931 ], [ -44.9011816, -8.785515499999971 ], [ -44.9027369, -8.786158299999951 ], [ -44.9040279, -8.786122899999951 ], [ -44.904368799999901, -8.786271299999949 ], [ -44.904899199999903, -8.787254099999929 ], [ -44.9044066, -8.788689599999939 ], [ -44.904216, -8.78993579999997 ], [ -44.904366599999904, -8.790576299999939 ], [ -44.904877999999897, -8.791447099999971 ], [ -44.9049568, -8.79208769999997 ], [ -44.904803699999903, -8.792693299999939 ], [ -44.903892, -8.793937399999949 ], [ -44.9040424, -8.79481029999994 ], [ -44.9033246, -8.79593749999998 ], [ -44.903331299999898, -8.795969 ], [ -44.9037344, -8.79784669999998 ], [ -44.903849099999903, -8.79838089999993 ], [ -44.905654899999902, -8.800701099999969 ], [ -44.9056538, -8.80122819999997 ], [ -44.905995399999902, -8.801531199999941 ], [ -44.9061842999999, -8.80198409999997 ], [ -44.906185799999903, -8.802513 ], [ -44.905881899999898, -8.80304269999993 ], [ -44.9051618, -8.80300229999995 ], [ -44.9049717, -8.80315409999997 ], [ -44.905009499999899, -8.80379729999993 ], [ -44.9056156, -8.804439799999949 ], [ -44.9053875, -8.805836899999971 ], [ -44.905558299999903, -8.806138499999969 ], [ -44.9060891, -8.806329 ], [ -44.9064308, -8.806743599999949 ], [ -44.906089199999897, -8.80795219999993 ], [ -44.90628, -8.808140799999929 ], [ -44.9065065, -8.80810149999996 ], [ -44.9069241, -8.807462 ], [ -44.907227, -8.80731029999993 ], [ -44.9075306, -8.807422899999951 ], [ -44.9077191, -8.808443199999941 ], [ -44.9079482, -8.80859519999996 ], [ -44.9086321, -8.808255 ], [ -44.9093129, -8.808743899999969 ], [ -44.9095793, -8.81029489999997 ], [ -44.909978099999897, -8.811012 ], [ -44.9107734, -8.81150349999996 ], [ -44.91157, -8.812825099999939 ], [ -44.9115707, -8.813277199999961 ], [ -44.9113432, -8.813469199999931 ], [ -44.910624, -8.81357979999996 ], [ -44.910812, -8.81395859999998 ], [ -44.9114192, -8.81425889999997 ], [ -44.9116462, -8.814753 ], [ -44.911646, -8.815204199999931 ], [ -44.9121014, -8.815468799999961 ], [ -44.912253399999898, -8.81509179999995 ], [ -44.9126717, -8.815017 ], [ -44.9129923, -8.81558389999998 ], [ -44.912879099999898, -8.81645219999996 ], [ -44.9135236, -8.816716 ], [ -44.913713599999902, -8.81694119999997 ], [ -44.9135233, -8.81728239999995 ], [ -44.912952899999901, -8.817736 ], [ -44.9131828, -8.818038099999971 ], [ -44.9136374, -8.818187399999941 ], [ -44.9138258999999, -8.81905849999993 ], [ -44.914243199999902, -8.819322199999929 ], [ -44.914699599999899, -8.81939829999993 ], [ -44.914699, -8.820380099999969 ], [ -44.9143567, -8.82102229999998 ], [ -44.914092, -8.82121079999996 ], [ -44.914091799999902, -8.82158869999995 ], [ -44.9148701, -8.82158939999994 ], [ -44.9151737, -8.821851299999929 ], [ -44.914907899999903, -8.82230679999998 ], [ -44.913048199999899, -8.82272149999994 ], [ -44.9128961, -8.823175299999949 ], [ -44.9152883, -8.824988 ], [ -44.9157415, -8.825781399999929 ], [ -44.9163869, -8.82770869999996 ], [ -44.916790999999897, -8.82809719999995 ], [ -44.9171618, -8.82880639999996 ], [ -44.9168604, -8.831106 ], [ -44.917086599999898, -8.83148569999997 ], [ -44.917770399999903, -8.831484199999981 ], [ -44.9183394, -8.83175059999996 ], [ -44.918413799999897, -8.832089199999929 ], [ -44.9180353, -8.83250449999997 ], [ -44.9180358999999, -8.832883399999959 ], [ -44.9182249, -8.833183599999931 ], [ -44.919402299999902, -8.833373399999971 ], [ -44.920216599999897, -8.834279199999971 ], [ -44.9207476999999, -8.83560249999994 ], [ -44.920558099999901, -8.837793 ], [ -44.9207096, -8.83850959999995 ], [ -44.9211647, -8.839190499999971 ], [ -44.921733699999898, -8.839531099999929 ], [ -44.9223784, -8.839568899999961 ], [ -44.9229104, -8.840891299999949 ], [ -44.9225114, -8.842098599999931 ], [ -44.923042, -8.84277959999997 ], [ -44.923375, -8.84432149999998 ], [ -44.9237246, -8.844742599999959 ], [ -44.924711199999898, -8.844894 ], [ -44.925052, -8.84512019999994 ], [ -44.9261152, -8.84629189999993 ], [ -44.9269879, -8.846746 ], [ -44.9276718, -8.846556899999941 ], [ -44.9286931, -8.846624199999949 ], [ -44.928942, -8.846857099999969 ], [ -44.9289415, -8.847651399999959 ], [ -44.9292459, -8.847916899999969 ], [ -44.9299662, -8.84780359999996 ], [ -44.9304976, -8.848634699999931 ], [ -44.9318254, -8.84988069999997 ], [ -44.9337611, -8.85033619999996 ], [ -44.934519, -8.851204 ], [ -44.9356016, -8.851958899999939 ], [ -44.9372696, -8.85433959999995 ], [ -44.9387095, -8.85528179999994 ], [ -44.939433199999897, -8.855509099999949 ], [ -44.9396993, -8.856114 ], [ -44.9396224, -8.858380699999939 ], [ -44.9398694, -8.858946799999959 ], [ -44.940399399999897, -8.859361499999981 ], [ -44.9408177, -8.859174 ], [ -44.9412351, -8.85921169999995 ], [ -44.9413117, -8.86038309999998 ], [ -44.9425234, -8.861211699999959 ], [ -44.943017499999897, -8.86204549999997 ], [ -44.9429408, -8.86268609999996 ], [ -44.9419561, -8.863782899999929 ], [ -44.941841199999899, -8.864385899999951 ], [ -44.942959599999902, -8.86612269999995 ], [ -44.9435677, -8.866425899999969 ], [ -44.9444025, -8.86653879999994 ], [ -44.9456541, -8.867558699999959 ], [ -44.9468696, -8.869448 ], [ -44.9473614, -8.86986359999997 ], [ -44.9475517, -8.87084559999994 ], [ -44.9478101999999, -8.87112969999993 ], [ -44.948159099999899, -8.870921799999961 ], [ -44.948406799999901, -8.87039249999998 ], [ -44.9487852, -8.87027739999996 ], [ -44.9492025, -8.870430399999981 ], [ -44.9504549, -8.87020389999998 ], [ -44.9513659, -8.870507099999941 ], [ -44.951632399999902, -8.87042949999994 ], [ -44.9526188, -8.86937289999997 ], [ -44.9535274, -8.869221299999939 ], [ -44.955312999999897, -8.868392 ], [ -44.9561659, -8.86854279999994 ], [ -44.956470399999901, -8.868845 ], [ -44.9569617, -8.869978099999971 ], [ -44.9573422, -8.872356699999949 ], [ -44.957646399999902, -8.873150199999939 ], [ -44.9582909, -8.873603399999981 ], [ -44.959505799999903, -8.87356549999993 ], [ -44.960112299999899, -8.87367919999997 ], [ -44.9605678, -8.87394379999995 ], [ -44.961004499999902, -8.875077399999951 ], [ -44.9604347, -8.877456499999941 ], [ -44.959220199999898, -8.879609399999939 ], [ -44.9583857, -8.880516 ], [ -44.9581952, -8.88127 ], [ -44.9582712, -8.88191239999998 ], [ -44.9587266, -8.882329 ], [ -44.9597714, -8.88251659999997 ], [ -44.9600741, -8.882705199999981 ], [ -44.9612873, -8.884103099999949 ], [ -44.9634996999999, -8.885291699999931 ], [ -44.9643417999999, -8.88574429999994 ], [ -44.964665599999897, -8.885918299999959 ], [ -44.9649697, -8.88674849999995 ], [ -44.964438899999898, -8.88780529999997 ], [ -44.9648736, -8.889202399999929 ], [ -44.9657091999999, -8.89093969999993 ], [ -44.9660871, -8.89316829999996 ], [ -44.9672262, -8.895172 ], [ -44.9673782, -8.896416699999969 ], [ -44.9674721, -8.90041749999995 ], [ -44.9685722, -8.90215939999996 ], [ -44.971001199999897, -8.904008199999961 ], [ -44.971781, -8.907521499999969 ], [ -44.9721589, -8.90823909999995 ], [ -44.9750824, -8.910279399999981 ], [ -44.9758783999999, -8.91137519999995 ], [ -44.977832799999902, -8.91567969999994 ], [ -44.9787052, -8.916924799999951 ], [ -44.9807928, -8.91915419999998 ], [ -44.982919, -8.920892199999971 ], [ -44.984270299999899, -8.92226139999997 ], [ -44.9861245, -8.92583989999997 ], [ -44.98882, -8.927654099999931 ], [ -44.9891991, -8.928029599999951 ], [ -44.990470199999898, -8.929993699999949 ], [ -44.9917621, -8.930862899999971 ], [ -44.995367499999901, -8.93226019999997 ], [ -44.996734699999898, -8.93331879999994 ], [ -45.0006994, -8.937586 ], [ -45.0015342, -8.939284199999969 ], [ -45.0024076999999, -8.940004 ], [ -45.0055007, -8.942005599999961 ], [ -45.0064505, -8.94313739999996 ], [ -45.008614099999903, -8.94487549999997 ], [ -45.009601099999898, -8.946235099999971 ], [ -45.010638099999902, -8.947187499999931 ], [ -45.013795, -8.94921839999995 ], [ -45.0143265, -8.950199899999969 ], [ -45.0145932, -8.95125809999996 ], [ -45.0150856, -8.952126899999939 ], [ -45.015997399999897, -8.95291989999993 ], [ -45.0170586, -8.953298399999939 ], [ -45.0180846, -8.953373899999971 ], [ -45.0193929, -8.952920899999979 ], [ -45.020304399999901, -8.952882 ], [ -45.0205334, -8.95325919999993 ], [ -45.0205703, -8.953825799999951 ], [ -45.020952599999902, -8.95410659999993 ], [ -45.0213297, -8.953903 ], [ -45.0218237, -8.95390139999995 ], [ -45.0221652, -8.95458069999995 ], [ -45.0222409, -8.95567719999997 ], [ -45.022701, -8.95594029999995 ], [ -45.0237989, -8.95594069999993 ], [ -45.0253350999999, -8.956166899999969 ], [ -45.0271953, -8.957527 ], [ -45.027726099999903, -8.95805619999993 ], [ -45.0282576, -8.95903769999995 ], [ -45.028751199999903, -8.959527599999941 ], [ -45.0304598, -8.960434499999961 ], [ -45.0315603, -8.960772799999971 ], [ -45.0330013, -8.96035869999997 ], [ -45.0340087, -8.95967949999994 ], [ -45.034615899999899, -8.95896119999998 ], [ -45.0353747, -8.95862189999997 ], [ -45.0360578, -8.958621299999949 ], [ -45.036628, -8.958848499999929 ], [ -45.037083, -8.95847059999994 ], [ -45.0375761, -8.95839489999997 ], [ -45.0380326, -8.958508599999959 ], [ -45.0389436, -8.95922569999993 ], [ -45.0392456, -8.95926239999994 ], [ -45.0401572, -8.95899819999994 ], [ -45.041431499999902, -8.95911179999996 ], [ -45.0422644, -8.95960269999995 ], [ -45.042795199999901, -8.960207 ], [ -45.0430231, -8.96092479999993 ], [ -45.0436304, -8.961491599999929 ], [ -45.044049, -8.96270009999995 ], [ -45.044696299999899, -8.963191 ], [ -45.046168899999898, -8.963341499999959 ], [ -45.0462492999999, -8.964286299999969 ], [ -45.0481682, -8.96507839999998 ], [ -45.0496491, -8.96636419999993 ], [ -45.050899699999903, -8.966626499999959 ], [ -45.0513563, -8.96685189999994 ], [ -45.0522680999999, -8.96764669999993 ], [ -45.053825199999899, -8.96806109999994 ], [ -45.0542798, -8.968400899999949 ], [ -45.0561207, -8.96877919999997 ], [ -45.0566517, -8.96908139999994 ], [ -45.057826799999901, -8.97104269999994 ], [ -45.0604865, -8.972668499999941 ], [ -45.0611698, -8.973989699999951 ], [ -45.0616453, -8.97746429999995 ], [ -45.0608475, -8.978863599999951 ], [ -45.0610019, -8.97942759999995 ], [ -45.0614555, -8.979920199999979 ], [ -45.0632011, -8.98003259999996 ], [ -45.064265, -8.98074889999998 ], [ -45.0657649, -8.980936699999971 ], [ -45.066485999999898, -8.98131679999995 ], [ -45.0673598, -8.982070599999931 ], [ -45.067701699999901, -8.98377149999993 ], [ -45.0676256, -8.984640199999941 ], [ -45.0677391, -8.985093399999929 ], [ -45.0682327, -8.985546699999929 ], [ -45.0713451, -8.986489899999979 ], [ -45.072389799999897, -8.98739519999998 ], [ -45.0730717, -8.989695099999951 ], [ -45.073681399999899, -8.990643699999961 ], [ -45.0747062, -8.99143679999997 ], [ -45.0761876, -8.992229299999959 ], [ -45.0776675, -8.99256859999997 ], [ -45.080496799999899, -8.993890199999949 ], [ -45.082357, -8.99559 ], [ -45.0839889, -8.99577919999996 ], [ -45.0848779, -8.996065 ], [ -45.0854064, -8.995990899999979 ], [ -45.0875947, -8.99770839999996 ], [ -45.0897304, -8.998492299999951 ], [ -45.0904686, -9.000135799999949 ], [ -45.0928464, -9.001028399999941 ], [ -45.0941693, -9.003125599999979 ], [ -45.094833299999898, -9.005305399999941 ], [ -45.0995776, -9.009062 ], [ -45.100671599999899, -9.01055489999993 ], [ -45.103521199999904, -9.011465 ], [ -45.1044873, -9.012425699999939 ], [ -45.104997899999901, -9.01606869999995 ], [ -45.106148399999903, -9.01726089999994 ], [ -45.1106144, -9.01877189999993 ], [ -45.1120963, -9.02150759999995 ], [ -45.114563099999899, -9.02300209999993 ], [ -45.115940099999897, -9.02456979999994 ], [ -45.1196507, -9.02639169999998 ], [ -45.1225368, -9.03106589999993 ], [ -45.129677199999897, -9.033117199999939 ], [ -45.1320135, -9.03544349999993 ], [ -45.133293799999898, -9.03787069999993 ], [ -45.1346667, -9.038278 ], [ -45.1341824, -9.03921219999995 ], [ -45.1357586, -9.03997119999997 ], [ -45.1354046, -9.04133939999997 ], [ -45.1357108999999, -9.04220039999996 ], [ -45.1366298, -9.043161 ], [ -45.138306999999898, -9.043253799999951 ], [ -45.1392475, -9.044298899999941 ], [ -45.139355599999902, -9.04581759999996 ], [ -45.1406706, -9.046321899999951 ], [ -45.1406726, -9.046980699999949 ], [ -45.1415375, -9.046626 ], [ -45.142148899999903, -9.04703029999996 ], [ -45.142150199999897, -9.04915609999995 ], [ -45.141184, -9.050776 ], [ -45.1433451, -9.05135689999997 ], [ -45.146652, -9.051153399999979 ], [ -45.149045, -9.052216299999939 ], [ -45.1492752, -9.05517 ], [ -45.1499363, -9.056035 ], [ -45.1515649, -9.05603549999995 ], [ -45.1523797, -9.056642299999959 ], [ -45.152888699999899, -9.05795779999994 ], [ -45.1541091, -9.058311499999951 ], [ -45.1540848, -9.05970369999994 ], [ -45.1549496, -9.059652799999981 ], [ -45.1552555, -9.060715 ], [ -45.1592242, -9.06496309999994 ], [ -45.1598073, -9.065082799999971 ], [ -45.1623049, -9.06559539999995 ], [ -45.1628621999999, -9.066056599999969 ], [ -45.1616491, -9.067433 ], [ -45.161749799999903, -9.068883599999941 ], [ -45.1631568, -9.06994169999996 ], [ -45.1629267, -9.070564699999981 ], [ -45.1646741, -9.072653699999931 ], [ -45.165286799999897, -9.07518489999995 ], [ -45.1668607, -9.07604139999995 ], [ -45.167881099999903, -9.075436399999941 ], [ -45.170248199999897, -9.07707889999995 ], [ -45.1715212, -9.07829379999993 ], [ -45.1707579, -9.080319199999961 ], [ -45.171165599999902, -9.080724099999941 ], [ -45.1724111, -9.080101299999971 ], [ -45.174345699999897, -9.07998839999993 ], [ -45.1746072, -9.082778499999961 ], [ -45.174854799999899, -9.08388049999996 ], [ -45.1752314, -9.08447329999996 ], [ -45.1762307, -9.08535359999996 ], [ -45.1775772, -9.085173899999971 ], [ -45.1780883, -9.086034499999929 ], [ -45.1784443, -9.085325099999981 ], [ -45.179002599999897, -9.085376 ], [ -45.179005199999899, -9.085826699999931 ], [ -45.1811645, -9.085382099999951 ], [ -45.182897599999897, -9.086869099999941 ], [ -45.1829489, -9.08929309999996 ], [ -45.1820377, -9.089751399999949 ], [ -45.184987, -9.093395299999941 ], [ -45.1843531, -9.09423039999996 ], [ -45.1852681, -9.095393 ], [ -45.1853098, -9.09609759999995 ], [ -45.1854197, -9.097952699999951 ], [ -45.1851169, -9.09853279999993 ], [ -45.185574099999897, -9.09873859999993 ], [ -45.1863367999999, -9.100502899999981 ], [ -45.185830399999901, -9.101517199999931 ], [ -45.1873825, -9.101641899999951 ], [ -45.188045799999898, -9.10518289999993 ], [ -45.1886072, -9.106144899999951 ], [ -45.189319, -9.106650099999969 ], [ -45.1906407, -9.106449199999931 ], [ -45.191586099999903, -9.10748479999995 ], [ -45.193106699999902, -9.107855499999969 ], [ -45.1931494, -9.11111 ], [ -45.193162899999898, -9.11214109999997 ], [ -45.1942319, -9.11284969999997 ], [ -45.194333599999901, -9.113411 ], [ -45.192836699999901, -9.115253499999939 ], [ -45.192784399999901, -9.115861099999959 ], [ -45.1942094999999, -9.11666949999994 ], [ -45.1948571, -9.117897199999961 ], [ -45.1970113, -9.121981 ], [ -45.199555599999897, -9.122944 ], [ -45.199994699999898, -9.12532019999998 ], [ -45.2031003, -9.13030479999998 ], [ -45.2042688, -9.131669399999961 ], [ -45.206938099999903, -9.13265689999997 ], [ -45.207349, -9.13528809999997 ], [ -45.2081645, -9.13569209999997 ], [ -45.2091836, -9.137869499999971 ], [ -45.2128729, -9.139459799999941 ], [ -45.214198199999899, -9.140774599999929 ], [ -45.216439599999902, -9.14431429999996 ], [ -45.2194675, -9.14464249999997 ], [ -45.2233868, -9.14782989999998 ], [ -45.2245607999999, -9.14959889999994 ], [ -45.225205899999899, -9.15211069999998 ], [ -45.2260234, -9.153574299999949 ], [ -45.2299839, -9.155796199999941 ], [ -45.2321223, -9.15786989999998 ], [ -45.238394899999903, -9.16140409999997 ] ] ] ] } },
{ "type": "Feature", "properties": { "CD_MUN": "2201002", "NM_MUN": "Arraial", "CD_RGI": "220017", "NM_RGI": "Floriano", "CD_RGINT": "2206", "NM_RGINT": "Floriano", "CD_UF": "22", "NM_UF": "Piauí", "SIGLA_UF": "PI", "CD_REGIAO": "2", "NM_REGIAO": "Nordeste", "SIGLA_RG": "NE", "CD_CONCURB": null, "NM_CONCURB": null, "AREA_KM2": 619.21 }, "geometry": { "type": "MultiPolygon", "coordinates": [ [ [ [ -42.624641499999903, -6.69710339999995 ], [ -42.6238101, -6.69542059999998 ], [ -42.6227264, -6.69323679999997 ], [ -42.621935999999899, -6.69172719999995 ], [ -42.6217813, -6.69155179999996 ], [ -42.6138601, -6.68256909999997 ], [ -42.613022999999899, -6.66948 ], [ -42.6136538, -6.66776129999994 ], [ -42.614769399999901, -6.66472179999994 ], [ -42.619664999999898, -6.658804 ], [ -42.619735299999903, -6.655975 ], [ -42.6175377, -6.65398389999996 ], [ -42.617469, -6.65400479999994 ], [ -42.617483299999897, -6.65397629999995 ], [ -42.6137485, -6.65345639999992 ], [ -42.6118887, -6.65184929999998 ], [ -42.6118984, -6.64983439999997 ], [ -42.6151872, -6.64854029999998 ], [ -42.615478799999899, -6.64673109999995 ], [ -42.6132219, -6.64533139999998 ], [ -42.6125481, -6.64422709999997 ], [ -42.613632799999898, -6.64225179999994 ], [ -42.6172281, -6.64102929999996 ], [ -42.621262199999897, -6.63752969999996 ], [ -42.6230317, -6.635704 ], [ -42.6244846, -6.63405059999997 ], [ -42.625318999999898, -6.63255039999996 ], [ -42.6261545, -6.63081349999993 ], [ -42.6272341, -6.62797149999994 ], [ -42.6273552, -6.62755429999993 ], [ -42.6279061, -6.62565759999995 ], [ -42.6289932, -6.62321879999996 ], [ -42.630158499999901, -6.62173309999997 ], [ -42.6314497, -6.61983359999994 ], [ -42.633113299999899, -6.617936 ], [ -42.636597499999901, -6.61578279999998 ], [ -42.6395565, -6.61411409999994 ], [ -42.6449982, -6.61263849999995 ], [ -42.648000099999898, -6.60997009999994 ], [ -42.6523438, -6.60971059999997 ], [ -42.6548993, -6.607766 ], [ -42.6551334, -6.60240059999995 ], [ -42.651529799999899, -6.59822719999994 ], [ -42.6485734, -6.59365119999995 ], [ -42.6461695, -6.59201129999997 ], [ -42.6445492, -6.590906 ], [ -42.6391948999999, -6.58373949999998 ], [ -42.6364483, -6.58290619999997 ], [ -42.6346105, -6.58136479999996 ], [ -42.635159499999901, -6.57896479999994 ], [ -42.6346336, -6.57647669999994 ], [ -42.633132799999899, -6.57555829999995 ], [ -42.631241499999902, -6.57662639999995 ], [ -42.6268133, -6.57722669999993 ], [ -42.624214799999898, -6.575723 ], [ -42.622895099999901, -6.57463989999997 ], [ -42.6218701, -6.57306079999995 ], [ -42.621755999999898, -6.570356 ], [ -42.6240483, -6.56727159999997 ], [ -42.623854, -6.56461959999996 ], [ -42.6223763, -6.56361839999994 ], [ -42.6195152, -6.56308719999993 ], [ -42.616962999999899, -6.56134059999994 ], [ -42.6149273999999, -6.55515309999993 ], [ -42.6113625999999, -6.54911589999995 ], [ -42.6120485, -6.542425 ], [ -42.608475999999897, -6.53742829999993 ], [ -42.608032299999898, -6.53554069999996 ], [ -42.612917099999898, -6.53154879999994 ], [ -42.613700499999901, -6.52803189999997 ], [ -42.607078, -6.52800159999993 ], [ -42.6028714, -6.52707619999995 ], [ -42.6005307, -6.52468849999997 ], [ -42.5993546999999, -6.52213649999993 ], [ -42.5981733, -6.52071619999998 ], [ -42.5952945, -6.51930239999996 ], [ -42.5928673, -6.51390069999997 ], [ -42.590181899999898, -6.51179419999994 ], [ -42.587956399999896, -6.51308509999996 ], [ -42.585763799999903, -6.51306109999996 ], [ -42.5849602, -6.51235309999993 ], [ -42.580354499999899, -6.50829559999994 ], [ -42.5782613, -6.50828559999997 ], [ -42.576279, -6.50872869999995 ], [ -42.5735577, -6.51292709999996 ], [ -42.5682702, -6.519117 ], [ -42.5585621, -6.530479 ], [ -42.5314432, -6.53215439999997 ], [ -42.5196796, -6.51878689999995 ], [ -42.512008, -6.510069 ], [ -42.509875899999898, -6.50764619999995 ], [ -42.4894762, -6.51430619999996 ], [ -42.4813354, -6.51865469999996 ], [ -42.4782236, -6.52031679999993 ], [ -42.4782231, -6.52031709999994 ], [ -42.4718437, -6.52372479999997 ], [ -42.467824199999903, -6.51862289999997 ], [ -42.46466, -6.51460659999998 ], [ -42.4593632999999, -6.51540839999996 ], [ -42.453388, -6.51686929999994 ], [ -42.446019299999897, -6.51749489999997 ], [ -42.4410091, -6.51448719999996 ], [ -42.4351447, -6.51854409999993 ], [ -42.432212299999897, -6.52057259999998 ], [ -42.4292909, -6.51852989999998 ], [ -42.425290399999902, -6.51573269999994 ], [ -42.4145394, -6.51584339999994 ], [ -42.4046359, -6.511982 ], [ -42.399205499999901, -6.50665249999997 ], [ -42.386648599999901, -6.50426819999996 ], [ -42.380506399999902, -6.511262 ], [ -42.377919, -6.514208 ], [ -42.3745352, -6.51839789999997 ], [ -42.3743444999999, -6.51863379999998 ], [ -42.3746929, -6.51949939999997 ], [ -42.3749385, -6.52037569999993 ], [ -42.3749544, -6.52116689999997 ], [ -42.3748689, -6.52188929999994 ], [ -42.3743617, -6.52269879999994 ], [ -42.373423699999897, -6.52376549999997 ], [ -42.3728995, -6.52458459999997 ], [ -42.372897, -6.52458279999996 ], [ -42.372898399999897, -6.52458829999995 ], [ -42.3686506, -6.533073 ], [ -42.3668972, -6.54849029999997 ], [ -42.359324899999898, -6.55077689999996 ], [ -42.3551318, -6.55204309999993 ], [ -42.346818799999902, -6.57677579999995 ], [ -42.3508767, -6.58771539999998 ], [ -42.359401499999898, -6.59905639999994 ], [ -42.3657709, -6.60115439999993 ], [ -42.374737599999897, -6.60410769999993 ], [ -42.3773891, -6.60576739999993 ], [ -42.3793472, -6.60758819999995 ], [ -42.3807421, -6.60902739999995 ], [ -42.381784599999897, -6.61025949999993 ], [ -42.382830399999897, -6.61183169999993 ], [ -42.3831709, -6.61386849999997 ], [ -42.383569099999903, -6.618279 ], [ -42.380524299999898, -6.62507249999993 ], [ -42.3771273999999, -6.62947849999995 ], [ -42.371824199999899, -6.63166449999994 ], [ -42.3716094, -6.63319079999997 ], [ -42.371662, -6.63436129999997 ], [ -42.372846099999897, -6.63735059999993 ], [ -42.373688399999899, -6.63832849999994 ], [ -42.3754574, -6.64057829999996 ], [ -42.3768396, -6.64233619999993 ], [ -42.3739246, -6.64566269999995 ], [ -42.372754299999897, -6.64726229999997 ], [ -42.371778499999898, -6.648105 ], [ -42.370990199999902, -6.64878579999993 ], [ -42.370549299999901, -6.64972679999994 ], [ -42.3705467999999, -6.65052359999993 ], [ -42.3721997, -6.65118649999994 ], [ -42.3736034, -6.65243669999995 ], [ -42.3748524, -6.65332739999997 ], [ -42.374958799999902, -6.65459179999993 ], [ -42.373818399999898, -6.65614329999994 ], [ -42.3729683, -6.65814929999993 ], [ -42.3728474, -6.65843459999996 ], [ -42.372674399999902, -6.66002579999997 ], [ -42.3733106, -6.66124959999996 ], [ -42.3749536, -6.661579 ], [ -42.3771475, -6.66158279999996 ], [ -42.3785242, -6.66171549999996 ], [ -42.379958799999898, -6.662407 ], [ -42.380629, -6.66325049999995 ], [ -42.381031199999903, -6.66420689999995 ], [ -42.381254899999902, -6.66526129999994 ], [ -42.3814528, -6.66597259999998 ], [ -42.3822135, -6.66631629999995 ], [ -42.3826493, -6.66664979999996 ], [ -42.382815299999898, -6.667198 ], [ -42.383136599999901, -6.66780129999995 ], [ -42.383336799999903, -6.66917709999996 ], [ -42.384803599999898, -6.66941589999993 ], [ -42.386012299999898, -6.67047189999994 ], [ -42.3865736, -6.67075519999997 ], [ -42.3873574, -6.67130959999997 ], [ -42.388390699999903, -6.67137689999993 ], [ -42.388948899999903, -6.67122219999993 ], [ -42.3894438, -6.67073009999996 ], [ -42.3898581, -6.67016259999997 ], [ -42.390432099999899, -6.66862819999994 ], [ -42.390789799999901, -6.66807969999996 ], [ -42.3912166, -6.66774739999994 ], [ -42.3916452, -6.66764119999993 ], [ -42.3925745, -6.66638079999996 ], [ -42.3931396, -6.66582209999996 ], [ -42.3942105, -6.66518639999993 ], [ -42.3952145, -6.66492579999993 ], [ -42.396572299999903, -6.66473909999996 ], [ -42.397754, -6.664464 ], [ -42.399970799999899, -6.66368709999995 ], [ -42.4026408, -6.66374409999997 ], [ -42.403580299999902, -6.66334379999995 ], [ -42.404793299999902, -6.66338589999998 ], [ -42.405744599999899, -6.66294859999994 ], [ -42.4064617, -6.66276829999993 ], [ -42.4079338, -6.66210979999994 ], [ -42.4086164, -6.66209269999996 ], [ -42.410266099999902, -6.66168849999997 ], [ -42.411355399999898, -6.66258289999996 ], [ -42.412071, -6.66427189999996 ], [ -42.4128476, -6.66484649999995 ], [ -42.4142079, -6.66622089999993 ], [ -42.4148175, -6.66731789999994 ], [ -42.4149312, -6.66825479999994 ], [ -42.415008199999903, -6.668416 ], [ -42.4157708, -6.67001309999995 ], [ -42.416100599999901, -6.67040179999998 ], [ -42.4162344, -6.67055939999995 ], [ -42.417731199999899, -6.67232339999993 ], [ -42.4190388, -6.67068969999997 ], [ -42.419176299999897, -6.67025449999994 ], [ -42.4194522, -6.66938179999994 ], [ -42.420321, -6.667905 ], [ -42.4211769, -6.66654539999996 ], [ -42.4228376, -6.66583519999995 ], [ -42.4262727, -6.66223209999993 ], [ -42.427849, -6.66144819999994 ], [ -42.4291125, -6.66159619999996 ], [ -42.4304650999999, -6.66265 ], [ -42.4306682, -6.66285039999997 ], [ -42.431703599999899, -6.66387289999994 ], [ -42.432627399999902, -6.665773 ], [ -42.433089799999898, -6.66625569999997 ], [ -42.4334716, -6.66665439999997 ], [ -42.4347402, -6.66753789999996 ], [ -42.4354471, -6.66762639999996 ], [ -42.438324599999902, -6.66764139999998 ], [ -42.441334599999898, -6.66779859999997 ], [ -42.4428755, -6.66725789999998 ], [ -42.444060599999901, -6.66710549999993 ], [ -42.446067099999901, -6.66729239999995 ], [ -42.448210199999899, -6.66746639999997 ], [ -42.448566, -6.66791029999996 ], [ -42.4487257, -6.66810959999998 ], [ -42.4515046, -6.67033639999994 ], [ -42.4527679, -6.67051259999994 ], [ -42.4535531, -6.66886069999993 ], [ -42.4541206, -6.66766669999993 ], [ -42.4551104, -6.66702109999994 ], [ -42.4563565999999, -6.66770649999995 ], [ -42.4578170999999, -6.66935489999997 ], [ -42.459713099999902, -6.66956269999997 ], [ -42.4611915, -6.66818419999993 ], [ -42.462235099999901, -6.66629419999992 ], [ -42.4633616, -6.66434789999994 ], [ -42.464614299999901, -6.662798 ], [ -42.4657255, -6.66263429999998 ], [ -42.4672087, -6.663038 ], [ -42.4691346, -6.66415119999994 ], [ -42.471929499999902, -6.66535369999997 ], [ -42.4742694, -6.66531589999994 ], [ -42.4762473, -6.66583529999997 ], [ -42.477832, -6.66750569999994 ], [ -42.4778603, -6.66769129999994 ], [ -42.4779962, -6.66858149999996 ], [ -42.4779288, -6.67070289999998 ], [ -42.4781895, -6.67149869999997 ], [ -42.479156499999903, -6.67407559999998 ], [ -42.479229599999897, -6.67636749999997 ], [ -42.4781459, -6.67803109999994 ], [ -42.4762686, -6.67878529999996 ], [ -42.4745781, -6.67855029999993 ], [ -42.4723346, -6.67739489999997 ], [ -42.471683799999902, -6.67740389999994 ], [ -42.4713714, -6.67764279999994 ], [ -42.471212799999897, -6.67820769999997 ], [ -42.4713197, -6.67942479999994 ], [ -42.4714858, -6.68013279999997 ], [ -42.472059199999897, -6.68137179999997 ], [ -42.4752855, -6.68730639999995 ], [ -42.4752869, -6.68848179999998 ], [ -42.4751462, -6.68923309999997 ], [ -42.475203099999902, -6.69148939999997 ], [ -42.4762827, -6.69429789999998 ], [ -42.478051999999899, -6.69594759999995 ], [ -42.478802, -6.69636169999995 ], [ -42.4800456, -6.696585 ], [ -42.4816939, -6.69796539999993 ], [ -42.4832885, -6.69876709999994 ], [ -42.4843979, -6.70039819999994 ], [ -42.4850972999999, -6.70195759999996 ], [ -42.485557, -6.70263459999995 ], [ -42.486282199999899, -6.703707 ], [ -42.4872892, -6.70528449999995 ], [ -42.487551799999899, -6.70570169999996 ], [ -42.4884236, -6.70719429999997 ], [ -42.4891405, -6.70810539999997 ], [ -42.489457199999897, -6.70822119999997 ], [ -42.489746099999898, -6.708346 ], [ -42.490445899999898, -6.70830669999998 ], [ -42.4910383, -6.70774519999998 ], [ -42.491208, -6.70776009999997 ], [ -42.4921702, -6.70772439999996 ], [ -42.492944399999899, -6.70810239999997 ], [ -42.493864899999899, -6.70835369999998 ], [ -42.494512299999897, -6.70900779999994 ], [ -42.495073499999897, -6.70994419999994 ], [ -42.4956089, -6.71037129999996 ], [ -42.496353699999901, -6.71054479999998 ], [ -42.497037799999902, -6.71039909999996 ], [ -42.498006599999897, -6.71061879999996 ], [ -42.4985358, -6.71076819999996 ], [ -42.499727, -6.71129759999997 ], [ -42.5007088999999, -6.71189949999996 ], [ -42.502092699999899, -6.71242709999996 ], [ -42.5032201, -6.71253189999993 ], [ -42.504286799999903, -6.71255139999994 ], [ -42.5047384, -6.71282989999997 ], [ -42.505622399999901, -6.71308159999995 ], [ -42.5066322, -6.71394139999995 ], [ -42.5073504, -6.71452549999998 ], [ -42.507641299999896, -6.714761 ], [ -42.508540599999897, -6.71599629999997 ], [ -42.5093565, -6.71691979999997 ], [ -42.5099339, -6.71746029999997 ], [ -42.5107229, -6.71798769999998 ], [ -42.5113717999999, -6.71848609999995 ], [ -42.512091499999897, -6.71921119999996 ], [ -42.5130386, -6.71962779999996 ], [ -42.513451099999898, -6.71980929999995 ], [ -42.515139799999901, -6.72005979999994 ], [ -42.515774599999901, -6.72029859999998 ], [ -42.5159032, -6.720347 ], [ -42.5159045, -6.72034749999995 ], [ -42.5158349, -6.71975339999995 ], [ -42.515912, -6.719281 ], [ -42.5165635, -6.71789729999995 ], [ -42.518094, -6.715169 ], [ -42.520776, -6.711891 ], [ -42.523431, -6.709614 ], [ -42.525975, -6.707595 ], [ -42.526984, -6.707046 ], [ -42.528664, -6.706309 ], [ -42.529857, -6.705934 ], [ -42.531033, -6.705985 ], [ -42.533026, -6.706408 ], [ -42.534424999999899, -6.706945 ], [ -42.536278, -6.708597 ], [ -42.538618, -6.710404 ], [ -42.539391, -6.711699 ], [ -42.540155, -6.712338 ], [ -42.541107, -6.713863 ], [ -42.541243, -6.714285 ], [ -42.541663, -6.715367 ], [ -42.542144, -6.716708 ], [ -42.542659, -6.71741 ], [ -42.544168, -6.718423 ], [ -42.54534, -6.719437 ], [ -42.546469, -6.720054 ], [ -42.548755, -6.721825 ], [ -42.549785, -6.722183 ], [ -42.551107, -6.723095 ], [ -42.553089, -6.723998 ], [ -42.554848999999898, -6.724108 ], [ -42.555304932999903, -6.72400516699997 ], [ -42.556282, -6.723785 ], [ -42.557164199999903, -6.72346849999997 ], [ -42.5562917, -6.72610509999993 ], [ -42.5559924, -6.72823889999995 ], [ -42.5551545, -6.72953839999997 ], [ -42.5543585, -6.73132279999993 ], [ -42.5535899, -6.73223369999994 ], [ -42.5530027, -6.73349209999998 ], [ -42.5528608, -6.73448239999993 ], [ -42.5524758, -6.73534109999997 ], [ -42.5514229, -6.73649729999994 ], [ -42.5498936, -6.73672189999996 ], [ -42.5489999, -6.73722209999994 ], [ -42.5482723, -6.73834869999996 ], [ -42.5483785, -6.73976379999993 ], [ -42.5492202, -6.741211 ], [ -42.549302699999899, -6.74129419999997 ], [ -42.5502058, -6.74220609999998 ], [ -42.5511620999999, -6.74337089999995 ], [ -42.5519241, -6.74377079999994 ], [ -42.5535034, -6.74488329999997 ], [ -42.554034199999897, -6.74621429999996 ], [ -42.5547349, -6.74757589999996 ], [ -42.555326599999901, -6.74808809999996 ], [ -42.5567975, -6.748237 ], [ -42.5580388, -6.74903529999995 ], [ -42.558485699999899, -6.75022579999995 ], [ -42.559245299999901, -6.75110669999998 ], [ -42.560102599999901, -6.75182329999996 ], [ -42.5613279, -6.75281409999997 ], [ -42.562910299999899, -6.75401079999995 ], [ -42.56328, -6.75471889999994 ], [ -42.5636603, -6.75678719999996 ], [ -42.5634411999999, -6.75870309999993 ], [ -42.5638643999999, -6.76123 ], [ -42.564704199999902, -6.76308849999998 ], [ -42.5655732, -6.76474669999993 ], [ -42.5657112, -6.76545469999996 ], [ -42.565109499999899, -6.76692289999994 ], [ -42.5644834, -6.76759869999995 ], [ -42.562919599999901, -6.76903409999994 ], [ -42.562589, -6.77019989999997 ], [ -42.5626559, -6.770823 ], [ -42.5631589, -6.77210509999998 ], [ -42.564368199999898, -6.77365889999993 ], [ -42.565400899999901, -6.77480559999998 ], [ -42.56655, -6.77629459999997 ], [ -42.566616199999899, -6.77740279999995 ], [ -42.566806, -6.77853089999996 ], [ -42.5672852, -6.77891759999994 ], [ -42.5691681, -6.781606 ], [ -42.5699792999999, -6.78351209999994 ], [ -42.5700529, -6.78576669999995 ], [ -42.5695651999999, -6.78675519999996 ], [ -42.5697526, -6.78774059999995 ], [ -42.5700672, -6.78856269999994 ], [ -42.5716467, -6.78964559999997 ], [ -42.572693699999903, -6.78967919999997 ], [ -42.573063299999902, -6.78936989999994 ], [ -42.5738489, -6.78778939999995 ], [ -42.5741505, -6.78705539999993 ], [ -42.574915599999898, -6.78686109999995 ], [ -42.576188499999901, -6.787009 ], [ -42.5777740999999, -6.78690369999993 ], [ -42.5789373, -6.78634369999997 ], [ -42.5796328, -6.78643619999997 ], [ -42.5799233, -6.78726129999995 ], [ -42.5798632999999, -6.787961 ], [ -42.5795439, -6.78953479999996 ], [ -42.5790726, -6.79053159999995 ], [ -42.5793945, -6.79112729999997 ], [ -42.5800730999999, -6.79127219999998 ], [ -42.5812068, -6.79096669999996 ], [ -42.581941399999899, -6.791232 ], [ -42.5824939, -6.791955 ], [ -42.5828693, -6.79244619999997 ], [ -42.583996399999897, -6.79347029999997 ], [ -42.5852103, -6.79409889999994 ], [ -42.586509799999902, -6.79463389999995 ], [ -42.5878334, -6.79567029999993 ], [ -42.5891314, -6.79674949999998 ], [ -42.5899224, -6.79706469999996 ], [ -42.5917042, -6.79766209999997 ], [ -42.5938221, -6.798329 ], [ -42.5951827, -6.79859789999995 ], [ -42.5979215, -6.799106 ], [ -42.6079535, -6.79728489999997 ], [ -42.6125981, -6.79515379999998 ], [ -42.6142747, -6.79288379999997 ], [ -42.6146871, -6.79150629999998 ], [ -42.6143327, -6.78952869999995 ], [ -42.613285899999902, -6.78782509999996 ], [ -42.6125938, -6.78568979999994 ], [ -42.6120596, -6.78182779999997 ], [ -42.611724, -6.78101259999994 ], [ -42.612752, -6.77657039999997 ], [ -42.616242199999903, -6.77071339999998 ], [ -42.62125, -6.76420509999997 ], [ -42.6237151999999, -6.76278359999998 ], [ -42.624001399999898, -6.76012269999995 ], [ -42.6289424, -6.758611 ], [ -42.630325, -6.75513629999995 ], [ -42.6291775, -6.75146919999997 ], [ -42.6297364, -6.74984319999993 ], [ -42.631559799999899, -6.74843679999998 ], [ -42.6329585, -6.74723079999995 ], [ -42.6362223, -6.74615269999993 ], [ -42.638534, -6.74510749999996 ], [ -42.6415587, -6.74442719999996 ], [ -42.641559, -6.74442709999994 ], [ -42.643284999999899, -6.74403829999994 ], [ -42.644585199999902, -6.74343019999998 ], [ -42.645524099999903, -6.742314 ], [ -42.6459191, -6.73585939999998 ], [ -42.646301999999899, -6.73435949999993 ], [ -42.647195699999898, -6.733101 ], [ -42.648746699999897, -6.73007069999994 ], [ -42.648723899999901, -6.72771549999993 ], [ -42.6480137, -6.72631259999997 ], [ -42.6442764, -6.72169659999997 ], [ -42.6380687, -6.71735279999996 ], [ -42.6330078, -6.71638129999997 ], [ -42.629982599999899, -6.71430239999995 ], [ -42.6287298, -6.71130689999995 ], [ -42.6288575, -6.709536 ], [ -42.6289508999999, -6.70824129999994 ], [ -42.628959199999898, -6.70812689999997 ], [ -42.6289732, -6.70793219999996 ], [ -42.629361399999901, -6.70254929999993 ], [ -42.6283342, -6.69900169999994 ], [ -42.624641499999903, -6.69710339999995 ] ] ] ] } },
{ "type": "Feature", "properties": { "CD_MUN": "2208551", "NM_MUN": "Porto Alegre do Piauí", "CD_RGI": "220017", "NM_RGI": "Floriano", "CD_RGINT": "2206", "NM_RGINT": "Floriano", "CD_UF": "22", "NM_UF": "Piauí", "SIGLA_UF": "PI", "CD_REGIAO": "2", "NM_REGIAO": "Nordeste", "SIGLA_RG": "NE", "CD_CONCURB": null, "NM_CONCURB": null, "AREA_KM2": 1168.044 }, "geometry": { "type": "MultiPolygon", "coordinates": [ [ [ [ -44.2797853, -7.04526969999995 ], [ -44.2783193, -7.03818939999996 ], [ -44.2763648, -7.03460069999994 ], [ -44.2719182, -7.02897509999997 ], [ -44.2669829, -7.02422249999995 ], [ -44.263660199999897, -7.01898469999998 ], [ -44.262927299999902, -7.01365 ], [ -44.2633182, -7.00361079999993 ], [ -44.262892899999898, -7.00235839999993 ], [ -44.2622947, -7.00130209999998 ], [ -44.260887899999901, -6.99966369999993 ], [ -44.2594793, -6.99923689999997 ], [ -44.2578166, -6.99909169999995 ], [ -44.2492751, -7.00054079999995 ], [ -44.246077399999898, -7.00116349999996 ], [ -44.243001299999897, -7.00075339999995 ], [ -44.2397017, -7.00005779999998 ], [ -44.235954499999899, -6.99871229999997 ], [ -44.2332648, -6.99638989999994 ], [ -44.2261329, -6.98818779999993 ], [ -44.214601, -6.97543189999993 ], [ -44.2081719, -6.96994519999993 ], [ -44.2046817, -6.96248169999996 ], [ -44.2024643, -6.95718719999996 ], [ -44.201505499999897, -6.948561 ], [ -44.2021407, -6.93861739999994 ], [ -44.200821399999903, -6.93294219999996 ], [ -44.198602299999898, -6.92976239999996 ], [ -44.195104399999899, -6.92741239999998 ], [ -44.1896316, -6.92566609999994 ], [ -44.1828884, -6.92649079999995 ], [ -44.178651499999901, -6.92715859999993 ], [ -44.175038899999898, -6.92516979999994 ], [ -44.173701999999899, -6.92008779999998 ], [ -44.175754299999902, -6.91169579999996 ], [ -44.176438399999903, -6.90422549999994 ], [ -44.176431799999897, -6.90258329999995 ], [ -44.1758483, -6.895606 ], [ -44.1737355, -6.88927679999995 ], [ -44.1724836, -6.88771909999997 ], [ -44.171346, -6.88497719999998 ], [ -44.163480799999903, -6.87452129999997 ], [ -44.1632842, -6.87439039999992 ], [ -44.160895799999899, -6.87280029999994 ], [ -44.1533147, -6.86775309999996 ], [ -44.1500421, -6.86807109999995 ], [ -44.1484343, -6.86766319999998 ], [ -44.1406256, -6.86521609999994 ], [ -44.1391727, -6.86410719999998 ], [ -44.137228299999897, -6.86017269999996 ], [ -44.1361196, -6.85516779999995 ], [ -44.131070599999902, -6.84498749999995 ], [ -44.125123899999899, -6.83558519999997 ], [ -44.1198982, -6.83278879999995 ], [ -44.115176899999902, -6.838353 ], [ -44.115044399999903, -6.84216309999994 ], [ -44.114151299999897, -6.84760139999997 ], [ -44.1141775, -6.85287019999993 ], [ -44.109011199999898, -6.85761209999993 ], [ -44.107207899999899, -6.85777239999993 ], [ -44.104401, -6.856547 ], [ -44.1018976, -6.852433 ], [ -44.1006495, -6.85114209999995 ], [ -44.0988131, -6.84585279999993 ], [ -44.0984324, -6.84157789999995 ], [ -44.098709799999902, -6.83994369999994 ], [ -44.104847999999897, -6.83021889999998 ], [ -44.113039699999902, -6.82315559999995 ], [ -44.1154574, -6.81783089999993 ], [ -44.1163134, -6.81494259999994 ], [ -44.116275599999902, -6.80578589999993 ], [ -44.114009, -6.80346039999995 ], [ -44.1130423, -6.80299619999994 ], [ -44.1071539, -6.80237039999997 ], [ -44.0945649, -6.80338039999998 ], [ -44.0888742, -6.80330119999996 ], [ -44.086116499999903, -6.80499229999998 ], [ -44.0827603, -6.80975469999993 ], [ -44.0769874, -6.821126 ], [ -44.0696971, -6.82137749999993 ], [ -44.063729599999903, -6.81458189999995 ], [ -44.0617288, -6.81337489999993 ], [ -44.059062599999898, -6.80843749999997 ], [ -44.0598472, -6.80590469999993 ], [ -44.060868399999897, -6.79074779999996 ], [ -44.0602327, -6.78474749999998 ], [ -44.057459299999898, -6.77444189999994 ], [ -44.0533707, -6.76830879999994 ], [ -44.0523218, -6.76842149999993 ], [ -44.0428964, -6.76943419999998 ], [ -44.0404372, -6.76776739999997 ], [ -44.038927699999903, -6.76674419999995 ], [ -44.0379407, -6.76433269999995 ], [ -44.035095, -6.76124029999994 ], [ -44.033393299999901, -6.76040409999996 ], [ -44.02332, -6.76017229999997 ], [ -44.018150499999898, -6.75810769999993 ], [ -44.005426199999903, -6.75892779999998 ], [ -43.993818599999898, -6.75703759999993 ], [ -43.9877336, -6.75727789999996 ], [ -43.981312699999897, -6.75453039999996 ], [ -43.9707334, -6.74422139999996 ], [ -43.96459, -6.74272289999993 ], [ -43.9612097, -6.74189839999997 ], [ -43.9567604, -6.74315439999998 ], [ -43.953022099999899, -6.74667309999995 ], [ -43.9493419, -6.75174389999995 ], [ -43.9463089, -6.76307589999993 ], [ -43.9451026, -6.76551 ], [ -43.9423664, -6.76777039999996 ], [ -43.934899099999903, -6.77136849999994 ], [ -43.9323716, -6.77199569999993 ], [ -43.9304723, -6.77105369999992 ], [ -43.925958299999898, -6.77589029999996 ], [ -43.9243053, -6.77718019999998 ], [ -43.921575699999899, -6.77803649999993 ], [ -43.918854399999901, -6.77819289999996 ], [ -43.9187064, -6.77820139999994 ], [ -43.9160507, -6.77835379999993 ], [ -43.906865599999897, -6.77833329999993 ], [ -43.9041396, -6.77789539999998 ], [ -43.9012701, -6.77774489999996 ], [ -43.899977799999903, -6.77788589999994 ], [ -43.8992585, -6.77874759999997 ], [ -43.898825299999899, -6.77989659999997 ], [ -43.898822799999898, -6.78104649999995 ], [ -43.898675899999901, -6.78248459999998 ], [ -43.8982424, -6.78377789999996 ], [ -43.8970914, -6.785069 ], [ -43.8955091, -6.78664779999997 ], [ -43.893639999999898, -6.78822519999994 ], [ -43.890336299999902, -6.78965549999998 ], [ -43.8880925, -6.79166329999993 ], [ -43.8873728, -6.79266829999995 ], [ -43.882471699999897, -6.80185979999993 ], [ -43.8814644, -6.80315189999993 ], [ -43.8778703999999, -6.80558769999993 ], [ -43.875998799999898, -6.80817209999998 ], [ -43.8738446, -6.80888559999994 ], [ -43.8729842, -6.80845279999994 ], [ -43.8699616, -6.81218449999994 ], [ -43.867948899999902, -6.81390549999998 ], [ -43.8657904, -6.81605709999997 ], [ -43.8630611, -6.81730009999995 ], [ -43.8604754999999, -6.81830029999998 ], [ -43.8574591, -6.81929949999994 ], [ -43.855590999999897, -6.820301 ], [ -43.851705, -6.82474739999998 ], [ -43.8494037, -6.82675429999995 ], [ -43.8471036, -6.82861679999996 ], [ -43.846239399999902, -6.82976469999994 ], [ -43.843788699999898, -6.83435809999997 ], [ -43.837315299999901, -6.84023569999994 ], [ -43.835303, -6.84166769999996 ], [ -43.8337222, -6.84238289999996 ], [ -43.8325258, -6.84267939999995 ], [ -43.836495, -6.84940009999997 ], [ -43.8621467, -6.87643449999996 ], [ -43.8993804, -6.90036259999994 ], [ -43.921275299999898, -6.93317839999997 ], [ -43.9146334, -6.96559839999998 ], [ -43.9159169, -6.96484779999997 ], [ -43.917439499999901, -6.96345449999995 ], [ -43.9188783, -6.96271689999998 ], [ -43.920110099999903, -6.96255479999996 ], [ -43.920684999999899, -6.96276189999998 ], [ -43.921585999999898, -6.96366809999995 ], [ -43.922571699999899, -6.96371189999996 ], [ -43.923228, -6.96404189999993 ], [ -43.923595799999902, -6.96465979999994 ], [ -43.9237952, -6.96724989999996 ], [ -43.9241646, -6.96753739999997 ], [ -43.9249856, -6.96774619999997 ], [ -43.925353399999899, -6.96832219999993 ], [ -43.9249002, -6.96910189999994 ], [ -43.9249818, -6.96934859999993 ], [ -43.925350299999899, -6.96959679999998 ], [ -43.9262952999999, -6.96963979999992 ], [ -43.9273224, -6.96931309999997 ], [ -43.9283919, -6.96849379999998 ], [ -43.928641899999903, -6.96693209999995 ], [ -43.929095, -6.96619419999996 ], [ -43.9298352, -6.965825 ], [ -43.930450699999902, -6.96578529999994 ], [ -43.9310664, -6.96615629999997 ], [ -43.9318051, -6.96644619999995 ], [ -43.9327483, -6.96665389999993 ], [ -43.933200699999901, -6.96632579999994 ], [ -43.9345973, -6.96624639999993 ], [ -43.9352273, -6.96641279999994 ], [ -43.935201, -6.99045169999994 ], [ -43.981342, -6.99033179999998 ], [ -43.981353199999901, -6.97877569999997 ], [ -43.984133, -6.97877859999994 ], [ -43.9905916, -6.98476089999997 ], [ -43.990319699999901, -6.99267289999995 ], [ -43.990318499999901, -6.99270879999995 ], [ -43.9899121, -7.00452329999996 ], [ -44.0071566, -7.09027049999997 ], [ -44.0081172, -7.09330659999995 ], [ -44.008826999999897, -7.09555029999996 ], [ -44.0483065, -7.220427 ], [ -44.068991, -7.199267 ], [ -44.1371983, -7.13075529999998 ], [ -44.1509293, -7.11696309999996 ], [ -44.155996199999898, -7.116415 ], [ -44.1615389, -7.11677539999994 ], [ -44.164204, -7.11878 ], [ -44.164671999999896, -7.118682 ], [ -44.164938, -7.118686 ], [ -44.165114, -7.118856 ], [ -44.165226, -7.119107 ], [ -44.165668, -7.119218 ], [ -44.166234, -7.119452 ], [ -44.166761999999899, -7.119635 ], [ -44.167212999999897, -7.119829 ], [ -44.167569, -7.120008 ], [ -44.167814, -7.120097 ], [ -44.16814, -7.120127 ], [ -44.168329, -7.12005 ], [ -44.16844, -7.119838 ], [ -44.168419, -7.119595 ], [ -44.16823, -7.119344 ], [ -44.168213, -7.11911 ], [ -44.168383999999897, -7.119003 ], [ -44.168487, -7.118918 ], [ -44.168552, -7.118765 ], [ -44.168729, -7.118656 ], [ -44.168845, -7.118516 ], [ -44.168827, -7.118277 ], [ -44.168948, -7.118184 ], [ -44.169238999999898, -7.118073 ], [ -44.169518, -7.118043 ], [ -44.169753, -7.118214 ], [ -44.170054, -7.118244 ], [ -44.170294, -7.118061 ], [ -44.170482999999898, -7.117976 ], [ -44.170624, -7.118244 ], [ -44.170752999999898, -7.118261 ], [ -44.170873, -7.117993 ], [ -44.171058, -7.117868 ], [ -44.171255, -7.117804 ], [ -44.171646, -7.117663 ], [ -44.171685, -7.117446 ], [ -44.171813, -7.117306 ], [ -44.172054, -7.117238 ], [ -44.172370999999899, -7.117004 ], [ -44.172787, -7.116719 ], [ -44.173006, -7.11668 ], [ -44.173169, -7.116906 ], [ -44.17347, -7.11717 ], [ -44.173781, -7.117172 ], [ -44.1743, -7.117317 ], [ -44.174502, -7.117163 ], [ -44.174751, -7.116908 ], [ -44.174982999999898, -7.116899 ], [ -44.175296, -7.117146 ], [ -44.175691, -7.117334 ], [ -44.17624, -7.117138 ], [ -44.176708, -7.116865 ], [ -44.176758999999898, -7.116508 ], [ -44.176729, -7.11621 ], [ -44.176845, -7.116108 ], [ -44.177098, -7.116133 ], [ -44.17733, -7.115925 ], [ -44.177509, -7.115806 ], [ -44.177655, -7.115644 ], [ -44.177702, -7.115321 ], [ -44.177677, -7.11492 ], [ -44.178019999999897, -7.114457 ], [ -44.177982, -7.113784 ], [ -44.17824, -7.113486 ], [ -44.178359999999898, -7.113188 ], [ -44.178416, -7.112886 ], [ -44.17869, -7.112775 ], [ -44.178982, -7.112771 ], [ -44.179307999999899, -7.11278 ], [ -44.179433, -7.112673 ], [ -44.179364, -7.112505 ], [ -44.179307999999899, -7.112032 ], [ -44.179386, -7.111794 ], [ -44.179549, -7.111807 ], [ -44.179673, -7.112062 ], [ -44.179905, -7.112024 ], [ -44.180137, -7.111611 ], [ -44.180273999999898, -7.111211 ], [ -44.180197, -7.111049 ], [ -44.179811, -7.110832 ], [ -44.179768, -7.110487 ], [ -44.179982, -7.11013 ], [ -44.180141, -7.110117 ], [ -44.180326, -7.110322 ], [ -44.180527, -7.110436 ], [ -44.180707, -7.110347 ], [ -44.180901999999897, -7.110047 ], [ -44.18155, -7.109711 ], [ -44.181743, -7.109702 ], [ -44.18206, -7.109881 ], [ -44.182356, -7.109787 ], [ -44.18261, -7.109553 ], [ -44.183112, -7.109034 ], [ -44.183193, -7.108659 ], [ -44.18333, -7.107652 ], [ -44.183257, -7.10743 ], [ -44.183064, -7.107226 ], [ -44.182918, -7.106928 ], [ -44.182792999999897, -7.106468 ], [ -44.182851, -7.10613 ], [ -44.183164, -7.105853 ], [ -44.183585, -7.105581 ], [ -44.183563, -7.105372 ], [ -44.18337, -7.1053 ], [ -44.183139, -7.105262 ], [ -44.183087, -7.104981 ], [ -44.183216, -7.104836 ], [ -44.183515999999898, -7.104709 ], [ -44.183795, -7.104428 ], [ -44.184018, -7.104083 ], [ -44.184005, -7.103683 ], [ -44.18395, -7.102882 ], [ -44.184057, -7.102461 ], [ -44.184258999999898, -7.102359 ], [ -44.184416999999897, -7.102418 ], [ -44.184765, -7.102504 ], [ -44.1851, -7.102448 ], [ -44.18519, -7.102176 ], [ -44.185223999999899, -7.101699 ], [ -44.185437, -7.101639 ], [ -44.185874, -7.101759 ], [ -44.186166, -7.101822 ], [ -44.186316, -7.101627 ], [ -44.186325, -7.101333 ], [ -44.186183, -7.101141 ], [ -44.186244, -7.10094 ], [ -44.186407, -7.100826 ], [ -44.186686, -7.100928 ], [ -44.186853, -7.100796 ], [ -44.186912999999898, -7.100481 ], [ -44.187158, -7.100443 ], [ -44.187445, -7.100357 ], [ -44.187492, -7.100114 ], [ -44.18757, -7.099599 ], [ -44.187527, -7.099237 ], [ -44.187680999999898, -7.099169 ], [ -44.187758, -7.099327 ], [ -44.18796, -7.099501 ], [ -44.188209, -7.099556 ], [ -44.188375999999899, -7.099335 ], [ -44.188423999999898, -7.099012 ], [ -44.188527, -7.098709 ], [ -44.188909, -7.097998 ], [ -44.189085, -7.097755 ], [ -44.189273, -7.097726 ], [ -44.189458, -7.097858 ], [ -44.189621, -7.097824 ], [ -44.189796999999899, -7.097526 ], [ -44.189921, -7.097372 ], [ -44.190089, -7.09736 ], [ -44.190316, -7.097589 ], [ -44.190883, -7.097509 ], [ -44.191089, -7.097377 ], [ -44.191054, -7.097147 ], [ -44.191183, -7.096977 ], [ -44.191402, -7.096994 ], [ -44.191659, -7.097045 ], [ -44.191975, -7.096907 ], [ -44.19261, -7.096583 ], [ -44.192868, -7.096541 ], [ -44.193146, -7.09672 ], [ -44.193451, -7.096783 ], [ -44.193687, -7.09672 ], [ -44.194048, -7.096209 ], [ -44.194257999999898, -7.095868 ], [ -44.194245, -7.095677 ], [ -44.194039, -7.095468 ], [ -44.193958, -7.095315 ], [ -44.194039, -7.095119 ], [ -44.194202, -7.094971 ], [ -44.194262, -7.094571 ], [ -44.194494, -7.094167 ], [ -44.194837, -7.093984 ], [ -44.195073, -7.093767 ], [ -44.195678, -7.093575 ], [ -44.196103, -7.093384 ], [ -44.196543, -7.09306 ], [ -44.196848, -7.093106 ], [ -44.196938, -7.093013 ], [ -44.196861, -7.092796 ], [ -44.196608, -7.09254 ], [ -44.196582, -7.09234 ], [ -44.196689, -7.092115 ], [ -44.19702, -7.092064 ], [ -44.197243, -7.092098 ], [ -44.197586, -7.092298 ], [ -44.197762, -7.092536 ], [ -44.198071, -7.09277 ], [ -44.19838, -7.092792 ], [ -44.198462, -7.092587 ], [ -44.198522, -7.092315 ], [ -44.198667999999898, -7.092294 ], [ -44.198839, -7.092468 ], [ -44.19923, -7.092957 ], [ -44.19947, -7.093 ], [ -44.199599, -7.09283 ], [ -44.199607, -7.092562 ], [ -44.199637, -7.09234 ], [ -44.199788, -7.092285 ], [ -44.200075, -7.092425 ], [ -44.200303, -7.092404 ], [ -44.200353999999898, -7.092183 ], [ -44.200273, -7.092089 ], [ -44.199811, -7.091933 ], [ -44.199798, -7.09175 ], [ -44.199876, -7.091592 ], [ -44.200056, -7.091422 ], [ -44.200004, -7.091256 ], [ -44.199888, -7.091103 ], [ -44.199579, -7.090566 ], [ -44.199703999999898, -7.090409 ], [ -44.19988, -7.090324 ], [ -44.20009, -7.090281 ], [ -44.200172, -7.090145 ], [ -44.200108999999898, -7.090041 ], [ -44.199934, -7.089918 ], [ -44.199728, -7.089709 ], [ -44.19974, -7.089526 ], [ -44.200097, -7.089283 ], [ -44.200263999999898, -7.089105 ], [ -44.200303, -7.088926 ], [ -44.200406, -7.088619 ], [ -44.200547, -7.088445 ], [ -44.200745, -7.088394 ], [ -44.200959, -7.088347 ], [ -44.201307, -7.088453 ], [ -44.201529999999899, -7.088751 ], [ -44.201564, -7.089113 ], [ -44.201619999999899, -7.089317 ], [ -44.202174, -7.089543 ], [ -44.202646, -7.08939 ], [ -44.202873, -7.089045 ], [ -44.203122, -7.088824 ], [ -44.203504, -7.088641 ], [ -44.20374, -7.088407 ], [ -44.204079, -7.088354 ], [ -44.20453, -7.088571 ], [ -44.20489, -7.088567 ], [ -44.205104999999897, -7.088069 ], [ -44.205315, -7.087554 ], [ -44.205482, -7.08746 ], [ -44.205846999999899, -7.087549 ], [ -44.205877, -7.087754 ], [ -44.205809, -7.088013 ], [ -44.205877, -7.088184 ], [ -44.206066, -7.088256 ], [ -44.206186, -7.088226 ], [ -44.206234, -7.087979 ], [ -44.206221, -7.087715 ], [ -44.206401, -7.087145 ], [ -44.206512, -7.087034 ], [ -44.206693, -7.087034 ], [ -44.206834, -7.087132 ], [ -44.207087999999899, -7.087464 ], [ -44.207306, -7.087532 ], [ -44.207541999999897, -7.087562 ], [ -44.207645, -7.087686 ], [ -44.207843, -7.08808 ], [ -44.208019, -7.088143 ], [ -44.208148, -7.087994 ], [ -44.208311, -7.087641 ], [ -44.208444, -7.087577 ], [ -44.208615, -7.087752 ], [ -44.208576999999899, -7.088126 ], [ -44.208362, -7.088641 ], [ -44.208422, -7.088905 ], [ -44.208602, -7.089046 ], [ -44.208989, -7.088986 ], [ -44.209379, -7.088718 ], [ -44.210165, -7.088284 ], [ -44.210907, -7.087969 ], [ -44.211542, -7.08782 ], [ -44.21172, -7.088036 ], [ -44.211763, -7.08839 ], [ -44.211875, -7.088717 ], [ -44.212153999999899, -7.088751 ], [ -44.212343, -7.088666 ], [ -44.212278, -7.088398 ], [ -44.212188, -7.088083 ], [ -44.212209, -7.087543 ], [ -44.212286999999897, -7.087415 ], [ -44.21242, -7.087364 ], [ -44.212736999999898, -7.087398 ], [ -44.212879, -7.08733 ], [ -44.212918, -7.08687 ], [ -44.212896, -7.086632 ], [ -44.212948, -7.08641 ], [ -44.213171, -7.086236 ], [ -44.213321, -7.08624 ], [ -44.213462999999898, -7.086402 ], [ -44.213677, -7.086896 ], [ -44.213892, -7.087151 ], [ -44.214111, -7.087142 ], [ -44.214301, -7.08705 ], [ -44.214507, -7.086791 ], [ -44.214888, -7.086288 ], [ -44.215343, -7.085914 ], [ -44.215854, -7.085492 ], [ -44.216411999999899, -7.085429 ], [ -44.216868, -7.085442 ], [ -44.217185, -7.085732 ], [ -44.217327, -7.085868 ], [ -44.217486, -7.085872 ], [ -44.21764, -7.085766 ], [ -44.217834, -7.085779 ], [ -44.217932, -7.085962 ], [ -44.218052, -7.086251 ], [ -44.218246, -7.086281 ], [ -44.218374, -7.086081 ], [ -44.218417, -7.085519 ], [ -44.218615, -7.085217 ], [ -44.218851, -7.085055 ], [ -44.219065, -7.085072 ], [ -44.219178999999897, -7.085234 ], [ -44.2191845, -7.08556819999995 ], [ -44.219185, -7.085616 ], [ -44.219439, -7.085927 ], [ -44.21961, -7.085999 ], [ -44.219795, -7.085871 ], [ -44.219962, -7.085807 ], [ -44.220146999999898, -7.085807 ], [ -44.220447, -7.086199 ], [ -44.220589, -7.086467 ], [ -44.220778, -7.086556 ], [ -44.220919, -7.08648 ], [ -44.221074, -7.086318 ], [ -44.221249999999898, -7.08619 ], [ -44.22146, -7.086148 ], [ -44.221679, -7.086246 ], [ -44.221863, -7.086501 ], [ -44.222048, -7.086599 ], [ -44.223335, -7.086671 ], [ -44.223988, -7.086604 ], [ -44.224021999999898, -7.086447 ], [ -44.223966, -7.086234 ], [ -44.223747, -7.085957 ], [ -44.223361, -7.085468 ], [ -44.223378, -7.085323 ], [ -44.223563, -7.085276 ], [ -44.223893, -7.085217 ], [ -44.224297, -7.08528 ], [ -44.224341, -7.085454 ], [ -44.224375, -7.085692 ], [ -44.224511999999898, -7.085905 ], [ -44.224713999999899, -7.085977 ], [ -44.224881, -7.085977 ], [ -44.22495, -7.085901 ], [ -44.224971, -7.085637 ], [ -44.224924, -7.085071 ], [ -44.225009999999898, -7.084964 ], [ -44.22522, -7.08493 ], [ -44.225516, -7.085003 ], [ -44.225761, -7.085215 ], [ -44.226061, -7.085696 ], [ -44.226202999999899, -7.085803 ], [ -44.226357999999898, -7.085807 ], [ -44.226585999999898, -7.085536 ], [ -44.226784, -7.085357 ], [ -44.227002, -7.084978 ], [ -44.227088, -7.08448 ], [ -44.227157, -7.084361 ], [ -44.227324, -7.084255 ], [ -44.22747, -7.084285 ], [ -44.227685, -7.084621 ], [ -44.227861, -7.084732 ], [ -44.22817, -7.084608 ], [ -44.228582, -7.084502 ], [ -44.229036999999899, -7.084276 ], [ -44.229316, -7.084025 ], [ -44.229665, -7.083593 ], [ -44.230296, -7.082959 ], [ -44.230691, -7.082725 ], [ -44.231421, -7.082457 ], [ -44.231721, -7.082261 ], [ -44.231888, -7.08221 ], [ -44.232013, -7.082252 ], [ -44.232184, -7.082465 ], [ -44.232343, -7.082652 ], [ -44.232574999999898, -7.082618 ], [ -44.232742, -7.082427 ], [ -44.232875, -7.08195 ], [ -44.233009, -7.081377 ], [ -44.233147, -7.081173 ], [ -44.233339999999899, -7.081143 ], [ -44.233609999999899, -7.081241 ], [ -44.23376, -7.081182 ], [ -44.233808, -7.080931 ], [ -44.23373, -7.08073 ], [ -44.233464, -7.080501 ], [ -44.233365999999897, -7.08016 ], [ -44.23344, -7.079502 ], [ -44.233603, -7.078945 ], [ -44.234018999999897, -7.078647 ], [ -44.234242, -7.078451 ], [ -44.234182, -7.078264 ], [ -44.233945999999897, -7.078187 ], [ -44.233637, -7.078127 ], [ -44.2335, -7.077898 ], [ -44.233508, -7.077651 ], [ -44.233842, -7.076717 ], [ -44.234348, -7.075828 ], [ -44.234881, -7.07507 ], [ -44.235301, -7.07487 ], [ -44.235565999999899, -7.074715 ], [ -44.235761, -7.074418 ], [ -44.236255, -7.073588 ], [ -44.236457, -7.072929 ], [ -44.236864, -7.072601 ], [ -44.237834, -7.072043 ], [ -44.237997, -7.071852 ], [ -44.238065999999897, -7.071542 ], [ -44.237813, -7.070912 ], [ -44.237757, -7.070665 ], [ -44.237894, -7.070461 ], [ -44.238245999999897, -7.070175 ], [ -44.238555, -7.070077 ], [ -44.239168999999897, -7.070184 ], [ -44.239460999999899, -7.07015 ], [ -44.239727, -7.069937 ], [ -44.239997, -7.069439 ], [ -44.240044, -7.069167 ], [ -44.240091999999898, -7.068642 ], [ -44.240383, -7.068216 ], [ -44.240538, -7.067808 ], [ -44.241422, -7.066709 ], [ -44.241731, -7.066667 ], [ -44.241971, -7.066914 ], [ -44.242229, -7.06699 ], [ -44.242609, -7.066772 ], [ -44.243287, -7.066069 ], [ -44.244256, -7.06552 ], [ -44.244471, -7.065167 ], [ -44.244487999999897, -7.064941 ], [ -44.244402, -7.064699 ], [ -44.244486, -7.06429 ], [ -44.244941, -7.064077 ], [ -44.245241, -7.06389 ], [ -44.245284, -7.063617 ], [ -44.245207, -7.06326 ], [ -44.245137999999898, -7.062817 ], [ -44.245201, -7.062241 ], [ -44.245012, -7.061713 ], [ -44.245024999999899, -7.061241 ], [ -44.245291, -7.060871 ], [ -44.245724, -7.060324 ], [ -44.246231, -7.059133 ], [ -44.246513999999898, -7.059064 ], [ -44.246591, -7.059379 ], [ -44.246418999999896, -7.059967 ], [ -44.246522, -7.060418 ], [ -44.246736999999897, -7.060461 ], [ -44.246969, -7.060018 ], [ -44.247046, -7.059507 ], [ -44.247611999999897, -7.058954 ], [ -44.248814, -7.057932 ], [ -44.250187, -7.057447 ], [ -44.251629, -7.057823 ], [ -44.254445, -7.05784 ], [ -44.256642, -7.057678 ], [ -44.257405999999897, -7.057687 ], [ -44.25779, -7.057619 ], [ -44.25809, -7.057279 ], [ -44.258202, -7.056615 ], [ -44.258116, -7.05618 ], [ -44.257592, -7.055644 ], [ -44.257447, -7.055304 ], [ -44.257481, -7.054989 ], [ -44.257652999999898, -7.054759 ], [ -44.258065, -7.054418 ], [ -44.258468, -7.054052 ], [ -44.258725, -7.053678 ], [ -44.258768, -7.053354 ], [ -44.258931, -7.053116 ], [ -44.25924, -7.053014 ], [ -44.259292, -7.052826 ], [ -44.259163, -7.052571 ], [ -44.258949, -7.05235 ], [ -44.258966, -7.052069 ], [ -44.259197, -7.051788 ], [ -44.259444, -7.051289 ], [ -44.260087999999897, -7.049688 ], [ -44.260723, -7.048743 ], [ -44.261916, -7.048181 ], [ -44.263392, -7.047739 ], [ -44.265118, -7.048028 ], [ -44.266289, -7.048486 ], [ -44.267508, -7.048759 ], [ -44.268211999999899, -7.048282 ], [ -44.268983999999897, -7.047992 ], [ -44.270426, -7.048486 ], [ -44.272692, -7.05007 ], [ -44.274804, -7.053015 ], [ -44.275973899999897, -7.05812059999994 ], [ -44.278759099999903, -7.051477 ], [ -44.2797853, -7.04526969999995 ] ] ] ] } },
{ "type": "Feature", "properties": { "CD_MUN": "2207850", "NM_MUN": "Pavussu", "CD_RGI": "220019", "NM_RGI": "Canto do Buriti", "CD_RGINT": "2206", "NM_RGINT": "Floriano", "CD_UF": "22", "NM_UF": "Piauí", "SIGLA_UF": "PI", "CD_REGIAO": "2", "NM_REGIAO": "Nordeste", "SIGLA_RG": "NE", "CD_CONCURB": null, "NM_CONCURB": null, "AREA_KM2": 1090.697 }, "geometry": { "type": "MultiPolygon", "coordinates": [ [ [ [ -43.1453513, -7.98002859999997 ], [ -43.2594493, -8.044233 ], [ -43.2599769, -8.04452989999993 ], [ -43.267444899999902, -8.048732199999961 ], [ -43.2687033999999, -8.04944039999998 ], [ -43.3209247, -8.07882739999997 ], [ -43.3752162, -8.055027099999959 ], [ -43.3755399, -8.05488509999998 ], [ -43.412561299999901, -8.03864469999996 ], [ -43.4922693, -8.12057389999995 ], [ -43.4930398, -8.064131199999959 ], [ -43.5375008, -7.92270079999997 ], [ -43.3038658, -7.71151669999995 ], [ -43.2863401, -7.69567519999993 ], [ -43.262191099999903, -7.78030149999995 ], [ -43.2611755, -7.78385469999995 ], [ -43.237119499999899, -7.86802249999994 ], [ -43.2367232, -7.86940819999995 ], [ -43.233837299999898, -7.867689 ], [ -43.2333891, -7.86782969999996 ], [ -43.2328323, -7.86859 ], [ -43.2321712, -7.86889519999994 ], [ -43.2315267, -7.86891269999995 ], [ -43.23017, -7.86837969999993 ], [ -43.2285894, -7.86846519999995 ], [ -43.2273144, -7.86869089999993 ], [ -43.2265767, -7.86897809999994 ], [ -43.225525699999899, -7.87198829999994 ], [ -43.1998197, -7.86728879999993 ], [ -43.175899, -7.85402449999998 ], [ -43.173099799999903, -7.85609929999993 ], [ -43.172857399999899, -7.85627889999995 ], [ -43.1727969, -7.85632379999993 ], [ -43.172769699999897, -7.85634389999996 ], [ -43.1075605, -7.90466 ], [ -43.1377087, -7.93690219999996 ], [ -43.1262444, -7.96927679999993 ], [ -43.1450255, -7.97984529999997 ], [ -43.1453513, -7.98002859999997 ] ] ] ] } },
{ "type": "Feature", "properties": { "CD_MUN": "2207355", "NM_MUN": "Pajeú do Piauí", "CD_RGI": "220019", "NM_RGI": "Canto do Buriti", "CD_RGINT": "2206", "NM_RGINT": "Floriano", "CD_UF": "22", "NM_UF": "Piauí", "SIGLA_UF": "PI", "CD_REGIAO": "2", "NM_REGIAO": "Nordeste", "SIGLA_RG": "NE", "CD_CONCURB": null, "NM_CONCURB": null, "AREA_KM2": 986.961 }, "geometry": { "type": "MultiPolygon", "coordinates": [ [ [ [ -42.7097209, -7.95927109999997 ], [ -42.7119693, -7.97662049999997 ], [ -42.7118945, -8.019893799999981 ], [ -42.7332211, -8.01684819999997 ], [ -42.7562124, -8.040927 ], [ -42.7861139, -8.045608699999949 ], [ -42.826646099999898, -8.07085659999996 ], [ -42.8498005, -8.077987499999949 ], [ -42.851184799999899, -8.07744219999995 ], [ -42.8526529, -8.076980799999941 ], [ -42.8540371, -8.076980799999941 ], [ -42.8554214, -8.07706459999997 ], [ -42.856512, -8.077232399999961 ], [ -42.8572546, -8.077497 ], [ -42.860447, -8.076938 ], [ -42.8724746, -8.074736199999959 ], [ -42.9353053, -8.06323419999995 ], [ -42.9358493, -8.06292359999998 ], [ -42.935960899999898, -8.06285989999998 ], [ -42.965248599999903, -8.04613289999998 ], [ -42.965437, -8.04602529999994 ], [ -42.9656452, -8.04590619999993 ], [ -42.9658335, -8.04579859999996 ], [ -42.9699, -8.037442 ], [ -42.9753985, -8.02614249999993 ], [ -42.9754421, -8.02605289999997 ], [ -42.9890604, -7.99805929999997 ], [ -42.9906262, -7.99737269999997 ], [ -42.992480999999898, -7.996167 ], [ -42.9935839, -7.99491389999997 ], [ -42.9944369, -7.99367479999995 ], [ -42.995449199999896, -7.99164739999998 ], [ -42.995834699999897, -7.99031519999994 ], [ -42.9959631, -7.989194 ], [ -42.996406299999897, -7.98793879999994 ], [ -42.9965377, -7.98690819999996 ], [ -42.9963863, -7.985967 ], [ -42.9953007, -7.98353479999997 ], [ -42.995335399999902, -7.98298939999995 ], [ -42.996185099999899, -7.98220579999997 ], [ -42.9978806, -7.98151719999993 ], [ -42.998753899999897, -7.98080369999997 ], [ -43.000429499999903, -7.97943479999998 ], [ -43.0030636, -7.97896169999996 ], [ -43.004699, -7.97787879999993 ], [ -43.0087597, -7.97410689999998 ], [ -43.0105526, -7.972933 ], [ -43.0129722, -7.97166969999995 ], [ -43.015298099999903, -7.97014089999993 ], [ -43.016120199999897, -7.96896469999996 ], [ -43.0168517, -7.96616749999993 ], [ -43.017386299999899, -7.96487989999997 ], [ -43.0181980999999, -7.96330819999997 ], [ -43.0196653, -7.96165919999993 ], [ -43.024442599999901, -7.95710229999997 ], [ -43.0286431, -7.95414719999997 ], [ -43.030207399999902, -7.952625 ], [ -43.0369514, -7.94749139999993 ], [ -43.041096599999896, -7.943614 ], [ -43.0501732, -7.93853039999993 ], [ -43.0524353, -7.93787539999994 ], [ -43.055217099999901, -7.93641379999997 ], [ -43.0576785, -7.93533209999993 ], [ -43.0602368999999, -7.93465439999994 ], [ -43.061744299999901, -7.93487459999994 ], [ -43.063106499999897, -7.93482889999996 ], [ -43.0598914999999, -7.92117649999994 ], [ -43.059325999999899, -7.91068639999997 ], [ -42.9594207, -7.89419629999998 ], [ -42.8984924, -7.88413959999997 ], [ -42.889576599999899, -7.86211979999996 ], [ -42.889361, -7.86158709999995 ], [ -42.8754468, -7.82722779999995 ], [ -42.872283099999898, -7.81941869999997 ], [ -42.8456236, -7.753613 ], [ -42.8438151, -7.74915119999997 ], [ -42.8438073, -7.74913189999995 ], [ -42.803333199999898, -7.64927519999998 ], [ -42.756243099999899, -7.70195719999998 ], [ -42.7380544, -7.72199929999994 ], [ -42.737169799999897, -7.72297349999997 ], [ -42.735946199999901, -7.72432089999995 ], [ -42.6863083, -7.77898189999996 ], [ -42.6873032, -7.78662679999996 ], [ -42.6873722999999, -7.78715729999993 ], [ -42.697167, -7.86250659999996 ], [ -42.6971723999999, -7.86254819999994 ], [ -42.7093312, -7.95626389999995 ], [ -42.7097209, -7.95927109999997 ] ] ] ] } },
{ "type": "Feature", "properties": { "CD_MUN": "2206704", "NM_MUN": "Nazaré do Piauí", "CD_RGI": "220017", "NM_RGI": "Floriano", "CD_RGINT": "2206", "NM_RGINT": "Floriano", "CD_UF": "22", "NM_UF": "Piauí", "SIGLA_UF": "PI", "CD_REGIAO": "2", "NM_REGIAO": "Nordeste", "SIGLA_RG": "NE", "CD_CONCURB": null, "NM_CONCURB": null, "AREA_KM2": 1316.762 }, "geometry": { "type": "MultiPolygon", "coordinates": [ [ [ [ -42.6510939, -7.10897309999996 ], [ -42.637779099999896, -7.15865019999995 ], [ -42.6533673, -7.18653089999998 ], [ -42.6534402999999, -7.18666139999993 ], [ -42.6537172, -7.18715679999997 ], [ -42.662288799999899, -7.20248869999995 ], [ -42.6044686, -7.37977229999996 ], [ -42.6228614999999, -7.35267579999993 ], [ -42.6599815, -7.35214929999995 ], [ -42.6747253999999, -7.31018589999996 ], [ -42.6977823, -7.29225369999995 ], [ -42.688372199999897, -7.26339949999993 ], [ -42.7059838, -7.192158 ], [ -42.7262473, -7.19135639999996 ], [ -42.776988, -7.280914 ], [ -42.7770254, -7.28097989999998 ], [ -42.7850157, -7.29508549999997 ], [ -42.8155394, -7.27975179999993 ], [ -42.852428, -7.21461629999993 ], [ -42.9306079, -7.19300329999993 ], [ -42.944241, -7.13495449999994 ], [ -42.9442677, -7.13483779999996 ], [ -42.944602099999898, -7.13341369999995 ], [ -42.940401999999899, -7.12712049999993 ], [ -42.9397278, -7.12611049999998 ], [ -42.9396636, -7.12601439999997 ], [ -42.8754331, -7.02979719999996 ], [ -42.8729225, -7.02603639999995 ], [ -42.854834299999901, -6.99894679999994 ], [ -42.854151, -6.99792369999994 ], [ -42.7988718, -6.91515829999997 ], [ -42.7988621, -6.91491619999994 ], [ -42.7988607999999, -6.91488219999997 ], [ -42.7988592, -6.91484219999995 ], [ -42.7945142, -6.80569249999996 ], [ -42.7932752, -6.77456849999993 ], [ -42.6941305, -6.83498529999997 ], [ -42.6900008, -6.83750009999994 ], [ -42.6896666, -6.83770359999994 ], [ -42.6890379, -6.83808649999997 ], [ -42.6887492, -6.83826229999994 ], [ -42.6874657, -6.83904389999998 ], [ -42.665873, -6.85219089999993 ], [ -42.6212439, -6.79927979999997 ], [ -42.6146871, -6.79150629999998 ], [ -42.6142747, -6.79288379999997 ], [ -42.6125981, -6.79515379999998 ], [ -42.6079535, -6.79728489999997 ], [ -42.5979215, -6.799106 ], [ -42.5988045, -6.79978269999998 ], [ -42.599813299999902, -6.80066019999992 ], [ -42.6010431999999, -6.80190659999994 ], [ -42.602282699999897, -6.802558 ], [ -42.6030562, -6.80317109999993 ], [ -42.6044881, -6.80486209999998 ], [ -42.605512299999901, -6.80645849999996 ], [ -42.6063182, -6.80795239999998 ], [ -42.606457, -6.80858189999998 ], [ -42.6065311999999, -6.80892419999998 ], [ -42.6065184, -6.81025369999998 ], [ -42.6063854, -6.81203279999994 ], [ -42.6064092, -6.813081 ], [ -42.6065833, -6.81370949999996 ], [ -42.60714, -6.81438149999997 ], [ -42.6077614, -6.81564129999992 ], [ -42.6079318, -6.81676479999993 ], [ -42.607653099999901, -6.81805169999996 ], [ -42.6067019, -6.81949339999994 ], [ -42.6064079, -6.82115159999995 ], [ -42.606523099999897, -6.82272709999995 ], [ -42.6064306, -6.82367859999994 ], [ -42.6064765, -6.82467409999998 ], [ -42.6059225, -6.82603979999993 ], [ -42.6053717, -6.82685909999998 ], [ -42.6036475, -6.82815329999994 ], [ -42.602695, -6.82896859999994 ], [ -42.602213999999897, -6.82951369999995 ], [ -42.6020707, -6.830471 ], [ -42.6026773, -6.83246059999993 ], [ -42.6034908, -6.83397069999995 ], [ -42.6040315, -6.83527389999995 ], [ -42.604089499999901, -6.83719139999994 ], [ -42.602922799999902, -6.83814449999994 ], [ -42.6014552, -6.83835609999994 ], [ -42.6004358, -6.83814709999996 ], [ -42.5990116, -6.83742469999993 ], [ -42.59814, -6.83750379999998 ], [ -42.59745, -6.83880159999995 ], [ -42.597465999999898, -6.84058319999997 ], [ -42.5966342, -6.84333769999995 ], [ -42.5955733, -6.84481739999995 ], [ -42.5937843, -6.847068 ], [ -42.592275599999901, -6.84808669999995 ], [ -42.5907194, -6.848486 ], [ -42.5900791, -6.84824309999993 ], [ -42.5897001, -6.84782179999996 ], [ -42.589440399999901, -6.847107 ], [ -42.5887723, -6.84587449999998 ], [ -42.5880804, -6.84518159999993 ], [ -42.587079399999901, -6.84477149999998 ], [ -42.585841199999898, -6.844968 ], [ -42.5848808, -6.84550009999998 ], [ -42.584273799999899, -6.84635519999995 ], [ -42.583736, -6.84865959999996 ], [ -42.583176099999903, -6.84992389999996 ], [ -42.580036, -6.85550539999997 ], [ -42.5793717, -6.85644519999994 ], [ -42.578455899999902, -6.85700659999998 ], [ -42.5763746, -6.85763659999998 ], [ -42.5752682, -6.85773049999995 ], [ -42.5742542, -6.85830829999998 ], [ -42.573047, -6.86025629999995 ], [ -42.5724508, -6.86178309999997 ], [ -42.5722082, -6.86380679999996 ], [ -42.5717418, -6.86449309999995 ], [ -42.5710501, -6.86517939999993 ], [ -42.5701091, -6.86561959999995 ], [ -42.569148799999901, -6.86637149999996 ], [ -42.568061999999898, -6.86741219999993 ], [ -42.566898799999898, -6.868994 ], [ -42.5666004999999, -6.86912979999994 ], [ -42.6011051, -6.96804619999995 ], [ -42.6254165, -6.99753319999996 ], [ -42.643782299999899, -6.98597139999993 ], [ -42.6460212, -7.00765189999993 ], [ -42.6460838, -7.00825779999997 ], [ -42.646195299999903, -7.00934869999998 ], [ -42.646361199999902, -7.01093839999993 ], [ -42.654975099999902, -7.09448509999993 ], [ -42.6510939, -7.10897309999996 ] ] ] ] } },
{ "type": "Feature", "properties": { "CD_MUN": "2205904", "NM_MUN": "Manoel Emídio", "CD_RGI": "220018", "NM_RGI": "Uruçuí", "CD_RGINT": "2206", "NM_RGINT": "Floriano", "CD_UF": "22", "NM_UF": "Piauí", "SIGLA_UF": "PI", "CD_REGIAO": "2", "NM_REGIAO": "Nordeste", "SIGLA_RG": "NE", "CD_CONCURB": null, "NM_CONCURB": null, "AREA_KM2": 1620.412 }, "geometry": { "type": "MultiPolygon", "coordinates": [ [ [ [ -44.3835185, -8.366143 ], [ -44.3626333, -8.29546229999994 ], [ -44.173018899999903, -8.278471799999981 ], [ -44.172849, -8.27845549999995 ], [ -44.1296843, -8.27457719999995 ], [ -44.1166681, -8.170185099999969 ], [ -44.1016313, -8.04958779999993 ], [ -44.1016006, -8.04934259999993 ], [ -44.1015806999999, -8.04918329999998 ], [ -44.0990939, -8.02928559999998 ], [ -43.975012299999896, -8.003162599999939 ], [ -43.8663326, -7.97599039999994 ], [ -43.8628304, -7.97628009999994 ], [ -43.8616249, -7.97637979999996 ], [ -43.861569099999898, -7.97638429999995 ], [ -43.8614911, -7.97639089999996 ], [ -43.792870799999903, -7.98209559999998 ], [ -43.7920808, -7.98342089999994 ], [ -43.7913073, -7.98500709999996 ], [ -43.7911897, -7.98603019999996 ], [ -43.7915762, -7.98717969999996 ], [ -43.7921069, -7.98806339999993 ], [ -43.7928845, -7.98897669999997 ], [ -43.7930732, -7.98991749999993 ], [ -43.792557799999898, -7.99060209999993 ], [ -43.790604099999896, -7.99164369999994 ], [ -43.7892476, -7.99264249999993 ], [ -43.7885747999999, -7.99391129999998 ], [ -43.7882571, -7.994905 ], [ -43.7886179, -7.99586009999996 ], [ -43.789458599999897, -7.99621029999997 ], [ -43.791093299999901, -7.99626039999993 ], [ -43.7915897, -7.99659789999993 ], [ -43.7919687, -7.99762369999996 ], [ -43.7923044, -7.99788929999994 ], [ -43.7930641, -7.99785369999995 ], [ -43.7934235, -7.99800179999994 ], [ -43.7940545, -7.99866239999994 ], [ -43.7945161, -7.99898989999997 ], [ -43.7951962, -7.99911719999994 ], [ -43.7956816, -7.99940759999993 ], [ -43.7957266, -7.99991389999997 ], [ -43.7954549, -8.00036419999998 ], [ -43.7947468, -8.001145799999961 ], [ -43.794527, -8.001829599999949 ], [ -43.7946373999999, -8.002593899999971 ], [ -43.795277499999898, -8.003245699999979 ], [ -43.7953668, -8.003639699999949 ], [ -43.795096999999899, -8.00419349999993 ], [ -43.795248199999897, -8.004792099999969 ], [ -43.7959683, -8.005916099999981 ], [ -43.7968635, -8.007689 ], [ -43.7975781, -8.00911169999995 ], [ -43.797944399999899, -8.01026909999996 ], [ -43.7982817, -8.011275 ], [ -43.798271999999898, -8.01213289999993 ], [ -43.7978866999999, -8.01231869999998 ], [ -43.7972311, -8.01221979999997 ], [ -43.7967667, -8.01246169999996 ], [ -43.7967373, -8.01320219999997 ], [ -43.7969921, -8.01426419999996 ], [ -43.7973757, -8.01496619999995 ], [ -43.797367699999903, -8.015353199999939 ], [ -43.7969876, -8.01570589999994 ], [ -43.7964939, -8.01603239999997 ], [ -43.796321799999902, -8.016585099999929 ], [ -43.797219599999899, -8.018480499999949 ], [ -43.7975248, -8.01875649999994 ], [ -43.7982297, -8.01902439999998 ], [ -43.7983518, -8.01933419999995 ], [ -43.798424699999899, -8.020077599999979 ], [ -43.7986121, -8.020876499999931 ], [ -43.798986399999897, -8.02150579999994 ], [ -43.799592699999899, -8.02162669999996 ], [ -43.800216799999902, -8.021992 ], [ -43.800441299999903, -8.02282439999993 ], [ -43.800372799999899, -8.02361519999994 ], [ -43.800023699999898, -8.02383959999997 ], [ -43.7996749, -8.024063899999931 ], [ -43.798960399999899, -8.024294899999971 ], [ -43.798231299999898, -8.024214499999969 ], [ -43.7978853, -8.023872799999941 ], [ -43.7975552999999, -8.023549 ], [ -43.796868199999899, -8.023665499999939 ], [ -43.7965113, -8.023811399999939 ], [ -43.7963194, -8.02417579999997 ], [ -43.796221499999902, -8.024617399999951 ], [ -43.7960216, -8.024784299999959 ], [ -43.795490399999899, -8.02461439999996 ], [ -43.7949927, -8.024541499999939 ], [ -43.793967699999897, -8.02486719999996 ], [ -43.7930903, -8.02524429999994 ], [ -43.7926393, -8.025799399999929 ], [ -43.7923471, -8.02693109999996 ], [ -43.7924581, -8.02766789999993 ], [ -43.7926704, -8.028017199999971 ], [ -43.793221199999898, -8.02799379999993 ], [ -43.793632499999902, -8.02806669999995 ], [ -43.7938588, -8.02845389999993 ], [ -43.793881499999898, -8.02910849999995 ], [ -43.7939823, -8.02971829999996 ], [ -43.7944295, -8.03027379999997 ], [ -43.7950254, -8.03029189999995 ], [ -43.795523499999902, -8.030345599999981 ], [ -43.795905199999901, -8.03041479999996 ], [ -43.7963794, -8.03015959999993 ], [ -43.797134099999901, -8.02977539999995 ], [ -43.797621999999897, -8.02971229999997 ], [ -43.7979422, -8.029987899999981 ], [ -43.798060399999898, -8.030406899999949 ], [ -43.7979958, -8.03087849999997 ], [ -43.797994199999899, -8.031286899999939 ], [ -43.798217899999898, -8.03153729999997 ], [ -43.7989461, -8.031255 ], [ -43.799762, -8.03091219999993 ], [ -43.800455999999897, -8.03093349999995 ], [ -43.8011478, -8.03122059999993 ], [ -43.801361, -8.03151189999994 ], [ -43.8013592, -8.031996499999931 ], [ -43.8009127, -8.03216339999994 ], [ -43.8003052, -8.032144899999929 ], [ -43.799854099999898, -8.03241079999998 ], [ -43.7997022, -8.03290189999996 ], [ -43.800060099999897, -8.03359879999994 ], [ -43.800302499999901, -8.034225499999931 ], [ -43.800058, -8.035382499999971 ], [ -43.7999813, -8.036159899999969 ], [ -43.799718299999903, -8.036517199999929 ], [ -43.7991038, -8.03655909999998 ], [ -43.7979903, -8.03636309999996 ], [ -43.7973751, -8.03642529999996 ], [ -43.796879299999901, -8.03693369999996 ], [ -43.7964585, -8.037722899999951 ], [ -43.796366599999899, -8.03902869999996 ], [ -43.796295299999898, -8.03982579999996 ], [ -43.796553199999899, -8.040373799999941 ], [ -43.7966716, -8.040871 ], [ -43.7962735, -8.041408599999951 ], [ -43.7960439, -8.04174479999995 ], [ -43.7960073, -8.04220449999997 ], [ -43.7964564, -8.042714399999969 ], [ -43.7970119, -8.04334009999997 ], [ -43.7973838999999, -8.04415709999995 ], [ -43.7972564, -8.044988399999969 ], [ -43.7973271, -8.04579279999996 ], [ -43.797911999999897, -8.04632539999994 ], [ -43.798465099999902, -8.04657819999994 ], [ -43.799078699999903, -8.046361 ], [ -43.7992532, -8.046010499999969 ], [ -43.799295099999902, -8.045593599999959 ], [ -43.799179, -8.04518849999994 ], [ -43.798615299999902, -8.04503 ], [ -43.7983495, -8.044799099999979 ], [ -43.798393599999898, -8.04424959999994 ], [ -43.7986907, -8.04384689999995 ], [ -43.7992171, -8.043697499999951 ], [ -43.7997616, -8.043610399999981 ], [ -43.800467, -8.043839399999969 ], [ -43.8011463, -8.044395499999951 ], [ -43.801389399999898, -8.044871899999981 ], [ -43.8014143, -8.045337399999941 ], [ -43.8009863999999, -8.046103099999931 ], [ -43.8010169, -8.04677339999995 ], [ -43.8011226, -8.047456699999939 ], [ -43.8009481, -8.04774009999994 ], [ -43.800406199999898, -8.048087 ], [ -43.7999899, -8.04892479999995 ], [ -43.7993016, -8.049684799999969 ], [ -43.798667, -8.049941599999951 ], [ -43.798091999999897, -8.05019869999995 ], [ -43.7980049, -8.050514 ], [ -43.7982605999999, -8.05103609999998 ], [ -43.798688599999899, -8.051212699999949 ], [ -43.7990389, -8.05095749999998 ], [ -43.7995442, -8.05080869999995 ], [ -43.7999278, -8.05104619999997 ], [ -43.7998967, -8.05155489999993 ], [ -43.799261499999901, -8.05232059999997 ], [ -43.7988032, -8.05284329999995 ], [ -43.7985871, -8.053269899999981 ], [ -43.798594, -8.05391319999995 ], [ -43.798763199999897, -8.054328399999971 ], [ -43.7994614999999, -8.054455 ], [ -43.7996855, -8.05479689999993 ], [ -43.7997882, -8.055525299999941 ], [ -43.8001002, -8.05600609999993 ], [ -43.80069, -8.05608529999995 ], [ -43.8011447, -8.056099299999969 ], [ -43.801598, -8.056417799999959 ], [ -43.801715699999903, -8.05698539999997 ], [ -43.8015549, -8.05731989999992 ], [ -43.8013589, -8.057611599999969 ], [ -43.8014152, -8.057928899999981 ], [ -43.8019474, -8.058102199999951 ], [ -43.8023287, -8.058446 ], [ -43.802669799999897, -8.059248799999979 ], [ -43.8026262, -8.059781599999949 ], [ -43.8023597, -8.060245699999941 ], [ -43.802335899999903, -8.06054489999997 ], [ -43.8029377, -8.06126809999995 ], [ -43.8030153, -8.06167409999995 ], [ -43.802890299999902, -8.06203449999998 ], [ -43.8022572, -8.062466899999951 ], [ -43.8021012, -8.062808799999971 ], [ -43.80198, -8.06348819999994 ], [ -43.8017679, -8.06386329999998 ], [ -43.8013046, -8.06445 ], [ -43.801057199999903, -8.064797299999951 ], [ -43.801072, -8.065177499999949 ], [ -43.8013597, -8.06557559999993 ], [ -43.801312799999899, -8.065972699999969 ], [ -43.8010231, -8.06618929999996 ], [ -43.800469099999901, -8.06613039999996 ], [ -43.800070499999897, -8.066328299999951 ], [ -43.799949599999898, -8.06666489999998 ], [ -43.800066199999897, -8.066881499999971 ], [ -43.8007435, -8.06705739999995 ], [ -43.801240499999899, -8.06738679999995 ], [ -43.8013046, -8.06785569999994 ], [ -43.8011887, -8.068212 ], [ -43.8006596, -8.068734799999961 ], [ -43.8001408, -8.06901269999997 ], [ -43.799682699999899, -8.06905439999997 ], [ -43.7992767, -8.06891689999998 ], [ -43.7989456, -8.06899039999996 ], [ -43.7986553, -8.069134199999951 ], [ -43.7983882, -8.069056899999961 ], [ -43.7983027, -8.06862119999994 ], [ -43.7982488, -8.06805119999996 ], [ -43.7980277999999, -8.067669099999931 ], [ -43.7973352, -8.067312 ], [ -43.7966041, -8.06731909999996 ], [ -43.7960492999999, -8.067404799999959 ], [ -43.7952035, -8.068302499999961 ], [ -43.7945625999999, -8.068998099999931 ], [ -43.7945412, -8.06927 ], [ -43.794700799999902, -8.06954919999993 ], [ -43.795219, -8.06974409999998 ], [ -43.7953504, -8.070027799999931 ], [ -43.7954268, -8.07054569999997 ], [ -43.7953605, -8.07101089999998 ], [ -43.795642299999898, -8.071391299999959 ], [ -43.795728499999903, -8.07173789999996 ], [ -43.7956551, -8.072013099999941 ], [ -43.7953993, -8.07213219999994 ], [ -43.7946582, -8.072179299999959 ], [ -43.794195499999901, -8.07237919999994 ], [ -43.7937729, -8.07309009999994 ], [ -43.7940437, -8.074170299999929 ], [ -43.794841, -8.075374499999951 ], [ -43.795423899999903, -8.075826799999961 ], [ -43.796713899999901, -8.076369899999969 ], [ -43.797323499999898, -8.076474299999971 ], [ -43.7976907, -8.07601279999994 ], [ -43.7978261, -8.075438199999949 ], [ -43.7980365, -8.07506319999993 ], [ -43.7985738, -8.074856399999931 ], [ -43.7992252, -8.074776499999929 ], [ -43.7999533999999, -8.074948 ], [ -43.800341199999899, -8.075795 ], [ -43.800584699999902, -8.076285 ], [ -43.801035899999903, -8.07638359999993 ], [ -43.801424499999897, -8.076229 ], [ -43.8016358, -8.07587859999995 ], [ -43.801795599999899, -8.07567659999995 ], [ -43.802075199999898, -8.075653599999949 ], [ -43.8025481, -8.075776299999969 ], [ -43.8028649, -8.07613179999993 ], [ -43.802830899999897, -8.076939099999951 ], [ -43.802948, -8.078106499999929 ], [ -43.8033288, -8.078699 ], [ -43.8035154, -8.07884819999992 ], [ -43.8039489, -8.079194899999949 ], [ -43.804566599999902, -8.08020119999998 ], [ -43.8048057, -8.081669499999981 ], [ -43.805182, -8.08208749999994 ], [ -43.8052838999999, -8.08251619999993 ], [ -43.804996399999901, -8.08315319999997 ], [ -43.8048779, -8.08376679999998 ], [ -43.8050626, -8.084546199999981 ], [ -43.8056908, -8.085268799999939 ], [ -43.8061853, -8.08543009999994 ], [ -43.8068446, -8.085326299999959 ], [ -43.807446399999897, -8.08529179999994 ], [ -43.807711299999902, -8.08555749999994 ], [ -43.8077456, -8.08609719999993 ], [ -43.807451899999897, -8.08659619999997 ], [ -43.806350699999903, -8.087501199999959 ], [ -43.8052991, -8.08877079999996 ], [ -43.804211199999898, -8.089969399999969 ], [ -43.8040023, -8.090700799999979 ], [ -43.804212999999898, -8.09128959999993 ], [ -43.8047247, -8.092261699999939 ], [ -43.8056551, -8.09347849999995 ], [ -43.8057008, -8.09401489999993 ], [ -43.8056323, -8.094407599999951 ], [ -43.805954, -8.094650299999961 ], [ -43.8070031, -8.09476009999997 ], [ -43.8077403, -8.09479549999998 ], [ -43.8080477, -8.094492499999941 ], [ -43.8081243, -8.094131 ], [ -43.807972, -8.093987599999929 ], [ -43.8077197, -8.093908 ], [ -43.8075923, -8.09359559999996 ], [ -43.807829599999899, -8.093287 ], [ -43.808244499999901, -8.093113899999929 ], [ -43.8097200999999, -8.093083499999979 ], [ -43.8101824, -8.093273299999961 ], [ -43.810220699999903, -8.09399909999996 ], [ -43.8096681, -8.09507029999997 ], [ -43.8090744, -8.095782499999929 ], [ -43.8085546, -8.095973 ], [ -43.8081433, -8.09654559999996 ], [ -43.807604599999898, -8.096973099999961 ], [ -43.806707199999899, -8.09709249999997 ], [ -43.806290499999903, -8.096878299999959 ], [ -43.8057707, -8.09663119999993 ], [ -43.8053272, -8.09670259999996 ], [ -43.8049392, -8.09701379999996 ], [ -43.8048464, -8.09755279999996 ], [ -43.8049713, -8.09832479999994 ], [ -43.8049305, -8.098975199999931 ], [ -43.80454, -8.099963699999931 ], [ -43.804437499999899, -8.100906299999959 ], [ -43.8047611, -8.102006499999961 ], [ -43.804670499999901, -8.102505399999931 ], [ -43.8044669, -8.10336369999993 ], [ -43.8049151, -8.104242399999981 ], [ -43.805222699999902, -8.104464699999941 ], [ -43.806962499999898, -8.105174099999941 ], [ -43.8072988, -8.10536949999994 ], [ -43.8074660999999, -8.105695 ], [ -43.8074316, -8.10617559999997 ], [ -43.807241299999902, -8.106789699999981 ], [ -43.8069621, -8.10728359999996 ], [ -43.8064312, -8.10782369999993 ], [ -43.8064995, -8.109193399999979 ], [ -43.807351599999897, -8.111754 ], [ -43.807668, -8.112314799999981 ], [ -43.8085387, -8.11298 ], [ -43.808933599999897, -8.11372479999994 ], [ -43.808904599999899, -8.114849199999981 ], [ -43.8090086, -8.11523979999993 ], [ -43.8098229, -8.115843 ], [ -43.8106271, -8.11635229999996 ], [ -43.8111582, -8.11627139999996 ], [ -43.8116322, -8.116278899999941 ], [ -43.812036799999902, -8.116499899999949 ], [ -43.8124649, -8.11655519999994 ], [ -43.8125645, -8.116930899999939 ], [ -43.812388999999897, -8.117511299999929 ], [ -43.8119614, -8.118218799999971 ], [ -43.8111287, -8.118873 ], [ -43.8107021, -8.11994439999995 ], [ -43.8106701, -8.12106739999996 ], [ -43.8109904, -8.12170529999997 ], [ -43.8112611, -8.12214559999995 ], [ -43.8116393, -8.122133899999939 ], [ -43.811972, -8.12195269999995 ], [ -43.8125722, -8.12174649999997 ], [ -43.8130186, -8.121803599999961 ], [ -43.813890199999904, -8.122297599999969 ], [ -43.8149653, -8.12302249999993 ], [ -43.8156766, -8.123600799999959 ], [ -43.815659799999899, -8.12471649999998 ], [ -43.8149293, -8.125717799999959 ], [ -43.813763299999898, -8.12658779999998 ], [ -43.8129125, -8.12729989999997 ], [ -43.8125471, -8.12743309999996 ], [ -43.8121345, -8.127656299999961 ], [ -43.812078799999902, -8.128105 ], [ -43.8122867, -8.128597499999961 ], [ -43.812865499999901, -8.128907099999941 ], [ -43.813403799999897, -8.128849499999941 ], [ -43.8139601, -8.12852219999996 ], [ -43.814290899999897, -8.12831549999993 ], [ -43.8146469, -8.128373799999959 ], [ -43.8152526, -8.12913619999995 ], [ -43.8154185, -8.130613199999971 ], [ -43.8152646, -8.131733799999949 ], [ -43.8148366, -8.132236199999969 ], [ -43.814521, -8.132315899999981 ], [ -43.814051999999897, -8.13221559999994 ], [ -43.8136238, -8.13221179999994 ], [ -43.8133993, -8.13252479999994 ], [ -43.8132803, -8.133017299999951 ], [ -43.8128998, -8.133416899999929 ], [ -43.8123264, -8.133663899999929 ], [ -43.811771399999898, -8.133605799999939 ], [ -43.8115564, -8.13328629999995 ], [ -43.81149, -8.13264879999997 ], [ -43.8116155, -8.13215489999993 ], [ -43.8114983, -8.13173269999993 ], [ -43.8110397, -8.13111469999996 ], [ -43.809827299999903, -8.130810099999961 ], [ -43.8088577, -8.130802799999969 ], [ -43.8083574, -8.131062899999961 ], [ -43.8074946, -8.132079199999961 ], [ -43.8074147, -8.13266929999998 ], [ -43.807626599999899, -8.133003 ], [ -43.8077575, -8.133408199999961 ], [ -43.807634699999902, -8.133793499999969 ], [ -43.807332, -8.13406559999993 ], [ -43.8069975, -8.134372399999959 ], [ -43.805890599999898, -8.134993799999959 ], [ -43.8055348, -8.135679099999949 ], [ -43.805582399999899, -8.136192899999971 ], [ -43.8054632, -8.13664329999995 ], [ -43.8050079, -8.13692469999995 ], [ -43.804802, -8.13760089999994 ], [ -43.8044904, -8.13803049999996 ], [ -43.804475099999898, -8.138846699999929 ], [ -43.8049174, -8.13936219999994 ], [ -43.8055342, -8.139507899999961 ], [ -43.8059589, -8.139267799999971 ], [ -43.8063425, -8.138826199999929 ], [ -43.806685899999898, -8.138759 ], [ -43.807064, -8.138984099999959 ], [ -43.8077855, -8.13992539999998 ], [ -43.808194199999903, -8.14013929999993 ], [ -43.808964199999899, -8.140219799999951 ], [ -43.8093282, -8.14032819999994 ], [ -43.8095554, -8.140382 ], [ -43.8097677, -8.140263699999929 ], [ -43.8100161, -8.139539299999971 ], [ -43.8099784, -8.13871959999994 ], [ -43.809685, -8.137731699999961 ], [ -43.8098082, -8.13711909999995 ], [ -43.8097844, -8.136868 ], [ -43.8096396, -8.13658189999995 ], [ -43.8095969, -8.136136299999979 ], [ -43.809752699999898, -8.13581349999993 ], [ -43.8102914, -8.135678 ], [ -43.8108293, -8.13571289999993 ], [ -43.8115255, -8.136084 ], [ -43.812256299999902, -8.137116299999949 ], [ -43.8126859, -8.138792499999971 ], [ -43.8136097, -8.139969 ], [ -43.814573799999899, -8.140985499999941 ], [ -43.814603, -8.141281899999971 ], [ -43.8143521, -8.14159879999994 ], [ -43.813731, -8.14185369999996 ], [ -43.813276099999896, -8.14222569999993 ], [ -43.8129125, -8.142309599999979 ], [ -43.812679199999899, -8.14208159999993 ], [ -43.812616499999898, -8.141870599999949 ], [ -43.812516699999897, -8.14161339999993 ], [ -43.812239, -8.14151209999994 ], [ -43.811956199999898, -8.14159589999997 ], [ -43.8116367, -8.141768 ], [ -43.8112192, -8.14205109999995 ], [ -43.8108874, -8.142451699999979 ], [ -43.8108007, -8.14283369999993 ], [ -43.8108477, -8.14331509999994 ], [ -43.8107338, -8.14353029999995 ], [ -43.8104154, -8.14378529999993 ], [ -43.810334699999899, -8.144379399999931 ], [ -43.8107295, -8.145056599999981 ], [ -43.8109835, -8.145217499999941 ], [ -43.811304, -8.14516839999993 ], [ -43.811806499999904, -8.14490979999994 ], [ -43.8122422, -8.14486159999996 ], [ -43.8128927, -8.14505469999995 ], [ -43.8136731, -8.14565339999996 ], [ -43.8142056, -8.14606549999996 ], [ -43.814519, -8.14754729999993 ], [ -43.8148916, -8.148369899999979 ], [ -43.8151167, -8.148628699999961 ], [ -43.8153469, -8.14880539999996 ], [ -43.8158698, -8.14912439999995 ], [ -43.8166216, -8.150110099999949 ], [ -43.816913499999899, -8.150663799999959 ], [ -43.817147299999903, -8.15172589999997 ], [ -43.8172041999999, -8.15263079999994 ], [ -43.8178746, -8.153300599999969 ], [ -43.8179648, -8.153674299999979 ], [ -43.8178722, -8.15385069999996 ], [ -43.8174193, -8.15395789999997 ], [ -43.8162715, -8.15439969999994 ], [ -43.8155697, -8.154750499999979 ], [ -43.8142525, -8.156515 ], [ -43.8138152, -8.157922099999951 ], [ -43.8138056, -8.15863469999994 ], [ -43.8136986, -8.15902719999997 ], [ -43.813381, -8.15934539999995 ], [ -43.8129475, -8.160358299999929 ], [ -43.8132932, -8.16154389999997 ], [ -43.8135334, -8.161770099999959 ], [ -43.813712199999898, -8.161736 ], [ -43.813898299999899, -8.161501 ], [ -43.8141467, -8.16134589999996 ], [ -43.8144642, -8.161411099999951 ], [ -43.814760099999901, -8.16179269999998 ], [ -43.814858899999898, -8.16230809999996 ], [ -43.8149907, -8.162769499999969 ], [ -43.8149594, -8.16320919999993 ], [ -43.8146747, -8.164116299999931 ], [ -43.814702399999902, -8.165197699999959 ], [ -43.815024299999898, -8.16558859999998 ], [ -43.8152082, -8.16600369999998 ], [ -43.8151763, -8.16654659999995 ], [ -43.815311999999899, -8.166632399999971 ], [ -43.815524599999897, -8.166521499999931 ], [ -43.8158028, -8.16636569999997 ], [ -43.816091099999902, -8.166457599999941 ], [ -43.8163903, -8.166879799999951 ], [ -43.8165797999999, -8.167840499999951 ], [ -43.8164201, -8.168765399999931 ], [ -43.816265299999898, -8.169761 ], [ -43.816325999999897, -8.17053909999993 ], [ -43.816547899999897, -8.171099 ], [ -43.817421, -8.17222229999993 ], [ -43.817937, -8.17339839999994 ], [ -43.8186335, -8.17392029999996 ], [ -43.818931899999903, -8.175073899999971 ], [ -43.8188321, -8.17531989999998 ], [ -43.8185032, -8.17553769999995 ], [ -43.8180134999999, -8.17548649999998 ], [ -43.8172961, -8.17550829999993 ], [ -43.8167165999999, -8.17579289999998 ], [ -43.816275, -8.176352 ], [ -43.8158652, -8.17702039999995 ], [ -43.815460599999902, -8.177658 ], [ -43.8149956, -8.177961499999981 ], [ -43.8143257, -8.178296299999939 ], [ -43.8137505, -8.178653 ], [ -43.8133645, -8.17873339999994 ], [ -43.8127808, -8.178348799999981 ], [ -43.8124809, -8.17827439999996 ], [ -43.8121872, -8.17831259999997 ], [ -43.8114184, -8.17861849999997 ], [ -43.8107856, -8.17876609999996 ], [ -43.810612999999897, -8.178901599999961 ], [ -43.810651499999899, -8.17974449999997 ], [ -43.8110427, -8.18075639999995 ], [ -43.811787, -8.18180049999995 ], [ -43.812395, -8.18241669999998 ], [ -43.8127894, -8.18244949999996 ], [ -43.813928299999901, -8.18256859999997 ], [ -43.8147531, -8.18245139999993 ], [ -43.8152011, -8.182464299999941 ], [ -43.8154135999999, -8.18308739999998 ], [ -43.815509399999897, -8.183910399999951 ], [ -43.8152754, -8.18467349999997 ], [ -43.815303099999902, -8.18557139999996 ], [ -43.81571, -8.18616819999994 ], [ -43.8163923, -8.186905899999941 ], [ -43.816831099999902, -8.18744189999995 ], [ -43.8172445, -8.188449299999951 ], [ -43.8175214, -8.18871739999997 ], [ -43.8181522, -8.18885159999996 ], [ -43.8187009, -8.18902809999997 ], [ -43.819040899999898, -8.18940059999994 ], [ -43.819339899999903, -8.19013469999993 ], [ -43.8193901, -8.191044 ], [ -43.818987, -8.192197399999939 ], [ -43.8183902, -8.19282019999997 ], [ -43.8174868, -8.193002699999971 ], [ -43.817012299999902, -8.19289479999998 ], [ -43.8168138999999, -8.192407399999979 ], [ -43.816751399999902, -8.191613599999931 ], [ -43.8164356, -8.191259799999949 ], [ -43.816434199999897, -8.19099719999997 ], [ -43.816603, -8.19079609999994 ], [ -43.816886699999898, -8.19062169999995 ], [ -43.8168524, -8.19025359999995 ], [ -43.816525199999901, -8.18986939999996 ], [ -43.8158137, -8.18963459999998 ], [ -43.8139626, -8.19014079999994 ], [ -43.8133443, -8.19068449999997 ], [ -43.812924199999898, -8.19126559999995 ], [ -43.813148199999901, -8.191823199999931 ], [ -43.8134626, -8.192569099999959 ], [ -43.8134554, -8.19325839999993 ], [ -43.813126, -8.194033299999941 ], [ -43.8123259, -8.194443499999981 ], [ -43.811116599999899, -8.194415 ], [ -43.8103083, -8.194234899999969 ], [ -43.8097635, -8.194477599999971 ], [ -43.8094245999999, -8.19515279999996 ], [ -43.809345999999898, -8.19586689999994 ], [ -43.808817099999899, -8.196739 ], [ -43.808692999999899, -8.197495299999961 ], [ -43.8088971, -8.197992899999971 ], [ -43.809817, -8.199062399999949 ], [ -43.8103039, -8.19930369999997 ], [ -43.8106352, -8.199164599999961 ], [ -43.810825899999898, -8.198775799999961 ], [ -43.8109337, -8.19824419999998 ], [ -43.811192199999901, -8.198038299999951 ], [ -43.8117222, -8.19796779999996 ], [ -43.8123538, -8.198038299999951 ], [ -43.8128212, -8.197830499999951 ], [ -43.8132562, -8.19790059999997 ], [ -43.8137909, -8.19833959999994 ], [ -43.8143721, -8.19932439999997 ], [ -43.8148292, -8.200740599999961 ], [ -43.8148786, -8.20152579999996 ], [ -43.8150595, -8.20331769999996 ], [ -43.815379699999902, -8.203758 ], [ -43.8154956, -8.204283 ], [ -43.815412799999898, -8.20485849999994 ], [ -43.8148254, -8.206331699999961 ], [ -43.8145966, -8.20656569999994 ], [ -43.8144993, -8.206868 ], [ -43.8144955, -8.20739729999997 ], [ -43.814700899999899, -8.208101699999929 ], [ -43.8150745, -8.20937489999994 ], [ -43.8150211, -8.210567399999951 ], [ -43.8147441, -8.21152769999998 ], [ -43.8145888, -8.21182059999995 ], [ -43.8145244, -8.21214 ], [ -43.8149691, -8.214861399999959 ], [ -43.8152608, -8.21554589999994 ], [ -43.8161612, -8.21723369999995 ], [ -43.817291699999899, -8.218694 ], [ -43.8175952, -8.21981459999995 ], [ -43.8179147, -8.220549099999969 ], [ -43.818717999999897, -8.22159709999994 ], [ -43.8190959, -8.222482299999969 ], [ -43.8196326, -8.22348749999998 ], [ -43.819696399999899, -8.224545899999949 ], [ -43.8192829, -8.22597489999993 ], [ -43.818924599999903, -8.227212599999969 ], [ -43.818219999999897, -8.228313199999951 ], [ -43.8172981, -8.229071399999951 ], [ -43.816283999999897, -8.229912899999929 ], [ -43.815287899999902, -8.230977199999931 ], [ -43.81459, -8.232254299999971 ], [ -43.8136229, -8.23321489999995 ], [ -43.813299099999902, -8.233881099999961 ], [ -43.813275099999899, -8.23467809999994 ], [ -43.813445499999901, -8.23581249999995 ], [ -43.813462399999899, -8.23745909999997 ], [ -43.8136473, -8.238866799999929 ], [ -43.8138082, -8.240565 ], [ -43.8135647, -8.24153849999993 ], [ -43.8135779, -8.24196459999996 ], [ -43.8138101, -8.242343699999941 ], [ -43.8143663, -8.242869 ], [ -43.815031099999899, -8.24403609999996 ], [ -43.8151917, -8.245157199999939 ], [ -43.8155489, -8.246675 ], [ -43.8157833, -8.24695439999994 ], [ -43.8172281, -8.24808219999994 ], [ -43.817608999999898, -8.248226 ], [ -43.8181089, -8.24815349999994 ], [ -43.818501099999899, -8.248228399999959 ], [ -43.8191985, -8.24883539999996 ], [ -43.820882599999898, -8.250461 ], [ -43.8215023, -8.25146769999998 ], [ -43.8220846, -8.252123399999959 ], [ -43.8228738, -8.25354469999996 ], [ -43.8231403999999, -8.25402459999998 ], [ -43.8232353, -8.254605199999959 ], [ -43.8231132, -8.257228 ], [ -43.8232477, -8.258074 ], [ -43.823122399999903, -8.259631899999929 ], [ -43.822749499999901, -8.26059639999994 ], [ -43.8220967, -8.26167119999997 ], [ -43.8212057, -8.262458 ], [ -43.819489599999898, -8.26355249999995 ], [ -43.8181931, -8.26434459999996 ], [ -43.818145899999898, -8.26463149999995 ], [ -43.818421199999896, -8.264911299999939 ], [ -43.818856, -8.265016699999929 ], [ -43.8192515, -8.26492739999998 ], [ -43.8195183999999, -8.265041 ], [ -43.819818499999897, -8.26574879999993 ], [ -43.8198317, -8.266681299999959 ], [ -43.819674, -8.266844299999949 ], [ -43.819282, -8.26684 ], [ -43.8188919, -8.266824299999939 ], [ -43.818609, -8.26709669999997 ], [ -43.8185993, -8.26758969999997 ], [ -43.8187746, -8.26847769999995 ], [ -43.8187864, -8.26905659999994 ], [ -43.8187409, -8.26926119999996 ], [ -43.8184287999999, -8.26928149999998 ], [ -43.8180939, -8.269074499999929 ], [ -43.8178313, -8.268572899999979 ], [ -43.8175623, -8.2684 ], [ -43.8170891, -8.26838259999994 ], [ -43.8166866, -8.268659299999969 ], [ -43.816385399999902, -8.269187799999941 ], [ -43.816024899999903, -8.269571 ], [ -43.815987999999898, -8.270012599999969 ], [ -43.8160799, -8.27032179999998 ], [ -43.816479699999903, -8.271363599999971 ], [ -43.8164745, -8.27204589999997 ], [ -43.8163974, -8.272586899999959 ], [ -43.8160925, -8.27313839999994 ], [ -43.8145143, -8.274484899999949 ], [ -43.813497599999899, -8.275239699999929 ], [ -43.812976499999898, -8.275297 ], [ -43.812685, -8.27533249999993 ], [ -43.812332899999902, -8.275664399999931 ], [ -43.8118034, -8.27606189999995 ], [ -43.811335299999897, -8.276375099999941 ], [ -43.811407599999903, -8.277165399999941 ], [ -43.8115839, -8.27782979999995 ], [ -43.812154899999904, -8.279711799999969 ], [ -43.8128859, -8.28097189999994 ], [ -43.8129743, -8.28137479999998 ], [ -43.8128953, -8.28192729999995 ], [ -43.8130161, -8.282205899999949 ], [ -43.813337499999903, -8.282422499999941 ], [ -43.8138592, -8.28250659999998 ], [ -43.814044399999901, -8.282465799999949 ], [ -43.814205399999899, -8.282138399999949 ], [ -43.8141709, -8.28169709999997 ], [ -43.8140099, -8.28101169999997 ], [ -43.813998399999903, -8.28050339999993 ], [ -43.8141254, -8.279876199999929 ], [ -43.8144697, -8.279519499999941 ], [ -43.814986, -8.27920229999995 ], [ -43.8154243, -8.279214 ], [ -43.816001899999897, -8.27924819999993 ], [ -43.816365399999903, -8.27884749999993 ], [ -43.816780299999898, -8.278784799999929 ], [ -43.8171057, -8.279049199999969 ], [ -43.817057799999901, -8.279630299999949 ], [ -43.816961499999898, -8.280215399999969 ], [ -43.816953899999902, -8.281274 ], [ -43.8166954, -8.281833 ], [ -43.8164166, -8.28215309999996 ], [ -43.816383099999904, -8.28250109999993 ], [ -43.8165834, -8.28287479999995 ], [ -43.8170941, -8.28309839999997 ], [ -43.8175907, -8.28319019999998 ], [ -43.818028, -8.28291909999996 ], [ -43.8186013, -8.28232849999995 ], [ -43.818865, -8.281087299999969 ], [ -43.8188531, -8.28050839999997 ], [ -43.8189345, -8.27956759999995 ], [ -43.8192055, -8.27922259999997 ], [ -43.8194915999999, -8.279292199999929 ], [ -43.819966399999899, -8.279733799999971 ], [ -43.820883799999898, -8.280305599999959 ], [ -43.821390699999903, -8.280552099999969 ], [ -43.821633399999897, -8.28037919999997 ], [ -43.821694, -8.280082799999949 ], [ -43.8215865, -8.279724 ], [ -43.821637699999897, -8.27948489999994 ], [ -43.8218108, -8.27930079999993 ], [ -43.8222084, -8.27927069999993 ], [ -43.8226897, -8.279383499999939 ], [ -43.823138599999901, -8.279620699999951 ], [ -43.8234188, -8.28007219999995 ], [ -43.823527399999897, -8.280713799999941 ], [ -43.8234347, -8.28120529999995 ], [ -43.8231281, -8.28183889999997 ], [ -43.8227906, -8.281937599999941 ], [ -43.8226026, -8.281777799999929 ], [ -43.822522799999902, -8.281611899999969 ], [ -43.8223268, -8.28135649999996 ], [ -43.8220079, -8.28126979999996 ], [ -43.821689499999898, -8.281324499999929 ], [ -43.8213287, -8.28141949999997 ], [ -43.8209909, -8.28144749999996 ], [ -43.8205493, -8.281600099999929 ], [ -43.8203114, -8.28203289999993 ], [ -43.8201203, -8.28254379999993 ], [ -43.8200078, -8.282937899999981 ], [ -43.8201116, -8.28331959999997 ], [ -43.8203794, -8.28364539999995 ], [ -43.8206857, -8.283953799999949 ], [ -43.8211165, -8.284011499999959 ], [ -43.821803499999902, -8.28388659999996 ], [ -43.82256, -8.28326659999993 ], [ -43.8231268, -8.28249819999996 ], [ -43.82347, -8.282365099999939 ], [ -43.823779499999901, -8.28250909999997 ], [ -43.8240092, -8.282993599999941 ], [ -43.824046699999897, -8.283706299999951 ], [ -43.8237417, -8.284188799999979 ], [ -43.823552199999902, -8.284617499999969 ], [ -43.8235996, -8.28490779999993 ], [ -43.8238396, -8.28504069999997 ], [ -43.8242084, -8.28504119999997 ], [ -43.8246444, -8.284923 ], [ -43.8250512, -8.28476479999995 ], [ -43.825372, -8.28484 ], [ -43.825739199999902, -8.28572609999998 ], [ -43.8258484, -8.286002799999951 ], [ -43.825752399999899, -8.28615219999995 ], [ -43.825540299999901, -8.286212199999969 ], [ -43.825369, -8.28638489999997 ], [ -43.825300599999899, -8.286656499999941 ], [ -43.8253405, -8.286992599999961 ], [ -43.825544299999898, -8.287272799999929 ], [ -43.825811, -8.28731569999997 ], [ -43.8260008, -8.287464099999969 ], [ -43.8259725, -8.28763619999995 ], [ -43.825539999999897, -8.288167099999949 ], [ -43.8252227, -8.28864889999994 ], [ -43.825284199999899, -8.289071 ], [ -43.8255268, -8.289404499999931 ], [ -43.825653799999898, -8.28979 ], [ -43.8257053, -8.290128099999951 ], [ -43.826034499999899, -8.29036949999994 ], [ -43.826824799999898, -8.290485 ], [ -43.827600699999898, -8.290398 ], [ -43.8279294, -8.290498099999979 ], [ -43.8283413999999, -8.29117679999996 ], [ -43.828304699999897, -8.29168909999993 ], [ -43.8280574999999, -8.292179199999961 ], [ -43.8280429, -8.292412399999931 ], [ -43.8281478, -8.29257059999998 ], [ -43.8284978, -8.29268579999996 ], [ -43.8288896, -8.29276379999993 ], [ -43.829021699999899, -8.29297349999996 ], [ -43.829017099999902, -8.293290799999969 ], [ -43.8288011, -8.29359139999997 ], [ -43.8285274, -8.293735799999981 ], [ -43.8284055, -8.293680799999949 ], [ -43.8282756, -8.293530299999929 ], [ -43.8279911, -8.29337849999996 ], [ -43.8277229, -8.293417799999929 ], [ -43.827577, -8.29365329999996 ], [ -43.8275646, -8.29394579999996 ], [ -43.827760899999902, -8.29427179999993 ], [ -43.827766499999903, -8.29474379999994 ], [ -43.827559699999902, -8.295205099999979 ], [ -43.8272885, -8.29547929999995 ], [ -43.8268935, -8.295710099999949 ], [ -43.8266441, -8.296141 ], [ -43.8265921, -8.29667429999995 ], [ -43.826869, -8.297667799999941 ], [ -43.827343299999903, -8.298474299999951 ], [ -43.8273255, -8.29887189999994 ], [ -43.8268964, -8.299309699999981 ], [ -43.826566899999897, -8.299504 ], [ -43.826124999999898, -8.299585899999951 ], [ -43.8258883, -8.29979509999993 ], [ -43.8257389, -8.30012429999994 ], [ -43.8257732, -8.300494899999929 ], [ -43.8256057, -8.30064459999994 ], [ -43.8253563, -8.30056909999996 ], [ -43.825204799999902, -8.300332699999959 ], [ -43.8250705, -8.300063699999949 ], [ -43.8248497, -8.29988689999993 ], [ -43.824486799999903, -8.299922599999951 ], [ -43.8241206, -8.300122699999971 ], [ -43.823681399999899, -8.30040519999994 ], [ -43.823400999999897, -8.30080759999993 ], [ -43.823433899999898, -8.301331 ], [ -43.8239240999999, -8.302257899999971 ], [ -43.8245299, -8.302626299999931 ], [ -43.825005, -8.30263219999995 ], [ -43.8251218, -8.302356599999939 ], [ -43.825014199999899, -8.301997799999979 ], [ -43.8251486999999, -8.301831 ], [ -43.8255386, -8.30177609999993 ], [ -43.826278199999898, -8.30176559999995 ], [ -43.8268368, -8.301914499999951 ], [ -43.827235899999899, -8.30223789999997 ], [ -43.8283572, -8.303373299999979 ], [ -43.8292761, -8.30480489999997 ], [ -43.8294425, -8.305385199999931 ], [ -43.8293651, -8.305855599999971 ], [ -43.8290320999999, -8.30614349999996 ], [ -43.8287137, -8.30619819999993 ], [ -43.8284502, -8.30599089999993 ], [ -43.828386899999899, -8.305580299999971 ], [ -43.828244799999901, -8.305286499999969 ], [ -43.8279549, -8.305239799999979 ], [ -43.827462599999897, -8.305266499999959 ], [ -43.8272803999999, -8.305650699999941 ], [ -43.8273475, -8.306038299999949 ], [ -43.8278655, -8.30665169999997 ], [ -43.8282953, -8.306932899999939 ], [ -43.828831, -8.30714879999994 ], [ -43.8293331, -8.30713539999994 ], [ -43.8297092, -8.307019299999981 ], [ -43.8299397, -8.307209599999959 ], [ -43.8298179, -8.307661 ], [ -43.8295512, -8.30812439999994 ], [ -43.828964, -8.308583299999951 ], [ -43.8282187, -8.30913459999994 ], [ -43.8278108, -8.309516299999929 ], [ -43.827417599999897, -8.310114299999951 ], [ -43.827004, -8.31053049999997 ], [ -43.826413499999902, -8.31064739999994 ], [ -43.8253865, -8.310741099999969 ], [ -43.8247092, -8.31087929999995 ], [ -43.823996399999899, -8.31149459999995 ], [ -43.8239277, -8.312207299999949 ], [ -43.824135199999901, -8.312573399999961 ], [ -43.824548, -8.312858099999969 ], [ -43.8253988, -8.313715 ], [ -43.8255098, -8.31425969999998 ], [ -43.825207, -8.31501369999995 ], [ -43.879109399999898, -8.313571899999941 ], [ -43.919285699999897, -8.38733629999996 ], [ -44.0133299, -8.403061599999941 ], [ -44.0293991, -8.395362099999939 ], [ -44.0447248, -8.38764909999998 ], [ -44.059801999999898, -8.38134389999993 ], [ -44.0739017, -8.377150699999961 ], [ -44.0848396, -8.37459159999997 ], [ -44.090433, -8.37225649999993 ], [ -44.1067002, -8.369405699999961 ], [ -44.3835185, -8.366143 ] ] ] ] } }
]
}
