{
"type": "FeatureCollection",
"name": "picos",
"crs": { "type": "name", "properties": { "name": "urn:ogc:def:crs:EPSG::4674" } },
"features": [
{ "type": "Feature", "properties": { "CD_MUN": "2206050", "NM_MUN": "Massapê do Piauí", "CD_RGI": "220009", "NM_RGI": "Picos", "CD_RGINT": "2203", "NM_RGINT": "Picos", "CD_UF": "22", "NM_UF": "Piauí", "SIGLA_UF": "PI", "CD_REGIAO": "2", "NM_REGIAO": "Nordeste", "SIGLA_RG": "NE", "CD_CONCURB": null, "NM_CONCURB": null, "AREA_KM2": 530.169 }, "geometry": { "type": "MultiPolygon", "coordinates": [ [ [ [ -41.088551799999898, -7.641989 ], [ -41.093309799999901, -7.64129 ], [ -41.145133299999898, -7.62855389999993 ], [ -41.1452972, -7.62844 ], [ -41.1570125, -7.62029389999998 ], [ -41.1729247, -7.60922969999996 ], [ -41.195105899999902, -7.57567119999993 ], [ -41.2139309, -7.57428439999995 ], [ -41.2273458, -7.57329609999994 ], [ -41.227534999999897, -7.55980089999997 ], [ -41.2274811999999, -7.53912889999998 ], [ -41.2274495999999, -7.52702119999998 ], [ -41.2383113, -7.48466079999997 ], [ -41.2383187, -7.48463179999993 ], [ -41.209587699999901, -7.48040669999995 ], [ -41.209558199999897, -7.48040229999998 ], [ -41.2089586, -7.48031409999993 ], [ -41.189045599999901, -7.47738579999998 ], [ -41.1850324, -7.47347909999996 ], [ -41.184995399999899, -7.473443 ], [ -41.158472, -7.44764529999998 ], [ -41.157948, -7.44713349999995 ], [ -41.155774199999897, -7.42756919999994 ], [ -41.1456504, -7.42784339999997 ], [ -41.144998, -7.42786109999997 ], [ -41.129024199999897, -7.42829379999995 ], [ -41.1161683, -7.42346329999998 ], [ -41.1063803, -7.41984009999993 ], [ -41.0936201, -7.423701 ], [ -41.0869367, -7.42581809999996 ], [ -41.06197, -7.42690609999994 ], [ -41.0594905, -7.42701429999994 ], [ -41.0594778, -7.42701479999994 ], [ -41.0578001, -7.42708789999995 ], [ -41.0370598, -7.42799189999994 ], [ -41.0064366, -7.42461129999998 ], [ -41.0064096, -7.42481609999993 ], [ -41.006385, -7.42508409999994 ], [ -41.006835, -7.425405 ], [ -41.007796, -7.426715 ], [ -41.009031999999898, -7.428127 ], [ -41.010118, -7.429307 ], [ -41.011117, -7.430626 ], [ -41.011834, -7.431438 ], [ -41.013464999999897, -7.433109 ], [ -41.014023, -7.4335 ], [ -41.015159, -7.434068 ], [ -41.015704, -7.434604 ], [ -41.016631, -7.435671 ], [ -41.017311999999897, -7.436703 ], [ -41.0093629, -7.47972039999996 ], [ -41.0091795, -7.48071259999995 ], [ -41.008369199999898, -7.48509659999996 ], [ -41.006456399999898, -7.49010679999998 ], [ -41.001212399999901, -7.50384279999997 ], [ -40.994805, -7.520638 ], [ -40.994269, -7.521786 ], [ -40.993458, -7.522649 ], [ -40.992142, -7.524322 ], [ -40.991464, -7.525368 ], [ -40.991001, -7.526763 ], [ -40.990572, -7.527537 ], [ -40.989727, -7.528156 ], [ -40.988732, -7.529015 ], [ -40.988430999999899, -7.529428 ], [ -40.988243, -7.530078 ], [ -40.988113999999896, -7.530967 ], [ -40.988109, -7.531494 ], [ -40.988019, -7.531817 ], [ -40.987783, -7.532004 ], [ -40.987367, -7.53203 ], [ -40.98212, -7.558198 ], [ -40.981843, -7.558622 ], [ -40.981663, -7.559218 ], [ -40.981335999999899, -7.560017 ], [ -40.98107, -7.560298 ], [ -40.980469, -7.56057 ], [ -40.980203, -7.560884 ], [ -40.980203, -7.561395 ], [ -40.980229, -7.562117 ], [ -40.980168999999897, -7.562509 ], [ -40.979894, -7.562747 ], [ -40.979396999999899, -7.562628 ], [ -40.978967, -7.562304 ], [ -40.978616, -7.561633 ], [ -40.97847, -7.561233 ], [ -40.978083, -7.560952 ], [ -40.977766, -7.560867 ], [ -40.97756, -7.56108 ], [ -40.97744, -7.561488 ], [ -40.977611, -7.562364 ], [ -40.977646, -7.562849 ], [ -40.977637, -7.563478 ], [ -40.977531999999897, -7.563809 ], [ -40.977571, -7.564009 ], [ -40.977682, -7.564187 ], [ -40.977618, -7.564336 ], [ -40.977098, -7.564502 ], [ -40.976892, -7.564451 ], [ -40.976674, -7.564238 ], [ -40.97639, -7.564039 ], [ -40.976146, -7.563971 ], [ -40.975893, -7.564077 ], [ -40.975687, -7.56417 ], [ -40.975493, -7.564141 ], [ -40.975378, -7.564009 ], [ -40.975347999999897, -7.563847 ], [ -40.975343, -7.563554 ], [ -40.975223, -7.563486 ], [ -40.974974, -7.563584 ], [ -40.974442, -7.564277 ], [ -40.974296, -7.564651 ], [ -40.974281, -7.564893 ], [ -40.974105, -7.565102 ], [ -40.973873, -7.565331 ], [ -40.973818, -7.565693 ], [ -40.973912, -7.566101 ], [ -40.974041, -7.566496 ], [ -40.974075, -7.566743 ], [ -40.974002, -7.566887 ], [ -40.973766, -7.567028 ], [ -40.971911, -7.567525 ], [ -40.971348, -7.567814 ], [ -40.970515, -7.568205 ], [ -40.970275, -7.568349 ], [ -40.970185, -7.568723 ], [ -40.970155, -7.568983 ], [ -40.970022, -7.569098 ], [ -40.969623, -7.569136 ], [ -40.969331, -7.568944 ], [ -40.969052, -7.568494 ], [ -40.968815999999897, -7.568281 ], [ -40.968592999999899, -7.5682 ], [ -40.968361, -7.568256 ], [ -40.968129, -7.568524 ], [ -40.967945, -7.568847 ], [ -40.967887, -7.569212 ], [ -40.968100999999898, -7.569846 ], [ -40.968144, -7.570109 ], [ -40.968165999999897, -7.571087 ], [ -40.968202, -7.57126 ], [ -40.968274999999899, -7.571391 ], [ -40.968215, -7.571561 ], [ -40.967859, -7.571889 ], [ -40.96755, -7.572212 ], [ -40.967287999999897, -7.57265 ], [ -40.967035, -7.573313 ], [ -40.966936, -7.573696 ], [ -40.967026, -7.573917 ], [ -40.967287999999897, -7.574079 ], [ -40.967348, -7.57427 ], [ -40.967224, -7.574517 ], [ -40.966743, -7.574695 ], [ -40.966056, -7.574968 ], [ -40.965704, -7.575172 ], [ -40.965386, -7.575277 ], [ -40.965080999999898, -7.57512 ], [ -40.964712, -7.575031 ], [ -40.964356, -7.575052 ], [ -40.964273999999897, -7.575158 ], [ -40.964467, -7.575363 ], [ -40.964729, -7.575575 ], [ -40.964965, -7.576115 ], [ -40.965008, -7.57677 ], [ -40.965447, -7.577435 ], [ -40.9655973, -7.57763789999996 ], [ -40.965849999999897, -7.577979 ], [ -40.966321999999899, -7.579229 ], [ -40.966794, -7.579927 ], [ -40.966921, -7.580226 ], [ -40.967007, -7.580481 ], [ -40.967239, -7.580651 ], [ -40.967650999999897, -7.580673 ], [ -40.968555, -7.580855 ], [ -40.969349, -7.581029 ], [ -40.969778, -7.581216 ], [ -40.969993, -7.581407 ], [ -40.970091, -7.581586 ], [ -40.97007, -7.581841 ], [ -40.969838, -7.582428 ], [ -40.969364, -7.583064 ], [ -40.969103, -7.583748 ], [ -40.969103, -7.584393 ], [ -40.969085999999898, -7.584606 ], [ -40.969005, -7.584831 ], [ -40.968743, -7.585171 ], [ -40.968635999999897, -7.585707 ], [ -40.968434, -7.5862 ], [ -40.968314, -7.58637 ], [ -40.968055999999898, -7.586472 ], [ -40.967859, -7.586532 ], [ -40.967385, -7.586759 ], [ -40.967071, -7.586971 ], [ -40.966551, -7.587264 ], [ -40.96622, -7.587931 ], [ -40.965907, -7.588407 ], [ -40.965893999999899, -7.58859 ], [ -40.966001999999897, -7.588905 ], [ -40.966242, -7.58913 ], [ -40.966389, -7.589319 ], [ -40.966346, -7.589523 ], [ -40.966205699999897, -7.58974219999993 ], [ -40.965835, -7.590276 ], [ -40.965222, -7.591252 ], [ -40.964925999999899, -7.591465 ], [ -40.96435, -7.591699 ], [ -40.962915, -7.592083 ], [ -40.962391, -7.592189 ], [ -40.962263, -7.592355 ], [ -40.961876, -7.592865 ], [ -40.961588999999897, -7.593142 ], [ -40.961452, -7.593099 ], [ -40.961259, -7.593017 ], [ -40.961041, -7.592694 ], [ -40.960835, -7.592354 ], [ -40.960667, -7.592244 ], [ -40.960487, -7.592312 ], [ -40.960284999999899, -7.592571 ], [ -40.960062, -7.592707 ], [ -40.959873, -7.592962 ], [ -40.959684, -7.592958 ], [ -40.959577, -7.592876 ], [ -40.959238, -7.592404 ], [ -40.959001999999899, -7.592132 ], [ -40.958835, -7.592132 ], [ -40.95865, -7.592234 ], [ -40.95823, -7.592583 ], [ -40.957963999999897, -7.592761 ], [ -40.957582, -7.59288 ], [ -40.956742, -7.593046 ], [ -40.956257, -7.593255 ], [ -40.955869999999898, -7.59334 ], [ -40.955621, -7.593297 ], [ -40.955351, -7.593323 ], [ -40.955038, -7.59365 ], [ -40.954563999999898, -7.594226 ], [ -40.954254999999897, -7.594451 ], [ -40.954143, -7.594626 ], [ -40.954036, -7.594668 ], [ -40.953916, -7.594545 ], [ -40.953924, -7.594328 ], [ -40.95386, -7.594166 ], [ -40.953718, -7.594086 ], [ -40.953482, -7.59406 ], [ -40.953117, -7.594205 ], [ -40.952714, -7.594417 ], [ -40.952534, -7.594626 ], [ -40.952444, -7.594889 ], [ -40.952371, -7.595051 ], [ -40.952117, -7.595204 ], [ -40.951803, -7.595372 ], [ -40.951473, -7.595568 ], [ -40.951214999999898, -7.595619 ], [ -40.951018, -7.595572 ], [ -40.950871999999897, -7.595474 ], [ -40.9507, -7.595466 ], [ -40.950529, -7.595504 ], [ -40.950262, -7.595644 ], [ -40.949915, -7.595827 ], [ -40.948876, -7.5962 ], [ -40.948366, -7.596387 ], [ -40.948091, -7.596438 ], [ -40.947924, -7.596442 ], [ -40.947854999999898, -7.596565 ], [ -40.947808, -7.596808 ], [ -40.94773, -7.596986 ], [ -40.947582, -7.597054 ], [ -40.947394, -7.596956 ], [ -40.947114999999897, -7.596879 ], [ -40.946926, -7.596951 ], [ -40.946801, -7.597032 ], [ -40.946715, -7.597224 ], [ -40.946776, -7.597368 ], [ -40.946796999999897, -7.597564 ], [ -40.946733, -7.597661 ], [ -40.946578, -7.597725 ], [ -40.946368, -7.597747 ], [ -40.946042, -7.597691 ], [ -40.945740999999899, -7.59773 ], [ -40.945265, -7.597841 ], [ -40.945042, -7.597939 ], [ -40.94496, -7.598121 ], [ -40.944917, -7.59824 ], [ -40.944977, -7.598364 ], [ -40.944917, -7.598487 ], [ -40.944784, -7.598517 ], [ -40.944659999999899, -7.598461 ], [ -40.944595, -7.598334 ], [ -40.944492, -7.598189 ], [ -40.944161999999899, -7.598007 ], [ -40.943779999999897, -7.5979 ], [ -40.943415, -7.597637 ], [ -40.943231, -7.597552 ], [ -40.943115, -7.597569 ], [ -40.943003, -7.597628 ], [ -40.942856999999897, -7.597828 ], [ -40.942733, -7.597913 ], [ -40.942505, -7.597934 ], [ -40.942317, -7.597977 ], [ -40.9421973, -7.59805649999993 ], [ -40.942347799999901, -7.598164 ], [ -40.9441669, -7.59947379999994 ], [ -40.9442116, -7.599506 ], [ -40.9442357, -7.59952659999993 ], [ -40.9629995, -7.61303329999993 ], [ -40.978567199999901, -7.61310179999998 ], [ -40.994065, -7.613225 ], [ -40.9993734, -7.62314949999995 ], [ -41.006018099999899, -7.63483019999995 ], [ -41.0243968999999, -7.63801509999996 ], [ -41.0641859, -7.64556889999994 ], [ -41.088551799999898, -7.641989 ] ] ] ] } },
{ "type": "Feature", "properties": { "CD_MUN": "2204907", "NM_MUN": "Isaías Coelho", "CD_RGI": "220009", "NM_RGI": "Picos", "CD_RGINT": "2203", "NM_RGINT": "Picos", "CD_UF": "22", "NM_UF": "Piauí", "SIGLA_UF": "PI", "CD_REGIAO": "2", "NM_REGIAO": "Nordeste", "SIGLA_RG": "NE", "CD_CONCURB": null, "NM_CONCURB": null, "AREA_KM2": 800.687 }, "geometry": { "type": "MultiPolygon", "coordinates": [ [ [ [ -41.611716499999901, -7.77007519999995 ], [ -41.611845, -7.77057369999994 ], [ -41.6136832, -7.777705 ], [ -41.6140354, -7.77907139999996 ], [ -41.614817199999898, -7.78210429999996 ], [ -41.6185239, -7.796484 ], [ -41.6414652, -7.81227659999996 ], [ -41.6426584, -7.813098 ], [ -41.645087499999903, -7.81588729999993 ], [ -41.656362199999897, -7.82883449999997 ], [ -41.6566151, -7.82898019999993 ], [ -41.664627, -7.83359679999995 ], [ -41.669955, -7.83666679999993 ], [ -41.6873307, -7.83477879999998 ], [ -41.7554033, -7.824494 ], [ -41.7555856, -7.82446289999996 ], [ -41.7556117, -7.82445839999997 ], [ -41.7560309, -7.82438659999997 ], [ -41.7561254, -7.82437039999996 ], [ -41.756159, -7.82436469999993 ], [ -41.774323, -7.82125379999997 ], [ -41.773470099999898, -7.81658439999995 ], [ -41.7563903, -7.81643849999995 ], [ -41.7561064, -7.77307 ], [ -41.7573049, -7.76677779999994 ], [ -41.760913199999898, -7.74783329999997 ], [ -41.7613618, -7.74547759999996 ], [ -41.7611975, -7.74470409999998 ], [ -41.757624, -7.72788259999993 ], [ -41.7575290999999, -7.72781479999998 ], [ -41.7563708, -7.72698589999993 ], [ -41.748979399999897, -7.721697 ], [ -41.7489295, -7.72166129999994 ], [ -41.747777799999902, -7.720837 ], [ -41.7426081999999, -7.71713659999995 ], [ -41.7261478, -7.69284539999995 ], [ -41.7269815, -7.67522019999996 ], [ -41.727344899999899, -7.66753769999997 ], [ -41.7336385999999, -7.66026919999996 ], [ -41.7289838, -7.64042009999997 ], [ -41.7290591, -7.63708479999997 ], [ -41.7292992, -7.62644729999994 ], [ -41.729380299999903, -7.62285659999998 ], [ -41.7298536, -7.60189019999996 ], [ -41.7299522, -7.59752079999993 ], [ -41.7300446, -7.59342749999996 ], [ -41.7328871, -7.58914249999998 ], [ -41.7395863, -7.57904389999993 ], [ -41.7450756, -7.570769 ], [ -41.7492453999999, -7.56448319999993 ], [ -41.7521262, -7.56014069999998 ], [ -41.752917399999902, -7.55894789999996 ], [ -41.751601299999898, -7.55721509999995 ], [ -41.7315172, -7.53077139999994 ], [ -41.731537499999902, -7.53066129999996 ], [ -41.7277721, -7.52370959999996 ], [ -41.733124, -7.49947249999997 ], [ -41.7331303, -7.49944369999997 ], [ -41.7333523, -7.49843809999993 ], [ -41.737615199999901, -7.47912389999993 ], [ -41.741586799999901, -7.46112109999996 ], [ -41.7803971, -7.42440479999993 ], [ -41.669141399999901, -7.40195829999993 ], [ -41.6684428, -7.40181729999995 ], [ -41.629290099999899, -7.39391549999993 ], [ -41.629575499999902, -7.39410709999993 ], [ -41.6306804, -7.39598849999993 ], [ -41.630824699999899, -7.39851139999996 ], [ -41.636820699999902, -7.40005169999995 ], [ -41.639960599999903, -7.402808 ], [ -41.643111099999899, -7.40714289999994 ], [ -41.6440368, -7.40978529999995 ], [ -41.639286599999899, -7.42072479999996 ], [ -41.6384118, -7.42648629999997 ], [ -41.6383415, -7.43662259999996 ], [ -41.6375154999999, -7.45081619999996 ], [ -41.6356941, -7.46473849999995 ], [ -41.635563499999897, -7.472584 ], [ -41.6334745, -7.48079749999994 ], [ -41.628569899999903, -7.49489559999995 ], [ -41.628329199999897, -7.49877309999994 ], [ -41.6283289, -7.49877759999993 ], [ -41.6283288, -7.49877839999994 ], [ -41.6283286, -7.49878219999994 ], [ -41.6280826, -7.50275489999996 ], [ -41.6284873, -7.51095 ], [ -41.627945899999901, -7.54719079999995 ], [ -41.6308137, -7.54817649999995 ], [ -41.640678299999898, -7.59471309999998 ], [ -41.6461747, -7.62064249999997 ], [ -41.6465479, -7.62240109999993 ], [ -41.568626799999898, -7.65162529999998 ], [ -41.5681569, -7.65180139999995 ], [ -41.5403079, -7.66224249999993 ], [ -41.5391112, -7.66269109999996 ], [ -41.5201377, -7.66980329999996 ], [ -41.5128468, -7.67288449999995 ], [ -41.512340799999897, -7.67309819999997 ], [ -41.5100911, -7.67437689999997 ], [ -41.510078, -7.67438429999993 ], [ -41.485273499999899, -7.68848259999993 ], [ -41.4695397, -7.69781409999996 ], [ -41.4716935, -7.71196759999998 ], [ -41.4717790999999, -7.71252989999994 ], [ -41.477495599999898, -7.75011939999996 ], [ -41.470137899999898, -7.76231109999998 ], [ -41.458143999999898, -7.78218509999994 ], [ -41.4844352, -7.794098 ], [ -41.4849907, -7.79434969999994 ], [ -41.485098799999903, -7.79439869999993 ], [ -41.4852837, -7.79448249999996 ], [ -41.4900153, -7.79662639999998 ], [ -41.4934266, -7.79817209999993 ], [ -41.5071397, -7.80438569999995 ], [ -41.5293409, -7.78517539999996 ], [ -41.538652, -7.77711859999994 ], [ -41.5396143, -7.77597309999993 ], [ -41.5417854, -7.77338869999994 ], [ -41.545112699999898, -7.769428 ], [ -41.552146799999903, -7.761055 ], [ -41.5535206, -7.75941979999993 ], [ -41.5702524, -7.75911139999994 ], [ -41.574081799999902, -7.75904079999998 ], [ -41.574146599999899, -7.75903959999994 ], [ -41.583200299999902, -7.75887279999995 ], [ -41.5869981, -7.75880279999996 ], [ -41.594010399999902, -7.75873639999998 ], [ -41.595655399999899, -7.75870859999998 ], [ -41.6075916, -7.76567179999995 ], [ -41.6111106, -7.76772459999995 ], [ -41.611716499999901, -7.77007519999995 ] ] ] ] } },
{ "type": "Feature", "properties": { "CD_MUN": "2205151", "NM_MUN": "Jacobina do Piauí", "CD_RGI": "220010", "NM_RGI": "Paulistana", "CD_RGINT": "2203", "NM_RGINT": "Picos", "CD_UF": "22", "NM_UF": "Piauí", "SIGLA_UF": "PI", "CD_REGIAO": "2", "NM_REGIAO": "Nordeste", "SIGLA_RG": "NE", "CD_CONCURB": null, "NM_CONCURB": null, "AREA_KM2": 1333.796 }, "geometry": { "type": "MultiPolygon", "coordinates": [ [ [ [ -41.3466154, -8.036039799999971 ], [ -41.347226099999901, -8.03632169999997 ], [ -41.349465, -8.035504799999959 ], [ -41.3566155, -8.033976699999929 ], [ -41.3569555999999, -8.03372189999993 ], [ -41.3571787, -8.033614099999969 ], [ -41.3573216, -8.033539499999961 ], [ -41.3573819, -8.03348059999996 ], [ -41.3574406, -8.033379799999979 ], [ -41.357506699999902, -8.03333309999994 ], [ -41.3575668, -8.033339499999951 ], [ -41.3576446, -8.033298099999969 ], [ -41.357726899999903, -8.033241099999939 ], [ -41.357767899999899, -8.033215199999971 ], [ -41.3578453, -8.03320779999996 ], [ -41.357909199999902, -8.03321149999994 ], [ -41.357959, -8.033219 ], [ -41.357990899999898, -8.033219 ], [ -41.3580544, -8.03321529999994 ], [ -41.358132, -8.03319669999996 ], [ -41.358216899999903, -8.03317049999993 ], [ -41.3583485999999, -8.033148 ], [ -41.358448699999897, -8.03312909999994 ], [ -41.358578399999899, -8.033091099999981 ], [ -41.358803599999902, -8.03310269999997 ], [ -41.3590144, -8.033155799999969 ], [ -41.3591982, -8.033170899999959 ], [ -41.359381299999903, -8.03318589999998 ], [ -41.359549699999903, -8.03317479999993 ], [ -41.3596613, -8.033189799999951 ], [ -41.359754199999898, -8.03320849999994 ], [ -41.3598349, -8.03322829999996 ], [ -41.3599871, -8.033252699999929 ], [ -41.3604627, -8.033525499999939 ], [ -41.3606075, -8.03358779999996 ], [ -41.3609111, -8.033600599999939 ], [ -41.3611534, -8.033666199999971 ], [ -41.361554399999903, -8.033808 ], [ -41.3618829, -8.033994099999971 ], [ -41.3629046, -8.03439579999997 ], [ -41.3632084, -8.03453229999997 ], [ -41.363438599999903, -8.03460519999993 ], [ -41.363671699999898, -8.03468909999998 ], [ -41.3638364, -8.03475369999995 ], [ -41.3640475999999, -8.03483189999997 ], [ -41.3643124, -8.03494029999996 ], [ -41.3644798, -8.03503989999996 ], [ -41.364646799999903, -8.03519089999998 ], [ -41.3648264999999, -8.035316199999951 ], [ -41.3649492, -8.03534009999993 ], [ -41.365126099999898, -8.03539139999998 ], [ -41.3652604, -8.035416899999969 ], [ -41.365398, -8.035446 ], [ -41.3655817, -8.03552769999993 ], [ -41.365755299999897, -8.035651 ], [ -41.365853899999898, -8.03567219999996 ], [ -41.3660060999999, -8.03570049999996 ], [ -41.366138799999902, -8.03577129999996 ], [ -41.3662633, -8.035812899999939 ], [ -41.366489, -8.03590279999997 ], [ -41.3667364, -8.03594409999994 ], [ -41.3668885, -8.03600989999995 ], [ -41.3670647, -8.036111499999951 ], [ -41.367182399999898, -8.03618359999996 ], [ -41.3673711, -8.036194599999931 ], [ -41.367593199999902, -8.036245799999961 ], [ -41.3678682, -8.036392399999951 ], [ -41.3680782, -8.036457899999959 ], [ -41.3682618, -8.03668709999994 ], [ -41.368285399999898, -8.036956799999929 ], [ -41.368232099999901, -8.037265199999981 ], [ -41.368178199999903, -8.03739769999993 ], [ -41.3681664, -8.03748959999996 ], [ -41.368232799999902, -8.03760439999996 ], [ -41.3683291, -8.03770549999996 ], [ -41.368500299999901, -8.037814099999929 ], [ -41.3685517, -8.03792329999993 ], [ -41.3686839, -8.037996199999951 ], [ -41.3687657, -8.03803639999995 ], [ -41.3690304, -8.037947899999949 ], [ -41.3690773, -8.037902499999969 ], [ -41.3691218, -8.03789949999998 ], [ -41.369175799999901, -8.03793419999994 ], [ -41.369337, -8.03804709999997 ], [ -41.3694695, -8.038147899999959 ], [ -41.3697298, -8.038257299999939 ], [ -41.370019899999903, -8.038343199999931 ], [ -41.370097799999897, -8.03843749999993 ], [ -41.370095499999898, -8.03869589999994 ], [ -41.370106899999897, -8.038955099999949 ], [ -41.3701427, -8.03907089999996 ], [ -41.3702072, -8.03910259999998 ], [ -41.3703232, -8.03902309999995 ], [ -41.3704774999999, -8.03904249999994 ], [ -41.370670399999902, -8.039152599999969 ], [ -41.3708953, -8.039206099999941 ], [ -41.371156299999903, -8.03935339999992 ], [ -41.371342399999897, -8.03953059999998 ], [ -41.371413699999898, -8.03966629999996 ], [ -41.3715637, -8.039887299999981 ], [ -41.3725701, -8.040188 ], [ -41.374391699999897, -8.040952699999931 ], [ -41.3747471, -8.041118099999951 ], [ -41.375057399999903, -8.04143659999994 ], [ -41.3752942, -8.041613299999939 ], [ -41.3756769, -8.04182 ], [ -41.375887299999903, -8.041974099999949 ], [ -41.376175499999903, -8.042410199999949 ], [ -41.3763207, -8.042601 ], [ -41.376261199999902, -8.04288159999993 ], [ -41.3761393999999, -8.04325289999997 ], [ -41.376100199999897, -8.04357019999998 ], [ -41.376466999999899, -8.043909099999951 ], [ -41.3768868, -8.04405509999998 ], [ -41.377371299999901, -8.04421009999993 ], [ -41.377456499999901, -8.044370799999969 ], [ -41.3775767999999, -8.04467959999994 ], [ -41.378140599999902, -8.04505889999996 ], [ -41.3784044, -8.04536159999998 ], [ -41.378906099999902, -8.045722799999959 ], [ -41.3793406, -8.04602529999994 ], [ -41.379685299999899, -8.046367 ], [ -41.3801657, -8.04637029999998 ], [ -41.380649199999901, -8.04637939999998 ], [ -41.380914, -8.046469299999959 ], [ -41.381061299999899, -8.046647 ], [ -41.381160099999903, -8.047239699999979 ], [ -41.3812229, -8.04770109999993 ], [ -41.381651599999898, -8.048567099999961 ], [ -41.3820057, -8.04969 ], [ -41.3827181, -8.05150519999995 ], [ -41.3830257, -8.052319199999941 ], [ -41.3836593999999, -8.052301599999961 ], [ -41.384133, -8.05259659999996 ], [ -41.3843118, -8.053135299999949 ], [ -41.3849418, -8.053045099999959 ], [ -41.3852795, -8.052848 ], [ -41.3848752, -8.054337299999929 ], [ -41.381705199999899, -8.06601569999998 ], [ -41.3811694, -8.06798979999996 ], [ -41.3809373, -8.068844499999949 ], [ -41.3821905, -8.06903539999996 ], [ -41.383629, -8.069344299999949 ], [ -41.384202899999899, -8.06977819999997 ], [ -41.384437299999902, -8.07100429999997 ], [ -41.3842955, -8.07254059999997 ], [ -41.3839265, -8.07404589999993 ], [ -41.3833819, -8.075617699999951 ], [ -41.3833526, -8.07643069999995 ], [ -41.3835131, -8.07749489999998 ], [ -41.3835453, -8.07820739999994 ], [ -41.383397499999901, -8.078898 ], [ -41.382573099999902, -8.079849 ], [ -41.381561, -8.080488899999979 ], [ -41.3813446, -8.08100819999993 ], [ -41.381017299999897, -8.081623199999971 ], [ -41.3810227, -8.08215389999998 ], [ -41.3812361, -8.082402099999969 ], [ -41.381849299999899, -8.08281069999992 ], [ -41.3827044, -8.08331319999996 ], [ -41.3831041, -8.08368759999996 ], [ -41.3837723, -8.083831799999929 ], [ -41.3842445, -8.083953399999929 ], [ -41.3848854, -8.084655599999961 ], [ -41.385219699999901, -8.08517779999994 ], [ -41.3855477, -8.085990399999959 ], [ -41.3855983999999, -8.086346 ], [ -41.38569, -8.08673239999996 ], [ -41.3859745, -8.08710809999997 ], [ -41.386211, -8.087402299999949 ], [ -41.386615, -8.087617799999981 ], [ -41.3869379, -8.087698099999949 ], [ -41.3873015, -8.087681 ], [ -41.3876341, -8.087666599999981 ], [ -41.3880207, -8.08776269999993 ], [ -41.3886845, -8.088045499999961 ], [ -41.389537, -8.088367799999959 ], [ -41.389862, -8.08842649999997 ], [ -41.390177499999901, -8.088638399999979 ], [ -41.390413599999903, -8.088813399999941 ], [ -41.390796599999902, -8.08897519999994 ], [ -41.3914008, -8.089242799999971 ], [ -41.3916177, -8.08944159999993 ], [ -41.3919483, -8.089755599999931 ], [ -41.392239, -8.090119499999959 ], [ -41.3923449, -8.090286699999981 ], [ -41.392619099999898, -8.090338 ], [ -41.392854199999903, -8.09046439999997 ], [ -41.3930263, -8.090658299999969 ], [ -41.3929802, -8.09108019999996 ], [ -41.3929591, -8.09144319999996 ], [ -41.3929654, -8.091645 ], [ -41.3930424, -8.091952099999959 ], [ -41.393238499999903, -8.09218919999995 ], [ -41.393343699999903, -8.09241679999997 ], [ -41.3934494, -8.09276669999997 ], [ -41.3935978, -8.09307829999995 ], [ -41.393658699999897, -8.093381299999979 ], [ -41.393631, -8.093867299999941 ], [ -41.3940502, -8.094635899999959 ], [ -41.3942162, -8.09494029999996 ], [ -41.394393599999901, -8.09526559999995 ], [ -41.3947281, -8.09660329999997 ], [ -41.3968685, -8.097405899999959 ], [ -41.3981393, -8.09707149999997 ], [ -41.3996777, -8.09667019999995 ], [ -41.4008817, -8.09707149999997 ], [ -41.4029552, -8.09774039999996 ], [ -41.4045604, -8.098810599999981 ], [ -41.4066339, -8.10028209999996 ], [ -41.407570399999898, -8.101486 ], [ -41.4087074, -8.102556199999979 ], [ -41.4099783, -8.103358899999931 ], [ -41.4114498, -8.10355949999996 ], [ -41.4131889, -8.103894 ], [ -41.414526599999903, -8.104027699999961 ], [ -41.4161319, -8.10416149999998 ], [ -41.4182054, -8.10355949999996 ], [ -41.425228499999903, -8.10536549999995 ], [ -41.425897399999897, -8.10569989999993 ], [ -41.427101299999897, -8.10543239999993 ], [ -41.4297099, -8.104629699999981 ], [ -41.4335894, -8.103626399999939 ], [ -41.435529099999897, -8.10262309999996 ], [ -41.437602599999899, -8.10115159999998 ], [ -41.4388734, -8.09947939999995 ], [ -41.4392748, -8.098476099999971 ], [ -41.4545054, -8.095763599999939 ], [ -41.447526599999897, -8.09302989999998 ], [ -41.442026999999896, -8.090566299999979 ], [ -41.4398255, -8.089191399999949 ], [ -41.4378275, -8.08777849999996 ], [ -41.436188899999898, -8.08585329999994 ], [ -41.4357509, -8.08341359999997 ], [ -41.4360692, -8.081487099999951 ], [ -41.436989299999901, -8.08040129999995 ], [ -41.438388599999897, -8.07948629999993 ], [ -41.4398821999999, -8.078867499999941 ], [ -41.4406711, -8.078366 ], [ -41.440701499999903, -8.07834669999994 ], [ -41.442405999999899, -8.07726329999997 ], [ -41.442398599999898, -8.076544699999941 ], [ -41.4418740999999, -8.073272599999941 ], [ -41.4419925, -8.068891399999931 ], [ -41.442669599999903, -8.06660709999994 ], [ -41.4435831, -8.065145399999951 ], [ -41.4446664, -8.064292399999941 ], [ -41.4484782, -8.06181019999997 ], [ -41.4503697, -8.061204 ], [ -41.4516199, -8.06052469999997 ], [ -41.454663099999898, -8.05757139999997 ], [ -41.4560307, -8.056650799999939 ], [ -41.4584359, -8.055897199999951 ], [ -41.4595072, -8.05388519999997 ], [ -41.4601355, -8.051061899999979 ], [ -41.460251, -8.047829099999939 ], [ -41.460176499999903, -8.046116 ], [ -41.4607677, -8.044770099999941 ], [ -41.4618029, -8.043211099999951 ], [ -41.4628063, -8.04197459999995 ], [ -41.4639443, -8.040319699999939 ], [ -41.4651674, -8.038322699999981 ], [ -41.4657066, -8.036778099999941 ], [ -41.465837599999901, -8.035195699999971 ], [ -41.4665123999999, -8.03334579999995 ], [ -41.466973799999899, -8.03240149999993 ], [ -41.468066, -8.032536599999959 ], [ -41.4717026, -8.03313739999993 ], [ -41.472575999999897, -8.03284629999996 ], [ -41.4737405, -8.03270069999996 ], [ -41.4744684, -8.03277349999996 ], [ -41.479708699999897, -8.03131779999995 ], [ -41.482911199999897, -8.02986219999997 ], [ -41.485264899999898, -8.027743799999939 ], [ -41.4858225, -8.027242 ], [ -41.4864047, -8.025931899999931 ], [ -41.4885313, -8.02394889999994 ], [ -41.491219, -8.02145029999997 ], [ -41.4912768, -8.02128909999993 ], [ -41.4915267, -8.020592799999971 ], [ -41.494818699999897, -8.01142019999998 ], [ -41.4856596, -8.005201 ], [ -41.4853884, -8.005016799999961 ], [ -41.4829372, -8.00335239999993 ], [ -41.482504199999902, -8.002975899999971 ], [ -41.4824831, -8.00295759999995 ], [ -41.482439699999901, -8.00291989999994 ], [ -41.482151499999901, -8.00266929999998 ], [ -41.467455, -7.98989269999993 ], [ -41.4780613, -7.98279039999994 ], [ -41.4783255, -7.98261649999995 ], [ -41.4784405999999, -7.978427 ], [ -41.479059, -7.97536109999993 ], [ -41.4801365, -7.97343379999995 ], [ -41.4818466, -7.97178279999997 ], [ -41.4854678, -7.96901089999994 ], [ -41.489432599999901, -7.96717409999997 ], [ -41.4908957, -7.96631249999996 ], [ -41.492908499999899, -7.96364409999995 ], [ -41.4941178999999, -7.95980989999993 ], [ -41.496255699999899, -7.956276 ], [ -41.4995924, -7.95459729999993 ], [ -41.503587599999904, -7.95353979999993 ], [ -41.506801499999902, -7.955065 ], [ -41.5098077, -7.95721509999993 ], [ -41.5104641, -7.95773859999997 ], [ -41.5111206, -7.95826209999996 ], [ -41.512571099999903, -7.95891429999995 ], [ -41.512766499999898, -7.95897779999996 ], [ -41.5158417, -7.95793439999994 ], [ -41.5183097, -7.95600819999993 ], [ -41.519157499999899, -7.95436159999997 ], [ -41.5200545, -7.95195159999997 ], [ -41.5216814, -7.94885709999994 ], [ -41.5237673, -7.94543329999993 ], [ -41.5251527, -7.94334469999995 ], [ -41.5259892, -7.94172669999995 ], [ -41.526088699999903, -7.93988279999996 ], [ -41.5230965, -7.92714949999993 ], [ -41.522768299999903, -7.92575289999996 ], [ -41.5218836, -7.92198789999998 ], [ -41.521421299999901, -7.92002059999993 ], [ -41.5110352, -7.91115059999993 ], [ -41.5101774, -7.91041789999997 ], [ -41.5093466, -7.90970839999994 ], [ -41.507804899999897, -7.90839179999995 ], [ -41.5042584, -7.90912349999996 ], [ -41.500489899999899, -7.90936939999995 ], [ -41.496014699999897, -7.90845419999994 ], [ -41.4923421, -7.90954859999994 ], [ -41.4888119, -7.91025229999997 ], [ -41.4854543, -7.91047339999994 ], [ -41.4833776, -7.91033759999993 ], [ -41.482768099999902, -7.90964519999994 ], [ -41.4827567, -7.90963229999994 ], [ -41.4821587, -7.90895279999995 ], [ -41.4815892, -7.90641659999994 ], [ -41.480659199999899, -7.90490339999997 ], [ -41.4790657, -7.90295739999993 ], [ -41.4770475, -7.90120249999995 ], [ -41.4751347, -7.90040179999994 ], [ -41.4735451, -7.90047679999998 ], [ -41.4710406, -7.90112189999996 ], [ -41.4696863, -7.90222939999995 ], [ -41.468085099999897, -7.90310969999996 ], [ -41.466024499999897, -7.903949 ], [ -41.464214, -7.90406959999996 ], [ -41.462748099999899, -7.90311279999997 ], [ -41.4613461, -7.90188889999996 ], [ -41.4600066, -7.90025859999997 ], [ -41.4594269, -7.89977049999993 ], [ -41.458784599999902, -7.89954909999994 ], [ -41.4575586, -7.899721 ], [ -41.456308, -7.90022949999997 ], [ -41.4547696999999, -7.900578 ], [ -41.453358099999903, -7.90059839999998 ], [ -41.451803299999902, -7.90026919999997 ], [ -41.4461664, -7.89797879999998 ], [ -41.445242999999898, -7.897836 ], [ -41.44296, -7.89812659999996 ], [ -41.4409553, -7.89921809999993 ], [ -41.4388527, -7.899824 ], [ -41.436641199999897, -7.89900239999997 ], [ -41.435263399999897, -7.898041 ], [ -41.4342799, -7.897265 ], [ -41.430816, -7.89313069999997 ], [ -41.4288023, -7.89072709999994 ], [ -41.4273042, -7.88948019999998 ], [ -41.417009499999899, -7.88091159999993 ], [ -41.414004599999899, -7.87227809999996 ], [ -41.4132532, -7.87010389999995 ], [ -41.412367699999898, -7.86905359999997 ], [ -41.41144, -7.86826649999995 ], [ -41.4059864, -7.86647109999996 ], [ -41.400844199999902, -7.86282189999997 ], [ -41.3997768999999, -7.86206449999997 ], [ -41.3996832, -7.861998 ], [ -41.3983059, -7.86142779999994 ], [ -41.397487399999903, -7.86123489999994 ], [ -41.3948123, -7.86060459999993 ], [ -41.392166099999898, -7.859981 ], [ -41.3921372, -7.85997419999995 ], [ -41.3921164, -7.85994749999998 ], [ -41.3913749, -7.85899579999995 ], [ -41.388472299999897, -7.85527 ], [ -41.3878172, -7.85393689999995 ], [ -41.380487, -7.84589539999996 ], [ -41.380485099999902, -7.84355429999994 ], [ -41.381028199999903, -7.84164369999996 ], [ -41.382257099999897, -7.84041289999993 ], [ -41.3784916, -7.81327029999994 ], [ -41.3440077999999, -7.80355559999998 ], [ -41.3194789, -7.79195029999994 ], [ -41.3112335, -7.73538129999997 ], [ -41.3110536, -7.73414689999993 ], [ -41.3072966, -7.73360629999996 ], [ -41.294774399999902, -7.73180439999993 ], [ -41.2805566, -7.72975849999995 ], [ -41.2784419, -7.72945409999994 ], [ -41.2759098, -7.72908979999994 ], [ -41.268825299999897, -7.72807029999996 ], [ -41.2569544, -7.72703159999998 ], [ -41.256942, -7.72703579999995 ], [ -41.2471646, -7.73033559999993 ], [ -41.2447692, -7.73105739999994 ], [ -41.2438349, -7.73133889999997 ], [ -41.2419424, -7.73190919999996 ], [ -41.2300018, -7.735507 ], [ -41.2299858, -7.73551179999993 ], [ -41.2210166, -7.73320339999998 ], [ -41.2135168, -7.72709289999995 ], [ -41.2092468, -7.72147439999998 ], [ -41.207583, -7.71928509999998 ], [ -41.2074122, -7.71940179999996 ], [ -41.2072042, -7.71947239999997 ], [ -41.2070528, -7.71949329999995 ], [ -41.2069069, -7.71944759999997 ], [ -41.2065908, -7.71928359999993 ], [ -41.2062071, -7.71913339999998 ], [ -41.2055708, -7.71893919999997 ], [ -41.2050694, -7.71879269999994 ], [ -41.2046621, -7.71862149999993 ], [ -41.204285599999899, -7.71862319999997 ], [ -41.204055099999898, -7.71869339999995 ], [ -41.2039425, -7.71896 ], [ -41.2035784999999, -7.71940209999997 ], [ -41.203314599999899, -7.71967129999996 ], [ -41.2031042999999, -7.719991 ], [ -41.2028526, -7.72045359999993 ], [ -41.2027702, -7.72075019999994 ], [ -41.202716699999897, -7.72087349999993 ], [ -41.202522, -7.72091779999994 ], [ -41.2023885999999, -7.72104829999995 ], [ -41.202313499999903, -7.72124379999997 ], [ -41.202258399999899, -7.72132109999995 ], [ -41.202166, -7.72135369999995 ], [ -41.202144, -7.7214 ], [ -41.2021326999999, -7.721447 ], [ -41.2020456, -7.721552 ], [ -41.201830399999899, -7.72173939999993 ], [ -41.2017964, -7.72190889999996 ], [ -41.2017589, -7.722045 ], [ -41.2016368, -7.72225279999998 ], [ -41.2015549, -7.72245649999996 ], [ -41.201495, -7.72260839999996 ], [ -41.2014771, -7.72296759999995 ], [ -41.2014679, -7.72337269999997 ], [ -41.2014025, -7.72375059999996 ], [ -41.2013521, -7.72418219999997 ], [ -41.2012826, -7.72474379999994 ], [ -41.2012296, -7.72512559999996 ], [ -41.2011926, -7.72538369999995 ], [ -41.2011299, -7.72550479999995 ], [ -41.201127299999897, -7.72568579999995 ], [ -41.2010655999999, -7.72582129999995 ], [ -41.2009366, -7.72606879999995 ], [ -41.2008484999999, -7.72623659999994 ], [ -41.2010012, -7.72649449999994 ], [ -41.2011884, -7.72679329999994 ], [ -41.2015041, -7.72738829999997 ], [ -41.2015595, -7.72757459999997 ], [ -41.201535299999897, -7.72776339999996 ], [ -41.2013352, -7.72800159999997 ], [ -41.200903599999897, -7.72854079999996 ], [ -41.200758, -7.72886209999996 ], [ -41.2004788, -7.72919239999993 ], [ -41.2003227, -7.729448 ], [ -41.200183099999897, -7.72967569999997 ], [ -41.1998833, -7.72988059999994 ], [ -41.1996596, -7.73015669999995 ], [ -41.1995588999999, -7.73088419999993 ], [ -41.1995878, -7.73157529999997 ], [ -41.1995565, -7.73209989999998 ], [ -41.199400099999899, -7.73229129999993 ], [ -41.1992367, -7.73243529999996 ], [ -41.1987806, -7.73265109999994 ], [ -41.197626, -7.73288629999996 ], [ -41.1960738, -7.733137 ], [ -41.194627099999899, -7.73313619999993 ], [ -41.193793899999903, -7.73332969999996 ], [ -41.1933548, -7.73329559999996 ], [ -41.1930765, -7.73335839999993 ], [ -41.192755299999902, -7.73340349999995 ], [ -41.192533899999901, -7.73354629999994 ], [ -41.1923297, -7.73367279999997 ], [ -41.192112, -7.73373649999996 ], [ -41.1918168999999, -7.73369149999996 ], [ -41.1915197, -7.73366679999998 ], [ -41.1911289, -7.73365069999994 ], [ -41.1905092, -7.73371789999993 ], [ -41.1898325, -7.73394079999997 ], [ -41.189318899999897, -7.73429229999994 ], [ -41.188941, -7.73458409999995 ], [ -41.188355699999903, -7.73479879999996 ], [ -41.188166399999901, -7.734897 ], [ -41.1880356, -7.73501909999993 ], [ -41.1877809, -7.73512779999993 ], [ -41.1872372, -7.73535309999994 ], [ -41.1868191, -7.73552439999997 ], [ -41.1863355, -7.73582449999998 ], [ -41.1856180999999, -7.73620029999995 ], [ -41.1852648, -7.73642379999995 ], [ -41.1851493, -7.73647609999995 ], [ -41.1843177, -7.73685289999997 ], [ -41.1839515, -7.73711489999994 ], [ -41.183756899999899, -7.73719009999996 ], [ -41.1836463, -7.73731629999997 ], [ -41.183604199999898, -7.73742429999993 ], [ -41.183356199999899, -7.73760179999994 ], [ -41.1832194, -7.73772449999996 ], [ -41.1830775, -7.73784389999997 ], [ -41.1825413, -7.73800019999993 ], [ -41.1822769, -7.73805119999997 ], [ -41.1820056, -7.73818619999997 ], [ -41.1817943, -7.73830279999993 ], [ -41.181681399999903, -7.73856659999996 ], [ -41.1816863, -7.73881419999998 ], [ -41.181567899999898, -7.73910159999997 ], [ -41.181322599999902, -7.73952009999994 ], [ -41.1810821, -7.74000019999994 ], [ -41.181011199999901, -7.74035309999994 ], [ -41.1809736, -7.74058539999993 ], [ -41.181021299999898, -7.74092519999994 ], [ -41.1810958, -7.741189 ], [ -41.1810788, -7.74130529999996 ], [ -41.1811795, -7.74158749999998 ], [ -41.181513499999902, -7.74194159999996 ], [ -41.182012, -7.74234079999997 ], [ -41.182343499999902, -7.74244739999995 ], [ -41.1826162, -7.74259 ], [ -41.182989899999903, -7.74282779999993 ], [ -41.183324599999899, -7.74305249999998 ], [ -41.1835072, -7.743114 ], [ -41.1839408, -7.74304739999997 ], [ -41.184047099999901, -7.74303069999996 ], [ -41.184294099999903, -7.74309469999997 ], [ -41.1845173, -7.74319789999993 ], [ -41.1847154, -7.74331569999993 ], [ -41.1852521, -7.74361629999993 ], [ -41.185555399999899, -7.743836 ], [ -41.185698699999897, -7.74397439999996 ], [ -41.1859499, -7.74417159999996 ], [ -41.1862351, -7.74432929999995 ], [ -41.1866142, -7.74455609999995 ], [ -41.186856299999903, -7.74459459999997 ], [ -41.1870564, -7.74468759999996 ], [ -41.1873532, -7.74492319999996 ], [ -41.1874869, -7.74505889999995 ], [ -41.187648099999898, -7.74514929999998 ], [ -41.187737899999902, -7.74518789999996 ], [ -41.187827599999899, -7.74522639999998 ], [ -41.1879589, -7.74535809999998 ], [ -41.188069799999901, -7.74549709999997 ], [ -41.1881296, -7.74561489999996 ], [ -41.1882289, -7.74570969999996 ], [ -41.188348699999899, -7.74575389999995 ], [ -41.188421199999901, -7.74578039999994 ], [ -41.1692833, -7.75386689999993 ], [ -41.1603129, -7.75711319999994 ], [ -41.150292299999897, -7.76073939999998 ], [ -41.1248472, -7.74099 ], [ -41.10581, -7.73917709999995 ], [ -41.100804799999899, -7.73870049999994 ], [ -41.099469999999897, -7.73857329999993 ], [ -41.0917037, -7.76986249999993 ], [ -41.0910006, -7.770214 ], [ -41.0897221, -7.77015009999997 ], [ -41.089051, -7.76979859999994 ], [ -41.0880602, -7.76935109999994 ], [ -41.087261199999901, -7.76890369999995 ], [ -41.086725499999901, -7.76868269999994 ], [ -41.0864771, -7.76850729999995 ], [ -41.086031499999898, -7.76795029999994 ], [ -41.0856972, -7.767425 ], [ -41.0854426, -7.76707489999995 ], [ -41.0850924, -7.76678839999994 ], [ -41.084710399999899, -7.76654969999993 ], [ -41.0842807, -7.76651779999997 ], [ -41.0838191, -7.76664519999997 ], [ -41.0835486, -7.76677249999995 ], [ -41.0830233, -7.76725 ], [ -41.082673199999903, -7.76774339999997 ], [ -41.0824504, -7.76825269999995 ], [ -41.0817342, -7.76904849999994 ], [ -41.0814477, -7.76941449999993 ], [ -41.081161199999897, -7.76990789999996 ], [ -41.0809225, -7.77030579999996 ], [ -41.0804927, -7.77060819999997 ], [ -41.0800312, -7.77079919999994 ], [ -41.079681, -7.770847 ], [ -41.079203499999899, -7.77094239999997 ], [ -41.0789171, -7.77119709999994 ], [ -41.078566899999899, -7.77141989999996 ], [ -41.078105299999898, -7.77137219999997 ], [ -41.077787, -7.77132439999997 ], [ -41.0772777, -7.77130849999998 ], [ -41.077007099999904, -7.77146769999996 ], [ -41.0764978, -7.77188149999995 ], [ -41.075590599999899, -7.77232709999993 ], [ -41.0748108, -7.77261359999994 ], [ -41.0741581999999, -7.77266139999995 ], [ -41.0736489, -7.77264539999993 ], [ -41.0725507, -7.77255 ], [ -41.0720732, -7.772359 ], [ -41.0714366, -7.77215209999997 ], [ -41.0708954, -7.77213609999995 ], [ -41.070481599999901, -7.77229529999994 ], [ -41.069447099999898, -7.77229529999994 ], [ -41.068906, -7.77207249999998 ], [ -41.068189699999898, -7.77162679999998 ], [ -41.067553099999898, -7.77132439999997 ], [ -41.0669801, -7.77103789999995 ], [ -41.0666141, -7.77086289999994 ], [ -41.0660410999999, -7.77067189999997 ], [ -41.0651657, -7.77057639999992 ], [ -41.0643858, -7.77054459999994 ], [ -41.0636537, -7.77071959999995 ], [ -41.062826099999903, -7.77106979999996 ], [ -41.0621417, -7.77134029999996 ], [ -41.061329999999899, -7.77161089999993 ], [ -41.060311399999897, -7.77207249999998 ], [ -41.0596429, -7.77247039999997 ], [ -41.058863, -7.77294789999996 ], [ -41.0582582, -7.77337759999995 ], [ -41.057971699999896, -7.77377549999994 ], [ -41.057621599999898, -7.77445989999995 ], [ -41.057239599999903, -7.77523969999993 ], [ -41.056984999999898, -7.77594 ], [ -41.0566985, -7.77700639999995 ], [ -41.056618899999897, -7.77781809999993 ], [ -41.056603, -7.77874119999996 ], [ -41.0562050999999, -7.779346 ], [ -41.055886799999897, -7.77968029999994 ], [ -41.055282, -7.77980759999997 ], [ -41.0547567, -7.77982349999996 ], [ -41.0541678, -7.78004629999998 ], [ -41.0537859, -7.78041239999993 ], [ -41.053690399999901, -7.780858 ], [ -41.0538018, -7.78146289999995 ], [ -41.0538177, -7.78173339999995 ], [ -41.0534675, -7.782195 ], [ -41.053215099999903, -7.78227389999995 ], [ -41.0527036, -7.78243369999996 ], [ -41.0520668999999, -7.78252919999994 ], [ -41.0516054, -7.78240189999997 ], [ -41.051303, -7.78232229999998 ], [ -41.0506186, -7.78224269999993 ], [ -41.049950099999897, -7.78237009999998 ], [ -41.049552199999901, -7.78264059999998 ], [ -41.049138399999897, -7.782943 ], [ -41.048820099999901, -7.78329319999995 ], [ -41.0486928, -7.78367519999995 ], [ -41.0486291, -7.78428 ], [ -41.048103899999902, -7.78467789999996 ], [ -41.047419499999897, -7.78512349999994 ], [ -41.046544099999899, -7.78558509999993 ], [ -41.045891599999898, -7.78587159999995 ], [ -41.045223099999902, -7.78628539999994 ], [ -41.0446517, -7.78670679999993 ], [ -41.044347699999904, -7.78700159999994 ], [ -41.044077199999897, -7.78720849999996 ], [ -41.043726999999897, -7.78738359999994 ], [ -41.043329099999902, -7.78746309999997 ], [ -41.042950899999902, -7.78743469999995 ], [ -41.042549199999897, -7.78720849999996 ], [ -41.042278699999898, -7.78695379999994 ], [ -41.0420399, -7.78676279999996 ], [ -41.0417057, -7.78671509999998 ], [ -41.0413874, -7.78669919999993 ], [ -41.0410213, -7.78684239999995 ], [ -41.040782599999901, -7.78696969999993 ], [ -41.040443599999897, -7.78708169999993 ], [ -41.017176499999898, -7.79268729999995 ], [ -40.992749699999898, -7.80892039999998 ], [ -40.9920761, -7.808861 ], [ -40.991077899999901, -7.80893769999994 ], [ -40.9900412, -7.80924489999995 ], [ -40.989196499999899, -7.80962879999993 ], [ -40.9877759, -7.809744 ], [ -40.9866241, -7.80966719999998 ], [ -40.9855491, -7.809936 ], [ -40.984397199999897, -7.81055029999993 ], [ -40.983130199999898, -7.81127979999997 ], [ -40.981709599999903, -7.81162539999997 ], [ -40.980480999999898, -7.81177889999998 ], [ -40.9796363, -7.81227809999996 ], [ -40.9785997, -7.81312269999995 ], [ -40.977793399999896, -7.81396739999997 ], [ -40.9767183, -7.81450489999997 ], [ -40.9753360999999, -7.81481209999993 ], [ -40.9747986, -7.81508089999994 ], [ -40.9745106, -7.81552239999996 ], [ -40.9742227, -7.81596389999993 ], [ -40.972955699999901, -7.81677019999995 ], [ -40.972072599999898, -7.81742289999994 ], [ -40.971151099999901, -7.81761489999997 ], [ -40.9701145, -7.81761489999997 ], [ -40.9688475, -7.81742289999994 ], [ -40.967734, -7.81734609999995 ], [ -40.9664286, -7.81700059999997 ], [ -40.964470499999898, -7.81677019999995 ], [ -40.963625799999903, -7.81661659999997 ], [ -40.9628908, -7.81595509999994 ], [ -40.9628579, -7.81592549999993 ], [ -40.9625073999999, -7.816204 ], [ -40.962396399999903, -7.81629209999994 ], [ -40.951479499999898, -7.82496289999995 ], [ -40.952004799999898, -7.826359 ], [ -40.951999999999899, -7.826549 ], [ -40.958648299999901, -7.84694 ], [ -40.9589978999999, -7.84801169999997 ], [ -40.9799563, -7.85919889999997 ], [ -40.980798, -7.85964819999998 ], [ -40.9810517, -7.85978359999996 ], [ -40.9811417, -7.86004 ], [ -40.9812433, -7.86049169999995 ], [ -40.981343, -7.86059279999995 ], [ -40.9813755, -7.86071689999994 ], [ -40.9814914, -7.86101349999996 ], [ -40.9815795, -7.86121529999997 ], [ -40.9815302, -7.86168479999998 ], [ -40.9814608, -7.86197369999996 ], [ -40.981490199999897, -7.86209219999995 ], [ -40.9815338, -7.86215229999993 ], [ -40.981564299999903, -7.86221309999996 ], [ -40.9815621, -7.86227129999997 ], [ -40.9817204, -7.86237269999998 ], [ -40.981826199999901, -7.86243689999998 ], [ -40.9818596, -7.86247649999996 ], [ -40.981955099999901, -7.86248139999998 ], [ -40.9821226, -7.86246979999993 ], [ -40.982265599999899, -7.86250629999995 ], [ -40.982466299999899, -7.86255909999994 ], [ -40.9827427, -7.86266969999997 ], [ -40.9830444, -7.86264069999993 ], [ -40.983455299999903, -7.862697 ], [ -40.9839881, -7.86268329999996 ], [ -40.9844122, -7.86268629999995 ], [ -40.984823499999898, -7.86265129999992 ], [ -40.9852820999999, -7.86255819999997 ], [ -40.985375099999899, -7.86252019999995 ], [ -40.9856306, -7.86254569999994 ], [ -40.9861243, -7.86277789999997 ], [ -40.9863693, -7.86279739999998 ], [ -40.986570599999901, -7.86276389999995 ], [ -40.9867889, -7.86279609999997 ], [ -40.9874344, -7.863075 ], [ -40.987622499999901, -7.86306569999994 ], [ -40.9879008, -7.863054 ], [ -40.9881212, -7.86301649999996 ], [ -40.9882708, -7.86287069999997 ], [ -40.9883755, -7.86268329999996 ], [ -40.9885495, -7.86255789999996 ], [ -40.9887065, -7.86250009999998 ], [ -40.9889226, -7.86253369999997 ], [ -40.989065599999897, -7.86270859999996 ], [ -40.989174499999898, -7.86307739999995 ], [ -40.9891843999999, -7.86332609999994 ], [ -40.989052699999903, -7.86356949999993 ], [ -40.989190999999899, -7.86410579999995 ], [ -40.9892068, -7.864441 ], [ -40.989362899999897, -7.86460279999994 ], [ -40.989846699999902, -7.86467979999998 ], [ -40.9901351, -7.86467839999995 ], [ -40.990423399999898, -7.86467709999994 ], [ -40.991007399999901, -7.86465789999994 ], [ -40.9917288, -7.86465409999994 ], [ -40.9918574, -7.86468429999996 ], [ -40.991913, -7.86481539999994 ], [ -40.9919103, -7.864931 ], [ -40.991865899999901, -7.86499549999996 ], [ -40.9918433, -7.86525589999997 ], [ -40.991879099999899, -7.865466 ], [ -40.992084799999901, -7.86546069999997 ], [ -40.992427099999901, -7.865257 ], [ -40.9926383, -7.86505079999995 ], [ -40.9929433, -7.86496009999996 ], [ -40.9932469, -7.86502129999997 ], [ -40.9935032, -7.86508269999996 ], [ -40.9936001, -7.86505389999996 ], [ -40.9936481, -7.864946 ], [ -40.9938116, -7.86480909999995 ], [ -40.993997299999897, -7.86468429999996 ], [ -40.9941722, -7.86456109999995 ], [ -40.9942783, -7.86439 ], [ -40.994537599999902, -7.86402059999995 ], [ -40.9948888, -7.86367319999994 ], [ -40.995551, -7.863169 ], [ -40.9960771, -7.86263389999993 ], [ -40.9965902, -7.86228449999993 ], [ -40.9969328, -7.862092 ], [ -40.9971985, -7.86193869999994 ], [ -40.9973788, -7.86172389999996 ], [ -40.9974048, -7.86142129999996 ], [ -40.9973282, -7.86093739999995 ], [ -40.9971465, -7.86058009999994 ], [ -40.9970777, -7.86026119999997 ], [ -40.9971078, -7.859718 ], [ -40.9971738, -7.85924789999996 ], [ -40.9973201, -7.85884209999995 ], [ -40.9976285, -7.85835759999998 ], [ -40.9979437, -7.85797039999994 ], [ -40.9982681, -7.85727429999997 ], [ -40.998497299999897, -7.85665759999995 ], [ -40.998759499999899, -7.85607089999996 ], [ -40.9989538, -7.855747 ], [ -40.999126499999903, -7.85557829999993 ], [ -40.9992738, -7.85555 ], [ -40.9994794, -7.855551 ], [ -40.9996679, -7.85549049999997 ], [ -40.9999586, -7.85528169999998 ], [ -41.0006395999999, -7.85494649999993 ], [ -41.0012783, -7.85456749999997 ], [ -41.001820699999897, -7.85428269999994 ], [ -41.0022271, -7.85415339999997 ], [ -41.0025439, -7.85414539999994 ], [ -41.0030709, -7.85396379999997 ], [ -41.003629799999899, -7.853896 ], [ -41.004186499999904, -7.85395949999997 ], [ -41.0046933, -7.85398819999995 ], [ -41.005311699999901, -7.85388359999996 ], [ -41.005541999999899, -7.85381179999996 ], [ -41.006137, -7.85379079999996 ], [ -41.006606299999902, -7.85377909999994 ], [ -41.0069162, -7.85372889999996 ], [ -41.0078993, -7.853686 ], [ -41.0085457, -7.853621 ], [ -41.009048199999903, -7.85352219999993 ], [ -41.0095805999999, -7.85330809999994 ], [ -41.010652299999897, -7.85290169999996 ], [ -41.011495, -7.85271439999997 ], [ -41.0123354, -7.85237929999994 ], [ -41.0131479, -7.85205259999998 ], [ -41.013584799999897, -7.85191479999997 ], [ -41.014315199999899, -7.851677 ], [ -41.0148747, -7.85151769999993 ], [ -41.015933699999898, -7.851414 ], [ -41.016778499999901, -7.85124819999993 ], [ -41.017464899999901, -7.85141709999994 ], [ -41.018267299999899, -7.85165909999995 ], [ -41.0190789, -7.85180089999994 ], [ -41.0202618, -7.852008 ], [ -41.0207454, -7.85210029999996 ], [ -41.0210321, -7.852242 ], [ -41.0212437, -7.852342 ], [ -41.021675, -7.85237169999994 ], [ -41.0220279, -7.85255089999993 ], [ -41.022425199999901, -7.85298249999994 ], [ -41.0227283, -7.85344 ], [ -41.0227487, -7.85358529999996 ], [ -41.022688, -7.85378859999997 ], [ -41.022636799999901, -7.85391169999997 ], [ -41.022704099999899, -7.85402989999994 ], [ -41.022809499999902, -7.85427739999994 ], [ -41.022991299999902, -7.85449849999998 ], [ -41.023195799999897, -7.85472219999997 ], [ -41.0233133999999, -7.85503389999997 ], [ -41.0234298, -7.85527949999994 ], [ -41.0235906, -7.85547529999997 ], [ -41.0241363, -7.85597359999997 ], [ -41.0245676, -7.85629609999995 ], [ -41.0247631, -7.85649559999996 ], [ -41.024969999999897, -7.85673959999997 ], [ -41.025297099999896, -7.85683649999993 ], [ -41.025637699999898, -7.85688489999995 ], [ -41.0262607, -7.85685959999995 ], [ -41.0267143, -7.85687209999998 ], [ -41.0273346, -7.85694619999998 ], [ -41.027573399999902, -7.85695 ], [ -41.0279712, -7.85708259999996 ], [ -41.0282946, -7.85730859999995 ], [ -41.0285608, -7.85755109999997 ], [ -41.028944099999897, -7.85789909999994 ], [ -41.0293275, -7.85833339999994 ], [ -41.029857499999899, -7.85891559999993 ], [ -41.0304194, -7.859669 ], [ -41.0307, -7.86015389999994 ], [ -41.0307571, -7.86060979999996 ], [ -41.030734299999899, -7.86118609999994 ], [ -41.030807599999903, -7.861699 ], [ -41.031105399999902, -7.86202049999997 ], [ -41.0313391, -7.862261 ], [ -41.0315656, -7.86249209999994 ], [ -41.0324089, -7.863114 ], [ -41.0330096, -7.86353939999998 ], [ -41.0333448, -7.86364469999995 ], [ -41.0338616, -7.86373539999994 ], [ -41.0342446, -7.86363539999996 ], [ -41.0347083, -7.86358059999998 ], [ -41.0353246, -7.86358909999996 ], [ -41.0359017, -7.86360879999995 ], [ -41.036324599999901, -7.86371869999994 ], [ -41.036859299999897, -7.86387219999995 ], [ -41.0369423, -7.86407039999995 ], [ -41.037201799999899, -7.86440389999996 ], [ -41.037331499999901, -7.86490719999995 ], [ -41.037350499999903, -7.865287 ], [ -41.0372603, -7.86608279999996 ], [ -41.0371805, -7.86685919999996 ], [ -41.037013, -7.867939 ], [ -41.036748499999902, -7.86940919999995 ], [ -41.0364996, -7.87052039999998 ], [ -41.0362588, -7.87115639999996 ], [ -41.0359941, -7.871703 ], [ -41.035880899999903, -7.87188569999995 ], [ -41.0360067, -7.87205859999995 ], [ -41.0360952, -7.87219839999995 ], [ -41.0359129, -7.87270879999994 ], [ -41.035895599999897, -7.87316189999996 ], [ -41.035942299999903, -7.87387989999996 ], [ -41.035896299999898, -7.87456959999997 ], [ -41.035712299999901, -7.87532539999995 ], [ -41.0356374, -7.87623739999998 ], [ -41.0355711999999, -7.87672139999995 ], [ -41.0356173, -7.87702519999993 ], [ -41.0357915, -7.87737539999995 ], [ -41.035933199999903, -7.87759749999998 ], [ -41.0362464, -7.87778859999997 ], [ -41.0369623, -7.87799539999997 ], [ -41.037513499999903, -7.87806879999994 ], [ -41.038066399999899, -7.87819139999993 ], [ -41.038446099999902, -7.87829529999993 ], [ -41.0387582, -7.87852569999995 ], [ -41.0394105, -7.87891629999996 ], [ -41.0397131, -7.87898809999996 ], [ -41.0401586, -7.87927329999997 ], [ -41.0403891999999, -7.87962189999996 ], [ -41.0406206, -7.88034519999997 ], [ -41.0410158, -7.88113549999997 ], [ -41.041472499999898, -7.88219309999994 ], [ -41.0415149, -7.88250409999995 ], [ -41.041353, -7.882707 ], [ -41.041310699999897, -7.88275289999996 ], [ -41.041234099999897, -7.88286179999994 ], [ -41.0411898, -7.88305869999994 ], [ -41.0412655, -7.88319269999994 ], [ -41.0416174, -7.88354879999997 ], [ -41.041970799999902, -7.88372389999995 ], [ -41.0422447, -7.88396019999993 ], [ -41.042587099999899, -7.88425129999996 ], [ -41.0429642, -7.88460609999993 ], [ -41.043213799999897, -7.88480119999997 ], [ -41.043726799999902, -7.88495169999993 ], [ -41.0445179, -7.88504059999997 ], [ -41.0453325, -7.88514939999993 ], [ -41.045764399999896, -7.88500529999993 ], [ -41.0460107, -7.884911 ], [ -41.0462562, -7.884941 ], [ -41.0467226, -7.88498509999994 ], [ -41.046910399999902, -7.88503169999996 ], [ -41.0470245, -7.88516849999996 ], [ -41.047512, -7.88538109999996 ], [ -41.048042, -7.88557579999997 ], [ -41.0482764, -7.88589279999997 ], [ -41.0483361, -7.88623149999995 ], [ -41.048394599999902, -7.88650479999995 ], [ -41.0486524, -7.88693869999997 ], [ -41.048841, -7.887548 ], [ -41.0489344, -7.88806879999993 ], [ -41.049052699999898, -7.88886519999994 ], [ -41.0491302, -7.88964619999996 ], [ -41.0491312999999, -7.89041489999994 ], [ -41.049249099999898, -7.89137409999995 ], [ -41.049335299999903, -7.89190119999995 ], [ -41.0494335, -7.89311349999997 ], [ -41.0495693, -7.89414549999998 ], [ -41.0496987, -7.895574 ], [ -41.0497678, -7.89665579999996 ], [ -41.0497301, -7.89740469999998 ], [ -41.0496924, -7.89815349999998 ], [ -41.049685699999898, -7.89859139999993 ], [ -41.049510199999901, -7.89863819999994 ], [ -41.0492139, -7.89849729999997 ], [ -41.0485126, -7.898349 ], [ -41.0478143, -7.89838709999998 ], [ -41.0471838, -7.898508 ], [ -41.0468546, -7.89847569999995 ], [ -41.0464787, -7.89852559999997 ], [ -41.0462828, -7.89858739999994 ], [ -41.045946399999899, -7.89860349999998 ], [ -41.045766699999902, -7.89853839999995 ], [ -41.045582, -7.89839969999997 ], [ -41.045495, -7.89824239999996 ], [ -41.045473399999899, -7.89791729999996 ], [ -41.045459799999897, -7.89746719999994 ], [ -41.045451699999902, -7.89729739999996 ], [ -41.0453196, -7.89715039999993 ], [ -41.0449824, -7.89692869999993 ], [ -41.0445098, -7.896652 ], [ -41.0442006, -7.896568 ], [ -41.0439656, -7.89654509999997 ], [ -41.043728499999901, -7.89639859999994 ], [ -41.043489599999901, -7.89638969999993 ], [ -41.0432615, -7.89654249999995 ], [ -41.043046699999898, -7.896849 ], [ -41.0429116, -7.89731019999994 ], [ -41.0427296, -7.89774069999993 ], [ -41.042419799999898, -7.89850239999993 ], [ -41.0423038, -7.89895849999994 ], [ -41.0420943, -7.89957049999998 ], [ -41.0418801, -7.90008769999997 ], [ -41.041616099999899, -7.90070009999994 ], [ -41.041478799999901, -7.90113579999996 ], [ -41.0413043, -7.90176479999997 ], [ -41.0412031, -7.90223829999996 ], [ -41.0411965, -7.90273219999995 ], [ -41.0412954, -7.90321769999997 ], [ -41.041332699999899, -7.90359949999993 ], [ -41.041304099999898, -7.90394809999998 ], [ -41.0410037, -7.90462559999997 ], [ -41.040897399999899, -7.90490539999996 ], [ -41.040759599999902, -7.90530279999996 ], [ -41.0406374, -7.90580929999993 ], [ -41.0404444, -7.90644539999994 ], [ -41.0402798, -7.90684629999993 ], [ -41.039938999999897, -7.90720429999993 ], [ -41.0397082, -7.90748959999996 ], [ -41.039493299999897, -7.90789819999998 ], [ -41.039118, -7.90835479999993 ], [ -41.0389473, -7.90858319999995 ], [ -41.0387597, -7.90892109999993 ], [ -41.038566499999902, -7.90909719999996 ], [ -41.0383732, -7.90927329999994 ], [ -41.037956199999897, -7.90965029999995 ], [ -41.0374734, -7.910069 ], [ -41.037012499999904, -7.91051219999997 ], [ -41.036721699999902, -7.91070649999995 ], [ -41.036614299999897, -7.91095009999998 ], [ -41.036402699999897, -7.91123839999995 ], [ -41.0361905, -7.91135809999997 ], [ -41.0360355, -7.91142509999997 ], [ -41.0354546, -7.91163729999994 ], [ -41.035017099999898, -7.91168129999994 ], [ -41.0348131, -7.91170519999997 ], [ -41.0346653, -7.91190749999993 ], [ -41.034603699999899, -7.912347 ], [ -41.034666199999897, -7.91276349999993 ], [ -41.034725799999897, -7.91311779999995 ], [ -41.034667399999897, -7.91350959999994 ], [ -41.034554899999897, -7.91406609999996 ], [ -41.0345108, -7.91442119999994 ], [ -41.0345210999999, -7.91493639999993 ], [ -41.0346301, -7.91519269999998 ], [ -41.0346196, -7.91541839999996 ], [ -41.034483, -7.91570889999997 ], [ -41.0343887, -7.91602679999994 ], [ -41.0342219, -7.91620989999996 ], [ -41.0338499, -7.91634879999998 ], [ -41.0333949, -7.91638919999997 ], [ -41.032503399999896, -7.91636219999998 ], [ -41.031961, -7.91639 ], [ -41.031708, -7.916501 ], [ -41.0315601, -7.91668679999998 ], [ -41.0313039, -7.91720919999995 ], [ -41.031089199999897, -7.91748909999995 ], [ -41.031045999999897, -7.91771679999994 ], [ -41.0311033999999, -7.91804709999997 ], [ -41.031264599999901, -7.91843389999997 ], [ -41.031437299999901, -7.918541 ], [ -41.031898899999902, -7.91863919999997 ], [ -41.0324062, -7.91871909999998 ], [ -41.0330587999999, -7.91873359999994 ], [ -41.0334448, -7.91880639999994 ], [ -41.0341155, -7.91904969999996 ], [ -41.0348273, -7.91918309999994 ], [ -41.0352098, -7.91929639999995 ], [ -41.0355845, -7.91928359999997 ], [ -41.035804, -7.919233 ], [ -41.0361492, -7.91922969999996 ], [ -41.0364058, -7.91932089999995 ], [ -41.0367805, -7.919416 ], [ -41.0370662, -7.91945519999996 ], [ -41.037410599999902, -7.91951919999997 ], [ -41.037618699999904, -7.91956409999995 ], [ -41.037860099999897, -7.91964989999997 ], [ -41.037950599999903, -7.91988029999993 ], [ -41.0380661, -7.92050179999995 ], [ -41.0380828999999, -7.92083669999994 ], [ -41.0380885, -7.92114719999995 ], [ -41.0381287, -7.92169609999996 ], [ -41.0381967, -7.92201359999996 ], [ -41.038280799999903, -7.92252549999995 ], [ -41.0384407, -7.92284939999996 ], [ -41.0386715, -7.92323639999995 ], [ -41.0388268, -7.92356159999997 ], [ -41.0388619, -7.92363469999998 ], [ -41.0389812, -7.92388309999995 ], [ -41.0390695, -7.92413429999993 ], [ -41.039185099999898, -7.92425279999998 ], [ -41.0393506999999, -7.92435339999997 ], [ -41.039418199999901, -7.92451119999993 ], [ -41.0395756, -7.92487939999995 ], [ -41.040009199999901, -7.92532109999996 ], [ -41.040167499999903, -7.92527609999996 ], [ -41.0403563, -7.92509619999993 ], [ -41.0404437, -7.92504109999993 ], [ -41.040609199999899, -7.92503359999995 ], [ -41.0407756, -7.92507309999996 ], [ -41.0409008, -7.92517689999994 ], [ -41.040984799999897, -7.92535929999997 ], [ -41.0410701, -7.92548049999994 ], [ -41.0412453, -7.92544239999995 ], [ -41.0415586, -7.92520379999996 ], [ -41.0417045, -7.92522139999994 ], [ -41.0418852, -7.92538639999998 ], [ -41.0419173, -7.925537 ], [ -41.0419821999999, -7.92563269999994 ], [ -41.042187199999901, -7.92570139999998 ], [ -41.042273, -7.92578309999993 ], [ -41.0424585, -7.92587689999993 ], [ -41.042699599999899, -7.92583719999993 ], [ -41.0430319, -7.92583319999994 ], [ -41.0431669, -7.92592439999993 ], [ -41.0431983, -7.92599879999995 ], [ -41.043131699999897, -7.92620609999994 ], [ -41.0430976, -7.92648819999994 ], [ -41.0430807, -7.92688609999993 ], [ -41.0430655, -7.92720879999996 ], [ -41.0431214, -7.92749019999997 ], [ -41.043124099999901, -7.92787119999997 ], [ -41.0432134, -7.92813409999997 ], [ -41.043369299999902, -7.92849349999995 ], [ -41.0435236, -7.92871479999997 ], [ -41.0436525, -7.929136 ], [ -41.0436222, -7.92949889999994 ], [ -41.0434715, -7.92999719999995 ], [ -41.043381399999902, -7.93042539999993 ], [ -41.0433492, -7.93054609999996 ], [ -41.0431024, -7.93091419999996 ], [ -41.043100099999897, -7.93126029999996 ], [ -41.0431618, -7.93159919999994 ], [ -41.0431449, -7.93186469999995 ], [ -41.0431121, -7.93206269999996 ], [ -41.0431867, -7.932308 ], [ -41.043313, -7.93250319999993 ], [ -41.043325, -7.93285079999993 ], [ -41.043534399999899, -7.93308479999996 ], [ -41.0440761, -7.93336709999994 ], [ -41.044656599999897, -7.93363669999997 ], [ -41.0452114, -7.93379509999994 ], [ -41.0455661, -7.933754 ], [ -41.0459403, -7.93372059999996 ], [ -41.046534, -7.93385469999993 ], [ -41.0468723, -7.93395289999995 ], [ -41.047209199999898, -7.93409209999993 ], [ -41.047444, -7.93421569999998 ], [ -41.047590899999904, -7.93430809999995 ], [ -41.0478204, -7.93428439999997 ], [ -41.048097299999903, -7.93413579999998 ], [ -41.0483325, -7.934149 ], [ -41.0485317, -7.93422949999996 ], [ -41.0487007, -7.93436849999995 ], [ -41.049117399999901, -7.93478489999995 ], [ -41.0493948, -7.93502779999994 ], [ -41.0496615, -7.93534029999995 ], [ -41.0499445, -7.93559249999993 ], [ -41.0504663, -7.935938 ], [ -41.050648899999899, -7.93644079999996 ], [ -41.050655699999901, -7.93689759999995 ], [ -41.0506151, -7.93728669999996 ], [ -41.0508604, -7.93804029999995 ], [ -41.051089299999902, -7.93856809999994 ], [ -41.0512368, -7.93898239999993 ], [ -41.051392099999902, -7.93928789999995 ], [ -41.051766, -7.93980279999994 ], [ -41.0521825, -7.94022809999996 ], [ -41.052579, -7.94048039999996 ], [ -41.0528787, -7.94071659999997 ], [ -41.0531372, -7.94098859999997 ], [ -41.0534271, -7.94111819999995 ], [ -41.0536883, -7.94104529999993 ], [ -41.053907299999899, -7.94124719999996 ], [ -41.0539615, -7.94144329999995 ], [ -41.0539395, -7.94165009999995 ], [ -41.053976, -7.94173979999994 ], [ -41.054287299999899, -7.94176509999994 ], [ -41.0546294, -7.94178429999994 ], [ -41.055028299999897, -7.94158059999995 ], [ -41.055381399999902, -7.94136689999993 ], [ -41.055818, -7.94152749999995 ], [ -41.0561559, -7.94158489999995 ], [ -41.0563958, -7.94156429999992 ], [ -41.0565918, -7.94170319999995 ], [ -41.0566089, -7.94182669999998 ], [ -41.056621699999901, -7.94205669999997 ], [ -41.0567899, -7.94216919999997 ], [ -41.0571505999999, -7.94223939999995 ], [ -41.057347999999898, -7.94225789999996 ], [ -41.057467899999899, -7.94245069999994 ], [ -41.057720199999899, -7.94250369999997 ], [ -41.0582886, -7.94253989999993 ], [ -41.0591329, -7.94309459999994 ], [ -41.059331299999897, -7.94326369999993 ], [ -41.0598926, -7.94340379999994 ], [ -41.0599854, -7.94351129999995 ], [ -41.060099, -7.94388979999997 ], [ -41.060153699999901, -7.944216 ], [ -41.0625267, -7.94388839999993 ], [ -41.0652079, -7.94313279999994 ], [ -41.070048799999903, -7.94150859999996 ], [ -41.072178699999903, -7.94122219999997 ], [ -41.0734256, -7.94141869999993 ], [ -41.074255999999899, -7.94152869999994 ], [ -41.0746425, -7.94145909999997 ], [ -41.0746123, -7.94095939999994 ], [ -41.0743985, -7.94030889999993 ], [ -41.074390799999897, -7.93943679999995 ], [ -41.0747713, -7.93850139999995 ], [ -41.0754502999999, -7.93786519999998 ], [ -41.0762844, -7.93802419999997 ], [ -41.0769367, -7.93843639999994 ], [ -41.0777265, -7.93920369999995 ], [ -41.0809642, -7.94241049999994 ], [ -41.1041537, -7.96537849999993 ], [ -41.1039501999999, -7.96748639999993 ], [ -41.104284, -7.96944789999998 ], [ -41.1056303, -7.97142319999995 ], [ -41.1062558, -7.97255159999997 ], [ -41.1075299, -7.97399009999998 ], [ -41.109424499999903, -7.97493929999996 ], [ -41.1105858, -7.97581149999996 ], [ -41.111133299999899, -7.97646659999998 ], [ -41.111424999999898, -7.97690739999996 ], [ -41.111838599999899, -7.97732989999997 ], [ -41.1121726, -7.97832409999995 ], [ -41.112729499999901, -7.97929039999997 ], [ -41.113143099999903, -7.97972759999993 ], [ -41.113955299999901, -7.97973759999996 ], [ -41.115592, -7.97996029999996 ], [ -41.116769799999901, -7.98021089999997 ], [ -41.118438899999902, -7.98013189999995 ], [ -41.1196403, -7.98050689999997 ], [ -41.121634899999897, -7.98068389999997 ], [ -41.1228427, -7.98035829999998 ], [ -41.123593899999896, -7.97998549999994 ], [ -41.1241635, -7.98012139999997 ], [ -41.1246065999999, -7.98096859999993 ], [ -41.1249956, -7.98151559999997 ], [ -41.1263843, -7.98164239999994 ], [ -41.1269915, -7.98135559999997 ], [ -41.1275352, -7.98088659999996 ], [ -41.1285414, -7.98042239999995 ], [ -41.129332599999898, -7.98025089999993 ], [ -41.129758, -7.98036429999996 ], [ -41.130130999999899, -7.98065379999997 ], [ -41.1305786, -7.98114489999995 ], [ -41.131034999999898, -7.98137319999995 ], [ -41.1317362, -7.98140979999994 ], [ -41.1325338, -7.98129029999996 ], [ -41.133232, -7.981362 ], [ -41.1337672, -7.98150249999998 ], [ -41.1345567, -7.98144239999993 ], [ -41.1361974, -7.98102939999995 ], [ -41.1371786999999, -7.98097139999993 ], [ -41.1378137, -7.98062029999994 ], [ -41.1381269, -7.98014149999995 ], [ -41.138374999999897, -7.97976219999993 ], [ -41.1396275, -7.97760589999996 ], [ -41.1403845, -7.97693719999995 ], [ -41.141514, -7.97667579999995 ], [ -41.142443199999903, -7.97656609999996 ], [ -41.143436699999903, -7.97774759999993 ], [ -41.144163499999898, -7.97868359999995 ], [ -41.145660399999898, -7.97996019999994 ], [ -41.1463596, -7.98084079999995 ], [ -41.1472866, -7.98317129999998 ], [ -41.1480913, -7.98415039999998 ], [ -41.148714299999902, -7.984439 ], [ -41.1491485, -7.98437089999993 ], [ -41.1523738, -7.99366179999993 ], [ -41.15273, -7.99468779999995 ], [ -41.1610916, -8.018774199999941 ], [ -41.162126199999904, -8.01981579999995 ], [ -41.1631884, -8.02013789999995 ], [ -41.1703678, -8.020199399999971 ], [ -41.177403, -8.018799199999931 ], [ -41.178986, -8.01848419999993 ], [ -41.1808177999999, -8.01632389999997 ], [ -41.1825544, -8.01494489999993 ], [ -41.1846954, -8.01409709999996 ], [ -41.1866954, -8.01489249999997 ], [ -41.1874852, -8.01520659999994 ], [ -41.188258399999903, -8.015980599999979 ], [ -41.188578, -8.016300499999939 ], [ -41.189681, -8.018481599999969 ], [ -41.1924741999999, -8.01961649999993 ], [ -41.1956034, -8.020396 ], [ -41.2035665, -8.018318099999931 ], [ -41.2263897999999, -8.01115489999995 ], [ -41.2409459, -8.013836899999941 ], [ -41.247149, -8.016992899999931 ], [ -41.2535151, -8.01917689999993 ], [ -41.262479799999902, -8.021249099999981 ], [ -41.2681502, -8.02178329999998 ], [ -41.293530099999899, -8.019891799999931 ], [ -41.2941867, -8.01984289999996 ], [ -41.294732399999901, -8.01980709999998 ], [ -41.3093177, -8.018827199999979 ], [ -41.3466154, -8.036039799999971 ] ] ] ] } },
{ "type": "Feature", "properties": { "CD_MUN": "2205201", "NM_MUN": "Jaicós", "CD_RGI": "220009", "NM_RGI": "Picos", "CD_RGINT": "2203", "NM_RGINT": "Picos", "CD_UF": "22", "NM_UF": "Piauí", "SIGLA_UF": "PI", "CD_REGIAO": "2", "NM_REGIAO": "Nordeste", "SIGLA_RG": "NE", "CD_CONCURB": null, "NM_CONCURB": null, "AREA_KM2": 866.788 }, "geometry": { "type": "MultiPolygon", "coordinates": [ [ [ [ -41.298441, -7.572227 ], [ -41.298372, -7.571691 ], [ -41.297998999999898, -7.570815 ], [ -41.297852, -7.570319 ], [ -41.297868999999899, -7.569732 ], [ -41.297852, -7.569315 ], [ -41.29756, -7.568865 ], [ -41.297517, -7.568576 ], [ -41.297722, -7.567779 ], [ -41.297683999999897, -7.567315 ], [ -41.297593, -7.567081 ], [ -41.297521, -7.566656 ], [ -41.297618999999898, -7.56632 ], [ -41.297640999999899, -7.565997 ], [ -41.297403, -7.565108 ], [ -41.297303999999897, -7.564007 ], [ -41.29739, -7.563611 ], [ -41.297648, -7.563007 ], [ -41.298034, -7.561969 ], [ -41.298052, -7.561586 ], [ -41.297840999999899, -7.560328 ], [ -41.297876, -7.559486 ], [ -41.297781, -7.558499 ], [ -41.297876, -7.557241 ], [ -41.297646, -7.556589 ], [ -41.297534, -7.556274 ], [ -41.296964, -7.555607 ], [ -41.295791999999899, -7.55442 ], [ -41.294306999999897, -7.553332 ], [ -41.29338, -7.552125 ], [ -41.292814, -7.551295 ], [ -41.292709, -7.550716 ], [ -41.292773, -7.55049 ], [ -41.293056, -7.550146 ], [ -41.293782, -7.549206 ], [ -41.294372, -7.548018 ], [ -41.2944752, -7.54776619999996 ], [ -41.294912, -7.5467 ], [ -41.295051699999902, -7.54653349999995 ], [ -41.295947, -7.545467 ], [ -41.297633, -7.542949 ], [ -41.299349999999897, -7.541427 ], [ -41.300785, -7.540674 ], [ -41.30188, -7.540397 ], [ -41.302368999999899, -7.540474 ], [ -41.305445, -7.542526 ], [ -41.306466, -7.543193 ], [ -41.307359, -7.543159 ], [ -41.308247, -7.542704 ], [ -41.308981, -7.542168 ], [ -41.309153, -7.541852 ], [ -41.309371999999897, -7.541457 ], [ -41.309981, -7.541142 ], [ -41.311741, -7.540997 ], [ -41.313175999999899, -7.541309 ], [ -41.31421, -7.541428 ], [ -41.31506, -7.5415 ], [ -41.316462999999899, -7.541411 ], [ -41.317810999999899, -7.541412 ], [ -41.320971, -7.540926 ], [ -41.321829, -7.540828 ], [ -41.322889, -7.541126 ], [ -41.324998, -7.541927 ], [ -41.32538, -7.541949 ], [ -41.326273, -7.541711 ], [ -41.326929, -7.54143 ], [ -41.327423, -7.541081 ], [ -41.32791, -7.540535 ], [ -41.328485, -7.539617 ], [ -41.329308, -7.537753 ], [ -41.329574, -7.537174 ], [ -41.329823, -7.536864 ], [ -41.330299, -7.536622 ], [ -41.331814, -7.536167 ], [ -41.332865, -7.535908 ], [ -41.334435, -7.536061 ], [ -41.335259, -7.535933 ], [ -41.335843, -7.535593 ], [ -41.336512, -7.534751 ], [ -41.336700999999898, -7.534275 ], [ -41.336899, -7.533875 ], [ -41.337824, -7.533194 ], [ -41.338527999999897, -7.532735 ], [ -41.338812, -7.532369 ], [ -41.33975, -7.530962 ], [ -41.339995, -7.53032 ], [ -41.340428, -7.529652 ], [ -41.340586, -7.528982 ], [ -41.340912, -7.528051 ], [ -41.341316, -7.527549 ], [ -41.341679999999897, -7.527103 ], [ -41.342464999999898, -7.526906 ], [ -41.342967, -7.526953 ], [ -41.343708999999897, -7.527365 ], [ -41.344332, -7.527535 ], [ -41.344713, -7.527556 ], [ -41.345346, -7.527453 ], [ -41.345754, -7.527465 ], [ -41.346389, -7.527857 ], [ -41.34723, -7.528137 ], [ -41.347595, -7.528116 ], [ -41.348092999999899, -7.527925 ], [ -41.349244999999897, -7.527511 ], [ -41.34991, -7.527112 ], [ -41.351481, -7.526193 ], [ -41.352275, -7.525806 ], [ -41.353228, -7.525583 ], [ -41.354202, -7.525343 ], [ -41.356219, -7.525224 ], [ -41.357833, -7.525479 ], [ -41.358605, -7.525555 ], [ -41.359978, -7.525683 ], [ -41.360802, -7.525445 ], [ -41.361506, -7.524833 ], [ -41.362339, -7.523965 ], [ -41.363430999999899, -7.523423 ], [ -41.365199, -7.522454 ], [ -41.367293, -7.521127 ], [ -41.368237, -7.519953 ], [ -41.36925, -7.51912 ], [ -41.37337, -7.517505 ], [ -41.376556999999899, -7.516231 ], [ -41.378908099999897, -7.51558879999993 ], [ -41.3787884, -7.51538009999996 ], [ -41.3782749, -7.51465909999996 ], [ -41.378056399999899, -7.51374139999996 ], [ -41.3779362, -7.51309689999994 ], [ -41.3767783, -7.51054059999996 ], [ -41.3763413, -7.50898929999994 ], [ -41.375642099999901, -7.50569009999998 ], [ -41.3753799, -7.50328679999996 ], [ -41.3755547, -7.50005309999995 ], [ -41.3757295, -7.49874219999998 ], [ -41.3759262, -7.497759 ], [ -41.3761446, -7.49701619999996 ], [ -41.3764724, -7.496164 ], [ -41.3767783, -7.49581449999994 ], [ -41.3694634, -7.47677269999997 ], [ -41.3615278, -7.45611509999998 ], [ -41.3599168, -7.45248139999995 ], [ -41.356210299999901, -7.44412059999996 ], [ -41.350718099999902, -7.43173219999994 ], [ -41.347876799999902, -7.425753 ], [ -41.3424371999999, -7.40786579999997 ], [ -41.3373344, -7.39108639999995 ], [ -41.333927199999899, -7.37988269999994 ], [ -41.3317458, -7.37270929999994 ], [ -41.3311783, -7.37223859999995 ], [ -41.330624199999903, -7.37163829999997 ], [ -41.330367399999901, -7.37106059999996 ], [ -41.3302548, -7.37080719999994 ], [ -41.3297931, -7.37011469999993 ], [ -41.3291929, -7.36960679999993 ], [ -41.328685, -7.36928359999996 ], [ -41.3279924, -7.36863719999997 ], [ -41.3279462, -7.36729819999994 ], [ -41.327807699999902, -7.36655939999997 ], [ -41.3277615, -7.36586679999994 ], [ -41.3277615, -7.36512809999994 ], [ -41.327715399999903, -7.36406609999995 ], [ -41.327715399999903, -7.36281949999994 ], [ -41.327669199999903, -7.36198839999997 ], [ -41.327576899999897, -7.36124959999995 ], [ -41.3273922, -7.360557 ], [ -41.327069, -7.35977209999993 ], [ -41.3266072, -7.35875629999992 ], [ -41.3259608, -7.35764819999997 ], [ -41.325268299999898, -7.35644769999993 ], [ -41.324668, -7.35566279999995 ], [ -41.3242986, -7.35487789999996 ], [ -41.3237907, -7.35404679999994 ], [ -41.3231905, -7.35298479999994 ], [ -41.3229597, -7.35215369999997 ], [ -41.322821099999899, -7.35123029999994 ], [ -41.3229597, -7.35049149999998 ], [ -41.3231905, -7.34970659999993 ], [ -41.323329, -7.348737 ], [ -41.323375199999901, -7.34758269999998 ], [ -41.3234214, -7.34568959999996 ], [ -41.323329, -7.34467379999995 ], [ -41.3230058, -7.343104 ], [ -41.3225441, -7.34190349999994 ], [ -41.322174699999898, -7.34079539999993 ], [ -41.32199, -7.340149 ], [ -41.321861199999901, -7.33963359999996 ], [ -41.3217592, -7.33922549999994 ], [ -41.3216207, -7.33816359999997 ], [ -41.3102623, -7.320849 ], [ -41.3104827, -7.30695959999997 ], [ -41.3101422, -7.29581769999993 ], [ -41.3098843, -7.28725369999995 ], [ -41.283456999999899, -7.26699289999993 ], [ -41.2826388, -7.26720059999997 ], [ -41.280958499999898, -7.26762719999994 ], [ -41.2687831, -7.27071839999996 ], [ -41.249634, -7.27558019999998 ], [ -41.2410353, -7.27554049999998 ], [ -41.220850599999899, -7.27544729999994 ], [ -41.2085392, -7.27539049999996 ], [ -41.208427, -7.27482919999994 ], [ -41.2050338, -7.25784239999996 ], [ -41.2032184, -7.24912419999993 ], [ -41.202715199999901, -7.24670779999997 ], [ -41.201966899999903, -7.24333229999996 ], [ -41.1963775, -7.21812059999996 ], [ -41.1882846, -7.21667539999993 ], [ -41.1623964, -7.21205249999997 ], [ -41.1607516, -7.21157549999998 ], [ -41.1432407, -7.20649679999997 ], [ -41.143114, -7.210374 ], [ -41.143016, -7.21094 ], [ -41.143033, -7.212471 ], [ -41.143002, -7.214637 ], [ -41.143009999999897, -7.215743 ], [ -41.143059, -7.216604 ], [ -41.142986, -7.218859 ], [ -41.142907, -7.224045 ], [ -41.142801, -7.228533 ], [ -41.142429, -7.246267 ], [ -41.1425062, -7.24705139999998 ], [ -41.142532, -7.247314 ], [ -41.1424, -7.248447 ], [ -41.14228, -7.249528 ], [ -41.14213, -7.250514 ], [ -41.141963, -7.251867 ], [ -41.142075, -7.252144 ], [ -41.143157, -7.253409 ], [ -41.144805, -7.254838 ], [ -41.145508999999898, -7.255468 ], [ -41.145611, -7.255734 ], [ -41.146276, -7.258027 ], [ -41.146538, -7.258895 ], [ -41.146917, -7.259783 ], [ -41.146719, -7.259996 ], [ -41.144964, -7.261319 ], [ -41.14446, -7.261576 ], [ -41.142426, -7.262138 ], [ -41.139859, -7.263116 ], [ -41.138119, -7.263724 ], [ -41.13769, -7.26415 ], [ -41.137355, -7.264703 ], [ -41.137149, -7.266064 ], [ -41.136857, -7.266532 ], [ -41.136205, -7.267307 ], [ -41.135987999999898, -7.267901 ], [ -41.135284, -7.269382 ], [ -41.135053, -7.269577 ], [ -41.134538, -7.270743 ], [ -41.1344, -7.271356 ], [ -41.13398, -7.272156 ], [ -41.133712, -7.27335 ], [ -41.133793, -7.27389 ], [ -41.1056778, -7.27140859999997 ], [ -41.098810399999898, -7.27574709999993 ], [ -41.0849936, -7.28437589999993 ], [ -41.0849241, -7.28432819999995 ], [ -41.0673196, -7.27224079999996 ], [ -41.043393599999902, -7.276888 ], [ -41.041828199999898, -7.30147909999994 ], [ -41.0418246, -7.30149039999998 ], [ -41.041476, -7.302581 ], [ -41.039816099999904, -7.30777479999995 ], [ -41.0379197, -7.31370869999995 ], [ -41.019331899999898, -7.37187 ], [ -41.0192627, -7.37208659999993 ], [ -41.012979, -7.39397919999993 ], [ -41.0082867, -7.41032749999994 ], [ -41.0047843, -7.42252989999997 ], [ -41.0064096, -7.42481609999993 ], [ -41.0064366, -7.42461129999998 ], [ -41.0370598, -7.42799189999994 ], [ -41.0578001, -7.42708789999995 ], [ -41.0594778, -7.42701479999994 ], [ -41.0594905, -7.42701429999994 ], [ -41.06197, -7.42690609999994 ], [ -41.0869367, -7.42581809999996 ], [ -41.0936201, -7.423701 ], [ -41.1063803, -7.41984009999993 ], [ -41.1161683, -7.42346329999998 ], [ -41.129024199999897, -7.42829379999995 ], [ -41.144998, -7.42786109999997 ], [ -41.1456504, -7.42784339999997 ], [ -41.155774199999897, -7.42756919999994 ], [ -41.157948, -7.44713349999995 ], [ -41.158472, -7.44764529999998 ], [ -41.184995399999899, -7.473443 ], [ -41.1850324, -7.47347909999996 ], [ -41.189045599999901, -7.47738579999998 ], [ -41.2089586, -7.48031409999993 ], [ -41.209558199999897, -7.48040229999998 ], [ -41.209587699999901, -7.48040669999995 ], [ -41.2383187, -7.48463179999993 ], [ -41.2383113, -7.48466079999997 ], [ -41.2274495999999, -7.52702119999998 ], [ -41.2274811999999, -7.53912889999998 ], [ -41.227534999999897, -7.55980089999997 ], [ -41.2273458, -7.57329609999994 ], [ -41.228741, -7.57396339999997 ], [ -41.2298329, -7.574934 ], [ -41.2311068, -7.57632919999998 ], [ -41.2324414, -7.57796709999997 ], [ -41.2336546, -7.57978689999993 ], [ -41.2340186, -7.58069679999994 ], [ -41.234261199999899, -7.58136409999997 ], [ -41.2346252, -7.58233469999993 ], [ -41.2352318, -7.583366 ], [ -41.235777799999902, -7.58433649999995 ], [ -41.2361418, -7.58524649999993 ], [ -41.2365057, -7.586581 ], [ -41.2367484, -7.587309 ], [ -41.2376583, -7.58791559999997 ], [ -41.2382042, -7.58864349999993 ], [ -41.238143599999901, -7.58967479999995 ], [ -41.238082899999903, -7.59046339999998 ], [ -41.238507599999899, -7.59082729999994 ], [ -41.239356799999896, -7.59155529999992 ], [ -41.2399634, -7.59240449999993 ], [ -41.2402061, -7.59367839999993 ], [ -41.2403274, -7.59513429999993 ], [ -41.2422554, -7.59647069999994 ], [ -41.266681499999898, -7.61317959999997 ], [ -41.266608, -7.612766 ], [ -41.266689, -7.612413 ], [ -41.266874, -7.612158 ], [ -41.267329, -7.611801 ], [ -41.267761999999898, -7.611703 ], [ -41.268194999999899, -7.611466 ], [ -41.268586, -7.610973 ], [ -41.269281, -7.610382 ], [ -41.269822, -7.610017 ], [ -41.270075, -7.609711 ], [ -41.270118, -7.609498 ], [ -41.270118, -7.609111 ], [ -41.269998, -7.608813 ], [ -41.270062, -7.608596 ], [ -41.270443999999898, -7.608201 ], [ -41.271217, -7.607912 ], [ -41.272036, -7.607508 ], [ -41.272357999999898, -7.607091 ], [ -41.27295, -7.606299 ], [ -41.273384, -7.605985 ], [ -41.273637, -7.605751 ], [ -41.274118, -7.605037 ], [ -41.274574, -7.603942 ], [ -41.27502, -7.603283 ], [ -41.275209, -7.603172 ], [ -41.27575, -7.602905 ], [ -41.276101, -7.602087 ], [ -41.276114, -7.601853 ], [ -41.276033, -7.601492 ], [ -41.276033, -7.601033 ], [ -41.276123, -7.600858 ], [ -41.276272999999897, -7.600777 ], [ -41.276415, -7.600658 ], [ -41.277025, -7.600002 ], [ -41.277668999999896, -7.599321 ], [ -41.277789, -7.599058 ], [ -41.277708, -7.598798 ], [ -41.277386, -7.598645 ], [ -41.277008, -7.598297 ], [ -41.276549, -7.597744 ], [ -41.276124, -7.597318 ], [ -41.275776, -7.596489 ], [ -41.274952, -7.594834 ], [ -41.274665, -7.593886 ], [ -41.274575, -7.593304 ], [ -41.274729, -7.591983 ], [ -41.274741999999897, -7.591201 ], [ -41.274974, -7.590486 ], [ -41.275137, -7.590138 ], [ -41.2753, -7.589731 ], [ -41.275303999999899, -7.589416 ], [ -41.275236, -7.589182 ], [ -41.27509, -7.589046 ], [ -41.274785, -7.588893 ], [ -41.274601, -7.588706 ], [ -41.274476, -7.588057 ], [ -41.274493, -7.587776 ], [ -41.274724999999897, -7.58724 ], [ -41.275047, -7.585876 ], [ -41.275223, -7.584757 ], [ -41.275678, -7.584064 ], [ -41.275996, -7.583218 ], [ -41.276082, -7.582754 ], [ -41.276216, -7.58116 ], [ -41.276289, -7.58053 ], [ -41.276477999999898, -7.579956 ], [ -41.277049, -7.578991 ], [ -41.277298, -7.578804 ], [ -41.277534, -7.578791 ], [ -41.277856, -7.578843 ], [ -41.278667, -7.578906 ], [ -41.279195, -7.57911 ], [ -41.280242, -7.579667 ], [ -41.281000999999897, -7.579969 ], [ -41.282938, -7.580865 ], [ -41.283758, -7.581243 ], [ -41.284577, -7.581418 ], [ -41.285666999999897, -7.581077 ], [ -41.285921, -7.580929 ], [ -41.286118, -7.580661 ], [ -41.286367, -7.580482 ], [ -41.286921999999898, -7.580281 ], [ -41.287505, -7.580043 ], [ -41.289033, -7.579209 ], [ -41.290053999999898, -7.57899 ], [ -41.290844, -7.579028 ], [ -41.291607999999897, -7.579173 ], [ -41.295225, -7.578563 ], [ -41.295881, -7.578184 ], [ -41.296152, -7.577797 ], [ -41.296418, -7.577096 ], [ -41.297065, -7.575804 ], [ -41.297605, -7.574826 ], [ -41.298175, -7.573294 ], [ -41.298441, -7.572227 ] ] ] ] } },
{ "type": "Feature", "properties": { "CD_MUN": "2205003", "NM_MUN": "Itainópolis", "CD_RGI": "220009", "NM_RGI": "Picos", "CD_RGINT": "2203", "NM_RGINT": "Picos", "CD_UF": "22", "NM_UF": "Piauí", "SIGLA_UF": "PI", "CD_REGIAO": "2", "NM_REGIAO": "Nordeste", "SIGLA_RG": "NE", "CD_CONCURB": null, "NM_CONCURB": null, "AREA_KM2": 827.62 }, "geometry": { "type": "MultiPolygon", "coordinates": [ [ [ [ -41.4564475, -7.532653 ], [ -41.4893857, -7.52647909999996 ], [ -41.489433399999903, -7.52647019999995 ], [ -41.4894591, -7.52646529999993 ], [ -41.489471299999899, -7.52646419999996 ], [ -41.4895002, -7.52645759999996 ], [ -41.490707799999903, -7.52623149999994 ], [ -41.492209499999902, -7.52913759999996 ], [ -41.492787, -7.531964 ], [ -41.493265, -7.53298309999997 ], [ -41.4939026, -7.53353109999995 ], [ -41.4948767, -7.53372709999996 ], [ -41.495735, -7.53410539999993 ], [ -41.5001002, -7.53648089999996 ], [ -41.5034818, -7.53792649999997 ], [ -41.5051486, -7.53921119999995 ], [ -41.505622899999899, -7.541973 ], [ -41.505543, -7.54284659999996 ], [ -41.5049635, -7.54375759999994 ], [ -41.5048189, -7.54470889999993 ], [ -41.5054852, -7.54539039999997 ], [ -41.5076021, -7.54687329999996 ], [ -41.5090142, -7.548158 ], [ -41.5102934, -7.55119779999995 ], [ -41.5114563, -7.55235269999997 ], [ -41.512823099999899, -7.55245449999995 ], [ -41.515574, -7.55296269999997 ], [ -41.5175393, -7.55202939999998 ], [ -41.518454399999897, -7.55048969999996 ], [ -41.518628, -7.54923069999995 ], [ -41.519046199999899, -7.54794489999995 ], [ -41.519880699999902, -7.54705509999997 ], [ -41.520518599999903, -7.54469629999994 ], [ -41.5208519, -7.54196569999993 ], [ -41.5211292, -7.54146869999994 ], [ -41.5222413, -7.54063439999993 ], [ -41.5251205, -7.54075089999998 ], [ -41.5260962, -7.54117409999998 ], [ -41.527261, -7.54073809999994 ], [ -41.530315899999898, -7.54132789999994 ], [ -41.531596599999901, -7.54117709999997 ], [ -41.5339647, -7.53932409999993 ], [ -41.536321299999898, -7.53836439999998 ], [ -41.537347899999901, -7.53766019999995 ], [ -41.537821999999899, -7.53663039999998 ], [ -41.537320599999902, -7.53204589999996 ], [ -41.5373756, -7.53143039999998 ], [ -41.537900799999903, -7.53013689999995 ], [ -41.5389652, -7.52850379999995 ], [ -41.5392949, -7.52814759999995 ], [ -41.539326399999901, -7.52811349999996 ], [ -41.5395372, -7.52788529999998 ], [ -41.539562499999903, -7.527858 ], [ -41.5402650999999, -7.52709739999995 ], [ -41.542342899999902, -7.52608739999994 ], [ -41.5436827, -7.52467849999994 ], [ -41.5458558, -7.52119 ], [ -41.546863599999902, -7.51931839999997 ], [ -41.627945899999901, -7.54719079999995 ], [ -41.6284873, -7.51095 ], [ -41.6280826, -7.50275489999996 ], [ -41.6283286, -7.49878219999994 ], [ -41.6283288, -7.49877839999994 ], [ -41.6283289, -7.49877759999993 ], [ -41.628329199999897, -7.49877309999994 ], [ -41.628569899999903, -7.49489559999995 ], [ -41.6334745, -7.48079749999994 ], [ -41.635563499999897, -7.472584 ], [ -41.6356941, -7.46473849999995 ], [ -41.6375154999999, -7.45081619999996 ], [ -41.6383415, -7.43662259999996 ], [ -41.6384118, -7.42648629999997 ], [ -41.639286599999899, -7.42072479999996 ], [ -41.6440368, -7.40978529999995 ], [ -41.643111099999899, -7.40714289999994 ], [ -41.639960599999903, -7.402808 ], [ -41.636820699999902, -7.40005169999995 ], [ -41.630824699999899, -7.39851139999996 ], [ -41.6306804, -7.39598849999993 ], [ -41.629575499999902, -7.39410709999993 ], [ -41.629290099999899, -7.39391549999993 ], [ -41.6251851, -7.39116319999994 ], [ -41.616375699999899, -7.37576509999997 ], [ -41.615180199999898, -7.371862 ], [ -41.6120374, -7.36853759999997 ], [ -41.609293299999898, -7.36678709999995 ], [ -41.6081017, -7.36351289999993 ], [ -41.607171799999897, -7.36005119999993 ], [ -41.6070434, -7.359385 ], [ -41.605596299999902, -7.35187589999992 ], [ -41.613453999999898, -7.32756449999994 ], [ -41.6056386, -7.30682519999993 ], [ -41.6051122, -7.29068839999996 ], [ -41.594544299999903, -7.29392329999996 ], [ -41.59199, -7.29470509999993 ], [ -41.582944199999901, -7.295208 ], [ -41.5720654, -7.29165629999994 ], [ -41.5720314, -7.29175469999996 ], [ -41.5718798, -7.29197939999995 ], [ -41.5717111, -7.29216839999998 ], [ -41.5713297, -7.29230789999997 ], [ -41.5708481, -7.29240359999994 ], [ -41.5704216, -7.29240719999996 ], [ -41.5701491, -7.29232669999993 ], [ -41.5699175, -7.29227789999993 ], [ -41.5698123, -7.29219759999995 ], [ -41.569698899999899, -7.29218729999997 ], [ -41.5694306, -7.29234279999997 ], [ -41.5692041, -7.29256119999997 ], [ -41.5691264, -7.29272649999996 ], [ -41.5691674, -7.29296919999996 ], [ -41.5689892, -7.29320089999993 ], [ -41.5688469, -7.293443 ], [ -41.568632, -7.29360609999998 ], [ -41.5683938, -7.29368789999995 ], [ -41.5677934, -7.29378039999995 ], [ -41.566967299999902, -7.29381359999996 ], [ -41.5661408, -7.293799 ], [ -41.565505, -7.29379409999996 ], [ -41.5650524, -7.29385319999994 ], [ -41.5647202, -7.29405389999994 ], [ -41.5644062, -7.29415829999994 ], [ -41.554952, -7.30575929999998 ], [ -41.5547779, -7.30578329999997 ], [ -41.530980699999901, -7.309058 ], [ -41.5103953, -7.30955669999997 ], [ -41.503891399999901, -7.30971419999997 ], [ -41.482562099999903, -7.310231 ], [ -41.470953, -7.31269539999994 ], [ -41.4694522, -7.313014 ], [ -41.4693682, -7.31297569999998 ], [ -41.4691931, -7.31282869999995 ], [ -41.468893, -7.312589 ], [ -41.468734299999902, -7.31248139999997 ], [ -41.4683486, -7.31213739999993 ], [ -41.467947599999903, -7.31178469999998 ], [ -41.4676095, -7.31148619999993 ], [ -41.4670859, -7.311055 ], [ -41.4668088, -7.31079729999993 ], [ -41.4665317, -7.310547 ], [ -41.466287399999899, -7.31038489999997 ], [ -41.466141799999903, -7.31017619999994 ], [ -41.4658034999999, -7.30988809999997 ], [ -41.465316399999899, -7.30954239999994 ], [ -41.4650052, -7.30924389999996 ], [ -41.464543, -7.30892 ], [ -41.463560399999899, -7.30804459999996 ], [ -41.462410299999902, -7.30707959999995 ], [ -41.4614705, -7.30627959999993 ], [ -41.460862899999903, -7.30570369999998 ], [ -41.4601984, -7.30516589999996 ], [ -41.4597593, -7.30476109999995 ], [ -41.4585964, -7.30372249999994 ], [ -41.4557919, -7.30135929999994 ], [ -41.4554591, -7.30108159999997 ], [ -41.455068599999898, -7.30075579999993 ], [ -41.4542979, -7.30011269999994 ], [ -41.4527009, -7.29879619999997 ], [ -41.451221599999897, -7.29747659999992 ], [ -41.4501615, -7.29661819999995 ], [ -41.4495362, -7.29611719999997 ], [ -41.449238299999898, -7.29593439999996 ], [ -41.4489081, -7.29573269999997 ], [ -41.4487242, -7.29558439999994 ], [ -41.448501399999898, -7.29548259999996 ], [ -41.4480621, -7.29520869999993 ], [ -41.447380399999901, -7.29476859999994 ], [ -41.446515299999902, -7.29420149999993 ], [ -41.445925499999902, -7.29383939999997 ], [ -41.445649199999899, -7.29366619999996 ], [ -41.4454815, -7.29352249999994 ], [ -41.4453078, -7.29349259999998 ], [ -41.4444874, -7.29296619999997 ], [ -41.4432591, -7.29217969999996 ], [ -41.442511099999898, -7.291666 ], [ -41.4415946, -7.29104039999993 ], [ -41.441037799999897, -7.29064639999996 ], [ -41.4402597, -7.29011709999997 ], [ -41.4397394, -7.28974059999996 ], [ -41.4392367, -7.289418 ], [ -41.438869899999901, -7.28921149999996 ], [ -41.4385978, -7.28900529999993 ], [ -41.4381177, -7.288612 ], [ -41.4375891, -7.28815789999993 ], [ -41.4373441, -7.28786139999994 ], [ -41.4369895, -7.28740669999996 ], [ -41.436662, -7.28696009999993 ], [ -41.4363049, -7.28648059999995 ], [ -41.435924699999902, -7.285925 ], [ -41.4353821, -7.28519529999994 ], [ -41.4350492, -7.28473939999998 ], [ -41.4347154, -7.28426229999997 ], [ -41.4343488, -7.28376389999994 ], [ -41.4339826, -7.28322819999994 ], [ -41.4334383, -7.28249279999994 ], [ -41.4332229, -7.28213579999993 ], [ -41.4330181999999, -7.28184259999995 ], [ -41.432848, -7.2817 ], [ -41.4326291, -7.28132819999996 ], [ -41.4320506, -7.28057729999995 ], [ -41.4316683, -7.28002119999996 ], [ -41.431271299999899, -7.27943649999997 ], [ -41.43098, -7.279012 ], [ -41.430624599999902, -7.27856359999993 ], [ -41.4302347, -7.27800039999994 ], [ -41.4297822, -7.27742649999993 ], [ -41.4294389, -7.27693309999995 ], [ -41.429144999999899, -7.27654489999998 ], [ -41.4288673, -7.27614429999994 ], [ -41.428639, -7.27579329999998 ], [ -41.428379699999901, -7.27546349999994 ], [ -41.4280939, -7.27513859999993 ], [ -41.4279417, -7.27503379999996 ], [ -41.427567399999901, -7.27486089999996 ], [ -41.427181, -7.27474429999995 ], [ -41.4270488, -7.27472 ], [ -41.426150499999899, -7.27463339999997 ], [ -41.425292399999897, -7.27455149999997 ], [ -41.4248928, -7.27452349999993 ], [ -41.4245225, -7.27445719999997 ], [ -41.424400799999901, -7.27446559999993 ], [ -41.423653199999897, -7.274389 ], [ -41.4229913, -7.27431109999998 ], [ -41.4225703, -7.27419089999995 ], [ -41.422358099999897, -7.27410229999998 ], [ -41.422153099999903, -7.27393509999996 ], [ -41.421753899999899, -7.27358659999993 ], [ -41.421663599999903, -7.27350779999995 ], [ -41.4212826, -7.27318449999996 ], [ -41.4205272, -7.27259849999996 ], [ -41.4200824, -7.27224439999998 ], [ -41.419480399999898, -7.27184549999993 ], [ -41.418893599999898, -7.27154579999996 ], [ -41.4179736, -7.27107849999993 ], [ -41.416845899999899, -7.27047459999994 ], [ -41.4158312, -7.26996029999998 ], [ -41.4148319, -7.26944659999998 ], [ -41.413868, -7.26894009999995 ], [ -41.4129674, -7.26845109999994 ], [ -41.412312, -7.26814119999995 ], [ -41.4114074, -7.26781 ], [ -41.4102369, -7.26743229999994 ], [ -41.4091361, -7.26705509999994 ], [ -41.4083995, -7.26677409999996 ], [ -41.4077693, -7.26655589999996 ], [ -41.4067944, -7.26623829999994 ], [ -41.405489499999902, -7.26583129999995 ], [ -41.4043828, -7.26546279999997 ], [ -41.403586699999899, -7.26518029999994 ], [ -41.402689, -7.26486659999995 ], [ -41.4014046, -7.26441909999994 ], [ -41.4009948, -7.264289 ], [ -41.4000037, -7.26397419999995 ], [ -41.3984325, -7.26343539999993 ], [ -41.397769599999897, -7.26318119999996 ], [ -41.3971031, -7.262939 ], [ -41.3966296, -7.26283319999993 ], [ -41.394338699999899, -7.262061 ], [ -41.3927853, -7.26152769999993 ], [ -41.392325399999898, -7.26135689999995 ], [ -41.391881899999902, -7.26114879999994 ], [ -41.3909447999999, -7.26061869999995 ], [ -41.390242199999904, -7.260177 ], [ -41.3421531, -7.28929469999997 ], [ -41.3419954, -7.28948909999997 ], [ -41.3104827, -7.30695959999997 ], [ -41.3102623, -7.320849 ], [ -41.3216207, -7.33816359999997 ], [ -41.3217592, -7.33922549999994 ], [ -41.321861199999901, -7.33963359999996 ], [ -41.32199, -7.340149 ], [ -41.322174699999898, -7.34079539999993 ], [ -41.3225441, -7.34190349999994 ], [ -41.3230058, -7.343104 ], [ -41.323329, -7.34467379999995 ], [ -41.3234214, -7.34568959999996 ], [ -41.323375199999901, -7.34758269999998 ], [ -41.323329, -7.348737 ], [ -41.3231905, -7.34970659999993 ], [ -41.3229597, -7.35049149999998 ], [ -41.322821099999899, -7.35123029999994 ], [ -41.3229597, -7.35215369999997 ], [ -41.3231905, -7.35298479999994 ], [ -41.3237907, -7.35404679999994 ], [ -41.3242986, -7.35487789999996 ], [ -41.324668, -7.35566279999995 ], [ -41.325268299999898, -7.35644769999993 ], [ -41.3259608, -7.35764819999997 ], [ -41.3266072, -7.35875629999992 ], [ -41.327069, -7.35977209999993 ], [ -41.3273922, -7.360557 ], [ -41.327576899999897, -7.36124959999995 ], [ -41.327669199999903, -7.36198839999997 ], [ -41.327715399999903, -7.36281949999994 ], [ -41.327715399999903, -7.36406609999995 ], [ -41.3277615, -7.36512809999994 ], [ -41.3277615, -7.36586679999994 ], [ -41.327807699999902, -7.36655939999997 ], [ -41.3279462, -7.36729819999994 ], [ -41.3279924, -7.36863719999997 ], [ -41.328685, -7.36928359999996 ], [ -41.3291929, -7.36960679999993 ], [ -41.3297931, -7.37011469999993 ], [ -41.3302548, -7.37080719999994 ], [ -41.330367399999901, -7.37106059999996 ], [ -41.330624199999903, -7.37163829999997 ], [ -41.3311783, -7.37223859999995 ], [ -41.3317458, -7.37270929999994 ], [ -41.333927199999899, -7.37988269999994 ], [ -41.3373344, -7.39108639999995 ], [ -41.3424371999999, -7.40786579999997 ], [ -41.347876799999902, -7.425753 ], [ -41.350718099999902, -7.43173219999994 ], [ -41.356210299999901, -7.44412059999996 ], [ -41.3599168, -7.45248139999995 ], [ -41.3615278, -7.45611509999998 ], [ -41.3694634, -7.47677269999997 ], [ -41.3767783, -7.49581449999994 ], [ -41.3764724, -7.496164 ], [ -41.3761446, -7.49701619999996 ], [ -41.3759262, -7.497759 ], [ -41.3757295, -7.49874219999998 ], [ -41.3755547, -7.50005309999995 ], [ -41.3753799, -7.50328679999996 ], [ -41.375642099999901, -7.50569009999998 ], [ -41.3763413, -7.50898929999994 ], [ -41.3767783, -7.51054059999996 ], [ -41.3779362, -7.51309689999994 ], [ -41.378056399999899, -7.51374139999996 ], [ -41.3782749, -7.51465909999996 ], [ -41.3787884, -7.51538009999996 ], [ -41.378908099999897, -7.51558879999993 ], [ -41.3790412, -7.51582079999997 ], [ -41.394510899999901, -7.54278169999998 ], [ -41.3989758, -7.55056329999996 ], [ -41.427480699999897, -7.53808049999998 ], [ -41.445502599999898, -7.53470429999993 ], [ -41.4456256, -7.53468129999993 ], [ -41.4475011, -7.53433 ], [ -41.456115699999899, -7.53271519999993 ], [ -41.4564475, -7.532653 ] ] ] ] } },
{ "type": "Feature", "properties": { "CD_MUN": "2204352", "NM_MUN": "Geminiano", "CD_RGI": "220009", "NM_RGI": "Picos", "CD_RGINT": "2203", "NM_RGINT": "Picos", "CD_UF": "22", "NM_UF": "Piauí", "SIGLA_UF": "PI", "CD_REGIAO": "2", "NM_REGIAO": "Nordeste", "SIGLA_RG": "NE", "CD_CONCURB": null, "NM_CONCURB": null, "AREA_KM2": 440.606 }, "geometry": { "type": "MultiPolygon", "coordinates": [ [ [ [ -41.2578665, -7.21611439999998 ], [ -41.264045399999901, -7.22568139999993 ], [ -41.2306012, -7.24571209999993 ], [ -41.2238515, -7.24975469999993 ], [ -41.2208616, -7.25154429999998 ], [ -41.211264, -7.25778879999996 ], [ -41.2050338, -7.25784239999996 ], [ -41.208427, -7.27482919999994 ], [ -41.2085392, -7.27539049999996 ], [ -41.220850599999899, -7.27544729999994 ], [ -41.2410353, -7.27554049999998 ], [ -41.249634, -7.27558019999998 ], [ -41.2687831, -7.27071839999996 ], [ -41.280958499999898, -7.26762719999994 ], [ -41.2826388, -7.26720059999997 ], [ -41.283456999999899, -7.26699289999993 ], [ -41.3098843, -7.28725369999995 ], [ -41.3101422, -7.29581769999993 ], [ -41.3104827, -7.30695959999997 ], [ -41.3419954, -7.28948909999997 ], [ -41.3421531, -7.28929469999997 ], [ -41.390242199999904, -7.260177 ], [ -41.3909447999999, -7.26061869999995 ], [ -41.391881899999902, -7.26114879999994 ], [ -41.392325399999898, -7.26135689999995 ], [ -41.3927853, -7.26152769999993 ], [ -41.394338699999899, -7.262061 ], [ -41.3966296, -7.26283319999993 ], [ -41.3971031, -7.262939 ], [ -41.3986173, -7.25929889999998 ], [ -41.4071716, -7.24909349999996 ], [ -41.426925099999899, -7.23100079999995 ], [ -41.43098, -7.22698769999994 ], [ -41.4375233, -7.21854309999998 ], [ -41.4401154, -7.21438729999994 ], [ -41.4413129, -7.21208639999998 ], [ -41.446296399999902, -7.20425339999997 ], [ -41.4624501, -7.18747379999996 ], [ -41.462937199999899, -7.18421159999997 ], [ -41.4631585, -7.18272969999992 ], [ -41.4633861, -7.18120529999993 ], [ -41.463488299999902, -7.18052109999996 ], [ -41.4635714, -7.17996439999996 ], [ -41.4635739, -7.17994759999993 ], [ -41.4645078, -7.17369369999994 ], [ -41.4646179, -7.17295619999993 ], [ -41.463389699999901, -7.15363329999997 ], [ -41.4633052, -7.15230309999993 ], [ -41.4629161, -7.14618189999993 ], [ -41.4628253, -7.14475259999995 ], [ -41.4625212, -7.13996739999993 ], [ -41.4624049, -7.13813809999994 ], [ -41.461964, -7.131201 ], [ -41.4619377, -7.13078829999995 ], [ -41.4614594, -7.12326159999998 ], [ -41.461371799999903, -7.121884 ], [ -41.4600417, -7.12076109999998 ], [ -41.459269999999897, -7.11971569999997 ], [ -41.4586274, -7.11727409999997 ], [ -41.4580304999999, -7.11619449999995 ], [ -41.457255599999897, -7.11542829999996 ], [ -41.454615499999903, -7.11508089999995 ], [ -41.4527125, -7.11496519999997 ], [ -41.4517336, -7.11538989999997 ], [ -41.449989199999898, -7.11540029999998 ], [ -41.448979999999899, -7.116068 ], [ -41.447933, -7.11718979999995 ], [ -41.4471048, -7.11845339999996 ], [ -41.446198599999903, -7.11929609999993 ], [ -41.445014399999899, -7.12007049999994 ], [ -41.443758499999902, -7.120426 ], [ -41.4430616, -7.12043639999996 ], [ -41.4430416, -7.12043669999997 ], [ -41.443023799999899, -7.120437 ], [ -41.4427497, -7.120441 ], [ -41.442627899999898, -7.12044289999994 ], [ -41.4398801, -7.12048489999995 ], [ -41.4373869, -7.12117679999994 ], [ -41.434530299999899, -7.12308889999997 ], [ -41.432516399999898, -7.12393219999996 ], [ -41.4308000999999, -7.12439909999995 ], [ -41.4283128, -7.12474649999996 ], [ -41.426339, -7.12479749999994 ], [ -41.425008799999901, -7.12436719999994 ], [ -41.4220399, -7.12257889999995 ], [ -41.420761, -7.12222859999997 ], [ -41.419972099999903, -7.12239489999996 ], [ -41.4193369, -7.12398069999995 ], [ -41.4188688999999, -7.12469089999996 ], [ -41.418186799999901, -7.12509059999996 ], [ -41.4173248, -7.12505269999997 ], [ -41.4166369, -7.12468189999993 ], [ -41.4153408, -7.12331519999998 ], [ -41.414610799999899, -7.12331879999994 ], [ -41.4137125, -7.12374109999996 ], [ -41.4126831, -7.12382859999997 ], [ -41.4119934, -7.12345689999995 ], [ -41.4118763, -7.12343349999998 ], [ -41.4116516, -7.12338869999996 ], [ -41.409866099999903, -7.12303279999998 ], [ -41.408353799999901, -7.12368429999998 ], [ -41.4043397, -7.12755639999995 ], [ -41.4024155, -7.12898219999994 ], [ -41.4013022, -7.12961339999993 ], [ -41.4009698, -7.12958159999994 ], [ -41.4005241, -7.129381 ], [ -41.4004518, -7.12934839999997 ], [ -41.3984809, -7.12846149999996 ], [ -41.3953602, -7.12705709999994 ], [ -41.3953491, -7.12705209999996 ], [ -41.3940219, -7.12378519999993 ], [ -41.3873591, -7.10738519999995 ], [ -41.354762999999899, -7.10303279999994 ], [ -41.3353706, -7.09962079999997 ], [ -41.3332538, -7.09924839999996 ], [ -41.3332766, -7.09988659999993 ], [ -41.326895, -7.100559 ], [ -41.286451999999898, -7.105051 ], [ -41.270107799999899, -7.10682889999993 ], [ -41.232783599999898, -7.11091459999994 ], [ -41.226304099999901, -7.11162389999993 ], [ -41.224038, -7.111872 ], [ -41.2195224, -7.11237259999996 ], [ -41.205511, -7.113926 ], [ -41.1927458, -7.11532919999996 ], [ -41.1972741, -7.12233749999996 ], [ -41.2047737, -7.13394439999996 ], [ -41.204798299999901, -7.13398249999995 ], [ -41.2578343, -7.21606449999996 ], [ -41.2578665, -7.21611439999998 ] ] ] ] } },
{ "type": "Feature", "properties": { "CD_MUN": "2204303", "NM_MUN": "Fronteiras", "CD_RGI": "220009", "NM_RGI": "Picos", "CD_RGINT": "2203", "NM_RGINT": "Picos", "CD_UF": "22", "NM_UF": "Piauí", "SIGLA_UF": "PI", "CD_REGIAO": "2", "NM_REGIAO": "Nordeste", "SIGLA_RG": "NE", "CD_CONCURB": null, "NM_CONCURB": null, "AREA_KM2": 777.179 }, "geometry": { "type": "MultiPolygon", "coordinates": [ [ [ [ -40.717118899999903, -7.20800719999994 ], [ -40.7057426, -7.19222629999996 ], [ -40.6925444, -7.16875259999995 ], [ -40.6915893, -7.15972739999995 ], [ -40.693341599999897, -7.14389739999996 ], [ -40.7012096, -7.13489069999997 ], [ -40.7061816, -7.129199 ], [ -40.7086901, -7.12632739999998 ], [ -40.729397499999898, -7.10262289999997 ], [ -40.7408192, -7.07827829999997 ], [ -40.744954199999903, -7.06946479999993 ], [ -40.752966399999899, -7.04695949999996 ], [ -40.7530485, -7.04672869999996 ], [ -40.7566103999999, -7.03672329999995 ], [ -40.761646, -7.02249819999997 ], [ -40.789932, -7.001608 ], [ -40.788764, -7.000775 ], [ -40.787361, -6.999051 ], [ -40.786229999999897, -6.997718 ], [ -40.783801, -6.995232 ], [ -40.782632, -6.994038 ], [ -40.782237, -6.993834 ], [ -40.781652999999899, -6.993757 ], [ -40.781323, -6.993829 ], [ -40.780465, -6.994145 ], [ -40.779624, -6.994345 ], [ -40.7793925, -6.99431729999998 ], [ -40.778979999999898, -6.994268 ], [ -40.778113, -6.993957 ], [ -40.776759, -6.993344 ], [ -40.775872999999898, -6.993241 ], [ -40.775383, -6.993011 ], [ -40.775109, -6.992649 ], [ -40.774873, -6.991925 ], [ -40.774598, -6.991239 ], [ -40.774425999999899, -6.990933 ], [ -40.774341, -6.990669 ], [ -40.774512, -6.990056 ], [ -40.774658, -6.989379 ], [ -40.774708, -6.988847 ], [ -40.774536, -6.988515 ], [ -40.774071999999897, -6.988229 ], [ -40.773141, -6.987961 ], [ -40.771764, -6.98785 ], [ -40.77073, -6.988206 ], [ -40.769705, -6.989338 ], [ -40.768742, -6.990703 ], [ -40.768, -6.991593 ], [ -40.766686, -6.992813 ], [ -40.765638, -6.993583 ], [ -40.764404, -6.994452 ], [ -40.762086, -6.99521 ], [ -40.760882, -6.995767 ], [ -40.760616, -6.995818 ], [ -40.760333, -6.995792 ], [ -40.759857, -6.995916 ], [ -40.759303, -6.996273 ], [ -40.758297, -6.997467 ], [ -40.757863, -6.998471 ], [ -40.757863, -6.999429 ], [ -40.757132, -7.002127 ], [ -40.756802999999898, -7.003415 ], [ -40.756722, -7.004309 ], [ -40.756593, -7.004913 ], [ -40.75661, -7.006139 ], [ -40.756616999999899, -7.006681 ], [ -40.756411, -7.007341 ], [ -40.756084, -7.00823 ], [ -40.755873999999899, -7.008469 ], [ -40.755294999999897, -7.008839 ], [ -40.754183, -7.009218 ], [ -40.752154, -7.009906 ], [ -40.75073, -7.01008 ], [ -40.750163, -7.010174 ], [ -40.749335, -7.010076 ], [ -40.748957, -7.009961 ], [ -40.748742999999898, -7.009795 ], [ -40.748364, -7.009701 ], [ -40.747287, -7.009616 ], [ -40.746686, -7.009616 ], [ -40.746077, -7.009952 ], [ -40.745305, -7.010908 ], [ -40.744649, -7.012517 ], [ -40.743958, -7.01365 ], [ -40.742716, -7.014904 ], [ -40.742128, -7.015266 ], [ -40.741631, -7.015338 ], [ -40.740777, -7.015215 ], [ -40.739828, -7.014925 ], [ -40.738191, -7.014155 ], [ -40.737732, -7.013955 ], [ -40.736925, -7.013802 ], [ -40.736379999999897, -7.013577 ], [ -40.735788, -7.013104 ], [ -40.734751, -7.011861 ], [ -40.733854, -7.010925 ], [ -40.733515, -7.010712 ], [ -40.732393, -7.01044 ], [ -40.731569, -7.010457 ], [ -40.730831, -7.010628 ], [ -40.730144, -7.011181 ], [ -40.729629, -7.011743 ], [ -40.729312, -7.012535 ], [ -40.729455, -7.013824 ], [ -40.72937, -7.015093 ], [ -40.729129, -7.016413 ], [ -40.728595, -7.017691 ], [ -40.727797, -7.018594 ], [ -40.727216999999897, -7.018747 ], [ -40.725939, -7.018474 ], [ -40.725419, -7.01847 ], [ -40.724861, -7.018662 ], [ -40.723883, -7.019275 ], [ -40.722737, -7.020035 ], [ -40.722127999999898, -7.020282 ], [ -40.721792999999899, -7.020524 ], [ -40.721617, -7.020818 ], [ -40.72157, -7.020959 ], [ -40.721694, -7.021206 ], [ -40.721857, -7.021444 ], [ -40.721849, -7.021614 ], [ -40.721548, -7.021836 ], [ -40.720742, -7.021895 ], [ -40.718718, -7.022092 ], [ -40.717156, -7.021922 ], [ -40.71622, -7.021897 ], [ -40.715311, -7.022093 ], [ -40.714757, -7.02208 ], [ -40.714250999999898, -7.021927 ], [ -40.713736, -7.022008 ], [ -40.712879, -7.022293 ], [ -40.712313, -7.022344 ], [ -40.711008, -7.02208 ], [ -40.710699, -7.022029 ], [ -40.710253, -7.022021 ], [ -40.709772, -7.022276 ], [ -40.709266, -7.022429 ], [ -40.708159, -7.022455 ], [ -40.706930999999898, -7.022072 ], [ -40.70465, -7.022032 ], [ -40.703942, -7.02207 ], [ -40.703578, -7.022198 ], [ -40.703007, -7.022632 ], [ -40.70205, -7.024071 ], [ -40.700713999999898, -7.026675 ], [ -40.700396, -7.027633 ], [ -40.699924, -7.028144 ], [ -40.699418, -7.028408 ], [ -40.698354, -7.028755 ], [ -40.696658, -7.029224 ], [ -40.696062, -7.029585 ], [ -40.69471, -7.030322 ], [ -40.693341, -7.030509 ], [ -40.692723, -7.03042 ], [ -40.69177, -7.030164 ], [ -40.690839, -7.02956 ], [ -40.689248, -7.028653 ], [ -40.688513999999898, -7.028422 ], [ -40.686960999999897, -7.02809 ], [ -40.685836, -7.02763 ], [ -40.685201, -7.027047 ], [ -40.684615, -7.02614 ], [ -40.684418, -7.025544 ], [ -40.684863999999898, -7.024028 ], [ -40.685062, -7.022758 ], [ -40.685143, -7.021787 ], [ -40.684895, -7.021121 ], [ -40.684525999999899, -7.0207 ], [ -40.683814, -7.020461 ], [ -40.682634, -7.020687 ], [ -40.681867, -7.020743 ], [ -40.67979, -7.020002 ], [ -40.679275, -7.019424 ], [ -40.678682, -7.018215 ], [ -40.677793999999899, -7.016792 ], [ -40.677064, -7.016009 ], [ -40.676301, -7.015413 ], [ -40.6757168, -7.015043 ], [ -40.674377999999898, -7.014195 ], [ -40.673572799999903, -7.01387889999995 ], [ -40.673056, -7.013676 ], [ -40.672383, -7.013634 ], [ -40.671607, -7.013945 ], [ -40.670817, -7.014392 ], [ -40.670026999999898, -7.014809 ], [ -40.669521, -7.014941 ], [ -40.668598, -7.014818 ], [ -40.667799, -7.014525 ], [ -40.666876, -7.013737 ], [ -40.666288, -7.013124 ], [ -40.665801, -7.0126 ], [ -40.665329, -7.0124 ], [ -40.664059, -7.012447 ], [ -40.66089, -7.012542 ], [ -40.660168999999897, -7.012286 ], [ -40.658408999999899, -7.011324 ], [ -40.657341, -7.011192 ], [ -40.656208, -7.011328 ], [ -40.655211999999899, -7.011737 ], [ -40.654448, -7.011711 ], [ -40.653959, -7.011098 ], [ -40.653813, -7.010374 ], [ -40.65402, -7.009658 ], [ -40.654389, -7.008989 ], [ -40.655011, -7.008602 ], [ -40.655389, -7.008302 ], [ -40.655389, -7.00797 ], [ -40.655101, -7.007123 ], [ -40.654468, -7.006459 ], [ -40.653559, -7.005778 ], [ -40.651493, -7.00462 ], [ -40.650508, -7.004005 ], [ -40.64862, -7.002681 ], [ -40.646954, -7.001587 ], [ -40.646512, -7.00103 ], [ -40.646078, -7.000208 ], [ -40.64508, -6.998994 ], [ -40.644483, -6.998262 ], [ -40.643998, -6.997849 ], [ -40.643028, -6.997594 ], [ -40.642131, -6.997564 ], [ -40.640538999999897, -6.998032 ], [ -40.639612, -6.997955 ], [ -40.637633999999899, -6.99733 ], [ -40.63449, -6.996415 ], [ -40.631435, -6.995981 ], [ -40.6286681999999, -6.99513079999997 ], [ -40.628567599999897, -6.99509989999996 ], [ -40.6274, -6.994476 ], [ -40.6272349, -6.99433669999996 ], [ -40.626714999999898, -6.993898 ], [ -40.626049, -6.993535 ], [ -40.625771, -6.993399 ], [ -40.625269, -6.993395 ], [ -40.624843999999896, -6.993672 ], [ -40.624535, -6.993799 ], [ -40.62429, -6.993812 ], [ -40.624122999999898, -6.993612 ], [ -40.623810999999897, -6.99287 ], [ -40.623682, -6.992248 ], [ -40.623665, -6.991286 ], [ -40.623678, -6.990276 ], [ -40.623635, -6.989697 ], [ -40.623613, -6.98942 ], [ -40.623394, -6.989169 ], [ -40.622622, -6.988947 ], [ -40.620989, -6.988688 ], [ -40.619513, -6.988075 ], [ -40.618827, -6.98762 ], [ -40.618573, -6.987235 ], [ -40.618144, -6.98594 ], [ -40.618006, -6.98557 ], [ -40.617933999999899, -6.985217 ], [ -40.617985, -6.984728 ], [ -40.618156999999897, -6.984161 ], [ -40.618685, -6.983587 ], [ -40.618891, -6.983236 ], [ -40.618941999999898, -6.982925 ], [ -40.618676, -6.981954 ], [ -40.61846, -6.981713 ], [ -40.618057, -6.98153 ], [ -40.615499, -6.980606 ], [ -40.614418, -6.98005 ], [ -40.613897999999899, -6.979429 ], [ -40.613315999999898, -6.978702 ], [ -40.612817999999898, -6.978494 ], [ -40.611488, -6.978 ], [ -40.610346, -6.977493 ], [ -40.61002, -6.977161 ], [ -40.609827, -6.976676 ], [ -40.609688999999896, -6.976254 ], [ -40.609415, -6.975948 ], [ -40.608891, -6.975837 ], [ -40.608381, -6.976003 ], [ -40.608265, -6.976173 ], [ -40.608235, -6.976574 ], [ -40.608175, -6.976752 ], [ -40.6079, -6.976748 ], [ -40.607557, -6.976484 ], [ -40.607124999999897, -6.97622 ], [ -40.606626999999897, -6.975011 ], [ -40.606293, -6.973325 ], [ -40.606049, -6.971869 ], [ -40.605714, -6.971005 ], [ -40.605487, -6.969911 ], [ -40.6055, -6.969332 ], [ -40.605673, -6.96853 ], [ -40.606029, -6.967959 ], [ -40.606218, -6.967346 ], [ -40.606175, -6.966929 ], [ -40.606023, -6.965093 ], [ -40.606, -6.964137 ], [ -40.605930999999899, -6.963541 ], [ -40.60571, -6.96251 ], [ -40.605633, -6.961663 ], [ -40.60568, -6.961088 ], [ -40.605753, -6.960595 ], [ -40.605727, -6.960004 ], [ -40.6055, -6.959293 ], [ -40.605405, -6.958841 ], [ -40.605432, -6.958428 ], [ -40.605621, -6.958198 ], [ -40.605728, -6.957946 ], [ -40.605728, -6.957627 ], [ -40.605415, -6.957082 ], [ -40.605205, -6.95676079999993 ], [ -40.604928, -6.956432 ], [ -40.60434, -6.956326 ], [ -40.603855, -6.95627 ], [ -40.603199, -6.955938 ], [ -40.602665, -6.955518 ], [ -40.601301, -6.954892 ], [ -40.600141999999899, -6.954487 ], [ -40.599499, -6.954093 ], [ -40.598744, -6.953706 ], [ -40.598001, -6.953216 ], [ -40.597676, -6.953054 ], [ -40.597174, -6.953058 ], [ -40.595852, -6.953118 ], [ -40.594470999999899, -6.953084 ], [ -40.593542, -6.953227 ], [ -40.592962, -6.953474 ], [ -40.592644999999898, -6.953602 ], [ -40.592292, -6.953681 ], [ -40.591814999999897, -6.953502 ], [ -40.591116, -6.953076 ], [ -40.590811, -6.952838 ], [ -40.590356, -6.952276 ], [ -40.589868, -6.951605 ], [ -40.589374, -6.951201 ], [ -40.589147, -6.950971 ], [ -40.588825, -6.950468 ], [ -40.588533, -6.950187 ], [ -40.588044, -6.950038 ], [ -40.587345, -6.950123 ], [ -40.586182999999899, -6.950331 ], [ -40.585281, -6.950718 ], [ -40.584054, -6.951544 ], [ -40.582889, -6.952798 ], [ -40.581772999999899, -6.953322 ], [ -40.581224, -6.953552 ], [ -40.5807, -6.953598 ], [ -40.579742, -6.953103 ], [ -40.579326, -6.952707 ], [ -40.579029999999896, -6.952086 ], [ -40.578592, -6.951528 ], [ -40.578184, -6.951298 ], [ -40.5778, -6.951371 ], [ -40.577156, -6.951657 ], [ -40.576375, -6.951852 ], [ -40.575719, -6.951797 ], [ -40.574942, -6.951827 ], [ -40.573663, -6.952277 ], [ -40.573019, -6.952673 ], [ -40.572426999999898, -6.953376 ], [ -40.572152, -6.953593 ], [ -40.571719, -6.953797 ], [ -40.569921, -6.953901 ], [ -40.569010999999897, -6.953624 ], [ -40.568427, -6.953207 ], [ -40.568058999999899, -6.952876 ], [ -40.567883, -6.952399 ], [ -40.567841, -6.951905 ], [ -40.567788199999903, -6.95179659999997 ], [ -40.567729, -6.951675 ], [ -40.567489, -6.951488 ], [ -40.567227, -6.951373 ], [ -40.566982, -6.951471 ], [ -40.566716, -6.951624 ], [ -40.56648, -6.951803 ], [ -40.5662778, -6.95204089999993 ], [ -40.565742, -6.952671 ], [ -40.565494999999899, -6.953052 ], [ -40.565221, -6.953282 ], [ -40.564749, -6.953359 ], [ -40.564088, -6.95324 ], [ -40.563284, -6.952525 ], [ -40.562790999999898, -6.950268 ], [ -40.562624, -6.948885 ], [ -40.562367, -6.948562 ], [ -40.561474, -6.948289 ], [ -40.560859999999899, -6.948106 ], [ -40.560209, -6.94811 ], [ -40.559488, -6.948195 ], [ -40.55908, -6.94817 ], [ -40.558797, -6.948029 ], [ -40.558501, -6.947586 ], [ -40.55836, -6.947395 ], [ -40.558008, -6.947263 ], [ -40.557699, -6.947365 ], [ -40.557385, -6.947535 ], [ -40.557187999999897, -6.94785 ], [ -40.556978, -6.948749 ], [ -40.556762999999897, -6.949656 ], [ -40.556641, -6.950119 ], [ -40.556624, -6.950583 ], [ -40.556641, -6.951137 ], [ -40.556516, -6.951584 ], [ -40.556409, -6.951775 ], [ -40.55619, -6.951873 ], [ -40.555928, -6.951852 ], [ -40.555704999999897, -6.951686 ], [ -40.555332, -6.951245 ], [ -40.554877, -6.951045 ], [ -40.554201, -6.951034 ], [ -40.553982, -6.951059 ], [ -40.553694999999898, -6.951017 ], [ -40.553192, -6.950531 ], [ -40.55263, -6.950216 ], [ -40.551888, -6.949931 ], [ -40.551321, -6.949637 ], [ -40.55103, -6.949556 ], [ -40.550756, -6.949524 ], [ -40.550407999999898, -6.949626 ], [ -40.549975, -6.949907 ], [ -40.549712999999898, -6.950142 ], [ -40.549494, -6.950231 ], [ -40.549211, -6.950252 ], [ -40.549078, -6.950061 ], [ -40.549014, -6.949699 ], [ -40.548851, -6.94932 ], [ -40.548851, -6.948962 ], [ -40.548923, -6.948592 ], [ -40.548914, -6.948267 ], [ -40.548858, -6.948054 ], [ -40.548678, -6.947909 ], [ -40.548304, -6.947781 ], [ -40.548064, -6.947488 ], [ -40.547768, -6.9473 ], [ -40.547528, -6.947287 ], [ -40.547313, -6.947326 ], [ -40.547055999999898, -6.947292 ], [ -40.546898999999897, -6.947069 ], [ -40.546787, -6.946839 ], [ -40.54677, -6.946422 ], [ -40.546929, -6.946124 ], [ -40.547071, -6.945852 ], [ -40.547062, -6.945502 ], [ -40.54684, -6.944712 ], [ -40.546827, -6.944375 ], [ -40.546784, -6.943758 ], [ -40.546756, -6.942865 ], [ -40.546785999999898, -6.942456 ], [ -40.546717999999899, -6.942137 ], [ -40.546489999999899, -6.942073 ], [ -40.546027, -6.942145 ], [ -40.545701, -6.942065 ], [ -40.54525, -6.941715 ], [ -40.544951, -6.941386 ], [ -40.544839, -6.941151 ], [ -40.544848, -6.940921 ], [ -40.545124, -6.940664 ], [ -40.545219, -6.940477 ], [ -40.545249, -6.940243 ], [ -40.545112, -6.940004 ], [ -40.544863, -6.939864 ], [ -40.544721, -6.93986 ], [ -40.544343, -6.939855 ], [ -40.544137, -6.939791 ], [ -40.543900999999899, -6.939625 ], [ -40.5437, -6.939532 ], [ -40.543528, -6.93954 ], [ -40.543326, -6.939621 ], [ -40.543185, -6.939723 ], [ -40.54309, -6.939825 ], [ -40.542949, -6.939834 ], [ -40.542690999999898, -6.939638 ], [ -40.542600999999898, -6.93951 ], [ -40.542585, -6.939414 ], [ -40.542640999999897, -6.939273 ], [ -40.542808, -6.939035 ], [ -40.542842, -6.938767 ], [ -40.542679, -6.938268 ], [ -40.542581, -6.938145 ], [ -40.542027, -6.937758 ], [ -40.541581, -6.937503 ], [ -40.541323, -6.937342 ], [ -40.541292999999897, -6.937154 ], [ -40.541292999999897, -6.936967 ], [ -40.541139, -6.936763 ], [ -40.54095, -6.936588 ], [ -40.540714, -6.936541 ], [ -40.540438, -6.936567 ], [ -40.540249, -6.936491 ], [ -40.540048, -6.936248 ], [ -40.53976, -6.935856 ], [ -40.539696, -6.935609 ], [ -40.539532999999899, -6.935554 ], [ -40.539357, -6.935656 ], [ -40.539175999999898, -6.936269 ], [ -40.539155, -6.936623 ], [ -40.539367, -6.937048 ], [ -40.539299, -6.937742 ], [ -40.539373, -6.938402 ], [ -40.539394, -6.93879 ], [ -40.539394, -6.939088 ], [ -40.539287, -6.939433 ], [ -40.539110999999899, -6.93956 ], [ -40.538712, -6.939526 ], [ -40.538410999999897, -6.939531 ], [ -40.53815, -6.939675 ], [ -40.537754999999898, -6.940131 ], [ -40.537527, -6.940397 ], [ -40.537051, -6.940559 ], [ -40.536248, -6.940853 ], [ -40.535721, -6.940831 ], [ -40.53512, -6.940538 ], [ -40.533842, -6.940401 ], [ -40.532585, -6.940423 ], [ -40.531773, -6.940533 ], [ -40.531000999999897, -6.940325 ], [ -40.530087, -6.940278 ], [ -40.529748, -6.940295 ], [ -40.529458, -6.940595 ], [ -40.529325, -6.940765 ], [ -40.528973, -6.940838 ], [ -40.528526999999897, -6.940761 ], [ -40.528291, -6.940723 ], [ -40.528101999999897, -6.940804 ], [ -40.527463, -6.941489 ], [ -40.527002, -6.941837 ], [ -40.526907999999899, -6.942054 ], [ -40.526997999999899, -6.942322 ], [ -40.526947, -6.942663 ], [ -40.526766, -6.942769 ], [ -40.526522, -6.942637 ], [ -40.526074999999899, -6.941901 ], [ -40.525363, -6.94113 ], [ -40.525014999999897, -6.940543 ], [ -40.524716, -6.940303 ], [ -40.524222, -6.94015 ], [ -40.523875, -6.940171 ], [ -40.523643, -6.940133 ], [ -40.523454, -6.939916 ], [ -40.523440999999899, -6.939639 ], [ -40.523459, -6.938992 ], [ -40.523386, -6.938425 ], [ -40.523294, -6.937821 ], [ -40.523221, -6.937621 ], [ -40.522771, -6.937591 ], [ -40.522196, -6.937987 ], [ -40.521701999999898, -6.938225 ], [ -40.52099, -6.938621 ], [ -40.520581999999898, -6.938711 ], [ -40.520094, -6.938799 ], [ -40.519673, -6.938752 ], [ -40.518960999999898, -6.938433 ], [ -40.518707999999897, -6.938259 ], [ -40.518427, -6.9377 ], [ -40.518277, -6.937431 ], [ -40.518135, -6.937299 ], [ -40.517809, -6.937325 ], [ -40.517336999999898, -6.937597 ], [ -40.516899, -6.938147 ], [ -40.516799999999897, -6.938594 ], [ -40.516323999999898, -6.93936 ], [ -40.516075, -6.939628 ], [ -40.515006, -6.940033 ], [ -40.514097, -6.940229 ], [ -40.513856, -6.940271 ], [ -40.513582, -6.940399 ], [ -40.513286, -6.940714 ], [ -40.513078, -6.940995 ], [ -40.512847, -6.941166 ], [ -40.512302, -6.941302 ], [ -40.512090999999899, -6.941157 ], [ -40.511894, -6.940757 ], [ -40.511456, -6.940638 ], [ -40.510645, -6.940506 ], [ -40.510207, -6.9404 ], [ -40.509568, -6.940507 ], [ -40.508954, -6.940421 ], [ -40.508178, -6.940115 ], [ -40.507803, -6.939966 ], [ -40.507680299999897, -6.93990639999993 ], [ -40.507486, -6.939812 ], [ -40.507284, -6.939574 ], [ -40.507142, -6.939285 ], [ -40.506892999999899, -6.938842 ], [ -40.506722, -6.938778 ], [ -40.506549999999898, -6.93882 ], [ -40.506146999999899, -6.939144 ], [ -40.506065, -6.93922939999993 ], [ -40.505979, -6.939319 ], [ -40.505738999999899, -6.939405 ], [ -40.505583999999899, -6.939426 ], [ -40.505511, -6.939268 ], [ -40.5054564, -6.93897429999993 ], [ -40.505451, -6.938945 ], [ -40.505284, -6.938902 ], [ -40.504945, -6.939013 ], [ -40.504602, -6.939341 ], [ -40.504210999999898, -6.939835 ], [ -40.503947, -6.94049 ], [ -40.503402, -6.941891 ], [ -40.503213, -6.942083 ], [ -40.502389, -6.942611 ], [ -40.502049, -6.943067 ], [ -40.501586, -6.943293 ], [ -40.501100999999899, -6.943757 ], [ -40.500594, -6.944319 ], [ -40.500118, -6.944564 ], [ -40.499006999999899, -6.945348 ], [ -40.498607, -6.945705 ], [ -40.498298, -6.947074 ], [ -40.498178, -6.947474 ], [ -40.498148, -6.948002 ], [ -40.498058, -6.948781 ], [ -40.497449, -6.949373 ], [ -40.496693, -6.949624 ], [ -40.496247, -6.949641 ], [ -40.495805, -6.949462 ], [ -40.495542999999898, -6.949458 ], [ -40.495182999999898, -6.949603 ], [ -40.494785, -6.949865 ], [ -40.494592, -6.949972 ], [ -40.494223, -6.950057 ], [ -40.49369, -6.950414 ], [ -40.49324, -6.950678 ], [ -40.492888, -6.950921 ], [ -40.492575, -6.950968 ], [ -40.491965, -6.951019 ], [ -40.491372, -6.951233 ], [ -40.490637999999898, -6.95165 ], [ -40.49008, -6.95199 ], [ -40.489446, -6.952393 ], [ -40.48921, -6.952453 ], [ -40.488613, -6.952095 ], [ -40.488214, -6.951759 ], [ -40.487905, -6.951244 ], [ -40.487687, -6.950699 ], [ -40.486892, -6.950213 ], [ -40.486471, -6.949983 ], [ -40.485836, -6.949455 ], [ -40.485388999999898, -6.949264 ], [ -40.485085, -6.949149 ], [ -40.484837, -6.949026 ], [ -40.484378, -6.949162 ], [ -40.484017, -6.949231 ], [ -40.483713, -6.949265 ], [ -40.483494, -6.949443 ], [ -40.48315, -6.950027 ], [ -40.482567, -6.950401 ], [ -40.482205, -6.950528 ], [ -40.481965, -6.950549 ], [ -40.48178, -6.950426 ], [ -40.481637, -6.950319 ], [ -40.481435, -6.9502 ], [ -40.481293, -6.949983 ], [ -40.481181999999897, -6.949663 ], [ -40.481036, -6.949467 ], [ -40.480946, -6.949284 ], [ -40.480946, -6.949084 ], [ -40.481104, -6.948956 ], [ -40.481267, -6.948795 ], [ -40.481315, -6.948441 ], [ -40.481276, -6.948135 ], [ -40.481113, -6.947884 ], [ -40.480808, -6.947654 ], [ -40.480593999999897, -6.947402 ], [ -40.479833, -6.946969 ], [ -40.479056, -6.946798 ], [ -40.478214, -6.946497 ], [ -40.47769, -6.94602 ], [ -40.477398999999899, -6.945735 ], [ -40.476974, -6.945301 ], [ -40.476684, -6.945148 ], [ -40.476414, -6.945105 ], [ -40.476092, -6.945161 ], [ -40.475817, -6.945135 ], [ -40.47556, -6.944939 ], [ -40.475487, -6.944679 ], [ -40.475448, -6.944275 ], [ -40.475057999999898, -6.943853 ], [ -40.474766, -6.943738 ], [ -40.474368, -6.943761 ], [ -40.474123, -6.943676 ], [ -40.474033, -6.943544 ], [ -40.473951, -6.943284 ], [ -40.47369, -6.942884 ], [ -40.473239, -6.942569 ], [ -40.472904, -6.942428 ], [ -40.472603999999897, -6.942449 ], [ -40.472188, -6.942483 ], [ -40.471707, -6.942462 ], [ -40.471156999999899, -6.9424 ], [ -40.470641999999899, -6.94226 ], [ -40.470436, -6.942311 ], [ -40.470298, -6.942443 ], [ -40.470152, -6.942613 ], [ -40.469848, -6.942958 ], [ -40.469577, -6.943184 ], [ -40.469383999999899, -6.943278 ], [ -40.469220999999898, -6.94328989999997 ], [ -40.469040999999898, -6.943303 ], [ -40.468595, -6.943286 ], [ -40.46838, -6.943099 ], [ -40.468243, -6.943039 ], [ -40.468084, -6.943086 ], [ -40.468002, -6.943188 ], [ -40.467951, -6.94338 ], [ -40.467882, -6.943563 ], [ -40.467749, -6.943686 ], [ -40.467543, -6.943682 ], [ -40.467316, -6.943584 ], [ -40.466899, -6.943294 ], [ -40.466402, -6.942852 ], [ -40.465347, -6.941739 ], [ -40.465047, -6.941339 ], [ -40.46446, -6.940185 ], [ -40.463876, -6.939295 ], [ -40.463717, -6.938791 ], [ -40.463833, -6.938539 ], [ -40.46379, -6.938318 ], [ -40.463644, -6.938143 ], [ -40.463561599999899, -6.938086 ], [ -40.463374, -6.937956 ], [ -40.463082, -6.937858 ], [ -40.463048, -6.937734 ], [ -40.463095, -6.9375 ], [ -40.463091, -6.937142 ], [ -40.462996, -6.936951 ], [ -40.462867, -6.936793 ], [ -40.462567, -6.936682 ], [ -40.462133999999899, -6.936755 ], [ -40.461627, -6.936929 ], [ -40.461198, -6.936929 ], [ -40.460769, -6.937027 ], [ -40.460317, -6.937325 ], [ -40.460059999999899, -6.937457 ], [ -40.459571, -6.937576 ], [ -40.459223, -6.937614 ], [ -40.458965, -6.937525 ], [ -40.458862, -6.93729 ], [ -40.458721, -6.937048 ], [ -40.458429, -6.936801 ], [ -40.458116, -6.936618 ], [ -40.457961, -6.936618 ], [ -40.45785, -6.936724 ], [ -40.457862, -6.937009 ], [ -40.45787, -6.93742 ], [ -40.457827, -6.93791 ], [ -40.457746, -6.938306 ], [ -40.457664, -6.938757 ], [ -40.45757, -6.938957 ], [ -40.457367, -6.939155 ], [ -40.456598, -6.938978 ], [ -40.453845199999897, -6.93785859999997 ], [ -40.4532315, -6.938727 ], [ -40.4539806, -6.94119739999996 ], [ -40.453986299999897, -6.94268069999993 ], [ -40.453000599999903, -6.94404319999995 ], [ -40.448858599999902, -6.94442709999993 ], [ -40.441066099999901, -6.94370859999998 ], [ -40.4335756, -6.94051739999998 ], [ -40.42502, -6.93526979999996 ], [ -40.4244739, -6.93720139999994 ], [ -40.429121199999898, -6.94850289999994 ], [ -40.428875199999901, -6.95874229999993 ], [ -40.4272844, -6.96632409999995 ], [ -40.430374099999902, -6.97575379999995 ], [ -40.4298702, -6.99334309999995 ], [ -40.4293355, -6.99456939999993 ], [ -40.4293091, -6.99463 ], [ -40.4286547, -6.99612989999997 ], [ -40.428615599999901, -6.99613979999998 ], [ -40.423759, -6.99736989999997 ], [ -40.415801799999898, -6.99772729999995 ], [ -40.4110716, -6.99907729999995 ], [ -40.4069751, -7.00365639999995 ], [ -40.406249499999902, -7.00532659999993 ], [ -40.407218199999903, -7.00596669999993 ], [ -40.407587799999902, -7.00621089999993 ], [ -40.4130489, -7.00831119999998 ], [ -40.425296499999902, -7.01573959999996 ], [ -40.427851299999901, -7.01535119999994 ], [ -40.428311, -7.01618879999995 ], [ -40.4277036, -7.01725779999992 ], [ -40.4280135, -7.01847669999995 ], [ -40.429053699999898, -7.01825029999998 ], [ -40.4290806, -7.01824439999996 ], [ -40.434040799999899, -7.01527009999995 ], [ -40.4340662, -7.01525489999995 ], [ -40.4375013, -7.01547379999994 ], [ -40.438684599999903, -7.01645939999997 ], [ -40.438385599999897, -7.01821659999996 ], [ -40.4348921, -7.02280079999997 ], [ -40.4320173, -7.02568589999993 ], [ -40.4318355, -7.02586829999996 ], [ -40.429835599999898, -7.02787579999995 ], [ -40.4269411, -7.02946029999993 ], [ -40.4265655, -7.031445 ], [ -40.4277177, -7.03388109999997 ], [ -40.4308928, -7.03676949999993 ], [ -40.4356271999999, -7.04011729999996 ], [ -40.4432815, -7.04809549999993 ], [ -40.4438863, -7.052944 ], [ -40.4442591, -7.05593219999997 ], [ -40.4487434, -7.06255389999995 ], [ -40.4533848, -7.07123379999996 ], [ -40.457788, -7.07610279999994 ], [ -40.4593494, -7.07847589999994 ], [ -40.4593637, -7.07849769999996 ], [ -40.4593778999999, -7.07851919999996 ], [ -40.4694211999999, -7.08764409999998 ], [ -40.470500199999897, -7.09122669999994 ], [ -40.4704331, -7.09397039999993 ], [ -40.485250699999902, -7.11100929999998 ], [ -40.489739299999897, -7.11869009999998 ], [ -40.4892141, -7.12151439999997 ], [ -40.4853014, -7.12701789999994 ], [ -40.484369699999903, -7.13319869999998 ], [ -40.4871972, -7.14483379999996 ], [ -40.495709299999902, -7.16961529999998 ], [ -40.494791899999903, -7.18234409999997 ], [ -40.495308899999898, -7.18322519999998 ], [ -40.5012968999999, -7.18865279999994 ], [ -40.5028196, -7.19885379999994 ], [ -40.5042515, -7.20479719999997 ], [ -40.5061165, -7.21085969999996 ], [ -40.5571085999999, -7.21045889999994 ], [ -40.56624, -7.21061619999995 ], [ -40.5995401, -7.21413719999993 ], [ -40.599649699999901, -7.21414869999995 ], [ -40.6039139, -7.21459969999995 ], [ -40.637793499999901, -7.209677 ], [ -40.6680124, -7.20970379999994 ], [ -40.6712426, -7.20970659999995 ], [ -40.6968254, -7.22887959999997 ], [ -40.700365, -7.22647189999998 ], [ -40.7135330999999, -7.21751469999998 ], [ -40.717118899999903, -7.20800719999994 ] ] ] ] } },
{ "type": "Feature", "properties": { "CD_MUN": "2203859", "NM_MUN": "Floresta do Piauí", "CD_RGI": "220011", "NM_RGI": "Oeiras", "CD_RGINT": "2203", "NM_RGINT": "Picos", "CD_UF": "22", "NM_UF": "Piauí", "SIGLA_UF": "PI", "CD_REGIAO": "2", "NM_REGIAO": "Nordeste", "SIGLA_RG": "NE", "CD_CONCURB": null, "NM_CONCURB": null, "AREA_KM2": 221.519 }, "geometry": { "type": "MultiPolygon", "coordinates": [ [ [ [ -41.751601299999898, -7.55721509999995 ], [ -41.752917399999902, -7.55894789999996 ], [ -41.7759657, -7.552477 ], [ -41.7777239, -7.55242839999994 ], [ -41.7972399, -7.55188939999994 ], [ -41.8134201, -7.55201579999994 ], [ -41.813461899999901, -7.55201609999995 ], [ -41.8289313, -7.55213689999994 ], [ -41.843322699999902, -7.53758749999997 ], [ -41.8492044, -7.53709749999996 ], [ -41.855267099999899, -7.53634559999995 ], [ -41.856893699999901, -7.53614389999996 ], [ -41.860307299999903, -7.53569539999995 ], [ -41.8605173999999, -7.53566619999998 ], [ -41.860714, -7.535382 ], [ -41.860654, -7.535293 ], [ -41.860628, -7.535149 ], [ -41.860503, -7.534885 ], [ -41.860469, -7.534468 ], [ -41.860551, -7.534205 ], [ -41.860741, -7.533538 ], [ -41.860681, -7.533134 ], [ -41.860706999999898, -7.532598 ], [ -41.860896, -7.532279 ], [ -41.861175, -7.531892 ], [ -41.861449999999898, -7.531624 ], [ -41.861655, -7.531276 ], [ -41.861671999999899, -7.530902 ], [ -41.861689, -7.53046 ], [ -41.86229, -7.529499 ], [ -41.862572999999898, -7.529371 ], [ -41.862907999999898, -7.529601 ], [ -41.863019, -7.530026 ], [ -41.863011, -7.530468 ], [ -41.863174, -7.530766 ], [ -41.863668, -7.531165 ], [ -41.864007, -7.531233 ], [ -41.864359, -7.531139 ], [ -41.864887, -7.530871 ], [ -41.865431999999899, -7.530586 ], [ -41.865604, -7.530131 ], [ -41.86563, -7.529727 ], [ -41.865492, -7.529502 ], [ -41.865291, -7.529413 ], [ -41.865123, -7.529447 ], [ -41.864909, -7.529489 ], [ -41.864471, -7.529455 ], [ -41.864296, -7.529272 ], [ -41.864249, -7.528915 ], [ -41.864335, -7.528745 ], [ -41.864455, -7.528596 ], [ -41.86445, -7.528388 ], [ -41.864511, -7.527903 ], [ -41.864579, -7.52775 ], [ -41.864708, -7.52741 ], [ -41.864652, -7.527248 ], [ -41.864556, -7.527011 ], [ -41.864384, -7.526939 ], [ -41.863791999999897, -7.526786 ], [ -41.863397, -7.526637 ], [ -41.863281, -7.52631 ], [ -41.863414, -7.526118 ], [ -41.86374, -7.525889 ], [ -41.864041, -7.525812 ], [ -41.864199, -7.525923 ], [ -41.864393, -7.525883 ], [ -41.864719, -7.525645 ], [ -41.865344999999898, -7.525135 ], [ -41.86553, -7.524807 ], [ -41.86603, -7.52381 ], [ -41.866219, -7.522878 ], [ -41.866373, -7.521683 ], [ -41.866347, -7.520892 ], [ -41.866283, -7.520671 ], [ -41.866167, -7.520565 ], [ -41.866020999999897, -7.520433 ], [ -41.865994999999899, -7.520301 ], [ -41.866025, -7.520131 ], [ -41.866158, -7.519936 ], [ -41.866113, -7.519694 ], [ -41.865963, -7.519494 ], [ -41.865723, -7.519116 ], [ -41.865382, -7.518273 ], [ -41.865073, -7.518009 ], [ -41.86442, -7.517754 ], [ -41.86382, -7.517593 ], [ -41.863528, -7.517201 ], [ -41.863450999999898, -7.51681 ], [ -41.863518999999897, -7.516572 ], [ -41.8640164, -7.51571809999996 ], [ -41.8643494, -7.51522989999995 ], [ -41.8647265, -7.51475459999995 ], [ -41.8652307999999, -7.51493269999997 ], [ -41.8652137999999, -7.51535719999993 ], [ -41.864959499999898, -7.51575469999995 ], [ -41.8651914, -7.51591739999998 ], [ -41.8657974, -7.515935 ], [ -41.8661911, -7.51529729999993 ], [ -41.866527899999902, -7.51466689999995 ], [ -41.866920299999897, -7.51422419999994 ], [ -41.8670341, -7.51359539999993 ], [ -41.8666299, -7.51327479999998 ], [ -41.866574, -7.51280219999995 ], [ -41.8663571, -7.51243839999995 ], [ -41.8658126999999, -7.51224149999996 ], [ -41.8654337, -7.51177139999993 ], [ -41.8647043, -7.511409 ], [ -41.864445799999899, -7.51106189999996 ], [ -41.8644907, -7.51070849999996 ], [ -41.8638088, -7.50986249999994 ], [ -41.8631872, -7.50963649999994 ], [ -41.8623651, -7.50990589999998 ], [ -41.8616468, -7.50981479999996 ], [ -41.860601899999899, -7.50878239999997 ], [ -41.860082799999901, -7.50771009999994 ], [ -41.8598718, -7.506738 ], [ -41.8595055, -7.505614 ], [ -41.8587307, -7.50464539999996 ], [ -41.8578026, -7.50367879999993 ], [ -41.857926, -7.50234 ], [ -41.8579041, -7.50203109999995 ], [ -41.857963, -7.501749 ], [ -41.858087, -7.501596 ], [ -41.8581816, -7.50155019999994 ], [ -41.859229, -7.501115 ], [ -41.860219, -7.500241 ], [ -41.86085, -7.49956 ], [ -41.861236, -7.499326 ], [ -41.861597, -7.498748 ], [ -41.861601, -7.498578 ], [ -41.861221, -7.497918 ], [ -41.861191, -7.497654 ], [ -41.861353999999899, -7.496578 ], [ -41.861281, -7.495988 ], [ -41.861353999999899, -7.495852 ], [ -41.861533999999899, -7.495805 ], [ -41.861843, -7.49581 ], [ -41.862152, -7.495691 ], [ -41.862254999999898, -7.495512 ], [ -41.862242, -7.495338 ], [ -41.862101, -7.495172 ], [ -41.862105, -7.495027 ], [ -41.862178, -7.494747 ], [ -41.862324, -7.494171 ], [ -41.862375, -7.493754 ], [ -41.86277, -7.493048 ], [ -41.863328, -7.492062 ], [ -41.863646, -7.491773 ], [ -41.864118, -7.491696 ], [ -41.864821999999897, -7.491458 ], [ -41.865955, -7.491143 ], [ -41.866547, -7.490676 ], [ -41.8668, -7.490385 ], [ -41.866847, -7.490126 ], [ -41.866616, -7.489531 ], [ -41.866298, -7.489433 ], [ -41.865992999999897, -7.489467 ], [ -41.865513, -7.48968 ], [ -41.865276999999899, -7.490101 ], [ -41.865113, -7.490607 ], [ -41.864865, -7.490738 ], [ -41.864607, -7.490641 ], [ -41.86447, -7.490334 ], [ -41.864508, -7.489875 ], [ -41.864534, -7.489526 ], [ -41.864581, -7.489114 ], [ -41.864556, -7.488684 ], [ -41.864538, -7.488238 ], [ -41.864629, -7.48794 ], [ -41.864826, -7.487783 ], [ -41.865032, -7.487134 ], [ -41.865212, -7.486339 ], [ -41.865118, -7.485922 ], [ -41.864766, -7.485506 ], [ -41.864139, -7.485021 ], [ -41.86362, -7.484311 ], [ -41.86332, -7.483558 ], [ -41.863247, -7.482984 ], [ -41.863352, -7.482298 ], [ -41.863446, -7.481235 ], [ -41.863257, -7.480639 ], [ -41.862845, -7.480018 ], [ -41.862511, -7.479372 ], [ -41.861552, -7.476154 ], [ -41.861388, -7.474794 ], [ -41.862195, -7.473722 ], [ -41.862408, -7.472467 ], [ -41.862709, -7.470514 ], [ -41.862949, -7.469527 ], [ -41.86339, -7.468309 ], [ -41.863605, -7.467799 ], [ -41.863983, -7.467756 ], [ -41.864807, -7.468199 ], [ -41.865622, -7.468403 ], [ -41.865759, -7.468156 ], [ -41.864043, -7.466293 ], [ -41.86339, -7.46574 ], [ -41.86006, -7.46466 ], [ -41.859494, -7.46432 ], [ -41.8540978999999, -7.43012549999997 ], [ -41.8548041, -7.42868609999994 ], [ -41.856535, -7.42683169999998 ], [ -41.857547899999901, -7.42508369999996 ], [ -41.860091, -7.42240409999994 ], [ -41.8605970999999, -7.42137789999992 ], [ -41.8609013, -7.42096479999998 ], [ -41.860888499999902, -7.418916 ], [ -41.861185099999901, -7.41737709999995 ], [ -41.8618554, -7.41670039999997 ], [ -41.8573952, -7.40622179999997 ], [ -41.8364195999999, -7.35695159999995 ], [ -41.8212554999999, -7.35999719999995 ], [ -41.821255199999896, -7.35999679999998 ], [ -41.8178874, -7.36067289999994 ], [ -41.817803399999903, -7.36068989999995 ], [ -41.7803971, -7.42440479999993 ], [ -41.741586799999901, -7.46112109999996 ], [ -41.737615199999901, -7.47912389999993 ], [ -41.7333523, -7.49843809999993 ], [ -41.7331303, -7.49944369999997 ], [ -41.733124, -7.49947249999997 ], [ -41.7277721, -7.52370959999996 ], [ -41.731537499999902, -7.53066129999996 ], [ -41.7315172, -7.53077139999994 ], [ -41.751601299999898, -7.55721509999995 ] ] ] ] } },
{ "type": "Feature", "properties": { "CD_MUN": "2204154", "NM_MUN": "Francisco Macedo", "CD_RGI": "220009", "NM_RGI": "Picos", "CD_RGINT": "2203", "NM_RGINT": "Picos", "CD_UF": "22", "NM_UF": "Piauí", "SIGLA_UF": "PI", "CD_REGIAO": "2", "NM_REGIAO": "Nordeste", "SIGLA_RG": "NE", "CD_CONCURB": null, "NM_CONCURB": null, "AREA_KM2": 179.245 }, "geometry": { "type": "MultiPolygon", "coordinates": [ [ [ [ -40.7294519, -7.32925389999997 ], [ -40.7276213, -7.34992459999995 ], [ -40.730147499999902, -7.34906709999996 ], [ -40.7318327, -7.34855519999996 ], [ -40.73292, -7.348869 ], [ -40.733014, -7.349324 ], [ -40.733988, -7.351085 ], [ -40.734203, -7.351297 ], [ -40.734907, -7.352241 ], [ -40.735790999999899, -7.352905 ], [ -40.736047, -7.353387 ], [ -40.736269999999898, -7.353863 ], [ -40.736511, -7.354174 ], [ -40.73727, -7.354761 ], [ -40.737485, -7.354948 ], [ -40.737520199999899, -7.35512389999997 ], [ -40.737508299999902, -7.355463 ], [ -40.7374303, -7.35604719999998 ], [ -40.73756, -7.35681979999993 ], [ -40.7377246, -7.35754629999997 ], [ -40.738216, -7.35880409999993 ], [ -40.7389724, -7.35984069999995 ], [ -40.7393719, -7.36048169999998 ], [ -40.739795199999897, -7.360912 ], [ -40.7399277, -7.36125149999998 ], [ -40.7399935, -7.36185409999996 ], [ -40.7401450999999, -7.36253109999996 ], [ -40.740211299999899, -7.36306169999995 ], [ -40.740316199999903, -7.36344859999997 ], [ -40.7404296, -7.36357729999997 ], [ -40.741054399999904, -7.36397069999992 ], [ -40.7412042, -7.364067 ], [ -40.7417751999999, -7.36460349999993 ], [ -40.7422913, -7.365592 ], [ -40.742317699999901, -7.36594239999994 ], [ -40.742223599999903, -7.36665169999998 ], [ -40.7422563, -7.36722449999996 ], [ -40.743535999999899, -7.368552 ], [ -40.7444024, -7.36976459999994 ], [ -40.744926, -7.37050259999995 ], [ -40.7460578, -7.372124 ], [ -40.746583, -7.372771 ], [ -40.746995, -7.373184 ], [ -40.7475926, -7.37369319999993 ], [ -40.747708499999902, -7.37383869999996 ], [ -40.748076899999901, -7.37475579999995 ], [ -40.748467499999897, -7.37561779999993 ], [ -40.749786399999898, -7.37857629999996 ], [ -40.751126999999897, -7.379154 ], [ -40.7511461, -7.37924989999993 ], [ -40.7510599, -7.379647 ], [ -40.751186, -7.380216 ], [ -40.7517533, -7.380365 ], [ -40.752671, -7.380326 ], [ -40.753301, -7.380144 ], [ -40.754365999999898, -7.380229 ], [ -40.754769, -7.38019 ], [ -40.75528, -7.380089 ], [ -40.75546, -7.379979 ], [ -40.755626999999897, -7.379979 ], [ -40.756040299999903, -7.38007779999998 ], [ -40.7561565, -7.38015879999995 ], [ -40.756245, -7.380323 ], [ -40.7562129, -7.38072459999995 ], [ -40.756207, -7.381174 ], [ -40.7562282, -7.38142869999996 ], [ -40.756410899999899, -7.38187359999995 ], [ -40.756481199999897, -7.38221379999993 ], [ -40.7564767, -7.38235519999995 ], [ -40.756396, -7.38268 ], [ -40.756478699999903, -7.38296339999994 ], [ -40.75658, -7.383197 ], [ -40.756883, -7.38343 ], [ -40.75723, -7.38350949999995 ], [ -40.758598999999897, -7.38357849999994 ], [ -40.758878, -7.383621 ], [ -40.7593014999999, -7.38380759999995 ], [ -40.759597, -7.38423739999996 ], [ -40.7607305, -7.38506339999998 ], [ -40.7608683, -7.385261 ], [ -40.761041599999899, -7.385701 ], [ -40.7612839, -7.38661479999996 ], [ -40.7615547, -7.38705249999998 ], [ -40.7620105, -7.38752079999995 ], [ -40.762349, -7.388016 ], [ -40.762538999999897, -7.38840269999997 ], [ -40.762750099999899, -7.388709 ], [ -40.762972499999897, -7.38906849999995 ], [ -40.7632588, -7.38938989999997 ], [ -40.763421999999899, -7.389823 ], [ -40.7635245, -7.390313 ], [ -40.763824999999898, -7.390883 ], [ -40.76383, -7.391592 ], [ -40.763881, -7.392022 ], [ -40.764203, -7.39286 ], [ -40.764421, -7.393228 ], [ -40.764618, -7.393772 ], [ -40.765608799999903, -7.39581659999993 ], [ -40.765876799999901, -7.39639429999994 ], [ -40.766172, -7.396945 ], [ -40.766968, -7.398489 ], [ -40.7671498, -7.39867649999997 ], [ -40.767559999999897, -7.398829 ], [ -40.767834999999899, -7.399059 ], [ -40.7689126, -7.39999379999995 ], [ -40.7694686, -7.40050669999994 ], [ -40.7699494, -7.40100929999994 ], [ -40.7705751, -7.40157409999995 ], [ -40.7707444, -7.40185739999993 ], [ -40.7715832, -7.40368959999995 ], [ -40.771754299999898, -7.40385979999996 ], [ -40.772008, -7.404282 ], [ -40.772369, -7.404733 ], [ -40.773750999999898, -7.406013 ], [ -40.773935, -7.406068 ], [ -40.7742592, -7.40626889999993 ], [ -40.775239999999897, -7.406472 ], [ -40.775813, -7.406667 ], [ -40.776429699999902, -7.40692989999997 ], [ -40.776665099999903, -7.40697079999995 ], [ -40.777422, -7.407395 ], [ -40.777843, -7.407407 ], [ -40.778503, -7.407696 ], [ -40.778841999999898, -7.407936 ], [ -40.779057, -7.408191 ], [ -40.779128, -7.408693 ], [ -40.779583, -7.409327 ], [ -40.780166, -7.409918 ], [ -40.780256999999899, -7.410097 ], [ -40.78039, -7.410645 ], [ -40.780820999999897, -7.411269 ], [ -40.781327, -7.411966 ], [ -40.782409, -7.413026 ], [ -40.782748, -7.413319 ], [ -40.783456, -7.413723 ], [ -40.784238, -7.414152 ], [ -40.784882, -7.414382 ], [ -40.785075, -7.414539 ], [ -40.785826, -7.415351 ], [ -40.786547, -7.415743 ], [ -40.786873, -7.415866 ], [ -40.787345, -7.416338 ], [ -40.787748, -7.416759 ], [ -40.789425999999899, -7.41781 ], [ -40.7894613, -7.41784889999997 ], [ -40.789586, -7.418112 ], [ -40.790736, -7.420426 ], [ -40.794324, -7.42151729999995 ], [ -40.794289999999897, -7.418852 ], [ -40.7947574, -7.41328679999998 ], [ -40.7948388, -7.41232269999995 ], [ -40.7955206, -7.40424279999996 ], [ -40.7956267, -7.40298509999997 ], [ -40.796617399999903, -7.39124439999995 ], [ -40.8127938, -7.37868449999996 ], [ -40.832813799999897, -7.36314019999998 ], [ -40.833263299999899, -7.36279119999995 ], [ -40.8371776, -7.35975179999997 ], [ -40.8372011, -7.35973349999995 ], [ -40.8372347, -7.35970729999997 ], [ -40.8373022, -7.35962649999993 ], [ -40.842646499999901, -7.35321969999995 ], [ -40.848058299999899, -7.34673209999994 ], [ -40.8465163, -7.33481659999995 ], [ -40.8461874, -7.33227379999994 ], [ -40.848368299999898, -7.33059519999995 ], [ -40.8483828, -7.330584 ], [ -40.852437699999903, -7.32746279999998 ], [ -40.8524211, -7.32729509999996 ], [ -40.8524186, -7.32726979999995 ], [ -40.8517924, -7.32094619999998 ], [ -40.8482675, -7.28534669999993 ], [ -40.848258, -7.28525079999997 ], [ -40.8356013, -7.276918 ], [ -40.8353374, -7.27674429999996 ], [ -40.8350268, -7.27653969999994 ], [ -40.8343924, -7.27612209999995 ], [ -40.8341209, -7.27594329999994 ], [ -40.8340972, -7.27592769999995 ], [ -40.8340825, -7.27591639999997 ], [ -40.8340443, -7.27589289999997 ], [ -40.8259125, -7.270539 ], [ -40.799264999999899, -7.26103619999998 ], [ -40.759869799999898, -7.25561569999996 ], [ -40.7532722, -7.25470759999996 ], [ -40.748037, -7.24315289999993 ], [ -40.7300284, -7.24468029999997 ], [ -40.7283184, -7.244826 ], [ -40.714546, -7.24599289999998 ], [ -40.7301082, -7.290239 ], [ -40.7301279, -7.29536959999996 ], [ -40.7301684, -7.30590859999995 ], [ -40.7302247, -7.32052869999995 ], [ -40.729679299999901, -7.326687 ], [ -40.729458, -7.329186 ], [ -40.7294519, -7.32925389999997 ] ] ] ] } },
{ "type": "Feature", "properties": { "CD_MUN": "2204204", "NM_MUN": "Francisco Santos", "CD_RGI": "220009", "NM_RGI": "Picos", "CD_RGINT": "2203", "NM_RGINT": "Picos", "CD_UF": "22", "NM_UF": "Piauí", "SIGLA_UF": "PI", "CD_REGIAO": "2", "NM_REGIAO": "Nordeste", "SIGLA_RG": "NE", "CD_CONCURB": null, "NM_CONCURB": null, "AREA_KM2": 492.191 }, "geometry": { "type": "MultiPolygon", "coordinates": [ [ [ [ -41.1882846, -7.21667539999993 ], [ -41.1963775, -7.21812059999996 ], [ -41.201966899999903, -7.24333229999996 ], [ -41.202715199999901, -7.24670779999997 ], [ -41.2032184, -7.24912419999993 ], [ -41.2050338, -7.25784239999996 ], [ -41.211264, -7.25778879999996 ], [ -41.2208616, -7.25154429999998 ], [ -41.2238515, -7.24975469999993 ], [ -41.2306012, -7.24571209999993 ], [ -41.264045399999901, -7.22568139999993 ], [ -41.2578665, -7.21611439999998 ], [ -41.2578343, -7.21606449999996 ], [ -41.204798299999901, -7.13398249999995 ], [ -41.2047737, -7.13394439999996 ], [ -41.1972741, -7.12233749999996 ], [ -41.1927458, -7.11532919999996 ], [ -41.192332399999898, -7.11468939999997 ], [ -41.1906642, -7.07375539999992 ], [ -41.1874617, -6.99517309999993 ], [ -41.187457499999901, -6.99507279999995 ], [ -41.187357399999897, -6.99269619999995 ], [ -41.181524599999896, -6.970428 ], [ -41.1806207, -6.96697729999994 ], [ -41.1803439, -6.96592079999994 ], [ -41.1783594, -6.95651609999993 ], [ -41.175538399999901, -6.943147 ], [ -41.168900199999896, -6.913016 ], [ -41.1663528, -6.90092229999993 ], [ -41.166039899999902, -6.899437 ], [ -41.166034099999898, -6.89940939999997 ], [ -41.1636998, -6.88833089999997 ], [ -41.158397299999898, -6.86450289999993 ], [ -41.1431201, -6.75046649999996 ], [ -41.095359099999897, -6.75669309999995 ], [ -41.0924099, -6.80337759999998 ], [ -41.0921867, -6.80691049999996 ], [ -41.0881386, -6.87355179999997 ], [ -41.088134599999897, -6.87361709999993 ], [ -41.0881307, -6.873682 ], [ -41.086579899999897, -6.89913539999998 ], [ -41.085855299999899, -6.91039059999997 ], [ -41.0857781, -6.911589 ], [ -41.0857515, -6.91200149999997 ], [ -41.0825275, -6.96207319999996 ], [ -41.0825212, -6.96217189999993 ], [ -41.0820717, -6.96914879999997 ], [ -41.0808774, -6.99699379999993 ], [ -41.0808772, -6.99699859999993 ], [ -41.0808769, -6.99700359999997 ], [ -41.080874999999899, -6.99704939999998 ], [ -41.0808567999999, -6.99747359999998 ], [ -41.080905399999899, -6.99774139999994 ], [ -41.0921888, -7.059299 ], [ -41.0960908, -7.08058669999997 ], [ -41.096637, -7.08312049999995 ], [ -41.096848599999902, -7.08410219999996 ], [ -41.097199799999899, -7.08573129999996 ], [ -41.0973486, -7.086461 ], [ -41.0975991, -7.08769119999994 ], [ -41.098909, -7.094124 ], [ -41.099253, -7.095822 ], [ -41.100952, -7.104306 ], [ -41.102516, -7.112227 ], [ -41.104967, -7.12497159999998 ], [ -41.104979399999898, -7.12503029999993 ], [ -41.1201333, -7.12339209999993 ], [ -41.1221062, -7.12317629999995 ], [ -41.126022799999902, -7.12273769999996 ], [ -41.131654, -7.122107 ], [ -41.1433575, -7.16583589999993 ], [ -41.143308499999897, -7.18290049999996 ], [ -41.1432407, -7.20649679999997 ], [ -41.1607516, -7.21157549999998 ], [ -41.1623964, -7.21205249999997 ], [ -41.1882846, -7.21667539999993 ] ] ] ] } },
{ "type": "Feature", "properties": { "CD_MUN": "2211605", "NM_MUN": "Vila Nova do Piauí", "CD_RGI": "220009", "NM_RGI": "Picos", "CD_RGINT": "2203", "NM_RGINT": "Picos", "CD_UF": "22", "NM_UF": "Piauí", "SIGLA_UF": "PI", "CD_REGIAO": "2", "NM_REGIAO": "Nordeste", "SIGLA_RG": "NE", "CD_CONCURB": null, "NM_CONCURB": null, "AREA_KM2": 221.627 }, "geometry": { "type": "MultiPolygon", "coordinates": [ [ [ [ -40.987819, -7.256933 ], [ -40.98781, -7.256524 ], [ -40.987424, -7.256286 ], [ -40.987054999999899, -7.256048 ], [ -40.987031699999903, -7.255946 ], [ -40.986952, -7.255597 ], [ -40.987793, -7.254933 ], [ -40.988453999999898, -7.254958 ], [ -40.988806, -7.255333 ], [ -40.989063, -7.255682 ], [ -40.989518, -7.255563 ], [ -40.989853, -7.255103 ], [ -40.990213, -7.254678 ], [ -40.990471, -7.25461 ], [ -40.990754, -7.254669 ], [ -40.991161, -7.25411239999994 ], [ -40.991518, -7.25335509999996 ], [ -40.991547599999897, -7.25285759999997 ], [ -40.991669199999897, -7.25247939999997 ], [ -40.9917991, -7.25207539999997 ], [ -40.9917153, -7.25079039999997 ], [ -40.9915197, -7.25031549999994 ], [ -40.9909051, -7.24953329999994 ], [ -40.9905699, -7.24889069999995 ], [ -40.990318499999901, -7.248332 ], [ -40.9901229, -7.24715869999994 ], [ -40.9899832, -7.24632059999993 ], [ -40.9897597, -7.24520319999993 ], [ -40.989648, -7.24436509999992 ], [ -40.989480399999898, -7.24347119999993 ], [ -40.989256899999901, -7.24274489999993 ], [ -40.989201, -7.24185089999997 ], [ -40.989229, -7.24098489999994 ], [ -40.9892848, -7.240091 ], [ -40.989061299999896, -7.23942049999994 ], [ -40.988670199999902, -7.23886179999994 ], [ -40.9878601, -7.23816339999996 ], [ -40.987161699999902, -7.23749289999995 ], [ -40.9865751, -7.237018 ], [ -40.9861281, -7.23654309999995 ], [ -40.986044299999897, -7.23606819999998 ], [ -40.9861002, -7.23520219999995 ], [ -40.9861281, -7.23422439999996 ], [ -40.986044299999897, -7.23305109999995 ], [ -40.9857648999999, -7.23235269999998 ], [ -40.9852341, -7.23162639999993 ], [ -40.9844519, -7.23106769999993 ], [ -40.9838094, -7.23022959999997 ], [ -40.983446199999896, -7.22972679999998 ], [ -40.9829993, -7.22911219999997 ], [ -40.9824406, -7.22827409999996 ], [ -40.9819936, -7.22751979999992 ], [ -40.981798, -7.22682139999995 ], [ -40.9817141999999, -7.22587159999995 ], [ -40.9816584, -7.22514529999995 ], [ -40.9817141999999, -7.22411169999998 ], [ -40.9816863, -7.22313389999994 ], [ -40.9816863, -7.22246339999998 ], [ -40.9816025, -7.22187679999996 ], [ -40.9814069, -7.22137389999995 ], [ -40.9811136, -7.22095489999998 ], [ -40.980764399999899, -7.22045209999993 ], [ -40.9805549, -7.21985139999992 ], [ -40.9805689, -7.21932069999997 ], [ -40.9805549, -7.21858039999995 ], [ -40.980485, -7.21799369999997 ], [ -40.980429199999897, -7.21749089999997 ], [ -40.980303499999899, -7.21704389999996 ], [ -40.9801638, -7.216541 ], [ -40.9800582, -7.21594669999996 ], [ -40.9914606, -7.20037939999997 ], [ -40.9916006999999, -7.19931639999993 ], [ -40.997059299999897, -7.15791089999993 ], [ -40.9975866, -7.137316 ], [ -40.996952599999901, -7.13683089999995 ], [ -40.9964186, -7.13642219999997 ], [ -40.9777053, -7.12179219999996 ], [ -40.975721, -7.12021469999996 ], [ -40.975631099999902, -7.12014319999997 ], [ -40.9599077, -7.10764379999995 ], [ -40.9400426, -7.11571439999994 ], [ -40.9398209, -7.11580449999997 ], [ -40.9397427, -7.11583619999993 ], [ -40.9391603, -7.11607289999995 ], [ -40.9361412, -7.11729959999997 ], [ -40.911524799999903, -7.12538949999993 ], [ -40.9097442, -7.12655809999995 ], [ -40.9088538, -7.12783789999997 ], [ -40.9081025999999, -7.12870039999996 ], [ -40.9067949, -7.13036979999993 ], [ -40.9051256, -7.13279039999998 ], [ -40.903929199999901, -7.13407029999996 ], [ -40.902704899999897, -7.13529449999993 ], [ -40.8993943, -7.13829979999997 ], [ -40.898162199999902, -7.13961619999998 ], [ -40.8981365, -7.13964359999994 ], [ -40.8815936, -7.15731819999996 ], [ -40.879215499999901, -7.15972129999994 ], [ -40.863682299999901, -7.17541809999994 ], [ -40.8657729, -7.18699989999993 ], [ -40.866763299999903, -7.19248629999993 ], [ -40.8757274, -7.22532929999994 ], [ -40.875772, -7.22549279999993 ], [ -40.8761145, -7.22674779999994 ], [ -40.876299199999899, -7.22696989999997 ], [ -40.883103499999898, -7.24113579999994 ], [ -40.877513599999901, -7.25975779999993 ], [ -40.8727071, -7.26170309999998 ], [ -40.898748899999902, -7.271689 ], [ -40.8987768, -7.27169969999994 ], [ -40.898786599999902, -7.27170349999994 ], [ -40.9008074, -7.27247839999995 ], [ -40.928907799999898, -7.28325359999997 ], [ -40.9291843, -7.28339429999994 ], [ -40.9432298, -7.29054049999996 ], [ -40.9433523, -7.29060279999993 ], [ -40.945067299999899, -7.29147539999997 ], [ -40.9722345, -7.30529549999994 ], [ -40.972319399999897, -7.30498019999993 ], [ -40.9726588, -7.30371879999996 ], [ -40.986154, -7.258277 ], [ -40.986119, -7.25786 ], [ -40.986264999999896, -7.257537 ], [ -40.986643, -7.257248 ], [ -40.987063, -7.257196 ], [ -40.987424, -7.257282 ], [ -40.987819, -7.256933 ] ] ] ] } },
{ "type": "Feature", "properties": { "CD_MUN": "2203404", "NM_MUN": "Dom Expedito Lopes", "CD_RGI": "220009", "NM_RGI": "Picos", "CD_RGINT": "2203", "NM_RGINT": "Picos", "CD_UF": "22", "NM_UF": "Piauí", "SIGLA_UF": "PI", "CD_REGIAO": "2", "NM_REGIAO": "Nordeste", "SIGLA_RG": "NE", "CD_CONCURB": null, "NM_CONCURB": null, "AREA_KM2": 218.808 }, "geometry": { "type": "MultiPolygon", "coordinates": [ [ [ [ -41.6806556, -7.02009729999997 ], [ -41.6812482, -7.01975539999995 ], [ -41.7158487, -6.99980989999995 ], [ -41.7159687, -7.00060519999994 ], [ -41.7159816, -7.00069049999996 ], [ -41.7161996, -7.00167509999994 ], [ -41.716816999999899, -7.002576 ], [ -41.716886, -7.002967 ], [ -41.717041, -7.003308 ], [ -41.717453, -7.003529 ], [ -41.71765, -7.003938 ], [ -41.717616, -7.004219 ], [ -41.71753, -7.004483 ], [ -41.717916, -7.004772 ], [ -41.718757, -7.005454 ], [ -41.719281, -7.005692 ], [ -41.719512, -7.005888 ], [ -41.719521, -7.006271 ], [ -41.719693, -7.006543 ], [ -41.720158, -7.006827 ], [ -41.720373, -7.007188 ], [ -41.720592, -7.007695 ], [ -41.720811, -7.007827 ], [ -41.721094, -7.007772 ], [ -41.721381, -7.00787 ], [ -41.721605, -7.008091 ], [ -41.721909, -7.008286 ], [ -41.722072, -7.00843 ], [ -41.722055, -7.008745 ], [ -41.722167, -7.009128 ], [ -41.722587, -7.009384 ], [ -41.722758999999897, -7.00958 ], [ -41.722811, -7.010005 ], [ -41.722673, -7.010712 ], [ -41.722879, -7.011112 ], [ -41.723737, -7.011742 ], [ -41.724424, -7.012015 ], [ -41.724758999999899, -7.012168 ], [ -41.725059, -7.012696 ], [ -41.725170999999897, -7.01313 ], [ -41.725154, -7.013411 ], [ -41.725291, -7.013666 ], [ -41.7256, -7.013743 ], [ -41.725926, -7.013658 ], [ -41.72631, -7.013799 ], [ -41.726636, -7.014055 ], [ -41.726954, -7.014468 ], [ -41.727413, -7.014697 ], [ -41.727679, -7.015038 ], [ -41.72807, -7.015364 ], [ -41.728302, -7.015803 ], [ -41.728555, -7.016458 ], [ -41.728653, -7.01723 ], [ -41.728842, -7.01786 ], [ -41.729323, -7.018294 ], [ -41.729822, -7.019099 ], [ -41.729976, -7.019299 ], [ -41.730144, -7.019001 ], [ -41.73035, -7.018312 ], [ -41.730654, -7.017656 ], [ -41.731032, -7.017367 ], [ -41.73124, -7.017387 ], [ -41.731369, -7.017243 ], [ -41.731313, -7.017017 ], [ -41.7313505, -7.01681239999994 ], [ -41.731377, -7.016668 ], [ -41.731639, -7.016442 ], [ -41.731772, -7.016323 ], [ -41.732106, -7.015754 ], [ -41.732715, -7.01526 ], [ -41.733187, -7.014485 ], [ -41.73414, -7.013991 ], [ -41.734638, -7.013915 ], [ -41.735275, -7.013757 ], [ -41.735836999999897, -7.013413 ], [ -41.736361, -7.013388 ], [ -41.737039, -7.013422 ], [ -41.738180999999898, -7.012936 ], [ -41.738836999999897, -7.012478 ], [ -41.7393352, -7.01155559999995 ], [ -41.7397832, -7.01022889999996 ], [ -41.7406401, -7.00963339999993 ], [ -41.741392899999902, -7.00879639999994 ], [ -41.7421431, -7.00727219999993 ], [ -41.7426978, -7.00687589999995 ], [ -41.7432443, -7.00535179999997 ], [ -41.7439472, -7.00441619999998 ], [ -41.745508099999903, -7.00318059999995 ], [ -41.7806173, -6.96388989999997 ], [ -41.7970078, -6.98769629999993 ], [ -41.8020943, -6.959993 ], [ -41.8024563, -6.95802 ], [ -41.8051985, -6.94307429999998 ], [ -41.8083864, -6.92896969999993 ], [ -41.8109166, -6.92090389999993 ], [ -41.8063645, -6.92093759999995 ], [ -41.763704899999901, -6.92124809999996 ], [ -41.7635155, -6.92080069999997 ], [ -41.7602547, -6.913099 ], [ -41.7030501, -6.90104629999996 ], [ -41.7001997, -6.91498929999995 ], [ -41.6477485, -6.90339969999997 ], [ -41.647441, -6.90333169999997 ], [ -41.63508, -6.90059969999993 ], [ -41.6224819, -6.89903649999997 ], [ -41.6204672, -6.90112759999994 ], [ -41.6153151, -6.90647449999994 ], [ -41.613881799999902, -6.907188 ], [ -41.613479599999899, -6.92309219999993 ], [ -41.6134319, -6.92497789999993 ], [ -41.6165783, -6.93566749999997 ], [ -41.6179594, -6.94035979999995 ], [ -41.6183281, -6.94161219999995 ], [ -41.6212659, -6.95159319999993 ], [ -41.6218253, -6.95407379999995 ], [ -41.629555799999899, -6.98835039999994 ], [ -41.6296115, -6.98859719999996 ], [ -41.6246922, -7.00222569999994 ], [ -41.6229728, -7.00698919999996 ], [ -41.621107, -7.01215839999998 ], [ -41.617856399999901, -7.02116409999996 ], [ -41.617646299999898, -7.02222009999997 ], [ -41.615739, -7.03180779999997 ], [ -41.615617, -7.03242069999993 ], [ -41.6153891, -7.03356619999994 ], [ -41.6166006999999, -7.03357779999993 ], [ -41.6193038, -7.03360369999996 ], [ -41.6409404999999, -7.03381079999997 ], [ -41.6426607, -7.03367739999993 ], [ -41.657558299999899, -7.03140889999997 ], [ -41.6615957, -7.03109459999996 ], [ -41.661718999999898, -7.03102339999998 ], [ -41.6618698, -7.03093629999995 ], [ -41.6806556, -7.02009729999997 ] ] ] ] } },
{ "type": "Feature", "properties": { "CD_MUN": "2211506", "NM_MUN": "Vera Mendes", "CD_RGI": "220009", "NM_RGI": "Picos", "CD_RGINT": "2203", "NM_RGINT": "Picos", "CD_UF": "22", "NM_UF": "Piauí", "SIGLA_UF": "PI", "CD_REGIAO": "2", "NM_REGIAO": "Nordeste", "SIGLA_RG": "NE", "CD_CONCURB": null, "NM_CONCURB": null, "AREA_KM2": 341.975 }, "geometry": { "type": "MultiPolygon", "coordinates": [ [ [ [ -41.4394469, -7.64450569999997 ], [ -41.439664999999898, -7.64510509999997 ], [ -41.453773199999901, -7.68311479999994 ], [ -41.4547295, -7.68569139999994 ], [ -41.4582707, -7.69523 ], [ -41.458272099999903, -7.69554819999996 ], [ -41.467417899999901, -7.69771989999998 ], [ -41.4695397, -7.69781409999996 ], [ -41.485273499999899, -7.68848259999993 ], [ -41.510078, -7.67438429999993 ], [ -41.5100911, -7.67437689999997 ], [ -41.512340799999897, -7.67309819999997 ], [ -41.5128468, -7.67288449999995 ], [ -41.5201377, -7.66980329999996 ], [ -41.5391112, -7.66269109999996 ], [ -41.5403079, -7.66224249999993 ], [ -41.5681569, -7.65180139999995 ], [ -41.568626799999898, -7.65162529999998 ], [ -41.6465479, -7.62240109999993 ], [ -41.6461747, -7.62064249999997 ], [ -41.640678299999898, -7.59471309999998 ], [ -41.6308137, -7.54817649999995 ], [ -41.627945899999901, -7.54719079999995 ], [ -41.546863599999902, -7.51931839999997 ], [ -41.5458558, -7.52119 ], [ -41.5436827, -7.52467849999994 ], [ -41.542342899999902, -7.52608739999994 ], [ -41.5402650999999, -7.52709739999995 ], [ -41.539562499999903, -7.527858 ], [ -41.5395372, -7.52788529999998 ], [ -41.539326399999901, -7.52811349999996 ], [ -41.5392949, -7.52814759999995 ], [ -41.5389652, -7.52850379999995 ], [ -41.537900799999903, -7.53013689999995 ], [ -41.5373756, -7.53143039999998 ], [ -41.537320599999902, -7.53204589999996 ], [ -41.537821999999899, -7.53663039999998 ], [ -41.537347899999901, -7.53766019999995 ], [ -41.536321299999898, -7.53836439999998 ], [ -41.5339647, -7.53932409999993 ], [ -41.531596599999901, -7.54117709999997 ], [ -41.530315899999898, -7.54132789999994 ], [ -41.527261, -7.54073809999994 ], [ -41.5260962, -7.54117409999998 ], [ -41.5251205, -7.54075089999998 ], [ -41.5222413, -7.54063439999993 ], [ -41.5211292, -7.54146869999994 ], [ -41.5208519, -7.54196569999993 ], [ -41.520518599999903, -7.54469629999994 ], [ -41.519880699999902, -7.54705509999997 ], [ -41.519046199999899, -7.54794489999995 ], [ -41.518628, -7.54923069999995 ], [ -41.518454399999897, -7.55048969999996 ], [ -41.5175393, -7.55202939999998 ], [ -41.515574, -7.55296269999997 ], [ -41.512823099999899, -7.55245449999995 ], [ -41.5114563, -7.55235269999997 ], [ -41.5102934, -7.55119779999995 ], [ -41.5090142, -7.548158 ], [ -41.5076021, -7.54687329999996 ], [ -41.5054852, -7.54539039999997 ], [ -41.5048189, -7.54470889999993 ], [ -41.5049635, -7.54375759999994 ], [ -41.505543, -7.54284659999996 ], [ -41.505622899999899, -7.541973 ], [ -41.5051486, -7.53921119999995 ], [ -41.5034818, -7.53792649999997 ], [ -41.5001002, -7.53648089999996 ], [ -41.495735, -7.53410539999993 ], [ -41.4948767, -7.53372709999996 ], [ -41.4939026, -7.53353109999995 ], [ -41.493265, -7.53298309999997 ], [ -41.492787, -7.531964 ], [ -41.492209499999902, -7.52913759999996 ], [ -41.490707799999903, -7.52623149999994 ], [ -41.4895002, -7.52645759999996 ], [ -41.489471299999899, -7.52646419999996 ], [ -41.4894591, -7.52646529999993 ], [ -41.489433399999903, -7.52647019999995 ], [ -41.4893857, -7.52647909999996 ], [ -41.4564475, -7.532653 ], [ -41.456115699999899, -7.53271519999993 ], [ -41.4475011, -7.53433 ], [ -41.4456256, -7.53468129999993 ], [ -41.445502599999898, -7.53470429999993 ], [ -41.427480699999897, -7.53808049999998 ], [ -41.3989758, -7.55056329999996 ], [ -41.3918555, -7.55375329999993 ], [ -41.3857138, -7.55664719999993 ], [ -41.400787299999898, -7.57552789999994 ], [ -41.3973078, -7.579891 ], [ -41.430878499999899, -7.62144339999998 ], [ -41.4394212, -7.64444849999995 ], [ -41.4394469, -7.64450569999997 ] ] ] ] } },
{ "type": "Feature", "properties": { "CD_MUN": "2203271", "NM_MUN": "Curral Novo do Piauí", "CD_RGI": "220010", "NM_RGI": "Paulistana", "CD_RGINT": "2203", "NM_RGINT": "Picos", "CD_UF": "22", "NM_UF": "Piauí", "SIGLA_UF": "PI", "CD_REGIAO": "2", "NM_REGIAO": "Nordeste", "SIGLA_RG": "NE", "CD_CONCURB": null, "NM_CONCURB": null, "AREA_KM2": 755.252 }, "geometry": { "type": "MultiPolygon", "coordinates": [ [ [ [ -40.6017308, -7.95416489999997 ], [ -40.600842199999903, -7.95441979999993 ], [ -40.5996018, -7.95486069999993 ], [ -40.5989248, -7.95491139999996 ], [ -40.597881599999901, -7.95499869999998 ], [ -40.597493, -7.95507719999995 ], [ -40.5969456, -7.95483739999997 ], [ -40.5966051999999, -7.95459079999995 ], [ -40.595670299999902, -7.95391209999997 ], [ -40.595140399999899, -7.95366 ], [ -40.5938386, -7.95307809999997 ], [ -40.5935426, -7.95274589999997 ], [ -40.5932093, -7.95271289999994 ], [ -40.5929187, -7.95291409999993 ], [ -40.592521299999902, -7.95281019999993 ], [ -40.591908799999899, -7.95242359999997 ], [ -40.5898706, -7.95186579999995 ], [ -40.5894365999999, -7.95173839999995 ], [ -40.5891717, -7.95128559999995 ], [ -40.5882281, -7.95064949999994 ], [ -40.587725099999901, -7.95028109999993 ], [ -40.5873455, -7.95012779999996 ], [ -40.586863999999899, -7.94979309999997 ], [ -40.5866182, -7.94944259999994 ], [ -40.5858638, -7.94889469999993 ], [ -40.5851375, -7.94855849999993 ], [ -40.5847419, -7.94855729999995 ], [ -40.5843723999999, -7.94883769999996 ], [ -40.583928699999902, -7.94908569999996 ], [ -40.5836163, -7.94927579999995 ], [ -40.5833797, -7.94956839999998 ], [ -40.5830892, -7.94964769999996 ], [ -40.5828996, -7.94950939999995 ], [ -40.582810499999901, -7.94902209999998 ], [ -40.5827671, -7.94857009999993 ], [ -40.582233899999899, -7.947747 ], [ -40.581605, -7.94720579999995 ], [ -40.580649299999898, -7.946451 ], [ -40.5799835, -7.94648329999995 ], [ -40.5794407, -7.946621 ], [ -40.5789822, -7.94683539999994 ], [ -40.578818899999902, -7.94745769999997 ], [ -40.5788133, -7.94781559999996 ], [ -40.579005799999898, -7.94906559999993 ], [ -40.5788239, -7.94939419999997 ], [ -40.578435199999902, -7.94976009999993 ], [ -40.5780678, -7.94972479999996 ], [ -40.577787, -7.94939579999993 ], [ -40.5776835, -7.94903159999996 ], [ -40.5776053, -7.948618 ], [ -40.5774024, -7.94839249999995 ], [ -40.577110499999897, -7.94837449999994 ], [ -40.5767097, -7.94846409999997 ], [ -40.576564699999899, -7.948783 ], [ -40.576534, -7.949135 ], [ -40.5767612, -7.94949029999998 ], [ -40.576818499999902, -7.950306 ], [ -40.5766687, -7.95089329999996 ], [ -40.576143, -7.95185889999993 ], [ -40.5761472, -7.95284269999996 ], [ -40.575764999999897, -7.95308779999993 ], [ -40.5754107, -7.95319139999998 ], [ -40.575198999999898, -7.95288079999995 ], [ -40.5751354, -7.95257779999997 ], [ -40.5752133, -7.95197769999993 ], [ -40.5750434999999, -7.95156879999996 ], [ -40.5747584, -7.95146159999996 ], [ -40.5743734, -7.95160639999995 ], [ -40.5738851999999, -7.95175329999995 ], [ -40.5737609, -7.95168339999998 ], [ -40.5729367, -7.95112819999997 ], [ -40.5727052, -7.95126019999998 ], [ -40.572492699999898, -7.95181459999998 ], [ -40.572305, -7.952015 ], [ -40.5717402, -7.95221889999993 ], [ -40.5710485, -7.95236039999998 ], [ -40.570873199999902, -7.9525 ], [ -40.570777, -7.95338909999998 ], [ -40.570557699999902, -7.95359979999995 ], [ -40.5701556, -7.95371729999994 ], [ -40.5699092999999, -7.95367949999996 ], [ -40.569288099999902, -7.95312429999996 ], [ -40.568469299999897, -7.952338 ], [ -40.567767499999903, -7.95173819999997 ], [ -40.567339499999903, -7.95156109999994 ], [ -40.566767599999899, -7.951776 ], [ -40.566662999999899, -7.95222759999996 ], [ -40.566344399999899, -7.95258159999997 ], [ -40.5659226, -7.95267309999997 ], [ -40.565667, -7.95228849999995 ], [ -40.565439, -7.95188929999995 ], [ -40.5649769, -7.95158449999997 ], [ -40.564650399999898, -7.95154269999995 ], [ -40.5637369, -7.95111619999994 ], [ -40.5633126, -7.95054409999995 ], [ -40.5628849, -7.950111 ], [ -40.5625421, -7.949949 ], [ -40.561618199999899, -7.94971689999994 ], [ -40.5613567, -7.94983919999993 ], [ -40.5613082, -7.95016539999995 ], [ -40.56125, -7.95040639999996 ], [ -40.5606703999999, -7.95079819999995 ], [ -40.5605565, -7.95075649999995 ], [ -40.5604721, -7.95073539999993 ], [ -40.5603666, -7.95075139999994 ], [ -40.5602441, -7.95086859999998 ], [ -40.5601634, -7.95079139999996 ], [ -40.5600578, -7.95080749999994 ], [ -40.559927, -7.95097129999994 ], [ -40.5598464999999, -7.95099859999993 ], [ -40.559602299999902, -7.95066319999995 ], [ -40.5595886, -7.95041909999998 ], [ -40.559352299999901, -7.94965449999995 ], [ -40.5591236, -7.949425 ], [ -40.558920199999903, -7.94911979999995 ], [ -40.5585123, -7.94857929999995 ], [ -40.5580406, -7.94831279999994 ], [ -40.5577668, -7.94823219999995 ], [ -40.5575208, -7.94828119999994 ], [ -40.5567945, -7.94861189999995 ], [ -40.5565141, -7.94887349999993 ], [ -40.556365899999903, -7.94887229999995 ], [ -40.55608, -7.94864609999996 ], [ -40.5558483, -7.94838789999994 ], [ -40.5553394, -7.94776579999996 ], [ -40.55501, -7.94755129999993 ], [ -40.5545134, -7.94755279999993 ], [ -40.5542308, -7.94830069999995 ], [ -40.55414, -7.948786 ], [ -40.5541046, -7.94906389999994 ], [ -40.553644399999897, -7.94941029999995 ], [ -40.5530706, -7.949823 ], [ -40.5525709, -7.95029649999998 ], [ -40.552078799999897, -7.95087769999998 ], [ -40.551633799999898, -7.95124449999997 ], [ -40.5511177, -7.95183959999997 ], [ -40.5506083, -7.95242629999996 ], [ -40.550125099999903, -7.95283709999995 ], [ -40.5498349, -7.952954 ], [ -40.5495986, -7.95315669999997 ], [ -40.5494424, -7.95359949999994 ], [ -40.549429099999898, -7.95386089999994 ], [ -40.549343899999897, -7.95403549999997 ], [ -40.5491417, -7.95444979999996 ], [ -40.5491228, -7.95448859999993 ], [ -40.5489671999999, -7.95483429999996 ], [ -40.548706799999898, -7.95571879999994 ], [ -40.548650699999897, -7.95591569999993 ], [ -40.548459, -7.95605819999997 ], [ -40.5482997, -7.956266 ], [ -40.5482734, -7.95637489999996 ], [ -40.548178199999903, -7.95677 ], [ -40.5480307999999, -7.95709239999996 ], [ -40.547695099999899, -7.95773289999994 ], [ -40.547541099999897, -7.95807349999995 ], [ -40.5472889, -7.95853759999994 ], [ -40.547132599999898, -7.95885469999996 ], [ -40.5471216, -7.95923509999994 ], [ -40.5473244, -7.96005359999998 ], [ -40.5439554, -7.96156569999994 ], [ -40.5439392, -7.961572 ], [ -40.5442221, -7.96459709999993 ], [ -40.549450799999903, -7.97502949999995 ], [ -40.5541205, -7.98384619999996 ], [ -40.560663, -7.99728649999997 ], [ -40.562316399999901, -8.00068309999995 ], [ -40.575697799999901, -8.030374799999951 ], [ -40.575749099999904, -8.030385 ], [ -40.575751099999898, -8.03038539999994 ], [ -40.575753099999901, -8.03038579999998 ], [ -40.575841099999899, -8.030403499999981 ], [ -40.5761616, -8.03046829999994 ], [ -40.590082499999902, -8.03198429999998 ], [ -40.590082799999898, -8.03198429999998 ], [ -40.590083499999899, -8.03198439999994 ], [ -40.5900849, -8.031984499999959 ], [ -40.6242626, -8.035706399999979 ], [ -40.700125699999901, -8.026152699999949 ], [ -40.705412399999901, -8.025486899999979 ], [ -40.705657899999899, -8.025456 ], [ -40.7056588, -8.02545589999994 ], [ -40.723211499999898, -8.013505299999959 ], [ -40.725499199999902, -8.01194779999997 ], [ -40.7653243, -7.98483439999995 ], [ -40.793651399999902, -7.97984809999997 ], [ -40.851970499999901, -7.94072419999998 ], [ -40.8522998, -7.9388 ], [ -40.8550686, -7.92261919999993 ], [ -40.8822463, -7.91618619999997 ], [ -40.896446099999899, -7.90926419999994 ], [ -40.8964629, -7.909256 ], [ -40.9084812, -7.90339749999993 ], [ -40.940970799999903, -7.87977839999996 ], [ -40.9589978999999, -7.84801169999997 ], [ -40.958648299999901, -7.84694 ], [ -40.951999999999899, -7.826549 ], [ -40.952004799999898, -7.826359 ], [ -40.951479499999898, -7.82496289999995 ], [ -40.9449519, -7.807617 ], [ -40.9449193, -7.80753039999996 ], [ -40.944325999999897, -7.80595469999997 ], [ -40.9438142, -7.805847 ], [ -40.9429696, -7.80550139999997 ], [ -40.9420967, -7.80504069999995 ], [ -40.9415106, -7.80450319999994 ], [ -40.941165, -7.80373529999997 ], [ -40.9406658999999, -7.80231469999995 ], [ -40.940051599999897, -7.80100929999998 ], [ -40.9394373, -7.80024139999995 ], [ -40.938554199999899, -7.79962709999995 ], [ -40.937594299999901, -7.79901279999996 ], [ -40.9366345, -7.79816809999994 ], [ -40.935904999999899, -7.79716979999995 ], [ -40.9354441999999, -7.79621 ], [ -40.935290699999904, -7.79505809999995 ], [ -40.935290699999904, -7.79375269999997 ], [ -40.9348299, -7.79260089999997 ], [ -40.934407599999901, -7.79118029999995 ], [ -40.9338317, -7.78991329999997 ], [ -40.9326798, -7.78849269999995 ], [ -40.931912, -7.78737919999998 ], [ -40.931067299999903, -7.78634259999995 ], [ -40.930261, -7.78557469999993 ], [ -40.929493099999902, -7.78473 ], [ -40.9287636, -7.78400049999993 ], [ -40.9280725, -7.78323259999996 ], [ -40.9274966, -7.78288709999993 ], [ -40.9265367, -7.78250309999993 ], [ -40.925653699999899, -7.782004 ], [ -40.924425, -7.78123609999994 ], [ -40.9234268, -7.780353 ], [ -40.9228509, -7.77947 ], [ -40.922543699999899, -7.77824129999993 ], [ -40.9221214, -7.77755019999995 ], [ -40.9213151, -7.77705109999994 ], [ -40.9207392, -7.77678239999995 ], [ -40.9196641, -7.776744 ], [ -40.9185891, -7.77647519999994 ], [ -40.9178057, -7.77599449999997 ], [ -40.915592699999898, -7.774063 ], [ -40.9012878999999, -7.73371909999997 ], [ -40.8531211, -7.73059 ], [ -40.8270759, -7.74192189999997 ], [ -40.8072698, -7.76668909999995 ], [ -40.8031583, -7.76820659999993 ], [ -40.7782766, -7.77738989999995 ], [ -40.766338899999901, -7.77872649999995 ], [ -40.7606218, -7.77936669999997 ], [ -40.750639099999901, -7.77730129999998 ], [ -40.7438114, -7.77588869999994 ], [ -40.733377399999902, -7.77733789999996 ], [ -40.726740699999901, -7.78176239999993 ], [ -40.7258007, -7.78238909999993 ], [ -40.7203349, -7.78603289999995 ], [ -40.7099009, -7.78719219999994 ], [ -40.7035102, -7.78609879999993 ], [ -40.693090599999898, -7.797916 ], [ -40.6899025, -7.81501619999995 ], [ -40.6900487, -7.816063 ], [ -40.6931312, -7.83812929999993 ], [ -40.6951774, -7.85277679999996 ], [ -40.6911846, -7.85648179999993 ], [ -40.6857727, -7.86150349999997 ], [ -40.6775615, -7.86912279999996 ], [ -40.6916485, -7.897108 ], [ -40.691722599999899, -7.89728279999997 ], [ -40.6910943, -7.89760729999995 ], [ -40.6907601999999, -7.89794229999995 ], [ -40.690673499999903, -7.89852959999996 ], [ -40.6905206, -7.89876439999995 ], [ -40.690340999999897, -7.89911509999996 ], [ -40.6904119, -7.89943089999997 ], [ -40.690549599999898, -7.89953889999992 ], [ -40.6908324, -7.89958119999994 ], [ -40.6912637, -7.899618 ], [ -40.691346199999899, -7.899991 ], [ -40.6912469, -7.90047619999996 ], [ -40.6907663, -7.90115179999998 ], [ -40.6905007, -7.90181219999994 ], [ -40.6902835, -7.90222609999995 ], [ -40.689859199999901, -7.90254789999995 ], [ -40.6892189, -7.90304209999994 ], [ -40.689084, -7.90323869999997 ], [ -40.688785, -7.90343259999997 ], [ -40.6886281, -7.90345169999995 ], [ -40.688350399999898, -7.90341319999993 ], [ -40.6880287, -7.90327649999995 ], [ -40.6879094, -7.90330449999993 ], [ -40.6876505, -7.90363149999996 ], [ -40.687443899999899, -7.90405759999993 ], [ -40.687036, -7.90476939999996 ], [ -40.6864456, -7.90552089999994 ], [ -40.686240199999901, -7.90610449999997 ], [ -40.6862257, -7.90651869999994 ], [ -40.6863284, -7.90665039999993 ], [ -40.6866527, -7.90684539999995 ], [ -40.6872433999999, -7.90713419999997 ], [ -40.687784899999897, -7.907393 ], [ -40.688495799999899, -7.90753589999997 ], [ -40.688711199999901, -7.90762239999998 ], [ -40.6888167, -7.90777639999993 ], [ -40.6888604, -7.90798289999998 ], [ -40.6888374, -7.90820189999994 ], [ -40.688635599999898, -7.90829849999994 ], [ -40.6883032, -7.90840639999993 ], [ -40.688096599999902, -7.90879639999997 ], [ -40.6875651, -7.90940219999993 ], [ -40.6871378, -7.90981 ], [ -40.6866726, -7.91009169999995 ], [ -40.686463699999898, -7.91009449999996 ], [ -40.6862101, -7.91003059999997 ], [ -40.6859448, -7.90998169999995 ], [ -40.685774099999897, -7.909705 ], [ -40.6855047, -7.90930509999993 ], [ -40.6852511, -7.90890989999997 ], [ -40.684992399999899, -7.90869349999997 ], [ -40.6846992, -7.90856679999996 ], [ -40.6842134, -7.90864819999996 ], [ -40.683893, -7.90888979999994 ], [ -40.6840706999999, -7.90962979999995 ], [ -40.684411899999901, -7.91023969999998 ], [ -40.6851308, -7.911059 ], [ -40.6859706, -7.91157439999995 ], [ -40.686250399999899, -7.91166669999996 ], [ -40.6863678, -7.91217509999996 ], [ -40.6864734, -7.91251379999994 ], [ -40.6866694, -7.91273779999995 ], [ -40.686563099999901, -7.91317489999994 ], [ -40.6860397, -7.91410709999997 ], [ -40.6857318, -7.91492229999994 ], [ -40.685441599999898, -7.91533909999993 ], [ -40.685313, -7.91564889999995 ], [ -40.6851237, -7.91646719999994 ], [ -40.684920299999902, -7.91670219999997 ], [ -40.6846379, -7.91680719999994 ], [ -40.684396499999899, -7.91718219999996 ], [ -40.6841535, -7.91767449999998 ], [ -40.684209199999898, -7.91816969999996 ], [ -40.6842232, -7.91846479999998 ], [ -40.6840503, -7.91903889999998 ], [ -40.683856299999903, -7.91949579999994 ], [ -40.683351699999903, -7.91998919999997 ], [ -40.682718399999899, -7.92042389999995 ], [ -40.6823896, -7.92059119999993 ], [ -40.6821277, -7.92067739999993 ], [ -40.6818201, -7.92073049999993 ], [ -40.681623699999903, -7.920775 ], [ -40.6814044, -7.92126359999997 ], [ -40.681259699999899, -7.921956 ], [ -40.6809345, -7.922655 ], [ -40.6805447, -7.92303469999996 ], [ -40.6799631, -7.92347909999995 ], [ -40.679503399999902, -7.92347739999997 ], [ -40.6787697, -7.923526 ], [ -40.6781392, -7.923662 ], [ -40.6775752, -7.92385659999997 ], [ -40.6769222, -7.92429189999996 ], [ -40.6766749, -7.92469539999996 ], [ -40.6765579, -7.92536789999997 ], [ -40.676576, -7.92593889999995 ], [ -40.6761617, -7.92669069999994 ], [ -40.6756578, -7.92752869999993 ], [ -40.6754918, -7.92806159999998 ], [ -40.6751642, -7.92857949999996 ], [ -40.674731, -7.928753 ], [ -40.6743493, -7.92855789999993 ], [ -40.6741996, -7.92800079999995 ], [ -40.674117099999897, -7.92738989999998 ], [ -40.6739178999999, -7.92704269999996 ], [ -40.6733475999999, -7.92644429999996 ], [ -40.672920599999898, -7.92626089999993 ], [ -40.6724836, -7.92622369999998 ], [ -40.671782699999902, -7.92620919999996 ], [ -40.6707337, -7.92597959999995 ], [ -40.6702693, -7.92570139999998 ], [ -40.669974399999901, -7.92533179999998 ], [ -40.669667699999899, -7.924858 ], [ -40.6695349, -7.92339189999996 ], [ -40.6695829, -7.92246319999998 ], [ -40.6692821, -7.92210079999995 ], [ -40.6683093, -7.92197809999993 ], [ -40.667332299999899, -7.921976 ], [ -40.666523299999902, -7.92196829999995 ], [ -40.6657867, -7.92175339999994 ], [ -40.665368999999899, -7.92158109999997 ], [ -40.6648878, -7.92154479999994 ], [ -40.664560499999901, -7.92168269999996 ], [ -40.664114799999901, -7.922274 ], [ -40.6639603, -7.92268549999994 ], [ -40.6635924, -7.92330039999996 ], [ -40.6633403, -7.92420739999994 ], [ -40.6633523, -7.92455749999993 ], [ -40.663392, -7.92487009999996 ], [ -40.6637885, -7.92502909999996 ], [ -40.6642527999999, -7.92509069999994 ], [ -40.6646205, -7.92503039999997 ], [ -40.6648613999999, -7.92499969999994 ], [ -40.6654583, -7.92519379999993 ], [ -40.665673599999899, -7.92538859999996 ], [ -40.66597, -7.92542979999996 ], [ -40.666304899999901, -7.92549809999997 ], [ -40.6665015, -7.92563239999993 ], [ -40.6665588, -7.92586029999995 ], [ -40.6665651, -7.92633359999996 ], [ -40.666529599999897, -7.926646 ], [ -40.666656499999903, -7.92682719999993 ], [ -40.666614799999898, -7.92708559999994 ], [ -40.6663801, -7.92724059999995 ], [ -40.6662299, -7.92720259999993 ], [ -40.6659781, -7.92724229999993 ], [ -40.6656249, -7.92731559999993 ], [ -40.6648647, -7.92744689999995 ], [ -40.664059199999897, -7.92757539999997 ], [ -40.663604, -7.92790709999997 ], [ -40.6630039, -7.92831739999997 ], [ -40.6624798, -7.92906419999997 ], [ -40.6622571, -7.92953409999996 ], [ -40.6620200999999, -7.93012259999995 ], [ -40.6616461, -7.93032019999993 ], [ -40.661410499999903, -7.93053769999995 ], [ -40.6611963, -7.93094409999998 ], [ -40.6609981, -7.93127579999998 ], [ -40.660255699999901, -7.93192829999998 ], [ -40.6595336, -7.93258479999997 ], [ -40.659422199999902, -7.93274949999994 ], [ -40.6591713, -7.93321469999995 ], [ -40.6588394999999, -7.93356889999995 ], [ -40.658675699999897, -7.93375889999993 ], [ -40.658652399999902, -7.93417929999993 ], [ -40.658766399999898, -7.93462909999994 ], [ -40.658884199999903, -7.93479949999994 ], [ -40.6589326, -7.935087 ], [ -40.6589334, -7.93544219999995 ], [ -40.659042699999901, -7.93574609999996 ], [ -40.6591696, -7.935857 ], [ -40.659197499999898, -7.93610369999993 ], [ -40.659138599999899, -7.93641879999996 ], [ -40.6588611, -7.936719 ], [ -40.658452399999902, -7.93686979999995 ], [ -40.6579555, -7.93683229999994 ], [ -40.657751, -7.93695859999997 ], [ -40.657095399999903, -7.93751129999993 ], [ -40.656533399999901, -7.93782619999996 ], [ -40.656177899999904, -7.93819839999998 ], [ -40.6555792999999, -7.93826 ], [ -40.6552707, -7.93826959999996 ], [ -40.655001599999899, -7.93802919999996 ], [ -40.654340299999902, -7.93733219999996 ], [ -40.6541116, -7.93709869999998 ], [ -40.6536998999999, -7.93698269999993 ], [ -40.6535316, -7.93692269999997 ], [ -40.6534045, -7.93672619999995 ], [ -40.6531312, -7.93657339999993 ], [ -40.652887099999901, -7.93658369999997 ], [ -40.6526694, -7.936733 ], [ -40.652563299999898, -7.93719469999996 ], [ -40.652341099999902, -7.93767279999997 ], [ -40.65174, -7.93879049999993 ], [ -40.6512638, -7.93933159999995 ], [ -40.6509085, -7.93954589999993 ], [ -40.6506256, -7.93960929999997 ], [ -40.6501608, -7.939418 ], [ -40.649526599999902, -7.93905609999996 ], [ -40.6492292, -7.93904609999993 ], [ -40.6487581, -7.93919929999993 ], [ -40.6480192, -7.93950219999994 ], [ -40.647709399999897, -7.939797 ], [ -40.6473379, -7.93962839999995 ], [ -40.6471435, -7.93921829999994 ], [ -40.646243399999904, -7.93831449999993 ], [ -40.6455718, -7.93775029999995 ], [ -40.6450146, -7.93719529999993 ], [ -40.6441115, -7.93632609999997 ], [ -40.643685699999899, -7.93623489999993 ], [ -40.6435686, -7.93627789999994 ], [ -40.643451399999897, -7.93632089999994 ], [ -40.6432171, -7.93640689999995 ], [ -40.6431519, -7.93645119999996 ], [ -40.6431393, -7.93645979999997 ], [ -40.6430667, -7.93650929999995 ], [ -40.6427469, -7.936727 ], [ -40.6419959, -7.93715929999996 ], [ -40.6415099, -7.93741689999996 ], [ -40.640998599999897, -7.93776189999994 ], [ -40.6405386, -7.93784879999993 ], [ -40.6402533, -7.93790089999993 ], [ -40.639857, -7.93801429999996 ], [ -40.6393472, -7.93774179999997 ], [ -40.639072999999897, -7.93742349999997 ], [ -40.638868699999897, -7.936907 ], [ -40.6388085, -7.93627579999998 ], [ -40.6389629, -7.935789 ], [ -40.63913, -7.93518159999996 ], [ -40.6389728, -7.93468469999993 ], [ -40.6386342, -7.93413779999997 ], [ -40.6380459, -7.93374639999996 ], [ -40.637296, -7.933309 ], [ -40.636861, -7.93320549999993 ], [ -40.636396799999901, -7.93321309999993 ], [ -40.6360117, -7.93295159999997 ], [ -40.6357406, -7.93301229999997 ], [ -40.635252099999903, -7.93309379999994 ], [ -40.634692, -7.93322619999998 ], [ -40.6342534, -7.93323679999997 ], [ -40.633907, -7.93321549999996 ], [ -40.6337361, -7.933204 ], [ -40.6334082, -7.93335029999997 ], [ -40.6331893999999, -7.93333249999995 ], [ -40.632684599999898, -7.93317379999996 ], [ -40.6323657, -7.93318359999995 ], [ -40.632116799999899, -7.93338269999998 ], [ -40.6320347, -7.93354969999996 ], [ -40.631918599999899, -7.93375909999997 ], [ -40.631544, -7.93403689999997 ], [ -40.6311122, -7.93405189999993 ], [ -40.630769, -7.93415829999998 ], [ -40.6305025999999, -7.93432509999997 ], [ -40.630399899999901, -7.93476139999996 ], [ -40.6303900999999, -7.93511929999994 ], [ -40.6304842, -7.93583129999996 ], [ -40.6305452, -7.93632189999994 ], [ -40.6317625, -7.937229 ], [ -40.6321055, -7.93730789999995 ], [ -40.6322397, -7.93753249999997 ], [ -40.6320249, -7.93811719999997 ], [ -40.6315963, -7.939245 ], [ -40.6312002, -7.93958159999994 ], [ -40.6306706, -7.939663 ], [ -40.6301533, -7.93947559999998 ], [ -40.6298368, -7.93926749999997 ], [ -40.629556599999901, -7.938994 ], [ -40.62916, -7.93887609999996 ], [ -40.6287483, -7.93905049999995 ], [ -40.6284003, -7.93960649999997 ], [ -40.6276591, -7.94036889999995 ], [ -40.6267606, -7.94133059999996 ], [ -40.6263663, -7.94194079999994 ], [ -40.6258462, -7.94258389999993 ], [ -40.625385499999901, -7.94294779999996 ], [ -40.6253522, -7.94310349999995 ], [ -40.6253229, -7.94452969999998 ], [ -40.6250914, -7.94519459999998 ], [ -40.624556299999902, -7.94549179999996 ], [ -40.623132499999898, -7.94615379999993 ], [ -40.622107, -7.946615 ], [ -40.6209674999999, -7.94680339999996 ], [ -40.6204221, -7.94680329999994 ], [ -40.6193982, -7.94678379999993 ], [ -40.6191858, -7.94685979999997 ], [ -40.6187421, -7.94715569999994 ], [ -40.618368099999898, -7.94817349999994 ], [ -40.6177948, -7.94942529999997 ], [ -40.6173065, -7.95013209999996 ], [ -40.617239, -7.95058229999995 ], [ -40.6173726, -7.95077659999993 ], [ -40.6176745, -7.95112559999995 ], [ -40.6179006, -7.95129209999993 ], [ -40.617716899999898, -7.951505 ], [ -40.617273399999902, -7.95159769999998 ], [ -40.6169174, -7.95146689999996 ], [ -40.6165611, -7.95113379999998 ], [ -40.6162697, -7.95070539999995 ], [ -40.6159509, -7.95035429999996 ], [ -40.615262599999902, -7.94981239999993 ], [ -40.6147649, -7.94971379999993 ], [ -40.6139793, -7.94981819999998 ], [ -40.6136604, -7.94982329999993 ], [ -40.612893799999902, -7.94943179999996 ], [ -40.6124002, -7.94926319999996 ], [ -40.6116562999999, -7.94960169999996 ], [ -40.611122899999899, -7.94989209999994 ], [ -40.610385699999902, -7.95030989999998 ], [ -40.6092391, -7.95075589999993 ], [ -40.6083714, -7.95108989999994 ], [ -40.6077943, -7.95137239999997 ], [ -40.6068941, -7.95174179999998 ], [ -40.606228799999897, -7.95185859999998 ], [ -40.6053231, -7.95181409999998 ], [ -40.6044969, -7.95169169999997 ], [ -40.604158799999901, -7.95155449999993 ], [ -40.6035393, -7.95133549999997 ], [ -40.603202, -7.95142659999993 ], [ -40.6028924, -7.95148259999996 ], [ -40.602514, -7.95135339999996 ], [ -40.602221799999903, -7.95132539999997 ], [ -40.6019297, -7.95129739999993 ], [ -40.601554, -7.95142689999994 ], [ -40.601430999999899, -7.951748 ], [ -40.6017299, -7.95227489999996 ], [ -40.6021924, -7.95269629999996 ], [ -40.602736299999897, -7.95320629999998 ], [ -40.6029819, -7.95358509999994 ], [ -40.6026836, -7.95384269999994 ], [ -40.6019031, -7.95411539999998 ], [ -40.6017308, -7.95416489999997 ] ] ] ] } },
{ "type": "Feature", "properties": { "CD_MUN": "2211704", "NM_MUN": "Wall Ferraz", "CD_RGI": "220009", "NM_RGI": "Picos", "CD_RGINT": "2203", "NM_RGINT": "Picos", "CD_UF": "22", "NM_UF": "Piauí", "SIGLA_UF": "PI", "CD_REGIAO": "2", "NM_REGIAO": "Nordeste", "SIGLA_RG": "NE", "CD_CONCURB": null, "NM_CONCURB": null, "AREA_KM2": 317.278 }, "geometry": { "type": "MultiPolygon", "coordinates": [ [ [ [ -41.7878487, -7.353989 ], [ -41.787566599999899, -7.35651279999996 ], [ -41.7875096, -7.35733589999995 ], [ -41.7874117, -7.35814349999993 ], [ -41.8018498, -7.36389439999994 ], [ -41.817803399999903, -7.36068989999995 ], [ -41.8178874, -7.36067289999994 ], [ -41.821255199999896, -7.35999679999998 ], [ -41.8212554999999, -7.35999719999995 ], [ -41.8364195999999, -7.35695159999995 ], [ -41.836645099999899, -7.35690639999996 ], [ -41.8419395, -7.33203509999993 ], [ -41.873064199999902, -7.31012419999996 ], [ -41.8988676, -7.31000439999997 ], [ -41.9033127, -7.30886439999995 ], [ -41.9039387, -7.30870379999993 ], [ -41.9048245, -7.30847659999995 ], [ -41.9097078, -7.30722419999995 ], [ -41.91136, -7.306036 ], [ -41.9135027, -7.305675 ], [ -41.918035, -7.30755569999997 ], [ -41.9199108, -7.30872359999995 ], [ -41.9211592999999, -7.30899329999994 ], [ -41.9214181, -7.30889689999998 ], [ -41.9215804, -7.30883709999995 ], [ -41.9277015, -7.30655689999998 ], [ -41.9301674, -7.30563849999993 ], [ -41.9324194, -7.30489269999993 ], [ -41.935301, -7.304874 ], [ -41.9379832, -7.30523209999996 ], [ -41.9554171, -7.31920229999997 ], [ -41.9659419, -7.327636 ], [ -41.9740042, -7.31538689999996 ], [ -41.9985735, -7.28108949999995 ], [ -42.0009975, -7.27770579999998 ], [ -42.010744, -7.26486089999997 ], [ -42.0073771, -7.25391439999993 ], [ -42.0063804, -7.25067429999996 ], [ -42.0060321999999, -7.249566 ], [ -42.005752399999899, -7.24871239999993 ], [ -42.002544199999903, -7.23892559999996 ], [ -41.981427799999899, -7.23783609999998 ], [ -41.9630359, -7.23688709999993 ], [ -41.9625634, -7.23703969999997 ], [ -41.9603304, -7.237251 ], [ -41.9584573, -7.237159 ], [ -41.957280599999898, -7.23716659999997 ], [ -41.9562159, -7.23677439999994 ], [ -41.9547173999999, -7.235864 ], [ -41.953471799999903, -7.23382359999994 ], [ -41.9526561, -7.23062619999996 ], [ -41.9527337, -7.22852919999997 ], [ -41.953277199999903, -7.22788759999997 ], [ -41.954276499999899, -7.22715179999994 ], [ -41.955092, -7.22623509999994 ], [ -41.955398499999902, -7.22604919999998 ], [ -41.9576054999999, -7.22471069999995 ], [ -41.957995599999897, -7.22357279999994 ], [ -41.9574373, -7.221965 ], [ -41.9566493, -7.220389 ], [ -41.9569776, -7.21736829999998 ], [ -41.9545808, -7.21474159999997 ], [ -41.9507153, -7.21300219999995 ], [ -41.9347802, -7.19684309999997 ], [ -41.9243314, -7.18968249999995 ], [ -41.920234799999903, -7.18564319999996 ], [ -41.9200155999999, -7.18552379999994 ], [ -41.919592899999898, -7.18529359999997 ], [ -41.919377499999896, -7.18517629999997 ], [ -41.9188391, -7.18488329999997 ], [ -41.9186043999999, -7.18475529999995 ], [ -41.9181343, -7.18409679999996 ], [ -41.917199, -7.18278519999996 ], [ -41.9162087, -7.17990959999997 ], [ -41.906995799999898, -7.16630319999996 ], [ -41.903539099999897, -7.168151 ], [ -41.9014185999999, -7.17176819999997 ], [ -41.9008714, -7.17629919999996 ], [ -41.8999302, -7.17734979999994 ], [ -41.8980038999999, -7.17826919999993 ], [ -41.895977, -7.17866789999994 ], [ -41.892663, -7.17931989999994 ], [ -41.884542199999899, -7.17699959999993 ], [ -41.878084999999899, -7.17187759999996 ], [ -41.8753513, -7.170694 ], [ -41.8733642, -7.170905 ], [ -41.8693526, -7.17090229999997 ], [ -41.8653798, -7.17152289999996 ], [ -41.8624344, -7.17413219999997 ], [ -41.859860399999903, -7.17920269999996 ], [ -41.858652699999901, -7.18083619999993 ], [ -41.856940199999897, -7.18192459999995 ], [ -41.8561303, -7.181859 ], [ -41.854422999999898, -7.18063319999993 ], [ -41.8535474, -7.18034859999995 ], [ -41.8497149, -7.18400189999994 ], [ -41.804179, -7.22841539999996 ], [ -41.785909199999899, -7.24632059999993 ], [ -41.7859311, -7.24635429999995 ], [ -41.7861472, -7.24668589999993 ], [ -41.786253, -7.24723069999993 ], [ -41.786341299999897, -7.24808839999997 ], [ -41.7864163, -7.24891259999993 ], [ -41.786531399999902, -7.24990879999996 ], [ -41.786608999999899, -7.250559 ], [ -41.786741699999901, -7.25219469999996 ], [ -41.7867634, -7.25312889999998 ], [ -41.7867093, -7.25376669999997 ], [ -41.786761899999902, -7.25419479999994 ], [ -41.7869162, -7.25488789999997 ], [ -41.787174999999898, -7.255965 ], [ -41.7873486, -7.25659879999995 ], [ -41.787609599999897, -7.25743629999994 ], [ -41.7883454, -7.25956469999994 ], [ -41.788487099999898, -7.26008889999997 ], [ -41.788770499999899, -7.26131969999994 ], [ -41.788973999999897, -7.26196879999998 ], [ -41.7893195, -7.26307529999997 ], [ -41.789440699999901, -7.26469379999997 ], [ -41.78946, -7.265373 ], [ -41.789508, -7.265916 ], [ -41.789577999999899, -7.266315 ], [ -41.789685, -7.266597 ], [ -41.790002, -7.267252 ], [ -41.790286, -7.267901 ], [ -41.790356, -7.268109 ], [ -41.790345, -7.268428 ], [ -41.790301999999897, -7.269008 ], [ -41.790253999999898, -7.269865 ], [ -41.790313, -7.270141 ], [ -41.79049, -7.270551 ], [ -41.790812, -7.271269 ], [ -41.791359, -7.272334 ], [ -41.791837, -7.273105 ], [ -41.792293, -7.273882 ], [ -41.792545, -7.274212 ], [ -41.792887999999898, -7.274622 ], [ -41.793076, -7.27492 ], [ -41.793172, -7.275117 ], [ -41.79321, -7.275314 ], [ -41.793183, -7.275484 ], [ -41.792979, -7.275819 ], [ -41.792813, -7.275968 ], [ -41.792657, -7.276075 ], [ -41.792201, -7.276186 ], [ -41.791601, -7.276351 ], [ -41.791182, -7.2765 ], [ -41.790978, -7.276644 ], [ -41.790496, -7.276995 ], [ -41.789251, -7.277964 ], [ -41.788495, -7.27856 ], [ -41.788248, -7.278799 ], [ -41.787957999999897, -7.27923 ], [ -41.7877089, -7.279969 ], [ -41.7874168, -7.28092689999994 ], [ -41.786585, -7.283705 ], [ -41.7859647, -7.28613079999997 ], [ -41.785378, -7.28875 ], [ -41.785055999999898, -7.290234 ], [ -41.784638, -7.292027 ], [ -41.784149, -7.294188 ], [ -41.783811, -7.295598 ], [ -41.783661, -7.296119 ], [ -41.783318, -7.296561 ], [ -41.781902, -7.298327 ], [ -41.780545, -7.29986 ], [ -41.779917, -7.300557 ], [ -41.77864, -7.301988 ], [ -41.777835, -7.302861 ], [ -41.776409, -7.304287 ], [ -41.776022, -7.304654 ], [ -41.7764043, -7.30554929999994 ], [ -41.776820799999903, -7.30630329999997 ], [ -41.777052, -7.306553 ], [ -41.777412, -7.306788 ], [ -41.777755, -7.307144 ], [ -41.778431, -7.307697 ], [ -41.779123, -7.308277 ], [ -41.779606, -7.308703 ], [ -41.779809999999898, -7.308974 ], [ -41.780174, -7.309432 ], [ -41.78063, -7.309927 ], [ -41.781011, -7.31015 ], [ -41.781315999999897, -7.31033829999996 ], [ -41.781546999999897, -7.31051659999997 ], [ -41.781693, -7.31072 ], [ -41.781778, -7.310927 ], [ -41.781848, -7.311167 ], [ -41.781955, -7.311943 ], [ -41.782004, -7.312454 ], [ -41.781993, -7.312667 ], [ -41.781955, -7.312944 ], [ -41.781864, -7.313189 ], [ -41.781714, -7.313518 ], [ -41.781489, -7.313843 ], [ -41.781269, -7.314061 ], [ -41.781167, -7.314295 ], [ -41.781033, -7.315333 ], [ -41.78085, -7.316365 ], [ -41.7807572, -7.31743339999997 ], [ -41.780696, -7.31771889999993 ], [ -41.7806638, -7.31791709999993 ], [ -41.780678599999902, -7.31811939999994 ], [ -41.780646299999901, -7.31837229999996 ], [ -41.7804887, -7.31879979999997 ], [ -41.780302999999897, -7.319339 ], [ -41.780285999999897, -7.31966489999996 ], [ -41.780223, -7.31993 ], [ -41.780094, -7.32026 ], [ -41.779970999999897, -7.320536 ], [ -41.779917, -7.32085929999994 ], [ -41.779981, -7.321218 ], [ -41.78004, -7.321755 ], [ -41.780077999999897, -7.322058 ], [ -41.780051, -7.322181 ], [ -41.779954, -7.322346 ], [ -41.779835999999897, -7.322489 ], [ -41.779674999999898, -7.322569 ], [ -41.779429, -7.322718 ], [ -41.77922, -7.322909 ], [ -41.778978, -7.323133 ], [ -41.778823, -7.323271 ], [ -41.778468, -7.323372 ], [ -41.778210999999899, -7.323383 ], [ -41.777963999999898, -7.323303 ], [ -41.777734, -7.323282 ], [ -41.777519, -7.323325 ], [ -41.777330999999897, -7.323436 ], [ -41.776815999999897, -7.323888 ], [ -41.776462, -7.324192 ], [ -41.776215, -7.324447 ], [ -41.776103, -7.32466 ], [ -41.776124, -7.324963 ], [ -41.776204999999898, -7.325378 ], [ -41.776553, -7.326182 ], [ -41.776634, -7.326421 ], [ -41.776688, -7.326581 ], [ -41.777009, -7.326751 ], [ -41.777637, -7.327092 ], [ -41.777825, -7.327198 ], [ -41.777954, -7.327283 ], [ -41.778013, -7.327384 ], [ -41.778055, -7.327592 ], [ -41.778028999999897, -7.327698 ], [ -41.77798, -7.327959 ], [ -41.777985999999899, -7.328475 ], [ -41.778045, -7.329193 ], [ -41.77812, -7.329512 ], [ -41.778349999999897, -7.330039 ], [ -41.778452, -7.330486 ], [ -41.778478999999898, -7.330747 ], [ -41.778463, -7.331002 ], [ -41.778383, -7.331204 ], [ -41.77827, -7.331492 ], [ -41.778258999999899, -7.331774 ], [ -41.778210999999899, -7.332566 ], [ -41.778157, -7.332912 ], [ -41.778088, -7.333173 ], [ -41.778002, -7.333423 ], [ -41.7779, -7.33363 ], [ -41.777776, -7.333774 ], [ -41.777567, -7.333976 ], [ -41.777492, -7.334168 ], [ -41.777455, -7.334817 ], [ -41.777508, -7.335322 ], [ -41.777561999999897, -7.335828 ], [ -41.777658, -7.336301 ], [ -41.777793, -7.336738 ], [ -41.777782, -7.337009 ], [ -41.777846, -7.33735 ], [ -41.777959, -7.337749 ], [ -41.778028999999897, -7.33794 ], [ -41.778018, -7.338483 ], [ -41.777985999999899, -7.339073 ], [ -41.778114, -7.339281 ], [ -41.778533, -7.339781 ], [ -41.778796, -7.339983 ], [ -41.779123, -7.340233 ], [ -41.779445, -7.340425 ], [ -41.779739999999897, -7.340579 ], [ -41.780276, -7.34076 ], [ -41.780865999999897, -7.340872 ], [ -41.78158, -7.340882 ], [ -41.781816, -7.340866 ], [ -41.782207, -7.340983 ], [ -41.782524, -7.341106 ], [ -41.782711999999897, -7.341239 ], [ -41.782893999999899, -7.341462 ], [ -41.783431, -7.342143 ], [ -41.783667, -7.342569 ], [ -41.783758, -7.342803 ], [ -41.783881, -7.343138 ], [ -41.784257, -7.34358 ], [ -41.78453, -7.34393419999998 ], [ -41.7845244, -7.34435949999994 ], [ -41.7844636, -7.34455129999998 ], [ -41.7843013, -7.34483689999996 ], [ -41.7838765, -7.34519279999995 ], [ -41.783575, -7.345639 ], [ -41.78342, -7.345798 ], [ -41.783377, -7.345926 ], [ -41.783388, -7.346059 ], [ -41.783549, -7.346139 ], [ -41.783667, -7.34624 ], [ -41.783758, -7.346346 ], [ -41.783779, -7.346416 ], [ -41.783639999999899, -7.346634 ], [ -41.78342, -7.347144 ], [ -41.783377, -7.34732 ], [ -41.783452, -7.347421 ], [ -41.783806, -7.347687 ], [ -41.784359, -7.348006 ], [ -41.784540999999898, -7.348118 ], [ -41.784765999999898, -7.348182 ], [ -41.7849576999999, -7.34815639999994 ], [ -41.7851247, -7.348165 ], [ -41.785244, -7.348262 ], [ -41.785372, -7.348411 ], [ -41.78563, -7.348741 ], [ -41.785828, -7.348975 ], [ -41.786075, -7.34914 ], [ -41.786611999999899, -7.349555 ], [ -41.786794, -7.349677 ], [ -41.786907, -7.349789 ], [ -41.786949999999898, -7.3499 ], [ -41.787043299999901, -7.350193 ], [ -41.7871196, -7.350603 ], [ -41.7871036, -7.35075429999995 ], [ -41.786842, -7.351332 ], [ -41.786821, -7.351534 ], [ -41.786901, -7.351906 ], [ -41.786976, -7.352252 ], [ -41.786927999999897, -7.352518 ], [ -41.786907, -7.352741 ], [ -41.787084, -7.353311 ], [ -41.787271, -7.35405 ], [ -41.787379, -7.354109 ], [ -41.787658, -7.354045 ], [ -41.7878487, -7.353989 ] ] ] ] } },
{ "type": "Feature", "properties": { "CD_MUN": "2210938", "NM_MUN": "Sussuapara", "CD_RGI": "220009", "NM_RGI": "Picos", "CD_RGINT": "2203", "NM_RGINT": "Picos", "CD_UF": "22", "NM_UF": "Piauí", "SIGLA_UF": "PI", "CD_REGIAO": "2", "NM_REGIAO": "Nordeste", "SIGLA_RG": "NE", "CD_CONCURB": null, "NM_CONCURB": null, "AREA_KM2": 205.194 }, "geometry": { "type": "MultiPolygon", "coordinates": [ [ [ [ -41.3469858999999, -6.98600179999994 ], [ -41.3162692, -6.98924039999997 ], [ -41.3137366999999, -6.98950749999995 ], [ -41.3112042, -6.98977459999998 ], [ -41.317272, -7.00699949999995 ], [ -41.287874499999901, -7.04060269999997 ], [ -41.2724661, -7.05821539999994 ], [ -41.27244, -7.05824529999995 ], [ -41.254475199999902, -7.07876759999994 ], [ -41.254365999999898, -7.07892929999997 ], [ -41.232783599999898, -7.11091459999994 ], [ -41.270107799999899, -7.10682889999993 ], [ -41.286451999999898, -7.105051 ], [ -41.326895, -7.100559 ], [ -41.3332766, -7.09988659999993 ], [ -41.3332538, -7.09924839999996 ], [ -41.3328635, -7.08810869999996 ], [ -41.3319336, -7.06157049999996 ], [ -41.3512696, -7.06454369999994 ], [ -41.3533335, -7.064861 ], [ -41.357191199999903, -7.06545419999998 ], [ -41.371774, -7.06769639999993 ], [ -41.3867662, -7.06160249999994 ], [ -41.388741799999899, -7.06079939999995 ], [ -41.3932067, -7.05898459999997 ], [ -41.3938549, -7.05872109999996 ], [ -41.3942738, -7.05855079999998 ], [ -41.4033448, -7.05486359999998 ], [ -41.403998999999899, -7.051087 ], [ -41.4054366, -7.04278829999993 ], [ -41.405468, -7.04260669999996 ], [ -41.4055288, -7.04225579999996 ], [ -41.405845999999897, -7.04042469999996 ], [ -41.4072873, -7.03905929999996 ], [ -41.4075084, -7.03884989999995 ], [ -41.4096969, -7.03677679999993 ], [ -41.4102238, -7.03627759999995 ], [ -41.4102463, -7.03625629999993 ], [ -41.4111966, -7.035356 ], [ -41.4114574, -7.035109 ], [ -41.4114827, -7.035085 ], [ -41.4114903, -7.03507779999995 ], [ -41.4115231, -7.03504669999995 ], [ -41.411786999999897, -7.03479669999996 ], [ -41.4119966, -7.03459819999995 ], [ -41.4122723999999, -7.034337 ], [ -41.4128041, -7.03383319999995 ], [ -41.4133752, -7.03329209999993 ], [ -41.4147538, -7.03198609999993 ], [ -41.4375203, -7.01041789999994 ], [ -41.4390278, -6.99946859999994 ], [ -41.4385407, -6.999464 ], [ -41.4204447, -6.99929239999994 ], [ -41.416848, -6.99912949999998 ], [ -41.416961, -6.998436 ], [ -41.4175443, -6.99468029999997 ], [ -41.4183972, -6.98944229999995 ], [ -41.4186564, -6.98796929999997 ], [ -41.419206599999903, -6.98403309999998 ], [ -41.419359799999903, -6.98312429999993 ], [ -41.4195, -6.98259119999994 ], [ -41.419738, -6.98198 ], [ -41.420156, -6.981227 ], [ -41.421101, -6.97998 ], [ -41.421487, -6.979524 ], [ -41.423458, -6.976966 ], [ -41.425307, -6.97456 ], [ -41.426091, -6.973246 ], [ -41.42884, -6.968594 ], [ -41.429523, -6.967355 ], [ -41.429626, -6.967104 ], [ -41.429651, -6.966891 ], [ -41.42967, -6.96594019999998 ], [ -41.429702, -6.96430869999995 ], [ -41.4297567, -6.963089 ], [ -41.429800499999899, -6.96267659999995 ], [ -41.429973, -6.962275 ], [ -41.430234, -6.96196 ], [ -41.4310404, -6.96131119999995 ], [ -41.431825699999898, -6.960732 ], [ -41.431920299999902, -6.96065759999993 ], [ -41.433017999999898, -6.95979409999995 ], [ -41.4331068, -6.95972429999995 ], [ -41.43401, -6.959009 ], [ -41.4348036, -6.95838229999993 ], [ -41.435537, -6.957804 ], [ -41.435666, -6.957613 ], [ -41.436043, -6.956684 ], [ -41.436960999999897, -6.954202 ], [ -41.437033, -6.953943 ], [ -41.437046, -6.953637 ], [ -41.436947, -6.951831 ], [ -41.436989, -6.951475 ], [ -41.437809, -6.949465 ], [ -41.439786, -6.944482 ], [ -41.440569, -6.942386 ], [ -41.440642, -6.942007 ], [ -41.440912, -6.93933 ], [ -41.440967999999899, -6.93853 ], [ -41.441037, -6.938151 ], [ -41.441655, -6.936692 ], [ -41.442376, -6.934959 ], [ -41.442478999999899, -6.934537 ], [ -41.442629, -6.933058 ], [ -41.442861, -6.930691 ], [ -41.44297, -6.92952 ], [ -41.442987, -6.929333 ], [ -41.442566999999897, -6.927808 ], [ -41.442131, -6.926039 ], [ -41.441732, -6.924416 ], [ -41.441545, -6.923469 ], [ -41.44143, -6.922374 ], [ -41.441167, -6.920015 ], [ -41.441021, -6.918376 ], [ -41.441041, -6.917854 ], [ -41.4417582, -6.91314369999998 ], [ -41.441875799999899, -6.912086 ], [ -41.4361536, -6.90875409999995 ], [ -41.4357158, -6.90849919999994 ], [ -41.4180173, -6.90395779999994 ], [ -41.416350899999898, -6.90353019999998 ], [ -41.4155939, -6.90333589999995 ], [ -41.414836799999897, -6.90314169999994 ], [ -41.4115075, -6.90228739999998 ], [ -41.4098091, -6.90270089999996 ], [ -41.4081108, -6.90311449999996 ], [ -41.4015074, -6.90472259999996 ], [ -41.4002336, -6.90484979999997 ], [ -41.399083, -6.90576129999994 ], [ -41.3982955, -6.91045249999996 ], [ -41.3977957, -6.91416539999994 ], [ -41.3969309, -6.91836319999993 ], [ -41.395888, -6.92685779999994 ], [ -41.3953582, -6.92970479999997 ], [ -41.395067299999901, -6.93126759999996 ], [ -41.3947765, -6.93283039999994 ], [ -41.394037599999898, -6.93444039999997 ], [ -41.392824699999899, -6.93493029999996 ], [ -41.3915689, -6.93522969999998 ], [ -41.391423099999898, -6.93522389999993 ], [ -41.3903498, -6.93594929999995 ], [ -41.3901117, -6.93658949999997 ], [ -41.390529699999902, -6.937862 ], [ -41.3906569, -6.93811069999998 ], [ -41.3913949, -6.94036079999995 ], [ -41.3915981, -6.94059449999997 ], [ -41.392770799999901, -6.94290519999993 ], [ -41.3929689, -6.94459729999994 ], [ -41.393134099999898, -6.94618849999995 ], [ -41.393221599999897, -6.94697229999997 ], [ -41.3933577, -6.94745889999996 ], [ -41.3933549, -6.94987669999995 ], [ -41.391953699999902, -6.95222679999995 ], [ -41.3884315, -6.95496509999998 ], [ -41.385509, -6.957172 ], [ -41.378967799999899, -6.96037949999993 ], [ -41.377977499999901, -6.96086509999998 ], [ -41.3762834, -6.96169589999994 ], [ -41.3735477, -6.96303729999994 ], [ -41.3647698, -6.96957809999998 ], [ -41.364043799999898, -6.97011909999998 ], [ -41.362341199999904, -6.97176539999998 ], [ -41.360163499999899, -6.973871 ], [ -41.3532448999999, -6.98056069999996 ], [ -41.3531771, -6.98062 ], [ -41.3474770999999, -6.98560539999994 ], [ -41.347030699999898, -6.98599589999998 ], [ -41.3469858999999, -6.98600179999994 ] ] ] ] } },
{ "type": "Feature", "properties": { "CD_MUN": "2210904", "NM_MUN": "Socorro do Piauí", "CD_RGI": "220012", "NM_RGI": "Simplício Mendes", "CD_RGINT": "2203", "NM_RGINT": "Picos", "CD_UF": "22", "NM_UF": "Piauí", "SIGLA_UF": "PI", "CD_REGIAO": "2", "NM_REGIAO": "Nordeste", "SIGLA_RG": "NE", "CD_CONCURB": null, "NM_CONCURB": null, "AREA_KM2": 761.854 }, "geometry": { "type": "MultiPolygon", "coordinates": [ [ [ [ -42.3508798, -7.85899989999996 ], [ -42.350745, -7.85995679999996 ], [ -42.3382119, -7.94894889999995 ], [ -42.3401661, -7.94889749999993 ], [ -42.342981, -7.94962129999993 ], [ -42.3449916, -7.95042549999994 ], [ -42.3481282, -7.95090809999994 ], [ -42.352471099999903, -7.95106889999994 ], [ -42.3550447, -7.95098849999994 ], [ -42.357377, -7.95066679999996 ], [ -42.359226799999902, -7.950506 ], [ -42.3619613, -7.95026469999993 ], [ -42.3626851, -7.95066679999996 ], [ -42.363006799999901, -7.95147109999994 ], [ -42.3633285, -7.95316 ], [ -42.3640121, -7.95999609999996 ], [ -42.3643101, -7.96368579999995 ], [ -42.3644343, -7.96522369999997 ], [ -42.364555, -7.96540469999997 ], [ -42.3648296, -7.96557689999997 ], [ -42.365682999999898, -7.96583289999995 ], [ -42.367986899999899, -7.96643019999993 ], [ -42.3703762, -7.96677149999994 ], [ -42.371485499999899, -7.96728349999995 ], [ -42.372082799999902, -7.96788089999995 ], [ -42.3723388, -7.96856349999996 ], [ -42.373934399999897, -7.97918189999996 ], [ -42.3761148, -7.98903729999995 ], [ -42.3767084, -7.99114779999996 ], [ -42.377697699999899, -7.992401 ], [ -42.3792806, -7.99312649999996 ], [ -42.3864037, -7.99457739999997 ], [ -42.4002541, -7.99728159999995 ], [ -42.4056623, -7.998073 ], [ -42.410015299999898, -7.99833679999995 ], [ -42.4127854, -7.99860069999994 ], [ -42.413708799999903, -7.99906229999993 ], [ -42.4143683, -7.99985379999993 ], [ -42.415951199999903, -8.00084309999994 ], [ -42.418259599999899, -8.00137069999994 ], [ -42.421161599999898, -8.000975 ], [ -42.4219955, -8.001156299999931 ], [ -42.4225144, -8.00126909999994 ], [ -42.4226034, -8.00128849999993 ], [ -42.422620299999899, -8.00129209999994 ], [ -42.4226786, -8.001304799999961 ], [ -42.4234041, -8.001898399999961 ], [ -42.4234254, -8.00192859999993 ], [ -42.424195499999897, -8.003019599999959 ], [ -42.4243274, -8.00433869999995 ], [ -42.424723099999902, -8.00545989999995 ], [ -42.4250529, -8.00644919999996 ], [ -42.4257125, -8.007768299999951 ], [ -42.426503899999901, -8.008823599999969 ], [ -42.427229399999902, -8.009812899999931 ], [ -42.4280209, -8.010736299999961 ], [ -42.4286804, -8.011527699999929 ], [ -42.428944199999897, -8.012121299999929 ], [ -42.429208, -8.012780899999941 ], [ -42.42934, -8.013572299999961 ], [ -42.42934, -8.01475949999997 ], [ -42.429208, -8.01588069999997 ], [ -42.429274, -8.016804099999939 ], [ -42.4294058999999, -8.017661499999971 ], [ -42.4296697, -8.018452899999939 ], [ -42.430197399999898, -8.019442199999959 ], [ -42.4311207, -8.02043159999994 ], [ -42.4419372, -8.065940099999979 ], [ -42.470957199999901, -8.070029299999931 ], [ -42.5231549, -8.081130099999941 ], [ -42.556015, -8.06633219999998 ], [ -42.5617415, -8.031953499999929 ], [ -42.5718949, -7.96640319999995 ], [ -42.571966, -7.96594 ], [ -42.5719715, -7.965904 ], [ -42.583366899999902, -7.89218569999997 ], [ -42.568638899999897, -7.89123509999996 ], [ -42.5666193, -7.89094589999996 ], [ -42.5655636, -7.89093719999994 ], [ -42.5642185, -7.89037329999996 ], [ -42.5619608, -7.88993929999998 ], [ -42.560420899999897, -7.89011719999996 ], [ -42.5549695, -7.89301719999997 ], [ -42.553708099999902, -7.89449839999997 ], [ -42.55178, -7.89541979999996 ], [ -42.5499490999999, -7.89578039999998 ], [ -42.5483146, -7.89577109999993 ], [ -42.546436899999897, -7.89599389999995 ], [ -42.5431270999999, -7.89577819999994 ], [ -42.5410537, -7.89540229999994 ], [ -42.5411118, -7.89368039999994 ], [ -42.541310699999897, -7.89256449999993 ], [ -42.5418986, -7.89061379999993 ], [ -42.544099699999897, -7.88471739999994 ], [ -42.5454581, -7.882491 ], [ -42.5464314, -7.88054169999998 ], [ -42.5483207, -7.87827269999997 ], [ -42.5501571, -7.87679439999994 ], [ -42.551512699999897, -7.87531559999996 ], [ -42.5525749, -7.87466819999997 ], [ -42.5547979, -7.87272649999994 ], [ -42.555622399999898, -7.87184729999996 ], [ -42.5562073, -7.87054829999994 ], [ -42.5572735, -7.86897119999998 ], [ -42.5572822, -7.86748119999993 ], [ -42.5569983, -7.86682869999993 ], [ -42.557002699999899, -7.86608369999993 ], [ -42.5585007, -7.86492889999994 ], [ -42.5616831, -7.86364519999995 ], [ -42.5635099, -7.86374979999994 ], [ -42.5648576, -7.86366249999998 ], [ -42.566064599999898, -7.86269409999994 ], [ -42.5674152, -7.86214289999998 ], [ -42.568757199999901, -7.86317589999993 ], [ -42.5690475, -7.86261849999994 ], [ -42.572949299999898, -7.86166259999993 ], [ -42.5760263, -7.86205339999998 ], [ -42.5768871, -7.86271059999996 ], [ -42.578432099999901, -7.86290089999994 ], [ -42.580674299999899, -7.86205579999995 ], [ -42.5883057, -7.86209959999996 ], [ -42.5957825999999, -7.81363739999995 ], [ -42.598365199999897, -7.72985919999996 ], [ -42.599460899999897, -7.69404189999995 ], [ -42.5841399, -7.68016429999994 ], [ -42.5086886, -7.84250759999998 ], [ -42.4935043999999, -7.83877089999993 ], [ -42.492719099999903, -7.83857759999995 ], [ -42.482399299999898, -7.83603789999995 ], [ -42.4798091, -7.77881069999995 ], [ -42.4765034, -7.70174329999998 ], [ -42.4158126, -7.757153 ], [ -42.405725, -7.766498 ], [ -42.4041222, -7.76798189999994 ], [ -42.357883, -7.81079459999995 ], [ -42.3578466, -7.81082829999997 ], [ -42.3576186, -7.81103919999993 ], [ -42.3510792, -7.85758369999996 ], [ -42.3508944, -7.85889619999995 ], [ -42.3508798, -7.85899989999996 ] ] ] ] } },
{ "type": "Feature", "properties": { "CD_MUN": "2210979", "NM_MUN": "Tanque do Piauí", "CD_RGI": "220011", "NM_RGI": "Oeiras", "CD_RGINT": "2203", "NM_RGINT": "Picos", "CD_UF": "22", "NM_UF": "Piauí", "SIGLA_UF": "PI", "CD_REGIAO": "2", "NM_REGIAO": "Nordeste", "SIGLA_RG": "NE", "CD_CONCURB": null, "NM_CONCURB": null, "AREA_KM2": 408.985 }, "geometry": { "type": "MultiPolygon", "coordinates": [ [ [ [ -42.1447613, -6.65889949999996 ], [ -42.1447406999999, -6.65913929999994 ], [ -42.140876999999897, -6.704086 ], [ -42.140705, -6.705493 ], [ -42.140563, -6.70985 ], [ -42.140383, -6.713296 ], [ -42.140065999999898, -6.72212 ], [ -42.139943, -6.725534 ], [ -42.139904999999899, -6.726084 ], [ -42.139834, -6.726655 ], [ -42.139714, -6.727308 ], [ -42.139412999999898, -6.72808 ], [ -42.137634999999896, -6.732043 ], [ -42.137607, -6.7321 ], [ -42.138637, -6.732415 ], [ -42.139119, -6.732525 ], [ -42.13966, -6.732547 ], [ -42.140715999999898, -6.73282 ], [ -42.141274, -6.73276 ], [ -42.141673, -6.732828 ], [ -42.142876999999899, -6.733134 ], [ -42.14361, -6.733296 ], [ -42.143902, -6.733398 ], [ -42.144417, -6.733654 ], [ -42.144801, -6.733655 ], [ -42.145325, -6.733582 ], [ -42.14557, -6.733604 ], [ -42.146302999999897, -6.733966 ], [ -42.146806, -6.734657 ], [ -42.146902, -6.735117 ], [ -42.147568, -6.735776 ], [ -42.147854, -6.736895 ], [ -42.148187999999898, -6.737662 ], [ -42.148519, -6.738251 ], [ -42.149051, -6.738779 ], [ -42.149605, -6.739304 ], [ -42.150234, -6.740048 ], [ -42.150771, -6.740598 ], [ -42.151316, -6.741122 ], [ -42.153201, -6.742557 ], [ -42.153879, -6.743099 ], [ -42.154131999999898, -6.743291 ], [ -42.1557756, -6.74433409999995 ], [ -42.1570622, -6.74554709999995 ], [ -42.1574585, -6.746173 ], [ -42.1578079, -6.74737969999995 ], [ -42.158321199999897, -6.75104019999998 ], [ -42.1591134, -6.75278269999995 ], [ -42.1591579, -6.75336389999995 ], [ -42.159599399999898, -6.75376679999994 ], [ -42.164315299999899, -6.75531209999997 ], [ -42.1649374, -6.755807 ], [ -42.1655107, -6.75670109999993 ], [ -42.1655016, -6.75817209999997 ], [ -42.164019799999899, -6.75999159999998 ], [ -42.163337399999897, -6.76252979999992 ], [ -42.163547999999899, -6.76462789999994 ], [ -42.163225, -6.766584 ], [ -42.2072352, -6.75875769999993 ], [ -42.2081415, -6.75859649999995 ], [ -42.243503, -6.75230819999996 ], [ -42.243910899999896, -6.75223559999995 ], [ -42.254433499999898, -6.75036209999996 ], [ -42.3080757, -6.71293359999993 ], [ -42.308324399999897, -6.71276 ], [ -42.311593899999899, -6.71047779999998 ], [ -42.311852, -6.70971809999998 ], [ -42.312616499999898, -6.709043 ], [ -42.3135477, -6.70955739999994 ], [ -42.314138699999901, -6.70947549999994 ], [ -42.3155015, -6.70804069999997 ], [ -42.315763699999899, -6.70677329999995 ], [ -42.3170785, -6.70526379999995 ], [ -42.3348399, -6.72954309999994 ], [ -42.3356873, -6.72787629999993 ], [ -42.336195599999897, -6.72731919999995 ], [ -42.3370419, -6.72682229999998 ], [ -42.338583399999898, -6.72551819999995 ], [ -42.340274399999899, -6.72480879999995 ], [ -42.3419974, -6.72322179999998 ], [ -42.3431272999999, -6.72300089999993 ], [ -42.3440876, -6.72261289999994 ], [ -42.345979199999903, -6.721348 ], [ -42.3472295, -6.72086309999997 ], [ -42.3487802, -6.71981359999995 ], [ -42.3493414, -6.71905379999993 ], [ -42.3495106, -6.71894159999994 ], [ -42.350124999999899, -6.71893909999994 ], [ -42.351393899999898, -6.71940919999997 ], [ -42.3516719, -6.71980829999995 ], [ -42.352008, -6.72009089999995 ], [ -42.352557299999901, -6.72027389999994 ], [ -42.353543699999904, -6.72022769999995 ], [ -42.354273299999903, -6.72040159999995 ], [ -42.355100299999897, -6.72084809999996 ], [ -42.3559443, -6.72085269999997 ], [ -42.356934599999903, -6.72060539999995 ], [ -42.3577958, -6.72001209999996 ], [ -42.3588326, -6.71975 ], [ -42.359677099999899, -6.71924849999994 ], [ -42.3605451, -6.718557 ], [ -42.3621055999999, -6.71702629999993 ], [ -42.362515, -6.71603069999998 ], [ -42.3629116, -6.71541419999994 ], [ -42.3635374999999, -6.71470989999995 ], [ -42.364866699999901, -6.71365149999997 ], [ -42.365255299999902, -6.71276709999995 ], [ -42.365656, -6.71138219999995 ], [ -42.3657875, -6.70990059999997 ], [ -42.3657555999999, -6.70885569999996 ], [ -42.3655348, -6.70806789999995 ], [ -42.364864, -6.70714649999996 ], [ -42.3637735, -6.70602909999997 ], [ -42.3611634, -6.70290789999996 ], [ -42.3608024, -6.70166489999997 ], [ -42.3612022, -6.69982439999995 ], [ -42.362955999999897, -6.69701639999994 ], [ -42.364228899999901, -6.69547259999996 ], [ -42.3645923, -6.694772 ], [ -42.364678399999903, -6.69393549999995 ], [ -42.363866, -6.690919 ], [ -42.362617999999898, -6.68893659999998 ], [ -42.362267, -6.68795519999998 ], [ -42.362201899999903, -6.68542679999996 ], [ -42.3618628, -6.68444129999995 ], [ -42.3615195, -6.68283439999993 ], [ -42.361560499999896, -6.68135069999994 ], [ -42.3618036, -6.68037779999997 ], [ -42.362087099999897, -6.679873 ], [ -42.362721, -6.67924409999995 ], [ -42.367854899999898, -6.677584 ], [ -42.3696864, -6.67646969999993 ], [ -42.3708166, -6.67626889999997 ], [ -42.372495899999898, -6.67655949999994 ], [ -42.3732681, -6.67684149999997 ], [ -42.3741112, -6.676845 ], [ -42.3733106, -6.66124959999996 ], [ -42.372674399999902, -6.66002579999997 ], [ -42.3728474, -6.65843459999996 ], [ -42.3729683, -6.65814929999993 ], [ -42.373818399999898, -6.65614329999994 ], [ -42.374958799999902, -6.65459179999993 ], [ -42.3748524, -6.65332739999997 ], [ -42.3736034, -6.65243669999995 ], [ -42.3721997, -6.65118649999994 ], [ -42.3705467999999, -6.65052359999993 ], [ -42.370549299999901, -6.64972679999994 ], [ -42.370990199999902, -6.64878579999993 ], [ -42.371778499999898, -6.648105 ], [ -42.372754299999897, -6.64726229999997 ], [ -42.3739246, -6.64566269999995 ], [ -42.3768396, -6.64233619999993 ], [ -42.3754574, -6.64057829999996 ], [ -42.373688399999899, -6.63832849999994 ], [ -42.372846099999897, -6.63735059999993 ], [ -42.371662, -6.63436129999997 ], [ -42.3716094, -6.63319079999997 ], [ -42.371824199999899, -6.63166449999994 ], [ -42.3771273999999, -6.62947849999995 ], [ -42.380524299999898, -6.62507249999993 ], [ -42.383569099999903, -6.618279 ], [ -42.3831709, -6.61386849999997 ], [ -42.382830399999897, -6.61183169999993 ], [ -42.381784599999897, -6.61025949999993 ], [ -42.3807421, -6.60902739999995 ], [ -42.3793472, -6.60758819999995 ], [ -42.3773891, -6.60576739999993 ], [ -42.374737599999897, -6.60410769999993 ], [ -42.3657709, -6.60115439999993 ], [ -42.359401499999898, -6.59905639999994 ], [ -42.3508767, -6.58771539999998 ], [ -42.346818799999902, -6.57677579999995 ], [ -42.3551318, -6.55204309999993 ], [ -42.359324899999898, -6.55077689999996 ], [ -42.3668972, -6.54849029999997 ], [ -42.3686506, -6.533073 ], [ -42.372898399999897, -6.52458829999995 ], [ -42.372897, -6.52458279999996 ], [ -42.3644687, -6.51837359999996 ], [ -42.3490257, -6.50700029999996 ], [ -42.3098186, -6.507198 ], [ -42.3094626, -6.51400989999996 ], [ -42.3077572, -6.546523 ], [ -42.3054844, -6.58985169999994 ], [ -42.2928145, -6.59315429999998 ], [ -42.2900531, -6.59387409999994 ], [ -42.2896024, -6.59399159999998 ], [ -42.2886705, -6.59423449999997 ], [ -42.288164499999901, -6.59436639999996 ], [ -42.2879429, -6.59442419999993 ], [ -42.287141899999902, -6.594633 ], [ -42.286639799999897, -6.59476389999998 ], [ -42.282896799999897, -6.59573939999996 ], [ -42.2828188, -6.59575979999994 ], [ -42.281376899999898, -6.59613559999997 ], [ -42.2796643, -6.596582 ], [ -42.277881599999901, -6.59726229999995 ], [ -42.2775975, -6.59737079999996 ], [ -42.277501599999901, -6.59740559999995 ], [ -42.2774891, -6.59741209999993 ], [ -42.2772206, -6.59751459999995 ], [ -42.2733731, -6.59898279999993 ], [ -42.2141862, -6.62156089999996 ], [ -42.213596499999902, -6.62178579999994 ], [ -42.2055551999999, -6.62485179999993 ], [ -42.1827466, -6.64721849999995 ], [ -42.1461682999999, -6.642547 ], [ -42.146163999999899, -6.642582 ], [ -42.1460443, -6.64397489999993 ], [ -42.1447613, -6.65889949999996 ] ] ] ] } },
{ "type": "Feature", "properties": { "CD_MUN": "2202802", "NM_MUN": "Conceição do Canindé", "CD_RGI": "220012", "NM_RGI": "Simplício Mendes", "CD_RGINT": "2203", "NM_RGINT": "Picos", "CD_UF": "22", "NM_UF": "Piauí", "SIGLA_UF": "PI", "CD_REGIAO": "2", "NM_REGIAO": "Nordeste", "SIGLA_RG": "NE", "CD_CONCURB": null, "NM_CONCURB": null, "AREA_KM2": 824.729 }, "geometry": { "type": "MultiPolygon", "coordinates": [ [ [ [ -41.5878111, -8.057119599999959 ], [ -41.588039299999899, -8.05722239999994 ], [ -41.607084, -8.06579989999994 ], [ -41.613823099999898, -8.068835099999941 ], [ -41.6311105, -8.07662119999998 ], [ -41.6326541, -8.077316399999971 ], [ -41.6330202, -8.077481299999929 ], [ -41.6332692, -8.07737849999995 ], [ -41.633439399999901, -8.07730809999993 ], [ -41.642738699999903, -8.073467699999981 ], [ -41.6428402, -8.07342579999994 ], [ -41.6456252, -8.072275699999979 ], [ -41.6635578, -8.07101849999998 ], [ -41.692786899999902, -8.068969399999959 ], [ -41.6932239, -8.068953599999929 ], [ -41.6957012, -8.06746719999995 ], [ -41.715226099999903, -8.05575229999994 ], [ -41.7272426, -8.02748789999993 ], [ -41.7313382, -8.013264 ], [ -41.7313455, -8.013238599999969 ], [ -41.731352899999898, -8.01321289999993 ], [ -41.731373899999902, -8.01313989999994 ], [ -41.7314789, -8.012775399999949 ], [ -41.735525499999902, -7.99872139999997 ], [ -41.7389008, -7.98745759999997 ], [ -41.7315852, -7.96432749999997 ], [ -41.7309989, -7.96247349999993 ], [ -41.730416499999897, -7.96061719999994 ], [ -41.7086411, -7.94214159999996 ], [ -41.704624, -7.938734 ], [ -41.7049084, -7.93664649999994 ], [ -41.705158299999901, -7.93481189999994 ], [ -41.706702999999898, -7.92347219999994 ], [ -41.707374, -7.91854609999996 ], [ -41.7111889, -7.89054109999995 ], [ -41.71152, -7.88811089999996 ], [ -41.715566, -7.85514509999996 ], [ -41.7157429, -7.85370339999997 ], [ -41.7158499, -7.85283229999993 ], [ -41.6782213, -7.84061519999995 ], [ -41.674982499999899, -7.83956369999993 ], [ -41.669955, -7.83666679999993 ], [ -41.664627, -7.83359679999995 ], [ -41.6566151, -7.82898019999993 ], [ -41.656362199999897, -7.82883449999997 ], [ -41.645087499999903, -7.81588729999993 ], [ -41.6426584, -7.813098 ], [ -41.6414652, -7.81227659999996 ], [ -41.6185239, -7.796484 ], [ -41.614817199999898, -7.78210429999996 ], [ -41.6140354, -7.77907139999996 ], [ -41.6136832, -7.777705 ], [ -41.611845, -7.77057369999994 ], [ -41.611716499999901, -7.77007519999995 ], [ -41.6111106, -7.76772459999995 ], [ -41.6075916, -7.76567179999995 ], [ -41.595655399999899, -7.75870859999998 ], [ -41.594010399999902, -7.75873639999998 ], [ -41.5869981, -7.75880279999996 ], [ -41.583200299999902, -7.75887279999995 ], [ -41.574146599999899, -7.75903959999994 ], [ -41.574081799999902, -7.75904079999998 ], [ -41.5702524, -7.75911139999994 ], [ -41.5535206, -7.75941979999993 ], [ -41.552146799999903, -7.761055 ], [ -41.545112699999898, -7.769428 ], [ -41.5417854, -7.77338869999994 ], [ -41.5396143, -7.77597309999993 ], [ -41.538652, -7.77711859999994 ], [ -41.5293409, -7.78517539999996 ], [ -41.5071397, -7.80438569999995 ], [ -41.4934266, -7.79817209999993 ], [ -41.4900153, -7.79662639999998 ], [ -41.4852837, -7.79448249999996 ], [ -41.485098799999903, -7.79439869999993 ], [ -41.4849907, -7.79434969999994 ], [ -41.4844352, -7.794098 ], [ -41.458143999999898, -7.78218509999994 ], [ -41.4299993, -7.78679389999996 ], [ -41.410147299999899, -7.80405669999993 ], [ -41.3916943, -7.80943 ], [ -41.387979399999899, -7.81051169999995 ], [ -41.3784916, -7.81327029999994 ], [ -41.382257099999897, -7.84041289999993 ], [ -41.381028199999903, -7.84164369999996 ], [ -41.380485099999902, -7.84355429999994 ], [ -41.380487, -7.84589539999996 ], [ -41.3878172, -7.85393689999995 ], [ -41.388472299999897, -7.85527 ], [ -41.3913749, -7.85899579999995 ], [ -41.3921164, -7.85994749999998 ], [ -41.3921372, -7.85997419999995 ], [ -41.392166099999898, -7.859981 ], [ -41.3948123, -7.86060459999993 ], [ -41.397487399999903, -7.86123489999994 ], [ -41.3983059, -7.86142779999994 ], [ -41.3996832, -7.861998 ], [ -41.3997768999999, -7.86206449999997 ], [ -41.400844199999902, -7.86282189999997 ], [ -41.4059864, -7.86647109999996 ], [ -41.41144, -7.86826649999995 ], [ -41.412367699999898, -7.86905359999997 ], [ -41.4132532, -7.87010389999995 ], [ -41.414004599999899, -7.87227809999996 ], [ -41.417009499999899, -7.88091159999993 ], [ -41.4273042, -7.88948019999998 ], [ -41.4288023, -7.89072709999994 ], [ -41.430816, -7.89313069999997 ], [ -41.4342799, -7.897265 ], [ -41.435263399999897, -7.898041 ], [ -41.436641199999897, -7.89900239999997 ], [ -41.4388527, -7.899824 ], [ -41.4409553, -7.89921809999993 ], [ -41.44296, -7.89812659999996 ], [ -41.445242999999898, -7.897836 ], [ -41.4461664, -7.89797879999998 ], [ -41.451803299999902, -7.90026919999997 ], [ -41.453358099999903, -7.90059839999998 ], [ -41.4547696999999, -7.900578 ], [ -41.456308, -7.90022949999997 ], [ -41.4575586, -7.899721 ], [ -41.458784599999902, -7.89954909999994 ], [ -41.4594269, -7.89977049999993 ], [ -41.4600066, -7.90025859999997 ], [ -41.4613461, -7.90188889999996 ], [ -41.462748099999899, -7.90311279999997 ], [ -41.464214, -7.90406959999996 ], [ -41.466024499999897, -7.903949 ], [ -41.468085099999897, -7.90310969999996 ], [ -41.4696863, -7.90222939999995 ], [ -41.4710406, -7.90112189999996 ], [ -41.4735451, -7.90047679999998 ], [ -41.4751347, -7.90040179999994 ], [ -41.4770475, -7.90120249999995 ], [ -41.4790657, -7.90295739999993 ], [ -41.480659199999899, -7.90490339999997 ], [ -41.4815892, -7.90641659999994 ], [ -41.4821587, -7.90895279999995 ], [ -41.4827567, -7.90963229999994 ], [ -41.482768099999902, -7.90964519999994 ], [ -41.4833776, -7.91033759999993 ], [ -41.4854543, -7.91047339999994 ], [ -41.4888119, -7.91025229999997 ], [ -41.4923421, -7.90954859999994 ], [ -41.496014699999897, -7.90845419999994 ], [ -41.500489899999899, -7.90936939999995 ], [ -41.5042584, -7.90912349999996 ], [ -41.507804899999897, -7.90839179999995 ], [ -41.5093466, -7.90970839999994 ], [ -41.5101774, -7.91041789999997 ], [ -41.5110352, -7.91115059999993 ], [ -41.521421299999901, -7.92002059999993 ], [ -41.5218836, -7.92198789999998 ], [ -41.522768299999903, -7.92575289999996 ], [ -41.5230965, -7.92714949999993 ], [ -41.526088699999903, -7.93988279999996 ], [ -41.5259892, -7.94172669999995 ], [ -41.5251527, -7.94334469999995 ], [ -41.5237673, -7.94543329999993 ], [ -41.5216814, -7.94885709999994 ], [ -41.5200545, -7.95195159999997 ], [ -41.519157499999899, -7.95436159999997 ], [ -41.5183097, -7.95600819999993 ], [ -41.5158417, -7.95793439999994 ], [ -41.512766499999898, -7.95897779999996 ], [ -41.512571099999903, -7.95891429999995 ], [ -41.5111206, -7.95826209999996 ], [ -41.5104641, -7.95773859999997 ], [ -41.5098077, -7.95721509999993 ], [ -41.506801499999902, -7.955065 ], [ -41.503587599999904, -7.95353979999993 ], [ -41.4995924, -7.95459729999993 ], [ -41.496255699999899, -7.956276 ], [ -41.4941178999999, -7.95980989999993 ], [ -41.492908499999899, -7.96364409999995 ], [ -41.4908957, -7.96631249999996 ], [ -41.489432599999901, -7.96717409999997 ], [ -41.4854678, -7.96901089999994 ], [ -41.4818466, -7.97178279999997 ], [ -41.4801365, -7.97343379999995 ], [ -41.479059, -7.97536109999993 ], [ -41.4784405999999, -7.978427 ], [ -41.4783255, -7.98261649999995 ], [ -41.4780613, -7.98279039999994 ], [ -41.467455, -7.98989269999993 ], [ -41.482151499999901, -8.00266929999998 ], [ -41.482439699999901, -8.00291989999994 ], [ -41.4824831, -8.00295759999995 ], [ -41.482504199999902, -8.002975899999971 ], [ -41.4829372, -8.00335239999993 ], [ -41.4853884, -8.005016799999961 ], [ -41.4856596, -8.005201 ], [ -41.494818699999897, -8.01142019999998 ], [ -41.4915267, -8.020592799999971 ], [ -41.4912768, -8.02128909999993 ], [ -41.491219, -8.02145029999997 ], [ -41.510263199999898, -8.02219269999995 ], [ -41.5875174, -8.05698729999995 ], [ -41.5878111, -8.057119599999959 ] ] ] ] } },
{ "type": "Feature", "properties": { "CD_MUN": "2202778", "NM_MUN": "Colônia do Piauí", "CD_RGI": "220011", "NM_RGI": "Oeiras", "CD_RGINT": "2203", "NM_RGINT": "Picos", "CD_UF": "22", "NM_UF": "Piauí", "SIGLA_UF": "PI", "CD_REGIAO": "2", "NM_REGIAO": "Nordeste", "SIGLA_RG": "NE", "CD_CONCURB": null, "NM_CONCURB": null, "AREA_KM2": 938.303 }, "geometry": { "type": "MultiPolygon", "coordinates": [ [ [ [ -42.066370999999897, -7.26519559999997 ], [ -42.0553006, -7.30573819999995 ], [ -42.051912699999903, -7.31847939999994 ], [ -42.0436913, -7.31291829999998 ], [ -42.0404674, -7.31250339999997 ], [ -42.0368882, -7.31115319999998 ], [ -42.0345245, -7.30907209999998 ], [ -42.031055099999897, -7.30775219999992 ], [ -42.026524799999898, -7.30549179999997 ], [ -42.021989699999899, -7.30186789999993 ], [ -42.018694799999899, -7.29810979999996 ], [ -42.0123278, -7.28905379999998 ], [ -42.0034353, -7.28083029999993 ], [ -42.0009975, -7.27770579999998 ], [ -41.9985735, -7.28108949999995 ], [ -41.9740042, -7.31538689999996 ], [ -41.9659419, -7.327636 ], [ -41.978673899999897, -7.33431829999995 ], [ -41.996544399999898, -7.34369739999994 ], [ -42.0394615, -7.36622209999996 ], [ -42.0395138, -7.36624959999995 ], [ -42.0453912, -7.36916729999996 ], [ -42.045529, -7.36923569999993 ], [ -42.045691299999902, -7.36931629999998 ], [ -42.119188999999899, -7.40581619999995 ], [ -42.120019399999897, -7.40622859999996 ], [ -42.1881327, -7.44005449999997 ], [ -42.2185147, -7.43800519999996 ], [ -42.3047789, -7.43204959999997 ], [ -42.304972399999897, -7.43203629999994 ], [ -42.3062422, -7.43194779999993 ], [ -42.306576499999899, -7.43192579999993 ], [ -42.312097299999898, -7.43154369999996 ], [ -42.314899, -7.43135009999997 ], [ -42.319513, -7.43410149999994 ], [ -42.3607026, -7.41774869999995 ], [ -42.3408818999999, -7.34136049999995 ], [ -42.313318799999898, -7.23513329999997 ], [ -42.313023299999898, -7.233995 ], [ -42.3129451, -7.23369389999993 ], [ -42.3129370999999, -7.23367129999997 ], [ -42.310236, -7.22326419999996 ], [ -42.309609, -7.22101419999996 ], [ -42.3100747, -7.21982419999995 ], [ -42.3100338, -7.21913449999994 ], [ -42.3095334, -7.21848919999996 ], [ -42.3089365, -7.21834929999994 ], [ -42.3076962, -7.21829509999998 ], [ -42.3073353, -7.21765059999996 ], [ -42.3073393, -7.21686989999995 ], [ -42.307574, -7.215502 ], [ -42.307071999999899, -7.21266 ], [ -42.306957, -7.212021 ], [ -42.306506, -7.211548 ], [ -42.306171999999897, -7.211076 ], [ -42.305906, -7.21082 ], [ -42.305836999999897, -7.210611 ], [ -42.305987, -7.209956 ], [ -42.306103999999898, -7.208764 ], [ -42.306083, -7.20744 ], [ -42.30606, -7.206878 ], [ -42.306189, -7.206355 ], [ -42.306206, -7.2053 ], [ -42.306356999999899, -7.204656 ], [ -42.306314, -7.204184 ], [ -42.305782, -7.203507 ], [ -42.305653, -7.202737 ], [ -42.305961, -7.201427 ], [ -42.306137, -7.200836 ], [ -42.306167, -7.20055 ], [ -42.306139, -7.200029 ], [ -42.305873, -7.199191 ], [ -42.30556, -7.198544 ], [ -42.305186999999897, -7.19794 ], [ -42.304856, -7.197561 ], [ -42.304492, -7.197425 ], [ -42.304287, -7.197079 ], [ -42.304192, -7.196569 ], [ -42.304321, -7.196122 ], [ -42.30436, -7.195497 ], [ -42.304361, -7.194769 ], [ -42.304605, -7.193922 ], [ -42.304648, -7.193641 ], [ -42.304552, -7.1935 ], [ -42.303783, -7.193083 ], [ -42.303509, -7.192947 ], [ -42.303384, -7.192789 ], [ -42.303277, -7.192513 ], [ -42.303109999999897, -7.192219 ], [ -42.302814, -7.191981 ], [ -42.302619999999898, -7.191662 ], [ -42.3025369, -7.19122039999996 ], [ -42.3025226, -7.19114449999995 ], [ -42.302493, -7.190987 ], [ -42.30251, -7.190574 ], [ -42.302669, -7.190106 ], [ -42.302999, -7.189736 ], [ -42.303076, -7.189412 ], [ -42.303059, -7.188974 ], [ -42.303111, -7.188548 ], [ -42.303076, -7.188314 ], [ -42.302941, -7.187433 ], [ -42.303083, -7.186616 ], [ -42.303053, -7.186386 ], [ -42.302911, -7.186131 ], [ -42.302619, -7.185875 ], [ -42.302131, -7.185587 ], [ -42.301526, -7.184978 ], [ -42.301166, -7.184761 ], [ -42.300689, -7.184608 ], [ -42.300312, -7.184387 ], [ -42.299934, -7.183872 ], [ -42.299552999999896, -7.1833 ], [ -42.2994082, -7.18309359999995 ], [ -42.299141, -7.182713 ], [ -42.299017, -7.18233 ], [ -42.298931, -7.181526 ], [ -42.298887, -7.181233 ], [ -42.298552, -7.180067 ], [ -42.298255, -7.179319 ], [ -42.29795, -7.178489 ], [ -42.297701, -7.177749 ], [ -42.297508, -7.177145 ], [ -42.297286, -7.176812 ], [ -42.296904, -7.17619 ], [ -42.296767, -7.175726 ], [ -42.296698, -7.17542 ], [ -42.296624999999899, -7.175012 ], [ -42.296539, -7.174705 ], [ -42.296076, -7.175058 ], [ -42.295457999999897, -7.175177 ], [ -42.294691999999898, -7.175402 ], [ -42.29425, -7.175479 ], [ -42.293846, -7.175653 ], [ -42.293559, -7.175926 ], [ -42.292944, -7.176895 ], [ -42.292071, -7.178426 ], [ -42.29144, -7.179256 ], [ -42.290985, -7.179592 ], [ -42.290358, -7.179899 ], [ -42.289808999999899, -7.17995 ], [ -42.289015, -7.179737 ], [ -42.288491, -7.179462 ], [ -42.288120999999897, -7.1791 ], [ -42.287182, -7.178437 ], [ -42.286285, -7.178032 ], [ -42.285765, -7.177951 ], [ -42.285108, -7.177647 ], [ -42.284807, -7.177387 ], [ -42.284360999999898, -7.176932 ], [ -42.2841483999999, -7.17655739999998 ], [ -42.28397, -7.176243 ], [ -42.282006, -7.174436 ], [ -42.280616, -7.17364 ], [ -42.280014999999899, -7.173448 ], [ -42.279559999999897, -7.173155 ], [ -42.278474, -7.172393 ], [ -42.277538999999898, -7.171818 ], [ -42.276959, -7.171589 ], [ -42.2764453, -7.17153449999995 ], [ -42.276412, -7.171531 ], [ -42.275708, -7.171476 ], [ -42.275106999999899, -7.17134 ], [ -42.2749668, -7.17129049999994 ], [ -42.274781, -7.171225 ], [ -42.274532, -7.171166 ], [ -42.274219, -7.171183 ], [ -42.273764, -7.171289 ], [ -42.273026, -7.171481 ], [ -42.272039, -7.171813 ], [ -42.271543999999899, -7.172118 ], [ -42.270556999999897, -7.172761 ], [ -42.269713, -7.173418 ], [ -42.268712999999899, -7.174193 ], [ -42.268343, -7.174529 ], [ -42.268098, -7.175015 ], [ -42.267503, -7.176034 ], [ -42.267215, -7.176371 ], [ -42.2670692, -7.17644719999993 ], [ -42.266841999999897, -7.176566 ], [ -42.265928, -7.176766 ], [ -42.265645499999899, -7.17677389999994 ], [ -42.2655066, -7.17677779999997 ], [ -42.265197999999899, -7.176637 ], [ -42.264765, -7.176484 ], [ -42.26413, -7.176348 ], [ -42.263366, -7.176175 ], [ -42.262774, -7.176106 ], [ -42.261688, -7.17583 ], [ -42.261357, -7.175758 ], [ -42.261215999999898, -7.175685 ], [ -42.260975, -7.175502 ], [ -42.260774, -7.17534 ], [ -42.26007, -7.174969 ], [ -42.259808, -7.174822 ], [ -42.259327, -7.174524 ], [ -42.258938, -7.1742 ], [ -42.258574, -7.173849 ], [ -42.258218, -7.17359 ], [ -42.25752, -7.173293 ], [ -42.256896, -7.1731 ], [ -42.256509999999899, -7.173087 ], [ -42.255963, -7.173126 ], [ -42.255388, -7.173074 ], [ -42.254808, -7.172966 ], [ -42.254027999999899, -7.172659 ], [ -42.253317, -7.172186 ], [ -42.253013, -7.171995 ], [ -42.252733, -7.171888 ], [ -42.252206, -7.171776 ], [ -42.251666999999898, -7.171613 ], [ -42.250664, -7.171162 ], [ -42.250057, -7.170938 ], [ -42.249515, -7.170683 ], [ -42.2491582, -7.17049639999993 ], [ -42.248858, -7.170257 ], [ -42.248614, -7.169921 ], [ -42.248433, -7.169462 ], [ -42.248385599999899, -7.16927779999997 ], [ -42.248352, -7.169147 ], [ -42.24824, -7.168815 ], [ -42.247926999999898, -7.168055 ], [ -42.247936, -7.167468 ], [ -42.248026, -7.167089 ], [ -42.248451, -7.166199 ], [ -42.248453, -7.165657 ], [ -42.248537999999897, -7.164023 ], [ -42.248286999999898, -7.163485 ], [ -42.247498, -7.162251 ], [ -42.245967, -7.159919 ], [ -42.2451, -7.158617 ], [ -42.244169999999897, -7.158072 ], [ -42.243861, -7.157518 ], [ -42.242788, -7.155539 ], [ -42.242328, -7.154751 ], [ -42.241937, -7.154155 ], [ -42.241662, -7.154019 ], [ -42.241169, -7.15387 ], [ -42.24092, -7.153725 ], [ -42.240686, -7.153411 ], [ -42.240299999999898, -7.152624 ], [ -42.239562, -7.151182 ], [ -42.239283, -7.150246 ], [ -42.239145, -7.149982 ], [ -42.238467, -7.148931 ], [ -42.238038, -7.148127 ], [ -42.237825, -7.147814 ], [ -42.237005, -7.146827 ], [ -42.236471, -7.146108 ], [ -42.236273, -7.145636 ], [ -42.236037, -7.145151 ], [ -42.23575, -7.144691 ], [ -42.235011, -7.143667 ], [ -42.234035999999897, -7.142258 ], [ -42.233574, -7.141493 ], [ -42.23299, -7.140365 ], [ -42.232478, -7.139369 ], [ -42.231336999999897, -7.138228 ], [ -42.230644, -7.137778 ], [ -42.229773, -7.137437 ], [ -42.229275, -7.137084 ], [ -42.228071, -7.136289 ], [ -42.226874, -7.135604 ], [ -42.226028, -7.135276 ], [ -42.22547, -7.13514 ], [ -42.224273, -7.134995 ], [ -42.223531, -7.134927 ], [ -42.223063, -7.134841 ], [ -42.221797, -7.134487 ], [ -42.221312, -7.134419 ], [ -42.217819, -7.134271 ], [ -42.216793, -7.134224 ], [ -42.215527, -7.133782 ], [ -42.214978, -7.133646 ], [ -42.211738, -7.132905 ], [ -42.210815, -7.132709 ], [ -42.21042, -7.132577 ], [ -42.209918, -7.132318 ], [ -42.209575, -7.132028 ], [ -42.209128, -7.131573 ], [ -42.208768, -7.131241 ], [ -42.207013, -7.129849 ], [ -42.199849, -7.123005 ], [ -42.198425, -7.121889 ], [ -42.197181, -7.120965 ], [ -42.1951238, -7.11942859999994 ], [ -42.194203, -7.118741 ], [ -42.192456, -7.117532 ], [ -42.19155, -7.116885 ], [ -42.190623, -7.116302 ], [ -42.189282999999897, -7.115293 ], [ -42.188837, -7.115038 ], [ -42.185996, -7.112953 ], [ -42.185146, -7.112408 ], [ -42.184451, -7.111804 ], [ -42.182992, -7.110799 ], [ -42.1815879, -7.10984079999997 ], [ -42.181342, -7.109673 ], [ -42.18032, -7.108954 ], [ -42.17938, -7.10826869999994 ], [ -42.179021, -7.108007 ], [ -42.177875, -7.107232 ], [ -42.177549, -7.107083 ], [ -42.175525999999898, -7.106633 ], [ -42.171357, -7.105678 ], [ -42.168408999999897, -7.10484 ], [ -42.1615007, -7.10978859999994 ], [ -42.156644, -7.113231 ], [ -42.150018, -7.117827 ], [ -42.146655, -7.120249 ], [ -42.140709, -7.124355 ], [ -42.137392, -7.126583 ], [ -42.131529999999898, -7.130533 ], [ -42.130616, -7.131319 ], [ -42.123801, -7.135932 ], [ -42.115389, -7.141516 ], [ -42.113042, -7.14323 ], [ -42.0963671, -7.15455429999997 ], [ -42.0904854999999, -7.17688219999997 ], [ -42.066370999999897, -7.26519559999997 ] ] ] ] } },
{ "type": "Feature", "properties": { "CD_MUN": "2210391", "NM_MUN": "São Miguel do Fidalgo", "CD_RGI": "220011", "NM_RGI": "Oeiras", "CD_RGINT": "2203", "NM_RGINT": "Picos", "CD_UF": "22", "NM_UF": "Piauí", "SIGLA_UF": "PI", "CD_REGIAO": "2", "NM_REGIAO": "Nordeste", "SIGLA_RG": "NE", "CD_CONCURB": null, "NM_CONCURB": null, "AREA_KM2": 813.444 }, "geometry": { "type": "MultiPolygon", "coordinates": [ [ [ [ -42.2837028, -7.64083189999997 ], [ -42.1969443, -7.715721 ], [ -42.1939493, -7.71831609999998 ], [ -42.1938928, -7.71836509999997 ], [ -42.189218299999901, -7.72241539999993 ], [ -42.3113777, -7.72356559999997 ], [ -42.311778699999898, -7.72356939999997 ], [ -42.3553759, -7.72397169999994 ], [ -42.3551705, -7.72470729999998 ], [ -42.355135899999901, -7.72562739999995 ], [ -42.3552223, -7.72640089999993 ], [ -42.3555547, -7.72723419999994 ], [ -42.355918899999899, -7.72776959999993 ], [ -42.3564994, -7.72821939999994 ], [ -42.3581814, -7.72894429999997 ], [ -42.358762199999902, -7.72945179999994 ], [ -42.3602107, -7.73143629999993 ], [ -42.361214899999901, -7.73197989999994 ], [ -42.3628373, -7.73246469999998 ], [ -42.3657494999999, -7.732781 ], [ -42.3690885, -7.73366179999994 ], [ -42.369805299999904, -7.73417289999998 ], [ -42.371083199999902, -7.73593129999995 ], [ -42.3727024, -7.73725109999998 ], [ -42.375943199999902, -7.73863549999993 ], [ -42.376615, -7.73926249999994 ], [ -42.3780027, -7.74144319999994 ], [ -42.3794614, -7.74266739999996 ], [ -42.3800777, -7.742909 ], [ -42.3810553, -7.74297419999994 ], [ -42.3836937, -7.74293119999993 ], [ -42.3848877, -7.74320509999995 ], [ -42.3860665999999, -7.74392359999996 ], [ -42.386704199999897, -7.74467289999996 ], [ -42.387183999999898, -7.74636839999994 ], [ -42.3878524, -7.74773909999993 ], [ -42.390482899999903, -7.74876509999996 ], [ -42.3912781, -7.74929169999996 ], [ -42.3931845, -7.75108469999998 ], [ -42.394895399999903, -7.75201339999995 ], [ -42.3977783, -7.75221189999996 ], [ -42.4026668, -7.75298339999995 ], [ -42.4040451, -7.75334829999997 ], [ -42.406034299999902, -7.75425069999994 ], [ -42.4088159, -7.75581359999995 ], [ -42.410423099999903, -7.75632819999993 ], [ -42.4128504, -7.75631409999994 ], [ -42.4158126, -7.757153 ], [ -42.4765034, -7.70174329999998 ], [ -42.4847733, -7.61721209999996 ], [ -42.483214299999901, -7.56004229999996 ], [ -42.485057, -7.55518589999997 ], [ -42.4851274, -7.55499949999995 ], [ -42.4851692, -7.554889 ], [ -42.4852074, -7.55478819999996 ], [ -42.4875364, -7.54865119999994 ], [ -42.488196899999899, -7.54443449999997 ], [ -42.4889777, -7.53697259999996 ], [ -42.488729099999901, -7.52600239999992 ], [ -42.4831639, -7.52804649999996 ], [ -42.4821274, -7.52842719999995 ], [ -42.4764747, -7.53067749999997 ], [ -42.468962299999902, -7.53261369999996 ], [ -42.4585577, -7.53460879999994 ], [ -42.4485018, -7.535357 ], [ -42.4444341, -7.53420279999995 ], [ -42.443371399999897, -7.53354129999997 ], [ -42.442722199999899, -7.53250309999993 ], [ -42.4413642, -7.53230659999997 ], [ -42.4398653, -7.53145289999998 ], [ -42.439139, -7.53126119999996 ], [ -42.438603999999899, -7.53130409999994 ], [ -42.4358794, -7.53288549999996 ], [ -42.435079, -7.53278579999994 ], [ -42.434504699999898, -7.53250409999993 ], [ -42.4331003, -7.53103669999996 ], [ -42.430485099999899, -7.53026939999995 ], [ -42.429710699999902, -7.52984239999995 ], [ -42.4290849, -7.52918069999993 ], [ -42.42849, -7.52720319999997 ], [ -42.428105699999897, -7.52649449999996 ], [ -42.4273674, -7.52621119999998 ], [ -42.4236913, -7.52647069999995 ], [ -42.4213955, -7.524951 ], [ -42.4206697, -7.52457219999997 ], [ -42.4197981, -7.52442549999995 ], [ -42.4128628, -7.52805029999996 ], [ -42.411840599999898, -7.52898479999993 ], [ -42.4104214, -7.53076109999995 ], [ -42.4094972, -7.53155629999998 ], [ -42.406436299999903, -7.536096 ], [ -42.4020191, -7.53653979999996 ], [ -42.401849, -7.53657809999993 ], [ -42.4012053, -7.53672269999993 ], [ -42.4010005, -7.53676869999993 ], [ -42.4006064, -7.53678019999995 ], [ -42.3997133, -7.53680619999994 ], [ -42.398630899999901, -7.53658569999993 ], [ -42.398080799999903, -7.53647359999997 ], [ -42.3949653, -7.53583879999996 ], [ -42.3918652999999, -7.53483359999996 ], [ -42.3868596, -7.53250229999998 ], [ -42.3831838, -7.53060089999997 ], [ -42.3813503, -7.529321 ], [ -42.378669, -7.52714229999998 ], [ -42.3742037, -7.522624 ], [ -42.3710766, -7.51920079999996 ], [ -42.3693431, -7.51693509999996 ], [ -42.3660518, -7.51183939999993 ], [ -42.363557699999902, -7.50712519999996 ], [ -42.360318999999897, -7.50171989999996 ], [ -42.3558694, -7.49531089999994 ], [ -42.3481379, -7.48230369999993 ], [ -42.347057699999901, -7.48027689999998 ], [ -42.3460464, -7.47956549999998 ], [ -42.3410736, -7.47535229999994 ], [ -42.3375277, -7.47213509999995 ], [ -42.3200279, -7.45706029999997 ], [ -42.3192903, -7.45624969999994 ], [ -42.319159199999902, -7.45581609999994 ], [ -42.314181699999899, -7.43934719999993 ], [ -42.312097299999898, -7.43154369999996 ], [ -42.306576499999899, -7.43192579999993 ], [ -42.3062422, -7.43194779999993 ], [ -42.304972399999897, -7.43203629999994 ], [ -42.3047789, -7.43204959999997 ], [ -42.2185147, -7.43800519999996 ], [ -42.1703802, -7.52149449999996 ], [ -42.2163535, -7.62292239999994 ], [ -42.219312, -7.62945149999996 ], [ -42.2991891, -7.627448 ], [ -42.2842413, -7.64036709999993 ], [ -42.2837028, -7.64083189999997 ] ] ] ] } },
{ "type": "Feature", "properties": { "CD_MUN": "2210375", "NM_MUN": "São Luis do Piauí", "CD_RGI": "220009", "NM_RGI": "Picos", "CD_RGINT": "2203", "NM_RGINT": "Picos", "CD_UF": "22", "NM_UF": "Piauí", "SIGLA_UF": "PI", "CD_REGIAO": "2", "NM_REGIAO": "Nordeste", "SIGLA_RG": "NE", "CD_CONCURB": null, "NM_CONCURB": null, "AREA_KM2": 238.099 }, "geometry": { "type": "MultiPolygon", "coordinates": [ [ [ [ -41.3329337, -6.80849279999995 ], [ -41.3265681, -6.80535919999994 ], [ -41.325143, -6.80502709999996 ], [ -41.3240871, -6.804657 ], [ -41.3232366, -6.80381979999993 ], [ -41.323201099999899, -6.80344579999996 ], [ -41.3231238, -6.80263179999997 ], [ -41.322739199999901, -6.80062889999994 ], [ -41.323311499999903, -6.79819769999995 ], [ -41.3226791, -6.79672009999996 ], [ -41.3219175, -6.79541929999993 ], [ -41.3183007, -6.79395919999996 ], [ -41.314053499999901, -6.79382649999997 ], [ -41.313141, -6.79256559999993 ], [ -41.313074599999901, -6.79140429999995 ], [ -41.3138046, -6.78881609999996 ], [ -41.313605499999902, -6.78563069999996 ], [ -41.313949, -6.78219189999993 ], [ -41.313096599999902, -6.77999689999996 ], [ -41.3138834, -6.77790349999998 ], [ -41.3151609, -6.77660939999993 ], [ -41.316902899999903, -6.77548129999997 ], [ -41.3172264, -6.77504989999994 ], [ -41.3173426, -6.77470149999994 ], [ -41.317707599999899, -6.77213819999997 ], [ -41.317836199999903, -6.77049159999996 ], [ -41.3165587, -6.76605349999994 ], [ -41.316492299999901, -6.76542309999996 ], [ -41.3177175, -6.75749139999994 ], [ -41.3177532, -6.75726039999995 ], [ -41.3174493, -6.75623009999993 ], [ -41.3162766, -6.75225409999996 ], [ -41.315953099999902, -6.75170669999994 ], [ -41.3117556, -6.74890279999994 ], [ -41.3113906, -6.74853779999995 ], [ -41.3094245999999, -6.74409559999998 ], [ -41.3093873, -6.74388409999995 ], [ -41.3091633, -6.74008889999993 ], [ -41.309188199999902, -6.73983169999997 ], [ -41.3108473, -6.73479649999996 ], [ -41.3119215, -6.73413289999996 ], [ -41.3148239, -6.73291219999993 ], [ -41.315697, -6.73202959999998 ], [ -41.315852199999902, -6.73187189999993 ], [ -41.3157208, -6.729564 ], [ -41.3133715, -6.725907 ], [ -41.3100747, -6.719543 ], [ -41.307218, -6.71552629999996 ], [ -41.305791199999902, -6.701955 ], [ -41.2816255, -6.67675889999992 ], [ -41.2803299, -6.67540809999997 ], [ -41.2662984, -6.67140529999995 ], [ -41.2651263, -6.67091279999994 ], [ -41.263581299999899, -6.67140309999996 ], [ -41.262378, -6.67220319999996 ], [ -41.26099, -6.673 ], [ -41.2594091, -6.67359509999994 ], [ -41.2581094, -6.67431729999993 ], [ -41.2569677, -6.67476819999996 ], [ -41.2559646, -6.67479579999997 ], [ -41.255068299999898, -6.674705 ], [ -41.2129403, -6.66757989999996 ], [ -41.2090378, -6.67766169999993 ], [ -41.206874099999901, -6.679378 ], [ -41.201219599999902, -6.68386319999996 ], [ -41.1952001, -6.69091459999993 ], [ -41.1952, -6.69091529999997 ], [ -41.195198499999897, -6.69091649999996 ], [ -41.189851, -6.69718519999998 ], [ -41.189431699999901, -6.69766689999994 ], [ -41.1867463, -6.70056629999993 ], [ -41.180013, -6.70786949999996 ], [ -41.1800471, -6.72594579999998 ], [ -41.1938398, -6.74403149999995 ], [ -41.1930705, -6.74687309999996 ], [ -41.1928422, -6.74727589999998 ], [ -41.1913781, -6.74899719999996 ], [ -41.1913741, -6.74900439999993 ], [ -41.1913582, -6.74903239999998 ], [ -41.1911625, -6.74937869999997 ], [ -41.19042, -6.75389259999997 ], [ -41.190467899999902, -6.75441619999998 ], [ -41.1917445, -6.759711 ], [ -41.193486199999903, -6.76391619999993 ], [ -41.1934939, -6.763936 ], [ -41.1937642, -6.76429659999997 ], [ -41.1939293, -6.76457739999995 ], [ -41.1939313, -6.76458 ], [ -41.1944563, -6.76479349999994 ], [ -41.1948633, -6.76504439999997 ], [ -41.1951898, -6.76543339999995 ], [ -41.1952724, -6.76560859999995 ], [ -41.1953103, -6.76568839999993 ], [ -41.195476799999902, -6.76604129999993 ], [ -41.195619899999897, -6.76635779999998 ], [ -41.195691699999898, -6.76651649999997 ], [ -41.1959127, -6.76724429999996 ], [ -41.1962091, -6.76761449999998 ], [ -41.1964962, -6.76777579999998 ], [ -41.196784099999903, -6.76792879999994 ], [ -41.1972438, -6.76793249999997 ], [ -41.1974635, -6.76809359999993 ], [ -41.1975287, -6.76814269999994 ], [ -41.1978377, -6.76831009999995 ], [ -41.1981519, -6.76865109999994 ], [ -41.1981971, -6.76874489999994 ], [ -41.1983714, -6.76910389999995 ], [ -41.199559099999902, -6.76963489999997 ], [ -41.200746, -6.77036629999998 ], [ -41.2007541, -6.77038079999994 ], [ -41.201169799999903, -6.77112339999996 ], [ -41.2014564, -6.77179939999996 ], [ -41.201832599999904, -6.77211659999995 ], [ -41.2021126, -6.77246779999996 ], [ -41.2022431, -6.77261019999997 ], [ -41.2024059, -6.77267989999996 ], [ -41.2027345, -6.77280139999993 ], [ -41.2030985, -6.77293589999994 ], [ -41.203124, -6.77294529999995 ], [ -41.2033284, -6.77302089999995 ], [ -41.204325599999898, -6.77383019999996 ], [ -41.2045312, -6.77405959999993 ], [ -41.2045401, -6.77406959999996 ], [ -41.204540999999899, -6.77407049999994 ], [ -41.204549299999897, -6.77407969999996 ], [ -41.2048652, -6.77443209999996 ], [ -41.205272, -6.77480559999998 ], [ -41.2058751, -6.77596189999997 ], [ -41.2062215, -6.77708839999997 ], [ -41.20652, -6.77841069999994 ], [ -41.206872299999901, -6.77896219999997 ], [ -41.2070616, -6.779158 ], [ -41.207296299999904, -6.77940089999993 ], [ -41.2074038, -6.77944809999997 ], [ -41.2075459, -6.77951039999994 ], [ -41.208215799999898, -6.77980409999998 ], [ -41.2084341, -6.77990779999993 ], [ -41.2087413, -6.78005319999994 ], [ -41.2090719, -6.780649 ], [ -41.2091637, -6.78083839999994 ], [ -41.209320499999897, -6.781162 ], [ -41.209625, -6.78139319999997 ], [ -41.2101445, -6.781245 ], [ -41.210258, -6.78109569999998 ], [ -41.2107715, -6.78042079999994 ], [ -41.211074499999903, -6.780526 ], [ -41.2114177999999, -6.78096839999995 ], [ -41.2114753, -6.78108849999995 ], [ -41.2115434, -6.78123059999996 ], [ -41.2118209, -6.78180979999996 ], [ -41.2119018, -6.78199079999996 ], [ -41.2120245, -6.78226559999996 ], [ -41.2122658, -6.78280589999997 ], [ -41.212615099999901, -6.78335729999998 ], [ -41.212958399999899, -6.78368039999998 ], [ -41.213224099999898, -6.78349369999995 ], [ -41.213271899999903, -6.78316159999997 ], [ -41.213565699999897, -6.78278159999996 ], [ -41.2135732, -6.78277709999998 ], [ -41.214054099999899, -6.78249159999996 ], [ -41.2147684, -6.78284169999995 ], [ -41.215433399999903, -6.78316759999996 ], [ -41.216046499999898, -6.78350389999997 ], [ -41.216156, -6.783808 ], [ -41.2160817, -6.78412519999995 ], [ -41.216618099999899, -6.78459019999997 ], [ -41.2166374, -6.78461889999994 ], [ -41.2172069, -6.78502049999997 ], [ -41.2178458, -6.78563709999997 ], [ -41.2178458, -6.78594549999997 ], [ -41.218430899999902, -6.78669849999994 ], [ -41.219248999999898, -6.78717279999995 ], [ -41.219486699999898, -6.78755629999995 ], [ -41.2197282, -6.78778059999996 ], [ -41.2200506, -6.78790809999998 ], [ -41.220298399999898, -6.78808149999998 ], [ -41.220723, -6.78821159999995 ], [ -41.2186872999999, -6.79679219999997 ], [ -41.2162658, -6.80714709999995 ], [ -41.2137056, -6.81809459999994 ], [ -41.213699899999902, -6.81811919999996 ], [ -41.2204417, -6.82002569999997 ], [ -41.22278, -6.82068689999994 ], [ -41.2299985, -6.82272819999997 ], [ -41.257460299999899, -6.83049389999996 ], [ -41.2595064, -6.83857379999995 ], [ -41.2598796, -6.84004749999997 ], [ -41.2601127, -6.840968 ], [ -41.2612751, -6.84555819999997 ], [ -41.2614272, -6.846159 ], [ -41.2614364, -6.84619529999998 ], [ -41.2617152, -6.847296 ], [ -41.2621518, -6.84902039999997 ], [ -41.2660695, -6.85155689999993 ], [ -41.269046199999899, -6.85217369999998 ], [ -41.2722239, -6.85185439999998 ], [ -41.276105399999899, -6.85164989999993 ], [ -41.2805485, -6.85202369999996 ], [ -41.2811995, -6.85247079999994 ], [ -41.2831573, -6.85248739999997 ], [ -41.2857122, -6.851492 ], [ -41.288283799999903, -6.85253719999997 ], [ -41.2905473, -6.85208259999996 ], [ -41.2924277, -6.85226819999997 ], [ -41.2940616, -6.85216239999994 ], [ -41.295113199999903, -6.85209439999994 ], [ -41.295677199999901, -6.85205779999995 ], [ -41.2964461, -6.852057 ], [ -41.2997619, -6.85205319999994 ], [ -41.3020117, -6.85318529999995 ], [ -41.3102991, -6.85285569999996 ], [ -41.3183422, -6.85268579999996 ], [ -41.3183862, -6.85363649999994 ], [ -41.3184431, -6.85483849999997 ], [ -41.318412899999899, -6.855404 ], [ -41.3183819, -6.85593589999996 ], [ -41.318137, -6.85727429999997 ], [ -41.318755399999901, -6.85830589999995 ], [ -41.3197463, -6.858707 ], [ -41.320116799999902, -6.86006469999995 ], [ -41.320182, -6.86066579999994 ], [ -41.320310499999898, -6.86185019999994 ], [ -41.320215899999901, -6.86378029999997 ], [ -41.319939599999898, -6.86452839999993 ], [ -41.3200012, -6.86629509999995 ], [ -41.320010399999902, -6.86630379999997 ], [ -41.3200325, -6.86632549999996 ], [ -41.3200529, -6.86634539999994 ], [ -41.3200831, -6.866375 ], [ -41.320407799999899, -6.86669169999993 ], [ -41.3207234, -6.86699929999997 ], [ -41.3207826, -6.86705719999998 ], [ -41.3210045, -6.86727259999998 ], [ -41.3211471, -6.867086 ], [ -41.322488, -6.86529749999994 ], [ -41.324677, -6.86404119999997 ], [ -41.326652099999897, -6.86355689999994 ], [ -41.3285162, -6.86400579999997 ], [ -41.329535099999902, -6.86425179999998 ], [ -41.3296318, -6.86432059999993 ], [ -41.331112, -6.865383 ], [ -41.3320399, -6.86604139999997 ], [ -41.334381, -6.86702069999996 ], [ -41.3345608, -6.86694869999997 ], [ -41.3361143, -6.86611329999994 ], [ -41.336247199999903, -6.86604179999995 ], [ -41.336430499999899, -6.86573839999994 ], [ -41.336779099999902, -6.86516119999993 ], [ -41.337147699999903, -6.864544 ], [ -41.337214399999901, -6.86398959999997 ], [ -41.3372811999999, -6.86343509999995 ], [ -41.3366194, -6.85982549999994 ], [ -41.3343939, -6.85740609999993 ], [ -41.3319549, -6.85580749999997 ], [ -41.330714199999903, -6.85245649999996 ], [ -41.331234799999898, -6.850496 ], [ -41.331338699999897, -6.85044449999998 ], [ -41.3328458, -6.85059989999996 ], [ -41.333729199999901, -6.85090979999995 ], [ -41.3338332, -6.85080669999996 ], [ -41.334300299999903, -6.84972349999993 ], [ -41.3337276, -6.84838239999993 ], [ -41.332845899999903, -6.84714349999996 ], [ -41.331758099999902, -6.84451009999998 ], [ -41.332128899999901, -6.84212949999994 ], [ -41.3313077, -6.84011229999993 ], [ -41.3357606, -6.82880639999996 ], [ -41.3357665999999, -6.82878329999994 ], [ -41.3361368, -6.82693339999997 ], [ -41.3365008, -6.82540709999995 ], [ -41.336691599999902, -6.82474349999995 ], [ -41.3373338, -6.82378629999994 ], [ -41.3373621, -6.82374409999994 ], [ -41.3375543, -6.82345769999995 ], [ -41.3372039, -6.82199279999998 ], [ -41.3373137, -6.82074509999995 ], [ -41.3367612, -6.81990259999998 ], [ -41.3346792, -6.81681479999997 ], [ -41.3340411, -6.81552939999995 ], [ -41.3337749, -6.81470249999995 ], [ -41.3337935, -6.81389059999998 ], [ -41.334356, -6.81319159999993 ], [ -41.3350616, -6.81263689999997 ], [ -41.335096399999898, -6.81260889999993 ], [ -41.335118, -6.811641 ], [ -41.3341986, -6.81048659999993 ], [ -41.333727699999898, -6.810186 ], [ -41.3332882999999, -6.80990549999996 ], [ -41.3329337, -6.80849279999995 ] ] ] ] } },
{ "type": "Feature", "properties": { "CD_MUN": "2210805", "NM_MUN": "Simplício Mendes", "CD_RGI": "220012", "NM_RGI": "Simplício Mendes", "CD_RGINT": "2203", "NM_RGINT": "Picos", "CD_UF": "22", "NM_UF": "Piauí", "SIGLA_UF": "PI", "CD_REGIAO": "2", "NM_REGIAO": "Nordeste", "SIGLA_RG": "NE", "CD_CONCURB": null, "NM_CONCURB": null, "AREA_KM2": 1360.04 }, "geometry": { "type": "MultiPolygon", "coordinates": [ [ [ [ -41.8627372, -7.93050989999995 ], [ -41.8628069, -7.93045469999993 ], [ -41.8628181999999, -7.93044559999993 ], [ -41.8629261, -7.93036009999997 ], [ -41.863216399999899, -7.93018009999997 ], [ -41.8636013, -7.92964989999996 ], [ -41.8637002, -7.92950239999993 ], [ -41.8636741, -7.92943419999995 ], [ -41.8636769, -7.92919029999996 ], [ -41.8638374, -7.92896019999995 ], [ -41.863976099999903, -7.92889859999997 ], [ -41.8642445, -7.92878349999995 ], [ -41.864615, -7.92864149999997 ], [ -41.8647606, -7.92858569999993 ], [ -41.8648717, -7.92856569999998 ], [ -41.8651934, -7.928508 ], [ -41.8653252, -7.92839589999994 ], [ -41.8653332, -7.92831719999998 ], [ -41.8653049, -7.928024 ], [ -41.865229999999897, -7.92762689999995 ], [ -41.8651952, -7.92733879999997 ], [ -41.864980699999897, -7.92677009999994 ], [ -41.8647789, -7.92629779999993 ], [ -41.864579299999903, -7.92580219999996 ], [ -41.864503, -7.92547859999996 ], [ -41.864511, -7.92531879999996 ], [ -41.864729, -7.92520939999997 ], [ -41.865249499999898, -7.92494309999995 ], [ -41.8659158, -7.92451769999997 ], [ -41.8666145, -7.92404969999996 ], [ -41.8670723, -7.923869 ], [ -41.8673783, -7.92383739999997 ], [ -41.8674553, -7.92380419999995 ], [ -41.8680229, -7.92310239999995 ], [ -41.868251799999904, -7.92278439999995 ], [ -41.8686097, -7.92243759999997 ], [ -41.8691855, -7.921851 ], [ -41.8694507, -7.92156159999996 ], [ -41.8696926, -7.92117009999993 ], [ -41.8699695, -7.92068829999994 ], [ -41.8701177, -7.92043539999997 ], [ -41.8704322, -7.92005029999996 ], [ -41.8707952, -7.919633 ], [ -41.870913899999898, -7.91943329999998 ], [ -41.871112, -7.91921579999996 ], [ -41.871214, -7.91899929999994 ], [ -41.8713140999999, -7.91883959999996 ], [ -41.8716522, -7.91849929999995 ], [ -41.872172, -7.91808449999996 ], [ -41.872939099999897, -7.91740079999994 ], [ -41.8733444, -7.91702219999996 ], [ -41.8734562, -7.91685549999994 ], [ -41.873613299999903, -7.91655729999997 ], [ -41.873796399999897, -7.91615649999994 ], [ -41.874074999999898, -7.91583139999995 ], [ -41.8743981, -7.915443 ], [ -41.8746363, -7.915036 ], [ -41.8749943, -7.91442449999994 ], [ -41.8754559, -7.91371229999993 ], [ -41.875737699999902, -7.91309419999993 ], [ -41.875868, -7.91277339999994 ], [ -41.8761355, -7.91211459999994 ], [ -41.8763311, -7.91178179999997 ], [ -41.8767836, -7.91136909999994 ], [ -41.877132399999901, -7.91085539999995 ], [ -41.8773744, -7.91018059999993 ], [ -41.877423399999898, -7.90984279999998 ], [ -41.8775911, -7.909535 ], [ -41.8778071, -7.90923019999997 ], [ -41.8781068, -7.90866319999998 ], [ -41.8782087, -7.90827849999994 ], [ -41.878257899999902, -7.90794809999994 ], [ -41.8783347, -7.907116 ], [ -41.8783827, -7.90642549999995 ], [ -41.8785185999999, -7.90583079999993 ], [ -41.878902099999898, -7.90477259999994 ], [ -41.8794593, -7.90394249999997 ], [ -41.879713599999903, -7.90371119999998 ], [ -41.8799447, -7.90353669999996 ], [ -41.8800206, -7.90332049999995 ], [ -41.8800608, -7.902779 ], [ -41.8799782, -7.90251139999998 ], [ -41.8798264, -7.90225369999996 ], [ -41.879778, -7.90203829999996 ], [ -41.8798398, -7.90177389999997 ], [ -41.8799266, -7.90145379999996 ], [ -41.880060699999902, -7.90123459999995 ], [ -41.8803232, -7.90095579999996 ], [ -41.8806886, -7.90064769999998 ], [ -41.8810584, -7.90038459999994 ], [ -41.881240499999898, -7.90018049999998 ], [ -41.8812693, -7.899983 ], [ -41.8812449, -7.89974269999993 ], [ -41.881123499999902, -7.89951849999994 ], [ -41.8810311, -7.89908739999993 ], [ -41.8808271, -7.898746 ], [ -41.8807475999999, -7.898492 ], [ -41.8807757, -7.89817509999995 ], [ -41.8808462, -7.89789669999993 ], [ -41.880842599999902, -7.89778629999995 ], [ -41.8807833, -7.89755749999995 ], [ -41.8806231, -7.89734409999994 ], [ -41.8803733, -7.89708059999998 ], [ -41.8802534, -7.89697029999996 ], [ -41.8801227, -7.89678419999996 ], [ -41.8800539, -7.89652 ], [ -41.880063999999898, -7.89632429999995 ], [ -41.880143099999898, -7.89616009999997 ], [ -41.880264899999901, -7.89605139999998 ], [ -41.8804329, -7.89596419999998 ], [ -41.880884, -7.89584839999998 ], [ -41.8815552, -7.89569879999993 ], [ -41.8817873, -7.89560709999995 ], [ -41.8819331, -7.89552909999998 ], [ -41.882132899999903, -7.89536839999994 ], [ -41.882708, -7.89495009999996 ], [ -41.8834535, -7.89447529999995 ], [ -41.8839518, -7.89416489999996 ], [ -41.8850651, -7.89341629999996 ], [ -41.8854734, -7.89318729999997 ], [ -41.8856883999999, -7.89298809999997 ], [ -41.885691199999897, -7.89294579999995 ], [ -41.885649, -7.892664 ], [ -41.885682099999897, -7.89232869999995 ], [ -41.885802899999902, -7.89203309999994 ], [ -41.885985199999901, -7.89167109999994 ], [ -41.8860223, -7.89138409999993 ], [ -41.885967299999898, -7.89107449999995 ], [ -41.8859189, -7.89078739999997 ], [ -41.8859383, -7.89068529999997 ], [ -41.8866576, -7.89032779999997 ], [ -41.887774299999897, -7.88981269999994 ], [ -41.8879466, -7.88983309999998 ], [ -41.8881256, -7.88989909999998 ], [ -41.8883595, -7.88988649999993 ], [ -41.8885146, -7.88986159999996 ], [ -41.8890061, -7.88991739999994 ], [ -41.8897049, -7.88998169999996 ], [ -41.889890599999902, -7.88992019999995 ], [ -41.889961899999903, -7.88976809999997 ], [ -41.8899385, -7.88957449999998 ], [ -41.8898674, -7.88927079999996 ], [ -41.8898002, -7.88898689999996 ], [ -41.889778799999903, -7.88883669999996 ], [ -41.889802099999898, -7.88864719999998 ], [ -41.8898136, -7.88842339999997 ], [ -41.8898803, -7.88804739999995 ], [ -41.8900073, -7.88768219999997 ], [ -41.8900927, -7.88737079999993 ], [ -41.8902588, -7.88716719999996 ], [ -41.8903865999999, -7.88690739999993 ], [ -41.8905928, -7.88624519999996 ], [ -41.8906049, -7.88584339999994 ], [ -41.8906054999999, -7.885796 ], [ -41.8906072, -7.88559769999995 ], [ -41.89244, -7.88552129999994 ], [ -41.8936054, -7.88547339999997 ], [ -41.8947841, -7.88541759999993 ], [ -41.8961791, -7.88535329999996 ], [ -41.8970571999999, -7.88529109999996 ], [ -41.8973837, -7.88521 ], [ -41.8981656999999, -7.88486389999997 ], [ -41.899303, -7.88425269999993 ], [ -41.9008592, -7.88342579999994 ], [ -41.9020586, -7.88278869999994 ], [ -41.9032002, -7.882208 ], [ -41.9041147, -7.88168909999996 ], [ -41.9044504, -7.88151439999996 ], [ -41.9050855, -7.88117159999996 ], [ -41.906407199999897, -7.88045129999995 ], [ -41.906511599999902, -7.88039379999998 ], [ -41.9065634, -7.88036539999996 ], [ -41.907486999999897, -7.879857 ], [ -41.908985, -7.87899969999995 ], [ -41.910141699999897, -7.87832679999997 ], [ -41.911196, -7.87768219999998 ], [ -41.912236, -7.87705639999996 ], [ -41.9128999, -7.87664559999996 ], [ -41.9132298, -7.87639829999995 ], [ -41.9135994, -7.87604319999997 ], [ -41.914010699999899, -7.875643 ], [ -41.9140277, -7.875628 ], [ -41.9147608, -7.87667079999994 ], [ -41.9152577999999, -7.877374 ], [ -41.9160388, -7.878437 ], [ -41.916465199999898, -7.87895539999994 ], [ -41.916786499999901, -7.87930089999998 ], [ -41.9174939, -7.87994689999994 ], [ -41.9188728, -7.881139 ], [ -41.9204002, -7.88252319999998 ], [ -41.9215177, -7.88348909999996 ], [ -41.9220708, -7.88398989999996 ], [ -41.922812099999902, -7.88465189999994 ], [ -41.9230727999999, -7.88491749999997 ], [ -41.9233343, -7.88527119999998 ], [ -41.9235351, -7.88564719999994 ], [ -41.9237467, -7.88639089999998 ], [ -41.924042299999897, -7.88773529999997 ], [ -41.9243172, -7.88890689999994 ], [ -41.9245342, -7.88983969999992 ], [ -41.9247515, -7.89053909999996 ], [ -41.9249288, -7.89094539999996 ], [ -41.925105099999897, -7.89128859999994 ], [ -41.9252369, -7.89148869999997 ], [ -41.925442299999901, -7.89179669999993 ], [ -41.9256437, -7.89205549999997 ], [ -41.9259503, -7.89238079999996 ], [ -41.9264238, -7.89289079999998 ], [ -41.9268637, -7.89340209999995 ], [ -41.927153099999899, -7.89374569999995 ], [ -41.9279422, -7.89460289999994 ], [ -41.9285159, -7.89524459999996 ], [ -41.929684, -7.89654949999994 ], [ -41.930873899999902, -7.89786869999995 ], [ -41.9319935, -7.89912809999993 ], [ -41.9330007, -7.90025139999995 ], [ -41.9343311, -7.90173749999997 ], [ -41.9355548, -7.90310489999996 ], [ -41.9368238, -7.90453029999998 ], [ -41.9383414, -7.90447509999996 ], [ -41.9743685, -7.90499769999997 ], [ -41.9983353, -7.90695 ], [ -41.9987434, -7.90697969999997 ], [ -42.0240272, -7.90881939999997 ], [ -42.021779099999897, -7.93654069999997 ], [ -42.0563637, -7.97444639999998 ], [ -42.0958016, -7.94993759999994 ], [ -42.096413599999899, -7.95081069999998 ], [ -42.0966362, -7.95112829999994 ], [ -42.0972955, -7.95206889999997 ], [ -42.097381599999899, -7.95219169999996 ], [ -42.1108421, -7.97140359999997 ], [ -42.1283137, -7.95852719999993 ], [ -42.125612799999899, -7.94422829999996 ], [ -42.1533607, -7.93712809999994 ], [ -42.171886399999899, -7.91852069999993 ], [ -42.184458999999897, -7.91714879999995 ], [ -42.1903808, -7.91657939999993 ], [ -42.1996682, -7.91515629999998 ], [ -42.202364499999902, -7.91433239999998 ], [ -42.2040871, -7.91358349999996 ], [ -42.2073826, -7.91283449999997 ], [ -42.2095547, -7.91208549999993 ], [ -42.2113522, -7.91126159999993 ], [ -42.2132996, -7.91036289999994 ], [ -42.2174189, -7.90849039999995 ], [ -42.220190199999898, -7.90729209999995 ], [ -42.222287299999898, -7.90669289999994 ], [ -42.224234599999903, -7.90601879999997 ], [ -42.2254426, -7.90601609999993 ], [ -42.2152045, -7.89448979999997 ], [ -42.2280299, -7.88502839999995 ], [ -42.1986995, -7.79665559999995 ], [ -42.198653299999897, -7.79651689999997 ], [ -42.198610899999899, -7.79638919999996 ], [ -42.1910002, -7.78639369999996 ], [ -42.1909537, -7.786329 ], [ -42.19044, -7.78565419999995 ], [ -42.160947, -7.74691059999998 ], [ -42.1632983, -7.74487149999993 ], [ -42.189218299999901, -7.72241539999993 ], [ -42.1938928, -7.71836509999997 ], [ -42.1939493, -7.71831609999998 ], [ -42.1969443, -7.715721 ], [ -42.2837028, -7.64083189999997 ], [ -42.2842413, -7.64036709999993 ], [ -42.2991891, -7.627448 ], [ -42.219312, -7.62945149999996 ], [ -42.2163535, -7.62292239999994 ], [ -42.1472929, -7.60474719999996 ], [ -42.060572, -7.58192419999995 ], [ -42.0657782, -7.59164409999994 ], [ -42.0529318, -7.604128 ], [ -42.0366112, -7.61990309999993 ], [ -42.0182902, -7.65049219999997 ], [ -41.9891742, -7.68205859999995 ], [ -41.980066899999898, -7.69250069999993 ], [ -41.9689602, -7.70523529999997 ], [ -41.968247399999903, -7.70670029999997 ], [ -41.9666331, -7.71001779999995 ], [ -41.966624099999898, -7.71003639999998 ], [ -41.950656, -7.74285309999993 ], [ -41.9380353, -7.752749 ], [ -41.9360771, -7.75428449999993 ], [ -41.9326392, -7.75698049999994 ], [ -41.904595599999901, -7.76214189999996 ], [ -41.8872259, -7.76789749999995 ], [ -41.8698001, -7.77367159999994 ], [ -41.8599712, -7.78991119999995 ], [ -41.8549884, -7.798144 ], [ -41.852779199999901, -7.80179419999996 ], [ -41.8397201, -7.81317569999993 ], [ -41.8207351, -7.81917569999996 ], [ -41.817640299999901, -7.82092919999997 ], [ -41.8159165, -7.82349449999998 ], [ -41.8147485, -7.825472 ], [ -41.8131673, -7.82722929999994 ], [ -41.8109178999999, -7.82816689999993 ], [ -41.805475699999903, -7.82708689999993 ], [ -41.8033525, -7.82548289999994 ], [ -41.800326299999902, -7.821204 ], [ -41.7991309, -7.81872539999995 ], [ -41.7980651, -7.81616429999997 ], [ -41.7862906, -7.816694 ], [ -41.773470099999898, -7.81658439999995 ], [ -41.774323, -7.82125379999997 ], [ -41.756159, -7.82436469999993 ], [ -41.7561254, -7.82437039999996 ], [ -41.7560309, -7.82438659999997 ], [ -41.7556117, -7.82445839999997 ], [ -41.7555856, -7.82446289999996 ], [ -41.7554033, -7.824494 ], [ -41.6873307, -7.83477879999998 ], [ -41.669955, -7.83666679999993 ], [ -41.674982499999899, -7.83956369999993 ], [ -41.6782213, -7.84061519999995 ], [ -41.7158499, -7.85283229999993 ], [ -41.7157429, -7.85370339999997 ], [ -41.715566, -7.85514509999996 ], [ -41.71152, -7.88811089999996 ], [ -41.7111889, -7.89054109999995 ], [ -41.707374, -7.91854609999996 ], [ -41.706702999999898, -7.92347219999994 ], [ -41.705158299999901, -7.93481189999994 ], [ -41.7049084, -7.93664649999994 ], [ -41.704624, -7.938734 ], [ -41.7086411, -7.94214159999996 ], [ -41.730416499999897, -7.96061719999994 ], [ -41.775038499999901, -7.93359429999998 ], [ -41.8199766, -7.93122259999996 ], [ -41.827452799999897, -7.93291389999996 ], [ -41.8560747, -7.93938879999996 ], [ -41.8567697, -7.93960479999993 ], [ -41.857093099999901, -7.93827279999994 ], [ -41.857270099999901, -7.93730089999997 ], [ -41.8574308, -7.93652009999994 ], [ -41.857489799999897, -7.93588839999995 ], [ -41.8575963, -7.93551509999998 ], [ -41.8577162, -7.93533579999996 ], [ -41.8579442, -7.935134 ], [ -41.858141499999903, -7.93491169999993 ], [ -41.858294199999897, -7.93482889999996 ], [ -41.8585418, -7.93466539999997 ], [ -41.858747, -7.93446959999994 ], [ -41.859100399999903, -7.93405089999993 ], [ -41.8593837, -7.93385169999993 ], [ -41.8599038999999, -7.93349129999996 ], [ -41.8603408, -7.93313559999996 ], [ -41.8607272, -7.93268309999996 ], [ -41.8611071999999, -7.93214939999996 ], [ -41.8613806, -7.931712 ], [ -41.8615143, -7.93151919999997 ], [ -41.8617781, -7.93127119999997 ], [ -41.8621077, -7.93102329999994 ], [ -41.8625508, -7.93065789999997 ], [ -41.8626489, -7.93058 ], [ -41.8627372, -7.93050989999995 ] ] ] ] } },
{ "type": "Feature", "properties": { "CD_MUN": "2202554", "NM_MUN": "Caridade do Piauí", "CD_RGI": "220010", "NM_RGI": "Paulistana", "CD_RGINT": "2203", "NM_RGINT": "Picos", "CD_UF": "22", "NM_UF": "Piauí", "SIGLA_UF": "PI", "CD_REGIAO": "2", "NM_REGIAO": "Nordeste", "SIGLA_RG": "NE", "CD_CONCURB": null, "NM_CONCURB": null, "AREA_KM2": 498.793 }, "geometry": { "type": "MultiPolygon", "coordinates": [ [ [ [ -41.099469999999897, -7.73857329999993 ], [ -41.0982607, -7.72063449999996 ], [ -41.098242899999903, -7.72041169999994 ], [ -41.097872, -7.71575369999994 ], [ -41.0955721999999, -7.71262909999996 ], [ -41.0955655, -7.71262 ], [ -41.0894665, -7.70433349999996 ], [ -41.067573599999903, -7.67458879999998 ], [ -41.0646, -7.64834049999996 ], [ -41.0641859, -7.64556889999994 ], [ -41.0243968999999, -7.63801509999996 ], [ -41.006018099999899, -7.63483019999995 ], [ -40.9993734, -7.62314949999995 ], [ -40.994065, -7.613225 ], [ -40.978567199999901, -7.61310179999998 ], [ -40.9629995, -7.61303329999993 ], [ -40.9442357, -7.59952659999993 ], [ -40.9442116, -7.599506 ], [ -40.9441669, -7.59947379999994 ], [ -40.942347799999901, -7.598164 ], [ -40.9421973, -7.59805649999993 ], [ -40.940659299999901, -7.59695719999996 ], [ -40.9263548, -7.59796429999994 ], [ -40.9140073, -7.59907009999995 ], [ -40.9001656, -7.60053679999993 ], [ -40.8926236, -7.61211969999994 ], [ -40.8854319, -7.62322859999995 ], [ -40.8740245, -7.62429939999993 ], [ -40.852129299999902, -7.62642459999995 ], [ -40.8466063, -7.63599179999994 ], [ -40.8465436, -7.63609239999994 ], [ -40.8465209, -7.63613749999996 ], [ -40.8284786, -7.66695029999994 ], [ -40.8032798, -7.68801229999997 ], [ -40.7974052, -7.69292249999995 ], [ -40.7985242, -7.70698729999998 ], [ -40.7985269, -7.707022 ], [ -40.7985504, -7.70731649999993 ], [ -40.799922599999903, -7.72456489999996 ], [ -40.8043397, -7.74989189999997 ], [ -40.8072698, -7.76668909999995 ], [ -40.8270759, -7.74192189999997 ], [ -40.8531211, -7.73059 ], [ -40.9012878999999, -7.73371909999997 ], [ -40.915592699999898, -7.774063 ], [ -40.9178057, -7.77599449999997 ], [ -40.9185891, -7.77647519999994 ], [ -40.9196641, -7.776744 ], [ -40.9207392, -7.77678239999995 ], [ -40.9213151, -7.77705109999994 ], [ -40.9221214, -7.77755019999995 ], [ -40.922543699999899, -7.77824129999993 ], [ -40.9228509, -7.77947 ], [ -40.9234268, -7.780353 ], [ -40.924425, -7.78123609999994 ], [ -40.925653699999899, -7.782004 ], [ -40.9265367, -7.78250309999993 ], [ -40.9274966, -7.78288709999993 ], [ -40.9280725, -7.78323259999996 ], [ -40.9287636, -7.78400049999993 ], [ -40.929493099999902, -7.78473 ], [ -40.930261, -7.78557469999993 ], [ -40.931067299999903, -7.78634259999995 ], [ -40.931912, -7.78737919999998 ], [ -40.9326798, -7.78849269999995 ], [ -40.9338317, -7.78991329999997 ], [ -40.934407599999901, -7.79118029999995 ], [ -40.9348299, -7.79260089999997 ], [ -40.935290699999904, -7.79375269999997 ], [ -40.935290699999904, -7.79505809999995 ], [ -40.9354441999999, -7.79621 ], [ -40.935904999999899, -7.79716979999995 ], [ -40.9366345, -7.79816809999994 ], [ -40.937594299999901, -7.79901279999996 ], [ -40.938554199999899, -7.79962709999995 ], [ -40.9394373, -7.80024139999995 ], [ -40.940051599999897, -7.80100929999998 ], [ -40.9406658999999, -7.80231469999995 ], [ -40.941165, -7.80373529999997 ], [ -40.9415106, -7.80450319999994 ], [ -40.9420967, -7.80504069999995 ], [ -40.9429696, -7.80550139999997 ], [ -40.9438142, -7.805847 ], [ -40.944325999999897, -7.80595469999997 ], [ -40.9449193, -7.80753039999996 ], [ -40.9449519, -7.807617 ], [ -40.951479499999898, -7.82496289999995 ], [ -40.962396399999903, -7.81629209999994 ], [ -40.9625073999999, -7.816204 ], [ -40.9628579, -7.81592549999993 ], [ -40.9628908, -7.81595509999994 ], [ -40.963625799999903, -7.81661659999997 ], [ -40.964470499999898, -7.81677019999995 ], [ -40.9664286, -7.81700059999997 ], [ -40.967734, -7.81734609999995 ], [ -40.9688475, -7.81742289999994 ], [ -40.9701145, -7.81761489999997 ], [ -40.971151099999901, -7.81761489999997 ], [ -40.972072599999898, -7.81742289999994 ], [ -40.972955699999901, -7.81677019999995 ], [ -40.9742227, -7.81596389999993 ], [ -40.9745106, -7.81552239999996 ], [ -40.9747986, -7.81508089999994 ], [ -40.9753360999999, -7.81481209999993 ], [ -40.9767183, -7.81450489999997 ], [ -40.977793399999896, -7.81396739999997 ], [ -40.9785997, -7.81312269999995 ], [ -40.9796363, -7.81227809999996 ], [ -40.980480999999898, -7.81177889999998 ], [ -40.981709599999903, -7.81162539999997 ], [ -40.983130199999898, -7.81127979999997 ], [ -40.984397199999897, -7.81055029999993 ], [ -40.9855491, -7.809936 ], [ -40.9866241, -7.80966719999998 ], [ -40.9877759, -7.809744 ], [ -40.989196499999899, -7.80962879999993 ], [ -40.9900412, -7.80924489999995 ], [ -40.991077899999901, -7.80893769999994 ], [ -40.9920761, -7.808861 ], [ -40.992749699999898, -7.80892039999998 ], [ -41.017176499999898, -7.79268729999995 ], [ -41.040443599999897, -7.78708169999993 ], [ -41.040782599999901, -7.78696969999993 ], [ -41.0410213, -7.78684239999995 ], [ -41.0413874, -7.78669919999993 ], [ -41.0417057, -7.78671509999998 ], [ -41.0420399, -7.78676279999996 ], [ -41.042278699999898, -7.78695379999994 ], [ -41.042549199999897, -7.78720849999996 ], [ -41.042950899999902, -7.78743469999995 ], [ -41.043329099999902, -7.78746309999997 ], [ -41.043726999999897, -7.78738359999994 ], [ -41.044077199999897, -7.78720849999996 ], [ -41.044347699999904, -7.78700159999994 ], [ -41.0446517, -7.78670679999993 ], [ -41.045223099999902, -7.78628539999994 ], [ -41.045891599999898, -7.78587159999995 ], [ -41.046544099999899, -7.78558509999993 ], [ -41.047419499999897, -7.78512349999994 ], [ -41.048103899999902, -7.78467789999996 ], [ -41.0486291, -7.78428 ], [ -41.0486928, -7.78367519999995 ], [ -41.048820099999901, -7.78329319999995 ], [ -41.049138399999897, -7.782943 ], [ -41.049552199999901, -7.78264059999998 ], [ -41.049950099999897, -7.78237009999998 ], [ -41.0506186, -7.78224269999993 ], [ -41.051303, -7.78232229999998 ], [ -41.0516054, -7.78240189999997 ], [ -41.0520668999999, -7.78252919999994 ], [ -41.0527036, -7.78243369999996 ], [ -41.053215099999903, -7.78227389999995 ], [ -41.0534675, -7.782195 ], [ -41.0538177, -7.78173339999995 ], [ -41.0538018, -7.78146289999995 ], [ -41.053690399999901, -7.780858 ], [ -41.0537859, -7.78041239999993 ], [ -41.0541678, -7.78004629999998 ], [ -41.0547567, -7.77982349999996 ], [ -41.055282, -7.77980759999997 ], [ -41.055886799999897, -7.77968029999994 ], [ -41.0562050999999, -7.779346 ], [ -41.056603, -7.77874119999996 ], [ -41.056618899999897, -7.77781809999993 ], [ -41.0566985, -7.77700639999995 ], [ -41.056984999999898, -7.77594 ], [ -41.057239599999903, -7.77523969999993 ], [ -41.057621599999898, -7.77445989999995 ], [ -41.057971699999896, -7.77377549999994 ], [ -41.0582582, -7.77337759999995 ], [ -41.058863, -7.77294789999996 ], [ -41.0596429, -7.77247039999997 ], [ -41.060311399999897, -7.77207249999998 ], [ -41.061329999999899, -7.77161089999993 ], [ -41.0621417, -7.77134029999996 ], [ -41.062826099999903, -7.77106979999996 ], [ -41.0636537, -7.77071959999995 ], [ -41.0643858, -7.77054459999994 ], [ -41.0651657, -7.77057639999992 ], [ -41.0660410999999, -7.77067189999997 ], [ -41.0666141, -7.77086289999994 ], [ -41.0669801, -7.77103789999995 ], [ -41.067553099999898, -7.77132439999997 ], [ -41.068189699999898, -7.77162679999998 ], [ -41.068906, -7.77207249999998 ], [ -41.069447099999898, -7.77229529999994 ], [ -41.070481599999901, -7.77229529999994 ], [ -41.0708954, -7.77213609999995 ], [ -41.0714366, -7.77215209999997 ], [ -41.0720732, -7.772359 ], [ -41.0725507, -7.77255 ], [ -41.0736489, -7.77264539999993 ], [ -41.0741581999999, -7.77266139999995 ], [ -41.0748108, -7.77261359999994 ], [ -41.075590599999899, -7.77232709999993 ], [ -41.0764978, -7.77188149999995 ], [ -41.077007099999904, -7.77146769999996 ], [ -41.0772777, -7.77130849999998 ], [ -41.077787, -7.77132439999997 ], [ -41.078105299999898, -7.77137219999997 ], [ -41.078566899999899, -7.77141989999996 ], [ -41.0789171, -7.77119709999994 ], [ -41.079203499999899, -7.77094239999997 ], [ -41.079681, -7.770847 ], [ -41.0800312, -7.77079919999994 ], [ -41.0804927, -7.77060819999997 ], [ -41.0809225, -7.77030579999996 ], [ -41.081161199999897, -7.76990789999996 ], [ -41.0814477, -7.76941449999993 ], [ -41.0817342, -7.76904849999994 ], [ -41.0824504, -7.76825269999995 ], [ -41.082673199999903, -7.76774339999997 ], [ -41.0830233, -7.76725 ], [ -41.0835486, -7.76677249999995 ], [ -41.0838191, -7.76664519999997 ], [ -41.0842807, -7.76651779999997 ], [ -41.084710399999899, -7.76654969999993 ], [ -41.0850924, -7.76678839999994 ], [ -41.0854426, -7.76707489999995 ], [ -41.0856972, -7.767425 ], [ -41.086031499999898, -7.76795029999994 ], [ -41.0864771, -7.76850729999995 ], [ -41.086725499999901, -7.76868269999994 ], [ -41.087261199999901, -7.76890369999995 ], [ -41.0880602, -7.76935109999994 ], [ -41.089051, -7.76979859999994 ], [ -41.0897221, -7.77015009999997 ], [ -41.0910006, -7.770214 ], [ -41.0917037, -7.76986249999993 ], [ -41.099469999999897, -7.73857329999993 ] ] ] ] } },
{ "type": "Feature", "properties": { "CD_MUN": "2210706", "NM_MUN": "Simões", "CD_RGI": "220010", "NM_RGI": "Paulistana", "CD_RGINT": "2203", "NM_RGINT": "Picos", "CD_UF": "22", "NM_UF": "Piauí", "SIGLA_UF": "PI", "CD_REGIAO": "2", "NM_REGIAO": "Nordeste", "SIGLA_RG": "NE", "CD_CONCURB": null, "NM_CONCURB": null, "AREA_KM2": 1076.055 }, "geometry": { "type": "MultiPolygon", "coordinates": [ [ [ [ -40.5420265999999, -7.83864409999995 ], [ -40.5404588, -7.84599319999995 ], [ -40.538124, -7.85693729999997 ], [ -40.5380607, -7.86122989999996 ], [ -40.5380152, -7.86431109999995 ], [ -40.537943, -7.86919469999998 ], [ -40.5383548, -7.87389 ], [ -40.541474999999899, -7.88693329999995 ], [ -40.5436698, -7.91167449999995 ], [ -40.5459081, -7.93692159999995 ], [ -40.5455061, -7.94378839999996 ], [ -40.5454733, -7.944348 ], [ -40.5440113, -7.95301989999996 ], [ -40.543645599999898, -7.95843249999996 ], [ -40.5439392, -7.961572 ], [ -40.5439554, -7.96156569999994 ], [ -40.5473244, -7.96005359999998 ], [ -40.5471216, -7.95923509999994 ], [ -40.547132599999898, -7.95885469999996 ], [ -40.5472889, -7.95853759999994 ], [ -40.547541099999897, -7.95807349999995 ], [ -40.547695099999899, -7.95773289999994 ], [ -40.5480307999999, -7.95709239999996 ], [ -40.548178199999903, -7.95677 ], [ -40.5482734, -7.95637489999996 ], [ -40.5482997, -7.956266 ], [ -40.548459, -7.95605819999997 ], [ -40.548650699999897, -7.95591569999993 ], [ -40.548706799999898, -7.95571879999994 ], [ -40.5489671999999, -7.95483429999996 ], [ -40.5491228, -7.95448859999993 ], [ -40.5491417, -7.95444979999996 ], [ -40.549343899999897, -7.95403549999997 ], [ -40.549429099999898, -7.95386089999994 ], [ -40.5494424, -7.95359949999994 ], [ -40.5495986, -7.95315669999997 ], [ -40.5498349, -7.952954 ], [ -40.550125099999903, -7.95283709999995 ], [ -40.5506083, -7.95242629999996 ], [ -40.5511177, -7.95183959999997 ], [ -40.551633799999898, -7.95124449999997 ], [ -40.552078799999897, -7.95087769999998 ], [ -40.5525709, -7.95029649999998 ], [ -40.5530706, -7.949823 ], [ -40.553644399999897, -7.94941029999995 ], [ -40.5541046, -7.94906389999994 ], [ -40.55414, -7.948786 ], [ -40.5542308, -7.94830069999995 ], [ -40.5545134, -7.94755279999993 ], [ -40.55501, -7.94755129999993 ], [ -40.5553394, -7.94776579999996 ], [ -40.5558483, -7.94838789999994 ], [ -40.55608, -7.94864609999996 ], [ -40.556365899999903, -7.94887229999995 ], [ -40.5565141, -7.94887349999993 ], [ -40.5567945, -7.94861189999995 ], [ -40.5575208, -7.94828119999994 ], [ -40.5577668, -7.94823219999995 ], [ -40.5580406, -7.94831279999994 ], [ -40.5585123, -7.94857929999995 ], [ -40.558920199999903, -7.94911979999995 ], [ -40.5591236, -7.949425 ], [ -40.559352299999901, -7.94965449999995 ], [ -40.5595886, -7.95041909999998 ], [ -40.559602299999902, -7.95066319999995 ], [ -40.5598464999999, -7.95099859999993 ], [ -40.559927, -7.95097129999994 ], [ -40.5600578, -7.95080749999994 ], [ -40.5601634, -7.95079139999996 ], [ -40.5602441, -7.95086859999998 ], [ -40.5603666, -7.95075139999994 ], [ -40.5604721, -7.95073539999993 ], [ -40.5605565, -7.95075649999995 ], [ -40.5606703999999, -7.95079819999995 ], [ -40.56125, -7.95040639999996 ], [ -40.5613082, -7.95016539999995 ], [ -40.5613567, -7.94983919999993 ], [ -40.561618199999899, -7.94971689999994 ], [ -40.5625421, -7.949949 ], [ -40.5628849, -7.950111 ], [ -40.5633126, -7.95054409999995 ], [ -40.5637369, -7.95111619999994 ], [ -40.564650399999898, -7.95154269999995 ], [ -40.5649769, -7.95158449999997 ], [ -40.565439, -7.95188929999995 ], [ -40.565667, -7.95228849999995 ], [ -40.5659226, -7.95267309999997 ], [ -40.566344399999899, -7.95258159999997 ], [ -40.566662999999899, -7.95222759999996 ], [ -40.566767599999899, -7.951776 ], [ -40.567339499999903, -7.95156109999994 ], [ -40.567767499999903, -7.95173819999997 ], [ -40.568469299999897, -7.952338 ], [ -40.569288099999902, -7.95312429999996 ], [ -40.5699092999999, -7.95367949999996 ], [ -40.5701556, -7.95371729999994 ], [ -40.570557699999902, -7.95359979999995 ], [ -40.570777, -7.95338909999998 ], [ -40.570873199999902, -7.9525 ], [ -40.5710485, -7.95236039999998 ], [ -40.5717402, -7.95221889999993 ], [ -40.572305, -7.952015 ], [ -40.572492699999898, -7.95181459999998 ], [ -40.5727052, -7.95126019999998 ], [ -40.5729367, -7.95112819999997 ], [ -40.5737609, -7.95168339999998 ], [ -40.5738851999999, -7.95175329999995 ], [ -40.5743734, -7.95160639999995 ], [ -40.5747584, -7.95146159999996 ], [ -40.5750434999999, -7.95156879999996 ], [ -40.5752133, -7.95197769999993 ], [ -40.5751354, -7.95257779999997 ], [ -40.575198999999898, -7.95288079999995 ], [ -40.5754107, -7.95319139999998 ], [ -40.575764999999897, -7.95308779999993 ], [ -40.5761472, -7.95284269999996 ], [ -40.576143, -7.95185889999993 ], [ -40.5766687, -7.95089329999996 ], [ -40.576818499999902, -7.950306 ], [ -40.5767612, -7.94949029999998 ], [ -40.576534, -7.949135 ], [ -40.576564699999899, -7.948783 ], [ -40.5767097, -7.94846409999997 ], [ -40.577110499999897, -7.94837449999994 ], [ -40.5774024, -7.94839249999995 ], [ -40.5776053, -7.948618 ], [ -40.5776835, -7.94903159999996 ], [ -40.577787, -7.94939579999993 ], [ -40.5780678, -7.94972479999996 ], [ -40.578435199999902, -7.94976009999993 ], [ -40.5788239, -7.94939419999997 ], [ -40.579005799999898, -7.94906559999993 ], [ -40.5788133, -7.94781559999996 ], [ -40.578818899999902, -7.94745769999997 ], [ -40.5789822, -7.94683539999994 ], [ -40.5794407, -7.946621 ], [ -40.5799835, -7.94648329999995 ], [ -40.580649299999898, -7.946451 ], [ -40.581605, -7.94720579999995 ], [ -40.582233899999899, -7.947747 ], [ -40.5827671, -7.94857009999993 ], [ -40.582810499999901, -7.94902209999998 ], [ -40.5828996, -7.94950939999995 ], [ -40.5830892, -7.94964769999996 ], [ -40.5833797, -7.94956839999998 ], [ -40.5836163, -7.94927579999995 ], [ -40.583928699999902, -7.94908569999996 ], [ -40.5843723999999, -7.94883769999996 ], [ -40.5847419, -7.94855729999995 ], [ -40.5851375, -7.94855849999993 ], [ -40.5858638, -7.94889469999993 ], [ -40.5866182, -7.94944259999994 ], [ -40.586863999999899, -7.94979309999997 ], [ -40.5873455, -7.95012779999996 ], [ -40.587725099999901, -7.95028109999993 ], [ -40.5882281, -7.95064949999994 ], [ -40.5891717, -7.95128559999995 ], [ -40.5894365999999, -7.95173839999995 ], [ -40.5898706, -7.95186579999995 ], [ -40.591908799999899, -7.95242359999997 ], [ -40.592521299999902, -7.95281019999993 ], [ -40.5929187, -7.95291409999993 ], [ -40.5932093, -7.95271289999994 ], [ -40.5935426, -7.95274589999997 ], [ -40.5938386, -7.95307809999997 ], [ -40.595140399999899, -7.95366 ], [ -40.595670299999902, -7.95391209999997 ], [ -40.5966051999999, -7.95459079999995 ], [ -40.5969456, -7.95483739999997 ], [ -40.597493, -7.95507719999995 ], [ -40.597881599999901, -7.95499869999998 ], [ -40.5989248, -7.95491139999996 ], [ -40.5996018, -7.95486069999993 ], [ -40.600842199999903, -7.95441979999993 ], [ -40.6017308, -7.95416489999997 ], [ -40.6019031, -7.95411539999998 ], [ -40.6026836, -7.95384269999994 ], [ -40.6029819, -7.95358509999994 ], [ -40.602736299999897, -7.95320629999998 ], [ -40.6021924, -7.95269629999996 ], [ -40.6017299, -7.95227489999996 ], [ -40.601430999999899, -7.951748 ], [ -40.601554, -7.95142689999994 ], [ -40.6019297, -7.95129739999993 ], [ -40.602221799999903, -7.95132539999997 ], [ -40.602514, -7.95135339999996 ], [ -40.6028924, -7.95148259999996 ], [ -40.603202, -7.95142659999993 ], [ -40.6035393, -7.95133549999997 ], [ -40.604158799999901, -7.95155449999993 ], [ -40.6044969, -7.95169169999997 ], [ -40.6053231, -7.95181409999998 ], [ -40.606228799999897, -7.95185859999998 ], [ -40.6068941, -7.95174179999998 ], [ -40.6077943, -7.95137239999997 ], [ -40.6083714, -7.95108989999994 ], [ -40.6092391, -7.95075589999993 ], [ -40.610385699999902, -7.95030989999998 ], [ -40.611122899999899, -7.94989209999994 ], [ -40.6116562999999, -7.94960169999996 ], [ -40.6124002, -7.94926319999996 ], [ -40.612893799999902, -7.94943179999996 ], [ -40.6136604, -7.94982329999993 ], [ -40.6139793, -7.94981819999998 ], [ -40.6147649, -7.94971379999993 ], [ -40.615262599999902, -7.94981239999993 ], [ -40.6159509, -7.95035429999996 ], [ -40.6162697, -7.95070539999995 ], [ -40.6165611, -7.95113379999998 ], [ -40.6169174, -7.95146689999996 ], [ -40.617273399999902, -7.95159769999998 ], [ -40.617716899999898, -7.951505 ], [ -40.6179006, -7.95129209999993 ], [ -40.6176745, -7.95112559999995 ], [ -40.6173726, -7.95077659999993 ], [ -40.617239, -7.95058229999995 ], [ -40.6173065, -7.95013209999996 ], [ -40.6177948, -7.94942529999997 ], [ -40.618368099999898, -7.94817349999994 ], [ -40.6187421, -7.94715569999994 ], [ -40.6191858, -7.94685979999997 ], [ -40.6193982, -7.94678379999993 ], [ -40.6204221, -7.94680329999994 ], [ -40.6209674999999, -7.94680339999996 ], [ -40.622107, -7.946615 ], [ -40.623132499999898, -7.94615379999993 ], [ -40.624556299999902, -7.94549179999996 ], [ -40.6250914, -7.94519459999998 ], [ -40.6253229, -7.94452969999998 ], [ -40.6253522, -7.94310349999995 ], [ -40.625385499999901, -7.94294779999996 ], [ -40.6258462, -7.94258389999993 ], [ -40.6263663, -7.94194079999994 ], [ -40.6267606, -7.94133059999996 ], [ -40.6276591, -7.94036889999995 ], [ -40.6284003, -7.93960649999997 ], [ -40.6287483, -7.93905049999995 ], [ -40.62916, -7.93887609999996 ], [ -40.629556599999901, -7.938994 ], [ -40.6298368, -7.93926749999997 ], [ -40.6301533, -7.93947559999998 ], [ -40.6306706, -7.939663 ], [ -40.6312002, -7.93958159999994 ], [ -40.6315963, -7.939245 ], [ -40.6320249, -7.93811719999997 ], [ -40.6322397, -7.93753249999997 ], [ -40.6321055, -7.93730789999995 ], [ -40.6317625, -7.937229 ], [ -40.6305452, -7.93632189999994 ], [ -40.6304842, -7.93583129999996 ], [ -40.6303900999999, -7.93511929999994 ], [ -40.630399899999901, -7.93476139999996 ], [ -40.6305025999999, -7.93432509999997 ], [ -40.630769, -7.93415829999998 ], [ -40.6311122, -7.93405189999993 ], [ -40.631544, -7.93403689999997 ], [ -40.631918599999899, -7.93375909999997 ], [ -40.6320347, -7.93354969999996 ], [ -40.632116799999899, -7.93338269999998 ], [ -40.6323657, -7.93318359999995 ], [ -40.632684599999898, -7.93317379999996 ], [ -40.6331893999999, -7.93333249999995 ], [ -40.6334082, -7.93335029999997 ], [ -40.6337361, -7.933204 ], [ -40.633907, -7.93321549999996 ], [ -40.6342534, -7.93323679999997 ], [ -40.634692, -7.93322619999998 ], [ -40.635252099999903, -7.93309379999994 ], [ -40.6357406, -7.93301229999997 ], [ -40.6360117, -7.93295159999997 ], [ -40.636396799999901, -7.93321309999993 ], [ -40.636861, -7.93320549999993 ], [ -40.637296, -7.933309 ], [ -40.6380459, -7.93374639999996 ], [ -40.6386342, -7.93413779999997 ], [ -40.6389728, -7.93468469999993 ], [ -40.63913, -7.93518159999996 ], [ -40.6389629, -7.935789 ], [ -40.6388085, -7.93627579999998 ], [ -40.638868699999897, -7.936907 ], [ -40.639072999999897, -7.93742349999997 ], [ -40.6393472, -7.93774179999997 ], [ -40.639857, -7.93801429999996 ], [ -40.6402533, -7.93790089999993 ], [ -40.6405386, -7.93784879999993 ], [ -40.640998599999897, -7.93776189999994 ], [ -40.6415099, -7.93741689999996 ], [ -40.6419959, -7.93715929999996 ], [ -40.6427469, -7.936727 ], [ -40.6430667, -7.93650929999995 ], [ -40.6431393, -7.93645979999997 ], [ -40.6431519, -7.93645119999996 ], [ -40.6432171, -7.93640689999995 ], [ -40.643451399999897, -7.93632089999994 ], [ -40.6435686, -7.93627789999994 ], [ -40.643685699999899, -7.93623489999993 ], [ -40.6441115, -7.93632609999997 ], [ -40.6450146, -7.93719529999993 ], [ -40.6455718, -7.93775029999995 ], [ -40.646243399999904, -7.93831449999993 ], [ -40.6471435, -7.93921829999994 ], [ -40.6473379, -7.93962839999995 ], [ -40.647709399999897, -7.939797 ], [ -40.6480192, -7.93950219999994 ], [ -40.6487581, -7.93919929999993 ], [ -40.6492292, -7.93904609999993 ], [ -40.649526599999902, -7.93905609999996 ], [ -40.6501608, -7.939418 ], [ -40.6506256, -7.93960929999997 ], [ -40.6509085, -7.93954589999993 ], [ -40.6512638, -7.93933159999995 ], [ -40.65174, -7.93879049999993 ], [ -40.652341099999902, -7.93767279999997 ], [ -40.652563299999898, -7.93719469999996 ], [ -40.6526694, -7.936733 ], [ -40.652887099999901, -7.93658369999997 ], [ -40.6531312, -7.93657339999993 ], [ -40.6534045, -7.93672619999995 ], [ -40.6535316, -7.93692269999997 ], [ -40.6536998999999, -7.93698269999993 ], [ -40.6541116, -7.93709869999998 ], [ -40.654340299999902, -7.93733219999996 ], [ -40.655001599999899, -7.93802919999996 ], [ -40.6552707, -7.93826959999996 ], [ -40.6555792999999, -7.93826 ], [ -40.656177899999904, -7.93819839999998 ], [ -40.656533399999901, -7.93782619999996 ], [ -40.657095399999903, -7.93751129999993 ], [ -40.657751, -7.93695859999997 ], [ -40.6579555, -7.93683229999994 ], [ -40.658452399999902, -7.93686979999995 ], [ -40.6588611, -7.936719 ], [ -40.659138599999899, -7.93641879999996 ], [ -40.659197499999898, -7.93610369999993 ], [ -40.6591696, -7.935857 ], [ -40.659042699999901, -7.93574609999996 ], [ -40.6589334, -7.93544219999995 ], [ -40.6589326, -7.935087 ], [ -40.658884199999903, -7.93479949999994 ], [ -40.658766399999898, -7.93462909999994 ], [ -40.658652399999902, -7.93417929999993 ], [ -40.658675699999897, -7.93375889999993 ], [ -40.6588394999999, -7.93356889999995 ], [ -40.6591713, -7.93321469999995 ], [ -40.659422199999902, -7.93274949999994 ], [ -40.6595336, -7.93258479999997 ], [ -40.660255699999901, -7.93192829999998 ], [ -40.6609981, -7.93127579999998 ], [ -40.6611963, -7.93094409999998 ], [ -40.661410499999903, -7.93053769999995 ], [ -40.6616461, -7.93032019999993 ], [ -40.6620200999999, -7.93012259999995 ], [ -40.6622571, -7.92953409999996 ], [ -40.6624798, -7.92906419999997 ], [ -40.6630039, -7.92831739999997 ], [ -40.663604, -7.92790709999997 ], [ -40.664059199999897, -7.92757539999997 ], [ -40.6648647, -7.92744689999995 ], [ -40.6656249, -7.92731559999993 ], [ -40.6659781, -7.92724229999993 ], [ -40.6662299, -7.92720259999993 ], [ -40.6663801, -7.92724059999995 ], [ -40.666614799999898, -7.92708559999994 ], [ -40.666656499999903, -7.92682719999993 ], [ -40.666529599999897, -7.926646 ], [ -40.6665651, -7.92633359999996 ], [ -40.6665588, -7.92586029999995 ], [ -40.6665015, -7.92563239999993 ], [ -40.666304899999901, -7.92549809999997 ], [ -40.66597, -7.92542979999996 ], [ -40.665673599999899, -7.92538859999996 ], [ -40.6654583, -7.92519379999993 ], [ -40.6648613999999, -7.92499969999994 ], [ -40.6646205, -7.92503039999997 ], [ -40.6642527999999, -7.92509069999994 ], [ -40.6637885, -7.92502909999996 ], [ -40.663392, -7.92487009999996 ], [ -40.6633523, -7.92455749999993 ], [ -40.6633403, -7.92420739999994 ], [ -40.6635924, -7.92330039999996 ], [ -40.6639603, -7.92268549999994 ], [ -40.664114799999901, -7.922274 ], [ -40.664560499999901, -7.92168269999996 ], [ -40.6648878, -7.92154479999994 ], [ -40.665368999999899, -7.92158109999997 ], [ -40.6657867, -7.92175339999994 ], [ -40.666523299999902, -7.92196829999995 ], [ -40.667332299999899, -7.921976 ], [ -40.6683093, -7.92197809999993 ], [ -40.6692821, -7.92210079999995 ], [ -40.6695829, -7.92246319999998 ], [ -40.6695349, -7.92339189999996 ], [ -40.669667699999899, -7.924858 ], [ -40.669974399999901, -7.92533179999998 ], [ -40.6702693, -7.92570139999998 ], [ -40.6707337, -7.92597959999995 ], [ -40.671782699999902, -7.92620919999996 ], [ -40.6724836, -7.92622369999998 ], [ -40.672920599999898, -7.92626089999993 ], [ -40.6733475999999, -7.92644429999996 ], [ -40.6739178999999, -7.92704269999996 ], [ -40.674117099999897, -7.92738989999998 ], [ -40.6741996, -7.92800079999995 ], [ -40.6743493, -7.92855789999993 ], [ -40.674731, -7.928753 ], [ -40.6751642, -7.92857949999996 ], [ -40.6754918, -7.92806159999998 ], [ -40.6756578, -7.92752869999993 ], [ -40.6761617, -7.92669069999994 ], [ -40.676576, -7.92593889999995 ], [ -40.6765579, -7.92536789999997 ], [ -40.6766749, -7.92469539999996 ], [ -40.6769222, -7.92429189999996 ], [ -40.6775752, -7.92385659999997 ], [ -40.6781392, -7.923662 ], [ -40.6787697, -7.923526 ], [ -40.679503399999902, -7.92347739999997 ], [ -40.6799631, -7.92347909999995 ], [ -40.6805447, -7.92303469999996 ], [ -40.6809345, -7.922655 ], [ -40.681259699999899, -7.921956 ], [ -40.6814044, -7.92126359999997 ], [ -40.681623699999903, -7.920775 ], [ -40.6818201, -7.92073049999993 ], [ -40.6821277, -7.92067739999993 ], [ -40.6823896, -7.92059119999993 ], [ -40.682718399999899, -7.92042389999995 ], [ -40.683351699999903, -7.91998919999997 ], [ -40.683856299999903, -7.91949579999994 ], [ -40.6840503, -7.91903889999998 ], [ -40.6842232, -7.91846479999998 ], [ -40.684209199999898, -7.91816969999996 ], [ -40.6841535, -7.91767449999998 ], [ -40.684396499999899, -7.91718219999996 ], [ -40.6846379, -7.91680719999994 ], [ -40.684920299999902, -7.91670219999997 ], [ -40.6851237, -7.91646719999994 ], [ -40.685313, -7.91564889999995 ], [ -40.685441599999898, -7.91533909999993 ], [ -40.6857318, -7.91492229999994 ], [ -40.6860397, -7.91410709999997 ], [ -40.686563099999901, -7.91317489999994 ], [ -40.6866694, -7.91273779999995 ], [ -40.6864734, -7.91251379999994 ], [ -40.6863678, -7.91217509999996 ], [ -40.686250399999899, -7.91166669999996 ], [ -40.6859706, -7.91157439999995 ], [ -40.6851308, -7.911059 ], [ -40.684411899999901, -7.91023969999998 ], [ -40.6840706999999, -7.90962979999995 ], [ -40.683893, -7.90888979999994 ], [ -40.6842134, -7.90864819999996 ], [ -40.6846992, -7.90856679999996 ], [ -40.684992399999899, -7.90869349999997 ], [ -40.6852511, -7.90890989999997 ], [ -40.6855047, -7.90930509999993 ], [ -40.685774099999897, -7.909705 ], [ -40.6859448, -7.90998169999995 ], [ -40.6862101, -7.91003059999997 ], [ -40.686463699999898, -7.91009449999996 ], [ -40.6866726, -7.91009169999995 ], [ -40.6871378, -7.90981 ], [ -40.6875651, -7.90940219999993 ], [ -40.688096599999902, -7.90879639999997 ], [ -40.6883032, -7.90840639999993 ], [ -40.688635599999898, -7.90829849999994 ], [ -40.6888374, -7.90820189999994 ], [ -40.6888604, -7.90798289999998 ], [ -40.6888167, -7.90777639999993 ], [ -40.688711199999901, -7.90762239999998 ], [ -40.688495799999899, -7.90753589999997 ], [ -40.687784899999897, -7.907393 ], [ -40.6872433999999, -7.90713419999997 ], [ -40.6866527, -7.90684539999995 ], [ -40.6863284, -7.90665039999993 ], [ -40.6862257, -7.90651869999994 ], [ -40.686240199999901, -7.90610449999997 ], [ -40.6864456, -7.90552089999994 ], [ -40.687036, -7.90476939999996 ], [ -40.687443899999899, -7.90405759999993 ], [ -40.6876505, -7.90363149999996 ], [ -40.6879094, -7.90330449999993 ], [ -40.6880287, -7.90327649999995 ], [ -40.688350399999898, -7.90341319999993 ], [ -40.6886281, -7.90345169999995 ], [ -40.688785, -7.90343259999997 ], [ -40.689084, -7.90323869999997 ], [ -40.6892189, -7.90304209999994 ], [ -40.689859199999901, -7.90254789999995 ], [ -40.6902835, -7.90222609999995 ], [ -40.6905007, -7.90181219999994 ], [ -40.6907663, -7.90115179999998 ], [ -40.6912469, -7.90047619999996 ], [ -40.691346199999899, -7.899991 ], [ -40.6912637, -7.899618 ], [ -40.6908324, -7.89958119999994 ], [ -40.690549599999898, -7.89953889999992 ], [ -40.6904119, -7.89943089999997 ], [ -40.690340999999897, -7.89911509999996 ], [ -40.6905206, -7.89876439999995 ], [ -40.690673499999903, -7.89852959999996 ], [ -40.6907601999999, -7.89794229999995 ], [ -40.6910943, -7.89760729999995 ], [ -40.691722599999899, -7.89728279999997 ], [ -40.6916485, -7.897108 ], [ -40.6775615, -7.86912279999996 ], [ -40.6857727, -7.86150349999997 ], [ -40.6911846, -7.85648179999993 ], [ -40.6951774, -7.85277679999996 ], [ -40.6931312, -7.83812929999993 ], [ -40.6900487, -7.816063 ], [ -40.6899025, -7.81501619999995 ], [ -40.693090599999898, -7.797916 ], [ -40.7035102, -7.78609879999993 ], [ -40.7099009, -7.78719219999994 ], [ -40.7203349, -7.78603289999995 ], [ -40.7258007, -7.78238909999993 ], [ -40.726740699999901, -7.78176239999993 ], [ -40.733377399999902, -7.77733789999996 ], [ -40.7438114, -7.77588869999994 ], [ -40.750639099999901, -7.77730129999998 ], [ -40.7606218, -7.77936669999997 ], [ -40.766338899999901, -7.77872649999995 ], [ -40.7782766, -7.77738989999995 ], [ -40.8031583, -7.76820659999993 ], [ -40.8072698, -7.76668909999995 ], [ -40.8043397, -7.74989189999997 ], [ -40.799922599999903, -7.72456489999996 ], [ -40.7985504, -7.70731649999993 ], [ -40.7985269, -7.707022 ], [ -40.7985242, -7.70698729999998 ], [ -40.7974052, -7.69292249999995 ], [ -40.8032798, -7.68801229999997 ], [ -40.8284786, -7.66695029999994 ], [ -40.8465209, -7.63613749999996 ], [ -40.8465436, -7.63609239999994 ], [ -40.8466063, -7.63599179999994 ], [ -40.852129299999902, -7.62642459999995 ], [ -40.8740245, -7.62429939999993 ], [ -40.8854319, -7.62322859999995 ], [ -40.8926236, -7.61211969999994 ], [ -40.9001656, -7.60053679999993 ], [ -40.9140073, -7.59907009999995 ], [ -40.9263548, -7.59796429999994 ], [ -40.940659299999901, -7.59695719999996 ], [ -40.9421973, -7.59805649999993 ], [ -40.942317, -7.597977 ], [ -40.942505, -7.597934 ], [ -40.942733, -7.597913 ], [ -40.942856999999897, -7.597828 ], [ -40.943003, -7.597628 ], [ -40.943115, -7.597569 ], [ -40.943231, -7.597552 ], [ -40.943415, -7.597637 ], [ -40.943779999999897, -7.5979 ], [ -40.944161999999899, -7.598007 ], [ -40.944492, -7.598189 ], [ -40.944595, -7.598334 ], [ -40.944659999999899, -7.598461 ], [ -40.944784, -7.598517 ], [ -40.944917, -7.598487 ], [ -40.944977, -7.598364 ], [ -40.944917, -7.59824 ], [ -40.94496, -7.598121 ], [ -40.945042, -7.597939 ], [ -40.945265, -7.597841 ], [ -40.945740999999899, -7.59773 ], [ -40.946042, -7.597691 ], [ -40.946368, -7.597747 ], [ -40.946578, -7.597725 ], [ -40.946733, -7.597661 ], [ -40.946796999999897, -7.597564 ], [ -40.946776, -7.597368 ], [ -40.946715, -7.597224 ], [ -40.946801, -7.597032 ], [ -40.946926, -7.596951 ], [ -40.947114999999897, -7.596879 ], [ -40.947394, -7.596956 ], [ -40.947582, -7.597054 ], [ -40.94773, -7.596986 ], [ -40.947808, -7.596808 ], [ -40.947854999999898, -7.596565 ], [ -40.947924, -7.596442 ], [ -40.948091, -7.596438 ], [ -40.948366, -7.596387 ], [ -40.948876, -7.5962 ], [ -40.949915, -7.595827 ], [ -40.950262, -7.595644 ], [ -40.950529, -7.595504 ], [ -40.9507, -7.595466 ], [ -40.950871999999897, -7.595474 ], [ -40.951018, -7.595572 ], [ -40.951214999999898, -7.595619 ], [ -40.951473, -7.595568 ], [ -40.951803, -7.595372 ], [ -40.952117, -7.595204 ], [ -40.952371, -7.595051 ], [ -40.952444, -7.594889 ], [ -40.952534, -7.594626 ], [ -40.952714, -7.594417 ], [ -40.953117, -7.594205 ], [ -40.953482, -7.59406 ], [ -40.953718, -7.594086 ], [ -40.95386, -7.594166 ], [ -40.953924, -7.594328 ], [ -40.953916, -7.594545 ], [ -40.954036, -7.594668 ], [ -40.954143, -7.594626 ], [ -40.954254999999897, -7.594451 ], [ -40.954563999999898, -7.594226 ], [ -40.955038, -7.59365 ], [ -40.955351, -7.593323 ], [ -40.955621, -7.593297 ], [ -40.955869999999898, -7.59334 ], [ -40.956257, -7.593255 ], [ -40.956742, -7.593046 ], [ -40.957582, -7.59288 ], [ -40.957963999999897, -7.592761 ], [ -40.95823, -7.592583 ], [ -40.95865, -7.592234 ], [ -40.958835, -7.592132 ], [ -40.959001999999899, -7.592132 ], [ -40.959238, -7.592404 ], [ -40.959577, -7.592876 ], [ -40.959684, -7.592958 ], [ -40.959873, -7.592962 ], [ -40.960062, -7.592707 ], [ -40.960284999999899, -7.592571 ], [ -40.960487, -7.592312 ], [ -40.960667, -7.592244 ], [ -40.960835, -7.592354 ], [ -40.961041, -7.592694 ], [ -40.961259, -7.593017 ], [ -40.961452, -7.593099 ], [ -40.961588999999897, -7.593142 ], [ -40.961876, -7.592865 ], [ -40.962263, -7.592355 ], [ -40.962391, -7.592189 ], [ -40.962915, -7.592083 ], [ -40.96435, -7.591699 ], [ -40.964925999999899, -7.591465 ], [ -40.965222, -7.591252 ], [ -40.965835, -7.590276 ], [ -40.966205699999897, -7.58974219999993 ], [ -40.966346, -7.589523 ], [ -40.966389, -7.589319 ], [ -40.966242, -7.58913 ], [ -40.966001999999897, -7.588905 ], [ -40.965893999999899, -7.58859 ], [ -40.965907, -7.588407 ], [ -40.96622, -7.587931 ], [ -40.966551, -7.587264 ], [ -40.967071, -7.586971 ], [ -40.967385, -7.586759 ], [ -40.967859, -7.586532 ], [ -40.968055999999898, -7.586472 ], [ -40.968314, -7.58637 ], [ -40.968434, -7.5862 ], [ -40.968635999999897, -7.585707 ], [ -40.968743, -7.585171 ], [ -40.969005, -7.584831 ], [ -40.969085999999898, -7.584606 ], [ -40.969103, -7.584393 ], [ -40.969103, -7.583748 ], [ -40.969364, -7.583064 ], [ -40.969838, -7.582428 ], [ -40.97007, -7.581841 ], [ -40.970091, -7.581586 ], [ -40.969993, -7.581407 ], [ -40.969778, -7.581216 ], [ -40.969349, -7.581029 ], [ -40.968555, -7.580855 ], [ -40.967650999999897, -7.580673 ], [ -40.967239, -7.580651 ], [ -40.967007, -7.580481 ], [ -40.966921, -7.580226 ], [ -40.966794, -7.579927 ], [ -40.966321999999899, -7.579229 ], [ -40.965849999999897, -7.577979 ], [ -40.9655973, -7.57763789999996 ], [ -40.965447, -7.577435 ], [ -40.965008, -7.57677 ], [ -40.964965, -7.576115 ], [ -40.964729, -7.575575 ], [ -40.964467, -7.575363 ], [ -40.964273999999897, -7.575158 ], [ -40.964356, -7.575052 ], [ -40.964712, -7.575031 ], [ -40.965080999999898, -7.57512 ], [ -40.965386, -7.575277 ], [ -40.965704, -7.575172 ], [ -40.966056, -7.574968 ], [ -40.966743, -7.574695 ], [ -40.967224, -7.574517 ], [ -40.967348, -7.57427 ], [ -40.967287999999897, -7.574079 ], [ -40.967026, -7.573917 ], [ -40.966936, -7.573696 ], [ -40.967035, -7.573313 ], [ -40.967287999999897, -7.57265 ], [ -40.96755, -7.572212 ], [ -40.967859, -7.571889 ], [ -40.968215, -7.571561 ], [ -40.968274999999899, -7.571391 ], [ -40.968202, -7.57126 ], [ -40.968165999999897, -7.571087 ], [ -40.968144, -7.570109 ], [ -40.968100999999898, -7.569846 ], [ -40.967887, -7.569212 ], [ -40.967945, -7.568847 ], [ -40.968129, -7.568524 ], [ -40.968361, -7.568256 ], [ -40.968592999999899, -7.5682 ], [ -40.968815999999897, -7.568281 ], [ -40.969052, -7.568494 ], [ -40.969331, -7.568944 ], [ -40.969623, -7.569136 ], [ -40.970022, -7.569098 ], [ -40.970155, -7.568983 ], [ -40.970185, -7.568723 ], [ -40.970275, -7.568349 ], [ -40.970515, -7.568205 ], [ -40.971348, -7.567814 ], [ -40.971911, -7.567525 ], [ -40.973766, -7.567028 ], [ -40.974002, -7.566887 ], [ -40.974075, -7.566743 ], [ -40.974041, -7.566496 ], [ -40.973912, -7.566101 ], [ -40.973818, -7.565693 ], [ -40.973873, -7.565331 ], [ -40.974105, -7.565102 ], [ -40.974281, -7.564893 ], [ -40.974296, -7.564651 ], [ -40.974442, -7.564277 ], [ -40.974974, -7.563584 ], [ -40.975223, -7.563486 ], [ -40.975343, -7.563554 ], [ -40.975347999999897, -7.563847 ], [ -40.975378, -7.564009 ], [ -40.975493, -7.564141 ], [ -40.975687, -7.56417 ], [ -40.975893, -7.564077 ], [ -40.976146, -7.563971 ], [ -40.97639, -7.564039 ], [ -40.976674, -7.564238 ], [ -40.976892, -7.564451 ], [ -40.977098, -7.564502 ], [ -40.977618, -7.564336 ], [ -40.977682, -7.564187 ], [ -40.977571, -7.564009 ], [ -40.977531999999897, -7.563809 ], [ -40.977637, -7.563478 ], [ -40.977646, -7.562849 ], [ -40.977611, -7.562364 ], [ -40.97744, -7.561488 ], [ -40.97756, -7.56108 ], [ -40.977766, -7.560867 ], [ -40.978083, -7.560952 ], [ -40.97847, -7.561233 ], [ -40.978616, -7.561633 ], [ -40.978967, -7.562304 ], [ -40.979396999999899, -7.562628 ], [ -40.979894, -7.562747 ], [ -40.980168999999897, -7.562509 ], [ -40.980229, -7.562117 ], [ -40.980203, -7.561395 ], [ -40.980203, -7.560884 ], [ -40.980469, -7.56057 ], [ -40.98107, -7.560298 ], [ -40.981335999999899, -7.560017 ], [ -40.981663, -7.559218 ], [ -40.981843, -7.558622 ], [ -40.98212, -7.558198 ], [ -40.987367, -7.53203 ], [ -40.98661, -7.531863 ], [ -40.985989, -7.531313 ], [ -40.985127, -7.530492 ], [ -40.984097, -7.529327 ], [ -40.983386, -7.528761 ], [ -40.982844999999898, -7.528004 ], [ -40.982239999999898, -7.527413 ], [ -40.981738, -7.527124 ], [ -40.981380999999899, -7.527111 ], [ -40.981014, -7.527397 ], [ -40.980645, -7.527797 ], [ -40.980203, -7.528252 ], [ -40.979813, -7.528341 ], [ -40.979542, -7.528235 ], [ -40.979302, -7.527993 ], [ -40.978929, -7.527322 ], [ -40.978105, -7.525638 ], [ -40.977697, -7.524215 ], [ -40.977478, -7.52393 ], [ -40.977109, -7.523781 ], [ -40.976607, -7.523726 ], [ -40.976174, -7.523857 ], [ -40.975448, -7.524257 ], [ -40.975006, -7.524351 ], [ -40.973976, -7.524214 ], [ -40.973182, -7.524206 ], [ -40.972457, -7.524474 ], [ -40.972165, -7.524405 ], [ -40.971912, -7.524133 ], [ -40.97156, -7.52347 ], [ -40.971127, -7.52242 ], [ -40.970423, -7.521013 ], [ -40.97002, -7.520511 ], [ -40.969448999999898, -7.520196 ], [ -40.968449, -7.520063 ], [ -40.968157, -7.519927 ], [ -40.967179, -7.519178 ], [ -40.965481, -7.518088 ], [ -40.964456, -7.51739 ], [ -40.964241, -7.517195 ], [ -40.963769, -7.516706 ], [ -40.963124999999899, -7.516434 ], [ -40.962812, -7.5162 ], [ -40.962229, -7.515481 ], [ -40.961968, -7.515345 ], [ -40.961663, -7.515332 ], [ -40.961165, -7.515387 ], [ -40.960517, -7.515438 ], [ -40.960114, -7.515553 ], [ -40.959924999999899, -7.515753 ], [ -40.959312, -7.516656 ], [ -40.958965, -7.517179 ], [ -40.958621, -7.517379 ], [ -40.957935, -7.517469 ], [ -40.957214, -7.517481 ], [ -40.956442, -7.517109 ], [ -40.955382, -7.516764 ], [ -40.954450999999899, -7.516403 ], [ -40.954065, -7.515978 ], [ -40.953924, -7.515643 ], [ -40.95392, -7.515048 ], [ -40.953873, -7.51486 ], [ -40.95377, -7.514695 ], [ -40.953521, -7.514508 ], [ -40.953229, -7.514495 ], [ -40.9531, -7.51461 ], [ -40.952941, -7.51472 ], [ -40.95262, -7.514656 ], [ -40.952465, -7.514571 ], [ -40.952285, -7.514299 ], [ -40.952096, -7.513628 ], [ -40.95195, -7.512735 ], [ -40.951924, -7.511952 ], [ -40.951877, -7.511637 ], [ -40.951671, -7.511301 ], [ -40.951276, -7.510923 ], [ -40.950929, -7.510583 ], [ -40.950363, -7.509944 ], [ -40.950040999999899, -7.50968 ], [ -40.949522, -7.509463 ], [ -40.949118999999897, -7.509255 ], [ -40.948496, -7.508868 ], [ -40.948024, -7.508791 ], [ -40.947368, -7.508715 ], [ -40.94688, -7.508746 ], [ -40.946548999999898, -7.508717 ], [ -40.945863, -7.508453 ], [ -40.945511, -7.50841 ], [ -40.945042999999899, -7.508487 ], [ -40.944364999999898, -7.508657 ], [ -40.943834, -7.508676 ], [ -40.943439, -7.508574 ], [ -40.942816999999899, -7.507987 ], [ -40.942448, -7.507791 ], [ -40.942044, -7.507617 ], [ -40.941834, -7.507404 ], [ -40.941555, -7.506992 ], [ -40.941247, -7.506745 ], [ -40.941075, -7.506507 ], [ -40.940977, -7.506171 ], [ -40.940852, -7.505601 ], [ -40.940668, -7.504925 ], [ -40.940364, -7.504452 ], [ -40.939561, -7.503831 ], [ -40.939218, -7.503414 ], [ -40.939076999999898, -7.502802 ], [ -40.938938999999898, -7.502164 ], [ -40.938803, -7.501861 ], [ -40.937966, -7.500746 ], [ -40.937734, -7.5003 ], [ -40.937703999999897, -7.499875 ], [ -40.937618, -7.499573 ], [ -40.937227999999898, -7.498858 ], [ -40.936666, -7.498544 ], [ -40.9364, -7.498195 ], [ -40.936232, -7.497578 ], [ -40.936039, -7.496906 ], [ -40.935872, -7.496661 ], [ -40.935511, -7.496457 ], [ -40.934463999999899, -7.496423 ], [ -40.934074, -7.496483 ], [ -40.933683, -7.496772 ], [ -40.933535999999897, -7.497085 ], [ -40.933553, -7.4976 ], [ -40.933476, -7.497842 ], [ -40.933265999999897, -7.498055 ], [ -40.933025, -7.49808 ], [ -40.932669, -7.498008 ], [ -40.931849999999898, -7.497515 ], [ -40.93094, -7.496771 ], [ -40.930205, -7.495957 ], [ -40.928517999999897, -7.494337 ], [ -40.927148799999898, -7.49291549999998 ], [ -40.926811, -7.492596 ], [ -40.926558, -7.49249 ], [ -40.926265, -7.492455 ], [ -40.925527, -7.492404 ], [ -40.925274, -7.492314 ], [ -40.924639, -7.491766 ], [ -40.924222, -7.4916 ], [ -40.92363, -7.491391 ], [ -40.922945, -7.49087 ], [ -40.922404, -7.490075 ], [ -40.92176, -7.489322 ], [ -40.92155, -7.489216 ], [ -40.921375, -7.489212 ], [ -40.920997, -7.489357 ], [ -40.920813, -7.489365 ], [ -40.920736, -7.489208 ], [ -40.920752999999898, -7.488965 ], [ -40.920869, -7.488523 ], [ -40.920856, -7.488332 ], [ -40.920701, -7.488102 ], [ -40.920465, -7.488004 ], [ -40.920015, -7.487983 ], [ -40.919594, -7.487826 ], [ -40.919294, -7.487842 ], [ -40.919049, -7.487888 ], [ -40.918816999999898, -7.48782 ], [ -40.918736, -7.487616 ], [ -40.918598, -7.487557 ], [ -40.918293999999896, -7.487557 ], [ -40.918005999999899, -7.487472 ], [ -40.917732, -7.487263 ], [ -40.91741, -7.487097 ], [ -40.917169, -7.487085 ], [ -40.916856, -7.487119 ], [ -40.916507, -7.487027 ], [ -40.91604, -7.487197 ], [ -40.915867999999897, -7.487444 ], [ -40.915649, -7.487772 ], [ -40.915465, -7.487963 ], [ -40.915374, -7.488099 ], [ -40.915198, -7.488095 ], [ -40.914918999999898, -7.487967 ], [ -40.914409, -7.48784 ], [ -40.913855, -7.487797 ], [ -40.913519999999899, -7.487874 ], [ -40.913259, -7.488031 ], [ -40.913064, -7.48809 ], [ -40.912683, -7.488124 ], [ -40.912369, -7.488196 ], [ -40.911541, -7.488468 ], [ -40.911094999999897, -7.488643 ], [ -40.91073, -7.488991 ], [ -40.910485, -7.489034 ], [ -40.910305, -7.488991 ], [ -40.910013999999897, -7.488879 ], [ -40.909821, -7.488785 ], [ -40.909594, -7.488764 ], [ -40.909366, -7.488849 ], [ -40.909216, -7.48904 ], [ -40.908949999999898, -7.489215 ], [ -40.908491, -7.489474 ], [ -40.908263, -7.489461 ], [ -40.908066, -7.489232 ], [ -40.907666999999897, -7.488862 ], [ -40.907443999999899, -7.488732 ], [ -40.907156, -7.488672 ], [ -40.906723, -7.488677 ], [ -40.906439, -7.4886 ], [ -40.906202999999898, -7.488366 ], [ -40.905877, -7.488226 ], [ -40.905431, -7.488162 ], [ -40.905031999999899, -7.487962 ], [ -40.904311999999898, -7.487605 ], [ -40.903539, -7.487158 ], [ -40.90323, -7.486784 ], [ -40.903047, -7.486388 ], [ -40.902815, -7.486223 ], [ -40.902561999999897, -7.486184 ], [ -40.902283, -7.486074 ], [ -40.902171, -7.485887 ], [ -40.902219, -7.4855 ], [ -40.902287, -7.4851 ], [ -40.902588, -7.484849 ], [ -40.902802, -7.484385 ], [ -40.903076999999897, -7.483866 ], [ -40.903317, -7.483569 ], [ -40.903317, -7.483382 ], [ -40.903201, -7.483216 ], [ -40.903004, -7.483084 ], [ -40.902870999999898, -7.482867 ], [ -40.902864, -7.482557 ], [ -40.902915, -7.482358 ], [ -40.903048, -7.482238 ], [ -40.903374, -7.482217 ], [ -40.903679, -7.482255 ], [ -40.903773, -7.482141 ], [ -40.903876, -7.481673 ], [ -40.903906, -7.480997 ], [ -40.903814, -7.480549 ], [ -40.903402, -7.479954 ], [ -40.903028999999897, -7.479703 ], [ -40.902487999999899, -7.479375 ], [ -40.902346, -7.479222 ], [ -40.902256, -7.47889 ], [ -40.902183, -7.478214 ], [ -40.902115, -7.477692 ], [ -40.901922, -7.476641 ], [ -40.901608, -7.475825 ], [ -40.901634, -7.475404 ], [ -40.901544, -7.475268 ], [ -40.901249999999898, -7.47486 ], [ -40.900477, -7.473869 ], [ -40.900168, -7.473223 ], [ -40.899932, -7.473027 ], [ -40.899662, -7.472925 ], [ -40.899171, -7.473041 ], [ -40.898497, -7.473186 ], [ -40.898187999999898, -7.473156 ], [ -40.89796, -7.47296 ], [ -40.897862, -7.472714 ], [ -40.897591, -7.471901 ], [ -40.897458, -7.471429 ], [ -40.896999999999899, -7.470601 ], [ -40.896597, -7.470039 ], [ -40.896129, -7.469525 ], [ -40.895867, -7.469452 ], [ -40.895794, -7.469274 ], [ -40.895876, -7.468908 ], [ -40.895848, -7.468515 ], [ -40.895766, -7.468353 ], [ -40.895598999999898, -7.468374 ], [ -40.895213, -7.46874 ], [ -40.894732, -7.469136 ], [ -40.894457, -7.469225 ], [ -40.894058, -7.469255 ], [ -40.893895, -7.469344 ], [ -40.893779, -7.469625 ], [ -40.893616, -7.469693 ], [ -40.893349999999899, -7.469642 ], [ -40.89307, -7.469489 ], [ -40.892812999999897, -7.468898 ], [ -40.892499, -7.468626 ], [ -40.892113, -7.468477 ], [ -40.891911999999898, -7.468477 ], [ -40.891809, -7.468639 ], [ -40.89168, -7.468928 ], [ -40.891503999999898, -7.468936 ], [ -40.891298, -7.468762 ], [ -40.8911, -7.468323 ], [ -40.890942, -7.467592 ], [ -40.890794, -7.467138 ], [ -40.8906, -7.466479 ], [ -40.890635, -7.465577 ], [ -40.890643, -7.464905 ], [ -40.890609, -7.464586 ], [ -40.89047, -7.464226 ], [ -40.890259, -7.463299 ], [ -40.890281, -7.462755 ], [ -40.890229, -7.462525 ], [ -40.890045, -7.462066 ], [ -40.889947999999897, -7.461659 ], [ -40.889785, -7.461158 ], [ -40.889356, -7.460715 ], [ -40.889283, -7.460528 ], [ -40.889299999999899, -7.460324 ], [ -40.889347, -7.460094 ], [ -40.889266, -7.459882 ], [ -40.888792, -7.458942 ], [ -40.88844, -7.458504 ], [ -40.888186, -7.458385 ], [ -40.887968, -7.458444 ], [ -40.887796, -7.458627 ], [ -40.887671, -7.45875 ], [ -40.88756, -7.458754 ], [ -40.887414, -7.458589 ], [ -40.887361999999897, -7.458333 ], [ -40.887302, -7.457764 ], [ -40.887187, -7.457258 ], [ -40.886972, -7.456866 ], [ -40.886667, -7.456649 ], [ -40.886357, -7.456578 ], [ -40.886091, -7.45662 ], [ -40.885641, -7.456812 ], [ -40.885164, -7.457148 ], [ -40.884808, -7.457259 ], [ -40.884224, -7.457289 ], [ -40.883911, -7.457208 ], [ -40.883665999999899, -7.457259 ], [ -40.883378999999898, -7.457463 ], [ -40.883266999999897, -7.457693 ], [ -40.883336, -7.457935 ], [ -40.88331, -7.458067 ], [ -40.883169, -7.458174 ], [ -40.882933, -7.458148 ], [ -40.882555, -7.457918 ], [ -40.881867, -7.457324 ], [ -40.881567, -7.456848 ], [ -40.881600999999897, -7.45627 ], [ -40.881541, -7.456053 ], [ -40.881211, -7.455904 ], [ -40.880395, -7.455789 ], [ -40.87956, -7.455782 ], [ -40.87908, -7.455795 ], [ -40.878397, -7.455455 ], [ -40.878075399999901, -7.45521679999996 ], [ -40.877938, -7.455115 ], [ -40.8775362, -7.45466359999995 ], [ -40.877315, -7.454415 ], [ -40.87671, -7.453628 ], [ -40.876538, -7.453211 ], [ -40.876452, -7.452841 ], [ -40.8765, -7.452488 ], [ -40.876631, -7.452212 ], [ -40.876885, -7.451995 ], [ -40.876958, -7.451833 ], [ -40.876932, -7.45168 ], [ -40.876691999999899, -7.451582 ], [ -40.876404, -7.451506 ], [ -40.876125, -7.451327 ], [ -40.875503, -7.450859 ], [ -40.875076, -7.450617 ], [ -40.874454, -7.450349 ], [ -40.874302999999898, -7.450107 ], [ -40.873736999999899, -7.449478 ], [ -40.873256, -7.449074 ], [ -40.872881999999898, -7.448787 ], [ -40.872496, -7.448519 ], [ -40.872328, -7.448545 ], [ -40.872204, -7.448698 ], [ -40.872066, -7.448936 ], [ -40.871753, -7.449136 ], [ -40.871533999999897, -7.449221 ], [ -40.871423, -7.449059 ], [ -40.871388, -7.448583 ], [ -40.871281, -7.448336 ], [ -40.871157, -7.448094 ], [ -40.871002, -7.447915 ], [ -40.870207999999899, -7.448379 ], [ -40.8389127, -7.46596829999993 ], [ -40.8075923, -7.48356579999995 ], [ -40.8061111, -7.48431419999997 ], [ -40.8043663, -7.48423639999993 ], [ -40.803413, -7.484202 ], [ -40.802279999999897, -7.484266 ], [ -40.801348, -7.484219 ], [ -40.801087, -7.484168 ], [ -40.800868, -7.484028 ], [ -40.800609999999899, -7.483815 ], [ -40.800378, -7.483756 ], [ -40.800089, -7.483776 ], [ -40.799909, -7.483721 ], [ -40.799514, -7.483368 ], [ -40.799126999999899, -7.482875 ], [ -40.798784, -7.482642 ], [ -40.798509, -7.482493 ], [ -40.798261, -7.482242 ], [ -40.798012, -7.481897 ], [ -40.797793, -7.481706 ], [ -40.797573999999898, -7.481621 ], [ -40.796489, -7.481394 ], [ -40.79509, -7.481139 ], [ -40.794446, -7.481049 ], [ -40.794075, -7.481069 ], [ -40.793701999999897, -7.481256 ], [ -40.793522, -7.481427 ], [ -40.793054, -7.481456 ], [ -40.792212999999897, -7.48149 ], [ -40.791212, -7.481632 ], [ -40.789585, -7.481352 ], [ -40.789135, -7.480982 ], [ -40.788482, -7.48088 ], [ -40.783814, -7.479868 ], [ -40.783251999999898, -7.479672 ], [ -40.780411, -7.478984 ], [ -40.779943, -7.478895 ], [ -40.779024999999898, -7.478635 ], [ -40.778436, -7.478514 ], [ -40.776161, -7.477957 ], [ -40.774673, -7.477605 ], [ -40.774223, -7.477448 ], [ -40.773412, -7.477248 ], [ -40.772866, -7.477091 ], [ -40.7721, -7.47693 ], [ -40.771585, -7.476862 ], [ -40.770623999999899, -7.476658 ], [ -40.769314999999899, -7.476305 ], [ -40.768631, -7.476144 ], [ -40.767639, -7.475986 ], [ -40.766278999999898, -7.475689 ], [ -40.765507, -7.47551 ], [ -40.764840999999898, -7.47565 ], [ -40.764322, -7.475871 ], [ -40.763094, -7.47635 ], [ -40.762527, -7.476555 ], [ -40.761815, -7.476703 ], [ -40.761579, -7.476801 ], [ -40.760956, -7.476822 ], [ -40.760609, -7.476971 ], [ -40.759695, -7.477141 ], [ -40.758049, -7.477347 ], [ -40.756242, -7.4777 ], [ -40.754487, -7.478087 ], [ -40.753547, -7.477976 ], [ -40.753242, -7.477814 ], [ -40.752333, -7.477121 ], [ -40.751692999999896, -7.476585 ], [ -40.751526, -7.476513 ], [ -40.75047, -7.476347 ], [ -40.750238, -7.47639 ], [ -40.74926, -7.476896 ], [ -40.749088, -7.47693 ], [ -40.748247, -7.476896 ], [ -40.747821, -7.476932 ], [ -40.74695, -7.477158 ], [ -40.745075, -7.477872 ], [ -40.744624, -7.478089 ], [ -40.743796, -7.478395 ], [ -40.743173, -7.478633 ], [ -40.742045, -7.478748 ], [ -40.740667, -7.478816 ], [ -40.736511999999898, -7.479152 ], [ -40.73489, -7.47925 ], [ -40.732821999999899, -7.479405 ], [ -40.732449, -7.47938 ], [ -40.729157, -7.479579 ], [ -40.725915, -7.479846 ], [ -40.7247, -7.479927 ], [ -40.7231335, -7.48005209999997 ], [ -40.719611, -7.480272 ], [ -40.718752, -7.480382 ], [ -40.714948299999897, -7.48056839999998 ], [ -40.715141, -7.48141469999996 ], [ -40.7155365, -7.48443729999997 ], [ -40.715294, -7.487954 ], [ -40.713786, -7.49391059999994 ], [ -40.710590599999897, -7.50087829999995 ], [ -40.7101422, -7.50139909999996 ], [ -40.7093308, -7.503801 ], [ -40.7086254, -7.505889 ], [ -40.7042941, -7.51870809999997 ], [ -40.701203899999904, -7.52578579999994 ], [ -40.6993067, -7.52929639999996 ], [ -40.695247799999898, -7.53680709999998 ], [ -40.6940805999999, -7.53871889999994 ], [ -40.693939, -7.53893019999998 ], [ -40.6813362, -7.55773829999993 ], [ -40.6773208, -7.56294319999995 ], [ -40.667919, -7.57362579999995 ], [ -40.6678646, -7.57368939999998 ], [ -40.6678120999999, -7.57374719999996 ], [ -40.6676034, -7.57398429999995 ], [ -40.665628599999899, -7.57622779999997 ], [ -40.665473899999903, -7.57639809999995 ], [ -40.662657399999901, -7.57949989999997 ], [ -40.6590863, -7.58181259999998 ], [ -40.654073299999901, -7.58599459999994 ], [ -40.6540337, -7.58602769999993 ], [ -40.6539213, -7.58612149999993 ], [ -40.6538836, -7.58615529999997 ], [ -40.6538262, -7.58620319999994 ], [ -40.6512139, -7.588554 ], [ -40.6491182, -7.59076419999997 ], [ -40.645581499999899, -7.59476989999996 ], [ -40.6443765, -7.59664279999993 ], [ -40.636735, -7.60851719999994 ], [ -40.6321040999999, -7.617931 ], [ -40.6268875, -7.63087369999994 ], [ -40.626561099999897, -7.63168359999997 ], [ -40.6248201, -7.63767239999993 ], [ -40.6240313, -7.64090619999996 ], [ -40.6231971999999, -7.64485649999995 ], [ -40.6226454, -7.64746939999998 ], [ -40.6219897, -7.65135989999993 ], [ -40.6217829, -7.65353379999993 ], [ -40.621718, -7.65537909999995 ], [ -40.6218302999999, -7.65832379999995 ], [ -40.622169799999902, -7.66099619999994 ], [ -40.6222627, -7.66155009999994 ], [ -40.622449, -7.66294 ], [ -40.6227206, -7.66449659999995 ], [ -40.6236655, -7.66991309999997 ], [ -40.624408899999899, -7.673313 ], [ -40.624809599999899, -7.67471349999994 ], [ -40.6255125, -7.67717029999994 ], [ -40.6255419, -7.67717569999996 ], [ -40.6258756, -7.67835669999994 ], [ -40.6277497, -7.68498949999997 ], [ -40.630871399999897, -7.69172549999996 ], [ -40.6337583, -7.69686179999997 ], [ -40.635603499999903, -7.69982939999994 ], [ -40.6392896, -7.704162 ], [ -40.6437776, -7.70814819999993 ], [ -40.6487245, -7.71236169999997 ], [ -40.6511394999999, -7.71418209999996 ], [ -40.6540893, -7.71593219999994 ], [ -40.6580357, -7.71827339999993 ], [ -40.6610257, -7.72054929999996 ], [ -40.6665528999999, -7.72636129999995 ], [ -40.6695533, -7.73126759999997 ], [ -40.6717353, -7.73536359999997 ], [ -40.6718643, -7.73560579999997 ], [ -40.6734843999999, -7.73937329999995 ], [ -40.6744151, -7.74268729999994 ], [ -40.6751146, -7.74554389999997 ], [ -40.675274699999903, -7.74686069999996 ], [ -40.675597799999899, -7.74781779999995 ], [ -40.6754701, -7.74860419999993 ], [ -40.675599599999899, -7.75143029999998 ], [ -40.675657, -7.75268319999998 ], [ -40.6735695, -7.76167189999995 ], [ -40.6720723, -7.764829 ], [ -40.6700172, -7.76790469999997 ], [ -40.6654993, -7.77287559999996 ], [ -40.663785, -7.77476179999996 ], [ -40.653734799999903, -7.78219269999994 ], [ -40.6451665, -7.786799 ], [ -40.6390276, -7.78923939999993 ], [ -40.628643899999901, -7.79256409999994 ], [ -40.6043807, -7.79867619999993 ], [ -40.578451399999899, -7.80520789999997 ], [ -40.568404799999897, -7.80875859999998 ], [ -40.5679567, -7.80905159999998 ], [ -40.5590935, -7.814846 ], [ -40.5548601, -7.81843049999998 ], [ -40.551296, -7.82243109999996 ], [ -40.547514799999902, -7.82746659999998 ], [ -40.545944, -7.83008349999994 ], [ -40.5455693, -7.83070769999995 ], [ -40.544288299999899, -7.83284149999997 ], [ -40.5420617999999, -7.83848069999993 ], [ -40.5420265999999, -7.83864409999995 ] ] ] ] } },
{ "type": "Feature", "properties": { "CD_MUN": "2201804", "NM_MUN": "Bocaina", "CD_RGI": "220009", "NM_RGI": "Picos", "CD_RGINT": "2203", "NM_RGINT": "Picos", "CD_UF": "22", "NM_UF": "Piauí", "SIGLA_UF": "PI", "CD_REGIAO": "2", "NM_REGIAO": "Nordeste", "SIGLA_RG": "NE", "CD_CONCURB": null, "NM_CONCURB": null, "AREA_KM2": 261.49 }, "geometry": { "type": "MultiPolygon", "coordinates": [ [ [ [ -41.2473467, -6.95070049999993 ], [ -41.2487949, -6.95106259999994 ], [ -41.251615399999899, -6.95176909999998 ], [ -41.2565448, -6.95300369999995 ], [ -41.2605737, -6.95401059999995 ], [ -41.284411799999901, -6.959968 ], [ -41.288958, -6.97277119999995 ], [ -41.2894003, -6.97401649999995 ], [ -41.2893531, -6.97407639999994 ], [ -41.289318299999898, -6.97410339999993 ], [ -41.289255599999898, -6.974152 ], [ -41.2891152, -6.97427989999994 ], [ -41.289053099999897, -6.97439559999998 ], [ -41.2890022999999, -6.97449989999996 ], [ -41.2889835, -6.97460769999998 ], [ -41.288910299999898, -6.97472759999994 ], [ -41.2888253, -6.97483759999994 ], [ -41.288766699999897, -6.974912 ], [ -41.2886348, -6.97505169999994 ], [ -41.2886367, -6.97509759999997 ], [ -41.288642, -6.97521639999997 ], [ -41.2886518, -6.97529219999996 ], [ -41.2886626, -6.97537089999997 ], [ -41.2886137, -6.97546539999996 ], [ -41.2885989, -6.97557539999997 ], [ -41.2886483999999, -6.97572049999997 ], [ -41.288670099999898, -6.97579309999998 ], [ -41.288641299999902, -6.97593509999996 ], [ -41.2886023, -6.97599929999996 ], [ -41.288585699999899, -6.976139 ], [ -41.2885477, -6.97616459999995 ], [ -41.2885272, -6.97619709999998 ], [ -41.288491099999902, -6.976228 ], [ -41.2884797, -6.97626349999996 ], [ -41.2884935, -6.97631289999993 ], [ -41.288570999999898, -6.97635239999994 ], [ -41.2887165, -6.97633229999997 ], [ -41.288733099999902, -6.97635409999998 ], [ -41.2886811, -6.97639239999995 ], [ -41.2886139, -6.97644239999994 ], [ -41.2885899, -6.97649789999997 ], [ -41.2886996, -6.97661519999997 ], [ -41.2888108, -6.97676219999994 ], [ -41.2888672, -6.97688849999997 ], [ -41.288903699999899, -6.97700279999998 ], [ -41.2889125, -6.97713079999994 ], [ -41.28896, -6.97749649999997 ], [ -41.309713499999901, -6.98895179999994 ], [ -41.3100292, -6.989126 ], [ -41.3108925, -6.98960249999993 ], [ -41.3112042, -6.98977459999998 ], [ -41.3137366999999, -6.98950749999995 ], [ -41.3162692, -6.98924039999997 ], [ -41.3469858999999, -6.98600179999994 ], [ -41.347030699999898, -6.98599589999998 ], [ -41.3474770999999, -6.98560539999994 ], [ -41.3531771, -6.98062 ], [ -41.3532448999999, -6.98056069999996 ], [ -41.360163499999899, -6.973871 ], [ -41.362341199999904, -6.97176539999998 ], [ -41.364043799999898, -6.97011909999998 ], [ -41.3647698, -6.96957809999998 ], [ -41.3735477, -6.96303729999994 ], [ -41.3762834, -6.96169589999994 ], [ -41.377977499999901, -6.96086509999998 ], [ -41.378967799999899, -6.96037949999993 ], [ -41.385509, -6.957172 ], [ -41.3884315, -6.95496509999998 ], [ -41.391953699999902, -6.95222679999995 ], [ -41.3933549, -6.94987669999995 ], [ -41.3933577, -6.94745889999996 ], [ -41.393221599999897, -6.94697229999997 ], [ -41.393134099999898, -6.94618849999995 ], [ -41.3929689, -6.94459729999994 ], [ -41.392770799999901, -6.94290519999993 ], [ -41.3915981, -6.94059449999997 ], [ -41.3913949, -6.94036079999995 ], [ -41.3906569, -6.93811069999998 ], [ -41.390529699999902, -6.937862 ], [ -41.3901117, -6.93658949999997 ], [ -41.3903498, -6.93594929999995 ], [ -41.391423099999898, -6.93522389999993 ], [ -41.3915689, -6.93522969999998 ], [ -41.392824699999899, -6.93493029999996 ], [ -41.394037599999898, -6.93444039999997 ], [ -41.3947765, -6.93283039999994 ], [ -41.395067299999901, -6.93126759999996 ], [ -41.3953582, -6.92970479999997 ], [ -41.395888, -6.92685779999994 ], [ -41.3969309, -6.91836319999993 ], [ -41.3977957, -6.91416539999994 ], [ -41.3982955, -6.91045249999996 ], [ -41.399083, -6.90576129999994 ], [ -41.4002336, -6.90484979999997 ], [ -41.4015074, -6.90472259999996 ], [ -41.4081108, -6.90311449999996 ], [ -41.4098091, -6.90270089999996 ], [ -41.4115075, -6.90228739999998 ], [ -41.411809499999897, -6.90057869999993 ], [ -41.412111599999903, -6.89887009999995 ], [ -41.4106901, -6.89440249999996 ], [ -41.408453199999897, -6.88893409999997 ], [ -41.4103855, -6.88526429999996 ], [ -41.4117055, -6.88201519999996 ], [ -41.411490899999897, -6.879229 ], [ -41.4014248, -6.86682369999994 ], [ -41.4010835999999, -6.86640329999994 ], [ -41.3985162, -6.86323929999998 ], [ -41.3984836999999, -6.86319919999994 ], [ -41.3982162, -6.86286949999993 ], [ -41.3968848, -6.86122869999997 ], [ -41.3962729, -6.86120269999998 ], [ -41.395661, -6.86117679999995 ], [ -41.3935933, -6.86108919999998 ], [ -41.3850629, -6.86072759999996 ], [ -41.3806076, -6.86053869999995 ], [ -41.3789871, -6.86093389999996 ], [ -41.377803, -6.862117 ], [ -41.3766188, -6.86330009999995 ], [ -41.3750916, -6.86523819999996 ], [ -41.3748939, -6.865489 ], [ -41.3742104, -6.86635649999994 ], [ -41.372996699999902, -6.86718289999993 ], [ -41.3712639, -6.86884689999994 ], [ -41.369060499999897, -6.87115089999998 ], [ -41.3649991, -6.87297849999993 ], [ -41.357383899999903, -6.87318159999995 ], [ -41.353942, -6.87132289999994 ], [ -41.353691099999899, -6.87079249999994 ], [ -41.3533379, -6.86971609999995 ], [ -41.3528975, -6.86838039999998 ], [ -41.3527374, -6.86789349999998 ], [ -41.352611099999898, -6.86761119999994 ], [ -41.352518, -6.86740319999996 ], [ -41.3521851, -6.86666189999994 ], [ -41.352080699999902, -6.86642939999996 ], [ -41.351683799999897, -6.86522959999996 ], [ -41.350557, -6.86508919999994 ], [ -41.348059299999903, -6.864778 ], [ -41.347393899999901, -6.86469509999995 ], [ -41.3439059, -6.86426049999994 ], [ -41.343344199999898, -6.86419049999995 ], [ -41.3427824, -6.86412049999996 ], [ -41.3425611, -6.864093 ], [ -41.339752599999898, -6.863743 ], [ -41.3372811999999, -6.86343509999995 ], [ -41.337214399999901, -6.86398959999997 ], [ -41.337147699999903, -6.864544 ], [ -41.336779099999902, -6.86516119999993 ], [ -41.336430499999899, -6.86573839999994 ], [ -41.336247199999903, -6.86604179999995 ], [ -41.3361143, -6.86611329999994 ], [ -41.3345608, -6.86694869999997 ], [ -41.334381, -6.86702069999996 ], [ -41.3320399, -6.86604139999997 ], [ -41.331112, -6.865383 ], [ -41.3296318, -6.86432059999993 ], [ -41.329535099999902, -6.86425179999998 ], [ -41.3285162, -6.86400579999997 ], [ -41.326652099999897, -6.86355689999994 ], [ -41.324677, -6.86404119999997 ], [ -41.322488, -6.86529749999994 ], [ -41.3211471, -6.867086 ], [ -41.3210045, -6.86727259999998 ], [ -41.3207826, -6.86705719999998 ], [ -41.3207234, -6.86699929999997 ], [ -41.320407799999899, -6.86669169999993 ], [ -41.3200831, -6.866375 ], [ -41.3200529, -6.86634539999994 ], [ -41.3200325, -6.86632549999996 ], [ -41.320010399999902, -6.86630379999997 ], [ -41.3200012, -6.86629509999995 ], [ -41.319939599999898, -6.86452839999993 ], [ -41.320215899999901, -6.86378029999997 ], [ -41.320310499999898, -6.86185019999994 ], [ -41.320182, -6.86066579999994 ], [ -41.320116799999902, -6.86006469999995 ], [ -41.3197463, -6.858707 ], [ -41.318755399999901, -6.85830589999995 ], [ -41.318137, -6.85727429999997 ], [ -41.3183819, -6.85593589999996 ], [ -41.318412899999899, -6.855404 ], [ -41.3184431, -6.85483849999997 ], [ -41.3183862, -6.85363649999994 ], [ -41.3183422, -6.85268579999996 ], [ -41.3102991, -6.85285569999996 ], [ -41.3020117, -6.85318529999995 ], [ -41.2997619, -6.85205319999994 ], [ -41.2964461, -6.852057 ], [ -41.295677199999901, -6.85205779999995 ], [ -41.295113199999903, -6.85209439999994 ], [ -41.2940616, -6.85216239999994 ], [ -41.2924277, -6.85226819999997 ], [ -41.2905473, -6.85208259999996 ], [ -41.288283799999903, -6.85253719999997 ], [ -41.2857122, -6.851492 ], [ -41.2831573, -6.85248739999997 ], [ -41.2811995, -6.85247079999994 ], [ -41.2805485, -6.85202369999996 ], [ -41.276105399999899, -6.85164989999993 ], [ -41.2722239, -6.85185439999998 ], [ -41.269046199999899, -6.85217369999998 ], [ -41.2660695, -6.85155689999993 ], [ -41.2621518, -6.84902039999997 ], [ -41.2617152, -6.847296 ], [ -41.2614364, -6.84619529999998 ], [ -41.2614272, -6.846159 ], [ -41.2612751, -6.84555819999997 ], [ -41.2601127, -6.840968 ], [ -41.2598796, -6.84004749999997 ], [ -41.2595064, -6.83857379999995 ], [ -41.257460299999899, -6.83049389999996 ], [ -41.2299985, -6.82272819999997 ], [ -41.22278, -6.82068689999994 ], [ -41.2204417, -6.82002569999997 ], [ -41.213699899999902, -6.81811919999996 ], [ -41.2126648, -6.82150579999995 ], [ -41.2064157, -6.84195259999996 ], [ -41.205721299999901, -6.84422459999996 ], [ -41.2045859, -6.86169619999993 ], [ -41.204236099999903, -6.86707789999997 ], [ -41.204225999999899, -6.86723409999996 ], [ -41.203606099999902, -6.87122659999994 ], [ -41.2007115, -6.88987179999998 ], [ -41.215293899999899, -6.902541 ], [ -41.2398714999999, -6.92909149999997 ], [ -41.2430232, -6.94722779999995 ], [ -41.2434577, -6.94972809999996 ], [ -41.2447958, -6.95006269999993 ], [ -41.245538, -6.95024829999994 ], [ -41.2473467, -6.95070049999993 ] ] ] ] } },
{ "type": "Feature", "properties": { "CD_MUN": "2209955", "NM_MUN": "São João da Varjota", "CD_RGI": "220011", "NM_RGI": "Oeiras", "CD_RGINT": "2203", "NM_RGINT": "Picos", "CD_UF": "22", "NM_UF": "Piauí", "SIGLA_UF": "PI", "CD_REGIAO": "2", "NM_REGIAO": "Nordeste", "SIGLA_RG": "NE", "CD_CONCURB": null, "NM_CONCURB": null, "AREA_KM2": 394.457 }, "geometry": { "type": "MultiPolygon", "coordinates": [ [ [ [ -41.898129, -7.051522 ], [ -41.895829299999903, -7.04670529999993 ], [ -41.892900499999897, -7.04411779999998 ], [ -41.8916346, -7.04229989999993 ], [ -41.890453799999896, -7.03983019999993 ], [ -41.888645499999903, -7.03701729999995 ], [ -41.8874319, -7.03624139999994 ], [ -41.8861307, -7.035728 ], [ -41.884155399999898, -7.03547969999994 ], [ -41.8822724, -7.03474889999995 ], [ -41.880547799999903, -7.03216109999994 ], [ -41.8784797, -7.03051769999996 ], [ -41.8779364, -7.02952169999998 ], [ -41.8776612999999, -7.02865379999997 ], [ -41.8776559, -7.02765369999997 ], [ -41.8778717, -7.02661059999997 ], [ -41.879319199999898, -7.02486139999996 ], [ -41.8798171, -7.02279329999993 ], [ -41.9468176, -7.01645539999993 ], [ -41.9731909, -7.01421389999996 ], [ -41.9729153, -7.01394169999998 ], [ -41.972213, -7.013256 ], [ -41.971741, -7.013166 ], [ -41.971496, -7.01306 ], [ -41.971384999999898, -7.012915 ], [ -41.971243, -7.012809 ], [ -41.970992, -7.012727 ], [ -41.970729999999897, -7.012706 ], [ -41.970456, -7.012617 ], [ -41.970164, -7.012625 ], [ -41.969885, -7.012795 ], [ -41.969675, -7.012897 ], [ -41.969245, -7.012846 ], [ -41.969090999999899, -7.012748 ], [ -41.968988, -7.01245 ], [ -41.968786, -7.012204 ], [ -41.968507, -7.011957 ], [ -41.968241, -7.011757 ], [ -41.968194, -7.011561 ], [ -41.96827, -7.011345 ], [ -41.968614, -7.010834 ], [ -41.968832, -7.010447 ], [ -41.969175999999898, -7.010085 ], [ -41.969257, -7.009408 ], [ -41.969403999999898, -7.008733 ], [ -41.969241, -7.00835 ], [ -41.969000999999899, -7.008184 ], [ -41.968765, -7.007766 ], [ -41.968675, -7.007464 ], [ -41.968735, -7.007298 ], [ -41.968735, -7.007128 ], [ -41.96865, -7.006981 ], [ -41.968152, -7.006772 ], [ -41.968027999999897, -7.00656 ], [ -41.968058, -7.006428 ], [ -41.968161, -7.006257 ], [ -41.968207999999898, -7.005985 ], [ -41.968165, -7.005759 ], [ -41.967955, -7.005619 ], [ -41.967813, -7.005474 ], [ -41.96777, -7.005151 ], [ -41.967655, -7.004927 ], [ -41.967329, -7.004573 ], [ -41.967209, -7.003995 ], [ -41.967226, -7.003807 ], [ -41.967368, -7.003284 ], [ -41.967437, -7.002832 ], [ -41.967458, -7.00256 ], [ -41.967356, -7.002256 ], [ -41.967419999999898, -7.002022 ], [ -41.967292, -7.001941 ], [ -41.967261999999899, -7.00178 ], [ -41.967382, -7.001609 ], [ -41.967562, -7.001571 ], [ -41.96791, -7.001494 ], [ -41.967931, -7.001323 ], [ -41.967849999999899, -7.000936 ], [ -41.967768, -7.000263 ], [ -41.967562, -6.999876 ], [ -41.967296, -6.999408 ], [ -41.967239, -6.999259 ], [ -41.967158, -6.998621 ], [ -41.967162, -6.998131 ], [ -41.967029, -6.997838 ], [ -41.966856999999898, -6.997748 ], [ -41.966686, -6.997672 ], [ -41.966698, -6.99754 ], [ -41.966793, -6.997412 ], [ -41.966917, -6.99725 ], [ -41.966946999999898, -6.99699 ], [ -41.967036999999898, -6.996675 ], [ -41.967077, -6.99644 ], [ -41.967026, -6.996146 ], [ -41.967124, -6.995733 ], [ -41.967069, -6.995495 ], [ -41.96676, -6.995146 ], [ -41.966485, -6.99466 ], [ -41.966292, -6.994511 ], [ -41.965858, -6.994401 ], [ -41.96566, -6.994065 ], [ -41.965428, -6.993614 ], [ -41.965402, -6.993414 ], [ -41.965385, -6.992813 ], [ -41.965334, -6.992592 ], [ -41.9652169, -6.99229659999997 ], [ -41.965162, -6.992158 ], [ -41.965019, -6.991681 ], [ -41.964526, -6.990783 ], [ -41.964157, -6.990259 ], [ -41.963759, -6.98995729999996 ], [ -41.963731, -6.989914 ], [ -41.963739, -6.989662 ], [ -41.96389, -6.989484 ], [ -41.964134, -6.989356 ], [ -41.964472999999899, -6.989377 ], [ -41.964835, -6.989389 ], [ -41.964971999999896, -6.989227 ], [ -41.965212, -6.989151 ], [ -41.965550999999898, -6.989223 ], [ -41.9658803, -6.98937049999995 ], [ -41.9660173, -6.98943179999998 ], [ -41.966225, -6.989525 ], [ -41.966636999999899, -6.989521 ], [ -41.966938, -6.989278 ], [ -41.967122, -6.988963 ], [ -41.966989, -6.988751 ], [ -41.966543, -6.98847 ], [ -41.96626, -6.988082 ], [ -41.966285, -6.987759 ], [ -41.966556, -6.987588 ], [ -41.966971, -6.987374 ], [ -41.967456, -6.987016 ], [ -41.967349, -6.986514 ], [ -41.9671893, -6.98599829999995 ], [ -41.967022, -6.985458 ], [ -41.966984, -6.985169 ], [ -41.967148, -6.984817 ], [ -41.967461, -6.984787 ], [ -41.967959, -6.984778 ], [ -41.968787, -6.98454 ], [ -41.96977, -6.984131 ], [ -41.970101, -6.983765 ], [ -41.970049, -6.983527 ], [ -41.970036, -6.983408 ], [ -41.969871, -6.983122 ], [ -41.969355999999898, -6.982492 ], [ -41.969381999999896, -6.982156 ], [ -41.969575, -6.98196 ], [ -41.969911, -6.981499 ], [ -41.970228, -6.981346 ], [ -41.97058, -6.980814 ], [ -41.97058, -6.980235 ], [ -41.970346, -6.980106 ], [ -41.969973, -6.979885 ], [ -41.969908, -6.979608 ], [ -41.969801, -6.979421 ], [ -41.969887, -6.979284 ], [ -41.970075999999899, -6.979246 ], [ -41.970423, -6.979131 ], [ -41.970599, -6.978927 ], [ -41.970788, -6.978591 ], [ -41.971398, -6.978293 ], [ -41.971801, -6.978182 ], [ -41.972265, -6.977884 ], [ -41.973114, -6.977757 ], [ -41.973653, -6.977513 ], [ -41.973996, -6.976929 ], [ -41.974514999999897, -6.97621 ], [ -41.97488, -6.975853 ], [ -41.975173299999902, -6.97572749999995 ], [ -41.975842, -6.975508 ], [ -41.976501, -6.97496569999993 ], [ -41.9775607999999, -6.97490619999996 ], [ -41.9787378, -6.97409369999997 ], [ -41.979679599999898, -6.97275309999998 ], [ -41.9801482, -6.97234249999997 ], [ -41.9810734, -6.97199289999998 ], [ -41.9823802, -6.97106319999995 ], [ -41.9843326, -6.96798789999997 ], [ -41.986594599999897, -6.96701819999993 ], [ -41.988656999999897, -6.96556989999993 ], [ -41.9897344, -6.96451139999994 ], [ -41.9904185, -6.96355809999994 ], [ -41.9909072, -6.96287719999998 ], [ -41.991887399999897, -6.96186669999997 ], [ -41.9930206, -6.96124329999998 ], [ -41.995082399999902, -6.96055439999998 ], [ -41.9962661, -6.96035719999998 ], [ -41.996804499999897, -6.95987389999993 ], [ -41.9973398, -6.95877089999993 ], [ -41.9976723999999, -6.95777349999997 ], [ -41.9991358, -6.95609949999994 ], [ -41.9998547, -6.95419539999995 ], [ -42.002355, -6.952015 ], [ -42.002561, -6.951755 ], [ -41.991322399999902, -6.94623679999995 ], [ -41.990243899999903, -6.94588269999997 ], [ -41.990714, -6.943613 ], [ -41.991023, -6.942003 ], [ -41.991194, -6.94093 ], [ -41.991262999999897, -6.940505 ], [ -41.991649, -6.937729 ], [ -41.991904, -6.935396 ], [ -41.992187, -6.932662 ], [ -41.992291, -6.930833 ], [ -41.992317, -6.928746 ], [ -41.9923, -6.928159 ], [ -41.990837, -6.926966 ], [ -41.989776999999897, -6.925991 ], [ -41.989773, -6.925752 ], [ -41.989893, -6.925531 ], [ -41.99004, -6.925046 ], [ -41.990134, -6.924978 ], [ -41.990508, -6.92459 ], [ -41.990592999999897, -6.924374 ], [ -41.991013, -6.921687 ], [ -41.991293, -6.920395 ], [ -41.991122, -6.919467 ], [ -41.990787, -6.91882 ], [ -41.990358, -6.918368 ], [ -41.989456, -6.917474 ], [ -41.988761, -6.916955 ], [ -41.988212, -6.916674 ], [ -41.987989, -6.916282 ], [ -41.987774, -6.915984 ], [ -41.986551, -6.915528 ], [ -41.986027, -6.914616 ], [ -41.9846176, -6.91283519999996 ], [ -41.9839435, -6.911103 ], [ -41.983881499999903, -6.90941879999997 ], [ -41.983708799999903, -6.90738729999993 ], [ -41.9833601999999, -6.90672989999996 ], [ -41.982909199999902, -6.90535559999995 ], [ -41.9825223, -6.90519759999995 ], [ -41.982009199999901, -6.90524389999996 ], [ -41.9811415, -6.905186 ], [ -41.9791494, -6.90429869999997 ], [ -41.979002299999898, -6.90416809999994 ], [ -41.9789301, -6.90366569999998 ], [ -41.9788743, -6.89989589999993 ], [ -41.9787545, -6.89916639999996 ], [ -41.9784051, -6.89850529999995 ], [ -41.9782744, -6.89798989999997 ], [ -41.9780071, -6.89740239999998 ], [ -41.9777218, -6.89691269999997 ], [ -41.9772543999999, -6.89635579999998 ], [ -41.9768677, -6.89574259999995 ], [ -41.9765854, -6.89499969999997 ], [ -41.9762703, -6.89436789999996 ], [ -41.9760562, -6.89422579999996 ], [ -41.9752582, -6.89379339999994 ], [ -41.974495299999901, -6.89319559999996 ], [ -41.9739618999999, -6.89252739999995 ], [ -41.973487, -6.89217109999993 ], [ -41.973113199999901, -6.89176949999995 ], [ -41.9726932, -6.89145749999994 ], [ -41.9719018, -6.8902 ], [ -41.970091399999902, -6.88705609999994 ], [ -41.9684854, -6.88448829999993 ], [ -41.967137599999901, -6.88236079999996 ], [ -41.9666339, -6.88148249999995 ], [ -41.9663998999999, -6.88130449999994 ], [ -41.966088, -6.88120479999998 ], [ -41.9653521, -6.881176 ], [ -41.9650503, -6.88110089999998 ], [ -41.9650263, -6.88089119999995 ], [ -41.965018799999903, -6.88082519999995 ], [ -41.965086799999902, -6.87964789999995 ], [ -41.9653051, -6.87665189999996 ], [ -41.9651941, -6.87587979999995 ], [ -41.964988499999897, -6.87515289999993 ], [ -41.964565, -6.87439739999996 ], [ -41.9642469, -6.874019 ], [ -41.963790399999901, -6.87360529999995 ], [ -41.9629115, -6.87271239999995 ], [ -41.962751099999899, -6.87229089999994 ], [ -41.9626352, -6.87217379999993 ], [ -41.9623172, -6.87197129999993 ], [ -41.9619005, -6.87179309999993 ], [ -41.961622, -6.87095179999994 ], [ -41.9615745, -6.87054179999996 ], [ -41.9620348999999, -6.86965919999994 ], [ -41.962279099999897, -6.86940129999994 ], [ -41.9632025, -6.86917019999993 ], [ -41.9636004, -6.86914359999997 ], [ -41.9640007, -6.86880479999996 ], [ -41.9643376, -6.867283 ], [ -41.9647947, -6.86559059999996 ], [ -41.9648438, -6.86524779999996 ], [ -41.9646053, -6.86447139999996 ], [ -41.9640843, -6.86206559999994 ], [ -41.9638439, -6.86134109999995 ], [ -41.9634784, -6.86019379999993 ], [ -41.963354, -6.85999459999994 ], [ -41.9613113, -6.85790229999998 ], [ -41.960657099999899, -6.85706749999997 ], [ -41.9604275, -6.85691 ], [ -41.960129799999898, -6.85691239999994 ], [ -41.959861499999903, -6.85688779999998 ], [ -41.959708799999902, -6.85662849999994 ], [ -41.959602, -6.85646249999996 ], [ -41.9594198, -6.85641309999994 ], [ -41.9590206, -6.85629189999997 ], [ -41.9576642, -6.85570229999996 ], [ -41.955991, -6.85482749999994 ], [ -41.954265, -6.85377479999994 ], [ -41.9526776, -6.85270649999995 ], [ -41.9524997, -6.85236879999997 ], [ -41.9524301, -6.85197909999994 ], [ -41.952397399999903, -6.85173149999997 ], [ -41.9522382, -6.85145779999993 ], [ -41.952088699999898, -6.85129719999998 ], [ -41.9518588, -6.85119669999995 ], [ -41.9517566, -6.85109409999995 ], [ -41.9516669, -6.85067539999994 ], [ -41.9515853, -6.85039909999995 ], [ -41.951282299999903, -6.85000019999995 ], [ -41.9509431, -6.84979689999994 ], [ -41.9503683, -6.84961 ], [ -41.949351099999902, -6.84889789999994 ], [ -41.948825699999901, -6.84852969999997 ], [ -41.9486319, -6.84850019999993 ], [ -41.9480565, -6.84780889999996 ], [ -41.9474991, -6.84750859999997 ], [ -41.947368599999898, -6.84729649999997 ], [ -41.9473351, -6.84698579999997 ], [ -41.9470678, -6.846491 ], [ -41.947051, -6.84607319999998 ], [ -41.946988299999902, -6.84594809999993 ], [ -41.9466877999999, -6.84554319999995 ], [ -41.946205099999901, -6.84547389999994 ], [ -41.9460549, -6.84553459999995 ], [ -41.9456668, -6.84599039999995 ], [ -41.945499299999902, -6.84599749999995 ], [ -41.9452479, -6.84590859999997 ], [ -41.9451164, -6.84591579999994 ], [ -41.9444723, -6.84569109999995 ], [ -41.9441203, -6.84569809999994 ], [ -41.943990299999903, -6.84566789999997 ], [ -41.943873799999899, -6.84551619999996 ], [ -41.9434158, -6.845347 ], [ -41.943074399999901, -6.84510919999997 ], [ -41.9429177, -6.84510179999995 ], [ -41.9425404, -6.84486329999993 ], [ -41.941936499999898, -6.84476749999993 ], [ -41.941575, -6.84475229999993 ], [ -41.9411105, -6.84466319999996 ], [ -41.9406159, -6.844692 ], [ -41.9399443, -6.844528 ], [ -41.939105, -6.84411819999997 ], [ -41.9389515, -6.84408729999996 ], [ -41.9381049, -6.844413 ], [ -41.937533599999902, -6.84444219999995 ], [ -41.9372559, -6.84438989999995 ], [ -41.9372089, -6.84436979999998 ], [ -41.937067399999897, -6.84425149999993 ], [ -41.936856799999902, -6.84408339999993 ], [ -41.9367068, -6.84396339999995 ], [ -41.9365541, -6.84384389999997 ], [ -41.9362862, -6.84362349999998 ], [ -41.936063499999896, -6.84345379999996 ], [ -41.936005, -6.84340839999993 ], [ -41.9359856, -6.84339329999995 ], [ -41.935955099999902, -6.84334559999996 ], [ -41.935894, -6.84324979999997 ], [ -41.935833, -6.84308669999996 ], [ -41.935787199999901, -6.84292979999998 ], [ -41.9357338, -6.84276819999997 ], [ -41.9356461, -6.842535 ], [ -41.9355545, -6.84233859999995 ], [ -41.9354668, -6.84215829999994 ], [ -41.935405699999897, -6.84199 ], [ -41.93536, -6.84180829999997 ], [ -41.935314199999901, -6.84165 ], [ -41.935267699999898, -6.841526 ], [ -41.9350413, -6.84103969999995 ], [ -41.9347716, -6.84012639999997 ], [ -41.9344927, -6.83949889999997 ], [ -41.9343258, -6.83921649999996 ], [ -41.934174799999901, -6.83892409999993 ], [ -41.9339636999999, -6.83851549999997 ], [ -41.9338531, -6.83831309999994 ], [ -41.933742499999902, -6.83813189999995 ], [ -41.9336433, -6.83799169999998 ], [ -41.9335632, -6.83788819999995 ], [ -41.9335507, -6.83787589999997 ], [ -41.9336433, -6.83782669999994 ], [ -41.9337006, -6.83779 ], [ -41.9337654, -6.83775 ], [ -41.933826399999901, -6.83771509999997 ], [ -41.9338837, -6.83768509999993 ], [ -41.9339371, -6.83765319999998 ], [ -41.933998099999897, -6.83762309999997 ], [ -41.9340553, -6.83758689999996 ], [ -41.934116399999901, -6.83755679999996 ], [ -41.9341697999999, -6.83752489999995 ], [ -41.9342308, -6.83749149999994 ], [ -41.9342918, -6.83745479999993 ], [ -41.9343491, -6.83742189999998 ], [ -41.9344063, -6.83739519999995 ], [ -41.9344634999999, -6.83736319999997 ], [ -41.934599799999901, -6.837272 ], [ -41.934635199999903, -6.83724829999994 ], [ -41.9347215, -6.83719989999997 ], [ -41.934829099999902, -6.83711589999996 ], [ -41.9348525999999, -6.83690169999994 ], [ -41.934803, -6.83676479999997 ], [ -41.9347979, -6.83674559999997 ], [ -41.9347763, -6.83666519999997 ], [ -41.934726699999899, -6.83657169999998 ], [ -41.934680199999903, -6.83651249999997 ], [ -41.934642799999899, -6.83646489999995 ], [ -41.934509299999903, -6.83632989999995 ], [ -41.9343708, -6.83622179999998 ], [ -41.9341037, -6.83605569999997 ], [ -41.9337231, -6.83579029999993 ], [ -41.9329537, -6.83523879999996 ], [ -41.9329028, -6.83520229999993 ], [ -41.9327385, -6.83492169999994 ], [ -41.932627, -6.83473139999995 ], [ -41.932474199999902, -6.83449729999995 ], [ -41.932067699999898, -6.83418129999995 ], [ -41.9318703, -6.83402169999994 ], [ -41.931547, -6.83358 ], [ -41.930392099999899, -6.83201409999998 ], [ -41.9300744, -6.83135229999993 ], [ -41.9298544, -6.830955 ], [ -41.929515099999897, -6.83066489999993 ], [ -41.9293875, -6.83039339999993 ], [ -41.9292244, -6.83016579999997 ], [ -41.9289952, -6.83016539999994 ], [ -41.928607, -6.83038409999995 ], [ -41.928299099999897, -6.83064729999995 ], [ -41.9261092, -6.83008719999998 ], [ -41.9255555, -6.83027429999993 ], [ -41.925152899999901, -6.83057909999997 ], [ -41.9248876999999, -6.830916 ], [ -41.924611599999899, -6.83172869999993 ], [ -41.924252, -6.83203759999998 ], [ -41.9239823999999, -6.83216769999996 ], [ -41.923544299999897, -6.83226049999996 ], [ -41.923345099999899, -6.83234849999997 ], [ -41.922899399999899, -6.83276559999996 ], [ -41.922657699999903, -6.83300139999994 ], [ -41.9224843, -6.83303659999996 ], [ -41.9221625, -6.832958 ], [ -41.9217776, -6.83284129999993 ], [ -41.921569599999899, -6.83260219999994 ], [ -41.921168899999898, -6.83223159999994 ], [ -41.921005, -6.83213189999998 ], [ -41.9206818, -6.83217409999997 ], [ -41.9202332, -6.83217349999995 ], [ -41.919893199999898, -6.83210169999995 ], [ -41.919661899999902, -6.83183429999997 ], [ -41.919411, -6.83161349999995 ], [ -41.918870399999903, -6.83139619999997 ], [ -41.9182875, -6.83127439999993 ], [ -41.917524199999903, -6.830692 ], [ -41.916908299999903, -6.83038669999996 ], [ -41.9162087999999, -6.83019269999994 ], [ -41.8770261, -6.85830019999997 ], [ -41.8765615, -6.85863429999995 ], [ -41.8765375, -6.85865 ], [ -41.8422035, -6.90227329999993 ], [ -41.842186599999899, -6.90229479999994 ], [ -41.8124953, -6.93999509999998 ], [ -41.8083864, -6.92896969999993 ], [ -41.8051985, -6.94307429999998 ], [ -41.8024563, -6.95802 ], [ -41.8020943, -6.959993 ], [ -41.7970078, -6.98769629999993 ], [ -41.7806173, -6.96388989999997 ], [ -41.745508099999903, -7.00318059999995 ], [ -41.7439472, -7.00441619999998 ], [ -41.7432443, -7.00535179999997 ], [ -41.7426978, -7.00687589999995 ], [ -41.7421431, -7.00727219999993 ], [ -41.741392899999902, -7.00879639999994 ], [ -41.7406401, -7.00963339999993 ], [ -41.7397832, -7.01022889999996 ], [ -41.7393352, -7.01155559999995 ], [ -41.738836999999897, -7.012478 ], [ -41.738180999999898, -7.012936 ], [ -41.737039, -7.013422 ], [ -41.736361, -7.013388 ], [ -41.735836999999897, -7.013413 ], [ -41.735275, -7.013757 ], [ -41.734638, -7.013915 ], [ -41.73414, -7.013991 ], [ -41.733187, -7.014485 ], [ -41.732715, -7.01526 ], [ -41.732106, -7.015754 ], [ -41.731772, -7.016323 ], [ -41.731639, -7.016442 ], [ -41.731377, -7.016668 ], [ -41.7313505, -7.01681239999994 ], [ -41.733217099999898, -7.017602 ], [ -41.733411499999903, -7.017684 ], [ -41.7343059, -7.01806109999995 ], [ -41.7784407, -7.03666869999995 ], [ -41.8155098, -7.06604839999994 ], [ -41.860510799999901, -7.04478989999996 ], [ -41.898129, -7.051522 ] ] ] ] } },
{ "type": "Feature", "properties": { "CD_MUN": "2201739", "NM_MUN": "Betânia do Piauí", "CD_RGI": "220010", "NM_RGI": "Paulistana", "CD_RGINT": "2203", "NM_RGINT": "Picos", "CD_UF": "22", "NM_UF": "Piauí", "SIGLA_UF": "PI", "CD_REGIAO": "2", "NM_REGIAO": "Nordeste", "SIGLA_RG": "NE", "CD_CONCURB": null, "NM_CONCURB": null, "AREA_KM2": 667.433 }, "geometry": { "type": "MultiPolygon", "coordinates": [ [ [ [ -40.7829002, -8.254126799999939 ], [ -40.783062, -8.25401709999994 ], [ -40.7905314, -8.248955299999979 ], [ -40.7986672, -8.243441799999969 ], [ -40.7989684, -8.24290509999997 ], [ -40.799545099999897, -8.24282649999998 ], [ -40.8003226, -8.242618399999969 ], [ -40.8006702, -8.242400299999931 ], [ -40.801435, -8.24227969999993 ], [ -40.8024986, -8.241932199999949 ], [ -40.8029508, -8.24183629999993 ], [ -40.8048079, -8.24114359999993 ], [ -40.8065657, -8.241536599999961 ], [ -40.808006299999903, -8.24144449999994 ], [ -40.8092506, -8.24189389999998 ], [ -40.811259699999901, -8.24142739999996 ], [ -40.8123431, -8.241395399999931 ], [ -40.8130578, -8.241453499999979 ], [ -40.8141289, -8.241240399999979 ], [ -40.8149202, -8.24091379999993 ], [ -40.815705099999903, -8.240738199999949 ], [ -40.8165521, -8.240706699999979 ], [ -40.817286599999903, -8.24086189999997 ], [ -40.818344099999898, -8.240848199999959 ], [ -40.819217, -8.23960189999997 ], [ -40.8194773, -8.23815929999995 ], [ -40.819897399999903, -8.236771 ], [ -40.8205161, -8.235079399999959 ], [ -40.8208915, -8.23291579999994 ], [ -40.8209792, -8.231738299999961 ], [ -40.821046, -8.229894299999961 ], [ -40.821807799999902, -8.22806329999997 ], [ -40.822737199999899, -8.22675519999996 ], [ -40.8236712, -8.226029599999951 ], [ -40.825387299999903, -8.225723799999971 ], [ -40.8260849, -8.225381499999971 ], [ -40.827937399999897, -8.22446329999997 ], [ -40.8289559, -8.22394779999996 ], [ -40.8295916, -8.22362609999993 ], [ -40.8314951999999, -8.22249869999996 ], [ -40.8356249, -8.221234599999949 ], [ -40.836729499999898, -8.22033929999998 ], [ -40.8384384, -8.218593099999961 ], [ -40.8396571, -8.21676169999995 ], [ -40.8394501, -8.214435699999971 ], [ -40.840043099999903, -8.21289659999997 ], [ -40.8414354, -8.21062679999994 ], [ -40.8433014, -8.20921659999993 ], [ -40.845328299999899, -8.208770299999969 ], [ -40.847501399999899, -8.208624599999951 ], [ -40.847704399999898, -8.20860559999994 ], [ -40.8506783999999, -8.20832779999995 ], [ -40.853273699999903, -8.20808529999994 ], [ -40.857170499999903, -8.20772129999995 ], [ -40.8619292999999, -8.204009799999939 ], [ -40.8668458, -8.202962 ], [ -40.86627, -8.202201899999981 ], [ -40.867210499999899, -8.200379799999951 ], [ -40.8800328, -8.19313809999994 ], [ -40.8842777999999, -8.19074059999997 ], [ -40.8858569, -8.189897099999939 ], [ -40.8861542, -8.189738299999931 ], [ -40.891526699999901, -8.18487469999997 ], [ -40.901051799999898, -8.17513079999998 ], [ -40.9056373, -8.16814709999994 ], [ -40.912333799999899, -8.16451489999997 ], [ -40.9153203, -8.16235289999997 ], [ -40.9214532, -8.17117089999994 ], [ -40.922041599999901, -8.170722299999969 ], [ -40.9227167, -8.17020769999993 ], [ -40.923093999999899, -8.16992009999996 ], [ -40.924278899999898, -8.16901679999995 ], [ -40.9256685, -8.16795749999994 ], [ -40.9262608, -8.16750489999993 ], [ -40.927198, -8.166800799999979 ], [ -40.9287863, -8.16429459999995 ], [ -40.929983499999899, -8.162016699999979 ], [ -40.931402499999898, -8.16080739999995 ], [ -40.9330732, -8.15988239999996 ], [ -40.9355593, -8.156889 ], [ -40.937294199999897, -8.156088899999929 ], [ -40.9381145, -8.15571 ], [ -40.939379599999903, -8.155126299999949 ], [ -40.939711, -8.15497339999996 ], [ -40.9404542, -8.154545599999951 ], [ -40.9414677, -8.153959599999951 ], [ -40.9423586, -8.153446699999961 ], [ -40.9430275, -8.153061 ], [ -40.9445769, -8.152381 ], [ -40.9446664, -8.152341599999939 ], [ -40.944840699999901, -8.152265099999971 ], [ -40.944841799999899, -8.15226459999997 ], [ -40.9454241, -8.152009 ], [ -40.9472006, -8.149981399999939 ], [ -40.9497296, -8.147740299999951 ], [ -40.951171799999898, -8.144918 ], [ -40.951201599999898, -8.14272929999993 ], [ -40.952616799999902, -8.138094099999931 ], [ -40.951759799999898, -8.135917 ], [ -40.9533407, -8.13334309999993 ], [ -40.9544921, -8.130332 ], [ -40.9561538, -8.128439899999931 ], [ -40.9570634, -8.12790739999997 ], [ -40.9582023, -8.12754549999994 ], [ -40.9591512, -8.12690949999995 ], [ -40.959649899999903, -8.12668729999996 ], [ -40.9602677, -8.12646269999993 ], [ -40.9602765, -8.12645639999994 ], [ -40.9610764, -8.12565419999993 ], [ -40.9626914, -8.124770799999959 ], [ -40.9643646, -8.124838699999939 ], [ -40.966172, -8.12362849999994 ], [ -40.9656628, -8.11997309999998 ], [ -40.9656381, -8.11796709999993 ], [ -40.9662185, -8.115551 ], [ -40.9667153, -8.112135 ], [ -40.9672168, -8.110085799999981 ], [ -40.967587299999899, -8.10788319999995 ], [ -40.959924, -8.10688 ], [ -40.960076, -8.105389 ], [ -40.960346, -8.104782 ], [ -40.961913, -8.103525 ], [ -40.963034, -8.102876 ], [ -40.96336, -8.102434 ], [ -40.963656, -8.101266 ], [ -40.963591, -8.100666 ], [ -40.963033, -8.099771 ], [ -40.96275, -8.099006 ], [ -40.962733, -8.098565 ], [ -40.962853, -8.098232 ], [ -40.963488, -8.098028 ], [ -40.963732, -8.097846 ], [ -40.963767, -8.097578 ], [ -40.963702, -8.097247 ], [ -40.963458, -8.09698 ], [ -40.962741, -8.09658 ], [ -40.961897, -8.096294 ], [ -40.961193, -8.096299 ], [ -40.960528, -8.096749 ], [ -40.960227, -8.096834 ], [ -40.959926, -8.096661 ], [ -40.958939, -8.095141 ], [ -40.959008, -8.094614 ], [ -40.959359, -8.094334 ], [ -40.959719999999898, -8.093969 ], [ -40.959617, -8.093315 ], [ -40.959291, -8.092483 ], [ -40.959132, -8.091508 ], [ -40.959171, -8.090985 ], [ -40.959531, -8.090089 ], [ -40.959553, -8.089843 ], [ -40.959454, -8.089587 ], [ -40.959248, -8.089324 ], [ -40.958857, -8.08898 ], [ -40.958651, -8.088615 ], [ -40.958613, -8.088283 ], [ -40.9506272, -8.092550499999961 ], [ -40.940905299999898, -8.097070299999929 ], [ -40.9366413, -8.098093699999939 ], [ -40.9323773, -8.097923099999949 ], [ -40.9289661, -8.09741139999994 ], [ -40.9249579, -8.094767699999981 ], [ -40.9218878, -8.091356499999961 ], [ -40.9191589, -8.08709249999993 ], [ -40.9162593, -8.081634599999971 ], [ -40.9036379, -8.076773599999971 ], [ -40.9022368, -8.07753239999994 ], [ -40.8738751, -8.09289159999997 ], [ -40.8738751, -8.09127129999996 ], [ -40.873704599999897, -8.089736199999949 ], [ -40.8733634, -8.087263099999969 ], [ -40.872681199999903, -8.085131099999961 ], [ -40.8709756, -8.083169599999961 ], [ -40.869184699999899, -8.082658 ], [ -40.8661999, -8.082316799999941 ], [ -40.8642384999999, -8.081719899999939 ], [ -40.8633004, -8.079929 ], [ -40.8625329, -8.07890559999993 ], [ -40.8603156, -8.077455899999959 ], [ -40.858865799999897, -8.075409199999971 ], [ -40.857927699999898, -8.07285069999995 ], [ -40.858013, -8.07088929999998 ], [ -40.8591216, -8.068757299999961 ], [ -40.8596333, -8.06654 ], [ -40.859548, -8.06509029999995 ], [ -40.8591216, -8.06398159999998 ], [ -40.859889199999898, -8.061167399999929 ], [ -40.8604008, -8.05852369999997 ], [ -40.8603156, -8.05460079999995 ], [ -40.859889199999898, -8.05110429999996 ], [ -40.8599311, -8.050121099999959 ], [ -40.8602981, -8.04989529999995 ], [ -40.861032, -8.05009289999998 ], [ -40.86178, -8.05067159999993 ], [ -40.8625422, -8.05089739999994 ], [ -40.863459599999899, -8.05054449999994 ], [ -40.864348699999901, -8.049923499999981 ], [ -40.8652943, -8.04966949999994 ], [ -40.8470435, -8.04182649999996 ], [ -40.846907, -8.041767799999951 ], [ -40.8468639, -8.04175189999995 ], [ -40.8468453999999, -8.04174139999998 ], [ -40.827130899999901, -8.03326939999994 ], [ -40.826397, -8.03377749999993 ], [ -40.8255502, -8.034906599999941 ], [ -40.824421099999903, -8.03569689999995 ], [ -40.8233485, -8.03609209999996 ], [ -40.8215418999999, -8.035809899999951 ], [ -40.8188321, -8.034680799999929 ], [ -40.8180417, -8.03439849999995 ], [ -40.8166868, -8.034680799999929 ], [ -40.8157835, -8.03485009999997 ], [ -40.8147109, -8.033551699999981 ], [ -40.8136947, -8.03197089999998 ], [ -40.8125656, -8.030616 ], [ -40.8117753, -8.030164399999929 ], [ -40.8112672, -8.03067249999998 ], [ -40.8107026, -8.031293499999951 ], [ -40.8100252, -8.03163219999993 ], [ -40.808670199999902, -8.03163219999993 ], [ -40.8070895, -8.03101119999997 ], [ -40.805791, -8.02948689999994 ], [ -40.8050570999999, -8.02773679999996 ], [ -40.8030812, -8.02609959999995 ], [ -40.8009359, -8.02463179999995 ], [ -40.7991858, -8.02406729999996 ], [ -40.7969841, -8.02395439999998 ], [ -40.7949517, -8.023841399999981 ], [ -40.7929194, -8.023164 ], [ -40.7772813999999, -8.02694649999995 ], [ -40.7341385, -8.026044799999969 ], [ -40.726520999999899, -8.025885599999979 ], [ -40.7261769, -8.025878 ], [ -40.721624, -8.025777599999969 ], [ -40.7148103, -8.02562729999994 ], [ -40.7073928, -8.025463799999949 ], [ -40.7064786, -8.02544359999996 ], [ -40.7058637, -8.025430099999941 ], [ -40.705660099999903, -8.02545569999995 ], [ -40.7056588, -8.02545589999994 ], [ -40.705657899999899, -8.025456 ], [ -40.705412399999901, -8.025486899999979 ], [ -40.700125699999901, -8.026152699999949 ], [ -40.6242626, -8.035706399999979 ], [ -40.5900849, -8.031984499999959 ], [ -40.590083499999899, -8.03198439999994 ], [ -40.590082799999898, -8.03198429999998 ], [ -40.590082499999902, -8.03198429999998 ], [ -40.5761616, -8.03046829999994 ], [ -40.575841099999899, -8.030403499999981 ], [ -40.575753099999901, -8.03038579999998 ], [ -40.575751099999898, -8.03038539999994 ], [ -40.575749099999904, -8.030385 ], [ -40.575697799999901, -8.030374799999951 ], [ -40.575739999999897, -8.03046829999994 ], [ -40.575747299999897, -8.030484399999979 ], [ -40.575857299999903, -8.03072509999993 ], [ -40.580466999999899, -8.04081689999998 ], [ -40.5822194, -8.04469169999993 ], [ -40.5822363999999, -8.044690599999971 ], [ -40.588985799999897, -8.059466599999951 ], [ -40.5920082, -8.06608339999997 ], [ -40.598756799999897, -8.080857699999971 ], [ -40.60109, -8.09119469999996 ], [ -40.6031232, -8.09533039999997 ], [ -40.6015335, -8.099622499999951 ], [ -40.6038677, -8.10368769999997 ], [ -40.6022558, -8.10542609999993 ], [ -40.6011811, -8.107497099999931 ], [ -40.5993447, -8.115624599999929 ], [ -40.5967284, -8.117832599999931 ], [ -40.596499999999899, -8.118025299999941 ], [ -40.5941462, -8.120011299999931 ], [ -40.591235299999902, -8.123516299999951 ], [ -40.5909229, -8.128810099999949 ], [ -40.5900581, -8.13428759999994 ], [ -40.5895027, -8.13780489999994 ], [ -40.5896984, -8.13880829999994 ], [ -40.5911755, -8.139616 ], [ -40.5975589, -8.141170799999941 ], [ -40.601140299999898, -8.14405029999995 ], [ -40.602039799999901, -8.146013699999971 ], [ -40.6010072999999, -8.14926279999997 ], [ -40.6013179, -8.150170499999939 ], [ -40.6047028999999, -8.14962749999995 ], [ -40.610535, -8.14660929999997 ], [ -40.6144226, -8.14650249999994 ], [ -40.617809, -8.143608099999939 ], [ -40.6218754, -8.14121809999995 ], [ -40.6244821, -8.140353799999961 ], [ -40.628702299999901, -8.14107329999996 ], [ -40.6328404, -8.139301299999939 ], [ -40.6339512, -8.13944879999997 ], [ -40.6368416, -8.14209559999995 ], [ -40.6378705, -8.14445449999994 ], [ -40.6381681, -8.146305 ], [ -40.6381802, -8.146380099999931 ], [ -40.6383147, -8.147216799999971 ], [ -40.639063, -8.14815259999995 ], [ -40.6427805, -8.15007449999996 ], [ -40.642703599999898, -8.15503859999995 ], [ -40.643566099999902, -8.157536799999949 ], [ -40.6451992, -8.158083499999981 ], [ -40.6494825, -8.15685619999994 ], [ -40.6528408, -8.15769439999997 ], [ -40.6585057, -8.156556299999981 ], [ -40.6664782, -8.16158939999997 ], [ -40.666646, -8.162209 ], [ -40.6666842, -8.16235019999993 ], [ -40.6672533, -8.164449799999939 ], [ -40.667813099999897, -8.175344699999931 ], [ -40.6690293, -8.17748089999998 ], [ -40.670252199999901, -8.17925519999994 ], [ -40.673003299999898, -8.180815099999959 ], [ -40.675256299999901, -8.18486159999998 ], [ -40.6772611, -8.186045099999941 ], [ -40.6844121, -8.187776499999931 ], [ -40.686818699999897, -8.192274899999971 ], [ -40.6886241, -8.194252199999941 ], [ -40.691203899999898, -8.195456099999941 ], [ -40.692396099999897, -8.19674569999995 ], [ -40.6943739, -8.200876299999949 ], [ -40.700588, -8.20260769999993 ], [ -40.701895299999897, -8.204199 ], [ -40.7036424, -8.208598099999961 ], [ -40.703423299999898, -8.21712969999993 ], [ -40.7054719, -8.220531499999939 ], [ -40.7054888, -8.220559699999971 ], [ -40.705575199999899, -8.220703 ], [ -40.7072558, -8.22349359999993 ], [ -40.711061099999903, -8.225061499999979 ], [ -40.7147067, -8.224458 ], [ -40.7180916, -8.224791699999971 ], [ -40.7227262, -8.223245199999949 ], [ -40.7245930999999, -8.22343659999996 ], [ -40.7291979, -8.224914699999941 ], [ -40.7310883, -8.226560199999939 ], [ -40.733683, -8.227756899999971 ], [ -40.736868899999898, -8.228232199999979 ], [ -40.738559, -8.23032169999993 ], [ -40.7393436999999, -8.232357399999961 ], [ -40.742397099999899, -8.23494829999993 ], [ -40.7432072, -8.23902179999993 ], [ -40.744504699999901, -8.240071899999981 ], [ -40.7496939, -8.24044339999995 ], [ -40.7520954, -8.241826099999971 ], [ -40.7548029, -8.241741899999971 ], [ -40.755703599999897, -8.241713899999979 ], [ -40.7596131, -8.24305429999993 ], [ -40.763167699999897, -8.243211 ], [ -40.763730199999898, -8.243602399999929 ], [ -40.7640114, -8.243798099999941 ], [ -40.764292699999899, -8.24399379999994 ], [ -40.7668384, -8.24798419999996 ], [ -40.7693186, -8.24945849999995 ], [ -40.7728427, -8.251000799999931 ], [ -40.781126599999901, -8.252590399999971 ], [ -40.782482, -8.253304 ], [ -40.7829002, -8.254126799999939 ] ] ] ] } },
{ "type": "Feature", "properties": { "CD_MUN": "2210300", "NM_MUN": "São Julião", "CD_RGI": "220009", "NM_RGI": "Picos", "CD_RGINT": "2203", "NM_RGINT": "Picos", "CD_UF": "22", "NM_UF": "Piauí", "SIGLA_UF": "PI", "CD_REGIAO": "2", "NM_REGIAO": "Nordeste", "SIGLA_RG": "NE", "CD_CONCURB": null, "NM_CONCURB": null, "AREA_KM2": 291.089 }, "geometry": { "type": "MultiPolygon", "coordinates": [ [ [ [ -40.7012096, -7.13489069999997 ], [ -40.693341599999897, -7.14389739999996 ], [ -40.6915893, -7.15972739999995 ], [ -40.6971953, -7.15981 ], [ -40.7295266, -7.16028479999994 ], [ -40.748572, -7.14640379999997 ], [ -40.7673444, -7.13829639999994 ], [ -40.775677099999903, -7.13469819999995 ], [ -40.7794678, -7.13429589999993 ], [ -40.780676899999897, -7.13416759999996 ], [ -40.823184599999898, -7.12965409999993 ], [ -40.8232194, -7.12965039999995 ], [ -40.8232783, -7.12964409999995 ], [ -40.830052, -7.12857929999996 ], [ -40.844347, -7.12633169999998 ], [ -40.845973699999902, -7.126927 ], [ -40.8467871, -7.12722459999998 ], [ -40.8512167, -7.12849869999997 ], [ -40.8539132, -7.12912589999996 ], [ -40.8555311, -7.12950219999993 ], [ -40.8562995999999, -7.14779079999994 ], [ -40.880962899999901, -7.15587939999995 ], [ -40.8815936, -7.15731819999996 ], [ -40.8981365, -7.13964359999994 ], [ -40.898162199999902, -7.13961619999998 ], [ -40.8993943, -7.13829979999997 ], [ -40.902704899999897, -7.13529449999993 ], [ -40.903929199999901, -7.13407029999996 ], [ -40.9051256, -7.13279039999998 ], [ -40.9067949, -7.13036979999993 ], [ -40.9081025999999, -7.12870039999996 ], [ -40.9088538, -7.12783789999997 ], [ -40.9097442, -7.12655809999995 ], [ -40.911524799999903, -7.12538949999993 ], [ -40.9361412, -7.11729959999997 ], [ -40.9391603, -7.11607289999995 ], [ -40.9397427, -7.11583619999993 ], [ -40.9398209, -7.11580449999997 ], [ -40.9400426, -7.11571439999994 ], [ -40.9599077, -7.10764379999995 ], [ -40.9445464, -7.09327489999993 ], [ -40.9268446, -7.08383359999993 ], [ -40.926531899999901, -7.08366679999995 ], [ -40.913331899999903, -7.07661549999995 ], [ -40.9133221, -7.076605 ], [ -40.913308899999898, -7.07659079999996 ], [ -40.9007551, -7.06310429999996 ], [ -40.90003, -7.06232529999994 ], [ -40.8981396, -7.06029259999997 ], [ -40.887771, -7.04914339999993 ], [ -40.873705399999899, -7.03698119999996 ], [ -40.873504899999901, -7.03681039999998 ], [ -40.873476799999899, -7.03678339999993 ], [ -40.8593458, -7.02456459999996 ], [ -40.8544322, -7.02031589999996 ], [ -40.8563081, -7.01044739999998 ], [ -40.8581483, -7.00076729999995 ], [ -40.8600526, -6.99085329999997 ], [ -40.858870099999898, -6.99083249999995 ], [ -40.857219799999903, -6.98970659999998 ], [ -40.854952899999901, -6.988174 ], [ -40.852816, -6.98674529999994 ], [ -40.8507339, -6.98524139999995 ], [ -40.8504823, -6.98520239999993 ], [ -40.849541, -6.98517 ], [ -40.848709, -6.985331 ], [ -40.848176, -6.985629 ], [ -40.847799, -6.985859 ], [ -40.847468, -6.985906 ], [ -40.847112, -6.985821 ], [ -40.846807, -6.986025 ], [ -40.846545999999897, -6.986276 ], [ -40.845928, -6.987145 ], [ -40.84552, -6.987851 ], [ -40.844984, -6.988307 ], [ -40.843847, -6.989491 ], [ -40.843401, -6.989933 ], [ -40.842629, -6.990266 ], [ -40.842225, -6.990402 ], [ -40.841478, -6.990325 ], [ -40.8405, -6.989755 ], [ -40.839822, -6.989494 ], [ -40.837822, -6.989443 ], [ -40.834457, -6.98893229999993 ], [ -40.833763, -6.988827 ], [ -40.833094, -6.98806 ], [ -40.832693, -6.984263 ], [ -40.831679999999899, -6.983582 ], [ -40.829929, -6.983735 ], [ -40.826084, -6.986153 ], [ -40.819666, -6.985609 ], [ -40.816353, -6.988929 ], [ -40.814003, -6.989511 ], [ -40.81263, -6.989051 ], [ -40.81208, -6.987433 ], [ -40.812015, -6.98470039999995 ], [ -40.811037999999897, -6.983624 ], [ -40.8079738, -6.98148149999997 ], [ -40.8058134999999, -6.98107449999998 ], [ -40.8043377, -6.982411 ], [ -40.8028505, -6.98560959999998 ], [ -40.801946299999898, -6.98613929999993 ], [ -40.798534699999898, -6.98662179999997 ], [ -40.796195, -6.987807 ], [ -40.795903, -6.988488 ], [ -40.796006, -6.99008 ], [ -40.796049, -6.991934 ], [ -40.795552, -6.994123 ], [ -40.795629, -6.994897 ], [ -40.795929, -6.995928 ], [ -40.795862999999898, -6.996798 ], [ -40.795262, -6.999207 ], [ -40.794961, -7.000186 ], [ -40.794343, -7.001029 ], [ -40.792412, -7.001838 ], [ -40.7913248, -7.00173719999998 ], [ -40.789932, -7.001608 ], [ -40.761646, -7.02249819999997 ], [ -40.7566103999999, -7.03672329999995 ], [ -40.7530485, -7.04672869999996 ], [ -40.752966399999899, -7.04695949999996 ], [ -40.744954199999903, -7.06946479999993 ], [ -40.7408192, -7.07827829999997 ], [ -40.729397499999898, -7.10262289999997 ], [ -40.7086901, -7.12632739999998 ], [ -40.7061816, -7.129199 ], [ -40.7012096, -7.13489069999997 ] ] ] ] } },
{ "type": "Feature", "properties": { "CD_MUN": "2202109", "NM_MUN": "Campinas do Piauí", "CD_RGI": "220012", "NM_RGI": "Simplício Mendes", "CD_RGINT": "2203", "NM_RGINT": "Picos", "CD_UF": "22", "NM_UF": "Piauí", "SIGLA_UF": "PI", "CD_REGIAO": "2", "NM_REGIAO": "Nordeste", "SIGLA_RG": "NE", "CD_CONCURB": null, "NM_CONCURB": null, "AREA_KM2": 783.843 }, "geometry": { "type": "MultiPolygon", "coordinates": [ [ [ [ -41.7489295, -7.72166129999994 ], [ -41.748979399999897, -7.721697 ], [ -41.7563708, -7.72698589999993 ], [ -41.7575290999999, -7.72781479999998 ], [ -41.757624, -7.72788259999993 ], [ -41.7611975, -7.74470409999998 ], [ -41.7613618, -7.74547759999996 ], [ -41.760913199999898, -7.74783329999997 ], [ -41.7573049, -7.76677779999994 ], [ -41.7561064, -7.77307 ], [ -41.7563903, -7.81643849999995 ], [ -41.773470099999898, -7.81658439999995 ], [ -41.7862906, -7.816694 ], [ -41.7980651, -7.81616429999997 ], [ -41.7991309, -7.81872539999995 ], [ -41.800326299999902, -7.821204 ], [ -41.8033525, -7.82548289999994 ], [ -41.805475699999903, -7.82708689999993 ], [ -41.8109178999999, -7.82816689999993 ], [ -41.8131673, -7.82722929999994 ], [ -41.8147485, -7.825472 ], [ -41.8159165, -7.82349449999998 ], [ -41.817640299999901, -7.82092919999997 ], [ -41.8207351, -7.81917569999996 ], [ -41.8397201, -7.81317569999993 ], [ -41.852779199999901, -7.80179419999996 ], [ -41.8549884, -7.798144 ], [ -41.8599712, -7.78991119999995 ], [ -41.8698001, -7.77367159999994 ], [ -41.8872259, -7.76789749999995 ], [ -41.904595599999901, -7.76214189999996 ], [ -41.9326392, -7.75698049999994 ], [ -41.9360771, -7.75428449999993 ], [ -41.9380353, -7.752749 ], [ -41.950656, -7.74285309999993 ], [ -41.966624099999898, -7.71003639999998 ], [ -41.9666331, -7.71001779999995 ], [ -41.968247399999903, -7.70670029999997 ], [ -41.9689602, -7.70523529999997 ], [ -41.980066899999898, -7.69250069999993 ], [ -41.9891742, -7.68205859999995 ], [ -42.0182902, -7.65049219999997 ], [ -42.0366112, -7.61990309999993 ], [ -42.0529318, -7.604128 ], [ -42.0657782, -7.59164409999994 ], [ -42.060572, -7.58192419999995 ], [ -42.046109499999901, -7.55492279999993 ], [ -42.0214781, -7.54490019999997 ], [ -42.0190258, -7.543898 ], [ -42.012622099999902, -7.54156629999994 ], [ -42.008551699999899, -7.54008409999994 ], [ -42.0066116, -7.53937769999993 ], [ -42.0063835999999, -7.53929469999997 ], [ -41.9899955, -7.53931949999998 ], [ -41.986005299999903, -7.53828669999996 ], [ -41.9627895, -7.53227749999996 ], [ -41.957292299999899, -7.53867309999993 ], [ -41.9448254, -7.55317729999996 ], [ -41.9299003, -7.55508459999993 ], [ -41.9256553, -7.55149379999995 ], [ -41.9224664, -7.55009719999993 ], [ -41.921532699999901, -7.55001579999993 ], [ -41.919232, -7.54981519999995 ], [ -41.9140768, -7.55116839999994 ], [ -41.909733, -7.55039039999997 ], [ -41.907126199999901, -7.54779129999997 ], [ -41.9048041, -7.54440809999994 ], [ -41.9021827, -7.54185669999993 ], [ -41.899814999999897, -7.53995039999995 ], [ -41.8984383, -7.53803309999995 ], [ -41.897932899999901, -7.53732939999998 ], [ -41.8966022, -7.53605649999997 ], [ -41.8935367, -7.53500789999993 ], [ -41.8932328, -7.53470679999998 ], [ -41.8894518, -7.530961 ], [ -41.8673305, -7.53633269999995 ], [ -41.864594899999901, -7.536997 ], [ -41.861858299999902, -7.53610609999993 ], [ -41.861244999999897, -7.535907 ], [ -41.8605173999999, -7.53566619999998 ], [ -41.860307299999903, -7.53569539999995 ], [ -41.856893699999901, -7.53614389999996 ], [ -41.855267099999899, -7.53634559999995 ], [ -41.8492044, -7.53709749999996 ], [ -41.843322699999902, -7.53758749999997 ], [ -41.8289313, -7.55213689999994 ], [ -41.813461899999901, -7.55201609999995 ], [ -41.8134201, -7.55201579999994 ], [ -41.7972399, -7.55188939999994 ], [ -41.7777239, -7.55242839999994 ], [ -41.7759657, -7.552477 ], [ -41.752917399999902, -7.55894789999996 ], [ -41.7521262, -7.56014069999998 ], [ -41.7492453999999, -7.56448319999993 ], [ -41.7450756, -7.570769 ], [ -41.7395863, -7.57904389999993 ], [ -41.7328871, -7.58914249999998 ], [ -41.7300446, -7.59342749999996 ], [ -41.7299522, -7.59752079999993 ], [ -41.7298536, -7.60189019999996 ], [ -41.729380299999903, -7.62285659999998 ], [ -41.7292992, -7.62644729999994 ], [ -41.7290591, -7.63708479999997 ], [ -41.7289838, -7.64042009999997 ], [ -41.7336385999999, -7.66026919999996 ], [ -41.727344899999899, -7.66753769999997 ], [ -41.7269815, -7.67522019999996 ], [ -41.7261478, -7.69284539999995 ], [ -41.7426081999999, -7.71713659999995 ], [ -41.747777799999902, -7.720837 ], [ -41.7489295, -7.72166129999994 ] ] ] ] } },
{ "type": "Feature", "properties": { "CD_MUN": "2202091", "NM_MUN": "Caldeirão Grande do Piauí", "CD_RGI": "220009", "NM_RGI": "Picos", "CD_RGINT": "2203", "NM_RGINT": "Picos", "CD_UF": "22", "NM_UF": "Piauí", "SIGLA_UF": "PI", "CD_REGIAO": "2", "NM_REGIAO": "Nordeste", "SIGLA_RG": "NE", "CD_CONCURB": null, "NM_CONCURB": null, "AREA_KM2": 467.082 }, "geometry": { "type": "MultiPolygon", "coordinates": [ [ [ [ -40.5873215, -7.40789989999996 ], [ -40.589160999999898, -7.40861979999994 ], [ -40.5892426999999, -7.40865179999997 ], [ -40.597794899999897, -7.41199919999997 ], [ -40.6395674, -7.42834939999995 ], [ -40.6523232, -7.43334219999997 ], [ -40.669233399999897, -7.41699589999996 ], [ -40.6944066, -7.39266219999996 ], [ -40.696415199999898, -7.39347159999994 ], [ -40.696431899999901, -7.39346359999996 ], [ -40.70915, -7.387326 ], [ -40.7166652, -7.37224639999994 ], [ -40.7178273, -7.36991459999996 ], [ -40.7185559, -7.36842749999994 ], [ -40.7276213, -7.34992459999995 ], [ -40.7294519, -7.32925389999997 ], [ -40.729458, -7.329186 ], [ -40.729679299999901, -7.326687 ], [ -40.7302247, -7.32052869999995 ], [ -40.7301684, -7.30590859999995 ], [ -40.7301279, -7.29536959999996 ], [ -40.7301082, -7.290239 ], [ -40.714546, -7.24599289999998 ], [ -40.7283184, -7.244826 ], [ -40.7300284, -7.24468029999997 ], [ -40.7272621, -7.24298229999994 ], [ -40.700365, -7.22647189999998 ], [ -40.6968254, -7.22887959999997 ], [ -40.6712426, -7.20970659999995 ], [ -40.6680124, -7.20970379999994 ], [ -40.637793499999901, -7.209677 ], [ -40.6039139, -7.21459969999995 ], [ -40.599649699999901, -7.21414869999995 ], [ -40.5995401, -7.21413719999993 ], [ -40.56624, -7.21061619999995 ], [ -40.5571085999999, -7.21045889999994 ], [ -40.5061165, -7.21085969999996 ], [ -40.5102678, -7.22435339999993 ], [ -40.5107131, -7.22696559999997 ], [ -40.510932, -7.233112 ], [ -40.510957899999902, -7.23385539999992 ], [ -40.5113272, -7.23468069999996 ], [ -40.513561099999897, -7.23970329999997 ], [ -40.515799399999899, -7.26446159999995 ], [ -40.515537499999901, -7.26983439999998 ], [ -40.5152859, -7.27498429999997 ], [ -40.5152778, -7.27516519999995 ], [ -40.5123828, -7.28544689999995 ], [ -40.5121075, -7.29057089999998 ], [ -40.5116315, -7.29942749999998 ], [ -40.511631399999899, -7.299429 ], [ -40.5116313, -7.29943059999994 ], [ -40.5121715, -7.30180069999994 ], [ -40.514268699999903, -7.30783209999993 ], [ -40.5182296, -7.31359659999993 ], [ -40.522875, -7.317864 ], [ -40.52372215, -7.31844964999993 ], [ -40.5237227, -7.31845009999995 ], [ -40.5237231999999, -7.31845049999993 ], [ -40.5362734, -7.32712559999993 ], [ -40.5402248, -7.33062119999994 ], [ -40.5415082, -7.33226909999996 ], [ -40.5418941, -7.33582639999997 ], [ -40.540422299999904, -7.34140329999997 ], [ -40.5405405, -7.34484979999996 ], [ -40.5426704999999, -7.36037309999995 ], [ -40.5484637, -7.39269149999996 ], [ -40.5568355999999, -7.39596819999997 ], [ -40.5873215, -7.40789989999996 ] ] ] ] } },
{ "type": "Feature", "properties": { "CD_MUN": "2202075", "NM_MUN": "Cajazeiras do Piauí", "CD_RGI": "220011", "NM_RGI": "Oeiras", "CD_RGINT": "2203", "NM_RGINT": "Picos", "CD_UF": "22", "NM_UF": "Piauí", "SIGLA_UF": "PI", "CD_REGIAO": "2", "NM_REGIAO": "Nordeste", "SIGLA_RG": "NE", "CD_CONCURB": null, "NM_CONCURB": null, "AREA_KM2": 515.427 }, "geometry": { "type": "MultiPolygon", "coordinates": [ [ [ [ -42.359961199999901, -6.80541239999997 ], [ -42.360141999999897, -6.80548119999997 ], [ -42.366524899999902, -6.81509549999993 ], [ -42.3679693999999, -6.81856389999996 ], [ -42.3693092, -6.82178059999995 ], [ -42.369363099999902, -6.82191009999997 ], [ -42.369414, -6.82203219999997 ], [ -42.369464999999899, -6.822174 ], [ -42.369976, -6.822076 ], [ -42.370607, -6.822064 ], [ -42.371057999999898, -6.821953 ], [ -42.371353999999897, -6.82188 ], [ -42.371585, -6.821748 ], [ -42.371825999999899, -6.821693 ], [ -42.372099999999897, -6.821689 ], [ -42.373202999999897, -6.821931 ], [ -42.373559, -6.821953 ], [ -42.373872999999897, -6.822004 ], [ -42.374426, -6.822188 ], [ -42.374744, -6.822286 ], [ -42.37498, -6.822316 ], [ -42.375272, -6.822308 ], [ -42.375392, -6.822389 ], [ -42.375624, -6.82258 ], [ -42.375864, -6.822721 ], [ -42.376083, -6.822951 ], [ -42.376199, -6.823164 ], [ -42.37637, -6.823326 ], [ -42.376662, -6.823411 ], [ -42.377699, -6.825469 ], [ -42.378206, -6.826448 ], [ -42.378477, -6.826798 ], [ -42.378592, -6.827142 ], [ -42.378622, -6.827402 ], [ -42.378768, -6.82753 ], [ -42.379094, -6.827615 ], [ -42.381465999999897, -6.828111 ], [ -42.382565999999898, -6.828395 ], [ -42.383506, -6.82877 ], [ -42.383841, -6.829021 ], [ -42.384003999999898, -6.829204 ], [ -42.384867, -6.829596 ], [ -42.385067999999897, -6.829745 ], [ -42.385352, -6.830064 ], [ -42.385739999999899, -6.830118 ], [ -42.386147999999899, -6.829999 ], [ -42.386259, -6.830012 ], [ -42.386542, -6.830161 ], [ -42.387233, -6.830301 ], [ -42.387594, -6.830506 ], [ -42.387937, -6.830548 ], [ -42.388718, -6.830476 ], [ -42.389285, -6.830459 ], [ -42.389525, -6.830459 ], [ -42.389997, -6.830259 ], [ -42.390358999999897, -6.83023 ], [ -42.390844, -6.830324 ], [ -42.391685, -6.830575 ], [ -42.391702, -6.830762 ], [ -42.392161, -6.830992 ], [ -42.392573, -6.831167 ], [ -42.392719, -6.831196 ], [ -42.393019, -6.831324 ], [ -42.393316, -6.831486 ], [ -42.39347, -6.831678 ], [ -42.393616, -6.832044 ], [ -42.393762, -6.83218 ], [ -42.393869, -6.832325 ], [ -42.393895, -6.832734 ], [ -42.393954, -6.832967 ], [ -42.39407, -6.833005 ], [ -42.394087, -6.833231 ], [ -42.394027, -6.833286 ], [ -42.394061, -6.833359 ], [ -42.394112999999898, -6.833461 ], [ -42.394090999999896, -6.833597 ], [ -42.39401, -6.833708 ], [ -42.394044, -6.833917 ], [ -42.394151, -6.834164 ], [ -42.394177, -6.834309 ], [ -42.394104, -6.834441 ], [ -42.394108, -6.834556 ], [ -42.394332, -6.83482 ], [ -42.394593, -6.834845 ], [ -42.394722, -6.83482 ], [ -42.394858999999897, -6.834947 ], [ -42.395103999999897, -6.83502 ], [ -42.395456, -6.834901 ], [ -42.39561, -6.835054 ], [ -42.395705, -6.835318 ], [ -42.395743, -6.835467 ], [ -42.395748, -6.835744 ], [ -42.395838, -6.83591 ], [ -42.396014, -6.835999 ], [ -42.396095, -6.836135 ], [ -42.396022, -6.836395 ], [ -42.395958, -6.836659 ], [ -42.396098, -6.836839 ], [ -42.396161999999897, -6.837031 ], [ -42.396136, -6.837193 ], [ -42.395964999999897, -6.837337 ], [ -42.395771, -6.83744 ], [ -42.395613, -6.83758 ], [ -42.395574, -6.837755 ], [ -42.39563, -6.837946 ], [ -42.395767, -6.838074 ], [ -42.395828, -6.838191 ], [ -42.395768, -6.83828 ], [ -42.3957391, -6.83860109999995 ], [ -42.396005, -6.83884 ], [ -42.396408999999899, -6.839172 ], [ -42.396276, -6.839807 ], [ -42.396206999999897, -6.840275 ], [ -42.396151, -6.840398 ], [ -42.396009999999897, -6.840552 ], [ -42.395851, -6.8405 ], [ -42.395735, -6.840556 ], [ -42.395691999999897, -6.84082 ], [ -42.395941, -6.840982 ], [ -42.396065, -6.841075 ], [ -42.396151, -6.841429 ], [ -42.396216, -6.841633 ], [ -42.396206999999897, -6.841902 ], [ -42.396371, -6.842251 ], [ -42.396397, -6.84251 ], [ -42.396534, -6.842774 ], [ -42.396869, -6.842928 ], [ -42.397109, -6.843094 ], [ -42.397174, -6.843375 ], [ -42.397087999999897, -6.843596 ], [ -42.397075, -6.844252 ], [ -42.397238, -6.844469 ], [ -42.397616, -6.844678 ], [ -42.397739999999899, -6.844874 ], [ -42.39806, -6.845083 ], [ -42.398527999999899, -6.845232 ], [ -42.398987, -6.845475 ], [ -42.399253, -6.845743 ], [ -42.3996966, -6.84682589999994 ], [ -42.4001493, -6.84744739999996 ], [ -42.4008347, -6.84883939999997 ], [ -42.4021612, -6.85040089999995 ], [ -42.4031524, -6.85090659999997 ], [ -42.4036163, -6.85140419999993 ], [ -42.4045684, -6.85280439999997 ], [ -42.4050913, -6.85392129999997 ], [ -42.4054657, -6.85433789999996 ], [ -42.405830099999903, -6.85501589999996 ], [ -42.4065338, -6.85555109999996 ], [ -42.4071850999999, -6.85618969999996 ], [ -42.4075621, -6.85676159999997 ], [ -42.4075935, -6.85755039999998 ], [ -42.407780499999902, -6.85804059999998 ], [ -42.4082706, -6.85850259999995 ], [ -42.4084444, -6.85887189999994 ], [ -42.4084262, -6.85920839999994 ], [ -42.408089899999901, -6.86004259999993 ], [ -42.407975, -6.86081559999997 ], [ -42.408484499999901, -6.86277439999998 ], [ -42.4083864, -6.86404329999993 ], [ -42.408476999999898, -6.86444349999994 ], [ -42.4329973, -6.90160489999994 ], [ -42.4351748, -6.90146329999993 ], [ -42.4377709, -6.90149039999994 ], [ -42.439669599999903, -6.90157009999996 ], [ -42.4410101, -6.90178719999994 ], [ -42.441680399999903, -6.90239539999993 ], [ -42.444150599999901, -6.90573719999998 ], [ -42.4448472, -6.90585929999997 ], [ -42.445590099999897, -6.90586539999993 ], [ -42.446245099999899, -6.90613719999993 ], [ -42.4469357, -6.90661549999993 ], [ -42.4474337, -6.90716019999996 ], [ -42.448728, -6.90892789999998 ], [ -42.4493735, -6.90954339999996 ], [ -42.449843299999898, -6.90965569999997 ], [ -42.4503989, -6.90966 ], [ -42.4512804, -6.90951519999993 ], [ -42.4516965, -6.90934329999993 ], [ -42.451940299999897, -6.90910969999993 ], [ -42.452666399999899, -6.90872969999998 ], [ -42.453501199999899, -6.90853589999995 ], [ -42.454952499999898, -6.90881239999993 ], [ -42.455506399999898, -6.908814 ], [ -42.456156899999897, -6.90868049999995 ], [ -42.4587857, -6.90932809999993 ], [ -42.4595097, -6.90940379999995 ], [ -42.461030999999899, -6.91000029999998 ], [ -42.4617206, -6.91011769999994 ], [ -42.462744, -6.909902 ], [ -42.463104, -6.909808 ], [ -42.463104, -6.909493 ], [ -42.463331, -6.909126 ], [ -42.463394999999899, -6.908487 ], [ -42.463408, -6.907913 ], [ -42.463447, -6.907734 ], [ -42.463678, -6.907402 ], [ -42.463887999999898, -6.906948 ], [ -42.464145, -6.906752 ], [ -42.464626, -6.906672 ], [ -42.465673, -6.906165 ], [ -42.466063, -6.906029 ], [ -42.466381, -6.906067 ], [ -42.466536, -6.906433 ], [ -42.466698999999899, -6.906561 ], [ -42.466878999999899, -6.906544 ], [ -42.467274, -6.906186 ], [ -42.46777, -6.90591 ], [ -42.469363, -6.905603 ], [ -42.470474, -6.905352 ], [ -42.471659, -6.905327 ], [ -42.472825999999898, -6.905276 ], [ -42.473732, -6.905004 ], [ -42.473986, -6.904621 ], [ -42.474102, -6.903816 ], [ -42.474035, -6.902758 ], [ -42.473868, -6.901412 ], [ -42.47376, -6.900555 ], [ -42.473410999999899, -6.899377 ], [ -42.472947, -6.898428 ], [ -42.472162, -6.898074 ], [ -42.470956, -6.898198 ], [ -42.470441, -6.898198 ], [ -42.470201, -6.897989 ], [ -42.470158, -6.897564 ], [ -42.469765, -6.896756 ], [ -42.4694, -6.895296 ], [ -42.469743, -6.894653 ], [ -42.470047, -6.894394 ], [ -42.470176, -6.894249 ], [ -42.470322, -6.894274 ], [ -42.470531999999899, -6.894589 ], [ -42.47085, -6.894896 ], [ -42.471141, -6.894781 ], [ -42.471226999999899, -6.894526 ], [ -42.471317, -6.894432 ], [ -42.471558, -6.894487 ], [ -42.471725, -6.894662 ], [ -42.471721, -6.894922 ], [ -42.472014999999899, -6.895241 ], [ -42.472371, -6.895351 ], [ -42.472701, -6.895513 ], [ -42.473121999999897, -6.895837 ], [ -42.473555, -6.896454 ], [ -42.473967, -6.896595 ], [ -42.474397, -6.89668 ], [ -42.474783, -6.896637 ], [ -42.474894, -6.896135 ], [ -42.474967, -6.895994 ], [ -42.475254999999898, -6.895892 ], [ -42.475542, -6.895543 ], [ -42.475802, -6.895414 ], [ -42.476157999999899, -6.894933 ], [ -42.476132999999898, -6.894647 ], [ -42.475961, -6.8942 ], [ -42.475716, -6.893498 ], [ -42.47576, -6.893237 ], [ -42.475919, -6.892726 ], [ -42.476082, -6.8925 ], [ -42.476249, -6.892496 ], [ -42.476447, -6.892751 ], [ -42.476678999999898, -6.89299 ], [ -42.477005, -6.893075 ], [ -42.477171999999896, -6.892871 ], [ -42.477237, -6.892539 ], [ -42.477351999999897, -6.892355 ], [ -42.477826999999898, -6.892114 ], [ -42.478466, -6.891974 ], [ -42.478869, -6.891667 ], [ -42.479071, -6.89093 ], [ -42.479045, -6.890726 ], [ -42.478732, -6.890628 ], [ -42.478556, -6.890475 ], [ -42.478608, -6.89033 ], [ -42.479011, -6.890053 ], [ -42.479642, -6.889564 ], [ -42.480474, -6.889044 ], [ -42.480843999999898, -6.888529 ], [ -42.481288999999897, -6.88743 ], [ -42.481525, -6.88674 ], [ -42.481670999999899, -6.886642 ], [ -42.48207, -6.886711 ], [ -42.482478, -6.88664 ], [ -42.482731, -6.886316 ], [ -42.482898, -6.886231 ], [ -42.483108, -6.886214 ], [ -42.483224, -6.886325 ], [ -42.483289, -6.886699 ], [ -42.483344, -6.88687 ], [ -42.483872, -6.886916 ], [ -42.48407, -6.886835 ], [ -42.484336, -6.886469 ], [ -42.484636, -6.886124 ], [ -42.485048, -6.885826 ], [ -42.485294, -6.885047 ], [ -42.485375, -6.884361 ], [ -42.485508, -6.884153 ], [ -42.486083999999899, -6.88394 ], [ -42.486307, -6.883659 ], [ -42.48644, -6.883216 ], [ -42.486412, -6.882745 ], [ -42.486564, -6.882326 ], [ -42.487225, -6.882164 ], [ -42.487517, -6.881883 ], [ -42.487611, -6.88133 ], [ -42.487491, -6.881083 ], [ -42.487019, -6.880802 ], [ -42.486925, -6.880486 ], [ -42.487096, -6.880188 ], [ -42.48744, -6.88001 ], [ -42.487852, -6.880001 ], [ -42.48847, -6.879882 ], [ -42.489078999999897, -6.879439 ], [ -42.489412, -6.879208 ], [ -42.4896, -6.878671 ], [ -42.489768, -6.878518 ], [ -42.490158, -6.87839 ], [ -42.49069, -6.87823 ], [ -42.492765, -6.877569 ], [ -42.493074, -6.877229 ], [ -42.493564, -6.877071 ], [ -42.495066, -6.876901 ], [ -42.495551, -6.876956 ], [ -42.495854999999899, -6.877101 ], [ -42.495967, -6.877569 ], [ -42.496279, -6.878345 ], [ -42.496683, -6.878724 ], [ -42.496755, -6.878993 ], [ -42.496635, -6.879261 ], [ -42.496622, -6.879436 ], [ -42.49682, -6.879636 ], [ -42.497064, -6.879606 ], [ -42.497188999999899, -6.879329 ], [ -42.497313, -6.879218 ], [ -42.497632, -6.879149 ], [ -42.497834, -6.879468 ], [ -42.498061, -6.879766 ], [ -42.498713, -6.880077 ], [ -42.499044, -6.880622 ], [ -42.499409, -6.880873 ], [ -42.499704999999899, -6.880856 ], [ -42.4997913999999, -6.88054789999995 ], [ -42.499928, -6.880307 ], [ -42.500206999999897, -6.880213 ], [ -42.500579, -6.880241 ], [ -42.500768, -6.880364 ], [ -42.501575, -6.880688 ], [ -42.501815, -6.880658 ], [ -42.501845, -6.880522 ], [ -42.501862, -6.880211 ], [ -42.5020529, -6.87999979999995 ], [ -42.502197, -6.879989 ], [ -42.502334, -6.880075 ], [ -42.502659999999899, -6.880076 ], [ -42.502921199999903, -6.87972469999994 ], [ -42.502972999999898, -6.879616 ], [ -42.502907999999898, -6.879429 ], [ -42.502651, -6.879339 ], [ -42.502642, -6.879207 ], [ -42.502861, -6.879046 ], [ -42.503179, -6.878909 ], [ -42.5034424, -6.87885639999996 ], [ -42.504024, -6.878624 ], [ -42.504402, -6.878539 ], [ -42.50504, -6.878597 ], [ -42.505624, -6.878997 ], [ -42.50607, -6.879006 ], [ -42.506242, -6.878814 ], [ -42.506229, -6.878529 ], [ -42.506391999999899, -6.878286 ], [ -42.506554, -6.878098 ], [ -42.506726, -6.877902 ], [ -42.506863, -6.877681 ], [ -42.507025999999897, -6.877033 ], [ -42.507343999999897, -6.876833 ], [ -42.50764, -6.876795 ], [ -42.508018, -6.877012 ], [ -42.508301, -6.877276 ], [ -42.508433, -6.877308 ], [ -42.508549, -6.877104 ], [ -42.508613, -6.876891 ], [ -42.508613, -6.876678 ], [ -42.508725, -6.876495 ], [ -42.508973, -6.876255 ], [ -42.509222, -6.876233 ], [ -42.509909, -6.876246 ], [ -42.510556999999899, -6.876421 ], [ -42.510922, -6.876395 ], [ -42.510942999999898, -6.876267 ], [ -42.510797, -6.875897 ], [ -42.510892, -6.875778 ], [ -42.511158, -6.875761 ], [ -42.51163, -6.87568 ], [ -42.511673, -6.875539 ], [ -42.511573999999897, -6.875194 ], [ -42.511688999999897, -6.874925 ], [ -42.511994, -6.874811 ], [ -42.512328, -6.874815 ], [ -42.51253, -6.874964 ], [ -42.51265, -6.874845 ], [ -42.512585999999899, -6.874623 ], [ -42.512676, -6.874432 ], [ -42.51283, -6.874359 ], [ -42.512766, -6.874172 ], [ -42.512599, -6.874163 ], [ -42.512427, -6.874321 ], [ -42.51232, -6.874257 ], [ -42.512307, -6.874082 ], [ -42.512354, -6.873912 ], [ -42.512538999999897, -6.873869 ], [ -42.512856, -6.873874 ], [ -42.513277, -6.874116 ], [ -42.51353, -6.874376 ], [ -42.513676, -6.874585 ], [ -42.514066, -6.874717 ], [ -42.514307, -6.874666 ], [ -42.514611, -6.874572 ], [ -42.514958, -6.874532 ], [ -42.515143, -6.874093 ], [ -42.515558999999897, -6.873608 ], [ -42.516056999999897, -6.873203 ], [ -42.516739, -6.872901 ], [ -42.517065, -6.87285 ], [ -42.517331, -6.873041 ], [ -42.517473, -6.873033 ], [ -42.517576, -6.872914 ], [ -42.517889, -6.872705 ], [ -42.518304, -6.872163 ], [ -42.518762, -6.871076 ], [ -42.519114, -6.870692 ], [ -42.519642, -6.870428 ], [ -42.520011, -6.870454 ], [ -42.520269, -6.870356 ], [ -42.520552, -6.870066 ], [ -42.52084, -6.869985 ], [ -42.52111, -6.870002 ], [ -42.521433, -6.870097 ], [ -42.521909, -6.869927 ], [ -42.522737999999897, -6.869804 ], [ -42.522956, -6.869531 ], [ -42.523051, -6.869203 ], [ -42.523248, -6.869118 ], [ -42.523643, -6.869075 ], [ -42.523922, -6.868926 ], [ -42.524271999999897, -6.868694 ], [ -42.524353, -6.868153 ], [ -42.524521, -6.867859 ], [ -42.524757, -6.867757 ], [ -42.525001, -6.867808 ], [ -42.525443, -6.867915 ], [ -42.525832, -6.867862 ], [ -42.526424, -6.8677 ], [ -42.526917, -6.867326 ], [ -42.527127999999898, -6.867287 ], [ -42.527347, -6.867304 ], [ -42.528300699999903, -6.86733319999996 ], [ -42.5292615, -6.86690069999997 ], [ -42.5304818, -6.86618079999994 ], [ -42.5333348, -6.86500879999994 ], [ -42.5341473, -6.86475469999993 ], [ -42.535252899999897, -6.86461919999994 ], [ -42.537350499999903, -6.86410519999993 ], [ -42.539158799999903, -6.86328369999995 ], [ -42.5400738, -6.86298319999997 ], [ -42.5411582, -6.86278949999996 ], [ -42.5427084, -6.86279219999994 ], [ -42.5440204, -6.863065 ], [ -42.5448155, -6.86349159999997 ], [ -42.5455893, -6.86416509999998 ], [ -42.545796, -6.86455929999994 ], [ -42.5468013999999, -6.86564809999993 ], [ -42.549707899999902, -6.866784 ], [ -42.551070099999897, -6.86763719999993 ], [ -42.552519699999898, -6.86884369999996 ], [ -42.5540465999999, -6.86929009999994 ], [ -42.5563905, -6.86895559999994 ], [ -42.5583189, -6.86885349999994 ], [ -42.561162399999901, -6.86908329999994 ], [ -42.5629809, -6.86912609999996 ], [ -42.5664348, -6.86920749999996 ], [ -42.5666004999999, -6.86912979999994 ], [ -42.566898799999898, -6.868994 ], [ -42.568061999999898, -6.86741219999993 ], [ -42.569148799999901, -6.86637149999996 ], [ -42.5701091, -6.86561959999995 ], [ -42.5710501, -6.86517939999993 ], [ -42.5717418, -6.86449309999995 ], [ -42.5722082, -6.86380679999996 ], [ -42.5724508, -6.86178309999997 ], [ -42.573047, -6.86025629999995 ], [ -42.5742542, -6.85830829999998 ], [ -42.5752682, -6.85773049999995 ], [ -42.5763746, -6.85763659999998 ], [ -42.578455899999902, -6.85700659999998 ], [ -42.5793717, -6.85644519999994 ], [ -42.580036, -6.85550539999997 ], [ -42.583176099999903, -6.84992389999996 ], [ -42.583736, -6.84865959999996 ], [ -42.584273799999899, -6.84635519999995 ], [ -42.5848808, -6.84550009999998 ], [ -42.585841199999898, -6.844968 ], [ -42.587079399999901, -6.84477149999998 ], [ -42.5880804, -6.84518159999993 ], [ -42.5887723, -6.84587449999998 ], [ -42.589440399999901, -6.847107 ], [ -42.5897001, -6.84782179999996 ], [ -42.5900791, -6.84824309999993 ], [ -42.5907194, -6.848486 ], [ -42.592275599999901, -6.84808669999995 ], [ -42.5937843, -6.847068 ], [ -42.5955733, -6.84481739999995 ], [ -42.5966342, -6.84333769999995 ], [ -42.597465999999898, -6.84058319999997 ], [ -42.59745, -6.83880159999995 ], [ -42.59814, -6.83750379999998 ], [ -42.5990116, -6.83742469999993 ], [ -42.6004358, -6.83814709999996 ], [ -42.6014552, -6.83835609999994 ], [ -42.602922799999902, -6.83814449999994 ], [ -42.604089499999901, -6.83719139999994 ], [ -42.6040315, -6.83527389999995 ], [ -42.6034908, -6.83397069999995 ], [ -42.6026773, -6.83246059999993 ], [ -42.6020707, -6.830471 ], [ -42.602213999999897, -6.82951369999995 ], [ -42.602695, -6.82896859999994 ], [ -42.6036475, -6.82815329999994 ], [ -42.6053717, -6.82685909999998 ], [ -42.6059225, -6.82603979999993 ], [ -42.6064765, -6.82467409999998 ], [ -42.6064306, -6.82367859999994 ], [ -42.606523099999897, -6.82272709999995 ], [ -42.6064079, -6.82115159999995 ], [ -42.6067019, -6.81949339999994 ], [ -42.607653099999901, -6.81805169999996 ], [ -42.6079318, -6.81676479999993 ], [ -42.6077614, -6.81564129999992 ], [ -42.60714, -6.81438149999997 ], [ -42.6065833, -6.81370949999996 ], [ -42.6064092, -6.813081 ], [ -42.6063854, -6.81203279999994 ], [ -42.6065184, -6.81025369999998 ], [ -42.6065311999999, -6.80892419999998 ], [ -42.606457, -6.80858189999998 ], [ -42.6063182, -6.80795239999998 ], [ -42.605512299999901, -6.80645849999996 ], [ -42.6044881, -6.80486209999998 ], [ -42.6030562, -6.80317109999993 ], [ -42.602282699999897, -6.802558 ], [ -42.6010431999999, -6.80190659999994 ], [ -42.599813299999902, -6.80066019999992 ], [ -42.5988045, -6.79978269999998 ], [ -42.5979215, -6.799106 ], [ -42.5951827, -6.79859789999995 ], [ -42.5938221, -6.798329 ], [ -42.5917042, -6.79766209999997 ], [ -42.5899224, -6.79706469999996 ], [ -42.5891314, -6.79674949999998 ], [ -42.5878334, -6.79567029999993 ], [ -42.586509799999902, -6.79463389999995 ], [ -42.5852103, -6.79409889999994 ], [ -42.583996399999897, -6.79347029999997 ], [ -42.5828693, -6.79244619999997 ], [ -42.5824939, -6.791955 ], [ -42.581941399999899, -6.791232 ], [ -42.5812068, -6.79096669999996 ], [ -42.5800730999999, -6.79127219999998 ], [ -42.5793945, -6.79112729999997 ], [ -42.5790726, -6.79053159999995 ], [ -42.5795439, -6.78953479999996 ], [ -42.5798632999999, -6.787961 ], [ -42.5799233, -6.78726129999995 ], [ -42.5796328, -6.78643619999997 ], [ -42.5789373, -6.78634369999997 ], [ -42.5777740999999, -6.78690369999993 ], [ -42.576188499999901, -6.787009 ], [ -42.574915599999898, -6.78686109999995 ], [ -42.5741505, -6.78705539999993 ], [ -42.5738489, -6.78778939999995 ], [ -42.573063299999902, -6.78936989999994 ], [ -42.572693699999903, -6.78967919999997 ], [ -42.5716467, -6.78964559999997 ], [ -42.5700672, -6.78856269999994 ], [ -42.5697526, -6.78774059999995 ], [ -42.5695651999999, -6.78675519999996 ], [ -42.5700529, -6.78576669999995 ], [ -42.5699792999999, -6.78351209999994 ], [ -42.5691681, -6.781606 ], [ -42.5672852, -6.77891759999994 ], [ -42.566806, -6.77853089999996 ], [ -42.566616199999899, -6.77740279999995 ], [ -42.56655, -6.77629459999997 ], [ -42.565400899999901, -6.77480559999998 ], [ -42.564368199999898, -6.77365889999993 ], [ -42.5631589, -6.77210509999998 ], [ -42.5626559, -6.770823 ], [ -42.562589, -6.77019989999997 ], [ -42.562919599999901, -6.76903409999994 ], [ -42.5644834, -6.76759869999995 ], [ -42.565109499999899, -6.76692289999994 ], [ -42.5657112, -6.76545469999996 ], [ -42.5655732, -6.76474669999993 ], [ -42.564704199999902, -6.76308849999998 ], [ -42.5638643999999, -6.76123 ], [ -42.5634411999999, -6.75870309999993 ], [ -42.5636603, -6.75678719999996 ], [ -42.56328, -6.75471889999994 ], [ -42.562910299999899, -6.75401079999995 ], [ -42.5613279, -6.75281409999997 ], [ -42.560102599999901, -6.75182329999996 ], [ -42.559245299999901, -6.75110669999998 ], [ -42.558485699999899, -6.75022579999995 ], [ -42.5580388, -6.74903529999995 ], [ -42.5567975, -6.748237 ], [ -42.555326599999901, -6.74808809999996 ], [ -42.5547349, -6.74757589999996 ], [ -42.554034199999897, -6.74621429999996 ], [ -42.5535034, -6.74488329999997 ], [ -42.5519241, -6.74377079999994 ], [ -42.5511620999999, -6.74337089999995 ], [ -42.5502058, -6.74220609999998 ], [ -42.549302699999899, -6.74129419999997 ], [ -42.5492202, -6.741211 ], [ -42.5483785, -6.73976379999993 ], [ -42.5482723, -6.73834869999996 ], [ -42.5489999, -6.73722209999994 ], [ -42.5498936, -6.73672189999996 ], [ -42.5514229, -6.73649729999994 ], [ -42.5524758, -6.73534109999997 ], [ -42.5528608, -6.73448239999993 ], [ -42.5530027, -6.73349209999998 ], [ -42.5535899, -6.73223369999994 ], [ -42.5543585, -6.73132279999993 ], [ -42.5551545, -6.72953839999997 ], [ -42.5559924, -6.72823889999995 ], [ -42.5562917, -6.72610509999993 ], [ -42.557164199999903, -6.72346849999997 ], [ -42.556282, -6.723785 ], [ -42.555304932999903, -6.72400516699997 ], [ -42.554848999999898, -6.724108 ], [ -42.553089, -6.723998 ], [ -42.551107, -6.723095 ], [ -42.549785, -6.722183 ], [ -42.548755, -6.721825 ], [ -42.546469, -6.720054 ], [ -42.54534, -6.719437 ], [ -42.544168, -6.718423 ], [ -42.542659, -6.71741 ], [ -42.542144, -6.716708 ], [ -42.541663, -6.715367 ], [ -42.541243, -6.714285 ], [ -42.541107, -6.713863 ], [ -42.540155, -6.712338 ], [ -42.539391, -6.711699 ], [ -42.538618, -6.710404 ], [ -42.536278, -6.708597 ], [ -42.534424999999899, -6.706945 ], [ -42.533026, -6.706408 ], [ -42.531033, -6.705985 ], [ -42.529857, -6.705934 ], [ -42.528664, -6.706309 ], [ -42.526984, -6.707046 ], [ -42.525975, -6.707595 ], [ -42.523431, -6.709614 ], [ -42.520776, -6.711891 ], [ -42.518094, -6.715169 ], [ -42.5165635, -6.71789729999995 ], [ -42.515912, -6.719281 ], [ -42.5158349, -6.71975339999995 ], [ -42.5159045, -6.72034749999995 ], [ -42.5159032, -6.720347 ], [ -42.515774599999901, -6.72029859999998 ], [ -42.515139799999901, -6.72005979999994 ], [ -42.513451099999898, -6.71980929999995 ], [ -42.5130386, -6.71962779999996 ], [ -42.512091499999897, -6.71921119999996 ], [ -42.5113717999999, -6.71848609999995 ], [ -42.5107229, -6.71798769999998 ], [ -42.5099339, -6.71746029999997 ], [ -42.5093565, -6.71691979999997 ], [ -42.508540599999897, -6.71599629999997 ], [ -42.507641299999896, -6.714761 ], [ -42.5073504, -6.71452549999998 ], [ -42.5066322, -6.71394139999995 ], [ -42.505622399999901, -6.71308159999995 ], [ -42.5047384, -6.71282989999997 ], [ -42.504286799999903, -6.71255139999994 ], [ -42.5032201, -6.71253189999993 ], [ -42.502092699999899, -6.71242709999996 ], [ -42.5007088999999, -6.71189949999996 ], [ -42.499727, -6.71129759999997 ], [ -42.4985358, -6.71076819999996 ], [ -42.498006599999897, -6.71061879999996 ], [ -42.497037799999902, -6.71039909999996 ], [ -42.496353699999901, -6.71054479999998 ], [ -42.4956089, -6.71037129999996 ], [ -42.495073499999897, -6.70994419999994 ], [ -42.494512299999897, -6.70900779999994 ], [ -42.493864899999899, -6.70835369999998 ], [ -42.492944399999899, -6.70810239999997 ], [ -42.4921702, -6.70772439999996 ], [ -42.491208, -6.70776009999997 ], [ -42.4910383, -6.70774519999998 ], [ -42.490445899999898, -6.70830669999998 ], [ -42.489746099999898, -6.708346 ], [ -42.489457199999897, -6.70822119999997 ], [ -42.4891405, -6.70810539999997 ], [ -42.4884236, -6.70719429999997 ], [ -42.487551799999899, -6.70570169999996 ], [ -42.4872892, -6.70528449999995 ], [ -42.486282199999899, -6.703707 ], [ -42.485557, -6.70263459999995 ], [ -42.4850972999999, -6.70195759999996 ], [ -42.4843979, -6.70039819999994 ], [ -42.4832885, -6.69876709999994 ], [ -42.4816939, -6.69796539999993 ], [ -42.4800456, -6.696585 ], [ -42.478802, -6.69636169999995 ], [ -42.478051999999899, -6.69594759999995 ], [ -42.4762827, -6.69429789999998 ], [ -42.475203099999902, -6.69148939999997 ], [ -42.4751462, -6.68923309999997 ], [ -42.4752869, -6.68848179999998 ], [ -42.4752855, -6.68730639999995 ], [ -42.472059199999897, -6.68137179999997 ], [ -42.4714858, -6.68013279999997 ], [ -42.4713197, -6.67942479999994 ], [ -42.471212799999897, -6.67820769999997 ], [ -42.4713714, -6.67764279999994 ], [ -42.471683799999902, -6.67740389999994 ], [ -42.4723346, -6.67739489999997 ], [ -42.4745781, -6.67855029999993 ], [ -42.4762686, -6.67878529999996 ], [ -42.4781459, -6.67803109999994 ], [ -42.479229599999897, -6.67636749999997 ], [ -42.479156499999903, -6.67407559999998 ], [ -42.4781895, -6.67149869999997 ], [ -42.4779288, -6.67070289999998 ], [ -42.4779962, -6.66858149999996 ], [ -42.4778603, -6.66769129999994 ], [ -42.477832, -6.66750569999994 ], [ -42.4762473, -6.66583529999997 ], [ -42.4742694, -6.66531589999994 ], [ -42.471929499999902, -6.66535369999997 ], [ -42.4691346, -6.66415119999994 ], [ -42.4672087, -6.663038 ], [ -42.4657255, -6.66263429999998 ], [ -42.464614299999901, -6.662798 ], [ -42.4633616, -6.66434789999994 ], [ -42.462235099999901, -6.66629419999992 ], [ -42.4611915, -6.66818419999993 ], [ -42.459713099999902, -6.66956269999997 ], [ -42.4578170999999, -6.66935489999997 ], [ -42.4563565999999, -6.66770649999995 ], [ -42.4551104, -6.66702109999994 ], [ -42.4541206, -6.66766669999993 ], [ -42.4535531, -6.66886069999993 ], [ -42.4527679, -6.67051259999994 ], [ -42.4515046, -6.67033639999994 ], [ -42.4487257, -6.66810959999998 ], [ -42.448566, -6.66791029999996 ], [ -42.448210199999899, -6.66746639999997 ], [ -42.446067099999901, -6.66729239999995 ], [ -42.444060599999901, -6.66710549999993 ], [ -42.4428755, -6.66725789999998 ], [ -42.441334599999898, -6.66779859999997 ], [ -42.438324599999902, -6.66764139999998 ], [ -42.4354471, -6.66762639999996 ], [ -42.4347402, -6.66753789999996 ], [ -42.4334716, -6.66665439999997 ], [ -42.433089799999898, -6.66625569999997 ], [ -42.432627399999902, -6.665773 ], [ -42.431703599999899, -6.66387289999994 ], [ -42.4306682, -6.66285039999997 ], [ -42.4304650999999, -6.66265 ], [ -42.4291125, -6.66159619999996 ], [ -42.427849, -6.66144819999994 ], [ -42.4262727, -6.66223209999993 ], [ -42.4228376, -6.66583519999995 ], [ -42.4211769, -6.66654539999996 ], [ -42.420321, -6.667905 ], [ -42.4194522, -6.66938179999994 ], [ -42.419176299999897, -6.67025449999994 ], [ -42.4190388, -6.67068969999997 ], [ -42.417731199999899, -6.67232339999993 ], [ -42.4162344, -6.67055939999995 ], [ -42.416100599999901, -6.67040179999998 ], [ -42.4157708, -6.67001309999995 ], [ -42.415008199999903, -6.668416 ], [ -42.4149312, -6.66825479999994 ], [ -42.4148175, -6.66731789999994 ], [ -42.4142079, -6.66622089999993 ], [ -42.4128476, -6.66484649999995 ], [ -42.412071, -6.66427189999996 ], [ -42.411355399999898, -6.66258289999996 ], [ -42.410266099999902, -6.66168849999997 ], [ -42.4086164, -6.66209269999996 ], [ -42.4079338, -6.66210979999994 ], [ -42.4064617, -6.66276829999993 ], [ -42.405744599999899, -6.66294859999994 ], [ -42.404793299999902, -6.66338589999998 ], [ -42.403580299999902, -6.66334379999995 ], [ -42.4026408, -6.66374409999997 ], [ -42.399970799999899, -6.66368709999995 ], [ -42.397754, -6.664464 ], [ -42.396572299999903, -6.66473909999996 ], [ -42.3952145, -6.66492579999993 ], [ -42.3942105, -6.66518639999993 ], [ -42.3931396, -6.66582209999996 ], [ -42.3925745, -6.66638079999996 ], [ -42.3916452, -6.66764119999993 ], [ -42.3912166, -6.66774739999994 ], [ -42.390789799999901, -6.66807969999996 ], [ -42.390432099999899, -6.66862819999994 ], [ -42.3898581, -6.67016259999997 ], [ -42.3894438, -6.67073009999996 ], [ -42.388948899999903, -6.67122219999993 ], [ -42.388390699999903, -6.67137689999993 ], [ -42.3873574, -6.67130959999997 ], [ -42.3865736, -6.67075519999997 ], [ -42.386012299999898, -6.67047189999994 ], [ -42.384803599999898, -6.66941589999993 ], [ -42.383336799999903, -6.66917709999996 ], [ -42.383136599999901, -6.66780129999995 ], [ -42.382815299999898, -6.667198 ], [ -42.3826493, -6.66664979999996 ], [ -42.3822135, -6.66631629999995 ], [ -42.3814528, -6.66597259999998 ], [ -42.381254899999902, -6.66526129999994 ], [ -42.381031199999903, -6.66420689999995 ], [ -42.380629, -6.66325049999995 ], [ -42.379958799999898, -6.662407 ], [ -42.3785242, -6.66171549999996 ], [ -42.3771475, -6.66158279999996 ], [ -42.3749536, -6.661579 ], [ -42.3733106, -6.66124959999996 ], [ -42.3741112, -6.676845 ], [ -42.3732681, -6.67684149999997 ], [ -42.372495899999898, -6.67655949999994 ], [ -42.3708166, -6.67626889999997 ], [ -42.3696864, -6.67646969999993 ], [ -42.367854899999898, -6.677584 ], [ -42.362721, -6.67924409999995 ], [ -42.362087099999897, -6.679873 ], [ -42.3618036, -6.68037779999997 ], [ -42.361560499999896, -6.68135069999994 ], [ -42.3615195, -6.68283439999993 ], [ -42.3618628, -6.68444129999995 ], [ -42.362201899999903, -6.68542679999996 ], [ -42.362267, -6.68795519999998 ], [ -42.362617999999898, -6.68893659999998 ], [ -42.363866, -6.690919 ], [ -42.364678399999903, -6.69393549999995 ], [ -42.3645923, -6.694772 ], [ -42.364228899999901, -6.69547259999996 ], [ -42.362955999999897, -6.69701639999994 ], [ -42.3612022, -6.69982439999995 ], [ -42.3608024, -6.70166489999997 ], [ -42.3611634, -6.70290789999996 ], [ -42.3637735, -6.70602909999997 ], [ -42.364864, -6.70714649999996 ], [ -42.3655348, -6.70806789999995 ], [ -42.3657555999999, -6.70885569999996 ], [ -42.3657875, -6.70990059999997 ], [ -42.365656, -6.71138219999995 ], [ -42.365255299999902, -6.71276709999995 ], [ -42.364866699999901, -6.71365149999997 ], [ -42.3635374999999, -6.71470989999995 ], [ -42.3629116, -6.71541419999994 ], [ -42.362515, -6.71603069999998 ], [ -42.3621055999999, -6.71702629999993 ], [ -42.3605451, -6.718557 ], [ -42.359677099999899, -6.71924849999994 ], [ -42.3588326, -6.71975 ], [ -42.3577958, -6.72001209999996 ], [ -42.356934599999903, -6.72060539999995 ], [ -42.3559443, -6.72085269999997 ], [ -42.355100299999897, -6.72084809999996 ], [ -42.354273299999903, -6.72040159999995 ], [ -42.353543699999904, -6.72022769999995 ], [ -42.352557299999901, -6.72027389999994 ], [ -42.352008, -6.72009089999995 ], [ -42.3516719, -6.71980829999995 ], [ -42.351393899999898, -6.71940919999997 ], [ -42.350124999999899, -6.71893909999994 ], [ -42.3495106, -6.71894159999994 ], [ -42.3493414, -6.71905379999993 ], [ -42.3487802, -6.71981359999995 ], [ -42.3472295, -6.72086309999997 ], [ -42.345979199999903, -6.721348 ], [ -42.3440876, -6.72261289999994 ], [ -42.3431272999999, -6.72300089999993 ], [ -42.3419974, -6.72322179999998 ], [ -42.340274399999899, -6.72480879999995 ], [ -42.338583399999898, -6.72551819999995 ], [ -42.3370419, -6.72682229999998 ], [ -42.336195599999897, -6.72731919999995 ], [ -42.3356873, -6.72787629999993 ], [ -42.3348399, -6.72954309999994 ], [ -42.3338416, -6.73150319999996 ], [ -42.332583499999899, -6.734324 ], [ -42.331413199999901, -6.738298 ], [ -42.331119999999899, -6.73998129999995 ], [ -42.331319999999899, -6.74076319999995 ], [ -42.3316649, -6.741467 ], [ -42.3319408999999, -6.74265749999995 ], [ -42.332984399999901, -6.74421339999998 ], [ -42.3333315, -6.74519819999995 ], [ -42.3335345, -6.74660149999994 ], [ -42.3333092, -6.74850519999995 ], [ -42.3328084, -6.74941779999995 ], [ -42.3323275, -6.75002959999995 ], [ -42.3312645, -6.75088029999995 ], [ -42.3306262, -6.75268659999995 ], [ -42.3299861, -6.753112 ], [ -42.3287973, -6.75414939999996 ], [ -42.327795799999897, -6.75604459999994 ], [ -42.326525199999899, -6.75709779999994 ], [ -42.3256605999999, -6.75856639999995 ], [ -42.324936599999901, -6.75876119999998 ], [ -42.3226102, -6.7591 ], [ -42.3207715, -6.759476 ], [ -42.3187235, -6.76027239999996 ], [ -42.318091099999897, -6.76060049999995 ], [ -42.3177279, -6.76128589999996 ], [ -42.317769199999901, -6.76200639999996 ], [ -42.3181137999999, -6.76320119999997 ], [ -42.3183392, -6.76668759999995 ], [ -42.3189467, -6.76964319999996 ], [ -42.3196474, -6.77152429999995 ], [ -42.334040199999897, -6.79917609999995 ], [ -42.359260699999901, -6.80514579999993 ], [ -42.359961199999901, -6.80541239999997 ] ] ] ] } },
{ "type": "Feature", "properties": { "CD_MUN": "2202133", "NM_MUN": "Campo Grande do Piauí", "CD_RGI": "220009", "NM_RGI": "Picos", "CD_RGINT": "2203", "NM_RGINT": "Picos", "CD_UF": "22", "NM_UF": "Piauí", "SIGLA_UF": "PI", "CD_REGIAO": "2", "NM_REGIAO": "Nordeste", "SIGLA_RG": "NE", "CD_CONCURB": null, "NM_CONCURB": null, "AREA_KM2": 311.682 }, "geometry": { "type": "MultiPolygon", "coordinates": [ [ [ [ -41.0849241, -7.28432819999995 ], [ -41.0849936, -7.28437589999993 ], [ -41.098810399999898, -7.27574709999993 ], [ -41.1056778, -7.27140859999997 ], [ -41.133793, -7.27389 ], [ -41.133712, -7.27335 ], [ -41.13398, -7.272156 ], [ -41.1344, -7.271356 ], [ -41.134538, -7.270743 ], [ -41.135053, -7.269577 ], [ -41.135284, -7.269382 ], [ -41.135987999999898, -7.267901 ], [ -41.136205, -7.267307 ], [ -41.136857, -7.266532 ], [ -41.137149, -7.266064 ], [ -41.137355, -7.264703 ], [ -41.13769, -7.26415 ], [ -41.138119, -7.263724 ], [ -41.139859, -7.263116 ], [ -41.142426, -7.262138 ], [ -41.14446, -7.261576 ], [ -41.144964, -7.261319 ], [ -41.146719, -7.259996 ], [ -41.146917, -7.259783 ], [ -41.146538, -7.258895 ], [ -41.146276, -7.258027 ], [ -41.145611, -7.255734 ], [ -41.145508999999898, -7.255468 ], [ -41.144805, -7.254838 ], [ -41.143157, -7.253409 ], [ -41.142075, -7.252144 ], [ -41.141963, -7.251867 ], [ -41.14213, -7.250514 ], [ -41.14228, -7.249528 ], [ -41.1424, -7.248447 ], [ -41.142532, -7.247314 ], [ -41.1425062, -7.24705139999998 ], [ -41.142429, -7.246267 ], [ -41.142801, -7.228533 ], [ -41.142907, -7.224045 ], [ -41.142986, -7.218859 ], [ -41.143059, -7.216604 ], [ -41.143009999999897, -7.215743 ], [ -41.143002, -7.214637 ], [ -41.143033, -7.212471 ], [ -41.143016, -7.21094 ], [ -41.143114, -7.210374 ], [ -41.1432407, -7.20649679999997 ], [ -41.143308499999897, -7.18290049999996 ], [ -41.1433575, -7.16583589999993 ], [ -41.131654, -7.122107 ], [ -41.126022799999902, -7.12273769999996 ], [ -41.1221062, -7.12317629999995 ], [ -41.1201333, -7.12339209999993 ], [ -41.104979399999898, -7.12503029999993 ], [ -41.103724, -7.125166 ], [ -41.0661729, -7.069801 ], [ -41.065646399999899, -7.06995609999996 ], [ -41.0552858, -7.07300859999998 ], [ -41.040234499999897, -7.07724779999995 ], [ -41.0352968, -7.07852079999998 ], [ -41.0312244, -7.07971419999996 ], [ -41.0312129, -7.07971759999998 ], [ -41.0311801, -7.07972719999998 ], [ -41.029145099999901, -7.08032349999996 ], [ -41.0117397, -7.08542139999997 ], [ -41.001119, -7.088844 ], [ -41.000526299999898, -7.10687229999996 ], [ -40.9984828, -7.12950159999997 ], [ -40.9977592, -7.13581329999994 ], [ -40.997658, -7.13669419999997 ], [ -40.9976465, -7.13679459999997 ], [ -40.9975866, -7.137316 ], [ -40.997059299999897, -7.15791089999993 ], [ -40.9916006999999, -7.19931639999993 ], [ -40.9914606, -7.20037939999997 ], [ -40.9800582, -7.21594669999996 ], [ -40.9801638, -7.216541 ], [ -40.980303499999899, -7.21704389999996 ], [ -40.980429199999897, -7.21749089999997 ], [ -40.980485, -7.21799369999997 ], [ -40.9805549, -7.21858039999995 ], [ -40.9805689, -7.21932069999997 ], [ -40.9805549, -7.21985139999992 ], [ -40.980764399999899, -7.22045209999993 ], [ -40.9811136, -7.22095489999998 ], [ -40.9814069, -7.22137389999995 ], [ -40.9816025, -7.22187679999996 ], [ -40.9816863, -7.22246339999998 ], [ -40.9816863, -7.22313389999994 ], [ -40.9817141999999, -7.22411169999998 ], [ -40.9816584, -7.22514529999995 ], [ -40.9817141999999, -7.22587159999995 ], [ -40.981798, -7.22682139999995 ], [ -40.9819936, -7.22751979999992 ], [ -40.9824406, -7.22827409999996 ], [ -40.9829993, -7.22911219999997 ], [ -40.983446199999896, -7.22972679999998 ], [ -40.9838094, -7.23022959999997 ], [ -40.9844519, -7.23106769999993 ], [ -40.9852341, -7.23162639999993 ], [ -40.9857648999999, -7.23235269999998 ], [ -40.986044299999897, -7.23305109999995 ], [ -40.9861281, -7.23422439999996 ], [ -40.9861002, -7.23520219999995 ], [ -40.986044299999897, -7.23606819999998 ], [ -40.9861281, -7.23654309999995 ], [ -40.9865751, -7.237018 ], [ -40.987161699999902, -7.23749289999995 ], [ -40.9878601, -7.23816339999996 ], [ -40.988670199999902, -7.23886179999994 ], [ -40.989061299999896, -7.23942049999994 ], [ -40.9892848, -7.240091 ], [ -40.989229, -7.24098489999994 ], [ -40.989201, -7.24185089999997 ], [ -40.989256899999901, -7.24274489999993 ], [ -40.989480399999898, -7.24347119999993 ], [ -40.989648, -7.24436509999992 ], [ -40.9897597, -7.24520319999993 ], [ -40.9899832, -7.24632059999993 ], [ -40.9901229, -7.24715869999994 ], [ -40.990318499999901, -7.248332 ], [ -40.9905699, -7.24889069999995 ], [ -40.9909051, -7.24953329999994 ], [ -40.9915197, -7.25031549999994 ], [ -40.9917153, -7.25079039999997 ], [ -40.9917991, -7.25207539999997 ], [ -40.991669199999897, -7.25247939999997 ], [ -40.992048, -7.252877 ], [ -40.99219, -7.252894 ], [ -40.992306, -7.252813 ], [ -40.99267, -7.252724 ], [ -40.992778, -7.252575 ], [ -40.992798999999899, -7.25246 ], [ -40.992735, -7.252345 ], [ -40.992829, -7.252111 ], [ -40.993313999999899, -7.251707 ], [ -40.99355, -7.251648 ], [ -40.993752, -7.251652 ], [ -40.993991999999899, -7.251775 ], [ -40.994065, -7.251754 ], [ -40.994185, -7.25138 ], [ -40.994211, -7.250865 ], [ -40.994368999999899, -7.250542 ], [ -40.995012, -7.250176 ], [ -40.995539999999899, -7.249937 ], [ -40.995692, -7.249652 ], [ -40.996005, -7.248963 ], [ -40.996202, -7.248903 ], [ -40.996653, -7.24912 ], [ -40.996896999999898, -7.249363 ], [ -40.996845999999898, -7.249712 ], [ -40.99667, -7.250086 ], [ -40.996679, -7.250341 ], [ -40.996786, -7.250478 ], [ -40.996945, -7.250431 ], [ -40.997108, -7.250197 ], [ -40.997357, -7.250044 ], [ -40.997863, -7.249831 ], [ -40.998288, -7.24975 ], [ -40.998545, -7.249874 ], [ -40.998807, -7.250218 ], [ -40.998939999999898, -7.250593 ], [ -40.999125, -7.250801 ], [ -40.999660999999897, -7.250967 ], [ -41.00022, -7.251258 ], [ -41.000933, -7.251407 ], [ -41.00128, -7.251543 ], [ -41.001379, -7.251862 ], [ -41.001146999999897, -7.252165 ], [ -41.000878, -7.252363 ], [ -41.000444, -7.252912 ], [ -41.000376, -7.253078 ], [ -41.000466, -7.253206 ], [ -41.00062, -7.253269 ], [ -41.000951, -7.25321 ], [ -41.001213, -7.253035 ], [ -41.001508999999899, -7.252912 ], [ -41.00238, -7.252563 ], [ -41.003187, -7.252384 ], [ -41.003526, -7.25235 ], [ -41.003564, -7.252572 ], [ -41.003453, -7.252733 ], [ -41.003232, -7.253098 ], [ -41.003312999999899, -7.253221 ], [ -41.003588, -7.25334 ], [ -41.004004, -7.253608 ], [ -41.004339, -7.253557 ], [ -41.004627, -7.253583 ], [ -41.004648, -7.253766 ], [ -41.004536, -7.253855 ], [ -41.004429, -7.254004 ], [ -41.004536, -7.254119 ], [ -41.004837, -7.254123 ], [ -41.00518, -7.254034 ], [ -41.005729, -7.253868 ], [ -41.006372999999897, -7.253557 ], [ -41.006631, -7.253561 ], [ -41.006704, -7.253698 ], [ -41.006854, -7.253974 ], [ -41.00694, -7.254591 ], [ -41.007081, -7.254719 ], [ -41.007230999999898, -7.254591 ], [ -41.00733, -7.254197 ], [ -41.007506, -7.254014 ], [ -41.007734, -7.253929 ], [ -41.007944, -7.253989 ], [ -41.008317, -7.254087 ], [ -41.008553, -7.254044 ], [ -41.008695, -7.253921 ], [ -41.008738, -7.253568 ], [ -41.00854, -7.253121 ], [ -41.008592, -7.25284 ], [ -41.008845, -7.252759 ], [ -41.009008, -7.25304 ], [ -41.009163, -7.253299 ], [ -41.009789, -7.253474 ], [ -41.010179999999899, -7.253631 ], [ -41.010484, -7.253708 ], [ -41.011253, -7.25372 ], [ -41.012211, -7.253235 ], [ -41.012434, -7.252984 ], [ -41.012644, -7.252963 ], [ -41.013142, -7.253061 ], [ -41.013404, -7.252976 ], [ -41.013451, -7.252899 ], [ -41.013407, -7.252573 ], [ -41.013446, -7.25233 ], [ -41.013836, -7.251964 ], [ -41.014381, -7.251365 ], [ -41.014737, -7.251203 ], [ -41.015115, -7.251211 ], [ -41.015373, -7.251403 ], [ -41.015639, -7.25142 ], [ -41.016011999999897, -7.25142 ], [ -41.016551, -7.251784 ], [ -41.017237, -7.251962 ], [ -41.017413, -7.251886 ], [ -41.01746, -7.25169 ], [ -41.01728, -7.251392 ], [ -41.017332, -7.251192 ], [ -41.017525, -7.251086 ], [ -41.017851, -7.251273 ], [ -41.018034999999898, -7.251596 ], [ -41.018074, -7.251996 ], [ -41.018172999999898, -7.252107 ], [ -41.018468, -7.252185 ], [ -41.018644, -7.252385 ], [ -41.018687, -7.252623 ], [ -41.018725, -7.252878 ], [ -41.018819999999899, -7.253036 ], [ -41.01903, -7.253155 ], [ -41.019077, -7.253342 ], [ -41.01912, -7.253444 ], [ -41.019346, -7.253436 ], [ -41.019475, -7.253525 ], [ -41.019488, -7.253666 ], [ -41.019351, -7.253781 ], [ -41.019359, -7.253955 ], [ -41.019517999999898, -7.254053 ], [ -41.019977, -7.2543 ], [ -41.02054, -7.254376 ], [ -41.020857, -7.254168 ], [ -41.021158, -7.254015 ], [ -41.021501, -7.253968 ], [ -41.021582, -7.25413 ], [ -41.021578, -7.254483 ], [ -41.021574, -7.25487 ], [ -41.021677, -7.255415 ], [ -41.021608, -7.255563 ], [ -41.021414999999898, -7.255649 ], [ -41.021179, -7.256042 ], [ -41.021093, -7.256229 ], [ -41.021175, -7.256378 ], [ -41.021414999999898, -7.256446 ], [ -41.022033, -7.256459 ], [ -41.022255, -7.256483 ], [ -41.022405, -7.256662 ], [ -41.022551, -7.25679 ], [ -41.022822, -7.256773 ], [ -41.023161, -7.256645 ], [ -41.023324, -7.256636 ], [ -41.023628, -7.256926 ], [ -41.023598, -7.257147 ], [ -41.023465, -7.257458 ], [ -41.023525, -7.257649 ], [ -41.023714, -7.257938 ], [ -41.023834, -7.258198 ], [ -41.023929, -7.258517 ], [ -41.024075, -7.258653 ], [ -41.02455, -7.258807 ], [ -41.025207, -7.25913 ], [ -41.025498, -7.259288 ], [ -41.02582, -7.259288 ], [ -41.026245, -7.259232 ], [ -41.026438, -7.25899 ], [ -41.026657, -7.258539 ], [ -41.026893, -7.258428 ], [ -41.027228, -7.25839 ], [ -41.027337, -7.258203 ], [ -41.027389, -7.257926 ], [ -41.027548, -7.257867 ], [ -41.028013, -7.25802 ], [ -41.028501999999897, -7.258445 ], [ -41.028751, -7.258564 ], [ -41.029215, -7.258603 ], [ -41.029455, -7.258603 ], [ -41.029665, -7.258683 ], [ -41.029832999999897, -7.258688 ], [ -41.030017, -7.25859 ], [ -41.030159, -7.258628 ], [ -41.030791, -7.25904 ], [ -41.031199, -7.259167 ], [ -41.032378999999899, -7.259359 ], [ -41.032623, -7.259325 ], [ -41.032752, -7.258857 ], [ -41.032941, -7.258665 ], [ -41.033276, -7.25855 ], [ -41.033614999999898, -7.258401 ], [ -41.033794999999898, -7.258095 ], [ -41.033902, -7.257776 ], [ -41.034357, -7.257589 ], [ -41.035234, -7.257309 ], [ -41.035547, -7.257275 ], [ -41.036109, -7.257181 ], [ -41.036347, -7.257193 ], [ -41.036518999999899, -7.257227 ], [ -41.036712, -7.257168 ], [ -41.036892, -7.256866 ], [ -41.036871, -7.256636 ], [ -41.036781, -7.256542 ], [ -41.036664, -7.256383 ], [ -41.036668, -7.256226 ], [ -41.036744999999897, -7.25614 ], [ -41.036956, -7.256115 ], [ -41.037308, -7.256157 ], [ -41.037432, -7.256251 ], [ -41.037484, -7.256455 ], [ -41.03766, -7.256494 ], [ -41.037801, -7.256345 ], [ -41.038059, -7.256043 ], [ -41.038196, -7.255694 ], [ -41.038179, -7.255485 ], [ -41.038247, -7.255358 ], [ -41.038428, -7.255328 ], [ -41.038744999999899, -7.255285 ], [ -41.039181, -7.255398 ], [ -41.039524, -7.255671 ], [ -41.040425, -7.256092 ], [ -41.040636, -7.2561 ], [ -41.041061, -7.255918 ], [ -41.042487499999901, -7.26902369999993 ], [ -41.042537799999899, -7.26948109999995 ], [ -41.043393599999902, -7.276888 ], [ -41.0673196, -7.27224079999996 ], [ -41.0849241, -7.28432819999995 ] ] ] ] } },
{ "type": "Feature", "properties": { "CD_MUN": "2210201", "NM_MUN": "São José do Piauí", "CD_RGI": "220009", "NM_RGI": "Picos", "CD_RGINT": "2203", "NM_RGINT": "Picos", "CD_UF": "22", "NM_UF": "Piauí", "SIGLA_UF": "PI", "CD_REGIAO": "2", "NM_REGIAO": "Nordeste", "SIGLA_RG": "NE", "CD_CONCURB": null, "NM_CONCURB": null, "AREA_KM2": 373.347 }, "geometry": { "type": "MultiPolygon", "coordinates": [ [ [ [ -41.3980814, -6.85175429999993 ], [ -41.3968848, -6.86122869999997 ], [ -41.3982162, -6.86286949999993 ], [ -41.3984836999999, -6.86319919999994 ], [ -41.3985162, -6.86323929999998 ], [ -41.4010835999999, -6.86640329999994 ], [ -41.4014248, -6.86682369999994 ], [ -41.411490899999897, -6.879229 ], [ -41.4117055, -6.88201519999996 ], [ -41.4103855, -6.88526429999996 ], [ -41.408453199999897, -6.88893409999997 ], [ -41.4106901, -6.89440249999996 ], [ -41.412111599999903, -6.89887009999995 ], [ -41.411809499999897, -6.90057869999993 ], [ -41.4115075, -6.90228739999998 ], [ -41.414836799999897, -6.90314169999994 ], [ -41.4155939, -6.90333589999995 ], [ -41.416350899999898, -6.90353019999998 ], [ -41.4180173, -6.90395779999994 ], [ -41.4357158, -6.90849919999994 ], [ -41.4361536, -6.90875409999995 ], [ -41.441875799999899, -6.912086 ], [ -41.4419152, -6.91210889999996 ], [ -41.442000499999899, -6.91215859999994 ], [ -41.4954357, -6.91175919999995 ], [ -41.4957097, -6.91175429999993 ], [ -41.495739, -6.911757 ], [ -41.495892, -6.91175579999998 ], [ -41.509588699999902, -6.91165349999994 ], [ -41.517065499999902, -6.90744449999994 ], [ -41.517704799999898, -6.90708469999993 ], [ -41.582435099999898, -6.87062459999993 ], [ -41.6079283, -6.83920249999994 ], [ -41.6066005, -6.83353089999997 ], [ -41.5900756999999, -6.80889729999996 ], [ -41.5900234, -6.808819 ], [ -41.589878199999902, -6.80860269999994 ], [ -41.5858142, -6.80254569999994 ], [ -41.5682393, -6.77635179999993 ], [ -41.565576, -6.77238239999997 ], [ -41.5427127, -6.73831339999998 ], [ -41.5085743, -6.74189369999993 ], [ -41.5068419, -6.74207539999998 ], [ -41.479623499999903, -6.74492989999993 ], [ -41.480156599999901, -6.74173319999994 ], [ -41.4837439, -6.72566569999998 ], [ -41.4839439, -6.72477009999994 ], [ -41.4932229, -6.68320949999998 ], [ -41.4952992999999, -6.66777369999994 ], [ -41.480652099999901, -6.66886439999996 ], [ -41.4417311, -6.67100489999996 ], [ -41.4446206, -6.68785859999997 ], [ -41.4447048, -6.68834939999994 ], [ -41.4482944, -6.70280909999997 ], [ -41.4495315, -6.70779259999995 ], [ -41.4583248, -6.74322159999997 ], [ -41.4581195, -6.74325089999996 ], [ -41.4575399, -6.74333269999994 ], [ -41.4574888, -6.74334039999997 ], [ -41.4254883, -6.74785159999993 ], [ -41.404370399999898, -6.77792679999993 ], [ -41.4150586, -6.79765479999998 ], [ -41.415036299999898, -6.79770679999996 ], [ -41.414971599999902, -6.79785749999996 ], [ -41.402101199999898, -6.82782439999994 ], [ -41.400681, -6.83113109999994 ], [ -41.3981017, -6.85158079999997 ], [ -41.3980814, -6.85175429999993 ] ] ] ] } },
{ "type": "Feature", "properties": { "CD_MUN": "2209500", "NM_MUN": "Santo Inácio do Piauí", "CD_RGI": "220011", "NM_RGI": "Oeiras", "CD_RGINT": "2203", "NM_RGINT": "Picos", "CD_UF": "22", "NM_UF": "Piauí", "SIGLA_UF": "PI", "CD_REGIAO": "2", "NM_REGIAO": "Nordeste", "SIGLA_RG": "NE", "CD_CONCURB": null, "NM_CONCURB": null, "AREA_KM2": 845.492 }, "geometry": { "type": "MultiPolygon", "coordinates": [ [ [ [ -42.2185147, -7.43800519999996 ], [ -42.1881327, -7.44005449999997 ], [ -42.120019399999897, -7.40622859999996 ], [ -42.119188999999899, -7.40581619999995 ], [ -42.045691299999902, -7.36931629999998 ], [ -42.045529, -7.36923569999993 ], [ -42.0453912, -7.36916729999996 ], [ -42.0395138, -7.36624959999995 ], [ -42.0394615, -7.36622209999996 ], [ -41.996544399999898, -7.34369739999994 ], [ -41.978673899999897, -7.33431829999995 ], [ -41.9659419, -7.327636 ], [ -41.9554171, -7.31920229999997 ], [ -41.9379832, -7.30523209999996 ], [ -41.935301, -7.304874 ], [ -41.9324194, -7.30489269999993 ], [ -41.9301674, -7.30563849999993 ], [ -41.9277015, -7.30655689999998 ], [ -41.9215804, -7.30883709999995 ], [ -41.9214181, -7.30889689999998 ], [ -41.9211592999999, -7.30899329999994 ], [ -41.9199108, -7.30872359999995 ], [ -41.918035, -7.30755569999997 ], [ -41.9135027, -7.305675 ], [ -41.91136, -7.306036 ], [ -41.9097078, -7.30722419999995 ], [ -41.9048245, -7.30847659999995 ], [ -41.9039387, -7.30870379999993 ], [ -41.9033127, -7.30886439999995 ], [ -41.8988676, -7.31000439999997 ], [ -41.873064199999902, -7.31012419999996 ], [ -41.8419395, -7.33203509999993 ], [ -41.836645099999899, -7.35690639999996 ], [ -41.8364195999999, -7.35695159999995 ], [ -41.8573952, -7.40622179999997 ], [ -41.8618554, -7.41670039999997 ], [ -41.861185099999901, -7.41737709999995 ], [ -41.860888499999902, -7.418916 ], [ -41.8609013, -7.42096479999998 ], [ -41.8605970999999, -7.42137789999992 ], [ -41.860091, -7.42240409999994 ], [ -41.857547899999901, -7.42508369999996 ], [ -41.856535, -7.42683169999998 ], [ -41.8548041, -7.42868609999994 ], [ -41.8540978999999, -7.43012549999997 ], [ -41.859494, -7.46432 ], [ -41.86006, -7.46466 ], [ -41.86339, -7.46574 ], [ -41.864043, -7.466293 ], [ -41.865759, -7.468156 ], [ -41.865622, -7.468403 ], [ -41.864807, -7.468199 ], [ -41.863983, -7.467756 ], [ -41.863605, -7.467799 ], [ -41.86339, -7.468309 ], [ -41.862949, -7.469527 ], [ -41.862709, -7.470514 ], [ -41.862408, -7.472467 ], [ -41.862195, -7.473722 ], [ -41.861388, -7.474794 ], [ -41.861552, -7.476154 ], [ -41.862511, -7.479372 ], [ -41.862845, -7.480018 ], [ -41.863257, -7.480639 ], [ -41.863446, -7.481235 ], [ -41.863352, -7.482298 ], [ -41.863247, -7.482984 ], [ -41.86332, -7.483558 ], [ -41.86362, -7.484311 ], [ -41.864139, -7.485021 ], [ -41.864766, -7.485506 ], [ -41.865118, -7.485922 ], [ -41.865212, -7.486339 ], [ -41.865032, -7.487134 ], [ -41.864826, -7.487783 ], [ -41.864629, -7.48794 ], [ -41.864538, -7.488238 ], [ -41.864556, -7.488684 ], [ -41.864581, -7.489114 ], [ -41.864534, -7.489526 ], [ -41.864508, -7.489875 ], [ -41.86447, -7.490334 ], [ -41.864607, -7.490641 ], [ -41.864865, -7.490738 ], [ -41.865113, -7.490607 ], [ -41.865276999999899, -7.490101 ], [ -41.865513, -7.48968 ], [ -41.865992999999897, -7.489467 ], [ -41.866298, -7.489433 ], [ -41.866616, -7.489531 ], [ -41.866847, -7.490126 ], [ -41.8668, -7.490385 ], [ -41.866547, -7.490676 ], [ -41.865955, -7.491143 ], [ -41.864821999999897, -7.491458 ], [ -41.864118, -7.491696 ], [ -41.863646, -7.491773 ], [ -41.863328, -7.492062 ], [ -41.86277, -7.493048 ], [ -41.862375, -7.493754 ], [ -41.862324, -7.494171 ], [ -41.862178, -7.494747 ], [ -41.862105, -7.495027 ], [ -41.862101, -7.495172 ], [ -41.862242, -7.495338 ], [ -41.862254999999898, -7.495512 ], [ -41.862152, -7.495691 ], [ -41.861843, -7.49581 ], [ -41.861533999999899, -7.495805 ], [ -41.861353999999899, -7.495852 ], [ -41.861281, -7.495988 ], [ -41.861353999999899, -7.496578 ], [ -41.861191, -7.497654 ], [ -41.861221, -7.497918 ], [ -41.861601, -7.498578 ], [ -41.861597, -7.498748 ], [ -41.861236, -7.499326 ], [ -41.86085, -7.49956 ], [ -41.860219, -7.500241 ], [ -41.859229, -7.501115 ], [ -41.8581816, -7.50155019999994 ], [ -41.858087, -7.501596 ], [ -41.857963, -7.501749 ], [ -41.8579041, -7.50203109999995 ], [ -41.857926, -7.50234 ], [ -41.8578026, -7.50367879999993 ], [ -41.8587307, -7.50464539999996 ], [ -41.8595055, -7.505614 ], [ -41.8598718, -7.506738 ], [ -41.860082799999901, -7.50771009999994 ], [ -41.860601899999899, -7.50878239999997 ], [ -41.8616468, -7.50981479999996 ], [ -41.8623651, -7.50990589999998 ], [ -41.8631872, -7.50963649999994 ], [ -41.8638088, -7.50986249999994 ], [ -41.8644907, -7.51070849999996 ], [ -41.864445799999899, -7.51106189999996 ], [ -41.8647043, -7.511409 ], [ -41.8654337, -7.51177139999993 ], [ -41.8658126999999, -7.51224149999996 ], [ -41.8663571, -7.51243839999995 ], [ -41.866574, -7.51280219999995 ], [ -41.8666299, -7.51327479999998 ], [ -41.8670341, -7.51359539999993 ], [ -41.866920299999897, -7.51422419999994 ], [ -41.866527899999902, -7.51466689999995 ], [ -41.8661911, -7.51529729999993 ], [ -41.8657974, -7.515935 ], [ -41.8651914, -7.51591739999998 ], [ -41.864959499999898, -7.51575469999995 ], [ -41.8652137999999, -7.51535719999993 ], [ -41.8652307999999, -7.51493269999997 ], [ -41.8647265, -7.51475459999995 ], [ -41.8643494, -7.51522989999995 ], [ -41.8640164, -7.51571809999996 ], [ -41.863518999999897, -7.516572 ], [ -41.863450999999898, -7.51681 ], [ -41.863528, -7.517201 ], [ -41.86382, -7.517593 ], [ -41.86442, -7.517754 ], [ -41.865073, -7.518009 ], [ -41.865382, -7.518273 ], [ -41.865723, -7.519116 ], [ -41.865963, -7.519494 ], [ -41.866113, -7.519694 ], [ -41.866158, -7.519936 ], [ -41.866025, -7.520131 ], [ -41.865994999999899, -7.520301 ], [ -41.866020999999897, -7.520433 ], [ -41.866167, -7.520565 ], [ -41.866283, -7.520671 ], [ -41.866347, -7.520892 ], [ -41.866373, -7.521683 ], [ -41.866219, -7.522878 ], [ -41.86603, -7.52381 ], [ -41.86553, -7.524807 ], [ -41.865344999999898, -7.525135 ], [ -41.864719, -7.525645 ], [ -41.864393, -7.525883 ], [ -41.864199, -7.525923 ], [ -41.864041, -7.525812 ], [ -41.86374, -7.525889 ], [ -41.863414, -7.526118 ], [ -41.863281, -7.52631 ], [ -41.863397, -7.526637 ], [ -41.863791999999897, -7.526786 ], [ -41.864384, -7.526939 ], [ -41.864556, -7.527011 ], [ -41.864652, -7.527248 ], [ -41.864708, -7.52741 ], [ -41.864579, -7.52775 ], [ -41.864511, -7.527903 ], [ -41.86445, -7.528388 ], [ -41.864455, -7.528596 ], [ -41.864335, -7.528745 ], [ -41.864249, -7.528915 ], [ -41.864296, -7.529272 ], [ -41.864471, -7.529455 ], [ -41.864909, -7.529489 ], [ -41.865123, -7.529447 ], [ -41.865291, -7.529413 ], [ -41.865492, -7.529502 ], [ -41.86563, -7.529727 ], [ -41.865604, -7.530131 ], [ -41.865431999999899, -7.530586 ], [ -41.864887, -7.530871 ], [ -41.864359, -7.531139 ], [ -41.864007, -7.531233 ], [ -41.863668, -7.531165 ], [ -41.863174, -7.530766 ], [ -41.863011, -7.530468 ], [ -41.863019, -7.530026 ], [ -41.862907999999898, -7.529601 ], [ -41.862572999999898, -7.529371 ], [ -41.86229, -7.529499 ], [ -41.861689, -7.53046 ], [ -41.861671999999899, -7.530902 ], [ -41.861655, -7.531276 ], [ -41.861449999999898, -7.531624 ], [ -41.861175, -7.531892 ], [ -41.860896, -7.532279 ], [ -41.860706999999898, -7.532598 ], [ -41.860681, -7.533134 ], [ -41.860741, -7.533538 ], [ -41.860551, -7.534205 ], [ -41.860469, -7.534468 ], [ -41.860503, -7.534885 ], [ -41.860628, -7.535149 ], [ -41.860654, -7.535293 ], [ -41.860714, -7.535382 ], [ -41.8605173999999, -7.53566619999998 ], [ -41.861244999999897, -7.535907 ], [ -41.861858299999902, -7.53610609999993 ], [ -41.864594899999901, -7.536997 ], [ -41.8673305, -7.53633269999995 ], [ -41.8894518, -7.530961 ], [ -41.8932328, -7.53470679999998 ], [ -41.8935367, -7.53500789999993 ], [ -41.8966022, -7.53605649999997 ], [ -41.897932899999901, -7.53732939999998 ], [ -41.8984383, -7.53803309999995 ], [ -41.899814999999897, -7.53995039999995 ], [ -41.9021827, -7.54185669999993 ], [ -41.9048041, -7.54440809999994 ], [ -41.907126199999901, -7.54779129999997 ], [ -41.909733, -7.55039039999997 ], [ -41.9140768, -7.55116839999994 ], [ -41.919232, -7.54981519999995 ], [ -41.921532699999901, -7.55001579999993 ], [ -41.9224664, -7.55009719999993 ], [ -41.9256553, -7.55149379999995 ], [ -41.9299003, -7.55508459999993 ], [ -41.9448254, -7.55317729999996 ], [ -41.957292299999899, -7.53867309999993 ], [ -41.9627895, -7.53227749999996 ], [ -41.986005299999903, -7.53828669999996 ], [ -41.9899955, -7.53931949999998 ], [ -42.0063835999999, -7.53929469999997 ], [ -42.0066116, -7.53937769999993 ], [ -42.008551699999899, -7.54008409999994 ], [ -42.012622099999902, -7.54156629999994 ], [ -42.0190258, -7.543898 ], [ -42.0214781, -7.54490019999997 ], [ -42.046109499999901, -7.55492279999993 ], [ -42.060572, -7.58192419999995 ], [ -42.1472929, -7.60474719999996 ], [ -42.2163535, -7.62292239999994 ], [ -42.1703802, -7.52149449999996 ], [ -42.2185147, -7.43800519999996 ] ] ] ] } },
{ "type": "Feature", "properties": { "CD_MUN": "2209401", "NM_MUN": "Santo Antônio de Lisboa", "CD_RGI": "220009", "NM_RGI": "Picos", "CD_RGINT": "2203", "NM_RGINT": "Picos", "CD_UF": "22", "NM_UF": "Piauí", "SIGLA_UF": "PI", "CD_REGIAO": "2", "NM_REGIAO": "Nordeste", "SIGLA_RG": "NE", "CD_CONCURB": null, "NM_CONCURB": null, "AREA_KM2": 376.353 }, "geometry": { "type": "MultiPolygon", "coordinates": [ [ [ [ -41.2195224, -7.11237259999996 ], [ -41.224038, -7.111872 ], [ -41.226304099999901, -7.11162389999993 ], [ -41.232783599999898, -7.11091459999994 ], [ -41.254365999999898, -7.07892929999997 ], [ -41.254475199999902, -7.07876759999994 ], [ -41.27244, -7.05824529999995 ], [ -41.2724661, -7.05821539999994 ], [ -41.287874499999901, -7.04060269999997 ], [ -41.317272, -7.00699949999995 ], [ -41.3112042, -6.98977459999998 ], [ -41.3108925, -6.98960249999993 ], [ -41.3100292, -6.989126 ], [ -41.309713499999901, -6.98895179999994 ], [ -41.28896, -6.97749649999997 ], [ -41.2889125, -6.97713079999994 ], [ -41.288903699999899, -6.97700279999998 ], [ -41.2888672, -6.97688849999997 ], [ -41.2888108, -6.97676219999994 ], [ -41.2886996, -6.97661519999997 ], [ -41.2885899, -6.97649789999997 ], [ -41.2886139, -6.97644239999994 ], [ -41.2886811, -6.97639239999995 ], [ -41.288733099999902, -6.97635409999998 ], [ -41.2887165, -6.97633229999997 ], [ -41.288570999999898, -6.97635239999994 ], [ -41.2884935, -6.97631289999993 ], [ -41.2884797, -6.97626349999996 ], [ -41.288491099999902, -6.976228 ], [ -41.2885272, -6.97619709999998 ], [ -41.2885477, -6.97616459999995 ], [ -41.288585699999899, -6.976139 ], [ -41.2886023, -6.97599929999996 ], [ -41.288641299999902, -6.97593509999996 ], [ -41.288670099999898, -6.97579309999998 ], [ -41.2886483999999, -6.97572049999997 ], [ -41.2885989, -6.97557539999997 ], [ -41.2886137, -6.97546539999996 ], [ -41.2886626, -6.97537089999997 ], [ -41.2886518, -6.97529219999996 ], [ -41.288642, -6.97521639999997 ], [ -41.2886367, -6.97509759999997 ], [ -41.2886348, -6.97505169999994 ], [ -41.288766699999897, -6.974912 ], [ -41.2888253, -6.97483759999994 ], [ -41.288910299999898, -6.97472759999994 ], [ -41.2889835, -6.97460769999998 ], [ -41.2890022999999, -6.97449989999996 ], [ -41.289053099999897, -6.97439559999998 ], [ -41.2891152, -6.97427989999994 ], [ -41.289255599999898, -6.974152 ], [ -41.289318299999898, -6.97410339999993 ], [ -41.2893531, -6.97407639999994 ], [ -41.2894003, -6.97401649999995 ], [ -41.288958, -6.97277119999995 ], [ -41.284411799999901, -6.959968 ], [ -41.2605737, -6.95401059999995 ], [ -41.2565448, -6.95300369999995 ], [ -41.251615399999899, -6.95176909999998 ], [ -41.2487949, -6.95106259999994 ], [ -41.2473467, -6.95070049999993 ], [ -41.245538, -6.95024829999994 ], [ -41.2447958, -6.95006269999993 ], [ -41.2434577, -6.94972809999996 ], [ -41.2430232, -6.94722779999995 ], [ -41.2398714999999, -6.92909149999997 ], [ -41.215293899999899, -6.902541 ], [ -41.2007115, -6.88987179999998 ], [ -41.203606099999902, -6.87122659999994 ], [ -41.204225999999899, -6.86723409999996 ], [ -41.204236099999903, -6.86707789999997 ], [ -41.2045859, -6.86169619999993 ], [ -41.205721299999901, -6.84422459999996 ], [ -41.2064157, -6.84195259999996 ], [ -41.2126648, -6.82150579999995 ], [ -41.213699899999902, -6.81811919999996 ], [ -41.2137056, -6.81809459999994 ], [ -41.2162658, -6.80714709999995 ], [ -41.2186872999999, -6.79679219999997 ], [ -41.220723, -6.78821159999995 ], [ -41.220298399999898, -6.78808149999998 ], [ -41.2200506, -6.78790809999998 ], [ -41.2197282, -6.78778059999996 ], [ -41.219486699999898, -6.78755629999995 ], [ -41.219248999999898, -6.78717279999995 ], [ -41.218430899999902, -6.78669849999994 ], [ -41.2178458, -6.78594549999997 ], [ -41.2178458, -6.78563709999997 ], [ -41.2172069, -6.78502049999997 ], [ -41.2166374, -6.78461889999994 ], [ -41.216618099999899, -6.78459019999997 ], [ -41.2160817, -6.78412519999995 ], [ -41.216156, -6.783808 ], [ -41.216046499999898, -6.78350389999997 ], [ -41.215433399999903, -6.78316759999996 ], [ -41.2147684, -6.78284169999995 ], [ -41.214054099999899, -6.78249159999996 ], [ -41.2135732, -6.78277709999998 ], [ -41.213565699999897, -6.78278159999996 ], [ -41.213271899999903, -6.78316159999997 ], [ -41.213224099999898, -6.78349369999995 ], [ -41.212958399999899, -6.78368039999998 ], [ -41.212615099999901, -6.78335729999998 ], [ -41.2122658, -6.78280589999997 ], [ -41.2120245, -6.78226559999996 ], [ -41.2119018, -6.78199079999996 ], [ -41.2118209, -6.78180979999996 ], [ -41.2115434, -6.78123059999996 ], [ -41.2114753, -6.78108849999995 ], [ -41.2114177999999, -6.78096839999995 ], [ -41.211074499999903, -6.780526 ], [ -41.2107715, -6.78042079999994 ], [ -41.210258, -6.78109569999998 ], [ -41.2101445, -6.781245 ], [ -41.209625, -6.78139319999997 ], [ -41.209320499999897, -6.781162 ], [ -41.2091637, -6.78083839999994 ], [ -41.2090719, -6.780649 ], [ -41.2087413, -6.78005319999994 ], [ -41.2084341, -6.77990779999993 ], [ -41.208215799999898, -6.77980409999998 ], [ -41.2075459, -6.77951039999994 ], [ -41.2074038, -6.77944809999997 ], [ -41.207296299999904, -6.77940089999993 ], [ -41.2070616, -6.779158 ], [ -41.206872299999901, -6.77896219999997 ], [ -41.20652, -6.77841069999994 ], [ -41.2062215, -6.77708839999997 ], [ -41.2058751, -6.77596189999997 ], [ -41.205272, -6.77480559999998 ], [ -41.2048652, -6.77443209999996 ], [ -41.204549299999897, -6.77407969999996 ], [ -41.204540999999899, -6.77407049999994 ], [ -41.2045401, -6.77406959999996 ], [ -41.2045312, -6.77405959999993 ], [ -41.204325599999898, -6.77383019999996 ], [ -41.2033284, -6.77302089999995 ], [ -41.203124, -6.77294529999995 ], [ -41.2030985, -6.77293589999994 ], [ -41.2027345, -6.77280139999993 ], [ -41.2024059, -6.77267989999996 ], [ -41.2022431, -6.77261019999997 ], [ -41.2021126, -6.77246779999996 ], [ -41.201832599999904, -6.77211659999995 ], [ -41.2014564, -6.77179939999996 ], [ -41.201169799999903, -6.77112339999996 ], [ -41.2007541, -6.77038079999994 ], [ -41.200746, -6.77036629999998 ], [ -41.199559099999902, -6.76963489999997 ], [ -41.1983714, -6.76910389999995 ], [ -41.1981971, -6.76874489999994 ], [ -41.1981519, -6.76865109999994 ], [ -41.1978377, -6.76831009999995 ], [ -41.1975287, -6.76814269999994 ], [ -41.1974635, -6.76809359999993 ], [ -41.1972438, -6.76793249999997 ], [ -41.196784099999903, -6.76792879999994 ], [ -41.1964962, -6.76777579999998 ], [ -41.1962091, -6.76761449999998 ], [ -41.1959127, -6.76724429999996 ], [ -41.195691699999898, -6.76651649999997 ], [ -41.195619899999897, -6.76635779999998 ], [ -41.195476799999902, -6.76604129999993 ], [ -41.1953103, -6.76568839999993 ], [ -41.1952724, -6.76560859999995 ], [ -41.1951898, -6.76543339999995 ], [ -41.1948633, -6.76504439999997 ], [ -41.1944563, -6.76479349999994 ], [ -41.1939313, -6.76458 ], [ -41.1939293, -6.76457739999995 ], [ -41.1937642, -6.76429659999997 ], [ -41.1934939, -6.763936 ], [ -41.193486199999903, -6.76391619999993 ], [ -41.1917445, -6.759711 ], [ -41.190467899999902, -6.75441619999998 ], [ -41.19042, -6.75389259999997 ], [ -41.1911625, -6.74937869999997 ], [ -41.1913582, -6.74903239999998 ], [ -41.1913741, -6.74900439999993 ], [ -41.1913781, -6.74899719999996 ], [ -41.1928422, -6.74727589999998 ], [ -41.1930705, -6.74687309999996 ], [ -41.1938398, -6.74403149999995 ], [ -41.1800471, -6.72594579999998 ], [ -41.180013, -6.70786949999996 ], [ -41.1867463, -6.70056629999993 ], [ -41.189431699999901, -6.69766689999994 ], [ -41.189851, -6.69718519999998 ], [ -41.195198499999897, -6.69091649999996 ], [ -41.1952, -6.69091529999997 ], [ -41.1952001, -6.69091459999993 ], [ -41.201219599999902, -6.68386319999996 ], [ -41.198779699999903, -6.67946339999997 ], [ -41.1900636, -6.66374549999995 ], [ -41.1303497, -6.65519309999996 ], [ -41.1431201, -6.75046649999996 ], [ -41.158397299999898, -6.86450289999993 ], [ -41.1636998, -6.88833089999997 ], [ -41.166034099999898, -6.89940939999997 ], [ -41.166039899999902, -6.899437 ], [ -41.1663528, -6.90092229999993 ], [ -41.168900199999896, -6.913016 ], [ -41.175538399999901, -6.943147 ], [ -41.1783594, -6.95651609999993 ], [ -41.1803439, -6.96592079999994 ], [ -41.1806207, -6.96697729999994 ], [ -41.181524599999896, -6.970428 ], [ -41.187357399999897, -6.99269619999995 ], [ -41.187457499999901, -6.99507279999995 ], [ -41.1874617, -6.99517309999993 ], [ -41.1906642, -7.07375539999992 ], [ -41.192332399999898, -7.11468939999997 ], [ -41.1927458, -7.11532919999996 ], [ -41.205511, -7.113926 ], [ -41.2195224, -7.11237259999996 ] ] ] ] } },
{ "type": "Feature", "properties": { "CD_MUN": "2209377", "NM_MUN": "Santa Rosa do Piauí", "CD_RGI": "220011", "NM_RGI": "Oeiras", "CD_RGINT": "2203", "NM_RGINT": "Picos", "CD_UF": "22", "NM_UF": "Piauí", "SIGLA_UF": "PI", "CD_REGIAO": "2", "NM_REGIAO": "Nordeste", "SIGLA_RG": "NE", "CD_CONCURB": null, "NM_CONCURB": null, "AREA_KM2": 338.339 }, "geometry": { "type": "MultiPolygon", "coordinates": [ [ [ [ -42.2023517, -6.91817249999997 ], [ -42.2028038, -6.91889679999997 ], [ -42.2040335, -6.92061249999995 ], [ -42.2051542, -6.92172649999998 ], [ -42.2054719, -6.92212749999993 ], [ -42.2057594999999, -6.92232539999998 ], [ -42.2061256, -6.92220239999995 ], [ -42.206585699999899, -6.92165019999993 ], [ -42.2070169, -6.921613 ], [ -42.20772, -6.92157339999994 ], [ -42.2087245, -6.92122269999993 ], [ -42.2099433, -6.92098159999995 ], [ -42.2150253, -6.91825939999995 ], [ -42.217799199999902, -6.91670889999995 ], [ -42.219969999999897, -6.91555989999995 ], [ -42.2215664, -6.915008 ], [ -42.2261784, -6.91432689999993 ], [ -42.227243299999898, -6.91414869999994 ], [ -42.2285439, -6.91365359999998 ], [ -42.2293453, -6.91285849999997 ], [ -42.2302731999999, -6.91188559999995 ], [ -42.2314233, -6.91123219999997 ], [ -42.2363793, -6.90715019999993 ], [ -42.2398785, -6.90428219999995 ], [ -42.240501499999901, -6.90339739999996 ], [ -42.2412217, -6.90135679999997 ], [ -42.2416547, -6.89926249999996 ], [ -42.2419492, -6.89585959999994 ], [ -42.2411893, -6.89183759999997 ], [ -42.2401733, -6.88591189999994 ], [ -42.2388711, -6.88154709999998 ], [ -42.2366653, -6.87473439999997 ], [ -42.236552399999901, -6.87357019999996 ], [ -42.2368576, -6.87020189999993 ], [ -42.2372912, -6.86967449999997 ], [ -42.2384936, -6.86878029999997 ], [ -42.242584, -6.86751819999995 ], [ -42.243797099999902, -6.86725419999993 ], [ -42.2450833, -6.86638779999993 ], [ -42.2475812, -6.86533439999994 ], [ -42.2487451, -6.86450169999995 ], [ -42.249989099999901, -6.86408679999994 ], [ -42.252000199999898, -6.86416629999997 ], [ -42.253346, -6.86464079999996 ], [ -42.2562348, -6.86448739999997 ], [ -42.2572385, -6.86440579999993 ], [ -42.258046099999902, -6.86479 ], [ -42.260800399999901, -6.865944 ], [ -42.2618295, -6.86645689999995 ], [ -42.2630768, -6.86733679999998 ], [ -42.2650844, -6.86784419999998 ], [ -42.2661879, -6.86803809999998 ], [ -42.2681683, -6.86784789999996 ], [ -42.2694678, -6.86809359999995 ], [ -42.2709631, -6.86830659999993 ], [ -42.2727823, -6.86858059999997 ], [ -42.2761996, -6.87184149999996 ], [ -42.2783853, -6.87479279999997 ], [ -42.279271799999897, -6.87623589999993 ], [ -42.2804138, -6.877469 ], [ -42.281543699999901, -6.87817849999993 ], [ -42.283437499999899, -6.87878749999993 ], [ -42.286554899999899, -6.87889149999995 ], [ -42.2890801, -6.87881839999994 ], [ -42.2905828, -6.87849629999994 ], [ -42.2914938, -6.87776 ], [ -42.2924073, -6.87624929999993 ], [ -42.2929091, -6.87520209999997 ], [ -42.292872, -6.87427489999993 ], [ -42.292174499999902, -6.87325279999993 ], [ -42.289284, -6.87104319999997 ], [ -42.2888513, -6.87061959999994 ], [ -42.288672899999902, -6.86895829999997 ], [ -42.289361799999902, -6.86663909999993 ], [ -42.2890029, -6.86508179999993 ], [ -42.289331499999903, -6.863137 ], [ -42.2894661999999, -6.86059189999997 ], [ -42.288133899999899, -6.85588029999997 ], [ -42.2868384, -6.85285749999997 ], [ -42.2873552, -6.85048919999997 ], [ -42.2879751, -6.84988279999993 ], [ -42.288377, -6.84847879999995 ], [ -42.289619199999898, -6.84563479999997 ], [ -42.289990799999899, -6.84467419999993 ], [ -42.2896362, -6.84148139999996 ], [ -42.288885799999903, -6.83949589999997 ], [ -42.288135, -6.83700849999997 ], [ -42.2881813, -6.83628729999998 ], [ -42.289025299999899, -6.83470779999993 ], [ -42.2901231, -6.83405029999994 ], [ -42.292172, -6.83311879999997 ], [ -42.2943782, -6.832411 ], [ -42.2975964, -6.82979439999997 ], [ -42.2981597, -6.82898249999994 ], [ -42.2999814, -6.82548069999996 ], [ -42.300452199999903, -6.82493109999996 ], [ -42.301062499999901, -6.824803 ], [ -42.3016923, -6.82500349999998 ], [ -42.303965499999897, -6.82655689999996 ], [ -42.3051712, -6.82805029999997 ], [ -42.3053747, -6.83008759999996 ], [ -42.3055904, -6.83177269999993 ], [ -42.306101899999902, -6.83369619999996 ], [ -42.307014299999899, -6.83558049999994 ], [ -42.3076837999999, -6.83652909999995 ], [ -42.3080664, -6.83692169999995 ], [ -42.3084102, -6.83784279999998 ], [ -42.308852199999897, -6.83986569999996 ], [ -42.3096057, -6.84056519999996 ], [ -42.310761399999897, -6.84101159999994 ], [ -42.3118085, -6.84078279999994 ], [ -42.3137293, -6.83957649999996 ], [ -42.3152795, -6.83848879999994 ], [ -42.3164914, -6.83812219999993 ], [ -42.317379, -6.83733949999993 ], [ -42.3179476, -6.83650389999997 ], [ -42.318133799999899, -6.83565939999994 ], [ -42.317412499999897, -6.83377609999997 ], [ -42.3161759, -6.83234019999998 ], [ -42.3158491, -6.83164369999997 ], [ -42.3160581, -6.83018269999997 ], [ -42.3169068999999, -6.82943329999995 ], [ -42.3174225, -6.82932839999995 ], [ -42.318889899999903, -6.82884489999998 ], [ -42.3204352, -6.82847319999996 ], [ -42.3214285, -6.82851479999994 ], [ -42.322052, -6.82892679999998 ], [ -42.3236418, -6.83060469999998 ], [ -42.3244465, -6.83116049999995 ], [ -42.3270633, -6.83233049999996 ], [ -42.330103, -6.83451659999997 ], [ -42.330987999999898, -6.834773 ], [ -42.3317741, -6.83467009999993 ], [ -42.334746499999902, -6.832657 ], [ -42.3364902, -6.83122949999995 ], [ -42.3370184999999, -6.83038959999993 ], [ -42.3372525, -6.82953479999998 ], [ -42.336886, -6.82754629999994 ], [ -42.3369236999999, -6.82679849999994 ], [ -42.3373791, -6.82627279999997 ], [ -42.3404568999999, -6.825232 ], [ -42.3432329, -6.82397259999993 ], [ -42.345952, -6.82352369999995 ], [ -42.3475887, -6.82311569999996 ], [ -42.348467099999901, -6.82267489999998 ], [ -42.349682899999898, -6.82263619999998 ], [ -42.3510701, -6.82275739999994 ], [ -42.3531245, -6.82247719999998 ], [ -42.355469399999897, -6.82149759999993 ], [ -42.3576118, -6.82003929999996 ], [ -42.359004399999897, -6.818646 ], [ -42.3606751, -6.81645749999996 ], [ -42.3612962999999, -6.81486489999998 ], [ -42.3615088, -6.81315519999993 ], [ -42.360241899999899, -6.80657719999994 ], [ -42.359961199999901, -6.80541239999997 ], [ -42.359260699999901, -6.80514579999993 ], [ -42.334040199999897, -6.79917609999995 ], [ -42.3196474, -6.77152429999995 ], [ -42.3189467, -6.76964319999996 ], [ -42.3183392, -6.76668759999995 ], [ -42.3181137999999, -6.76320119999997 ], [ -42.317769199999901, -6.76200639999996 ], [ -42.3177279, -6.76128589999996 ], [ -42.318091099999897, -6.76060049999995 ], [ -42.3187235, -6.76027239999996 ], [ -42.3207715, -6.759476 ], [ -42.3226102, -6.7591 ], [ -42.324936599999901, -6.75876119999998 ], [ -42.3256605999999, -6.75856639999995 ], [ -42.326525199999899, -6.75709779999994 ], [ -42.327795799999897, -6.75604459999994 ], [ -42.3287973, -6.75414939999996 ], [ -42.3299861, -6.753112 ], [ -42.3306262, -6.75268659999995 ], [ -42.3312645, -6.75088029999995 ], [ -42.3323275, -6.75002959999995 ], [ -42.3328084, -6.74941779999995 ], [ -42.3333092, -6.74850519999995 ], [ -42.3335345, -6.74660149999994 ], [ -42.3333315, -6.74519819999995 ], [ -42.332984399999901, -6.74421339999998 ], [ -42.3319408999999, -6.74265749999995 ], [ -42.3316649, -6.741467 ], [ -42.331319999999899, -6.74076319999995 ], [ -42.331119999999899, -6.73998129999995 ], [ -42.331413199999901, -6.738298 ], [ -42.332583499999899, -6.734324 ], [ -42.3338416, -6.73150319999996 ], [ -42.3348399, -6.72954309999994 ], [ -42.3170785, -6.70526379999995 ], [ -42.315763699999899, -6.70677329999995 ], [ -42.3155015, -6.70804069999997 ], [ -42.314138699999901, -6.70947549999994 ], [ -42.3135477, -6.70955739999994 ], [ -42.312616499999898, -6.709043 ], [ -42.311852, -6.70971809999998 ], [ -42.311593899999899, -6.71047779999998 ], [ -42.308324399999897, -6.71276 ], [ -42.3080757, -6.71293359999993 ], [ -42.254433499999898, -6.75036209999996 ], [ -42.243910899999896, -6.75223559999995 ], [ -42.243503, -6.75230819999996 ], [ -42.2081415, -6.75859649999995 ], [ -42.2072352, -6.75875769999993 ], [ -42.163225, -6.766584 ], [ -42.163547999999899, -6.76462789999994 ], [ -42.163337399999897, -6.76252979999992 ], [ -42.164019799999899, -6.75999159999998 ], [ -42.1655016, -6.75817209999997 ], [ -42.1655107, -6.75670109999993 ], [ -42.1649374, -6.755807 ], [ -42.164315299999899, -6.75531209999997 ], [ -42.159599399999898, -6.75376679999994 ], [ -42.1591579, -6.75336389999995 ], [ -42.1591134, -6.75278269999995 ], [ -42.158321199999897, -6.75104019999998 ], [ -42.1578079, -6.74737969999995 ], [ -42.1574585, -6.746173 ], [ -42.1570622, -6.74554709999995 ], [ -42.1557756, -6.74433409999995 ], [ -42.154131999999898, -6.743291 ], [ -42.153879, -6.743099 ], [ -42.153201, -6.742557 ], [ -42.151316, -6.741122 ], [ -42.150771, -6.740598 ], [ -42.150234, -6.740048 ], [ -42.149605, -6.739304 ], [ -42.149051, -6.738779 ], [ -42.148519, -6.738251 ], [ -42.148187999999898, -6.737662 ], [ -42.147854, -6.736895 ], [ -42.147568, -6.735776 ], [ -42.146902, -6.735117 ], [ -42.146806, -6.734657 ], [ -42.146302999999897, -6.733966 ], [ -42.14557, -6.733604 ], [ -42.145325, -6.733582 ], [ -42.144801, -6.733655 ], [ -42.144417, -6.733654 ], [ -42.143902, -6.733398 ], [ -42.14361, -6.733296 ], [ -42.142876999999899, -6.733134 ], [ -42.141673, -6.732828 ], [ -42.141274, -6.73276 ], [ -42.140715999999898, -6.73282 ], [ -42.13966, -6.732547 ], [ -42.139119, -6.732525 ], [ -42.138637, -6.732415 ], [ -42.137607, -6.7321 ], [ -42.135849, -6.735979 ], [ -42.134225, -6.739621 ], [ -42.133633, -6.74095 ], [ -42.133158, -6.742366 ], [ -42.132703999999897, -6.743865 ], [ -42.132562999999898, -6.744327 ], [ -42.132353, -6.744608 ], [ -42.132044, -6.744731 ], [ -42.131121, -6.744748 ], [ -42.130791, -6.744833 ], [ -42.130284, -6.745247 ], [ -42.129894, -6.745396 ], [ -42.129426, -6.745451 ], [ -42.128819, -6.745313 ], [ -42.128544, -6.745313 ], [ -42.128248, -6.745441 ], [ -42.127265, -6.746335 ], [ -42.126556, -6.746984 ], [ -42.126393, -6.747291 ], [ -42.126280999999899, -6.747572 ], [ -42.126144, -6.747772 ], [ -42.125878, -6.747883 ], [ -42.12535, -6.747836 ], [ -42.125084, -6.7479 ], [ -42.123964, -6.748752 ], [ -42.123789, -6.74907 ], [ -42.123574, -6.749564 ], [ -42.123364, -6.74979 ], [ -42.122935, -6.749973 ], [ -42.122111, -6.749995 ], [ -42.121652, -6.749973 ], [ -42.121403, -6.750088 ], [ -42.120682, -6.75055 ], [ -42.120111, -6.750669 ], [ -42.119887999999897, -6.75081 ], [ -42.119599999999899, -6.751359 ], [ -42.119372999999896, -6.751551 ], [ -42.117455999999898, -6.752118 ], [ -42.117048, -6.752191 ], [ -42.116014, -6.751918 ], [ -42.115589, -6.751841 ], [ -42.115091, -6.751824 ], [ -42.114593, -6.751931 ], [ -42.114074, -6.752229 ], [ -42.112544, -6.753603 ], [ -42.111736999999899, -6.754344 ], [ -42.111458, -6.754843 ], [ -42.111449999999898, -6.755337 ], [ -42.111574, -6.756585 ], [ -42.112478, -6.765202 ], [ -42.1126135, -6.766522 ], [ -42.112808, -6.768417 ], [ -42.112997, -6.770065 ], [ -42.113289, -6.772864 ], [ -42.113323, -6.773243 ], [ -42.113525, -6.775177 ], [ -42.113537999999899, -6.775795 ], [ -42.11349, -6.776314 ], [ -42.11328, -6.777026 ], [ -42.111913, -6.780579 ], [ -42.111067999999896, -6.782695 ], [ -42.11047, -6.784297 ], [ -42.110427, -6.784969 ], [ -42.110366999999897, -6.785817 ], [ -42.110913, -6.791522 ], [ -42.111199, -6.794588 ], [ -42.111297, -6.795121 ], [ -42.111396, -6.795504 ], [ -42.111696, -6.796139 ], [ -42.112052999999896, -6.796641 ], [ -42.112392999999898, -6.796973 ], [ -42.113203999999897, -6.797505 ], [ -42.115431, -6.798608 ], [ -42.116354999999899, -6.799007 ], [ -42.116869999999899, -6.799165 ], [ -42.118591, -6.799386 ], [ -42.119475, -6.799565 ], [ -42.120166, -6.799883 ], [ -42.120505, -6.800177 ], [ -42.120921, -6.800641 ], [ -42.121183, -6.80114 ], [ -42.121337, -6.801719 ], [ -42.121506, -6.802861 ], [ -42.121652, -6.803313 ], [ -42.122003999999897, -6.803837 ], [ -42.1220943, -6.80393739999994 ], [ -42.1216623, -6.80506649999995 ], [ -42.121515299999899, -6.80595159999996 ], [ -42.1215488, -6.80684059999993 ], [ -42.1218761, -6.80735889999994 ], [ -42.122418799999899, -6.80776479999997 ], [ -42.122991899999903, -6.80794549999996 ], [ -42.123530899999899, -6.80768279999995 ], [ -42.1242022, -6.80691169999994 ], [ -42.125093499999899, -6.80691309999997 ], [ -42.125430999999899, -6.80707639999997 ], [ -42.125395, -6.80745659999997 ], [ -42.125257, -6.80815409999997 ], [ -42.125328399999901, -6.80866629999997 ], [ -42.125832699999897, -6.80982039999998 ], [ -42.126123499999899, -6.81081739999996 ], [ -42.126124499999896, -6.811844 ], [ -42.1258526, -6.81237 ], [ -42.125469, -6.81260509999993 ], [ -42.1244869, -6.81288709999995 ], [ -42.123919199999897, -6.81311769999996 ], [ -42.123482399999901, -6.81382529999996 ], [ -42.123112299999903, -6.81546429999997 ], [ -42.1231023, -6.81651249999993 ], [ -42.123023799999899, -6.81682829999994 ], [ -42.1229652, -6.81706419999995 ], [ -42.122789399999903, -6.81721309999995 ], [ -42.1224003, -6.81724029999998 ], [ -42.1219532, -6.817089 ], [ -42.121654799999902, -6.81716989999995 ], [ -42.1214461, -6.817327 ], [ -42.1213006, -6.817803 ], [ -42.121089099999899, -6.81815469999998 ], [ -42.1206098, -6.81842159999997 ], [ -42.1199735, -6.81841989999998 ], [ -42.119513799999901, -6.81864989999997 ], [ -42.1191746, -6.8189 ], [ -42.1188328, -6.81921979999993 ], [ -42.118271299999897, -6.81928259999995 ], [ -42.117863699999901, -6.81936909999996 ], [ -42.117398599999902, -6.81954959999996 ], [ -42.116950099999897, -6.81996209999994 ], [ -42.1165212, -6.82139189999998 ], [ -42.1162689, -6.82263989999996 ], [ -42.116148699999897, -6.82313049999993 ], [ -42.115824, -6.82340459999995 ], [ -42.1146747, -6.82331389999996 ], [ -42.1142254, -6.82342009999996 ], [ -42.113952099999899, -6.82363059999994 ], [ -42.1137667, -6.82432979999993 ], [ -42.113810199999897, -6.82501279999997 ], [ -42.1143102, -6.82559359999993 ], [ -42.1150431, -6.82602429999997 ], [ -42.1160474, -6.82611639999993 ], [ -42.1166172, -6.82651809999993 ], [ -42.116783499999897, -6.82688519999994 ], [ -42.1169442, -6.82741229999993 ], [ -42.1173021, -6.82770719999996 ], [ -42.1178077, -6.82770089999997 ], [ -42.1181584999999, -6.827821 ], [ -42.1182307, -6.82811459999994 ], [ -42.1174836, -6.829731 ], [ -42.117209199999898, -6.830086 ], [ -42.117070899999902, -6.83062279999996 ], [ -42.116494, -6.83111859999997 ], [ -42.1158644, -6.83137649999998 ], [ -42.1153333, -6.83151549999997 ], [ -42.1150895, -6.83178429999998 ], [ -42.115058599999898, -6.83208009999993 ], [ -42.1154832, -6.83255159999993 ], [ -42.116079899999903, -6.83292749999993 ], [ -42.116065499999898, -6.83325279999997 ], [ -42.1157928, -6.83357849999993 ], [ -42.115720199999899, -6.83400889999996 ], [ -42.115898699999903, -6.83444609999998 ], [ -42.1162993, -6.83494249999995 ], [ -42.1180443, -6.83543479999997 ], [ -42.118944199999902, -6.83618359999997 ], [ -42.1201389, -6.83670509999996 ], [ -42.1211211, -6.83686809999995 ], [ -42.122217799999902, -6.83667179999998 ], [ -42.1226794, -6.83668459999996 ], [ -42.122923199999903, -6.83684559999995 ], [ -42.122971, -6.83716669999995 ], [ -42.122941, -6.83912539999994 ], [ -42.123163299999902, -6.83995689999995 ], [ -42.123698299999901, -6.84126619999995 ], [ -42.1244473, -6.84237489999992 ], [ -42.124657, -6.84314629999994 ], [ -42.1254789, -6.84416539999995 ], [ -42.127016, -6.84522569999996 ], [ -42.1285788, -6.846006 ], [ -42.129217099999899, -6.84609129999996 ], [ -42.1303048, -6.84546219999993 ], [ -42.1310321999999, -6.84546049999994 ], [ -42.131833899999897, -6.84580679999993 ], [ -42.132265, -6.84616159999996 ], [ -42.133270799999899, -6.84698929999996 ], [ -42.1348128, -6.84760429999994 ], [ -42.1356718, -6.84778069999993 ], [ -42.136171499999897, -6.84794049999994 ], [ -42.136397499999902, -6.84843669999998 ], [ -42.1364708, -6.84912759999997 ], [ -42.136503499999897, -6.84996689999997 ], [ -42.136515, -6.850312 ], [ -42.1370656, -6.85061759999996 ], [ -42.137694199999899, -6.85062169999998 ], [ -42.1383135, -6.85013269999996 ], [ -42.1389918, -6.84932649999996 ], [ -42.1395434, -6.84892229999997 ], [ -42.1401101, -6.84893159999996 ], [ -42.1406302, -6.84871129999993 ], [ -42.1409292, -6.84869909999998 ], [ -42.1413315, -6.84895689999996 ], [ -42.1417284999999, -6.84946039999994 ], [ -42.141923, -6.84973349999996 ], [ -42.1423988, -6.84980609999997 ], [ -42.1442201, -6.84986809999998 ], [ -42.1449492, -6.84977339999995 ], [ -42.1454259, -6.84962289999993 ], [ -42.145784, -6.84971 ], [ -42.146026199999902, -6.85009239999994 ], [ -42.1460673999999, -6.85057179999995 ], [ -42.1462832, -6.85084229999995 ], [ -42.1475586, -6.85104619999993 ], [ -42.1482478, -6.85096289999996 ], [ -42.149179499999903, -6.85057409999996 ], [ -42.1497644, -6.850504 ], [ -42.1510496, -6.85060539999995 ], [ -42.1522029, -6.85100979999993 ], [ -42.1528539, -6.85107269999997 ], [ -42.1539442, -6.85129719999998 ], [ -42.1557897, -6.85173659999998 ], [ -42.1575764, -6.85264389999998 ], [ -42.1581662, -6.85286539999993 ], [ -42.1593937, -6.85305539999996 ], [ -42.160017, -6.85306959999997 ], [ -42.160832, -6.85355559999994 ], [ -42.161133699999901, -6.85389819999995 ], [ -42.1611948, -6.85421959999996 ], [ -42.161077299999903, -6.85463319999997 ], [ -42.160785099999899, -6.85479019999997 ], [ -42.159767299999899, -6.85481769999996 ], [ -42.1589883, -6.85486369999995 ], [ -42.1583544, -6.85519389999996 ], [ -42.1574318, -6.85666659999993 ], [ -42.157101, -6.85761759999997 ], [ -42.1559324, -6.85911 ], [ -42.155251099999901, -6.86015979999996 ], [ -42.1541427, -6.863284 ], [ -42.1537387, -6.86408259999996 ], [ -42.1535908, -6.86493689999998 ], [ -42.153625799999901, -6.86545139999993 ], [ -42.154176, -6.86584859999994 ], [ -42.155825299999897, -6.86641129999992 ], [ -42.1571134, -6.86658039999998 ], [ -42.1574515, -6.86690239999996 ], [ -42.1578577, -6.86722789999993 ], [ -42.157953, -6.86745729999996 ], [ -42.1577576, -6.86800909999994 ], [ -42.157912699999898, -6.86833089999993 ], [ -42.16026, -6.86927339999994 ], [ -42.1615365, -6.87011819999998 ], [ -42.162328, -6.87055959999998 ], [ -42.1636392, -6.87082059999994 ], [ -42.1644572, -6.87053729999997 ], [ -42.1649522, -6.87043649999993 ], [ -42.1662391999999, -6.87096359999993 ], [ -42.1669687, -6.87131569999997 ], [ -42.1672421, -6.87171169999993 ], [ -42.167724399999898, -6.87337549999995 ], [ -42.1686453, -6.87387379999996 ], [ -42.169640699999903, -6.87421449999994 ], [ -42.1716092, -6.87407169999994 ], [ -42.172215999999899, -6.87409559999998 ], [ -42.172548199999902, -6.87421739999996 ], [ -42.1726901, -6.87467139999995 ], [ -42.1725096, -6.87550859999993 ], [ -42.172223, -6.87622879999998 ], [ -42.172264799999901, -6.87657 ], [ -42.1727547, -6.87712829999998 ], [ -42.1736595, -6.87800769999996 ], [ -42.174071, -6.879436 ], [ -42.1743779, -6.880232 ], [ -42.1753955, -6.88091369999995 ], [ -42.176512199999898, -6.88140579999992 ], [ -42.177411699999901, -6.88188369999995 ], [ -42.1781492, -6.88339 ], [ -42.178491699999903, -6.88448879999993 ], [ -42.1784014, -6.885054 ], [ -42.1775377, -6.88638619999995 ], [ -42.1767254, -6.88718009999997 ], [ -42.175846099999902, -6.88768569999996 ], [ -42.1754005, -6.88816949999995 ], [ -42.1752767, -6.88857589999998 ], [ -42.175590199999903, -6.889242 ], [ -42.1760672, -6.88972229999996 ], [ -42.176654299999903, -6.88995869999997 ], [ -42.1771309, -6.89048009999993 ], [ -42.1772756, -6.89097029999994 ], [ -42.1771497, -6.89157139999998 ], [ -42.1762759, -6.89291849999995 ], [ -42.17583, -6.89374129999993 ], [ -42.1756559, -6.89554579999998 ], [ -42.175631699999897, -6.89679 ], [ -42.175945399999897, -6.89848959999995 ], [ -42.176387799999901, -6.89972529999994 ], [ -42.1766047, -6.89988889999995 ], [ -42.1769002999999, -6.89982209999994 ], [ -42.1776591, -6.898971 ], [ -42.178109699999901, -6.89825289999993 ], [ -42.178814, -6.89800359999998 ], [ -42.1795226, -6.89815349999998 ], [ -42.180705499999902, -6.89874889999993 ], [ -42.1816295, -6.89901879999996 ], [ -42.182288399999898, -6.89901279999998 ], [ -42.1841355, -6.89815179999994 ], [ -42.184778799999897, -6.89790579999993 ], [ -42.1854235, -6.89800419999995 ], [ -42.186229099999899, -6.89854109999993 ], [ -42.1866621, -6.89931519999993 ], [ -42.1871957, -6.90041789999998 ], [ -42.1874425, -6.90109249999995 ], [ -42.1878470999999, -6.90148319999997 ], [ -42.1884509, -6.90154229999996 ], [ -42.189672899999898, -6.90114029999995 ], [ -42.1906149, -6.900593 ], [ -42.191881599999903, -6.90081079999993 ], [ -42.1936702, -6.90187289999994 ], [ -42.1947244, -6.90363159999993 ], [ -42.1950624, -6.90468059999995 ], [ -42.1963718, -6.90632189999997 ], [ -42.1973632999999, -6.90658119999995 ], [ -42.1985359, -6.90684889999994 ], [ -42.200174699999899, -6.90767269999998 ], [ -42.2019379, -6.90850729999994 ], [ -42.2040079, -6.90938319999998 ], [ -42.2050537, -6.91095739999997 ], [ -42.205474299999899, -6.91137349999997 ], [ -42.2055994, -6.91196739999998 ], [ -42.2051584, -6.91282469999993 ], [ -42.204798099999898, -6.91324209999993 ], [ -42.2023919, -6.91417829999995 ], [ -42.2013252, -6.91456029999995 ], [ -42.200985499999902, -6.914811 ], [ -42.200963499999901, -6.91500409999998 ], [ -42.2014019, -6.91632589999995 ], [ -42.2020807, -6.91773839999996 ], [ -42.2023517, -6.91817249999997 ] ] ] ] } },
{ "type": "Feature", "properties": { "CD_MUN": "2209351", "NM_MUN": "Santana do Piauí", "CD_RGI": "220009", "NM_RGI": "Picos", "CD_RGINT": "2203", "NM_RGINT": "Picos", "CD_UF": "22", "NM_UF": "Piauí", "SIGLA_UF": "PI", "CD_REGIAO": "2", "NM_REGIAO": "Nordeste", "SIGLA_RG": "NE", "CD_CONCURB": null, "NM_CONCURB": null, "AREA_KM2": 112.189 }, "geometry": { "type": "MultiPolygon", "coordinates": [ [ [ [ -41.5475714, -6.93658859999994 ], [ -41.5473311, -6.93579469999997 ], [ -41.5410312, -6.91497769999995 ], [ -41.540949199999901, -6.89961469999997 ], [ -41.6059875, -6.87270889999996 ], [ -41.6117758, -6.87031429999996 ], [ -41.6121051, -6.87378659999996 ], [ -41.6126092, -6.879101 ], [ -41.612627599999897, -6.87929479999997 ], [ -41.6171767, -6.87870749999996 ], [ -41.6079283, -6.83920249999994 ], [ -41.582435099999898, -6.87062459999993 ], [ -41.517704799999898, -6.90708469999993 ], [ -41.517065499999902, -6.90744449999994 ], [ -41.509588699999902, -6.91165349999994 ], [ -41.495892, -6.91175579999998 ], [ -41.495739, -6.911757 ], [ -41.4957097, -6.91175429999993 ], [ -41.4954357, -6.91175919999995 ], [ -41.442000499999899, -6.91215859999994 ], [ -41.4419152, -6.91210889999996 ], [ -41.441875799999899, -6.912086 ], [ -41.4417582, -6.91314369999998 ], [ -41.441041, -6.917854 ], [ -41.441021, -6.918376 ], [ -41.441167, -6.920015 ], [ -41.44143, -6.922374 ], [ -41.441545, -6.923469 ], [ -41.441732, -6.924416 ], [ -41.442131, -6.926039 ], [ -41.442566999999897, -6.927808 ], [ -41.442987, -6.929333 ], [ -41.44297, -6.92952 ], [ -41.442861, -6.930691 ], [ -41.442629, -6.933058 ], [ -41.442478999999899, -6.934537 ], [ -41.442376, -6.934959 ], [ -41.441655, -6.936692 ], [ -41.441037, -6.938151 ], [ -41.440967999999899, -6.93853 ], [ -41.440912, -6.93933 ], [ -41.440642, -6.942007 ], [ -41.440569, -6.942386 ], [ -41.439786, -6.944482 ], [ -41.437809, -6.949465 ], [ -41.436989, -6.951475 ], [ -41.436947, -6.951831 ], [ -41.437046, -6.953637 ], [ -41.437033, -6.953943 ], [ -41.436960999999897, -6.954202 ], [ -41.436043, -6.956684 ], [ -41.435666, -6.957613 ], [ -41.435537, -6.957804 ], [ -41.4348036, -6.95838229999993 ], [ -41.43401, -6.959009 ], [ -41.4331068, -6.95972429999995 ], [ -41.433017999999898, -6.95979409999995 ], [ -41.431920299999902, -6.96065759999993 ], [ -41.431825699999898, -6.960732 ], [ -41.4310404, -6.96131119999995 ], [ -41.430234, -6.96196 ], [ -41.429973, -6.962275 ], [ -41.429800499999899, -6.96267659999995 ], [ -41.4297567, -6.963089 ], [ -41.429702, -6.96430869999995 ], [ -41.42967, -6.96594019999998 ], [ -41.429651, -6.966891 ], [ -41.429626, -6.967104 ], [ -41.429523, -6.967355 ], [ -41.42884, -6.968594 ], [ -41.426091, -6.973246 ], [ -41.425307, -6.97456 ], [ -41.423458, -6.976966 ], [ -41.421487, -6.979524 ], [ -41.421101, -6.97998 ], [ -41.420156, -6.981227 ], [ -41.419738, -6.98198 ], [ -41.4195, -6.98259119999994 ], [ -41.419359799999903, -6.98312429999993 ], [ -41.419206599999903, -6.98403309999998 ], [ -41.4186564, -6.98796929999997 ], [ -41.4183972, -6.98944229999995 ], [ -41.4175443, -6.99468029999997 ], [ -41.416961, -6.998436 ], [ -41.416848, -6.99912949999998 ], [ -41.4204447, -6.99929239999994 ], [ -41.4385407, -6.999464 ], [ -41.4390278, -6.99946859999994 ], [ -41.4401353, -6.99142469999992 ], [ -41.4462429, -6.99221019999993 ], [ -41.446447799999902, -6.99223649999993 ], [ -41.4613279, -6.99415019999998 ], [ -41.470040299999901, -6.99527069999994 ], [ -41.4729945, -6.99565259999997 ], [ -41.474179999999897, -6.99580309999993 ], [ -41.4747748999999, -6.99555509999993 ], [ -41.4772902999999, -6.99450669999993 ], [ -41.5153069, -6.97866079999994 ], [ -41.516788899999902, -6.97622629999995 ], [ -41.5192084, -6.972252 ], [ -41.5285593, -6.95689169999997 ], [ -41.537559, -6.94210819999995 ], [ -41.5417125, -6.93982159999996 ], [ -41.545675199999899, -6.93763389999998 ], [ -41.5475714, -6.93658859999994 ] ] ] ] } },
{ "type": "Feature", "properties": { "CD_MUN": "2201572", "NM_MUN": "Belém do Piauí", "CD_RGI": "220009", "NM_RGI": "Picos", "CD_RGINT": "2203", "NM_RGINT": "Picos", "CD_UF": "22", "NM_UF": "Piauí", "SIGLA_UF": "PI", "CD_REGIAO": "2", "NM_REGIAO": "Nordeste", "SIGLA_RG": "NE", "CD_CONCURB": null, "NM_CONCURB": null, "AREA_KM2": 243.234 }, "geometry": { "type": "MultiPolygon", "coordinates": [ [ [ [ -41.017311999999897, -7.436703 ], [ -41.016631, -7.435671 ], [ -41.015704, -7.434604 ], [ -41.015159, -7.434068 ], [ -41.014023, -7.4335 ], [ -41.013464999999897, -7.433109 ], [ -41.011834, -7.431438 ], [ -41.011117, -7.430626 ], [ -41.010118, -7.429307 ], [ -41.009031999999898, -7.428127 ], [ -41.007796, -7.426715 ], [ -41.006835, -7.425405 ], [ -41.006385, -7.42508409999994 ], [ -41.0064096, -7.42481609999993 ], [ -41.0047843, -7.42252989999997 ], [ -41.0082867, -7.41032749999994 ], [ -41.012979, -7.39397919999993 ], [ -41.0192627, -7.37208659999993 ], [ -41.019331899999898, -7.37187 ], [ -41.0379197, -7.31370869999995 ], [ -41.039816099999904, -7.30777479999995 ], [ -41.041476, -7.302581 ], [ -41.0418246, -7.30149039999998 ], [ -41.041828199999898, -7.30147909999994 ], [ -41.043393599999902, -7.276888 ], [ -41.042537799999899, -7.26948109999995 ], [ -41.042487499999901, -7.26902369999993 ], [ -41.041061, -7.255918 ], [ -41.040636, -7.2561 ], [ -41.040425, -7.256092 ], [ -41.039524, -7.255671 ], [ -41.039181, -7.255398 ], [ -41.038744999999899, -7.255285 ], [ -41.038428, -7.255328 ], [ -41.038247, -7.255358 ], [ -41.038179, -7.255485 ], [ -41.038196, -7.255694 ], [ -41.038059, -7.256043 ], [ -41.037801, -7.256345 ], [ -41.03766, -7.256494 ], [ -41.037484, -7.256455 ], [ -41.037432, -7.256251 ], [ -41.037308, -7.256157 ], [ -41.036956, -7.256115 ], [ -41.036744999999897, -7.25614 ], [ -41.036668, -7.256226 ], [ -41.036664, -7.256383 ], [ -41.036781, -7.256542 ], [ -41.036871, -7.256636 ], [ -41.036892, -7.256866 ], [ -41.036712, -7.257168 ], [ -41.036518999999899, -7.257227 ], [ -41.036347, -7.257193 ], [ -41.036109, -7.257181 ], [ -41.035547, -7.257275 ], [ -41.035234, -7.257309 ], [ -41.034357, -7.257589 ], [ -41.033902, -7.257776 ], [ -41.033794999999898, -7.258095 ], [ -41.033614999999898, -7.258401 ], [ -41.033276, -7.25855 ], [ -41.032941, -7.258665 ], [ -41.032752, -7.258857 ], [ -41.032623, -7.259325 ], [ -41.032378999999899, -7.259359 ], [ -41.031199, -7.259167 ], [ -41.030791, -7.25904 ], [ -41.030159, -7.258628 ], [ -41.030017, -7.25859 ], [ -41.029832999999897, -7.258688 ], [ -41.029665, -7.258683 ], [ -41.029455, -7.258603 ], [ -41.029215, -7.258603 ], [ -41.028751, -7.258564 ], [ -41.028501999999897, -7.258445 ], [ -41.028013, -7.25802 ], [ -41.027548, -7.257867 ], [ -41.027389, -7.257926 ], [ -41.027337, -7.258203 ], [ -41.027228, -7.25839 ], [ -41.026893, -7.258428 ], [ -41.026657, -7.258539 ], [ -41.026438, -7.25899 ], [ -41.026245, -7.259232 ], [ -41.02582, -7.259288 ], [ -41.025498, -7.259288 ], [ -41.025207, -7.25913 ], [ -41.02455, -7.258807 ], [ -41.024075, -7.258653 ], [ -41.023929, -7.258517 ], [ -41.023834, -7.258198 ], [ -41.023714, -7.257938 ], [ -41.023525, -7.257649 ], [ -41.023465, -7.257458 ], [ -41.023598, -7.257147 ], [ -41.023628, -7.256926 ], [ -41.023324, -7.256636 ], [ -41.023161, -7.256645 ], [ -41.022822, -7.256773 ], [ -41.022551, -7.25679 ], [ -41.022405, -7.256662 ], [ -41.022255, -7.256483 ], [ -41.022033, -7.256459 ], [ -41.021414999999898, -7.256446 ], [ -41.021175, -7.256378 ], [ -41.021093, -7.256229 ], [ -41.021179, -7.256042 ], [ -41.021414999999898, -7.255649 ], [ -41.021608, -7.255563 ], [ -41.021677, -7.255415 ], [ -41.021574, -7.25487 ], [ -41.021578, -7.254483 ], [ -41.021582, -7.25413 ], [ -41.021501, -7.253968 ], [ -41.021158, -7.254015 ], [ -41.020857, -7.254168 ], [ -41.02054, -7.254376 ], [ -41.019977, -7.2543 ], [ -41.019517999999898, -7.254053 ], [ -41.019359, -7.253955 ], [ -41.019351, -7.253781 ], [ -41.019488, -7.253666 ], [ -41.019475, -7.253525 ], [ -41.019346, -7.253436 ], [ -41.01912, -7.253444 ], [ -41.019077, -7.253342 ], [ -41.01903, -7.253155 ], [ -41.018819999999899, -7.253036 ], [ -41.018725, -7.252878 ], [ -41.018687, -7.252623 ], [ -41.018644, -7.252385 ], [ -41.018468, -7.252185 ], [ -41.018172999999898, -7.252107 ], [ -41.018074, -7.251996 ], [ -41.018034999999898, -7.251596 ], [ -41.017851, -7.251273 ], [ -41.017525, -7.251086 ], [ -41.017332, -7.251192 ], [ -41.01728, -7.251392 ], [ -41.01746, -7.25169 ], [ -41.017413, -7.251886 ], [ -41.017237, -7.251962 ], [ -41.016551, -7.251784 ], [ -41.016011999999897, -7.25142 ], [ -41.015639, -7.25142 ], [ -41.015373, -7.251403 ], [ -41.015115, -7.251211 ], [ -41.014737, -7.251203 ], [ -41.014381, -7.251365 ], [ -41.013836, -7.251964 ], [ -41.013446, -7.25233 ], [ -41.013407, -7.252573 ], [ -41.013451, -7.252899 ], [ -41.013404, -7.252976 ], [ -41.013142, -7.253061 ], [ -41.012644, -7.252963 ], [ -41.012434, -7.252984 ], [ -41.012211, -7.253235 ], [ -41.011253, -7.25372 ], [ -41.010484, -7.253708 ], [ -41.010179999999899, -7.253631 ], [ -41.009789, -7.253474 ], [ -41.009163, -7.253299 ], [ -41.009008, -7.25304 ], [ -41.008845, -7.252759 ], [ -41.008592, -7.25284 ], [ -41.00854, -7.253121 ], [ -41.008738, -7.253568 ], [ -41.008695, -7.253921 ], [ -41.008553, -7.254044 ], [ -41.008317, -7.254087 ], [ -41.007944, -7.253989 ], [ -41.007734, -7.253929 ], [ -41.007506, -7.254014 ], [ -41.00733, -7.254197 ], [ -41.007230999999898, -7.254591 ], [ -41.007081, -7.254719 ], [ -41.00694, -7.254591 ], [ -41.006854, -7.253974 ], [ -41.006704, -7.253698 ], [ -41.006631, -7.253561 ], [ -41.006372999999897, -7.253557 ], [ -41.005729, -7.253868 ], [ -41.00518, -7.254034 ], [ -41.004837, -7.254123 ], [ -41.004536, -7.254119 ], [ -41.004429, -7.254004 ], [ -41.004536, -7.253855 ], [ -41.004648, -7.253766 ], [ -41.004627, -7.253583 ], [ -41.004339, -7.253557 ], [ -41.004004, -7.253608 ], [ -41.003588, -7.25334 ], [ -41.003312999999899, -7.253221 ], [ -41.003232, -7.253098 ], [ -41.003453, -7.252733 ], [ -41.003564, -7.252572 ], [ -41.003526, -7.25235 ], [ -41.003187, -7.252384 ], [ -41.00238, -7.252563 ], [ -41.001508999999899, -7.252912 ], [ -41.001213, -7.253035 ], [ -41.000951, -7.25321 ], [ -41.00062, -7.253269 ], [ -41.000466, -7.253206 ], [ -41.000376, -7.253078 ], [ -41.000444, -7.252912 ], [ -41.000878, -7.252363 ], [ -41.001146999999897, -7.252165 ], [ -41.001379, -7.251862 ], [ -41.00128, -7.251543 ], [ -41.000933, -7.251407 ], [ -41.00022, -7.251258 ], [ -40.999660999999897, -7.250967 ], [ -40.999125, -7.250801 ], [ -40.998939999999898, -7.250593 ], [ -40.998807, -7.250218 ], [ -40.998545, -7.249874 ], [ -40.998288, -7.24975 ], [ -40.997863, -7.249831 ], [ -40.997357, -7.250044 ], [ -40.997108, -7.250197 ], [ -40.996945, -7.250431 ], [ -40.996786, -7.250478 ], [ -40.996679, -7.250341 ], [ -40.99667, -7.250086 ], [ -40.996845999999898, -7.249712 ], [ -40.996896999999898, -7.249363 ], [ -40.996653, -7.24912 ], [ -40.996202, -7.248903 ], [ -40.996005, -7.248963 ], [ -40.995692, -7.249652 ], [ -40.995539999999899, -7.249937 ], [ -40.995012, -7.250176 ], [ -40.994368999999899, -7.250542 ], [ -40.994211, -7.250865 ], [ -40.994185, -7.25138 ], [ -40.994065, -7.251754 ], [ -40.993991999999899, -7.251775 ], [ -40.993752, -7.251652 ], [ -40.99355, -7.251648 ], [ -40.993313999999899, -7.251707 ], [ -40.992829, -7.252111 ], [ -40.992735, -7.252345 ], [ -40.992798999999899, -7.25246 ], [ -40.992778, -7.252575 ], [ -40.99267, -7.252724 ], [ -40.992306, -7.252813 ], [ -40.99219, -7.252894 ], [ -40.992048, -7.252877 ], [ -40.991669199999897, -7.25247939999997 ], [ -40.991547599999897, -7.25285759999997 ], [ -40.991518, -7.25335509999996 ], [ -40.991161, -7.25411239999994 ], [ -40.990754, -7.254669 ], [ -40.990471, -7.25461 ], [ -40.990213, -7.254678 ], [ -40.989853, -7.255103 ], [ -40.989518, -7.255563 ], [ -40.989063, -7.255682 ], [ -40.988806, -7.255333 ], [ -40.988453999999898, -7.254958 ], [ -40.987793, -7.254933 ], [ -40.986952, -7.255597 ], [ -40.987031699999903, -7.255946 ], [ -40.987054999999899, -7.256048 ], [ -40.987424, -7.256286 ], [ -40.98781, -7.256524 ], [ -40.987819, -7.256933 ], [ -40.987424, -7.257282 ], [ -40.987063, -7.257196 ], [ -40.986643, -7.257248 ], [ -40.986264999999896, -7.257537 ], [ -40.986119, -7.25786 ], [ -40.986154, -7.258277 ], [ -40.9726588, -7.30371879999996 ], [ -40.972319399999897, -7.30498019999993 ], [ -40.9722345, -7.30529549999994 ], [ -40.97198, -7.30624159999996 ], [ -40.9719592, -7.30661239999995 ], [ -40.971719, -7.31088719999997 ], [ -40.9710577, -7.32007659999994 ], [ -40.9710287999999, -7.320096 ], [ -40.9557146, -7.33041229999998 ], [ -40.937097, -7.342954 ], [ -40.937149, -7.343396 ], [ -40.936719, -7.343983 ], [ -40.936162, -7.34457 ], [ -40.935518, -7.346025 ], [ -40.934505, -7.34725 ], [ -40.933797, -7.348255 ], [ -40.933252, -7.349012 ], [ -40.932999, -7.349216 ], [ -40.932462, -7.349407 ], [ -40.932093, -7.349344 ], [ -40.931754, -7.349395 ], [ -40.931299, -7.349867 ], [ -40.930804, -7.35126 ], [ -40.930838, -7.352162 ], [ -40.930623, -7.353234 ], [ -40.930503, -7.353711 ], [ -40.930331, -7.354068 ], [ -40.930357, -7.354366 ], [ -40.930678999999898, -7.35457 ], [ -40.931246, -7.35494 ], [ -40.932173, -7.355497 ], [ -40.932958, -7.355769 ], [ -40.933425999999898, -7.355688 ], [ -40.933811999999897, -7.355752 ], [ -40.934142, -7.355829 ], [ -40.935341999999899, -7.355314 ], [ -40.935822, -7.354991 ], [ -40.936097, -7.354149 ], [ -40.936252, -7.353332 ], [ -40.93681, -7.352753 ], [ -40.937367, -7.352736 ], [ -40.937711, -7.353043 ], [ -40.9379, -7.354412 ], [ -40.938423, -7.355535 ], [ -40.940221, -7.356933 ], [ -40.9404681, -7.35796229999994 ], [ -40.9407878, -7.358282 ], [ -40.9411585, -7.35864539999994 ], [ -40.9414419, -7.35900879999997 ], [ -40.941471, -7.35911049999993 ], [ -40.9411537, -7.36027719999993 ], [ -40.9411478, -7.36029879999995 ], [ -40.9411267, -7.36037649999997 ], [ -40.9410973, -7.36048469999997 ], [ -40.9314161, -7.39608669999996 ], [ -40.9311044, -7.43121119999995 ], [ -40.931020799999899, -7.44062459999998 ], [ -40.9221742, -7.46512529999995 ], [ -40.923446899999902, -7.46766659999997 ], [ -40.9255388, -7.46997489999995 ], [ -40.9271469, -7.47212289999993 ], [ -40.928262199999899, -7.47423459999993 ], [ -40.9300119, -7.478774 ], [ -40.931508199999897, -7.48114639999994 ], [ -40.9339777, -7.48630729999996 ], [ -40.9348188, -7.48855319999996 ], [ -40.9349523, -7.49126449999994 ], [ -40.9348171, -7.493334 ], [ -40.9352046, -7.49493269999994 ], [ -40.935511, -7.496457 ], [ -40.935872, -7.496661 ], [ -40.936039, -7.496906 ], [ -40.936232, -7.497578 ], [ -40.9364, -7.498195 ], [ -40.936666, -7.498544 ], [ -40.937227999999898, -7.498858 ], [ -40.937618, -7.499573 ], [ -40.937703999999897, -7.499875 ], [ -40.937734, -7.5003 ], [ -40.937966, -7.500746 ], [ -40.938803, -7.501861 ], [ -40.938938999999898, -7.502164 ], [ -40.939076999999898, -7.502802 ], [ -40.939218, -7.503414 ], [ -40.939561, -7.503831 ], [ -40.940364, -7.504452 ], [ -40.940668, -7.504925 ], [ -40.940852, -7.505601 ], [ -40.940977, -7.506171 ], [ -40.941075, -7.506507 ], [ -40.941247, -7.506745 ], [ -40.941555, -7.506992 ], [ -40.941834, -7.507404 ], [ -40.942044, -7.507617 ], [ -40.942448, -7.507791 ], [ -40.942816999999899, -7.507987 ], [ -40.943439, -7.508574 ], [ -40.943834, -7.508676 ], [ -40.944364999999898, -7.508657 ], [ -40.945042999999899, -7.508487 ], [ -40.945511, -7.50841 ], [ -40.945863, -7.508453 ], [ -40.946548999999898, -7.508717 ], [ -40.94688, -7.508746 ], [ -40.947368, -7.508715 ], [ -40.948024, -7.508791 ], [ -40.948496, -7.508868 ], [ -40.949118999999897, -7.509255 ], [ -40.949522, -7.509463 ], [ -40.950040999999899, -7.50968 ], [ -40.950363, -7.509944 ], [ -40.950929, -7.510583 ], [ -40.951276, -7.510923 ], [ -40.951671, -7.511301 ], [ -40.951877, -7.511637 ], [ -40.951924, -7.511952 ], [ -40.95195, -7.512735 ], [ -40.952096, -7.513628 ], [ -40.952285, -7.514299 ], [ -40.952465, -7.514571 ], [ -40.95262, -7.514656 ], [ -40.952941, -7.51472 ], [ -40.9531, -7.51461 ], [ -40.953229, -7.514495 ], [ -40.953521, -7.514508 ], [ -40.95377, -7.514695 ], [ -40.953873, -7.51486 ], [ -40.95392, -7.515048 ], [ -40.953924, -7.515643 ], [ -40.954065, -7.515978 ], [ -40.954450999999899, -7.516403 ], [ -40.955382, -7.516764 ], [ -40.956442, -7.517109 ], [ -40.957214, -7.517481 ], [ -40.957935, -7.517469 ], [ -40.958621, -7.517379 ], [ -40.958965, -7.517179 ], [ -40.959312, -7.516656 ], [ -40.959924999999899, -7.515753 ], [ -40.960114, -7.515553 ], [ -40.960517, -7.515438 ], [ -40.961165, -7.515387 ], [ -40.961663, -7.515332 ], [ -40.961968, -7.515345 ], [ -40.962229, -7.515481 ], [ -40.962812, -7.5162 ], [ -40.963124999999899, -7.516434 ], [ -40.963769, -7.516706 ], [ -40.964241, -7.517195 ], [ -40.964456, -7.51739 ], [ -40.965481, -7.518088 ], [ -40.967179, -7.519178 ], [ -40.968157, -7.519927 ], [ -40.968449, -7.520063 ], [ -40.969448999999898, -7.520196 ], [ -40.97002, -7.520511 ], [ -40.970423, -7.521013 ], [ -40.971127, -7.52242 ], [ -40.97156, -7.52347 ], [ -40.971912, -7.524133 ], [ -40.972165, -7.524405 ], [ -40.972457, -7.524474 ], [ -40.973182, -7.524206 ], [ -40.973976, -7.524214 ], [ -40.975006, -7.524351 ], [ -40.975448, -7.524257 ], [ -40.976174, -7.523857 ], [ -40.976607, -7.523726 ], [ -40.977109, -7.523781 ], [ -40.977478, -7.52393 ], [ -40.977697, -7.524215 ], [ -40.978105, -7.525638 ], [ -40.978929, -7.527322 ], [ -40.979302, -7.527993 ], [ -40.979542, -7.528235 ], [ -40.979813, -7.528341 ], [ -40.980203, -7.528252 ], [ -40.980645, -7.527797 ], [ -40.981014, -7.527397 ], [ -40.981380999999899, -7.527111 ], [ -40.981738, -7.527124 ], [ -40.982239999999898, -7.527413 ], [ -40.982844999999898, -7.528004 ], [ -40.983386, -7.528761 ], [ -40.984097, -7.529327 ], [ -40.985127, -7.530492 ], [ -40.985989, -7.531313 ], [ -40.98661, -7.531863 ], [ -40.987367, -7.53203 ], [ -40.987783, -7.532004 ], [ -40.988019, -7.531817 ], [ -40.988109, -7.531494 ], [ -40.988113999999896, -7.530967 ], [ -40.988243, -7.530078 ], [ -40.988430999999899, -7.529428 ], [ -40.988732, -7.529015 ], [ -40.989727, -7.528156 ], [ -40.990572, -7.527537 ], [ -40.991001, -7.526763 ], [ -40.991464, -7.525368 ], [ -40.992142, -7.524322 ], [ -40.993458, -7.522649 ], [ -40.994269, -7.521786 ], [ -40.994805, -7.520638 ], [ -41.001212399999901, -7.50384279999997 ], [ -41.006456399999898, -7.49010679999998 ], [ -41.008369199999898, -7.48509659999996 ], [ -41.0091795, -7.48071259999995 ], [ -41.0093629, -7.47972039999996 ], [ -41.017311999999897, -7.436703 ] ] ] ] } },
{ "type": "Feature", "properties": { "CD_MUN": "2201556", "NM_MUN": "Bela Vista do Piauí", "CD_RGI": "220012", "NM_RGI": "Simplício Mendes", "CD_RGINT": "2203", "NM_RGINT": "Picos", "CD_UF": "22", "NM_UF": "Piauí", "SIGLA_UF": "PI", "CD_REGIAO": "2", "NM_REGIAO": "Nordeste", "SIGLA_RG": "NE", "CD_CONCURB": null, "NM_CONCURB": null, "AREA_KM2": 499.092 }, "geometry": { "type": "MultiPolygon", "coordinates": [ [ [ [ -41.8567697, -7.93960479999993 ], [ -41.8560747, -7.93938879999996 ], [ -41.827452799999897, -7.93291389999996 ], [ -41.8199766, -7.93122259999996 ], [ -41.775038499999901, -7.93359429999998 ], [ -41.730416499999897, -7.96061719999994 ], [ -41.7309989, -7.96247349999993 ], [ -41.7315852, -7.96432749999997 ], [ -41.7389008, -7.98745759999997 ], [ -41.735525499999902, -7.99872139999997 ], [ -41.7314789, -8.012775399999949 ], [ -41.731373899999902, -8.01313989999994 ], [ -41.731352899999898, -8.01321289999993 ], [ -41.7313455, -8.013238599999969 ], [ -41.7313382, -8.013264 ], [ -41.7272426, -8.02748789999993 ], [ -41.715226099999903, -8.05575229999994 ], [ -41.6957012, -8.06746719999995 ], [ -41.6932239, -8.068953599999929 ], [ -41.725988599999901, -8.08312879999994 ], [ -41.726435, -8.08332189999993 ], [ -41.726547099999898, -8.083370499999941 ], [ -41.7339863999999, -8.086589 ], [ -41.7399513, -8.088438599999961 ], [ -41.7501621, -8.092401299999951 ], [ -41.777287199999897, -8.116906799999979 ], [ -41.785990899999902, -8.118512399999929 ], [ -41.795624099999898, -8.116822299999971 ], [ -41.8013702, -8.116822299999971 ], [ -41.813285, -8.116906799999979 ], [ -41.8175100999999, -8.11741379999995 ], [ -41.8273123, -8.11969539999996 ], [ -41.832213399999901, -8.12054039999998 ], [ -41.8399588999999, -8.11876529999995 ], [ -41.8429775, -8.119037299999951 ], [ -41.8454674, -8.11934859999997 ], [ -41.850073699999903, -8.12009549999993 ], [ -41.8516299, -8.11990879999996 ], [ -41.8547422, -8.11835259999998 ], [ -41.8596597, -8.11380859999997 ], [ -41.8565474, -8.065504899999951 ], [ -41.8736031, -8.05093909999994 ], [ -41.9024856999999, -8.013590799999969 ], [ -41.91247, -8.013477899999939 ], [ -41.9124717, -8.013477899999939 ], [ -41.9124729, -8.013477899999939 ], [ -41.912503, -8.013477599999931 ], [ -41.9126843, -8.01347549999997 ], [ -41.94821, -8.013073799999971 ], [ -41.968723, -8.00082139999995 ], [ -41.994166999999898, -7.986576 ], [ -41.994498399999898, -7.98647769999997 ], [ -42.031865799999899, -7.97539789999996 ], [ -42.0213452, -7.94317849999993 ], [ -42.021779099999897, -7.93654069999997 ], [ -42.0240272, -7.90881939999997 ], [ -41.9987434, -7.90697969999997 ], [ -41.9983353, -7.90695 ], [ -41.9743685, -7.90499769999997 ], [ -41.9383414, -7.90447509999996 ], [ -41.9368238, -7.90453029999998 ], [ -41.9355548, -7.90310489999996 ], [ -41.9343311, -7.90173749999997 ], [ -41.9330007, -7.90025139999995 ], [ -41.9319935, -7.89912809999993 ], [ -41.930873899999902, -7.89786869999995 ], [ -41.929684, -7.89654949999994 ], [ -41.9285159, -7.89524459999996 ], [ -41.9279422, -7.89460289999994 ], [ -41.927153099999899, -7.89374569999995 ], [ -41.9268637, -7.89340209999995 ], [ -41.9264238, -7.89289079999998 ], [ -41.9259503, -7.89238079999996 ], [ -41.9256437, -7.89205549999997 ], [ -41.925442299999901, -7.89179669999993 ], [ -41.9252369, -7.89148869999997 ], [ -41.925105099999897, -7.89128859999994 ], [ -41.9249288, -7.89094539999996 ], [ -41.9247515, -7.89053909999996 ], [ -41.9245342, -7.88983969999992 ], [ -41.9243172, -7.88890689999994 ], [ -41.924042299999897, -7.88773529999997 ], [ -41.9237467, -7.88639089999998 ], [ -41.9235351, -7.88564719999994 ], [ -41.9233343, -7.88527119999998 ], [ -41.9230727999999, -7.88491749999997 ], [ -41.922812099999902, -7.88465189999994 ], [ -41.9220708, -7.88398989999996 ], [ -41.9215177, -7.88348909999996 ], [ -41.9204002, -7.88252319999998 ], [ -41.9188728, -7.881139 ], [ -41.9174939, -7.87994689999994 ], [ -41.916786499999901, -7.87930089999998 ], [ -41.916465199999898, -7.87895539999994 ], [ -41.9160388, -7.878437 ], [ -41.9152577999999, -7.877374 ], [ -41.9147608, -7.87667079999994 ], [ -41.9140277, -7.875628 ], [ -41.914010699999899, -7.875643 ], [ -41.9135994, -7.87604319999997 ], [ -41.9132298, -7.87639829999995 ], [ -41.9128999, -7.87664559999996 ], [ -41.912236, -7.87705639999996 ], [ -41.911196, -7.87768219999998 ], [ -41.910141699999897, -7.87832679999997 ], [ -41.908985, -7.87899969999995 ], [ -41.907486999999897, -7.879857 ], [ -41.9065634, -7.88036539999996 ], [ -41.906511599999902, -7.88039379999998 ], [ -41.906407199999897, -7.88045129999995 ], [ -41.9050855, -7.88117159999996 ], [ -41.9044504, -7.88151439999996 ], [ -41.9041147, -7.88168909999996 ], [ -41.9032002, -7.882208 ], [ -41.9020586, -7.88278869999994 ], [ -41.9008592, -7.88342579999994 ], [ -41.899303, -7.88425269999993 ], [ -41.8981656999999, -7.88486389999997 ], [ -41.8973837, -7.88521 ], [ -41.8970571999999, -7.88529109999996 ], [ -41.8961791, -7.88535329999996 ], [ -41.8947841, -7.88541759999993 ], [ -41.8936054, -7.88547339999997 ], [ -41.89244, -7.88552129999994 ], [ -41.8906072, -7.88559769999995 ], [ -41.8906054999999, -7.885796 ], [ -41.8906049, -7.88584339999994 ], [ -41.8905928, -7.88624519999996 ], [ -41.8903865999999, -7.88690739999993 ], [ -41.8902588, -7.88716719999996 ], [ -41.8900927, -7.88737079999993 ], [ -41.8900073, -7.88768219999997 ], [ -41.8898803, -7.88804739999995 ], [ -41.8898136, -7.88842339999997 ], [ -41.889802099999898, -7.88864719999998 ], [ -41.889778799999903, -7.88883669999996 ], [ -41.8898002, -7.88898689999996 ], [ -41.8898674, -7.88927079999996 ], [ -41.8899385, -7.88957449999998 ], [ -41.889961899999903, -7.88976809999997 ], [ -41.889890599999902, -7.88992019999995 ], [ -41.8897049, -7.88998169999996 ], [ -41.8890061, -7.88991739999994 ], [ -41.8885146, -7.88986159999996 ], [ -41.8883595, -7.88988649999993 ], [ -41.8881256, -7.88989909999998 ], [ -41.8879466, -7.88983309999998 ], [ -41.887774299999897, -7.88981269999994 ], [ -41.8866576, -7.89032779999997 ], [ -41.8859383, -7.89068529999997 ], [ -41.8859189, -7.89078739999997 ], [ -41.885967299999898, -7.89107449999995 ], [ -41.8860223, -7.89138409999993 ], [ -41.885985199999901, -7.89167109999994 ], [ -41.885802899999902, -7.89203309999994 ], [ -41.885682099999897, -7.89232869999995 ], [ -41.885649, -7.892664 ], [ -41.885691199999897, -7.89294579999995 ], [ -41.8856883999999, -7.89298809999997 ], [ -41.8854734, -7.89318729999997 ], [ -41.8850651, -7.89341629999996 ], [ -41.8839518, -7.89416489999996 ], [ -41.8834535, -7.89447529999995 ], [ -41.882708, -7.89495009999996 ], [ -41.882132899999903, -7.89536839999994 ], [ -41.8819331, -7.89552909999998 ], [ -41.8817873, -7.89560709999995 ], [ -41.8815552, -7.89569879999993 ], [ -41.880884, -7.89584839999998 ], [ -41.8804329, -7.89596419999998 ], [ -41.880264899999901, -7.89605139999998 ], [ -41.880143099999898, -7.89616009999997 ], [ -41.880063999999898, -7.89632429999995 ], [ -41.8800539, -7.89652 ], [ -41.8801227, -7.89678419999996 ], [ -41.8802534, -7.89697029999996 ], [ -41.8803733, -7.89708059999998 ], [ -41.8806231, -7.89734409999994 ], [ -41.8807833, -7.89755749999995 ], [ -41.880842599999902, -7.89778629999995 ], [ -41.8808462, -7.89789669999993 ], [ -41.8807757, -7.89817509999995 ], [ -41.8807475999999, -7.898492 ], [ -41.8808271, -7.898746 ], [ -41.8810311, -7.89908739999993 ], [ -41.881123499999902, -7.89951849999994 ], [ -41.8812449, -7.89974269999993 ], [ -41.8812693, -7.899983 ], [ -41.881240499999898, -7.90018049999998 ], [ -41.8810584, -7.90038459999994 ], [ -41.8806886, -7.90064769999998 ], [ -41.8803232, -7.90095579999996 ], [ -41.880060699999902, -7.90123459999995 ], [ -41.8799266, -7.90145379999996 ], [ -41.8798398, -7.90177389999997 ], [ -41.879778, -7.90203829999996 ], [ -41.8798264, -7.90225369999996 ], [ -41.8799782, -7.90251139999998 ], [ -41.8800608, -7.902779 ], [ -41.8800206, -7.90332049999995 ], [ -41.8799447, -7.90353669999996 ], [ -41.879713599999903, -7.90371119999998 ], [ -41.8794593, -7.90394249999997 ], [ -41.878902099999898, -7.90477259999994 ], [ -41.8785185999999, -7.90583079999993 ], [ -41.8783827, -7.90642549999995 ], [ -41.8783347, -7.907116 ], [ -41.878257899999902, -7.90794809999994 ], [ -41.8782087, -7.90827849999994 ], [ -41.8781068, -7.90866319999998 ], [ -41.8778071, -7.90923019999997 ], [ -41.8775911, -7.909535 ], [ -41.877423399999898, -7.90984279999998 ], [ -41.8773744, -7.91018059999993 ], [ -41.877132399999901, -7.91085539999995 ], [ -41.8767836, -7.91136909999994 ], [ -41.8763311, -7.91178179999997 ], [ -41.8761355, -7.91211459999994 ], [ -41.875868, -7.91277339999994 ], [ -41.875737699999902, -7.91309419999993 ], [ -41.8754559, -7.91371229999993 ], [ -41.8749943, -7.91442449999994 ], [ -41.8746363, -7.915036 ], [ -41.8743981, -7.915443 ], [ -41.874074999999898, -7.91583139999995 ], [ -41.873796399999897, -7.91615649999994 ], [ -41.873613299999903, -7.91655729999997 ], [ -41.8734562, -7.91685549999994 ], [ -41.8733444, -7.91702219999996 ], [ -41.872939099999897, -7.91740079999994 ], [ -41.872172, -7.91808449999996 ], [ -41.8716522, -7.91849929999995 ], [ -41.8713140999999, -7.91883959999996 ], [ -41.871214, -7.91899929999994 ], [ -41.871112, -7.91921579999996 ], [ -41.870913899999898, -7.91943329999998 ], [ -41.8707952, -7.919633 ], [ -41.8704322, -7.92005029999996 ], [ -41.8701177, -7.92043539999997 ], [ -41.8699695, -7.92068829999994 ], [ -41.8696926, -7.92117009999993 ], [ -41.8694507, -7.92156159999996 ], [ -41.8691855, -7.921851 ], [ -41.8686097, -7.92243759999997 ], [ -41.868251799999904, -7.92278439999995 ], [ -41.8680229, -7.92310239999995 ], [ -41.8674553, -7.92380419999995 ], [ -41.8673783, -7.92383739999997 ], [ -41.8670723, -7.923869 ], [ -41.8666145, -7.92404969999996 ], [ -41.8659158, -7.92451769999997 ], [ -41.865249499999898, -7.92494309999995 ], [ -41.864729, -7.92520939999997 ], [ -41.864511, -7.92531879999996 ], [ -41.864503, -7.92547859999996 ], [ -41.864579299999903, -7.92580219999996 ], [ -41.8647789, -7.92629779999993 ], [ -41.864980699999897, -7.92677009999994 ], [ -41.8651952, -7.92733879999997 ], [ -41.865229999999897, -7.92762689999995 ], [ -41.8653049, -7.928024 ], [ -41.8653332, -7.92831719999998 ], [ -41.8653252, -7.92839589999994 ], [ -41.8651934, -7.928508 ], [ -41.8648717, -7.92856569999998 ], [ -41.8647606, -7.92858569999993 ], [ -41.864615, -7.92864149999997 ], [ -41.8642445, -7.92878349999995 ], [ -41.863976099999903, -7.92889859999997 ], [ -41.8638374, -7.92896019999995 ], [ -41.8636769, -7.92919029999996 ], [ -41.8636741, -7.92943419999995 ], [ -41.8637002, -7.92950239999993 ], [ -41.8636013, -7.92964989999996 ], [ -41.863216399999899, -7.93018009999997 ], [ -41.8629261, -7.93036009999997 ], [ -41.8628181999999, -7.93044559999993 ], [ -41.8628069, -7.93045469999993 ], [ -41.8627372, -7.93050989999995 ], [ -41.8626489, -7.93058 ], [ -41.8625508, -7.93065789999997 ], [ -41.8621077, -7.93102329999994 ], [ -41.8617781, -7.93127119999997 ], [ -41.8615143, -7.93151919999997 ], [ -41.8613806, -7.931712 ], [ -41.8611071999999, -7.93214939999996 ], [ -41.8607272, -7.93268309999996 ], [ -41.8603408, -7.93313559999996 ], [ -41.8599038999999, -7.93349129999996 ], [ -41.8593837, -7.93385169999993 ], [ -41.859100399999903, -7.93405089999993 ], [ -41.858747, -7.93446959999994 ], [ -41.8585418, -7.93466539999997 ], [ -41.858294199999897, -7.93482889999996 ], [ -41.858141499999903, -7.93491169999993 ], [ -41.8579442, -7.935134 ], [ -41.8577162, -7.93533579999996 ], [ -41.8575963, -7.93551509999998 ], [ -41.857489799999897, -7.93588839999995 ], [ -41.8574308, -7.93652009999994 ], [ -41.857270099999901, -7.93730089999997 ], [ -41.857093099999901, -7.93827279999994 ], [ -41.8567697, -7.93960479999993 ] ] ] ] } },
{ "type": "Feature", "properties": { "CD_MUN": "2209856", "NM_MUN": "São João da Canabrava", "CD_RGI": "220009", "NM_RGI": "Picos", "CD_RGINT": "2203", "NM_RGINT": "Picos", "CD_UF": "22", "NM_UF": "Piauí", "SIGLA_UF": "PI", "CD_REGIAO": "2", "NM_REGIAO": "Nordeste", "SIGLA_RG": "NE", "CD_CONCURB": null, "NM_CONCURB": null, "AREA_KM2": 476.094 }, "geometry": { "type": "MultiPolygon", "coordinates": [ [ [ [ -41.3373338, -6.82378629999994 ], [ -41.336691599999902, -6.82474349999995 ], [ -41.3365008, -6.82540709999995 ], [ -41.3361368, -6.82693339999997 ], [ -41.3357665999999, -6.82878329999994 ], [ -41.3357606, -6.82880639999996 ], [ -41.3313077, -6.84011229999993 ], [ -41.332128899999901, -6.84212949999994 ], [ -41.331758099999902, -6.84451009999998 ], [ -41.332845899999903, -6.84714349999996 ], [ -41.3337276, -6.84838239999993 ], [ -41.334300299999903, -6.84972349999993 ], [ -41.3338332, -6.85080669999996 ], [ -41.333729199999901, -6.85090979999995 ], [ -41.3328458, -6.85059989999996 ], [ -41.331338699999897, -6.85044449999998 ], [ -41.331234799999898, -6.850496 ], [ -41.330714199999903, -6.85245649999996 ], [ -41.3319549, -6.85580749999997 ], [ -41.3343939, -6.85740609999993 ], [ -41.3366194, -6.85982549999994 ], [ -41.3372811999999, -6.86343509999995 ], [ -41.339752599999898, -6.863743 ], [ -41.3425611, -6.864093 ], [ -41.3427824, -6.86412049999996 ], [ -41.343344199999898, -6.86419049999995 ], [ -41.3439059, -6.86426049999994 ], [ -41.347393899999901, -6.86469509999995 ], [ -41.348059299999903, -6.864778 ], [ -41.350557, -6.86508919999994 ], [ -41.351683799999897, -6.86522959999996 ], [ -41.352080699999902, -6.86642939999996 ], [ -41.3521851, -6.86666189999994 ], [ -41.352518, -6.86740319999996 ], [ -41.352611099999898, -6.86761119999994 ], [ -41.3527374, -6.86789349999998 ], [ -41.3528975, -6.86838039999998 ], [ -41.3533379, -6.86971609999995 ], [ -41.353691099999899, -6.87079249999994 ], [ -41.353942, -6.87132289999994 ], [ -41.357383899999903, -6.87318159999995 ], [ -41.3649991, -6.87297849999993 ], [ -41.369060499999897, -6.87115089999998 ], [ -41.3712639, -6.86884689999994 ], [ -41.372996699999902, -6.86718289999993 ], [ -41.3742104, -6.86635649999994 ], [ -41.3748939, -6.865489 ], [ -41.3750916, -6.86523819999996 ], [ -41.3766188, -6.86330009999995 ], [ -41.377803, -6.862117 ], [ -41.3789871, -6.86093389999996 ], [ -41.3806076, -6.86053869999995 ], [ -41.3850629, -6.86072759999996 ], [ -41.3935933, -6.86108919999998 ], [ -41.395661, -6.86117679999995 ], [ -41.3962729, -6.86120269999998 ], [ -41.3968848, -6.86122869999997 ], [ -41.3980814, -6.85175429999993 ], [ -41.3981017, -6.85158079999997 ], [ -41.400681, -6.83113109999994 ], [ -41.402101199999898, -6.82782439999994 ], [ -41.414971599999902, -6.79785749999996 ], [ -41.415036299999898, -6.79770679999996 ], [ -41.4150586, -6.79765479999998 ], [ -41.404370399999898, -6.77792679999993 ], [ -41.4254883, -6.74785159999993 ], [ -41.4574888, -6.74334039999997 ], [ -41.4575399, -6.74333269999994 ], [ -41.4581195, -6.74325089999996 ], [ -41.4583248, -6.74322159999997 ], [ -41.4495315, -6.70779259999995 ], [ -41.4482944, -6.70280909999997 ], [ -41.4447048, -6.68834939999994 ], [ -41.4446206, -6.68785859999997 ], [ -41.4417311, -6.67100489999996 ], [ -41.480652099999901, -6.66886439999996 ], [ -41.4952992999999, -6.66777369999994 ], [ -41.5079008, -6.63512509999993 ], [ -41.5080376, -6.63397529999997 ], [ -41.5084032, -6.630902 ], [ -41.5110973, -6.60825239999997 ], [ -41.5084595, -6.55688459999993 ], [ -41.4264515, -6.56586789999994 ], [ -41.426416699999898, -6.56588549999998 ], [ -41.4263898, -6.56589909999997 ], [ -41.4221233, -6.56806009999997 ], [ -41.371068299999898, -6.59391989999995 ], [ -41.329701699999902, -6.61856649999993 ], [ -41.329087899999898, -6.61898789999998 ], [ -41.316601299999903, -6.62756 ], [ -41.281908499999901, -6.65113069999995 ], [ -41.293087699999901, -6.67460349999993 ], [ -41.2803299, -6.67540809999997 ], [ -41.2816255, -6.67675889999992 ], [ -41.305791199999902, -6.701955 ], [ -41.307218, -6.71552629999996 ], [ -41.3100747, -6.719543 ], [ -41.3133715, -6.725907 ], [ -41.3157208, -6.729564 ], [ -41.315852199999902, -6.73187189999993 ], [ -41.315697, -6.73202959999998 ], [ -41.3148239, -6.73291219999993 ], [ -41.3119215, -6.73413289999996 ], [ -41.3108473, -6.73479649999996 ], [ -41.309188199999902, -6.73983169999997 ], [ -41.3091633, -6.74008889999993 ], [ -41.3093873, -6.74388409999995 ], [ -41.3094245999999, -6.74409559999998 ], [ -41.3113906, -6.74853779999995 ], [ -41.3117556, -6.74890279999994 ], [ -41.315953099999902, -6.75170669999994 ], [ -41.3162766, -6.75225409999996 ], [ -41.3174493, -6.75623009999993 ], [ -41.3177532, -6.75726039999995 ], [ -41.3177175, -6.75749139999994 ], [ -41.316492299999901, -6.76542309999996 ], [ -41.3165587, -6.76605349999994 ], [ -41.317836199999903, -6.77049159999996 ], [ -41.317707599999899, -6.77213819999997 ], [ -41.3173426, -6.77470149999994 ], [ -41.3172264, -6.77504989999994 ], [ -41.316902899999903, -6.77548129999997 ], [ -41.3151609, -6.77660939999993 ], [ -41.3138834, -6.77790349999998 ], [ -41.313096599999902, -6.77999689999996 ], [ -41.313949, -6.78219189999993 ], [ -41.313605499999902, -6.78563069999996 ], [ -41.3138046, -6.78881609999996 ], [ -41.313074599999901, -6.79140429999995 ], [ -41.313141, -6.79256559999993 ], [ -41.314053499999901, -6.79382649999997 ], [ -41.3183007, -6.79395919999996 ], [ -41.3219175, -6.79541929999993 ], [ -41.3226791, -6.79672009999996 ], [ -41.323311499999903, -6.79819769999995 ], [ -41.322739199999901, -6.80062889999994 ], [ -41.3231238, -6.80263179999997 ], [ -41.323201099999899, -6.80344579999996 ], [ -41.3232366, -6.80381979999993 ], [ -41.3240871, -6.804657 ], [ -41.325143, -6.80502709999996 ], [ -41.3265681, -6.80535919999994 ], [ -41.3329337, -6.80849279999995 ], [ -41.3332882999999, -6.80990549999996 ], [ -41.333727699999898, -6.810186 ], [ -41.3341986, -6.81048659999993 ], [ -41.335118, -6.811641 ], [ -41.335096399999898, -6.81260889999993 ], [ -41.3350616, -6.81263689999997 ], [ -41.334356, -6.81319159999993 ], [ -41.3337935, -6.81389059999998 ], [ -41.3337749, -6.81470249999995 ], [ -41.3340411, -6.81552939999995 ], [ -41.3346792, -6.81681479999997 ], [ -41.3367612, -6.81990259999998 ], [ -41.3373137, -6.82074509999995 ], [ -41.3372039, -6.82199279999998 ], [ -41.3375543, -6.82345769999995 ], [ -41.3373621, -6.82374409999994 ], [ -41.3373338, -6.82378629999994 ] ] ] ] } },
{ "type": "Feature", "properties": { "CD_MUN": "2209658", "NM_MUN": "São Francisco de Assis do Piauí", "CD_RGI": "220012", "NM_RGI": "Simplício Mendes", "CD_RGINT": "2203", "NM_RGINT": "Picos", "CD_UF": "22", "NM_UF": "Piauí", "SIGLA_UF": "PI", "CD_REGIAO": "2", "NM_REGIAO": "Nordeste", "SIGLA_RG": "NE", "CD_CONCURB": null, "NM_CONCURB": null, "AREA_KM2": 1072.311 }, "geometry": { "type": "MultiPolygon", "coordinates": [ [ [ [ -41.3912592, -8.25998539999995 ], [ -41.391207, -8.261616 ], [ -41.391134, -8.262499 ], [ -41.391346999999897, -8.263256 ], [ -41.392024999999897, -8.26419 ], [ -41.392489, -8.264835 ], [ -41.392686, -8.265302 ], [ -41.392995, -8.265548 ], [ -41.393699, -8.265523 ], [ -41.394403, -8.265268 ], [ -41.395260999999898, -8.264631 ], [ -41.395751, -8.263944 ], [ -41.396001, -8.263572 ], [ -41.396202, -8.263415 ], [ -41.396524, -8.263385 ], [ -41.397069, -8.263606 ], [ -41.397922999999899, -8.264145 ], [ -41.398798999999897, -8.264854 ], [ -41.399395, -8.265533 ], [ -41.399721, -8.265958 ], [ -41.399965, -8.2661 ], [ -41.401806, -8.266753 ], [ -41.403191999999898, -8.26725 ], [ -41.404179, -8.267759 ], [ -41.404925999999897, -8.268242 ], [ -41.405136, -8.268518 ], [ -41.405338, -8.26893 ], [ -41.405334, -8.269129 ], [ -41.404956, -8.269617 ], [ -41.404587, -8.270118 ], [ -41.404355, -8.270216 ], [ -41.403874, -8.27036 ], [ -41.403734, -8.27072 ], [ -41.403717, -8.271319 ], [ -41.40397, -8.271934 ], [ -41.404296, -8.272881 ], [ -41.404377, -8.273667 ], [ -41.404355, -8.273947 ], [ -41.404231, -8.274541 ], [ -41.403776, -8.275717 ], [ -41.403436999999897, -8.276415 ], [ -41.403128, -8.276844 ], [ -41.402560999999899, -8.277476 ], [ -41.402188, -8.277718 ], [ -41.401925999999897, -8.277689 ], [ -41.401322799999903, -8.277509299999959 ], [ -41.400342, -8.27723 ], [ -41.400104999999897, -8.277183 ], [ -41.399475, -8.277382 ], [ -41.399191, -8.277425 ], [ -41.398805, -8.277429 ], [ -41.39844, -8.277599 ], [ -41.398328999999897, -8.277836 ], [ -41.398402, -8.278189 ], [ -41.398938, -8.278723 ], [ -41.399287, -8.279309 ], [ -41.39939, -8.279509 ], [ -41.399424, -8.279831 ], [ -41.3996, -8.28009 ], [ -41.399961, -8.280303 ], [ -41.401226999999899, -8.280286 ], [ -41.402261, -8.280235 ], [ -41.403874, -8.279791 ], [ -41.404491999999898, -8.279596 ], [ -41.404767, -8.279307 ], [ -41.406007, -8.27865 ], [ -41.406531, -8.278272 ], [ -41.407269, -8.277451 ], [ -41.407638, -8.277383 ], [ -41.408041, -8.277345 ], [ -41.408853, -8.277664 ], [ -41.409422999999897, -8.278079 ], [ -41.409740999999897, -8.278411 ], [ -41.410325, -8.278795 ], [ -41.410556, -8.27899 ], [ -41.410676, -8.279181 ], [ -41.410788, -8.279533 ], [ -41.411621, -8.280556 ], [ -41.412151999999899, -8.281023 ], [ -41.412937, -8.281664 ], [ -41.413375, -8.282288 ], [ -41.414155999999899, -8.283141 ], [ -41.415422, -8.284586 ], [ -41.416061, -8.285655 ], [ -41.416386, -8.28619 ], [ -41.416571, -8.286288 ], [ -41.417356, -8.286445 ], [ -41.417665, -8.286606 ], [ -41.417996, -8.287162 ], [ -41.418197, -8.287684 ], [ -41.418411999999897, -8.287939 ], [ -41.418421, -8.288223 ], [ -41.418101, -8.288622 ], [ -41.417569, -8.288843 ], [ -41.416182999999897, -8.289319 ], [ -41.415384, -8.289323 ], [ -41.414968, -8.289522 ], [ -41.414436, -8.290273 ], [ -41.413826, -8.291122 ], [ -41.413689, -8.291504 ], [ -41.413435999999898, -8.292654 ], [ -41.413445, -8.292936 ], [ -41.4135, -8.293136 ], [ -41.41347, -8.293331 ], [ -41.413281, -8.293981 ], [ -41.413161, -8.294193 ], [ -41.412968, -8.294303 ], [ -41.412911999999899, -8.294426 ], [ -41.413075, -8.294804 ], [ -41.413435999999898, -8.295139 ], [ -41.413676, -8.295214 ], [ -41.414426999999897, -8.295426 ], [ -41.415247, -8.295656 ], [ -41.41547, -8.295677 ], [ -41.415959, -8.295588 ], [ -41.416333, -8.295634 ], [ -41.41659, -8.295741 ], [ -41.416843, -8.295978 ], [ -41.4169506, -8.29611749999998 ], [ -41.4172182, -8.29616209999995 ], [ -41.4176171, -8.295510199999971 ], [ -41.4191259, -8.29524919999994 ], [ -41.4223009, -8.29561919999998 ], [ -41.4292353, -8.29575339999997 ], [ -41.4331787, -8.29310719999995 ], [ -41.434479, -8.290186899999981 ], [ -41.435727, -8.28784729999995 ], [ -41.438753399999896, -8.28622959999996 ], [ -41.4414507, -8.285836199999951 ], [ -41.4425267, -8.28474339999997 ], [ -41.444364699999902, -8.281872199999951 ], [ -41.445495, -8.28064229999995 ], [ -41.4482915, -8.28057879999994 ], [ -41.450930899999904, -8.28000589999994 ], [ -41.453385, -8.28070429999997 ], [ -41.4575953, -8.28366859999994 ], [ -41.4603954, -8.28654289999997 ], [ -41.4622079, -8.289232099999939 ], [ -41.464298, -8.29108419999994 ], [ -41.4667853, -8.292954699999941 ], [ -41.468401899999897, -8.29397119999993 ], [ -41.4712266, -8.29419049999996 ], [ -41.474101899999901, -8.29673309999993 ], [ -41.474350399999899, -8.299395699999931 ], [ -41.4735651, -8.303619199999959 ], [ -41.4725943, -8.307337599999929 ], [ -41.4721466, -8.31057439999995 ], [ -41.4737473, -8.316113 ], [ -41.475548199999899, -8.31935549999997 ], [ -41.4770147, -8.321195699999979 ], [ -41.4776270999999, -8.324201899999929 ], [ -41.4690365, -8.335276399999939 ], [ -41.467141599999898, -8.338512699999971 ], [ -41.467844199999902, -8.341751399999961 ], [ -41.471178699999903, -8.34525879999995 ], [ -41.4735089, -8.347968099999949 ], [ -41.474846899999903, -8.352090899999951 ], [ -41.475454699999901, -8.355480599999961 ], [ -41.475808399999899, -8.35902769999996 ], [ -41.4757637, -8.35926229999995 ], [ -41.47907, -8.36373849999995 ], [ -41.481631299999897, -8.365845699999969 ], [ -41.486011, -8.36648479999997 ], [ -41.486505899999898, -8.36810969999993 ], [ -41.4889654, -8.36816729999993 ], [ -41.508482199999897, -8.368624399999931 ], [ -41.5229591, -8.37339929999996 ], [ -41.5254146, -8.368196799999961 ], [ -41.526395299999898, -8.366663299999971 ], [ -41.5279097, -8.36483149999998 ], [ -41.5299262, -8.362696 ], [ -41.5317792, -8.361600399999929 ], [ -41.5331709, -8.36111809999994 ], [ -41.535769199999898, -8.360740199999951 ], [ -41.537075, -8.360133299999969 ], [ -41.5377657, -8.35936069999997 ], [ -41.5384543, -8.35840239999993 ], [ -41.5402933, -8.35694909999995 ], [ -41.5416228, -8.355157399999939 ], [ -41.5422884, -8.35378109999994 ], [ -41.5446676, -8.349429599999951 ], [ -41.5450741, -8.348399 ], [ -41.5454745, -8.34693839999994 ], [ -41.546166, -8.346448699999939 ], [ -41.5476563, -8.34578189999996 ], [ -41.549685, -8.345034399999969 ], [ -41.551011, -8.343964799999981 ], [ -41.5519556, -8.342891299999961 ], [ -41.5534203, -8.341719799999961 ], [ -41.5546995999999, -8.341706899999959 ], [ -41.5559623, -8.34105079999995 ], [ -41.5562088, -8.339967399999979 ], [ -41.556994, -8.339474299999949 ], [ -41.5584004, -8.339574 ], [ -41.5604605999999, -8.339852899999929 ], [ -41.562359, -8.339681199999969 ], [ -41.5635245, -8.339083 ], [ -41.564090399999898, -8.33769459999996 ], [ -41.5641314, -8.335909099999981 ], [ -41.5649558, -8.334477399999971 ], [ -41.5661266, -8.333966 ], [ -41.5672795, -8.332882 ], [ -41.5676395999999, -8.33150759999995 ], [ -41.567803599999898, -8.32948269999997 ], [ -41.568301, -8.32833179999994 ], [ -41.569073699999898, -8.32796819999993 ], [ -41.570334699999897, -8.32756209999997 ], [ -41.5711161, -8.327015699999951 ], [ -41.571874799999897, -8.32604339999995 ], [ -41.572702799999902, -8.32531719999997 ], [ -41.573352, -8.32427169999994 ], [ -41.572614499999901, -8.32200429999995 ], [ -41.5728068, -8.320081899999931 ], [ -41.5724311, -8.318483399999931 ], [ -41.571788599999898, -8.31758679999996 ], [ -41.57086, -8.316972199999951 ], [ -41.5688931, -8.31704559999997 ], [ -41.567203999999897, -8.316498899999941 ], [ -41.566413699999899, -8.31567989999996 ], [ -41.5655843, -8.31366979999996 ], [ -41.5647473, -8.31286529999994 ], [ -41.5649318, -8.312237 ], [ -41.5667754, -8.312525 ], [ -41.5687846, -8.313398 ], [ -41.572062199999898, -8.314002899999929 ], [ -41.575299399999899, -8.315272399999969 ], [ -41.5772805, -8.31626029999995 ], [ -41.582821399999901, -8.318685899999929 ], [ -41.584706299999901, -8.31979729999995 ], [ -41.5848156, -8.31986169999993 ], [ -41.5871162, -8.32048449999996 ], [ -41.5903218, -8.320586799999941 ], [ -41.5935711, -8.32034549999997 ], [ -41.596922699999901, -8.32056979999993 ], [ -41.5999844, -8.321083199999981 ], [ -41.6034266, -8.32031629999994 ], [ -41.6069977, -8.319894599999939 ], [ -41.610661799999903, -8.31897789999994 ], [ -41.6132952, -8.317229499999939 ], [ -41.614950899999897, -8.315521099999961 ], [ -41.6165424, -8.31445979999995 ], [ -41.6195091, -8.313278499999971 ], [ -41.6288711, -8.310913899999949 ], [ -41.6348406, -8.30832389999995 ], [ -41.6398177, -8.306893799999949 ], [ -41.6486892, -8.305863899999959 ], [ -41.657106199999902, -8.299003299999979 ], [ -41.666215399999899, -8.29108849999994 ], [ -41.6769264, -8.283821099999949 ], [ -41.6807339, -8.27830989999995 ], [ -41.6857732, -8.27416509999995 ], [ -41.6888425, -8.274026699999981 ], [ -41.689347199999901, -8.27400809999995 ], [ -41.6894416, -8.273999299999961 ], [ -41.6898429, -8.273981699999981 ], [ -41.691085, -8.27623559999995 ], [ -41.6917389, -8.279604899999979 ], [ -41.6961858, -8.284337499999941 ], [ -41.706221099999901, -8.290816599999969 ], [ -41.710554499999901, -8.293450499999951 ], [ -41.714318799999901, -8.29526759999993 ], [ -41.7176186, -8.294969 ], [ -41.7206682, -8.29445229999993 ], [ -41.722625299999898, -8.295520499999951 ], [ -41.723951, -8.29705539999998 ], [ -41.729469799999897, -8.298679499999929 ], [ -41.731372, -8.299732 ], [ -41.7335146, -8.300736 ], [ -41.7355964, -8.302199 ], [ -41.739936699999902, -8.30439009999998 ], [ -41.7427638999999, -8.30618079999994 ], [ -41.745046499999901, -8.308103799999969 ], [ -41.747250199999897, -8.30933 ], [ -41.749397499999901, -8.31206189999995 ], [ -41.7714687, -8.29009959999996 ], [ -41.775906099999901, -8.27531729999993 ], [ -41.7831105, -8.251317499999971 ], [ -41.783468099999901, -8.222036799999961 ], [ -41.768155599999901, -8.20655009999996 ], [ -41.7674099, -8.20579589999994 ], [ -41.7433968, -8.18151109999997 ], [ -41.7347708, -8.179170099999959 ], [ -41.7310552, -8.17576019999996 ], [ -41.728891599999898, -8.171519 ], [ -41.729635099999904, -8.167425 ], [ -41.732030199999897, -8.163288799999981 ], [ -41.735220899999902, -8.16195649999997 ], [ -41.7394098, -8.161869099999929 ], [ -41.7449879, -8.162743699999959 ], [ -41.751489999999897, -8.16265749999997 ], [ -41.7554165, -8.160662799999949 ], [ -41.759539199999899, -8.15351519999996 ], [ -41.7639371, -8.14343919999993 ], [ -41.766677399999899, -8.140565899999959 ], [ -41.769367, -8.13821669999993 ], [ -41.771887, -8.135091699999981 ], [ -41.773915299999899, -8.13056769999997 ], [ -41.7747744, -8.12642139999997 ], [ -41.775449299999899, -8.12463549999995 ], [ -41.7756294, -8.123323499999969 ], [ -41.7766331999999, -8.120935899999949 ], [ -41.7399513, -8.088438599999961 ], [ -41.7339863999999, -8.086589 ], [ -41.726547099999898, -8.083370499999941 ], [ -41.726435, -8.08332189999993 ], [ -41.725988599999901, -8.08312879999994 ], [ -41.6932239, -8.068953599999929 ], [ -41.692786899999902, -8.068969399999959 ], [ -41.6635578, -8.07101849999998 ], [ -41.6456252, -8.072275699999979 ], [ -41.6428402, -8.07342579999994 ], [ -41.642738699999903, -8.073467699999981 ], [ -41.633439399999901, -8.07730809999993 ], [ -41.6332692, -8.07737849999995 ], [ -41.6330202, -8.077481299999929 ], [ -41.6326541, -8.077316399999971 ], [ -41.6311105, -8.07662119999998 ], [ -41.613823099999898, -8.068835099999941 ], [ -41.607084, -8.06579989999994 ], [ -41.588039299999899, -8.05722239999994 ], [ -41.5878111, -8.057119599999959 ], [ -41.5875174, -8.05698729999995 ], [ -41.510263199999898, -8.02219269999995 ], [ -41.491219, -8.02145029999997 ], [ -41.4885313, -8.02394889999994 ], [ -41.4864047, -8.025931899999931 ], [ -41.4858225, -8.027242 ], [ -41.485264899999898, -8.027743799999939 ], [ -41.482911199999897, -8.02986219999997 ], [ -41.479708699999897, -8.03131779999995 ], [ -41.4744684, -8.03277349999996 ], [ -41.4737405, -8.03270069999996 ], [ -41.472575999999897, -8.03284629999996 ], [ -41.4717026, -8.03313739999993 ], [ -41.468066, -8.032536599999959 ], [ -41.466973799999899, -8.03240149999993 ], [ -41.4665123999999, -8.03334579999995 ], [ -41.465837599999901, -8.035195699999971 ], [ -41.4657066, -8.036778099999941 ], [ -41.4651674, -8.038322699999981 ], [ -41.4639443, -8.040319699999939 ], [ -41.4628063, -8.04197459999995 ], [ -41.4618029, -8.043211099999951 ], [ -41.4607677, -8.044770099999941 ], [ -41.460176499999903, -8.046116 ], [ -41.460251, -8.047829099999939 ], [ -41.4601355, -8.051061899999979 ], [ -41.4595072, -8.05388519999997 ], [ -41.4584359, -8.055897199999951 ], [ -41.4560307, -8.056650799999939 ], [ -41.454663099999898, -8.05757139999997 ], [ -41.4516199, -8.06052469999997 ], [ -41.4503697, -8.061204 ], [ -41.4484782, -8.06181019999997 ], [ -41.4446664, -8.064292399999941 ], [ -41.4435831, -8.065145399999951 ], [ -41.442669599999903, -8.06660709999994 ], [ -41.4419925, -8.068891399999931 ], [ -41.4418740999999, -8.073272599999941 ], [ -41.442398599999898, -8.076544699999941 ], [ -41.442405999999899, -8.07726329999997 ], [ -41.440701499999903, -8.07834669999994 ], [ -41.4406711, -8.078366 ], [ -41.4398821999999, -8.078867499999941 ], [ -41.438388599999897, -8.07948629999993 ], [ -41.436989299999901, -8.08040129999995 ], [ -41.4360692, -8.081487099999951 ], [ -41.4357509, -8.08341359999997 ], [ -41.436188899999898, -8.08585329999994 ], [ -41.4378275, -8.08777849999996 ], [ -41.4398255, -8.089191399999949 ], [ -41.442026999999896, -8.090566299999979 ], [ -41.447526599999897, -8.09302989999998 ], [ -41.4545054, -8.095763599999939 ], [ -41.4533259, -8.099474 ], [ -41.4463499, -8.10918639999994 ], [ -41.4435652, -8.11323459999994 ], [ -41.441421799999901, -8.11635049999995 ], [ -41.4399837, -8.118605 ], [ -41.436726599999901, -8.12371129999997 ], [ -41.436546399999898, -8.124647 ], [ -41.437524799999899, -8.126404899999949 ], [ -41.4400408, -8.12960729999998 ], [ -41.4416899, -8.13123 ], [ -41.4441854, -8.133385499999971 ], [ -41.4467773, -8.13510569999994 ], [ -41.4490031999999, -8.135941699999931 ], [ -41.450460399999898, -8.13634089999994 ], [ -41.453497399999897, -8.13782269999996 ], [ -41.456100999999897, -8.14015209999997 ], [ -41.4575574, -8.14278719999993 ], [ -41.457655799999898, -8.14401149999998 ], [ -41.458716799999898, -8.14855669999997 ], [ -41.4608595999999, -8.153971699999939 ], [ -41.463366699999902, -8.15866059999996 ], [ -41.464604699999903, -8.160104099999961 ], [ -41.4681977, -8.161724 ], [ -41.469768299999899, -8.16318549999994 ], [ -41.470085599999898, -8.16566789999996 ], [ -41.4707402, -8.167788399999949 ], [ -41.4718015, -8.169422 ], [ -41.4731871, -8.170307 ], [ -41.4747968, -8.170307099999951 ], [ -41.4762097999999, -8.171012699999951 ], [ -41.477033999999897, -8.17190819999996 ], [ -41.4770902, -8.173171 ], [ -41.476211299999903, -8.174721099999941 ], [ -41.473856699999899, -8.175103299999931 ], [ -41.470438, -8.17654639999995 ], [ -41.4687097999999, -8.17684839999993 ], [ -41.4636255, -8.17690209999995 ], [ -41.4609854, -8.177099599999959 ], [ -41.4589443, -8.177703199999939 ], [ -41.456979499999903, -8.17850349999998 ], [ -41.454754, -8.178852199999939 ], [ -41.4525685, -8.179857 ], [ -41.450407599999899, -8.182143 ], [ -41.4499655, -8.186050699999949 ], [ -41.448250899999898, -8.18988779999995 ], [ -41.4442276, -8.19174589999994 ], [ -41.4331533, -8.192683399999961 ], [ -41.427561099999899, -8.19143249999996 ], [ -41.4155043, -8.19537839999998 ], [ -41.415457699999898, -8.19539359999993 ], [ -41.4153247, -8.19543729999998 ], [ -41.406465599999898, -8.19833659999995 ], [ -41.3992016, -8.20117909999993 ], [ -41.3922903, -8.20644409999994 ], [ -41.3878925, -8.211695599999929 ], [ -41.384953, -8.215909 ], [ -41.384867, -8.216427 ], [ -41.384653, -8.216716 ], [ -41.383262, -8.217904 ], [ -41.381966, -8.21894 ], [ -41.380842, -8.219483 ], [ -41.380138, -8.219662 ], [ -41.378953, -8.219687 ], [ -41.378241, -8.219186 ], [ -41.377082, -8.217768 ], [ -41.375469, -8.216367 ], [ -41.374811, -8.216013 ], [ -41.374235999999897, -8.215873 ], [ -41.374064, -8.215873 ], [ -41.373824, -8.215916 ], [ -41.373485, -8.215729 ], [ -41.372996, -8.215253 ], [ -41.372408, -8.21446 ], [ -41.372275, -8.214056 ], [ -41.37221, -8.213678 ], [ -41.372076999999898, -8.213347 ], [ -41.371755, -8.213139 ], [ -41.371271, -8.213207 ], [ -41.370900999999897, -8.21356 ], [ -41.370751, -8.214027 ], [ -41.370927, -8.214634 ], [ -41.371223, -8.215079 ], [ -41.371498, -8.215317 ], [ -41.371699, -8.215719 ], [ -41.371832, -8.216246 ], [ -41.371892, -8.217078 ], [ -41.371868999999897, -8.218265 ], [ -41.371851999999897, -8.220235 ], [ -41.371709, -8.221214 ], [ -41.371907, -8.222275 ], [ -41.37196, -8.222953 ], [ -41.371952, -8.223517 ], [ -41.372175, -8.224583 ], [ -41.372308, -8.225067 ], [ -41.372578, -8.226213 ], [ -41.372749999999897, -8.227079 ], [ -41.372806, -8.227648 ], [ -41.373058, -8.228259 ], [ -41.373702, -8.229375 ], [ -41.373761, -8.229871 ], [ -41.374035, -8.230533 ], [ -41.374373999999897, -8.231098 ], [ -41.374688, -8.231314 ], [ -41.374842, -8.231641 ], [ -41.374820999999898, -8.232104 ], [ -41.374703, -8.232558 ], [ -41.37454, -8.232834 ], [ -41.374608, -8.233135 ], [ -41.374982, -8.233831 ], [ -41.375188, -8.234637 ], [ -41.375505, -8.235252 ], [ -41.375999, -8.235668 ], [ -41.376213, -8.235821 ], [ -41.376252, -8.236275 ], [ -41.376158, -8.237031 ], [ -41.376055, -8.238173 ], [ -41.376003, -8.238736 ], [ -41.376101999999896, -8.239182 ], [ -41.375903999999899, -8.240005 ], [ -41.375531, -8.241062 ], [ -41.375328, -8.241817 ], [ -41.374662999999899, -8.242687 ], [ -41.373907, -8.243545599999949 ], [ -41.373749, -8.243725 ], [ -41.37359, -8.244353 ], [ -41.37362, -8.245249 ], [ -41.373521, -8.245742 ], [ -41.373413, -8.246111 ], [ -41.373271, -8.246514 ], [ -41.373327, -8.246735 ], [ -41.373821, -8.247189 ], [ -41.375022, -8.247902 ], [ -41.376549, -8.248688 ], [ -41.377013, -8.248803 ], [ -41.378073, -8.249334 ], [ -41.378715999999898, -8.249682 ], [ -41.378935, -8.250144 ], [ -41.379184, -8.25084 ], [ -41.379162999999899, -8.251087 ], [ -41.378905, -8.251549 ], [ -41.378827, -8.251845 ], [ -41.378883, -8.252096 ], [ -41.379165999999898, -8.252559 ], [ -41.379612, -8.253089 ], [ -41.38011, -8.253565 ], [ -41.380346, -8.253941 ], [ -41.380616, -8.254502 ], [ -41.380844, -8.255024 ], [ -41.381144, -8.255283 ], [ -41.381509, -8.255379 ], [ -41.382166, -8.255332 ], [ -41.382475, -8.25512 ], [ -41.382629, -8.25464 ], [ -41.382629, -8.254351 ], [ -41.382697999999898, -8.254148 ], [ -41.383075, -8.253897 ], [ -41.383482399999899, -8.253759899999981 ], [ -41.383693, -8.253689 ], [ -41.384076, -8.253476 ], [ -41.384324999999897, -8.253425 ], [ -41.384836, -8.253519 ], [ -41.3861108, -8.25401989999995 ], [ -41.38681, -8.254338 ], [ -41.3872833, -8.25453909999993 ], [ -41.389124, -8.255996 ], [ -41.39009, -8.25704 ], [ -41.390656, -8.25772 ], [ -41.391081, -8.258709 ], [ -41.39127, -8.259647 ], [ -41.3912592, -8.25998539999995 ] ] ] ] } },
{ "type": "Feature", "properties": { "CD_MUN": "2200954", "NM_MUN": "Aroeiras do Itaim", "CD_RGI": "220009", "NM_RGI": "Picos", "CD_RGINT": "2203", "NM_RGINT": "Picos", "CD_UF": "22", "NM_UF": "Piauí", "SIGLA_UF": "PI", "CD_REGIAO": "2", "NM_REGIAO": "Nordeste", "SIGLA_RG": "NE", "CD_CONCURB": null, "NM_CONCURB": null, "AREA_KM2": 316.235 }, "geometry": { "type": "MultiPolygon", "coordinates": [ [ [ [ -41.6789328, -7.30369049999996 ], [ -41.669852499999898, -7.301025 ], [ -41.6480902, -7.29301839999994 ], [ -41.6488762, -7.28748259999998 ], [ -41.6490408, -7.28696389999993 ], [ -41.650076199999901, -7.28370029999996 ], [ -41.6529884, -7.28006119999998 ], [ -41.6558492, -7.27843519999993 ], [ -41.657094599999901, -7.27717589999997 ], [ -41.657410599999899, -7.27439159999994 ], [ -41.6571036, -7.26985179999997 ], [ -41.655585, -7.26672569999994 ], [ -41.653374799999902, -7.26479489999997 ], [ -41.6533636, -7.26004129999995 ], [ -41.6524964, -7.255568 ], [ -41.6524595, -7.25043989999995 ], [ -41.6525411, -7.24715489999994 ], [ -41.652225299999898, -7.24331959999995 ], [ -41.6511555, -7.240678 ], [ -41.6503339, -7.23920579999998 ], [ -41.6482248, -7.23790029999998 ], [ -41.6121259, -7.23354859999995 ], [ -41.611992, -7.23338269999994 ], [ -41.6118863, -7.23318069999993 ], [ -41.6118068, -7.23275579999995 ], [ -41.6117644, -7.23258689999994 ], [ -41.611642, -7.23236689999993 ], [ -41.6111592, -7.23224189999996 ], [ -41.610753499999902, -7.23200119999996 ], [ -41.610307799999902, -7.23177019999997 ], [ -41.6099943, -7.23163189999997 ], [ -41.609680399999903, -7.23130339999994 ], [ -41.6096418, -7.231122 ], [ -41.6096446, -7.230627 ], [ -41.6096041, -7.23009349999995 ], [ -41.6095728, -7.22979769999995 ], [ -41.6095936, -7.22957189999994 ], [ -41.6096575, -7.22922229999995 ], [ -41.609602799999898, -7.22901609999997 ], [ -41.6095983, -7.22876889999998 ], [ -41.6097852, -7.22856959999996 ], [ -41.6098453, -7.22826369999996 ], [ -41.6098799, -7.22786009999993 ], [ -41.6099583, -7.227477 ], [ -41.610084899999897, -7.22721509999997 ], [ -41.6101919, -7.226953 ], [ -41.6102159, -7.22672059999996 ], [ -41.6103550999999, -7.22651109999993 ], [ -41.6105353, -7.22620209999997 ], [ -41.610621, -7.22590039999994 ], [ -41.610723, -7.22559159999997 ], [ -41.610815499999902, -7.22538819999994 ], [ -41.610950199999898, -7.22526459999995 ], [ -41.6111109, -7.22517569999997 ], [ -41.6113126, -7.22513289999995 ], [ -41.6115219, -7.22493389999994 ], [ -41.6117121999999, -7.22485729999994 ], [ -41.6117922, -7.22481389999996 ], [ -41.611848199999898, -7.22469829999994 ], [ -41.611842099999897, -7.22448859999997 ], [ -41.6118858, -7.224291 ], [ -41.6118744999999, -7.22422729999994 ], [ -41.611801199999903, -7.22419469999994 ], [ -41.6116231, -7.22415559999996 ], [ -41.6114863, -7.22415889999996 ], [ -41.6112813, -7.22410749999995 ], [ -41.6111208, -7.22410339999993 ], [ -41.6109041, -7.22405189999995 ], [ -41.610737899999897, -7.22409839999995 ], [ -41.6105982999999, -7.22409739999995 ], [ -41.6103945, -7.22411529999994 ], [ -41.610255499999901, -7.22402639999996 ], [ -41.6100417, -7.223959 ], [ -41.609857599999899, -7.22401419999994 ], [ -41.6098056, -7.22395839999996 ], [ -41.6097731, -7.22383859999997 ], [ -41.6096742, -7.22383509999997 ], [ -41.609563299999898, -7.22387379999998 ], [ -41.608001199999897, -7.22569249999998 ], [ -41.6060451, -7.22670719999996 ], [ -41.6030317, -7.22827029999996 ], [ -41.5964026, -7.22764049999995 ], [ -41.5911596, -7.22828809999993 ], [ -41.580026299999901, -7.20181439999993 ], [ -41.5789075, -7.19915379999998 ], [ -41.576942, -7.19448009999996 ], [ -41.571832, -7.18889289999993 ], [ -41.571274699999897, -7.18828369999994 ], [ -41.5710392, -7.18802619999997 ], [ -41.5699582, -7.18684419999994 ], [ -41.561815, -7.17794049999998 ], [ -41.559772699999897, -7.17570759999995 ], [ -41.5585333, -7.17435239999998 ], [ -41.558435, -7.17424489999996 ], [ -41.557399299999901, -7.17311259999997 ], [ -41.55655, -7.17218389999994 ], [ -41.55145, -7.16660779999995 ], [ -41.5471936, -7.16830979999997 ], [ -41.5365533, -7.17256439999994 ], [ -41.5312958, -7.16752839999998 ], [ -41.5287322, -7.16507269999994 ], [ -41.5264783, -7.16291379999996 ], [ -41.525311299999899, -7.16179589999996 ], [ -41.5215441, -7.15818729999995 ], [ -41.5116872, -7.15942329999996 ], [ -41.5057373, -7.16016939999997 ], [ -41.505108999999898, -7.16024819999996 ], [ -41.5043917, -7.16033809999993 ], [ -41.5043158, -7.16034769999993 ], [ -41.4989385, -7.16102189999998 ], [ -41.4988061, -7.16130709999993 ], [ -41.4968177, -7.16558759999998 ], [ -41.496548699999899, -7.16616659999994 ], [ -41.4954405, -7.16855209999994 ], [ -41.493416, -7.17291019999993 ], [ -41.4924622, -7.17496359999996 ], [ -41.491783499999897, -7.17642459999996 ], [ -41.487954499999901, -7.17786689999997 ], [ -41.4859142, -7.17863539999996 ], [ -41.483997799999898, -7.17935729999994 ], [ -41.4796777, -7.18098449999997 ], [ -41.476227499999901, -7.18228409999995 ], [ -41.4665357, -7.18593479999993 ], [ -41.462480099999901, -7.18746249999998 ], [ -41.4624641999999, -7.18746839999994 ], [ -41.4624501, -7.18747379999996 ], [ -41.446296399999902, -7.20425339999997 ], [ -41.4413129, -7.21208639999998 ], [ -41.4401154, -7.21438729999994 ], [ -41.4375233, -7.21854309999998 ], [ -41.43098, -7.22698769999994 ], [ -41.426925099999899, -7.23100079999995 ], [ -41.4071716, -7.24909349999996 ], [ -41.3986173, -7.25929889999998 ], [ -41.3971031, -7.262939 ], [ -41.397769599999897, -7.26318119999996 ], [ -41.3984325, -7.26343539999993 ], [ -41.4000037, -7.26397419999995 ], [ -41.4009948, -7.264289 ], [ -41.4014046, -7.26441909999994 ], [ -41.402689, -7.26486659999995 ], [ -41.403586699999899, -7.26518029999994 ], [ -41.4043828, -7.26546279999997 ], [ -41.405489499999902, -7.26583129999995 ], [ -41.4067944, -7.26623829999994 ], [ -41.4077693, -7.26655589999996 ], [ -41.4083995, -7.26677409999996 ], [ -41.4091361, -7.26705509999994 ], [ -41.4102369, -7.26743229999994 ], [ -41.4114074, -7.26781 ], [ -41.412312, -7.26814119999995 ], [ -41.4129674, -7.26845109999994 ], [ -41.413868, -7.26894009999995 ], [ -41.4148319, -7.26944659999998 ], [ -41.4158312, -7.26996029999998 ], [ -41.416845899999899, -7.27047459999994 ], [ -41.4179736, -7.27107849999993 ], [ -41.418893599999898, -7.27154579999996 ], [ -41.419480399999898, -7.27184549999993 ], [ -41.4200824, -7.27224439999998 ], [ -41.4205272, -7.27259849999996 ], [ -41.4212826, -7.27318449999996 ], [ -41.421663599999903, -7.27350779999995 ], [ -41.421753899999899, -7.27358659999993 ], [ -41.422153099999903, -7.27393509999996 ], [ -41.422358099999897, -7.27410229999998 ], [ -41.4225703, -7.27419089999995 ], [ -41.4229913, -7.27431109999998 ], [ -41.423653199999897, -7.274389 ], [ -41.424400799999901, -7.27446559999993 ], [ -41.4245225, -7.27445719999997 ], [ -41.4248928, -7.27452349999993 ], [ -41.425292399999897, -7.27455149999997 ], [ -41.426150499999899, -7.27463339999997 ], [ -41.4270488, -7.27472 ], [ -41.427181, -7.27474429999995 ], [ -41.427567399999901, -7.27486089999996 ], [ -41.4279417, -7.27503379999996 ], [ -41.4280939, -7.27513859999993 ], [ -41.428379699999901, -7.27546349999994 ], [ -41.428639, -7.27579329999998 ], [ -41.4288673, -7.27614429999994 ], [ -41.429144999999899, -7.27654489999998 ], [ -41.4294389, -7.27693309999995 ], [ -41.4297822, -7.27742649999993 ], [ -41.4302347, -7.27800039999994 ], [ -41.430624599999902, -7.27856359999993 ], [ -41.43098, -7.279012 ], [ -41.431271299999899, -7.27943649999997 ], [ -41.4316683, -7.28002119999996 ], [ -41.4320506, -7.28057729999995 ], [ -41.4326291, -7.28132819999996 ], [ -41.432848, -7.2817 ], [ -41.4330181999999, -7.28184259999995 ], [ -41.4332229, -7.28213579999993 ], [ -41.4334383, -7.28249279999994 ], [ -41.4339826, -7.28322819999994 ], [ -41.4343488, -7.28376389999994 ], [ -41.4347154, -7.28426229999997 ], [ -41.4350492, -7.28473939999998 ], [ -41.4353821, -7.28519529999994 ], [ -41.435924699999902, -7.285925 ], [ -41.4363049, -7.28648059999995 ], [ -41.436662, -7.28696009999993 ], [ -41.4369895, -7.28740669999996 ], [ -41.4373441, -7.28786139999994 ], [ -41.4375891, -7.28815789999993 ], [ -41.4381177, -7.288612 ], [ -41.4385978, -7.28900529999993 ], [ -41.438869899999901, -7.28921149999996 ], [ -41.4392367, -7.289418 ], [ -41.4397394, -7.28974059999996 ], [ -41.4402597, -7.29011709999997 ], [ -41.441037799999897, -7.29064639999996 ], [ -41.4415946, -7.29104039999993 ], [ -41.442511099999898, -7.291666 ], [ -41.4432591, -7.29217969999996 ], [ -41.4444874, -7.29296619999997 ], [ -41.4453078, -7.29349259999998 ], [ -41.4454815, -7.29352249999994 ], [ -41.445649199999899, -7.29366619999996 ], [ -41.445925499999902, -7.29383939999997 ], [ -41.446515299999902, -7.29420149999993 ], [ -41.447380399999901, -7.29476859999994 ], [ -41.4480621, -7.29520869999993 ], [ -41.448501399999898, -7.29548259999996 ], [ -41.4487242, -7.29558439999994 ], [ -41.4489081, -7.29573269999997 ], [ -41.449238299999898, -7.29593439999996 ], [ -41.4495362, -7.29611719999997 ], [ -41.4501615, -7.29661819999995 ], [ -41.451221599999897, -7.29747659999992 ], [ -41.4527009, -7.29879619999997 ], [ -41.4542979, -7.30011269999994 ], [ -41.455068599999898, -7.30075579999993 ], [ -41.4554591, -7.30108159999997 ], [ -41.4557919, -7.30135929999994 ], [ -41.4585964, -7.30372249999994 ], [ -41.4597593, -7.30476109999995 ], [ -41.4601984, -7.30516589999996 ], [ -41.460862899999903, -7.30570369999998 ], [ -41.4614705, -7.30627959999993 ], [ -41.462410299999902, -7.30707959999995 ], [ -41.463560399999899, -7.30804459999996 ], [ -41.464543, -7.30892 ], [ -41.4650052, -7.30924389999996 ], [ -41.465316399999899, -7.30954239999994 ], [ -41.4658034999999, -7.30988809999997 ], [ -41.466141799999903, -7.31017619999994 ], [ -41.466287399999899, -7.31038489999997 ], [ -41.4665317, -7.310547 ], [ -41.4668088, -7.31079729999993 ], [ -41.4670859, -7.311055 ], [ -41.4676095, -7.31148619999993 ], [ -41.467947599999903, -7.31178469999998 ], [ -41.4683486, -7.31213739999993 ], [ -41.468734299999902, -7.31248139999997 ], [ -41.468893, -7.312589 ], [ -41.4691931, -7.31282869999995 ], [ -41.4693682, -7.31297569999998 ], [ -41.4694522, -7.313014 ], [ -41.470953, -7.31269539999994 ], [ -41.482562099999903, -7.310231 ], [ -41.503891399999901, -7.30971419999997 ], [ -41.5103953, -7.30955669999997 ], [ -41.530980699999901, -7.309058 ], [ -41.5547779, -7.30578329999997 ], [ -41.554952, -7.30575929999998 ], [ -41.5644062, -7.29415829999994 ], [ -41.5647202, -7.29405389999994 ], [ -41.5650524, -7.29385319999994 ], [ -41.565505, -7.29379409999996 ], [ -41.5661408, -7.293799 ], [ -41.566967299999902, -7.29381359999996 ], [ -41.5677934, -7.29378039999995 ], [ -41.5683938, -7.29368789999995 ], [ -41.568632, -7.29360609999998 ], [ -41.5688469, -7.293443 ], [ -41.5689892, -7.29320089999993 ], [ -41.5691674, -7.29296919999996 ], [ -41.5691264, -7.29272649999996 ], [ -41.5692041, -7.29256119999997 ], [ -41.5694306, -7.29234279999997 ], [ -41.569698899999899, -7.29218729999997 ], [ -41.5698123, -7.29219759999995 ], [ -41.5699175, -7.29227789999993 ], [ -41.5701491, -7.29232669999993 ], [ -41.5704216, -7.29240719999996 ], [ -41.5708481, -7.29240359999994 ], [ -41.5713297, -7.29230789999997 ], [ -41.5717111, -7.29216839999998 ], [ -41.5718798, -7.29197939999995 ], [ -41.5720314, -7.29175469999996 ], [ -41.5720654, -7.29165629999994 ], [ -41.582944199999901, -7.295208 ], [ -41.59199, -7.29470509999993 ], [ -41.594544299999903, -7.29392329999996 ], [ -41.6051122, -7.29068839999996 ], [ -41.6056386, -7.30682519999993 ], [ -41.613453999999898, -7.32756449999994 ], [ -41.6193173, -7.32782259999993 ], [ -41.6315622, -7.32836149999997 ], [ -41.654142299999897, -7.32100029999998 ], [ -41.662921299999901, -7.32094809999995 ], [ -41.6704214, -7.32000679999993 ], [ -41.6789328, -7.30369049999996 ] ] ] ] } },
{ "type": "Feature", "properties": { "CD_MUN": "2209104", "NM_MUN": "Santa Cruz do Piauí", "CD_RGI": "220009", "NM_RGI": "Picos", "CD_RGINT": "2203", "NM_RGINT": "Picos", "CD_UF": "22", "NM_UF": "Piauí", "SIGLA_UF": "PI", "CD_REGIAO": "2", "NM_REGIAO": "Nordeste", "SIGLA_RG": "NE", "CD_CONCURB": null, "NM_CONCURB": null, "AREA_KM2": 562.402 }, "geometry": { "type": "MultiPolygon", "coordinates": [ [ [ [ -41.8018498, -7.36389439999994 ], [ -41.7874117, -7.35814349999993 ], [ -41.7875096, -7.35733589999995 ], [ -41.787566599999899, -7.35651279999996 ], [ -41.7878487, -7.353989 ], [ -41.787658, -7.354045 ], [ -41.787379, -7.354109 ], [ -41.787271, -7.35405 ], [ -41.787084, -7.353311 ], [ -41.786907, -7.352741 ], [ -41.786927999999897, -7.352518 ], [ -41.786976, -7.352252 ], [ -41.786901, -7.351906 ], [ -41.786821, -7.351534 ], [ -41.786842, -7.351332 ], [ -41.7871036, -7.35075429999995 ], [ -41.7871196, -7.350603 ], [ -41.787043299999901, -7.350193 ], [ -41.786949999999898, -7.3499 ], [ -41.786907, -7.349789 ], [ -41.786794, -7.349677 ], [ -41.786611999999899, -7.349555 ], [ -41.786075, -7.34914 ], [ -41.785828, -7.348975 ], [ -41.78563, -7.348741 ], [ -41.785372, -7.348411 ], [ -41.785244, -7.348262 ], [ -41.7851247, -7.348165 ], [ -41.7849576999999, -7.34815639999994 ], [ -41.784765999999898, -7.348182 ], [ -41.784540999999898, -7.348118 ], [ -41.784359, -7.348006 ], [ -41.783806, -7.347687 ], [ -41.783452, -7.347421 ], [ -41.783377, -7.34732 ], [ -41.78342, -7.347144 ], [ -41.783639999999899, -7.346634 ], [ -41.783779, -7.346416 ], [ -41.783758, -7.346346 ], [ -41.783667, -7.34624 ], [ -41.783549, -7.346139 ], [ -41.783388, -7.346059 ], [ -41.783377, -7.345926 ], [ -41.78342, -7.345798 ], [ -41.783575, -7.345639 ], [ -41.7838765, -7.34519279999995 ], [ -41.7843013, -7.34483689999996 ], [ -41.7844636, -7.34455129999998 ], [ -41.7845244, -7.34435949999994 ], [ -41.78453, -7.34393419999998 ], [ -41.784257, -7.34358 ], [ -41.783881, -7.343138 ], [ -41.783758, -7.342803 ], [ -41.783667, -7.342569 ], [ -41.783431, -7.342143 ], [ -41.782893999999899, -7.341462 ], [ -41.782711999999897, -7.341239 ], [ -41.782524, -7.341106 ], [ -41.782207, -7.340983 ], [ -41.781816, -7.340866 ], [ -41.78158, -7.340882 ], [ -41.780865999999897, -7.340872 ], [ -41.780276, -7.34076 ], [ -41.779739999999897, -7.340579 ], [ -41.779445, -7.340425 ], [ -41.779123, -7.340233 ], [ -41.778796, -7.339983 ], [ -41.778533, -7.339781 ], [ -41.778114, -7.339281 ], [ -41.777985999999899, -7.339073 ], [ -41.778018, -7.338483 ], [ -41.778028999999897, -7.33794 ], [ -41.777959, -7.337749 ], [ -41.777846, -7.33735 ], [ -41.777782, -7.337009 ], [ -41.777793, -7.336738 ], [ -41.777658, -7.336301 ], [ -41.777561999999897, -7.335828 ], [ -41.777508, -7.335322 ], [ -41.777455, -7.334817 ], [ -41.777492, -7.334168 ], [ -41.777567, -7.333976 ], [ -41.777776, -7.333774 ], [ -41.7779, -7.33363 ], [ -41.778002, -7.333423 ], [ -41.778088, -7.333173 ], [ -41.778157, -7.332912 ], [ -41.778210999999899, -7.332566 ], [ -41.778258999999899, -7.331774 ], [ -41.77827, -7.331492 ], [ -41.778383, -7.331204 ], [ -41.778463, -7.331002 ], [ -41.778478999999898, -7.330747 ], [ -41.778452, -7.330486 ], [ -41.778349999999897, -7.330039 ], [ -41.77812, -7.329512 ], [ -41.778045, -7.329193 ], [ -41.777985999999899, -7.328475 ], [ -41.77798, -7.327959 ], [ -41.778028999999897, -7.327698 ], [ -41.778055, -7.327592 ], [ -41.778013, -7.327384 ], [ -41.777954, -7.327283 ], [ -41.777825, -7.327198 ], [ -41.777637, -7.327092 ], [ -41.777009, -7.326751 ], [ -41.776688, -7.326581 ], [ -41.776634, -7.326421 ], [ -41.776553, -7.326182 ], [ -41.776204999999898, -7.325378 ], [ -41.776124, -7.324963 ], [ -41.776103, -7.32466 ], [ -41.776215, -7.324447 ], [ -41.776462, -7.324192 ], [ -41.776815999999897, -7.323888 ], [ -41.777330999999897, -7.323436 ], [ -41.777519, -7.323325 ], [ -41.777734, -7.323282 ], [ -41.777963999999898, -7.323303 ], [ -41.778210999999899, -7.323383 ], [ -41.778468, -7.323372 ], [ -41.778823, -7.323271 ], [ -41.778978, -7.323133 ], [ -41.77922, -7.322909 ], [ -41.779429, -7.322718 ], [ -41.779674999999898, -7.322569 ], [ -41.779835999999897, -7.322489 ], [ -41.779954, -7.322346 ], [ -41.780051, -7.322181 ], [ -41.780077999999897, -7.322058 ], [ -41.78004, -7.321755 ], [ -41.779981, -7.321218 ], [ -41.779917, -7.32085929999994 ], [ -41.779970999999897, -7.320536 ], [ -41.780094, -7.32026 ], [ -41.780223, -7.31993 ], [ -41.780285999999897, -7.31966489999996 ], [ -41.780302999999897, -7.319339 ], [ -41.7804887, -7.31879979999997 ], [ -41.780646299999901, -7.31837229999996 ], [ -41.780678599999902, -7.31811939999994 ], [ -41.7806638, -7.31791709999993 ], [ -41.780696, -7.31771889999993 ], [ -41.7807572, -7.31743339999997 ], [ -41.78085, -7.316365 ], [ -41.781033, -7.315333 ], [ -41.781167, -7.314295 ], [ -41.781269, -7.314061 ], [ -41.781489, -7.313843 ], [ -41.781714, -7.313518 ], [ -41.781864, -7.313189 ], [ -41.781955, -7.312944 ], [ -41.781993, -7.312667 ], [ -41.782004, -7.312454 ], [ -41.781955, -7.311943 ], [ -41.781848, -7.311167 ], [ -41.781778, -7.310927 ], [ -41.781693, -7.31072 ], [ -41.781546999999897, -7.31051659999997 ], [ -41.781315999999897, -7.31033829999996 ], [ -41.781011, -7.31015 ], [ -41.78063, -7.309927 ], [ -41.780174, -7.309432 ], [ -41.779809999999898, -7.308974 ], [ -41.779606, -7.308703 ], [ -41.779123, -7.308277 ], [ -41.778431, -7.307697 ], [ -41.777755, -7.307144 ], [ -41.777412, -7.306788 ], [ -41.777052, -7.306553 ], [ -41.776820799999903, -7.30630329999997 ], [ -41.7764043, -7.30554929999994 ], [ -41.776022, -7.304654 ], [ -41.776409, -7.304287 ], [ -41.777835, -7.302861 ], [ -41.77864, -7.301988 ], [ -41.779917, -7.300557 ], [ -41.780545, -7.29986 ], [ -41.781902, -7.298327 ], [ -41.783318, -7.296561 ], [ -41.783661, -7.296119 ], [ -41.783811, -7.295598 ], [ -41.784149, -7.294188 ], [ -41.784638, -7.292027 ], [ -41.785055999999898, -7.290234 ], [ -41.785378, -7.28875 ], [ -41.7859647, -7.28613079999997 ], [ -41.786585, -7.283705 ], [ -41.7874168, -7.28092689999994 ], [ -41.7877089, -7.279969 ], [ -41.787957999999897, -7.27923 ], [ -41.788248, -7.278799 ], [ -41.788495, -7.27856 ], [ -41.789251, -7.277964 ], [ -41.790496, -7.276995 ], [ -41.790978, -7.276644 ], [ -41.791182, -7.2765 ], [ -41.791601, -7.276351 ], [ -41.792201, -7.276186 ], [ -41.792657, -7.276075 ], [ -41.792813, -7.275968 ], [ -41.792979, -7.275819 ], [ -41.793183, -7.275484 ], [ -41.79321, -7.275314 ], [ -41.793172, -7.275117 ], [ -41.793076, -7.27492 ], [ -41.792887999999898, -7.274622 ], [ -41.792545, -7.274212 ], [ -41.792293, -7.273882 ], [ -41.791837, -7.273105 ], [ -41.791359, -7.272334 ], [ -41.790812, -7.271269 ], [ -41.79049, -7.270551 ], [ -41.790313, -7.270141 ], [ -41.790253999999898, -7.269865 ], [ -41.790301999999897, -7.269008 ], [ -41.790345, -7.268428 ], [ -41.790356, -7.268109 ], [ -41.790286, -7.267901 ], [ -41.790002, -7.267252 ], [ -41.789685, -7.266597 ], [ -41.789577999999899, -7.266315 ], [ -41.789508, -7.265916 ], [ -41.78946, -7.265373 ], [ -41.789440699999901, -7.26469379999997 ], [ -41.7893195, -7.26307529999997 ], [ -41.788973999999897, -7.26196879999998 ], [ -41.788770499999899, -7.26131969999994 ], [ -41.788487099999898, -7.26008889999997 ], [ -41.7883454, -7.25956469999994 ], [ -41.787609599999897, -7.25743629999994 ], [ -41.7873486, -7.25659879999995 ], [ -41.787174999999898, -7.255965 ], [ -41.7869162, -7.25488789999997 ], [ -41.786761899999902, -7.25419479999994 ], [ -41.7867093, -7.25376669999997 ], [ -41.7867634, -7.25312889999998 ], [ -41.786741699999901, -7.25219469999996 ], [ -41.786608999999899, -7.250559 ], [ -41.786531399999902, -7.24990879999996 ], [ -41.7864163, -7.24891259999993 ], [ -41.786341299999897, -7.24808839999997 ], [ -41.786253, -7.24723069999993 ], [ -41.7861472, -7.24668589999993 ], [ -41.7859311, -7.24635429999995 ], [ -41.785909199999899, -7.24632059999993 ], [ -41.804179, -7.22841539999996 ], [ -41.8497149, -7.18400189999994 ], [ -41.8535474, -7.18034859999995 ], [ -41.854422999999898, -7.18063319999993 ], [ -41.8561303, -7.181859 ], [ -41.856940199999897, -7.18192459999995 ], [ -41.858652699999901, -7.18083619999993 ], [ -41.859860399999903, -7.17920269999996 ], [ -41.8624344, -7.17413219999997 ], [ -41.8653798, -7.17152289999996 ], [ -41.8693526, -7.17090229999997 ], [ -41.8733642, -7.170905 ], [ -41.8753513, -7.170694 ], [ -41.878084999999899, -7.17187759999996 ], [ -41.884542199999899, -7.17699959999993 ], [ -41.892663, -7.17931989999994 ], [ -41.895977, -7.17866789999994 ], [ -41.8980038999999, -7.17826919999993 ], [ -41.8999302, -7.17734979999994 ], [ -41.9008714, -7.17629919999996 ], [ -41.9014185999999, -7.17176819999997 ], [ -41.903539099999897, -7.168151 ], [ -41.906995799999898, -7.16630319999996 ], [ -41.9162087, -7.17990959999997 ], [ -41.917199, -7.18278519999996 ], [ -41.9181343, -7.18409679999996 ], [ -41.9186043999999, -7.18475529999995 ], [ -41.918582899999898, -7.18460369999997 ], [ -41.917788, -7.17898849999995 ], [ -41.9176689, -7.17862959999997 ], [ -41.917011499999902, -7.17664689999998 ], [ -41.915727699999898, -7.17277529999996 ], [ -41.899668, -7.12434379999996 ], [ -41.9154899, -7.07219309999994 ], [ -41.915634, -7.07171809999994 ], [ -41.918393799999897, -7.06261489999997 ], [ -41.918140299999898, -7.06247659999997 ], [ -41.917904899999897, -7.06234769999998 ], [ -41.898129, -7.051522 ], [ -41.860510799999901, -7.04478989999996 ], [ -41.8155098, -7.06604839999994 ], [ -41.815032, -7.066275 ], [ -41.7781861, -7.09615909999997 ], [ -41.7760637, -7.09788049999997 ], [ -41.7649205, -7.10691479999997 ], [ -41.7621569, -7.11341139999996 ], [ -41.7481084, -7.14643619999993 ], [ -41.747855899999898, -7.14703019999996 ], [ -41.747872899999898, -7.14749889999996 ], [ -41.747873899999902, -7.14752479999993 ], [ -41.7479384, -7.14930559999993 ], [ -41.747760899999903, -7.15047819999995 ], [ -41.7480724, -7.15141419999998 ], [ -41.7491833, -7.15283349999993 ], [ -41.7266043, -7.16593249999994 ], [ -41.7291901, -7.18979789999997 ], [ -41.7212479, -7.19427319999994 ], [ -41.718937099999899, -7.19557529999997 ], [ -41.698253099999903, -7.20723039999996 ], [ -41.6984045, -7.207834 ], [ -41.6984381, -7.207968 ], [ -41.7213196, -7.29917059999997 ], [ -41.7098819, -7.32567279999995 ], [ -41.6892027, -7.30834329999993 ], [ -41.6789328, -7.30369049999996 ], [ -41.6704214, -7.32000679999993 ], [ -41.662921299999901, -7.32094809999995 ], [ -41.654142299999897, -7.32100029999998 ], [ -41.6315622, -7.32836149999997 ], [ -41.6193173, -7.32782259999993 ], [ -41.613453999999898, -7.32756449999994 ], [ -41.605596299999902, -7.35187589999992 ], [ -41.6070434, -7.359385 ], [ -41.607171799999897, -7.36005119999993 ], [ -41.6081017, -7.36351289999993 ], [ -41.609293299999898, -7.36678709999995 ], [ -41.6120374, -7.36853759999997 ], [ -41.615180199999898, -7.371862 ], [ -41.616375699999899, -7.37576509999997 ], [ -41.6251851, -7.39116319999994 ], [ -41.629290099999899, -7.39391549999993 ], [ -41.6684428, -7.40181729999995 ], [ -41.669141399999901, -7.40195829999993 ], [ -41.7803971, -7.42440479999993 ], [ -41.817803399999903, -7.36068989999995 ], [ -41.8018498, -7.36389439999994 ] ] ] ] } },
{ "type": "Feature", "properties": { "CD_MUN": "2200277", "NM_MUN": "Alegrete do Piauí", "CD_RGI": "220009", "NM_RGI": "Picos", "CD_RGINT": "2203", "NM_RGINT": "Picos", "CD_UF": "22", "NM_UF": "Piauí", "SIGLA_UF": "PI", "CD_REGIAO": "2", "NM_REGIAO": "Nordeste", "SIGLA_RG": "NE", "CD_CONCURB": null, "NM_CONCURB": null, "AREA_KM2": 243.732 }, "geometry": { "type": "MultiPolygon", "coordinates": [ [ [ [ -40.8340825, -7.27591639999997 ], [ -40.8340972, -7.27592769999995 ], [ -40.8341209, -7.27594329999994 ], [ -40.8343924, -7.27612209999995 ], [ -40.8350268, -7.27653969999994 ], [ -40.8353374, -7.27674429999996 ], [ -40.8356013, -7.276918 ], [ -40.848258, -7.28525079999997 ], [ -40.8482675, -7.28534669999993 ], [ -40.859438899999901, -7.27453959999997 ], [ -40.860604599999903, -7.27341179999996 ], [ -40.862212699999901, -7.27185609999998 ], [ -40.8640407, -7.27008759999995 ], [ -40.866179299999899, -7.26801859999995 ], [ -40.866216, -7.267983 ], [ -40.866515999999898, -7.26769279999996 ], [ -40.8689345, -7.265353 ], [ -40.870179, -7.264149 ], [ -40.8727071, -7.26170309999998 ], [ -40.877513599999901, -7.25975779999993 ], [ -40.883103499999898, -7.24113579999994 ], [ -40.876299199999899, -7.22696989999997 ], [ -40.8761145, -7.22674779999994 ], [ -40.875772, -7.22549279999993 ], [ -40.8757274, -7.22532929999994 ], [ -40.866763299999903, -7.19248629999993 ], [ -40.8657729, -7.18699989999993 ], [ -40.863682299999901, -7.17541809999994 ], [ -40.879215499999901, -7.15972129999994 ], [ -40.8815936, -7.15731819999996 ], [ -40.880962899999901, -7.15587939999995 ], [ -40.8562995999999, -7.14779079999994 ], [ -40.8555311, -7.12950219999993 ], [ -40.8539132, -7.12912589999996 ], [ -40.8512167, -7.12849869999997 ], [ -40.8467871, -7.12722459999998 ], [ -40.845973699999902, -7.126927 ], [ -40.844347, -7.12633169999998 ], [ -40.830052, -7.12857929999996 ], [ -40.8232783, -7.12964409999995 ], [ -40.8232194, -7.12965039999995 ], [ -40.823184599999898, -7.12965409999993 ], [ -40.780676899999897, -7.13416759999996 ], [ -40.7794678, -7.13429589999993 ], [ -40.775677099999903, -7.13469819999995 ], [ -40.7673444, -7.13829639999994 ], [ -40.748572, -7.14640379999997 ], [ -40.7295266, -7.16028479999994 ], [ -40.6971953, -7.15981 ], [ -40.6915893, -7.15972739999995 ], [ -40.6925444, -7.16875259999995 ], [ -40.7057426, -7.19222629999996 ], [ -40.717118899999903, -7.20800719999994 ], [ -40.7135330999999, -7.21751469999998 ], [ -40.700365, -7.22647189999998 ], [ -40.7272621, -7.24298229999994 ], [ -40.7300284, -7.24468029999997 ], [ -40.748037, -7.24315289999993 ], [ -40.7532722, -7.25470759999996 ], [ -40.759869799999898, -7.25561569999996 ], [ -40.799264999999899, -7.26103619999998 ], [ -40.8259125, -7.270539 ], [ -40.8340443, -7.27589289999997 ], [ -40.8340825, -7.27591639999997 ] ] ] ] } },
{ "type": "Feature", "properties": { "CD_MUN": "2200251", "NM_MUN": "Alagoinha do Piauí", "CD_RGI": "220009", "NM_RGI": "Picos", "CD_RGINT": "2203", "NM_RGINT": "Picos", "CD_UF": "22", "NM_UF": "Piauí", "SIGLA_UF": "PI", "CD_REGIAO": "2", "NM_REGIAO": "Nordeste", "SIGLA_RG": "NE", "CD_CONCURB": null, "NM_CONCURB": null, "AREA_KM2": 535.89 }, "geometry": { "type": "MultiPolygon", "coordinates": [ [ [ [ -40.975721, -7.12021469999996 ], [ -40.9777053, -7.12179219999996 ], [ -40.9964186, -7.13642219999997 ], [ -40.996952599999901, -7.13683089999995 ], [ -40.9975866, -7.137316 ], [ -40.9976465, -7.13679459999997 ], [ -40.997658, -7.13669419999997 ], [ -40.9977592, -7.13581329999994 ], [ -40.9984828, -7.12950159999997 ], [ -41.000526299999898, -7.10687229999996 ], [ -41.001119, -7.088844 ], [ -41.001313, -7.08809 ], [ -41.001039999999897, -7.086441 ], [ -41.000624, -7.083793 ], [ -41.000421, -7.082587 ], [ -40.999615999999897, -7.07752 ], [ -40.999307, -7.075349 ], [ -40.998654, -7.071962 ], [ -40.9980619, -7.06809979999997 ], [ -40.997903999999899, -7.06707 ], [ -40.997573, -7.064946 ], [ -40.997022, -7.061506 ], [ -40.996068, -7.055571 ], [ -40.995734, -7.053164 ], [ -40.9952673, -7.050374 ], [ -40.9951639, -7.04975609999997 ], [ -40.993814, -7.03876179999997 ], [ -40.9919816, -7.02531479999993 ], [ -40.9917404, -7.02354509999998 ], [ -40.9917374999999, -7.02352429999996 ], [ -40.9917232, -7.02341939999997 ], [ -40.9914762, -7.02160709999993 ], [ -40.9903284, -7.01454449999994 ], [ -40.9900147, -7.01282849999996 ], [ -40.9898198, -7.011748 ], [ -40.9858221, -6.98975889999997 ], [ -40.9843281, -6.96563019999996 ], [ -40.984282999999898, -6.96490089999998 ], [ -40.9840465999999, -6.96107679999994 ], [ -40.983510899999899, -6.95243909999994 ], [ -40.9815399, -6.91558959999998 ], [ -40.982208399999898, -6.89754249999993 ], [ -40.982220299999902, -6.89663809999996 ], [ -40.982564099999898, -6.87050589999996 ], [ -40.9826113, -6.86923109999998 ], [ -40.9826328, -6.868651 ], [ -40.983835499999898, -6.83620379999996 ], [ -40.9835131, -6.81344289999993 ], [ -40.983512899999901, -6.81342519999993 ], [ -40.983455299999903, -6.80938689999994 ], [ -40.983673699999898, -6.79685259999997 ], [ -40.981490999999899, -6.772304 ], [ -40.968800499999901, -6.77157379999994 ], [ -40.9545049, -6.770427 ], [ -40.936870999999897, -6.76901249999997 ], [ -40.936699299999901, -6.76899949999995 ], [ -40.9363395, -6.76897239999994 ], [ -40.9362851, -6.76896829999993 ], [ -40.9218001, -6.76787679999995 ], [ -40.917175299999897, -6.76767179999996 ], [ -40.8971953, -6.76976609999997 ], [ -40.8844493, -6.79020939999998 ], [ -40.8844114, -6.79027039999994 ], [ -40.8843722, -6.79033309999994 ], [ -40.882815999999899, -6.79282909999995 ], [ -40.8806827, -6.79257489999998 ], [ -40.8765878, -6.79208689999996 ], [ -40.8737121999999, -6.79174429999995 ], [ -40.8576598, -6.78762209999996 ], [ -40.857320899999898, -6.787528 ], [ -40.856889099999897, -6.78740809999994 ], [ -40.84758, -6.78482229999997 ], [ -40.847499899999903, -6.78493179999998 ], [ -40.8474555, -6.78499259999995 ], [ -40.8394182, -6.795984 ], [ -40.8382192, -6.814141 ], [ -40.8379528, -6.82265789999997 ], [ -40.837373699999901, -6.83508389999997 ], [ -40.8372616999999, -6.837483 ], [ -40.8372411, -6.83792419999997 ], [ -40.8371672, -6.83941439999995 ], [ -40.8367792, -6.84781679999998 ], [ -40.836774299999902, -6.847921 ], [ -40.836711799999897, -6.84925649999997 ], [ -40.8340916, -6.87424109999995 ], [ -40.8340315, -6.87481419999995 ], [ -40.832203299999897, -6.89220989999995 ], [ -40.830162599999902, -6.91165589999997 ], [ -40.8282859, -6.92832069999997 ], [ -40.838991, -6.95676409999993 ], [ -40.839009299999901, -6.95681259999998 ], [ -40.8390297, -6.95686329999995 ], [ -40.8390365, -6.95688 ], [ -40.8504823, -6.98520239999993 ], [ -40.8507339, -6.98524139999995 ], [ -40.852816, -6.98674529999994 ], [ -40.854952899999901, -6.988174 ], [ -40.857219799999903, -6.98970659999998 ], [ -40.858870099999898, -6.99083249999995 ], [ -40.8600526, -6.99085329999997 ], [ -40.8581483, -7.00076729999995 ], [ -40.8563081, -7.01044739999998 ], [ -40.8544322, -7.02031589999996 ], [ -40.8593458, -7.02456459999996 ], [ -40.873476799999899, -7.03678339999993 ], [ -40.873504899999901, -7.03681039999998 ], [ -40.873705399999899, -7.03698119999996 ], [ -40.887771, -7.04914339999993 ], [ -40.8981396, -7.06029259999997 ], [ -40.90003, -7.06232529999994 ], [ -40.9007551, -7.06310429999996 ], [ -40.913308899999898, -7.07659079999996 ], [ -40.9133221, -7.076605 ], [ -40.913331899999903, -7.07661549999995 ], [ -40.926531899999901, -7.08366679999995 ], [ -40.9268446, -7.08383359999993 ], [ -40.9445464, -7.09327489999993 ], [ -40.9599077, -7.10764379999995 ], [ -40.975631099999902, -7.12014319999997 ], [ -40.975721, -7.12021469999996 ] ] ] ] } },
{ "type": "Feature", "properties": { "CD_MUN": "2208650", "NM_MUN": "Queimada Nova", "CD_RGI": "220010", "NM_RGI": "Paulistana", "CD_RGINT": "2203", "NM_RGINT": "Picos", "CD_UF": "22", "NM_UF": "Piauí", "SIGLA_UF": "PI", "CD_REGIAO": "2", "NM_REGIAO": "Nordeste", "SIGLA_RG": "NE", "CD_CONCURB": null, "NM_CONCURB": null, "AREA_KM2": 1283.369 }, "geometry": { "type": "MultiPolygon", "coordinates": [ [ [ [ -41.3213272, -8.69966839999995 ], [ -41.3295807, -8.70256969999997 ], [ -41.3325535, -8.704283099999939 ], [ -41.3354027, -8.70694339999994 ], [ -41.3369168, -8.70835709999994 ], [ -41.3423998, -8.70954349999994 ], [ -41.3454184, -8.70986509999994 ], [ -41.352404099999902, -8.70877309999997 ], [ -41.358336199999897, -8.707620199999949 ], [ -41.3653603, -8.70558369999998 ], [ -41.374461499999903, -8.705400899999971 ], [ -41.378442699999901, -8.70658789999993 ], [ -41.3804363, -8.707182299999941 ], [ -41.3812515, -8.707272399999971 ], [ -41.3814565, -8.70730509999993 ], [ -41.3901579, -8.70869469999997 ], [ -41.3934824, -8.70762959999996 ], [ -41.3944724, -8.70731239999998 ], [ -41.4005683, -8.705359299999939 ], [ -41.4008944, -8.704676799999961 ], [ -41.4029469, -8.701653399999939 ], [ -41.4039564999999, -8.70016629999998 ], [ -41.4068061, -8.69596889999997 ], [ -41.413132899999901, -8.686649599999949 ], [ -41.4194069, -8.677408199999951 ], [ -41.420041099999899, -8.676474 ], [ -41.4260785, -8.667581 ], [ -41.426258399999902, -8.66758049999993 ], [ -41.430556599999903, -8.66839339999996 ], [ -41.4331045, -8.67019879999998 ], [ -41.4351384, -8.673093899999969 ], [ -41.4356577, -8.673833099999969 ], [ -41.4358359, -8.67404279999994 ], [ -41.436129799999897, -8.674388599999929 ], [ -41.439953199999898, -8.678887399999949 ], [ -41.4447565, -8.685346099999951 ], [ -41.4479347, -8.68950339999998 ], [ -41.4511123, -8.69488129999996 ], [ -41.4521281, -8.69647619999995 ], [ -41.454594, -8.70034809999993 ], [ -41.459485099999903, -8.70701289999994 ], [ -41.461598, -8.709814699999979 ], [ -41.4628977, -8.71153819999995 ], [ -41.4636735, -8.71256689999996 ], [ -41.46378, -8.71287389999998 ], [ -41.4643482, -8.713232599999969 ], [ -41.465567099999902, -8.714002 ], [ -41.470594499999898, -8.717043099999961 ], [ -41.489984499999899, -8.733922799999959 ], [ -41.4955194, -8.735775099999961 ], [ -41.5041016, -8.735555799999929 ], [ -41.517890899999898, -8.724891299999969 ], [ -41.5180487, -8.7127 ], [ -41.515493799999902, -8.70192649999996 ], [ -41.511231199999898, -8.68086819999996 ], [ -41.5102568, -8.67788679999995 ], [ -41.5090898, -8.659423 ], [ -41.506763099999901, -8.653654699999951 ], [ -41.5064912, -8.653239099999951 ], [ -41.5015983, -8.64576309999995 ], [ -41.496541799999903, -8.633700599999941 ], [ -41.493088499999899, -8.622935499999929 ], [ -41.4925481, -8.621250799999929 ], [ -41.4923044, -8.620769299999949 ], [ -41.488072499999902, -8.61161739999994 ], [ -41.4880653, -8.61160179999996 ], [ -41.4880406999999, -8.611551399999939 ], [ -41.485846299999899, -8.606803 ], [ -41.4833245, -8.601932499999981 ], [ -41.4830577, -8.60141729999998 ], [ -41.4805969, -8.592088899999959 ], [ -41.4805775, -8.59179609999995 ], [ -41.480218299999898, -8.586384 ], [ -41.478755099999901, -8.57686279999996 ], [ -41.4790088, -8.575455299999931 ], [ -41.477472, -8.566295399999939 ], [ -41.4773254999999, -8.56580709999997 ], [ -41.4733902, -8.552685399999969 ], [ -41.470556, -8.54001909999994 ], [ -41.4699638, -8.537978099999981 ], [ -41.468292899999902, -8.531826 ], [ -41.470490799999901, -8.530936799999949 ], [ -41.4714701, -8.53055759999995 ], [ -41.4744079, -8.52857019999993 ], [ -41.4744429, -8.528502099999971 ], [ -41.476870399999903, -8.52581619999995 ], [ -41.4768726, -8.525714299999949 ], [ -41.4788962, -8.52292189999997 ], [ -41.4795867, -8.52225329999993 ], [ -41.4818413, -8.520070099999939 ], [ -41.4847472, -8.51715489999998 ], [ -41.486169, -8.514897 ], [ -41.4955477, -8.505189399999949 ], [ -41.4941701, -8.50078289999993 ], [ -41.485979, -8.475328 ], [ -41.48592, -8.475168 ], [ -41.485925, -8.475009 ], [ -41.485984, -8.474797 ], [ -41.4921494, -8.45604919999994 ], [ -41.4935699, -8.455045699999969 ], [ -41.4936652, -8.454934899999961 ], [ -41.4939615, -8.45473819999995 ], [ -41.4949715, -8.426904 ], [ -41.4954256, -8.414444099999971 ], [ -41.4935305, -8.39103309999996 ], [ -41.486505899999898, -8.36810969999993 ], [ -41.486011, -8.36648479999997 ], [ -41.481631299999897, -8.365845699999969 ], [ -41.47907, -8.36373849999995 ], [ -41.4757637, -8.35926229999995 ], [ -41.475808399999899, -8.35902769999996 ], [ -41.475454699999901, -8.355480599999961 ], [ -41.474846899999903, -8.352090899999951 ], [ -41.4735089, -8.347968099999949 ], [ -41.471178699999903, -8.34525879999995 ], [ -41.467844199999902, -8.341751399999961 ], [ -41.467141599999898, -8.338512699999971 ], [ -41.4690365, -8.335276399999939 ], [ -41.4776270999999, -8.324201899999929 ], [ -41.4770147, -8.321195699999979 ], [ -41.475548199999899, -8.31935549999997 ], [ -41.4737473, -8.316113 ], [ -41.4721466, -8.31057439999995 ], [ -41.4725943, -8.307337599999929 ], [ -41.4735651, -8.303619199999959 ], [ -41.474350399999899, -8.299395699999931 ], [ -41.474101899999901, -8.29673309999993 ], [ -41.4712266, -8.29419049999996 ], [ -41.468401899999897, -8.29397119999993 ], [ -41.4667853, -8.292954699999941 ], [ -41.464298, -8.29108419999994 ], [ -41.4622079, -8.289232099999939 ], [ -41.4603954, -8.28654289999997 ], [ -41.4575953, -8.28366859999994 ], [ -41.453385, -8.28070429999997 ], [ -41.450930899999904, -8.28000589999994 ], [ -41.4482915, -8.28057879999994 ], [ -41.445495, -8.28064229999995 ], [ -41.444364699999902, -8.281872199999951 ], [ -41.4425267, -8.28474339999997 ], [ -41.4414507, -8.285836199999951 ], [ -41.438753399999896, -8.28622959999996 ], [ -41.435727, -8.28784729999995 ], [ -41.434479, -8.290186899999981 ], [ -41.4331787, -8.29310719999995 ], [ -41.4292353, -8.29575339999997 ], [ -41.4223009, -8.29561919999998 ], [ -41.4191259, -8.29524919999994 ], [ -41.4176171, -8.295510199999971 ], [ -41.4172182, -8.29616209999995 ], [ -41.4170465999999, -8.29644249999996 ], [ -41.415488799999899, -8.29653319999994 ], [ -41.4104111, -8.29852449999993 ], [ -41.4020323, -8.301810399999971 ], [ -41.4022217999999, -8.308381299999949 ], [ -41.402202, -8.310381 ], [ -41.3947345, -8.321073 ], [ -41.3913403, -8.329304199999971 ], [ -41.391679699999898, -8.333037899999971 ], [ -41.39151, -8.33397129999997 ], [ -41.387606499999897, -8.33566849999994 ], [ -41.386164, -8.33558359999995 ], [ -41.3800851, -8.334222499999949 ], [ -41.3722033, -8.32982109999995 ], [ -41.370815799999903, -8.329694899999939 ], [ -41.3611038, -8.329871499999969 ], [ -41.344984399999902, -8.33204089999998 ], [ -41.344177199999898, -8.332747299999941 ], [ -41.342411399999897, -8.336228499999949 ], [ -41.342164899999901, -8.33711639999996 ], [ -41.3417241, -8.344168799999981 ], [ -41.3257462, -8.346042 ], [ -41.315939, -8.34571149999994 ], [ -41.3097682, -8.345491099999951 ], [ -41.3034873, -8.34571149999994 ], [ -41.3012497, -8.34622129999997 ], [ -41.3007018, -8.34634609999995 ], [ -41.3006336, -8.34636169999993 ], [ -41.2947821, -8.34769489999996 ], [ -41.2907049, -8.348907099999961 ], [ -41.2877296999999, -8.35166189999995 ], [ -41.2837628, -8.355408399999931 ], [ -41.2793551, -8.35926519999998 ], [ -41.2767105, -8.361138399999961 ], [ -41.273955699999902, -8.36179959999993 ], [ -41.2687766, -8.36301169999996 ], [ -41.2672339, -8.36477479999996 ], [ -41.2669033, -8.36708879999998 ], [ -41.2677849, -8.370725199999979 ], [ -41.2686664, -8.371276199999951 ], [ -41.270098899999901, -8.37314939999993 ], [ -41.2704295, -8.374251399999929 ], [ -41.269878499999898, -8.375573699999959 ], [ -41.2687766, -8.376455199999951 ], [ -41.2669033, -8.37667559999994 ], [ -41.265030099999898, -8.375683899999959 ], [ -41.2617243, -8.372598499999979 ], [ -41.258638899999902, -8.370064 ], [ -41.256875799999897, -8.36929269999996 ], [ -41.2554433, -8.36962329999994 ], [ -41.2547820999999, -8.37094559999997 ], [ -41.2545618, -8.37447169999996 ], [ -41.254341399999902, -8.380311899999979 ], [ -41.2539006, -8.38306679999994 ], [ -41.2529089, -8.384829799999981 ], [ -41.251256, -8.385711399999931 ], [ -41.2491623, -8.385711399999931 ], [ -41.2475094, -8.385491 ], [ -41.2405673, -8.386703099999981 ], [ -41.2393552, -8.387364299999939 ], [ -41.236930899999898, -8.39276369999993 ], [ -41.2360494, -8.39684079999995 ], [ -41.2359392, -8.401468899999941 ], [ -41.2356086, -8.40598679999994 ], [ -41.2359392, -8.40929259999996 ], [ -41.223818, -8.402019899999971 ], [ -41.2197409, -8.39783259999996 ], [ -41.2179778, -8.396730599999961 ], [ -41.211807, -8.39353509999995 ], [ -41.2058048, -8.389990299999971 ], [ -41.2061315, -8.391493399999939 ], [ -41.2060132, -8.393888899999981 ], [ -41.2058845, -8.395869799999961 ], [ -41.2053217, -8.39948069999997 ], [ -41.2051342, -8.40121579999993 ], [ -41.205073, -8.40249939999995 ], [ -41.2050404, -8.403185399999931 ], [ -41.2053217, -8.40562389999997 ], [ -41.2054155, -8.407359 ], [ -41.2054155, -8.410454 ], [ -41.2052279, -8.413173899999951 ], [ -41.204712099999902, -8.41692549999993 ], [ -41.204524499999899, -8.41809779999994 ], [ -41.2045330999999, -8.418164599999949 ], [ -41.204712099999902, -8.419551599999981 ], [ -41.206071999999899, -8.424381699999969 ], [ -41.2067286, -8.425882299999961 ], [ -41.2079477999999, -8.427570499999939 ], [ -41.209354699999899, -8.428649099999969 ], [ -41.2119807999999, -8.429962099999949 ], [ -41.2142317, -8.430337299999961 ], [ -41.215404099999901, -8.43113449999993 ], [ -41.2169516, -8.43333859999996 ], [ -41.2177019, -8.43474539999994 ], [ -41.218639799999899, -8.437090099999979 ], [ -41.219014899999898, -8.43882519999994 ], [ -41.2188743, -8.43990379999997 ], [ -41.2183115, -8.440888599999941 ], [ -41.214372399999903, -8.443796 ], [ -41.2131062, -8.44445259999998 ], [ -41.2110898, -8.445249799999941 ], [ -41.209729799999899, -8.445953199999961 ], [ -41.2090264, -8.446562799999979 ], [ -41.2085575, -8.447829 ], [ -41.2084637, -8.450502 ], [ -41.2086512, -8.45340939999994 ], [ -41.208885699999897, -8.45655139999997 ], [ -41.208745, -8.45725479999993 ], [ -41.2085575, -8.458427099999939 ], [ -41.2079947, -8.45955259999994 ], [ -41.2072444, -8.46016219999996 ], [ -41.2053217, -8.46049049999993 ], [ -41.2016171, -8.460725 ], [ -41.1995537, -8.46091259999997 ], [ -41.1976779, -8.461381499999961 ], [ -41.196271099999898, -8.462882099999939 ], [ -41.194958, -8.46475789999994 ], [ -41.1935981, -8.46621159999995 ], [ -41.1907375, -8.467853 ], [ -41.185672899999901, -8.46808739999994 ], [ -41.1818276, -8.46822809999998 ], [ -41.179998699999899, -8.468368799999951 ], [ -41.1756844, -8.46850949999993 ], [ -41.173949299999897, -8.468697099999931 ], [ -41.171557699999902, -8.469259799999969 ], [ -41.1692598, -8.470057 ], [ -41.1681811999999, -8.47033839999995 ], [ -41.163538699999897, -8.471839 ], [ -41.1622255999999, -8.47244859999995 ], [ -41.162131799999898, -8.47305819999997 ], [ -41.162506999999898, -8.473996099999971 ], [ -41.1629291, -8.47516849999994 ], [ -41.162976, -8.47695049999993 ], [ -41.1615691, -8.48037379999994 ], [ -41.1602561, -8.48267159999995 ], [ -41.1602437, -8.48271949999997 ], [ -41.160197799999899, -8.48289629999994 ], [ -41.159927799999899, -8.48393779999998 ], [ -41.159740199999902, -8.485203899999931 ], [ -41.1597871, -8.486517 ], [ -41.160115399999903, -8.48820519999998 ], [ -41.160302999999899, -8.48965889999994 ], [ -41.160021599999901, -8.490596799999929 ], [ -41.1592244, -8.49130019999996 ], [ -41.1576769, -8.49205049999995 ], [ -41.1515337, -8.497302699999979 ], [ -41.1502675, -8.498662699999951 ], [ -41.149704799999903, -8.49974119999996 ], [ -41.1489076, -8.50325829999997 ], [ -41.1488138, -8.50682229999995 ], [ -41.1484386, -8.508416699999939 ], [ -41.1481104, -8.51038629999994 ], [ -41.1475945, -8.512824799999979 ], [ -41.1471725, -8.51455989999994 ], [ -41.146469099999898, -8.51643569999993 ], [ -41.145718799999898, -8.51756119999993 ], [ -41.1445464, -8.518874199999971 ], [ -41.143561599999899, -8.51962449999996 ], [ -41.1432801999999, -8.519999699999969 ], [ -41.1430927, -8.520703099999929 ], [ -41.143374, -8.521594099999961 ], [ -41.1444526, -8.522532 ], [ -41.1464222, -8.52539259999998 ], [ -41.1482042, -8.528769 ], [ -41.149048299999897, -8.530551 ], [ -41.149517199999899, -8.53280189999998 ], [ -41.149493499999899, -8.53391729999993 ], [ -41.1491205, -8.53646979999996 ], [ -41.1481163, -8.538177299999971 ], [ -41.148286799999902, -8.53869569999995 ], [ -41.151242599999897, -8.540157099999931 ], [ -41.152486399999901, -8.541476499999931 ], [ -41.1529171, -8.543508599999941 ], [ -41.152445, -8.544991499999981 ], [ -41.152317299999901, -8.546051099999939 ], [ -41.1520459, -8.548305899999949 ], [ -41.152650499999901, -8.54976529999993 ], [ -41.154172, -8.550468399999939 ], [ -41.1550933, -8.55089409999994 ], [ -41.1564104, -8.55251619999996 ], [ -41.1571294, -8.556436299999969 ], [ -41.156723499999899, -8.55888009999995 ], [ -41.1570121, -8.560439699999961 ], [ -41.1631724, -8.57030489999994 ], [ -41.1634117, -8.57173669999997 ], [ -41.1652615, -8.577886799999931 ], [ -41.1667394, -8.58068229999998 ], [ -41.1687459, -8.583090599999929 ], [ -41.1693261, -8.58361519999994 ], [ -41.171555899999902, -8.585630899999961 ], [ -41.1729217, -8.58630659999994 ], [ -41.1742118, -8.58665579999996 ], [ -41.1753011, -8.58695069999993 ], [ -41.1762486, -8.58691259999995 ], [ -41.177396499999901, -8.587476 ], [ -41.1786283, -8.588376899999959 ], [ -41.1792052, -8.59259119999996 ], [ -41.1799065, -8.59326739999995 ], [ -41.1816471, -8.59364179999994 ], [ -41.1852469, -8.592779499999949 ], [ -41.1985662, -8.59247709999994 ], [ -41.1997039, -8.59299169999997 ], [ -41.2007381, -8.594410699999971 ], [ -41.202878199999901, -8.59927649999997 ], [ -41.2046553, -8.60025959999996 ], [ -41.2074856, -8.60093419999993 ], [ -41.2093953, -8.601015599999929 ], [ -41.209944999999898, -8.601369 ], [ -41.2122884, -8.601820299999931 ], [ -41.2126286, -8.602637499999959 ], [ -41.2123443999999, -8.60425389999995 ], [ -41.210571899999898, -8.60638449999993 ], [ -41.209419, -8.607406699999959 ], [ -41.207746799999903, -8.61027169999994 ], [ -41.2076038, -8.611931499999971 ], [ -41.2086006, -8.616013399999931 ], [ -41.208186, -8.61806349999995 ], [ -41.2080058, -8.61835119999995 ], [ -41.2079941, -8.61837009999994 ], [ -41.2068264, -8.620237399999951 ], [ -41.2066493, -8.622599 ], [ -41.2065441, -8.633295 ], [ -41.2102924, -8.640083899999979 ], [ -41.213542899999901, -8.64415549999995 ], [ -41.215043599999902, -8.64524639999996 ], [ -41.2177962, -8.64602049999996 ], [ -41.220932199999901, -8.64637429999993 ], [ -41.2217117, -8.646177199999951 ], [ -41.2233315, -8.64631649999995 ], [ -41.225160899999899, -8.647051199999961 ], [ -41.2269903, -8.64778589999997 ], [ -41.2310667, -8.64714679999997 ], [ -41.2337888, -8.64761429999993 ], [ -41.237434199999903, -8.65080529999994 ], [ -41.238200499999898, -8.65242689999997 ], [ -41.2392353, -8.65374819999994 ], [ -41.2391863, -8.654515 ], [ -41.239490499999903, -8.65582659999995 ], [ -41.2416327, -8.65658609999997 ], [ -41.2434658, -8.65670929999993 ], [ -41.247407, -8.65837879999998 ], [ -41.2494075, -8.65955839999998 ], [ -41.2513183, -8.661608599999971 ], [ -41.252581899999903, -8.661892199999951 ], [ -41.2532136, -8.662034 ], [ -41.253845399999904, -8.66217579999994 ], [ -41.2594711, -8.66243929999996 ], [ -41.2645453, -8.661951699999969 ], [ -41.266238, -8.662140099999929 ], [ -41.2687255, -8.66322439999993 ], [ -41.272007099999897, -8.662039799999951 ], [ -41.2766185, -8.661257899999949 ], [ -41.2789068, -8.660563 ], [ -41.287434, -8.660839099999979 ], [ -41.288997, -8.661897599999969 ], [ -41.2914276, -8.66646369999995 ], [ -41.2954554, -8.670182499999949 ], [ -41.2961076, -8.672336799999931 ], [ -41.2961313, -8.672415 ], [ -41.2961516, -8.67248219999993 ], [ -41.297759299999903, -8.677792 ], [ -41.300184699999903, -8.682137199999939 ], [ -41.307943, -8.690586899999969 ], [ -41.308305899999901, -8.69098209999993 ], [ -41.3142616, -8.69610229999995 ], [ -41.3176558, -8.698145599999981 ], [ -41.3212811, -8.699652199999949 ], [ -41.3213272, -8.69966839999995 ] ] ] ] } },
{ "type": "Feature", "properties": { "CD_MUN": "2208007", "NM_MUN": "Picos", "CD_RGI": "220009", "NM_RGI": "Picos", "CD_RGINT": "2203", "NM_RGINT": "Picos", "CD_UF": "22", "NM_UF": "Piauí", "SIGLA_UF": "PI", "CD_REGIAO": "2", "NM_REGIAO": "Nordeste", "SIGLA_RG": "NE", "CD_CONCURB": null, "NM_CONCURB": null, "AREA_KM2": 577.284 }, "geometry": { "type": "MultiPolygon", "coordinates": [ [ [ [ -41.5710392, -7.18802619999997 ], [ -41.571274699999897, -7.18828369999994 ], [ -41.571832, -7.18889289999993 ], [ -41.576942, -7.19448009999996 ], [ -41.5789075, -7.19915379999998 ], [ -41.580026299999901, -7.20181439999993 ], [ -41.5911596, -7.22828809999993 ], [ -41.5964026, -7.22764049999995 ], [ -41.6030317, -7.22827029999996 ], [ -41.6060451, -7.22670719999996 ], [ -41.608001199999897, -7.22569249999998 ], [ -41.609563299999898, -7.22387379999998 ], [ -41.609709699999897, -7.22370329999995 ], [ -41.610133699999899, -7.22320959999996 ], [ -41.6154539, -7.20420209999997 ], [ -41.627779099999898, -7.18419489999997 ], [ -41.6347278, -7.17291529999994 ], [ -41.6267217, -7.15247319999997 ], [ -41.625506099999903, -7.14936939999996 ], [ -41.6243694, -7.14646689999995 ], [ -41.6222538, -7.14106519999996 ], [ -41.6165748, -7.12656489999995 ], [ -41.616365099999904, -7.12602939999994 ], [ -41.6040343, -7.10812779999998 ], [ -41.6038599, -7.10787459999995 ], [ -41.6034514, -7.10728149999994 ], [ -41.601548099999903, -7.10451829999994 ], [ -41.600469299999901, -7.102952 ], [ -41.6000688, -7.10237069999994 ], [ -41.5999416, -7.10218589999994 ], [ -41.5997096, -7.10184909999998 ], [ -41.599131499999899, -7.10100979999993 ], [ -41.596991699999897, -7.10243819999994 ], [ -41.5948438, -7.103503 ], [ -41.593489, -7.10367349999996 ], [ -41.5916487, -7.10311359999997 ], [ -41.5885168, -7.10117259999993 ], [ -41.5867665, -7.10087049999993 ], [ -41.584797799999897, -7.10030809999995 ], [ -41.583616999999897, -7.099754 ], [ -41.583371999999898, -7.099512 ], [ -41.583177, -7.099333 ], [ -41.582909, -7.099304 ], [ -41.582743999999899, -7.099128 ], [ -41.582707, -7.098814 ], [ -41.582488, -7.098631 ], [ -41.582261, -7.098529 ], [ -41.582088999999897, -7.098444 ], [ -41.58187, -7.09855 ], [ -41.581680999999897, -7.098673 ], [ -41.58151, -7.09875 ], [ -41.581286, -7.098724 ], [ -41.580981999999899, -7.098635 ], [ -41.580527, -7.098541 ], [ -41.580216999999898, -7.09854 ], [ -41.580034, -7.098368 ], [ -41.580026, -7.098223 ], [ -41.5800834, -7.09807819999997 ], [ -41.580251299999901, -7.09762619999998 ], [ -41.580369, -7.097248 ], [ -41.58044, -7.097019 ], [ -41.580469999999899, -7.096819 ], [ -41.580281, -7.096628 ], [ -41.580045, -7.096449 ], [ -41.579994, -7.09616 ], [ -41.580289999999898, -7.095585 ], [ -41.580453, -7.095225 ], [ -41.580813, -7.094795 ], [ -41.581148, -7.094539 ], [ -41.581617999999899, -7.094197 ], [ -41.581824, -7.094214 ], [ -41.582116, -7.094398 ], [ -41.582355999999898, -7.094585 ], [ -41.582498, -7.094559 ], [ -41.582639, -7.094419 ], [ -41.582755, -7.094078 ], [ -41.582909, -7.093553 ], [ -41.58299, -7.093097 ], [ -41.583406, -7.092535 ], [ -41.583788, -7.092093 ], [ -41.584307, -7.091617 ], [ -41.584487, -7.091646 ], [ -41.584589999999899, -7.091791 ], [ -41.584663, -7.092132 ], [ -41.584902999999898, -7.092476 ], [ -41.585135, -7.092613 ], [ -41.585337, -7.092574 ], [ -41.585388, -7.092421 ], [ -41.585147999999897, -7.092191 ], [ -41.585156, -7.092 ], [ -41.585298, -7.091893 ], [ -41.585405, -7.091774 ], [ -41.585345, -7.091532 ], [ -41.585118, -7.09131 ], [ -41.5853, -7.090929 ], [ -41.58557, -7.090631 ], [ -41.585927, -7.090384 ], [ -41.586188, -7.09009 ], [ -41.586495, -7.089752 ], [ -41.586577, -7.089476 ], [ -41.586753, -7.089348 ], [ -41.587139, -7.089318 ], [ -41.587516999999899, -7.08928 ], [ -41.587723, -7.089156 ], [ -41.587997, -7.08879 ], [ -41.588169, -7.088373 ], [ -41.58822, -7.088177 ], [ -41.588182, -7.0879 ], [ -41.587959, -7.087343 ], [ -41.587963, -7.086973 ], [ -41.588126, -7.086687 ], [ -41.588332, -7.086296 ], [ -41.588469, -7.085942 ], [ -41.588671, -7.085648 ], [ -41.588924, -7.085559 ], [ -41.589537999999898, -7.085572 ], [ -41.589838, -7.085576 ], [ -41.590225, -7.08547 ], [ -41.590379, -7.085193 ], [ -41.590370999999898, -7.084831 ], [ -41.590237, -7.084533 ], [ -41.590185, -7.08412 ], [ -41.589513699999898, -7.08262589999993 ], [ -41.5896538, -7.080569 ], [ -41.5904911, -7.07874239999995 ], [ -41.590817899999898, -7.07701119999996 ], [ -41.5914326, -7.07534669999995 ], [ -41.591371599999903, -7.07517439999998 ], [ -41.589364799999899, -7.06950439999997 ], [ -41.5875204, -7.060932 ], [ -41.5875425, -7.05903909999995 ], [ -41.5874266, -7.055809 ], [ -41.5910618999999, -7.050262 ], [ -41.58478, -7.033123 ], [ -41.5875818, -7.033161 ], [ -41.5908666, -7.03320559999997 ], [ -41.592882, -7.033233 ], [ -41.604315, -7.033397 ], [ -41.609034999999899, -7.033414 ], [ -41.6113723, -7.03344989999994 ], [ -41.6153467, -7.033565 ], [ -41.6153891, -7.03356619999994 ], [ -41.615617, -7.03242069999993 ], [ -41.615739, -7.03180779999997 ], [ -41.617646299999898, -7.02222009999997 ], [ -41.617856399999901, -7.02116409999996 ], [ -41.621107, -7.01215839999998 ], [ -41.6229728, -7.00698919999996 ], [ -41.6246922, -7.00222569999994 ], [ -41.6296115, -6.98859719999996 ], [ -41.629555799999899, -6.98835039999994 ], [ -41.6218253, -6.95407379999995 ], [ -41.6212659, -6.95159319999993 ], [ -41.6183281, -6.94161219999995 ], [ -41.6179594, -6.94035979999995 ], [ -41.6165783, -6.93566749999997 ], [ -41.6134319, -6.92497789999993 ], [ -41.613479599999899, -6.92309219999993 ], [ -41.613881799999902, -6.907188 ], [ -41.614174799999901, -6.89560429999995 ], [ -41.613868, -6.89237059999994 ], [ -41.612627599999897, -6.87929479999997 ], [ -41.6126092, -6.879101 ], [ -41.6121051, -6.87378659999996 ], [ -41.6117758, -6.87031429999996 ], [ -41.6059875, -6.87270889999996 ], [ -41.540949199999901, -6.89961469999997 ], [ -41.5410312, -6.91497769999995 ], [ -41.5473311, -6.93579469999997 ], [ -41.5475714, -6.93658859999994 ], [ -41.545675199999899, -6.93763389999998 ], [ -41.5417125, -6.93982159999996 ], [ -41.537559, -6.94210819999995 ], [ -41.5285593, -6.95689169999997 ], [ -41.5192084, -6.972252 ], [ -41.516788899999902, -6.97622629999995 ], [ -41.5153069, -6.97866079999994 ], [ -41.4772902999999, -6.99450669999993 ], [ -41.4747748999999, -6.99555509999993 ], [ -41.474179999999897, -6.99580309999993 ], [ -41.4729945, -6.99565259999997 ], [ -41.470040299999901, -6.99527069999994 ], [ -41.4613279, -6.99415019999998 ], [ -41.446447799999902, -6.99223649999993 ], [ -41.4462429, -6.99221019999993 ], [ -41.4401353, -6.99142469999992 ], [ -41.4390278, -6.99946859999994 ], [ -41.4375203, -7.01041789999994 ], [ -41.4147538, -7.03198609999993 ], [ -41.4133752, -7.03329209999993 ], [ -41.4128041, -7.03383319999995 ], [ -41.4122723999999, -7.034337 ], [ -41.4119966, -7.03459819999995 ], [ -41.411786999999897, -7.03479669999996 ], [ -41.4115231, -7.03504669999995 ], [ -41.4114903, -7.03507779999995 ], [ -41.4114827, -7.035085 ], [ -41.4114574, -7.035109 ], [ -41.4111966, -7.035356 ], [ -41.4102463, -7.03625629999993 ], [ -41.4102238, -7.03627759999995 ], [ -41.4096969, -7.03677679999993 ], [ -41.4075084, -7.03884989999995 ], [ -41.4072873, -7.03905929999996 ], [ -41.405845999999897, -7.04042469999996 ], [ -41.4055288, -7.04225579999996 ], [ -41.405468, -7.04260669999996 ], [ -41.4054366, -7.04278829999993 ], [ -41.403998999999899, -7.051087 ], [ -41.4033448, -7.05486359999998 ], [ -41.3942738, -7.05855079999998 ], [ -41.3938549, -7.05872109999996 ], [ -41.3932067, -7.05898459999997 ], [ -41.388741799999899, -7.06079939999995 ], [ -41.3867662, -7.06160249999994 ], [ -41.371774, -7.06769639999993 ], [ -41.357191199999903, -7.06545419999998 ], [ -41.3533335, -7.064861 ], [ -41.3512696, -7.06454369999994 ], [ -41.3319336, -7.06157049999996 ], [ -41.3328635, -7.08810869999996 ], [ -41.3332538, -7.09924839999996 ], [ -41.3353706, -7.09962079999997 ], [ -41.354762999999899, -7.10303279999994 ], [ -41.3873591, -7.10738519999995 ], [ -41.3940219, -7.12378519999993 ], [ -41.3953491, -7.12705209999996 ], [ -41.3953602, -7.12705709999994 ], [ -41.3984809, -7.12846149999996 ], [ -41.4004518, -7.12934839999997 ], [ -41.4005241, -7.129381 ], [ -41.4009698, -7.12958159999994 ], [ -41.4013022, -7.12961339999993 ], [ -41.4024155, -7.12898219999994 ], [ -41.4043397, -7.12755639999995 ], [ -41.408353799999901, -7.12368429999998 ], [ -41.409866099999903, -7.12303279999998 ], [ -41.4116516, -7.12338869999996 ], [ -41.4118763, -7.12343349999998 ], [ -41.4119934, -7.12345689999995 ], [ -41.4126831, -7.12382859999997 ], [ -41.4137125, -7.12374109999996 ], [ -41.414610799999899, -7.12331879999994 ], [ -41.4153408, -7.12331519999998 ], [ -41.4166369, -7.12468189999993 ], [ -41.4173248, -7.12505269999997 ], [ -41.418186799999901, -7.12509059999996 ], [ -41.4188688999999, -7.12469089999996 ], [ -41.4193369, -7.12398069999995 ], [ -41.419972099999903, -7.12239489999996 ], [ -41.420761, -7.12222859999997 ], [ -41.4220399, -7.12257889999995 ], [ -41.425008799999901, -7.12436719999994 ], [ -41.426339, -7.12479749999994 ], [ -41.4283128, -7.12474649999996 ], [ -41.4308000999999, -7.12439909999995 ], [ -41.432516399999898, -7.12393219999996 ], [ -41.434530299999899, -7.12308889999997 ], [ -41.4373869, -7.12117679999994 ], [ -41.4398801, -7.12048489999995 ], [ -41.442627899999898, -7.12044289999994 ], [ -41.4427497, -7.120441 ], [ -41.443023799999899, -7.120437 ], [ -41.4430416, -7.12043669999997 ], [ -41.4430616, -7.12043639999996 ], [ -41.443758499999902, -7.120426 ], [ -41.445014399999899, -7.12007049999994 ], [ -41.446198599999903, -7.11929609999993 ], [ -41.4471048, -7.11845339999996 ], [ -41.447933, -7.11718979999995 ], [ -41.448979999999899, -7.116068 ], [ -41.449989199999898, -7.11540029999998 ], [ -41.4517336, -7.11538989999997 ], [ -41.4527125, -7.11496519999997 ], [ -41.454615499999903, -7.11508089999995 ], [ -41.457255599999897, -7.11542829999996 ], [ -41.4580304999999, -7.11619449999995 ], [ -41.4586274, -7.11727409999997 ], [ -41.459269999999897, -7.11971569999997 ], [ -41.4600417, -7.12076109999998 ], [ -41.461371799999903, -7.121884 ], [ -41.4614594, -7.12326159999998 ], [ -41.4619377, -7.13078829999995 ], [ -41.461964, -7.131201 ], [ -41.4624049, -7.13813809999994 ], [ -41.4625212, -7.13996739999993 ], [ -41.4628253, -7.14475259999995 ], [ -41.4629161, -7.14618189999993 ], [ -41.4633052, -7.15230309999993 ], [ -41.463389699999901, -7.15363329999997 ], [ -41.4646179, -7.17295619999993 ], [ -41.4645078, -7.17369369999994 ], [ -41.4635739, -7.17994759999993 ], [ -41.4635714, -7.17996439999996 ], [ -41.463488299999902, -7.18052109999996 ], [ -41.4633861, -7.18120529999993 ], [ -41.4631585, -7.18272969999992 ], [ -41.462937199999899, -7.18421159999997 ], [ -41.4624501, -7.18747379999996 ], [ -41.4624641999999, -7.18746839999994 ], [ -41.462480099999901, -7.18746249999998 ], [ -41.4665357, -7.18593479999993 ], [ -41.476227499999901, -7.18228409999995 ], [ -41.4796777, -7.18098449999997 ], [ -41.483997799999898, -7.17935729999994 ], [ -41.4859142, -7.17863539999996 ], [ -41.487954499999901, -7.17786689999997 ], [ -41.491783499999897, -7.17642459999996 ], [ -41.4924622, -7.17496359999996 ], [ -41.493416, -7.17291019999993 ], [ -41.4954405, -7.16855209999994 ], [ -41.496548699999899, -7.16616659999994 ], [ -41.4968177, -7.16558759999998 ], [ -41.4988061, -7.16130709999993 ], [ -41.4989385, -7.16102189999998 ], [ -41.5043158, -7.16034769999993 ], [ -41.5043917, -7.16033809999993 ], [ -41.505108999999898, -7.16024819999996 ], [ -41.5057373, -7.16016939999997 ], [ -41.5116872, -7.15942329999996 ], [ -41.5215441, -7.15818729999995 ], [ -41.525311299999899, -7.16179589999996 ], [ -41.5264783, -7.16291379999996 ], [ -41.5287322, -7.16507269999994 ], [ -41.5312958, -7.16752839999998 ], [ -41.5365533, -7.17256439999994 ], [ -41.5471936, -7.16830979999997 ], [ -41.55145, -7.16660779999995 ], [ -41.55655, -7.17218389999994 ], [ -41.557399299999901, -7.17311259999997 ], [ -41.558435, -7.17424489999996 ], [ -41.5585333, -7.17435239999998 ], [ -41.559772699999897, -7.17570759999995 ], [ -41.561815, -7.17794049999998 ], [ -41.5699582, -7.18684419999994 ], [ -41.5710392, -7.18802619999997 ] ] ] ] } },
{ "type": "Feature", "properties": { "CD_MUN": "2200053", "NM_MUN": "Acauã", "CD_RGI": "220010", "NM_RGI": "Paulistana", "CD_RGINT": "2203", "NM_RGINT": "Picos", "CD_UF": "22", "NM_UF": "Piauí", "SIGLA_UF": "PI", "CD_REGIAO": "2", "NM_REGIAO": "Nordeste", "SIGLA_RG": "NE", "CD_CONCURB": null, "NM_CONCURB": null, "AREA_KM2": 1196.75 }, "geometry": { "type": "MultiPolygon", "coordinates": [ [ [ [ -41.160302999999899, -8.48965889999994 ], [ -41.160115399999903, -8.48820519999998 ], [ -41.1597871, -8.486517 ], [ -41.159740199999902, -8.485203899999931 ], [ -41.159927799999899, -8.48393779999998 ], [ -41.160197799999899, -8.48289629999994 ], [ -41.1602437, -8.48271949999997 ], [ -41.1602561, -8.48267159999995 ], [ -41.1615691, -8.48037379999994 ], [ -41.162976, -8.47695049999993 ], [ -41.1629291, -8.47516849999994 ], [ -41.162506999999898, -8.473996099999971 ], [ -41.162131799999898, -8.47305819999997 ], [ -41.1622255999999, -8.47244859999995 ], [ -41.163538699999897, -8.471839 ], [ -41.1681811999999, -8.47033839999995 ], [ -41.1692598, -8.470057 ], [ -41.171557699999902, -8.469259799999969 ], [ -41.173949299999897, -8.468697099999931 ], [ -41.1756844, -8.46850949999993 ], [ -41.179998699999899, -8.468368799999951 ], [ -41.1818276, -8.46822809999998 ], [ -41.185672899999901, -8.46808739999994 ], [ -41.1907375, -8.467853 ], [ -41.1935981, -8.46621159999995 ], [ -41.194958, -8.46475789999994 ], [ -41.196271099999898, -8.462882099999939 ], [ -41.1976779, -8.461381499999961 ], [ -41.1995537, -8.46091259999997 ], [ -41.2016171, -8.460725 ], [ -41.2053217, -8.46049049999993 ], [ -41.2072444, -8.46016219999996 ], [ -41.2079947, -8.45955259999994 ], [ -41.2085575, -8.458427099999939 ], [ -41.208745, -8.45725479999993 ], [ -41.208885699999897, -8.45655139999997 ], [ -41.2086512, -8.45340939999994 ], [ -41.2084637, -8.450502 ], [ -41.2085575, -8.447829 ], [ -41.2090264, -8.446562799999979 ], [ -41.209729799999899, -8.445953199999961 ], [ -41.2110898, -8.445249799999941 ], [ -41.2131062, -8.44445259999998 ], [ -41.214372399999903, -8.443796 ], [ -41.2183115, -8.440888599999941 ], [ -41.2188743, -8.43990379999997 ], [ -41.219014899999898, -8.43882519999994 ], [ -41.218639799999899, -8.437090099999979 ], [ -41.2177019, -8.43474539999994 ], [ -41.2169516, -8.43333859999996 ], [ -41.215404099999901, -8.43113449999993 ], [ -41.2142317, -8.430337299999961 ], [ -41.2119807999999, -8.429962099999949 ], [ -41.209354699999899, -8.428649099999969 ], [ -41.2079477999999, -8.427570499999939 ], [ -41.2067286, -8.425882299999961 ], [ -41.206071999999899, -8.424381699999969 ], [ -41.204712099999902, -8.419551599999981 ], [ -41.2045330999999, -8.418164599999949 ], [ -41.204524499999899, -8.41809779999994 ], [ -41.204712099999902, -8.41692549999993 ], [ -41.2052279, -8.413173899999951 ], [ -41.2054155, -8.410454 ], [ -41.2054155, -8.407359 ], [ -41.2053217, -8.40562389999997 ], [ -41.2050404, -8.403185399999931 ], [ -41.205073, -8.40249939999995 ], [ -41.2051342, -8.40121579999993 ], [ -41.2053217, -8.39948069999997 ], [ -41.2058845, -8.395869799999961 ], [ -41.2060132, -8.393888899999981 ], [ -41.2061315, -8.391493399999939 ], [ -41.2058048, -8.389990299999971 ], [ -41.1995965, -8.38535039999994 ], [ -41.1963944, -8.382475 ], [ -41.1944339, -8.37907679999995 ], [ -41.1933882, -8.37509049999994 ], [ -41.1929961, -8.371626899999971 ], [ -41.193322899999899, -8.369601 ], [ -41.1940418, -8.36862079999997 ], [ -41.195022, -8.367705899999979 ], [ -41.1962637, -8.366398899999981 ], [ -41.1975707, -8.36293529999995 ], [ -41.198420199999902, -8.360778799999929 ], [ -41.198550899999901, -8.359406399999949 ], [ -41.198289499999902, -8.358034 ], [ -41.197766699999903, -8.35718449999996 ], [ -41.1971786, -8.35659629999998 ], [ -41.195544799999901, -8.356008199999961 ], [ -41.192538699999901, -8.35581209999998 ], [ -41.190316799999898, -8.355877499999959 ], [ -41.1874414, -8.35607349999998 ], [ -41.1848927, -8.35626959999996 ], [ -41.1829976, -8.35594279999998 ], [ -41.180056799999903, -8.35568139999998 ], [ -41.1783576999999, -8.353982299999929 ], [ -41.177965599999901, -8.352348599999971 ], [ -41.178619099999899, -8.35006129999994 ], [ -41.1784883999999, -8.348885 ], [ -41.1788152, -8.347382 ], [ -41.1789434, -8.34580019999993 ], [ -41.178742499999899, -8.34319429999994 ], [ -41.1787093, -8.342521 ], [ -41.1785763, -8.34167329999997 ], [ -41.1785264, -8.341399 ], [ -41.1784599, -8.341133 ], [ -41.1783851, -8.34090029999993 ], [ -41.1782272, -8.340617699999941 ], [ -41.178077599999902, -8.340418199999929 ], [ -41.177944599999897, -8.340285199999929 ], [ -41.1775124, -8.34011069999997 ], [ -41.176315499999902, -8.339836399999969 ], [ -41.1741378, -8.33941249999998 ], [ -41.173549799999897, -8.33927279999995 ], [ -41.1720840999999, -8.339082499999961 ], [ -41.1685552, -8.338755699999981 ], [ -41.163261799999901, -8.338625 ], [ -41.1600596, -8.337840799999981 ], [ -41.1575763, -8.337840799999981 ], [ -41.1535246, -8.337318 ], [ -41.1516884, -8.337455699999961 ], [ -41.1509106, -8.337514099999961 ], [ -41.1490808, -8.33790619999996 ], [ -41.147251, -8.33960529999996 ], [ -41.1445715999999, -8.34110829999997 ], [ -41.1430685999999, -8.340846899999971 ], [ -41.142937199999899, -8.340701 ], [ -41.1424804, -8.340193399999981 ], [ -41.1423497, -8.33960529999996 ], [ -41.142545799999901, -8.33888639999998 ], [ -41.142415099999901, -8.337383399999959 ], [ -41.1420883, -8.33672989999997 ], [ -41.142219, -8.33588029999993 ], [ -41.1427418, -8.335422899999971 ], [ -41.1436567, -8.335422899999971 ], [ -41.1442605, -8.33549829999993 ], [ -41.144666399999899, -8.33554909999998 ], [ -41.145225099999898, -8.335618899999931 ], [ -41.1466629, -8.335553599999971 ], [ -41.1476431, -8.334638699999971 ], [ -41.1488848, -8.33280889999997 ], [ -41.1499304, -8.33052159999994 ], [ -41.1508456, -8.327718699999931 ], [ -41.1508504, -8.32770389999996 ], [ -41.150976, -8.32731949999993 ], [ -41.1516948, -8.325358899999969 ], [ -41.1521523, -8.324574699999969 ], [ -41.1528711, -8.324248 ], [ -41.1544395, -8.32398659999996 ], [ -41.157511, -8.32352909999997 ], [ -41.1594061, -8.32267959999996 ], [ -41.160386399999901, -8.321372599999959 ], [ -41.161301299999899, -8.318497199999969 ], [ -41.1621507999999, -8.31653669999997 ], [ -41.1630658, -8.313988 ], [ -41.163523199999901, -8.310655099999961 ], [ -41.1633272, -8.30451219999998 ], [ -41.1629351, -8.300983299999929 ], [ -41.162869699999902, -8.29771579999993 ], [ -41.1631965, -8.29673559999998 ], [ -41.164046, -8.29627809999994 ], [ -41.1669214, -8.295428499999961 ], [ -41.1722801, -8.292226399999951 ], [ -41.176005099999898, -8.28961239999995 ], [ -41.178096299999901, -8.287717199999969 ], [ -41.179533999999897, -8.284319 ], [ -41.1802529, -8.281509 ], [ -41.180056799999903, -8.27811069999996 ], [ -41.1801222, -8.274581799999959 ], [ -41.180318199999903, -8.27196779999997 ], [ -41.1805143, -8.270268699999971 ], [ -41.180645, -8.268373599999959 ], [ -41.180318199999903, -8.267720099999959 ], [ -41.1783576999999, -8.265628899999969 ], [ -41.1760704, -8.263799 ], [ -41.172345499999899, -8.26183849999995 ], [ -41.1680324, -8.259028499999941 ], [ -41.166724299999899, -8.25733029999998 ], [ -41.1665982, -8.25716659999995 ], [ -41.1643074, -8.25419259999995 ], [ -41.162739, -8.251382499999981 ], [ -41.161824099999897, -8.250271599999961 ], [ -41.1562693, -8.24961809999996 ], [ -41.154896999999899, -8.24791889999995 ], [ -41.1520216, -8.24648119999995 ], [ -41.1499304, -8.245697 ], [ -41.1475778, -8.245108899999931 ], [ -41.145878599999897, -8.243736499999949 ], [ -41.1445715999999, -8.24184139999994 ], [ -41.1437874, -8.240142299999951 ], [ -41.142219, -8.236221299999951 ], [ -41.1410427, -8.234979599999971 ], [ -41.138298, -8.23360729999996 ], [ -41.1316323, -8.22903269999995 ], [ -41.127711299999902, -8.22589589999995 ], [ -41.1268616999999, -8.224654299999941 ], [ -41.1244965, -8.221760199999951 ], [ -41.11705, -8.215537799999939 ], [ -41.1143977999999, -8.213905699999939 ], [ -41.1092975, -8.21023339999994 ], [ -41.1026184, -8.205705899999939 ], [ -41.0942173, -8.20052049999993 ], [ -41.094172199999903, -8.200492699999931 ], [ -41.094029299999903, -8.20040449999993 ], [ -41.093922, -8.20033829999994 ], [ -41.0937104, -8.200207699999959 ], [ -41.091241399999902, -8.19517219999994 ], [ -41.0878657, -8.18828759999997 ], [ -41.0736039, -8.16550909999995 ], [ -41.0711798, -8.163390599999961 ], [ -41.0610257, -8.154516699999929 ], [ -41.0604496, -8.152835099999949 ], [ -41.058911599999902, -8.148874599999941 ], [ -41.057065899999898, -8.145721499999979 ], [ -41.0552971, -8.14364519999998 ], [ -41.052836199999902, -8.141222699999959 ], [ -41.0511058, -8.13983839999997 ], [ -41.049721599999899, -8.13826189999997 ], [ -41.0472991, -8.136031699999929 ], [ -41.0469146, -8.135916299999961 ], [ -41.046337799999897, -8.13587789999997 ], [ -41.044992, -8.135916299999961 ], [ -41.042761799999901, -8.13610859999994 ], [ -41.040085599999898, -8.136216599999949 ], [ -41.037995599999903, -8.13605689999997 ], [ -41.0369612, -8.13615539999995 ], [ -41.0351879, -8.136451 ], [ -41.034394, -8.13664339999997 ], [ -41.033562399999902, -8.136845 ], [ -41.032281699999899, -8.13669729999998 ], [ -41.027799199999897, -8.13571209999998 ], [ -41.0264692, -8.13388959999997 ], [ -41.0250407, -8.13191919999997 ], [ -41.0235137, -8.12921 ], [ -41.0214941, -8.126451599999941 ], [ -41.0188342, -8.122708 ], [ -41.0169624, -8.12078689999993 ], [ -41.0159772, -8.120097299999941 ], [ -41.0140069, -8.119752499999951 ], [ -41.007554099999901, -8.120097299999941 ], [ -41.002529799999898, -8.120097299999941 ], [ -40.9979488, -8.120343599999959 ], [ -40.9953381, -8.12039289999996 ], [ -40.9929245, -8.11999879999996 ], [ -40.990166, -8.11871809999997 ], [ -40.9850432, -8.11861959999993 ], [ -40.9807577999999, -8.136549499999941 ], [ -40.977900799999901, -8.137731699999961 ], [ -40.96534, -8.132904399999971 ], [ -40.9561538, -8.128439899999931 ], [ -40.9544921, -8.130332 ], [ -40.9533407, -8.13334309999993 ], [ -40.951759799999898, -8.135917 ], [ -40.952616799999902, -8.138094099999931 ], [ -40.951201599999898, -8.14272929999993 ], [ -40.951171799999898, -8.144918 ], [ -40.9497296, -8.147740299999951 ], [ -40.9472006, -8.149981399999939 ], [ -40.9454241, -8.152009 ], [ -40.944841799999899, -8.15226459999997 ], [ -40.944840699999901, -8.152265099999971 ], [ -40.9446664, -8.152341599999939 ], [ -40.9445769, -8.152381 ], [ -40.9430275, -8.153061 ], [ -40.9423586, -8.153446699999961 ], [ -40.9414677, -8.153959599999951 ], [ -40.9404542, -8.154545599999951 ], [ -40.939711, -8.15497339999996 ], [ -40.939379599999903, -8.155126299999949 ], [ -40.9381145, -8.15571 ], [ -40.937294199999897, -8.156088899999929 ], [ -40.9355593, -8.156889 ], [ -40.9330732, -8.15988239999996 ], [ -40.931402499999898, -8.16080739999995 ], [ -40.929983499999899, -8.162016699999979 ], [ -40.9287863, -8.16429459999995 ], [ -40.927198, -8.166800799999979 ], [ -40.9262608, -8.16750489999993 ], [ -40.9256685, -8.16795749999994 ], [ -40.924278899999898, -8.16901679999995 ], [ -40.923093999999899, -8.16992009999996 ], [ -40.9227167, -8.17020769999993 ], [ -40.922041599999901, -8.170722299999969 ], [ -40.9214532, -8.17117089999994 ], [ -40.9153203, -8.16235289999997 ], [ -40.912333799999899, -8.16451489999997 ], [ -40.9056373, -8.16814709999994 ], [ -40.901051799999898, -8.17513079999998 ], [ -40.891526699999901, -8.18487469999997 ], [ -40.8861542, -8.189738299999931 ], [ -40.8858569, -8.189897099999939 ], [ -40.8842777999999, -8.19074059999997 ], [ -40.8800328, -8.19313809999994 ], [ -40.867210499999899, -8.200379799999951 ], [ -40.86627, -8.202201899999981 ], [ -40.8668458, -8.202962 ], [ -40.8619292999999, -8.204009799999939 ], [ -40.857170499999903, -8.20772129999995 ], [ -40.853273699999903, -8.20808529999994 ], [ -40.8506783999999, -8.20832779999995 ], [ -40.847704399999898, -8.20860559999994 ], [ -40.847501399999899, -8.208624599999951 ], [ -40.845328299999899, -8.208770299999969 ], [ -40.8433014, -8.20921659999993 ], [ -40.8414354, -8.21062679999994 ], [ -40.840043099999903, -8.21289659999997 ], [ -40.8394501, -8.214435699999971 ], [ -40.8396571, -8.21676169999995 ], [ -40.8384384, -8.218593099999961 ], [ -40.836729499999898, -8.22033929999998 ], [ -40.8356249, -8.221234599999949 ], [ -40.8314951999999, -8.22249869999996 ], [ -40.8295916, -8.22362609999993 ], [ -40.8289559, -8.22394779999996 ], [ -40.827937399999897, -8.22446329999997 ], [ -40.8260849, -8.225381499999971 ], [ -40.825387299999903, -8.225723799999971 ], [ -40.8236712, -8.226029599999951 ], [ -40.822737199999899, -8.22675519999996 ], [ -40.821807799999902, -8.22806329999997 ], [ -40.821046, -8.229894299999961 ], [ -40.8209792, -8.231738299999961 ], [ -40.8208915, -8.23291579999994 ], [ -40.8205161, -8.235079399999959 ], [ -40.819897399999903, -8.236771 ], [ -40.8194773, -8.23815929999995 ], [ -40.819217, -8.23960189999997 ], [ -40.818344099999898, -8.240848199999959 ], [ -40.817286599999903, -8.24086189999997 ], [ -40.8165521, -8.240706699999979 ], [ -40.815705099999903, -8.240738199999949 ], [ -40.8149202, -8.24091379999993 ], [ -40.8141289, -8.241240399999979 ], [ -40.8130578, -8.241453499999979 ], [ -40.8123431, -8.241395399999931 ], [ -40.811259699999901, -8.24142739999996 ], [ -40.8092506, -8.24189389999998 ], [ -40.808006299999903, -8.24144449999994 ], [ -40.8065657, -8.241536599999961 ], [ -40.8048079, -8.24114359999993 ], [ -40.8029508, -8.24183629999993 ], [ -40.8024986, -8.241932199999949 ], [ -40.801435, -8.24227969999993 ], [ -40.8006702, -8.242400299999931 ], [ -40.8003226, -8.242618399999969 ], [ -40.799545099999897, -8.24282649999998 ], [ -40.7989684, -8.24290509999997 ], [ -40.7986672, -8.243441799999969 ], [ -40.7905314, -8.248955299999979 ], [ -40.783062, -8.25401709999994 ], [ -40.7829002, -8.254126799999939 ], [ -40.7835651, -8.255435199999971 ], [ -40.7839827, -8.26184869999997 ], [ -40.781788499999898, -8.26844339999997 ], [ -40.7816429, -8.27083739999995 ], [ -40.780258199999899, -8.27580879999994 ], [ -40.7811206, -8.27798759999996 ], [ -40.7812569, -8.28007249999996 ], [ -40.7787623, -8.28399509999997 ], [ -40.7782354, -8.286137799999951 ], [ -40.778981499999901, -8.28748689999998 ], [ -40.779452, -8.29042619999996 ], [ -40.7816784, -8.29311539999998 ], [ -40.780089599999897, -8.296272899999961 ], [ -40.77948, -8.29844119999996 ], [ -40.779879799999897, -8.30193269999995 ], [ -40.7805066, -8.30283719999994 ], [ -40.7837049, -8.303895399999931 ], [ -40.7864339, -8.30644059999997 ], [ -40.7911807, -8.31332149999997 ], [ -40.7911806, -8.317323899999961 ], [ -40.7918213, -8.31907259999997 ], [ -40.7927877, -8.320031299999931 ], [ -40.7982605999999, -8.32170369999994 ], [ -40.802420799999901, -8.32193979999994 ], [ -40.805118799999903, -8.321687099999959 ], [ -40.8178961, -8.32049019999994 ], [ -40.8195092, -8.321908899999929 ], [ -40.819875099999898, -8.325034 ], [ -40.8183696, -8.328915799999949 ], [ -40.818402299999903, -8.33014419999995 ], [ -40.8222038, -8.33613929999996 ], [ -40.822676699999903, -8.337723199999971 ], [ -40.821985599999898, -8.341209899999971 ], [ -40.819563199999898, -8.34671429999997 ], [ -40.8191461, -8.349116599999951 ], [ -40.819316399999899, -8.35208369999998 ], [ -40.8207603, -8.356618399999951 ], [ -40.819205699999898, -8.36090669999993 ], [ -40.819318699999897, -8.36235729999993 ], [ -40.8200983, -8.363493499999951 ], [ -40.8234318, -8.36539169999998 ], [ -40.8251026, -8.368050199999971 ], [ -40.8252833, -8.36833769999993 ], [ -40.8254031, -8.368528399999949 ], [ -40.825978899999903, -8.36944479999994 ], [ -40.8287036, -8.37378059999998 ], [ -40.8322085, -8.376248699999961 ], [ -40.836565999999898, -8.38079909999993 ], [ -40.837401499999899, -8.381126 ], [ -40.8439015, -8.37913379999998 ], [ -40.8457447, -8.379214799999939 ], [ -40.8502121, -8.38052829999998 ], [ -40.854011399999898, -8.379648199999959 ], [ -40.856400699999902, -8.37991089999997 ], [ -40.858591299999901, -8.37961079999997 ], [ -40.8594292, -8.37848279999997 ], [ -40.8592639, -8.377710199999971 ], [ -40.8573459, -8.375644499999961 ], [ -40.859560499999901, -8.37357349999996 ], [ -40.861789499999901, -8.37065459999997 ], [ -40.8624976, -8.36499149999997 ], [ -40.864507699999898, -8.36433169999998 ], [ -40.8661794, -8.363446599999969 ], [ -40.8675279, -8.36220719999994 ], [ -40.8699811, -8.35853869999994 ], [ -40.872523, -8.35741009999998 ], [ -40.8815253, -8.35767559999994 ], [ -40.889086099999901, -8.356174599999971 ], [ -40.891634399999901, -8.35608579999996 ], [ -40.8934723, -8.35731009999995 ], [ -40.8948336, -8.358767 ], [ -40.897660099999896, -8.36653209999997 ], [ -40.8977465, -8.36791779999993 ], [ -40.897104, -8.369048 ], [ -40.8926665, -8.37179279999998 ], [ -40.8922028, -8.374421 ], [ -40.8927694, -8.376720899999951 ], [ -40.892377699999898, -8.37803289999994 ], [ -40.8903984, -8.380507 ], [ -40.889611499999901, -8.38259109999996 ], [ -40.8898703999999, -8.386749899999931 ], [ -40.8907515, -8.387899399999981 ], [ -40.8941088, -8.389962599999929 ], [ -40.8945191, -8.39250259999994 ], [ -40.8994708, -8.395020599999951 ], [ -40.902428299999897, -8.39708509999997 ], [ -40.9064132, -8.39745239999996 ], [ -40.9076155, -8.39898719999997 ], [ -40.9077875, -8.40137409999994 ], [ -40.906918899999901, -8.402389399999951 ], [ -40.9033691, -8.40572279999998 ], [ -40.9018492, -8.407957799999959 ], [ -40.9015098, -8.41012609999996 ], [ -40.902516299999903, -8.41579369999994 ], [ -40.9024525, -8.41816509999995 ], [ -40.9012905, -8.420261699999971 ], [ -40.9015355, -8.421627 ], [ -40.9022937, -8.423099 ], [ -40.9028504, -8.42344969999994 ], [ -40.9034914, -8.42385349999995 ], [ -40.9090085999999, -8.42732949999993 ], [ -40.9100352, -8.42892579999994 ], [ -40.9120808, -8.435364 ], [ -40.9127361, -8.43618 ], [ -40.9133681, -8.436202599999939 ], [ -40.9143986, -8.43623959999996 ], [ -40.9153469, -8.436273799999981 ], [ -40.9168481, -8.43616029999993 ], [ -40.9199563, -8.43903009999997 ], [ -40.923846899999901, -8.445056699999951 ], [ -40.925149, -8.446326099999959 ], [ -40.9268511, -8.44634439999993 ], [ -40.9305069, -8.443650399999971 ], [ -40.935812999999897, -8.43895469999995 ], [ -40.937034299999901, -8.436826599999961 ], [ -40.938094, -8.43498 ], [ -40.940516, -8.433234499999971 ], [ -40.9495936, -8.42955859999995 ], [ -40.950198999999898, -8.429150399999971 ], [ -40.9523778, -8.42696449999994 ], [ -40.9535814, -8.424706399999931 ], [ -40.9570944, -8.423467 ], [ -40.9580918, -8.42245739999993 ], [ -40.957498799999897, -8.419782899999969 ], [ -40.957878, -8.419398199999931 ], [ -40.9607682, -8.41910189999993 ], [ -40.9619570999999, -8.41753739999996 ], [ -40.964302099999898, -8.417430699999951 ], [ -40.965508999999898, -8.416458699999961 ], [ -40.964904499999903, -8.413423 ], [ -40.9655581, -8.41212879999995 ], [ -40.9661831, -8.41159589999995 ], [ -40.9692903, -8.410283899999969 ], [ -40.972901, -8.40693349999998 ], [ -40.978544999999897, -8.39865069999996 ], [ -40.97923, -8.39824839999994 ], [ -40.9813794, -8.397929599999941 ], [ -40.9836106, -8.39822729999997 ], [ -40.9869626, -8.399441699999951 ], [ -40.999953199999901, -8.400299599999929 ], [ -41.0006756, -8.400726 ], [ -41.0032347, -8.404002399999969 ], [ -41.003356499999903, -8.405020099999939 ], [ -41.0028023, -8.40766809999997 ], [ -41.0022063, -8.410516 ], [ -41.0023449, -8.41179009999996 ], [ -41.003097899999901, -8.41369539999994 ], [ -41.0053948, -8.415595 ], [ -41.006925399999901, -8.41766569999993 ], [ -41.0073798, -8.42092909999997 ], [ -41.011042, -8.422513699999969 ], [ -41.0155285, -8.424172499999941 ], [ -41.0176802, -8.42408479999995 ], [ -41.0203127999999, -8.424686799999961 ], [ -41.022106, -8.427507299999951 ], [ -41.023648599999902, -8.42847559999996 ], [ -41.034029099999898, -8.43010739999994 ], [ -41.0389906, -8.43182919999998 ], [ -41.0437178, -8.436656699999959 ], [ -41.0441273, -8.43881159999995 ], [ -41.0450878, -8.439960599999949 ], [ -41.047510499999902, -8.44611009999994 ], [ -41.0477541, -8.44764869999995 ], [ -41.0479257, -8.448732099999971 ], [ -41.0479754, -8.449046 ], [ -41.049673599999899, -8.45977339999996 ], [ -41.0513063, -8.46335869999996 ], [ -41.051595399999897, -8.465119699999949 ], [ -41.0502317, -8.472383399999959 ], [ -41.0499674, -8.47550409999997 ], [ -41.0502605, -8.47794479999993 ], [ -41.051098599999897, -8.48047379999997 ], [ -41.0522036, -8.48121819999994 ], [ -41.0532329, -8.48111909999994 ], [ -41.0559552, -8.47938929999998 ], [ -41.0566764, -8.47822219999995 ], [ -41.0575952, -8.477658 ], [ -41.0654039, -8.475158 ], [ -41.0765494, -8.47249 ], [ -41.078927, -8.47250319999995 ], [ -41.079916599999898, -8.47365079999997 ], [ -41.082194399999899, -8.48008149999993 ], [ -41.0817997, -8.48469259999996 ], [ -41.082254, -8.49113509999995 ], [ -41.083266, -8.49662219999993 ], [ -41.084684099999897, -8.50095839999994 ], [ -41.085434, -8.50246539999995 ], [ -41.0859766, -8.503555699999939 ], [ -41.0867393999999, -8.50508859999997 ], [ -41.0904899, -8.51262549999996 ], [ -41.0940084, -8.51631419999995 ], [ -41.095584, -8.518533 ], [ -41.0979576, -8.52075119999995 ], [ -41.100011, -8.52180359999994 ], [ -41.102563099999898, -8.521798099999961 ], [ -41.1040722, -8.52236869999996 ], [ -41.1083775, -8.530732 ], [ -41.111464, -8.53363109999998 ], [ -41.1144179, -8.534904399999959 ], [ -41.1161848, -8.53726909999995 ], [ -41.1189926, -8.53752519999995 ], [ -41.1267329, -8.54195589999995 ], [ -41.1282696, -8.54177089999996 ], [ -41.128791299999897, -8.541504399999949 ], [ -41.129605899999902, -8.54085549999996 ], [ -41.131270599999901, -8.537051 ], [ -41.132503, -8.535528399999979 ], [ -41.1346273, -8.533538599999931 ], [ -41.1391738, -8.532666199999939 ], [ -41.140070799999897, -8.532853299999941 ], [ -41.1429894, -8.53428329999997 ], [ -41.1473935, -8.532975399999939 ], [ -41.148376799999902, -8.533029299999949 ], [ -41.149493499999899, -8.53391729999993 ], [ -41.149517199999899, -8.53280189999998 ], [ -41.149048299999897, -8.530551 ], [ -41.1482042, -8.528769 ], [ -41.1464222, -8.52539259999998 ], [ -41.1444526, -8.522532 ], [ -41.143374, -8.521594099999961 ], [ -41.1430927, -8.520703099999929 ], [ -41.1432801999999, -8.519999699999969 ], [ -41.143561599999899, -8.51962449999996 ], [ -41.1445464, -8.518874199999971 ], [ -41.145718799999898, -8.51756119999993 ], [ -41.146469099999898, -8.51643569999993 ], [ -41.1471725, -8.51455989999994 ], [ -41.1475945, -8.512824799999979 ], [ -41.1481104, -8.51038629999994 ], [ -41.1484386, -8.508416699999939 ], [ -41.1488138, -8.50682229999995 ], [ -41.1489076, -8.50325829999997 ], [ -41.149704799999903, -8.49974119999996 ], [ -41.1502675, -8.498662699999951 ], [ -41.1515337, -8.497302699999979 ], [ -41.1576769, -8.49205049999995 ], [ -41.1592244, -8.49130019999996 ], [ -41.160021599999901, -8.490596799999929 ], [ -41.160302999999899, -8.48965889999994 ] ] ] ] } },
{ "type": "Feature", "properties": { "CD_MUN": "2208205", "NM_MUN": "Pio IX", "CD_RGI": "220009", "NM_RGI": "Picos", "CD_RGINT": "2203", "NM_RGINT": "Picos", "CD_UF": "22", "NM_UF": "Piauí", "SIGLA_UF": "PI", "CD_REGIAO": "2", "NM_REGIAO": "Nordeste", "SIGLA_RG": "NE", "CD_CONCURB": null, "NM_CONCURB": null, "AREA_KM2": 1948.141 }, "geometry": { "type": "MultiPolygon", "coordinates": [ [ [ [ -40.673572799999903, -7.01387889999995 ], [ -40.674377999999898, -7.014195 ], [ -40.6757168, -7.015043 ], [ -40.676301, -7.015413 ], [ -40.677064, -7.016009 ], [ -40.677793999999899, -7.016792 ], [ -40.678682, -7.018215 ], [ -40.679275, -7.019424 ], [ -40.67979, -7.020002 ], [ -40.681867, -7.020743 ], [ -40.682634, -7.020687 ], [ -40.683814, -7.020461 ], [ -40.684525999999899, -7.0207 ], [ -40.684895, -7.021121 ], [ -40.685143, -7.021787 ], [ -40.685062, -7.022758 ], [ -40.684863999999898, -7.024028 ], [ -40.684418, -7.025544 ], [ -40.684615, -7.02614 ], [ -40.685201, -7.027047 ], [ -40.685836, -7.02763 ], [ -40.686960999999897, -7.02809 ], [ -40.688513999999898, -7.028422 ], [ -40.689248, -7.028653 ], [ -40.690839, -7.02956 ], [ -40.69177, -7.030164 ], [ -40.692723, -7.03042 ], [ -40.693341, -7.030509 ], [ -40.69471, -7.030322 ], [ -40.696062, -7.029585 ], [ -40.696658, -7.029224 ], [ -40.698354, -7.028755 ], [ -40.699418, -7.028408 ], [ -40.699924, -7.028144 ], [ -40.700396, -7.027633 ], [ -40.700713999999898, -7.026675 ], [ -40.70205, -7.024071 ], [ -40.703007, -7.022632 ], [ -40.703578, -7.022198 ], [ -40.703942, -7.02207 ], [ -40.70465, -7.022032 ], [ -40.706930999999898, -7.022072 ], [ -40.708159, -7.022455 ], [ -40.709266, -7.022429 ], [ -40.709772, -7.022276 ], [ -40.710253, -7.022021 ], [ -40.710699, -7.022029 ], [ -40.711008, -7.02208 ], [ -40.712313, -7.022344 ], [ -40.712879, -7.022293 ], [ -40.713736, -7.022008 ], [ -40.714250999999898, -7.021927 ], [ -40.714757, -7.02208 ], [ -40.715311, -7.022093 ], [ -40.71622, -7.021897 ], [ -40.717156, -7.021922 ], [ -40.718718, -7.022092 ], [ -40.720742, -7.021895 ], [ -40.721548, -7.021836 ], [ -40.721849, -7.021614 ], [ -40.721857, -7.021444 ], [ -40.721694, -7.021206 ], [ -40.72157, -7.020959 ], [ -40.721617, -7.020818 ], [ -40.721792999999899, -7.020524 ], [ -40.722127999999898, -7.020282 ], [ -40.722737, -7.020035 ], [ -40.723883, -7.019275 ], [ -40.724861, -7.018662 ], [ -40.725419, -7.01847 ], [ -40.725939, -7.018474 ], [ -40.727216999999897, -7.018747 ], [ -40.727797, -7.018594 ], [ -40.728595, -7.017691 ], [ -40.729129, -7.016413 ], [ -40.72937, -7.015093 ], [ -40.729455, -7.013824 ], [ -40.729312, -7.012535 ], [ -40.729629, -7.011743 ], [ -40.730144, -7.011181 ], [ -40.730831, -7.010628 ], [ -40.731569, -7.010457 ], [ -40.732393, -7.01044 ], [ -40.733515, -7.010712 ], [ -40.733854, -7.010925 ], [ -40.734751, -7.011861 ], [ -40.735788, -7.013104 ], [ -40.736379999999897, -7.013577 ], [ -40.736925, -7.013802 ], [ -40.737732, -7.013955 ], [ -40.738191, -7.014155 ], [ -40.739828, -7.014925 ], [ -40.740777, -7.015215 ], [ -40.741631, -7.015338 ], [ -40.742128, -7.015266 ], [ -40.742716, -7.014904 ], [ -40.743958, -7.01365 ], [ -40.744649, -7.012517 ], [ -40.745305, -7.010908 ], [ -40.746077, -7.009952 ], [ -40.746686, -7.009616 ], [ -40.747287, -7.009616 ], [ -40.748364, -7.009701 ], [ -40.748742999999898, -7.009795 ], [ -40.748957, -7.009961 ], [ -40.749335, -7.010076 ], [ -40.750163, -7.010174 ], [ -40.75073, -7.01008 ], [ -40.752154, -7.009906 ], [ -40.754183, -7.009218 ], [ -40.755294999999897, -7.008839 ], [ -40.755873999999899, -7.008469 ], [ -40.756084, -7.00823 ], [ -40.756411, -7.007341 ], [ -40.756616999999899, -7.006681 ], [ -40.75661, -7.006139 ], [ -40.756593, -7.004913 ], [ -40.756722, -7.004309 ], [ -40.756802999999898, -7.003415 ], [ -40.757132, -7.002127 ], [ -40.757863, -6.999429 ], [ -40.757863, -6.998471 ], [ -40.758297, -6.997467 ], [ -40.759303, -6.996273 ], [ -40.759857, -6.995916 ], [ -40.760333, -6.995792 ], [ -40.760616, -6.995818 ], [ -40.760882, -6.995767 ], [ -40.762086, -6.99521 ], [ -40.764404, -6.994452 ], [ -40.765638, -6.993583 ], [ -40.766686, -6.992813 ], [ -40.768, -6.991593 ], [ -40.768742, -6.990703 ], [ -40.769705, -6.989338 ], [ -40.77073, -6.988206 ], [ -40.771764, -6.98785 ], [ -40.773141, -6.987961 ], [ -40.774071999999897, -6.988229 ], [ -40.774536, -6.988515 ], [ -40.774708, -6.988847 ], [ -40.774658, -6.989379 ], [ -40.774512, -6.990056 ], [ -40.774341, -6.990669 ], [ -40.774425999999899, -6.990933 ], [ -40.774598, -6.991239 ], [ -40.774873, -6.991925 ], [ -40.775109, -6.992649 ], [ -40.775383, -6.993011 ], [ -40.775872999999898, -6.993241 ], [ -40.776759, -6.993344 ], [ -40.778113, -6.993957 ], [ -40.778979999999898, -6.994268 ], [ -40.7793925, -6.99431729999998 ], [ -40.779624, -6.994345 ], [ -40.780465, -6.994145 ], [ -40.781323, -6.993829 ], [ -40.781652999999899, -6.993757 ], [ -40.782237, -6.993834 ], [ -40.782632, -6.994038 ], [ -40.783801, -6.995232 ], [ -40.786229999999897, -6.997718 ], [ -40.787361, -6.999051 ], [ -40.788764, -7.000775 ], [ -40.789932, -7.001608 ], [ -40.7913248, -7.00173719999998 ], [ -40.792412, -7.001838 ], [ -40.794343, -7.001029 ], [ -40.794961, -7.000186 ], [ -40.795262, -6.999207 ], [ -40.795862999999898, -6.996798 ], [ -40.795929, -6.995928 ], [ -40.795629, -6.994897 ], [ -40.795552, -6.994123 ], [ -40.796049, -6.991934 ], [ -40.796006, -6.99008 ], [ -40.795903, -6.988488 ], [ -40.796195, -6.987807 ], [ -40.798534699999898, -6.98662179999997 ], [ -40.801946299999898, -6.98613929999993 ], [ -40.8028505, -6.98560959999998 ], [ -40.8043377, -6.982411 ], [ -40.8058134999999, -6.98107449999998 ], [ -40.8079738, -6.98148149999997 ], [ -40.811037999999897, -6.983624 ], [ -40.812015, -6.98470039999995 ], [ -40.81208, -6.987433 ], [ -40.81263, -6.989051 ], [ -40.814003, -6.989511 ], [ -40.816353, -6.988929 ], [ -40.819666, -6.985609 ], [ -40.826084, -6.986153 ], [ -40.829929, -6.983735 ], [ -40.831679999999899, -6.983582 ], [ -40.832693, -6.984263 ], [ -40.833094, -6.98806 ], [ -40.833763, -6.988827 ], [ -40.834457, -6.98893229999993 ], [ -40.837822, -6.989443 ], [ -40.839822, -6.989494 ], [ -40.8405, -6.989755 ], [ -40.841478, -6.990325 ], [ -40.842225, -6.990402 ], [ -40.842629, -6.990266 ], [ -40.843401, -6.989933 ], [ -40.843847, -6.989491 ], [ -40.844984, -6.988307 ], [ -40.84552, -6.987851 ], [ -40.845928, -6.987145 ], [ -40.846545999999897, -6.986276 ], [ -40.846807, -6.986025 ], [ -40.847112, -6.985821 ], [ -40.847468, -6.985906 ], [ -40.847799, -6.985859 ], [ -40.848176, -6.985629 ], [ -40.848709, -6.985331 ], [ -40.849541, -6.98517 ], [ -40.8504823, -6.98520239999993 ], [ -40.8390365, -6.95688 ], [ -40.8390297, -6.95686329999995 ], [ -40.839009299999901, -6.95681259999998 ], [ -40.838991, -6.95676409999993 ], [ -40.8282859, -6.92832069999997 ], [ -40.830162599999902, -6.91165589999997 ], [ -40.832203299999897, -6.89220989999995 ], [ -40.8340315, -6.87481419999995 ], [ -40.8340916, -6.87424109999995 ], [ -40.836711799999897, -6.84925649999997 ], [ -40.836774299999902, -6.847921 ], [ -40.8367792, -6.84781679999998 ], [ -40.8371672, -6.83941439999995 ], [ -40.8372411, -6.83792419999997 ], [ -40.8372616999999, -6.837483 ], [ -40.837373699999901, -6.83508389999997 ], [ -40.8379528, -6.82265789999997 ], [ -40.8382192, -6.814141 ], [ -40.8394182, -6.795984 ], [ -40.8474555, -6.78499259999995 ], [ -40.847499899999903, -6.78493179999998 ], [ -40.84758, -6.78482229999997 ], [ -40.856889099999897, -6.78740809999994 ], [ -40.857320899999898, -6.787528 ], [ -40.8576598, -6.78762209999996 ], [ -40.8737121999999, -6.79174429999995 ], [ -40.8765878, -6.79208689999996 ], [ -40.8806827, -6.79257489999998 ], [ -40.882815999999899, -6.79282909999995 ], [ -40.8843722, -6.79033309999994 ], [ -40.8844114, -6.79027039999994 ], [ -40.8844493, -6.79020939999998 ], [ -40.8971953, -6.76976609999997 ], [ -40.917175299999897, -6.76767179999996 ], [ -40.9218001, -6.76787679999995 ], [ -40.9362851, -6.76896829999993 ], [ -40.9363395, -6.76897239999994 ], [ -40.936699299999901, -6.76899949999995 ], [ -40.936870999999897, -6.76901249999997 ], [ -40.9545049, -6.770427 ], [ -40.968800499999901, -6.77157379999994 ], [ -40.981490999999899, -6.772304 ], [ -40.9826285, -6.77167309999993 ], [ -40.984333, -6.77098559999996 ], [ -40.9936982, -6.76895919999993 ], [ -40.993801699999899, -6.76893689999997 ], [ -40.9944039, -6.76882289999998 ], [ -41.0002124, -6.767729 ], [ -41.0182114999999, -6.76400969999997 ], [ -41.021120499999903, -6.76345109999994 ], [ -41.026939899999903, -6.76251479999996 ], [ -41.0297573, -6.76186469999993 ], [ -41.051587599999898, -6.76013349999994 ], [ -41.0645921, -6.75871149999995 ], [ -41.0698681, -6.75832589999993 ], [ -41.080601999999899, -6.75791469999996 ], [ -41.095359099999897, -6.75669309999995 ], [ -40.995933599999901, -6.67331259999997 ], [ -40.995757, -6.67316449999993 ], [ -40.9951866, -6.67268619999993 ], [ -40.9027156, -6.59513789999994 ], [ -40.9025277, -6.59498029999997 ], [ -40.902520599999903, -6.59497439999996 ], [ -40.885348399999899, -6.58058039999997 ], [ -40.8853308, -6.58056569999997 ], [ -40.789939499999903, -6.50063139999997 ], [ -40.7905147, -6.50539389999994 ], [ -40.791901, -6.50989519999996 ], [ -40.7921223, -6.51286109999995 ], [ -40.790561399999902, -6.51870119999995 ], [ -40.7888647, -6.52168 ], [ -40.7877348, -6.52366369999993 ], [ -40.7876684, -6.52378029999994 ], [ -40.7860965, -6.52560249999993 ], [ -40.7836794, -6.52840459999993 ], [ -40.777807499999902, -6.534032 ], [ -40.7542915, -6.55467119999997 ], [ -40.745852, -6.56554679999994 ], [ -40.742224099999902, -6.571719 ], [ -40.740224899999902, -6.57749609999996 ], [ -40.7401282, -6.57807489999993 ], [ -40.7390670999999, -6.58442879999996 ], [ -40.738982899999897, -6.58956429999995 ], [ -40.738975099999898, -6.59004349999998 ], [ -40.736488999999899, -6.59993339999994 ], [ -40.7364195, -6.60020979999996 ], [ -40.7363774, -6.60030749999993 ], [ -40.7362735, -6.60054879999996 ], [ -40.733866099999901, -6.60613949999993 ], [ -40.7319661, -6.60865419999993 ], [ -40.722002599999897, -6.61768279999995 ], [ -40.7218947, -6.61855579999997 ], [ -40.7229263, -6.62134569999995 ], [ -40.7229809, -6.62149339999996 ], [ -40.7322401, -6.65358539999994 ], [ -40.732246099999898, -6.65522009999995 ], [ -40.7314656, -6.656968 ], [ -40.7260929, -6.66320479999996 ], [ -40.7178079, -6.67141429999998 ], [ -40.7101828, -6.67612949999994 ], [ -40.7101605, -6.67613239999997 ], [ -40.700523299999901, -6.67736289999993 ], [ -40.6750172, -6.67810479999997 ], [ -40.664907, -6.67901 ], [ -40.6589486, -6.67837729999997 ], [ -40.6543832999999, -6.67826269999995 ], [ -40.6513052, -6.67818539999996 ], [ -40.649138, -6.67883109999997 ], [ -40.6452325999999, -6.683 ], [ -40.6397436, -6.69091079999993 ], [ -40.632418899999898, -6.69890379999993 ], [ -40.619268599999899, -6.708651 ], [ -40.6164213, -6.710402 ], [ -40.6100522, -6.71366119999993 ], [ -40.610022, -6.71367029999993 ], [ -40.602207099999902, -6.71601179999993 ], [ -40.5986536, -6.71608359999993 ], [ -40.5955263, -6.716736 ], [ -40.5922856, -6.717412 ], [ -40.5793591, -6.71822709999998 ], [ -40.564858899999898, -6.719891 ], [ -40.5617781, -6.72037049999994 ], [ -40.5589699, -6.720807 ], [ -40.550126799999902, -6.72257509999997 ], [ -40.549689, -6.72266259999998 ], [ -40.5336928, -6.72586089999993 ], [ -40.5173877, -6.73049489999994 ], [ -40.5076448, -6.73153619999994 ], [ -40.4926907, -6.73193459999993 ], [ -40.476926299999903, -6.73283169999996 ], [ -40.476906299999897, -6.73284509999996 ], [ -40.4738871, -6.73487739999996 ], [ -40.4719372, -6.74493429999995 ], [ -40.468694, -6.74858949999998 ], [ -40.4618103, -6.75208019999997 ], [ -40.4597267, -6.75423749999993 ], [ -40.4581559, -6.75768319999997 ], [ -40.4570355, -6.76260219999995 ], [ -40.4569463999999, -6.763107 ], [ -40.456938799999897, -6.76314989999997 ], [ -40.4569271, -6.76321639999998 ], [ -40.454180699999903, -6.778779 ], [ -40.4520295, -6.78377549999993 ], [ -40.448428799999903, -6.78660059999993 ], [ -40.4429301, -6.78987389999998 ], [ -40.4417975, -6.79239639999997 ], [ -40.4389902, -6.80668889999993 ], [ -40.4357080999999, -6.810632 ], [ -40.4328856999999, -6.81250089999997 ], [ -40.432799, -6.81255829999998 ], [ -40.432398099999901, -6.81282369999997 ], [ -40.4321666, -6.81297759999995 ], [ -40.4321396, -6.81298219999996 ], [ -40.427735799999901, -6.81372959999993 ], [ -40.4210189, -6.813626 ], [ -40.4168356, -6.812533 ], [ -40.4041374, -6.80248779999994 ], [ -40.3950017, -6.79808809999997 ], [ -40.3887903, -6.79699869999996 ], [ -40.3819526, -6.79837269999996 ], [ -40.3751497, -6.80030809999994 ], [ -40.3741037, -6.80060569999995 ], [ -40.3705098, -6.80307039999997 ], [ -40.370511, -6.80315779999995 ], [ -40.370577399999902, -6.80799349999995 ], [ -40.3787076, -6.81546959999997 ], [ -40.381681, -6.81938349999996 ], [ -40.3829029, -6.82099179999994 ], [ -40.3834538999999, -6.82238059999997 ], [ -40.384306799999898, -6.82381449999997 ], [ -40.3859674, -6.82872619999995 ], [ -40.3871123, -6.83007579999997 ], [ -40.3970117, -6.83545519999996 ], [ -40.402219199999898, -6.83998949999994 ], [ -40.404127399999901, -6.84305859999995 ], [ -40.4074696, -6.85109709999995 ], [ -40.4074993, -6.85116849999997 ], [ -40.407551, -6.851293 ], [ -40.4107554, -6.85557979999993 ], [ -40.415834, -6.85937449999994 ], [ -40.4205253, -6.86059229999995 ], [ -40.4285196, -6.86425449999996 ], [ -40.430179, -6.86781619999994 ], [ -40.4300722999999, -6.87564709999998 ], [ -40.4289613, -6.88486 ], [ -40.429475, -6.88744079999998 ], [ -40.432913, -6.892717 ], [ -40.433808999999897, -6.89590839999994 ], [ -40.433955, -6.90214289999994 ], [ -40.4327058, -6.90853939999994 ], [ -40.430687, -6.91190889999996 ], [ -40.4277865, -6.91580739999995 ], [ -40.4270332, -6.91802289999993 ], [ -40.4270359, -6.92250359999997 ], [ -40.42502, -6.93526979999996 ], [ -40.4335756, -6.94051739999998 ], [ -40.441066099999901, -6.94370859999998 ], [ -40.448858599999902, -6.94442709999993 ], [ -40.453000599999903, -6.94404319999995 ], [ -40.453986299999897, -6.94268069999993 ], [ -40.4539806, -6.94119739999996 ], [ -40.4532315, -6.938727 ], [ -40.453845199999897, -6.93785859999997 ], [ -40.456598, -6.938978 ], [ -40.457367, -6.939155 ], [ -40.45757, -6.938957 ], [ -40.457664, -6.938757 ], [ -40.457746, -6.938306 ], [ -40.457827, -6.93791 ], [ -40.45787, -6.93742 ], [ -40.457862, -6.937009 ], [ -40.45785, -6.936724 ], [ -40.457961, -6.936618 ], [ -40.458116, -6.936618 ], [ -40.458429, -6.936801 ], [ -40.458721, -6.937048 ], [ -40.458862, -6.93729 ], [ -40.458965, -6.937525 ], [ -40.459223, -6.937614 ], [ -40.459571, -6.937576 ], [ -40.460059999999899, -6.937457 ], [ -40.460317, -6.937325 ], [ -40.460769, -6.937027 ], [ -40.461198, -6.936929 ], [ -40.461627, -6.936929 ], [ -40.462133999999899, -6.936755 ], [ -40.462567, -6.936682 ], [ -40.462867, -6.936793 ], [ -40.462996, -6.936951 ], [ -40.463091, -6.937142 ], [ -40.463095, -6.9375 ], [ -40.463048, -6.937734 ], [ -40.463082, -6.937858 ], [ -40.463374, -6.937956 ], [ -40.463561599999899, -6.938086 ], [ -40.463644, -6.938143 ], [ -40.46379, -6.938318 ], [ -40.463833, -6.938539 ], [ -40.463717, -6.938791 ], [ -40.463876, -6.939295 ], [ -40.46446, -6.940185 ], [ -40.465047, -6.941339 ], [ -40.465347, -6.941739 ], [ -40.466402, -6.942852 ], [ -40.466899, -6.943294 ], [ -40.467316, -6.943584 ], [ -40.467543, -6.943682 ], [ -40.467749, -6.943686 ], [ -40.467882, -6.943563 ], [ -40.467951, -6.94338 ], [ -40.468002, -6.943188 ], [ -40.468084, -6.943086 ], [ -40.468243, -6.943039 ], [ -40.46838, -6.943099 ], [ -40.468595, -6.943286 ], [ -40.469040999999898, -6.943303 ], [ -40.469220999999898, -6.94328989999997 ], [ -40.469383999999899, -6.943278 ], [ -40.469577, -6.943184 ], [ -40.469848, -6.942958 ], [ -40.470152, -6.942613 ], [ -40.470298, -6.942443 ], [ -40.470436, -6.942311 ], [ -40.470641999999899, -6.94226 ], [ -40.471156999999899, -6.9424 ], [ -40.471707, -6.942462 ], [ -40.472188, -6.942483 ], [ -40.472603999999897, -6.942449 ], [ -40.472904, -6.942428 ], [ -40.473239, -6.942569 ], [ -40.47369, -6.942884 ], [ -40.473951, -6.943284 ], [ -40.474033, -6.943544 ], [ -40.474123, -6.943676 ], [ -40.474368, -6.943761 ], [ -40.474766, -6.943738 ], [ -40.475057999999898, -6.943853 ], [ -40.475448, -6.944275 ], [ -40.475487, -6.944679 ], [ -40.47556, -6.944939 ], [ -40.475817, -6.945135 ], [ -40.476092, -6.945161 ], [ -40.476414, -6.945105 ], [ -40.476684, -6.945148 ], [ -40.476974, -6.945301 ], [ -40.477398999999899, -6.945735 ], [ -40.47769, -6.94602 ], [ -40.478214, -6.946497 ], [ -40.479056, -6.946798 ], [ -40.479833, -6.946969 ], [ -40.480593999999897, -6.947402 ], [ -40.480808, -6.947654 ], [ -40.481113, -6.947884 ], [ -40.481276, -6.948135 ], [ -40.481315, -6.948441 ], [ -40.481267, -6.948795 ], [ -40.481104, -6.948956 ], [ -40.480946, -6.949084 ], [ -40.480946, -6.949284 ], [ -40.481036, -6.949467 ], [ -40.481181999999897, -6.949663 ], [ -40.481293, -6.949983 ], [ -40.481435, -6.9502 ], [ -40.481637, -6.950319 ], [ -40.48178, -6.950426 ], [ -40.481965, -6.950549 ], [ -40.482205, -6.950528 ], [ -40.482567, -6.950401 ], [ -40.48315, -6.950027 ], [ -40.483494, -6.949443 ], [ -40.483713, -6.949265 ], [ -40.484017, -6.949231 ], [ -40.484378, -6.949162 ], [ -40.484837, -6.949026 ], [ -40.485085, -6.949149 ], [ -40.485388999999898, -6.949264 ], [ -40.485836, -6.949455 ], [ -40.486471, -6.949983 ], [ -40.486892, -6.950213 ], [ -40.487687, -6.950699 ], [ -40.487905, -6.951244 ], [ -40.488214, -6.951759 ], [ -40.488613, -6.952095 ], [ -40.48921, -6.952453 ], [ -40.489446, -6.952393 ], [ -40.49008, -6.95199 ], [ -40.490637999999898, -6.95165 ], [ -40.491372, -6.951233 ], [ -40.491965, -6.951019 ], [ -40.492575, -6.950968 ], [ -40.492888, -6.950921 ], [ -40.49324, -6.950678 ], [ -40.49369, -6.950414 ], [ -40.494223, -6.950057 ], [ -40.494592, -6.949972 ], [ -40.494785, -6.949865 ], [ -40.495182999999898, -6.949603 ], [ -40.495542999999898, -6.949458 ], [ -40.495805, -6.949462 ], [ -40.496247, -6.949641 ], [ -40.496693, -6.949624 ], [ -40.497449, -6.949373 ], [ -40.498058, -6.948781 ], [ -40.498148, -6.948002 ], [ -40.498178, -6.947474 ], [ -40.498298, -6.947074 ], [ -40.498607, -6.945705 ], [ -40.499006999999899, -6.945348 ], [ -40.500118, -6.944564 ], [ -40.500594, -6.944319 ], [ -40.501100999999899, -6.943757 ], [ -40.501586, -6.943293 ], [ -40.502049, -6.943067 ], [ -40.502389, -6.942611 ], [ -40.503213, -6.942083 ], [ -40.503402, -6.941891 ], [ -40.503947, -6.94049 ], [ -40.504210999999898, -6.939835 ], [ -40.504602, -6.939341 ], [ -40.504945, -6.939013 ], [ -40.505284, -6.938902 ], [ -40.505451, -6.938945 ], [ -40.5054564, -6.93897429999993 ], [ -40.505511, -6.939268 ], [ -40.505583999999899, -6.939426 ], [ -40.505738999999899, -6.939405 ], [ -40.505979, -6.939319 ], [ -40.506065, -6.93922939999993 ], [ -40.506146999999899, -6.939144 ], [ -40.506549999999898, -6.93882 ], [ -40.506722, -6.938778 ], [ -40.506892999999899, -6.938842 ], [ -40.507142, -6.939285 ], [ -40.507284, -6.939574 ], [ -40.507486, -6.939812 ], [ -40.507680299999897, -6.93990639999993 ], [ -40.507803, -6.939966 ], [ -40.508178, -6.940115 ], [ -40.508954, -6.940421 ], [ -40.509568, -6.940507 ], [ -40.510207, -6.9404 ], [ -40.510645, -6.940506 ], [ -40.511456, -6.940638 ], [ -40.511894, -6.940757 ], [ -40.512090999999899, -6.941157 ], [ -40.512302, -6.941302 ], [ -40.512847, -6.941166 ], [ -40.513078, -6.940995 ], [ -40.513286, -6.940714 ], [ -40.513582, -6.940399 ], [ -40.513856, -6.940271 ], [ -40.514097, -6.940229 ], [ -40.515006, -6.940033 ], [ -40.516075, -6.939628 ], [ -40.516323999999898, -6.93936 ], [ -40.516799999999897, -6.938594 ], [ -40.516899, -6.938147 ], [ -40.517336999999898, -6.937597 ], [ -40.517809, -6.937325 ], [ -40.518135, -6.937299 ], [ -40.518277, -6.937431 ], [ -40.518427, -6.9377 ], [ -40.518707999999897, -6.938259 ], [ -40.518960999999898, -6.938433 ], [ -40.519673, -6.938752 ], [ -40.520094, -6.938799 ], [ -40.520581999999898, -6.938711 ], [ -40.52099, -6.938621 ], [ -40.521701999999898, -6.938225 ], [ -40.522196, -6.937987 ], [ -40.522771, -6.937591 ], [ -40.523221, -6.937621 ], [ -40.523294, -6.937821 ], [ -40.523386, -6.938425 ], [ -40.523459, -6.938992 ], [ -40.523440999999899, -6.939639 ], [ -40.523454, -6.939916 ], [ -40.523643, -6.940133 ], [ -40.523875, -6.940171 ], [ -40.524222, -6.94015 ], [ -40.524716, -6.940303 ], [ -40.525014999999897, -6.940543 ], [ -40.525363, -6.94113 ], [ -40.526074999999899, -6.941901 ], [ -40.526522, -6.942637 ], [ -40.526766, -6.942769 ], [ -40.526947, -6.942663 ], [ -40.526997999999899, -6.942322 ], [ -40.526907999999899, -6.942054 ], [ -40.527002, -6.941837 ], [ -40.527463, -6.941489 ], [ -40.528101999999897, -6.940804 ], [ -40.528291, -6.940723 ], [ -40.528526999999897, -6.940761 ], [ -40.528973, -6.940838 ], [ -40.529325, -6.940765 ], [ -40.529458, -6.940595 ], [ -40.529748, -6.940295 ], [ -40.530087, -6.940278 ], [ -40.531000999999897, -6.940325 ], [ -40.531773, -6.940533 ], [ -40.532585, -6.940423 ], [ -40.533842, -6.940401 ], [ -40.53512, -6.940538 ], [ -40.535721, -6.940831 ], [ -40.536248, -6.940853 ], [ -40.537051, -6.940559 ], [ -40.537527, -6.940397 ], [ -40.537754999999898, -6.940131 ], [ -40.53815, -6.939675 ], [ -40.538410999999897, -6.939531 ], [ -40.538712, -6.939526 ], [ -40.539110999999899, -6.93956 ], [ -40.539287, -6.939433 ], [ -40.539394, -6.939088 ], [ -40.539394, -6.93879 ], [ -40.539373, -6.938402 ], [ -40.539299, -6.937742 ], [ -40.539367, -6.937048 ], [ -40.539155, -6.936623 ], [ -40.539175999999898, -6.936269 ], [ -40.539357, -6.935656 ], [ -40.539532999999899, -6.935554 ], [ -40.539696, -6.935609 ], [ -40.53976, -6.935856 ], [ -40.540048, -6.936248 ], [ -40.540249, -6.936491 ], [ -40.540438, -6.936567 ], [ -40.540714, -6.936541 ], [ -40.54095, -6.936588 ], [ -40.541139, -6.936763 ], [ -40.541292999999897, -6.936967 ], [ -40.541292999999897, -6.937154 ], [ -40.541323, -6.937342 ], [ -40.541581, -6.937503 ], [ -40.542027, -6.937758 ], [ -40.542581, -6.938145 ], [ -40.542679, -6.938268 ], [ -40.542842, -6.938767 ], [ -40.542808, -6.939035 ], [ -40.542640999999897, -6.939273 ], [ -40.542585, -6.939414 ], [ -40.542600999999898, -6.93951 ], [ -40.542690999999898, -6.939638 ], [ -40.542949, -6.939834 ], [ -40.54309, -6.939825 ], [ -40.543185, -6.939723 ], [ -40.543326, -6.939621 ], [ -40.543528, -6.93954 ], [ -40.5437, -6.939532 ], [ -40.543900999999899, -6.939625 ], [ -40.544137, -6.939791 ], [ -40.544343, -6.939855 ], [ -40.544721, -6.93986 ], [ -40.544863, -6.939864 ], [ -40.545112, -6.940004 ], [ -40.545249, -6.940243 ], [ -40.545219, -6.940477 ], [ -40.545124, -6.940664 ], [ -40.544848, -6.940921 ], [ -40.544839, -6.941151 ], [ -40.544951, -6.941386 ], [ -40.54525, -6.941715 ], [ -40.545701, -6.942065 ], [ -40.546027, -6.942145 ], [ -40.546489999999899, -6.942073 ], [ -40.546717999999899, -6.942137 ], [ -40.546785999999898, -6.942456 ], [ -40.546756, -6.942865 ], [ -40.546784, -6.943758 ], [ -40.546827, -6.944375 ], [ -40.54684, -6.944712 ], [ -40.547062, -6.945502 ], [ -40.547071, -6.945852 ], [ -40.546929, -6.946124 ], [ -40.54677, -6.946422 ], [ -40.546787, -6.946839 ], [ -40.546898999999897, -6.947069 ], [ -40.547055999999898, -6.947292 ], [ -40.547313, -6.947326 ], [ -40.547528, -6.947287 ], [ -40.547768, -6.9473 ], [ -40.548064, -6.947488 ], [ -40.548304, -6.947781 ], [ -40.548678, -6.947909 ], [ -40.548858, -6.948054 ], [ -40.548914, -6.948267 ], [ -40.548923, -6.948592 ], [ -40.548851, -6.948962 ], [ -40.548851, -6.94932 ], [ -40.549014, -6.949699 ], [ -40.549078, -6.950061 ], [ -40.549211, -6.950252 ], [ -40.549494, -6.950231 ], [ -40.549712999999898, -6.950142 ], [ -40.549975, -6.949907 ], [ -40.550407999999898, -6.949626 ], [ -40.550756, -6.949524 ], [ -40.55103, -6.949556 ], [ -40.551321, -6.949637 ], [ -40.551888, -6.949931 ], [ -40.55263, -6.950216 ], [ -40.553192, -6.950531 ], [ -40.553694999999898, -6.951017 ], [ -40.553982, -6.951059 ], [ -40.554201, -6.951034 ], [ -40.554877, -6.951045 ], [ -40.555332, -6.951245 ], [ -40.555704999999897, -6.951686 ], [ -40.555928, -6.951852 ], [ -40.55619, -6.951873 ], [ -40.556409, -6.951775 ], [ -40.556516, -6.951584 ], [ -40.556641, -6.951137 ], [ -40.556624, -6.950583 ], [ -40.556641, -6.950119 ], [ -40.556762999999897, -6.949656 ], [ -40.556978, -6.948749 ], [ -40.557187999999897, -6.94785 ], [ -40.557385, -6.947535 ], [ -40.557699, -6.947365 ], [ -40.558008, -6.947263 ], [ -40.55836, -6.947395 ], [ -40.558501, -6.947586 ], [ -40.558797, -6.948029 ], [ -40.55908, -6.94817 ], [ -40.559488, -6.948195 ], [ -40.560209, -6.94811 ], [ -40.560859999999899, -6.948106 ], [ -40.561474, -6.948289 ], [ -40.562367, -6.948562 ], [ -40.562624, -6.948885 ], [ -40.562790999999898, -6.950268 ], [ -40.563284, -6.952525 ], [ -40.564088, -6.95324 ], [ -40.564749, -6.953359 ], [ -40.565221, -6.953282 ], [ -40.565494999999899, -6.953052 ], [ -40.565742, -6.952671 ], [ -40.5662778, -6.95204089999993 ], [ -40.56648, -6.951803 ], [ -40.566716, -6.951624 ], [ -40.566982, -6.951471 ], [ -40.567227, -6.951373 ], [ -40.567489, -6.951488 ], [ -40.567729, -6.951675 ], [ -40.567788199999903, -6.95179659999997 ], [ -40.567841, -6.951905 ], [ -40.567883, -6.952399 ], [ -40.568058999999899, -6.952876 ], [ -40.568427, -6.953207 ], [ -40.569010999999897, -6.953624 ], [ -40.569921, -6.953901 ], [ -40.571719, -6.953797 ], [ -40.572152, -6.953593 ], [ -40.572426999999898, -6.953376 ], [ -40.573019, -6.952673 ], [ -40.573663, -6.952277 ], [ -40.574942, -6.951827 ], [ -40.575719, -6.951797 ], [ -40.576375, -6.951852 ], [ -40.577156, -6.951657 ], [ -40.5778, -6.951371 ], [ -40.578184, -6.951298 ], [ -40.578592, -6.951528 ], [ -40.579029999999896, -6.952086 ], [ -40.579326, -6.952707 ], [ -40.579742, -6.953103 ], [ -40.5807, -6.953598 ], [ -40.581224, -6.953552 ], [ -40.581772999999899, -6.953322 ], [ -40.582889, -6.952798 ], [ -40.584054, -6.951544 ], [ -40.585281, -6.950718 ], [ -40.586182999999899, -6.950331 ], [ -40.587345, -6.950123 ], [ -40.588044, -6.950038 ], [ -40.588533, -6.950187 ], [ -40.588825, -6.950468 ], [ -40.589147, -6.950971 ], [ -40.589374, -6.951201 ], [ -40.589868, -6.951605 ], [ -40.590356, -6.952276 ], [ -40.590811, -6.952838 ], [ -40.591116, -6.953076 ], [ -40.591814999999897, -6.953502 ], [ -40.592292, -6.953681 ], [ -40.592644999999898, -6.953602 ], [ -40.592962, -6.953474 ], [ -40.593542, -6.953227 ], [ -40.594470999999899, -6.953084 ], [ -40.595852, -6.953118 ], [ -40.597174, -6.953058 ], [ -40.597676, -6.953054 ], [ -40.598001, -6.953216 ], [ -40.598744, -6.953706 ], [ -40.599499, -6.954093 ], [ -40.600141999999899, -6.954487 ], [ -40.601301, -6.954892 ], [ -40.602665, -6.955518 ], [ -40.603199, -6.955938 ], [ -40.603855, -6.95627 ], [ -40.60434, -6.956326 ], [ -40.604928, -6.956432 ], [ -40.605205, -6.95676079999993 ], [ -40.605415, -6.957082 ], [ -40.605728, -6.957627 ], [ -40.605728, -6.957946 ], [ -40.605621, -6.958198 ], [ -40.605432, -6.958428 ], [ -40.605405, -6.958841 ], [ -40.6055, -6.959293 ], [ -40.605727, -6.960004 ], [ -40.605753, -6.960595 ], [ -40.60568, -6.961088 ], [ -40.605633, -6.961663 ], [ -40.60571, -6.96251 ], [ -40.605930999999899, -6.963541 ], [ -40.606, -6.964137 ], [ -40.606023, -6.965093 ], [ -40.606175, -6.966929 ], [ -40.606218, -6.967346 ], [ -40.606029, -6.967959 ], [ -40.605673, -6.96853 ], [ -40.6055, -6.969332 ], [ -40.605487, -6.969911 ], [ -40.605714, -6.971005 ], [ -40.606049, -6.971869 ], [ -40.606293, -6.973325 ], [ -40.606626999999897, -6.975011 ], [ -40.607124999999897, -6.97622 ], [ -40.607557, -6.976484 ], [ -40.6079, -6.976748 ], [ -40.608175, -6.976752 ], [ -40.608235, -6.976574 ], [ -40.608265, -6.976173 ], [ -40.608381, -6.976003 ], [ -40.608891, -6.975837 ], [ -40.609415, -6.975948 ], [ -40.609688999999896, -6.976254 ], [ -40.609827, -6.976676 ], [ -40.61002, -6.977161 ], [ -40.610346, -6.977493 ], [ -40.611488, -6.978 ], [ -40.612817999999898, -6.978494 ], [ -40.613315999999898, -6.978702 ], [ -40.613897999999899, -6.979429 ], [ -40.614418, -6.98005 ], [ -40.615499, -6.980606 ], [ -40.618057, -6.98153 ], [ -40.61846, -6.981713 ], [ -40.618676, -6.981954 ], [ -40.618941999999898, -6.982925 ], [ -40.618891, -6.983236 ], [ -40.618685, -6.983587 ], [ -40.618156999999897, -6.984161 ], [ -40.617985, -6.984728 ], [ -40.617933999999899, -6.985217 ], [ -40.618006, -6.98557 ], [ -40.618144, -6.98594 ], [ -40.618573, -6.987235 ], [ -40.618827, -6.98762 ], [ -40.619513, -6.988075 ], [ -40.620989, -6.988688 ], [ -40.622622, -6.988947 ], [ -40.623394, -6.989169 ], [ -40.623613, -6.98942 ], [ -40.623635, -6.989697 ], [ -40.623678, -6.990276 ], [ -40.623665, -6.991286 ], [ -40.623682, -6.992248 ], [ -40.623810999999897, -6.99287 ], [ -40.624122999999898, -6.993612 ], [ -40.62429, -6.993812 ], [ -40.624535, -6.993799 ], [ -40.624843999999896, -6.993672 ], [ -40.625269, -6.993395 ], [ -40.625771, -6.993399 ], [ -40.626049, -6.993535 ], [ -40.626714999999898, -6.993898 ], [ -40.6272349, -6.99433669999996 ], [ -40.6274, -6.994476 ], [ -40.628567599999897, -6.99509989999996 ], [ -40.6286681999999, -6.99513079999997 ], [ -40.631435, -6.995981 ], [ -40.63449, -6.996415 ], [ -40.637633999999899, -6.99733 ], [ -40.639612, -6.997955 ], [ -40.640538999999897, -6.998032 ], [ -40.642131, -6.997564 ], [ -40.643028, -6.997594 ], [ -40.643998, -6.997849 ], [ -40.644483, -6.998262 ], [ -40.64508, -6.998994 ], [ -40.646078, -7.000208 ], [ -40.646512, -7.00103 ], [ -40.646954, -7.001587 ], [ -40.64862, -7.002681 ], [ -40.650508, -7.004005 ], [ -40.651493, -7.00462 ], [ -40.653559, -7.005778 ], [ -40.654468, -7.006459 ], [ -40.655101, -7.007123 ], [ -40.655389, -7.00797 ], [ -40.655389, -7.008302 ], [ -40.655011, -7.008602 ], [ -40.654389, -7.008989 ], [ -40.65402, -7.009658 ], [ -40.653813, -7.010374 ], [ -40.653959, -7.011098 ], [ -40.654448, -7.011711 ], [ -40.655211999999899, -7.011737 ], [ -40.656208, -7.011328 ], [ -40.657341, -7.011192 ], [ -40.658408999999899, -7.011324 ], [ -40.660168999999897, -7.012286 ], [ -40.66089, -7.012542 ], [ -40.664059, -7.012447 ], [ -40.665329, -7.0124 ], [ -40.665801, -7.0126 ], [ -40.666288, -7.013124 ], [ -40.666876, -7.013737 ], [ -40.667799, -7.014525 ], [ -40.668598, -7.014818 ], [ -40.669521, -7.014941 ], [ -40.670026999999898, -7.014809 ], [ -40.670817, -7.014392 ], [ -40.671607, -7.013945 ], [ -40.672383, -7.013634 ], [ -40.673056, -7.013676 ], [ -40.673572799999903, -7.01387889999995 ] ] ] ] } },
{ "type": "Feature", "properties": { "CD_MUN": "2207553", "NM_MUN": "Paquetá", "CD_RGI": "220009", "NM_RGI": "Picos", "CD_RGINT": "2203", "NM_RGINT": "Picos", "CD_UF": "22", "NM_UF": "Piauí", "SIGLA_UF": "PI", "CD_REGIAO": "2", "NM_REGIAO": "Nordeste", "SIGLA_RG": "NE", "CD_CONCURB": null, "NM_CONCURB": null, "AREA_KM2": 432.572 }, "geometry": { "type": "MultiPolygon", "coordinates": [ [ [ [ -41.7213196, -7.29917059999997 ], [ -41.6984381, -7.207968 ], [ -41.6984045, -7.207834 ], [ -41.698253099999903, -7.20723039999996 ], [ -41.718937099999899, -7.19557529999997 ], [ -41.7212479, -7.19427319999994 ], [ -41.7291901, -7.18979789999997 ], [ -41.7266043, -7.16593249999994 ], [ -41.7491833, -7.15283349999993 ], [ -41.7480724, -7.15141419999998 ], [ -41.747760899999903, -7.15047819999995 ], [ -41.7479384, -7.14930559999993 ], [ -41.747873899999902, -7.14752479999993 ], [ -41.747872899999898, -7.14749889999996 ], [ -41.747855899999898, -7.14703019999996 ], [ -41.7481084, -7.14643619999993 ], [ -41.7621569, -7.11341139999996 ], [ -41.7649205, -7.10691479999997 ], [ -41.7760637, -7.09788049999997 ], [ -41.7781861, -7.09615909999997 ], [ -41.815032, -7.066275 ], [ -41.8155098, -7.06604839999994 ], [ -41.7784407, -7.03666869999995 ], [ -41.7343059, -7.01806109999995 ], [ -41.733411499999903, -7.017684 ], [ -41.733217099999898, -7.017602 ], [ -41.7313505, -7.01681239999994 ], [ -41.731313, -7.017017 ], [ -41.731369, -7.017243 ], [ -41.73124, -7.017387 ], [ -41.731032, -7.017367 ], [ -41.730654, -7.017656 ], [ -41.73035, -7.018312 ], [ -41.730144, -7.019001 ], [ -41.729976, -7.019299 ], [ -41.729822, -7.019099 ], [ -41.729323, -7.018294 ], [ -41.728842, -7.01786 ], [ -41.728653, -7.01723 ], [ -41.728555, -7.016458 ], [ -41.728302, -7.015803 ], [ -41.72807, -7.015364 ], [ -41.727679, -7.015038 ], [ -41.727413, -7.014697 ], [ -41.726954, -7.014468 ], [ -41.726636, -7.014055 ], [ -41.72631, -7.013799 ], [ -41.725926, -7.013658 ], [ -41.7256, -7.013743 ], [ -41.725291, -7.013666 ], [ -41.725154, -7.013411 ], [ -41.725170999999897, -7.01313 ], [ -41.725059, -7.012696 ], [ -41.724758999999899, -7.012168 ], [ -41.724424, -7.012015 ], [ -41.723737, -7.011742 ], [ -41.722879, -7.011112 ], [ -41.722673, -7.010712 ], [ -41.722811, -7.010005 ], [ -41.722758999999897, -7.00958 ], [ -41.722587, -7.009384 ], [ -41.722167, -7.009128 ], [ -41.722055, -7.008745 ], [ -41.722072, -7.00843 ], [ -41.721909, -7.008286 ], [ -41.721605, -7.008091 ], [ -41.721381, -7.00787 ], [ -41.721094, -7.007772 ], [ -41.720811, -7.007827 ], [ -41.720592, -7.007695 ], [ -41.720373, -7.007188 ], [ -41.720158, -7.006827 ], [ -41.719693, -7.006543 ], [ -41.719521, -7.006271 ], [ -41.719512, -7.005888 ], [ -41.719281, -7.005692 ], [ -41.718757, -7.005454 ], [ -41.717916, -7.004772 ], [ -41.71753, -7.004483 ], [ -41.717616, -7.004219 ], [ -41.71765, -7.003938 ], [ -41.717453, -7.003529 ], [ -41.717041, -7.003308 ], [ -41.716886, -7.002967 ], [ -41.716816999999899, -7.002576 ], [ -41.7161996, -7.00167509999994 ], [ -41.7159816, -7.00069049999996 ], [ -41.7159687, -7.00060519999994 ], [ -41.7158487, -6.99980989999995 ], [ -41.6812482, -7.01975539999995 ], [ -41.6806556, -7.02009729999997 ], [ -41.6618698, -7.03093629999995 ], [ -41.661718999999898, -7.03102339999998 ], [ -41.6615957, -7.03109459999996 ], [ -41.657558299999899, -7.03140889999997 ], [ -41.6426607, -7.03367739999993 ], [ -41.6409404999999, -7.03381079999997 ], [ -41.6193038, -7.03360369999996 ], [ -41.6166006999999, -7.03357779999993 ], [ -41.6153891, -7.03356619999994 ], [ -41.6153467, -7.033565 ], [ -41.6113723, -7.03344989999994 ], [ -41.609034999999899, -7.033414 ], [ -41.604315, -7.033397 ], [ -41.592882, -7.033233 ], [ -41.5908666, -7.03320559999997 ], [ -41.5875818, -7.033161 ], [ -41.58478, -7.033123 ], [ -41.5910618999999, -7.050262 ], [ -41.5874266, -7.055809 ], [ -41.5875425, -7.05903909999995 ], [ -41.5875204, -7.060932 ], [ -41.589364799999899, -7.06950439999997 ], [ -41.591371599999903, -7.07517439999998 ], [ -41.5914326, -7.07534669999995 ], [ -41.590817899999898, -7.07701119999996 ], [ -41.5904911, -7.07874239999995 ], [ -41.5896538, -7.080569 ], [ -41.589513699999898, -7.08262589999993 ], [ -41.590185, -7.08412 ], [ -41.590237, -7.084533 ], [ -41.590370999999898, -7.084831 ], [ -41.590379, -7.085193 ], [ -41.590225, -7.08547 ], [ -41.589838, -7.085576 ], [ -41.589537999999898, -7.085572 ], [ -41.588924, -7.085559 ], [ -41.588671, -7.085648 ], [ -41.588469, -7.085942 ], [ -41.588332, -7.086296 ], [ -41.588126, -7.086687 ], [ -41.587963, -7.086973 ], [ -41.587959, -7.087343 ], [ -41.588182, -7.0879 ], [ -41.58822, -7.088177 ], [ -41.588169, -7.088373 ], [ -41.587997, -7.08879 ], [ -41.587723, -7.089156 ], [ -41.587516999999899, -7.08928 ], [ -41.587139, -7.089318 ], [ -41.586753, -7.089348 ], [ -41.586577, -7.089476 ], [ -41.586495, -7.089752 ], [ -41.586188, -7.09009 ], [ -41.585927, -7.090384 ], [ -41.58557, -7.090631 ], [ -41.5853, -7.090929 ], [ -41.585118, -7.09131 ], [ -41.585345, -7.091532 ], [ -41.585405, -7.091774 ], [ -41.585298, -7.091893 ], [ -41.585156, -7.092 ], [ -41.585147999999897, -7.092191 ], [ -41.585388, -7.092421 ], [ -41.585337, -7.092574 ], [ -41.585135, -7.092613 ], [ -41.584902999999898, -7.092476 ], [ -41.584663, -7.092132 ], [ -41.584589999999899, -7.091791 ], [ -41.584487, -7.091646 ], [ -41.584307, -7.091617 ], [ -41.583788, -7.092093 ], [ -41.583406, -7.092535 ], [ -41.58299, -7.093097 ], [ -41.582909, -7.093553 ], [ -41.582755, -7.094078 ], [ -41.582639, -7.094419 ], [ -41.582498, -7.094559 ], [ -41.582355999999898, -7.094585 ], [ -41.582116, -7.094398 ], [ -41.581824, -7.094214 ], [ -41.581617999999899, -7.094197 ], [ -41.581148, -7.094539 ], [ -41.580813, -7.094795 ], [ -41.580453, -7.095225 ], [ -41.580289999999898, -7.095585 ], [ -41.579994, -7.09616 ], [ -41.580045, -7.096449 ], [ -41.580281, -7.096628 ], [ -41.580469999999899, -7.096819 ], [ -41.58044, -7.097019 ], [ -41.580369, -7.097248 ], [ -41.580251299999901, -7.09762619999998 ], [ -41.5800834, -7.09807819999997 ], [ -41.580026, -7.098223 ], [ -41.580034, -7.098368 ], [ -41.580216999999898, -7.09854 ], [ -41.580527, -7.098541 ], [ -41.580981999999899, -7.098635 ], [ -41.581286, -7.098724 ], [ -41.58151, -7.09875 ], [ -41.581680999999897, -7.098673 ], [ -41.58187, -7.09855 ], [ -41.582088999999897, -7.098444 ], [ -41.582261, -7.098529 ], [ -41.582488, -7.098631 ], [ -41.582707, -7.098814 ], [ -41.582743999999899, -7.099128 ], [ -41.582909, -7.099304 ], [ -41.583177, -7.099333 ], [ -41.583371999999898, -7.099512 ], [ -41.583616999999897, -7.099754 ], [ -41.584797799999897, -7.10030809999995 ], [ -41.5867665, -7.10087049999993 ], [ -41.5885168, -7.10117259999993 ], [ -41.5916487, -7.10311359999997 ], [ -41.593489, -7.10367349999996 ], [ -41.5948438, -7.103503 ], [ -41.596991699999897, -7.10243819999994 ], [ -41.599131499999899, -7.10100979999993 ], [ -41.5997096, -7.10184909999998 ], [ -41.5999416, -7.10218589999994 ], [ -41.6000688, -7.10237069999994 ], [ -41.600469299999901, -7.102952 ], [ -41.601548099999903, -7.10451829999994 ], [ -41.6034514, -7.10728149999994 ], [ -41.6038599, -7.10787459999995 ], [ -41.6040343, -7.10812779999998 ], [ -41.616365099999904, -7.12602939999994 ], [ -41.6165748, -7.12656489999995 ], [ -41.6222538, -7.14106519999996 ], [ -41.6243694, -7.14646689999995 ], [ -41.625506099999903, -7.14936939999996 ], [ -41.6267217, -7.15247319999997 ], [ -41.6347278, -7.17291529999994 ], [ -41.627779099999898, -7.18419489999997 ], [ -41.6154539, -7.20420209999997 ], [ -41.610133699999899, -7.22320959999996 ], [ -41.609709699999897, -7.22370329999995 ], [ -41.609563299999898, -7.22387379999998 ], [ -41.6096742, -7.22383509999997 ], [ -41.6097731, -7.22383859999997 ], [ -41.6098056, -7.22395839999996 ], [ -41.609857599999899, -7.22401419999994 ], [ -41.6100417, -7.223959 ], [ -41.610255499999901, -7.22402639999996 ], [ -41.6103945, -7.22411529999994 ], [ -41.6105982999999, -7.22409739999995 ], [ -41.610737899999897, -7.22409839999995 ], [ -41.6109041, -7.22405189999995 ], [ -41.6111208, -7.22410339999993 ], [ -41.6112813, -7.22410749999995 ], [ -41.6114863, -7.22415889999996 ], [ -41.6116231, -7.22415559999996 ], [ -41.611801199999903, -7.22419469999994 ], [ -41.6118744999999, -7.22422729999994 ], [ -41.6118858, -7.224291 ], [ -41.611842099999897, -7.22448859999997 ], [ -41.611848199999898, -7.22469829999994 ], [ -41.6117922, -7.22481389999996 ], [ -41.6117121999999, -7.22485729999994 ], [ -41.6115219, -7.22493389999994 ], [ -41.6113126, -7.22513289999995 ], [ -41.6111109, -7.22517569999997 ], [ -41.610950199999898, -7.22526459999995 ], [ -41.610815499999902, -7.22538819999994 ], [ -41.610723, -7.22559159999997 ], [ -41.610621, -7.22590039999994 ], [ -41.6105353, -7.22620209999997 ], [ -41.6103550999999, -7.22651109999993 ], [ -41.6102159, -7.22672059999996 ], [ -41.6101919, -7.226953 ], [ -41.610084899999897, -7.22721509999997 ], [ -41.6099583, -7.227477 ], [ -41.6098799, -7.22786009999993 ], [ -41.6098453, -7.22826369999996 ], [ -41.6097852, -7.22856959999996 ], [ -41.6095983, -7.22876889999998 ], [ -41.609602799999898, -7.22901609999997 ], [ -41.6096575, -7.22922229999995 ], [ -41.6095936, -7.22957189999994 ], [ -41.6095728, -7.22979769999995 ], [ -41.6096041, -7.23009349999995 ], [ -41.6096446, -7.230627 ], [ -41.6096418, -7.231122 ], [ -41.609680399999903, -7.23130339999994 ], [ -41.6099943, -7.23163189999997 ], [ -41.610307799999902, -7.23177019999997 ], [ -41.610753499999902, -7.23200119999996 ], [ -41.6111592, -7.23224189999996 ], [ -41.611642, -7.23236689999993 ], [ -41.6117644, -7.23258689999994 ], [ -41.6118068, -7.23275579999995 ], [ -41.6118863, -7.23318069999993 ], [ -41.611992, -7.23338269999994 ], [ -41.6121259, -7.23354859999995 ], [ -41.6482248, -7.23790029999998 ], [ -41.6503339, -7.23920579999998 ], [ -41.6511555, -7.240678 ], [ -41.652225299999898, -7.24331959999995 ], [ -41.6525411, -7.24715489999994 ], [ -41.6524595, -7.25043989999995 ], [ -41.6524964, -7.255568 ], [ -41.6533636, -7.26004129999995 ], [ -41.653374799999902, -7.26479489999997 ], [ -41.655585, -7.26672569999994 ], [ -41.6571036, -7.26985179999997 ], [ -41.657410599999899, -7.27439159999994 ], [ -41.657094599999901, -7.27717589999997 ], [ -41.6558492, -7.27843519999993 ], [ -41.6529884, -7.28006119999998 ], [ -41.650076199999901, -7.28370029999996 ], [ -41.6490408, -7.28696389999993 ], [ -41.6488762, -7.28748259999998 ], [ -41.6480902, -7.29301839999994 ], [ -41.669852499999898, -7.301025 ], [ -41.6789328, -7.30369049999996 ], [ -41.6892027, -7.30834329999993 ], [ -41.7098819, -7.32567279999995 ], [ -41.7213196, -7.29917059999997 ] ] ] ] } },
{ "type": "Feature", "properties": { "CD_MUN": "2207306", "NM_MUN": "Paes Landim", "CD_RGI": "220012", "NM_RGI": "Simplício Mendes", "CD_RGINT": "2203", "NM_RGINT": "Picos", "CD_UF": "22", "NM_UF": "Piauí", "SIGLA_UF": "PI", "CD_REGIAO": "2", "NM_REGIAO": "Nordeste", "SIGLA_RG": "NE", "CD_CONCURB": null, "NM_CONCURB": null, "AREA_KM2": 401.379 }, "geometry": { "type": "MultiPolygon", "coordinates": [ [ [ [ -42.2596697, -7.90912749999995 ], [ -42.2635212, -7.90956969999996 ], [ -42.2651296, -7.91069559999994 ], [ -42.2662556, -7.91262579999994 ], [ -42.266899, -7.91471689999997 ], [ -42.2675424, -7.91729049999998 ], [ -42.2682662, -7.91946189999993 ], [ -42.269311699999903, -7.92115089999993 ], [ -42.2720462, -7.92259849999994 ], [ -42.2746198, -7.92348319999996 ], [ -42.2774347, -7.92404619999996 ], [ -42.2789627, -7.92525249999994 ], [ -42.2800083, -7.92661979999997 ], [ -42.2825819, -7.92951509999995 ], [ -42.285557599999898, -7.93096269999995 ], [ -42.2894984, -7.93216909999995 ], [ -42.2939218, -7.93353629999996 ], [ -42.2986668, -7.93458179999993 ], [ -42.3014817, -7.93538609999996 ], [ -42.3032511, -7.935949 ], [ -42.304377, -7.93675329999996 ], [ -42.307433199999899, -7.94021159999994 ], [ -42.3092829, -7.94206129999998 ], [ -42.310650199999898, -7.94375029999998 ], [ -42.312097799999897, -7.94543919999995 ], [ -42.313465, -7.94632389999998 ], [ -42.3167625, -7.94769109999993 ], [ -42.3192556, -7.94825409999993 ], [ -42.3234376999999, -7.94962129999993 ], [ -42.3281024, -7.95155149999994 ], [ -42.3299521, -7.95187319999997 ], [ -42.3313998, -7.95179279999996 ], [ -42.332766999999897, -7.95114939999996 ], [ -42.3342951, -7.95034509999994 ], [ -42.335903599999902, -7.94970169999993 ], [ -42.3382119, -7.94894889999995 ], [ -42.350745, -7.85995679999996 ], [ -42.3508798, -7.85899989999996 ], [ -42.3508944, -7.85889619999995 ], [ -42.3510792, -7.85758369999996 ], [ -42.3576186, -7.81103919999993 ], [ -42.3578466, -7.81082829999997 ], [ -42.357883, -7.81079459999995 ], [ -42.4041222, -7.76798189999994 ], [ -42.405725, -7.766498 ], [ -42.4158126, -7.757153 ], [ -42.4128504, -7.75631409999994 ], [ -42.410423099999903, -7.75632819999993 ], [ -42.4088159, -7.75581359999995 ], [ -42.406034299999902, -7.75425069999994 ], [ -42.4040451, -7.75334829999997 ], [ -42.4026668, -7.75298339999995 ], [ -42.3977783, -7.75221189999996 ], [ -42.394895399999903, -7.75201339999995 ], [ -42.3931845, -7.75108469999998 ], [ -42.3912781, -7.74929169999996 ], [ -42.390482899999903, -7.74876509999996 ], [ -42.3878524, -7.74773909999993 ], [ -42.387183999999898, -7.74636839999994 ], [ -42.386704199999897, -7.74467289999996 ], [ -42.3860665999999, -7.74392359999996 ], [ -42.3848877, -7.74320509999995 ], [ -42.3836937, -7.74293119999993 ], [ -42.3810553, -7.74297419999994 ], [ -42.3800777, -7.742909 ], [ -42.3794614, -7.74266739999996 ], [ -42.3780027, -7.74144319999994 ], [ -42.376615, -7.73926249999994 ], [ -42.375943199999902, -7.73863549999993 ], [ -42.3727024, -7.73725109999998 ], [ -42.371083199999902, -7.73593129999995 ], [ -42.369805299999904, -7.73417289999998 ], [ -42.3690885, -7.73366179999994 ], [ -42.3657494999999, -7.732781 ], [ -42.3628373, -7.73246469999998 ], [ -42.361214899999901, -7.73197989999994 ], [ -42.3602107, -7.73143629999993 ], [ -42.358762199999902, -7.72945179999994 ], [ -42.3581814, -7.72894429999997 ], [ -42.3564994, -7.72821939999994 ], [ -42.355918899999899, -7.72776959999993 ], [ -42.3555547, -7.72723419999994 ], [ -42.3552223, -7.72640089999993 ], [ -42.355135899999901, -7.72562739999995 ], [ -42.3551705, -7.72470729999998 ], [ -42.3553759, -7.72397169999994 ], [ -42.311778699999898, -7.72356939999997 ], [ -42.3113777, -7.72356559999997 ], [ -42.189218299999901, -7.72241539999993 ], [ -42.1632983, -7.74487149999993 ], [ -42.160947, -7.74691059999998 ], [ -42.19044, -7.78565419999995 ], [ -42.1909537, -7.786329 ], [ -42.1910002, -7.78639369999996 ], [ -42.198610899999899, -7.79638919999996 ], [ -42.198653299999897, -7.79651689999997 ], [ -42.1986995, -7.79665559999995 ], [ -42.2280299, -7.88502839999995 ], [ -42.2152045, -7.89448979999997 ], [ -42.2254426, -7.90601609999993 ], [ -42.2269684, -7.90609369999993 ], [ -42.227904599999903, -7.90650559999995 ], [ -42.2284289, -7.90706739999996 ], [ -42.2292528, -7.90785379999994 ], [ -42.2299269, -7.90837809999994 ], [ -42.2304137, -7.90849039999995 ], [ -42.2308257, -7.90822829999996 ], [ -42.231275, -7.90732949999995 ], [ -42.2314997, -7.90646819999995 ], [ -42.2319946, -7.90554839999993 ], [ -42.2322938, -7.90544869999997 ], [ -42.2334422, -7.90506589999995 ], [ -42.2348899, -7.90538759999993 ], [ -42.236950799999903, -7.90602169999994 ], [ -42.236980899999899, -7.906031 ], [ -42.239393699999901, -7.90731779999993 ], [ -42.241967299999899, -7.90828289999996 ], [ -42.2437366, -7.90828289999996 ], [ -42.2466319, -7.90763949999996 ], [ -42.2503315, -7.90715689999996 ], [ -42.2529051, -7.90731779999993 ], [ -42.254674399999899, -7.90731779999993 ], [ -42.2564437999999, -7.90796119999993 ], [ -42.259291399999903, -7.90908409999997 ], [ -42.2596697, -7.90912749999995 ] ] ] ] } },
{ "type": "Feature", "properties": { "CD_MUN": "2207801", "NM_MUN": "Paulistana", "CD_RGI": "220010", "NM_RGI": "Paulistana", "CD_RGINT": "2203", "NM_RGINT": "Picos", "CD_UF": "22", "NM_UF": "Piauí", "SIGLA_UF": "PI", "CD_REGIAO": "2", "NM_REGIAO": "Nordeste", "SIGLA_RG": "NE", "CD_CONCURB": null, "NM_CONCURB": null, "AREA_KM2": 1937.343 }, "geometry": { "type": "MultiPolygon", "coordinates": [ [ [ [ -41.166724299999899, -8.25733029999998 ], [ -41.1680324, -8.259028499999941 ], [ -41.172345499999899, -8.26183849999995 ], [ -41.1760704, -8.263799 ], [ -41.1783576999999, -8.265628899999969 ], [ -41.180318199999903, -8.267720099999959 ], [ -41.180645, -8.268373599999959 ], [ -41.1805143, -8.270268699999971 ], [ -41.180318199999903, -8.27196779999997 ], [ -41.1801222, -8.274581799999959 ], [ -41.180056799999903, -8.27811069999996 ], [ -41.1802529, -8.281509 ], [ -41.179533999999897, -8.284319 ], [ -41.178096299999901, -8.287717199999969 ], [ -41.176005099999898, -8.28961239999995 ], [ -41.1722801, -8.292226399999951 ], [ -41.1669214, -8.295428499999961 ], [ -41.164046, -8.29627809999994 ], [ -41.1631965, -8.29673559999998 ], [ -41.162869699999902, -8.29771579999993 ], [ -41.1629351, -8.300983299999929 ], [ -41.1633272, -8.30451219999998 ], [ -41.163523199999901, -8.310655099999961 ], [ -41.1630658, -8.313988 ], [ -41.1621507999999, -8.31653669999997 ], [ -41.161301299999899, -8.318497199999969 ], [ -41.160386399999901, -8.321372599999959 ], [ -41.1594061, -8.32267959999996 ], [ -41.157511, -8.32352909999997 ], [ -41.1544395, -8.32398659999996 ], [ -41.1528711, -8.324248 ], [ -41.1521523, -8.324574699999969 ], [ -41.1516948, -8.325358899999969 ], [ -41.150976, -8.32731949999993 ], [ -41.1508504, -8.32770389999996 ], [ -41.1508456, -8.327718699999931 ], [ -41.1499304, -8.33052159999994 ], [ -41.1488848, -8.33280889999997 ], [ -41.1476431, -8.334638699999971 ], [ -41.1466629, -8.335553599999971 ], [ -41.145225099999898, -8.335618899999931 ], [ -41.144666399999899, -8.33554909999998 ], [ -41.1442605, -8.33549829999993 ], [ -41.1436567, -8.335422899999971 ], [ -41.1427418, -8.335422899999971 ], [ -41.142219, -8.33588029999993 ], [ -41.1420883, -8.33672989999997 ], [ -41.142415099999901, -8.337383399999959 ], [ -41.142545799999901, -8.33888639999998 ], [ -41.1423497, -8.33960529999996 ], [ -41.1424804, -8.340193399999981 ], [ -41.142937199999899, -8.340701 ], [ -41.1430685999999, -8.340846899999971 ], [ -41.1445715999999, -8.34110829999997 ], [ -41.147251, -8.33960529999996 ], [ -41.1490808, -8.33790619999996 ], [ -41.1509106, -8.337514099999961 ], [ -41.1516884, -8.337455699999961 ], [ -41.1535246, -8.337318 ], [ -41.1575763, -8.337840799999981 ], [ -41.1600596, -8.337840799999981 ], [ -41.163261799999901, -8.338625 ], [ -41.1685552, -8.338755699999981 ], [ -41.1720840999999, -8.339082499999961 ], [ -41.173549799999897, -8.33927279999995 ], [ -41.1741378, -8.33941249999998 ], [ -41.176315499999902, -8.339836399999969 ], [ -41.1775124, -8.34011069999997 ], [ -41.177944599999897, -8.340285199999929 ], [ -41.178077599999902, -8.340418199999929 ], [ -41.1782272, -8.340617699999941 ], [ -41.1783851, -8.34090029999993 ], [ -41.1784599, -8.341133 ], [ -41.1785264, -8.341399 ], [ -41.1785763, -8.34167329999997 ], [ -41.1787093, -8.342521 ], [ -41.178742499999899, -8.34319429999994 ], [ -41.1789434, -8.34580019999993 ], [ -41.1788152, -8.347382 ], [ -41.1784883999999, -8.348885 ], [ -41.178619099999899, -8.35006129999994 ], [ -41.177965599999901, -8.352348599999971 ], [ -41.1783576999999, -8.353982299999929 ], [ -41.180056799999903, -8.35568139999998 ], [ -41.1829976, -8.35594279999998 ], [ -41.1848927, -8.35626959999996 ], [ -41.1874414, -8.35607349999998 ], [ -41.190316799999898, -8.355877499999959 ], [ -41.192538699999901, -8.35581209999998 ], [ -41.195544799999901, -8.356008199999961 ], [ -41.1971786, -8.35659629999998 ], [ -41.197766699999903, -8.35718449999996 ], [ -41.198289499999902, -8.358034 ], [ -41.198550899999901, -8.359406399999949 ], [ -41.198420199999902, -8.360778799999929 ], [ -41.1975707, -8.36293529999995 ], [ -41.1962637, -8.366398899999981 ], [ -41.195022, -8.367705899999979 ], [ -41.1940418, -8.36862079999997 ], [ -41.193322899999899, -8.369601 ], [ -41.1929961, -8.371626899999971 ], [ -41.1933882, -8.37509049999994 ], [ -41.1944339, -8.37907679999995 ], [ -41.1963944, -8.382475 ], [ -41.1995965, -8.38535039999994 ], [ -41.2058048, -8.389990299999971 ], [ -41.211807, -8.39353509999995 ], [ -41.2179778, -8.396730599999961 ], [ -41.2197409, -8.39783259999996 ], [ -41.223818, -8.402019899999971 ], [ -41.2359392, -8.40929259999996 ], [ -41.2356086, -8.40598679999994 ], [ -41.2359392, -8.401468899999941 ], [ -41.2360494, -8.39684079999995 ], [ -41.236930899999898, -8.39276369999993 ], [ -41.2393552, -8.387364299999939 ], [ -41.2405673, -8.386703099999981 ], [ -41.2475094, -8.385491 ], [ -41.2491623, -8.385711399999931 ], [ -41.251256, -8.385711399999931 ], [ -41.2529089, -8.384829799999981 ], [ -41.2539006, -8.38306679999994 ], [ -41.254341399999902, -8.380311899999979 ], [ -41.2545618, -8.37447169999996 ], [ -41.2547820999999, -8.37094559999997 ], [ -41.2554433, -8.36962329999994 ], [ -41.256875799999897, -8.36929269999996 ], [ -41.258638899999902, -8.370064 ], [ -41.2617243, -8.372598499999979 ], [ -41.265030099999898, -8.375683899999959 ], [ -41.2669033, -8.37667559999994 ], [ -41.2687766, -8.376455199999951 ], [ -41.269878499999898, -8.375573699999959 ], [ -41.2704295, -8.374251399999929 ], [ -41.270098899999901, -8.37314939999993 ], [ -41.2686664, -8.371276199999951 ], [ -41.2677849, -8.370725199999979 ], [ -41.2669033, -8.36708879999998 ], [ -41.2672339, -8.36477479999996 ], [ -41.2687766, -8.36301169999996 ], [ -41.273955699999902, -8.36179959999993 ], [ -41.2767105, -8.361138399999961 ], [ -41.2793551, -8.35926519999998 ], [ -41.2837628, -8.355408399999931 ], [ -41.2877296999999, -8.35166189999995 ], [ -41.2907049, -8.348907099999961 ], [ -41.2947821, -8.34769489999996 ], [ -41.3006336, -8.34636169999993 ], [ -41.3007018, -8.34634609999995 ], [ -41.3012497, -8.34622129999997 ], [ -41.3034873, -8.34571149999994 ], [ -41.3097682, -8.345491099999951 ], [ -41.315939, -8.34571149999994 ], [ -41.3257462, -8.346042 ], [ -41.3417241, -8.344168799999981 ], [ -41.342164899999901, -8.33711639999996 ], [ -41.342411399999897, -8.336228499999949 ], [ -41.344177199999898, -8.332747299999941 ], [ -41.344984399999902, -8.33204089999998 ], [ -41.3611038, -8.329871499999969 ], [ -41.370815799999903, -8.329694899999939 ], [ -41.3722033, -8.32982109999995 ], [ -41.3800851, -8.334222499999949 ], [ -41.386164, -8.33558359999995 ], [ -41.387606499999897, -8.33566849999994 ], [ -41.39151, -8.33397129999997 ], [ -41.391679699999898, -8.333037899999971 ], [ -41.3913403, -8.329304199999971 ], [ -41.3947345, -8.321073 ], [ -41.402202, -8.310381 ], [ -41.4022217999999, -8.308381299999949 ], [ -41.4020323, -8.301810399999971 ], [ -41.4104111, -8.29852449999993 ], [ -41.415488799999899, -8.29653319999994 ], [ -41.4170465999999, -8.29644249999996 ], [ -41.4172182, -8.29616209999995 ], [ -41.4169506, -8.29611749999998 ], [ -41.416843, -8.295978 ], [ -41.41659, -8.295741 ], [ -41.416333, -8.295634 ], [ -41.415959, -8.295588 ], [ -41.41547, -8.295677 ], [ -41.415247, -8.295656 ], [ -41.414426999999897, -8.295426 ], [ -41.413676, -8.295214 ], [ -41.413435999999898, -8.295139 ], [ -41.413075, -8.294804 ], [ -41.412911999999899, -8.294426 ], [ -41.412968, -8.294303 ], [ -41.413161, -8.294193 ], [ -41.413281, -8.293981 ], [ -41.41347, -8.293331 ], [ -41.4135, -8.293136 ], [ -41.413445, -8.292936 ], [ -41.413435999999898, -8.292654 ], [ -41.413689, -8.291504 ], [ -41.413826, -8.291122 ], [ -41.414436, -8.290273 ], [ -41.414968, -8.289522 ], [ -41.415384, -8.289323 ], [ -41.416182999999897, -8.289319 ], [ -41.417569, -8.288843 ], [ -41.418101, -8.288622 ], [ -41.418421, -8.288223 ], [ -41.418411999999897, -8.287939 ], [ -41.418197, -8.287684 ], [ -41.417996, -8.287162 ], [ -41.417665, -8.286606 ], [ -41.417356, -8.286445 ], [ -41.416571, -8.286288 ], [ -41.416386, -8.28619 ], [ -41.416061, -8.285655 ], [ -41.415422, -8.284586 ], [ -41.414155999999899, -8.283141 ], [ -41.413375, -8.282288 ], [ -41.412937, -8.281664 ], [ -41.412151999999899, -8.281023 ], [ -41.411621, -8.280556 ], [ -41.410788, -8.279533 ], [ -41.410676, -8.279181 ], [ -41.410556, -8.27899 ], [ -41.410325, -8.278795 ], [ -41.409740999999897, -8.278411 ], [ -41.409422999999897, -8.278079 ], [ -41.408853, -8.277664 ], [ -41.408041, -8.277345 ], [ -41.407638, -8.277383 ], [ -41.407269, -8.277451 ], [ -41.406531, -8.278272 ], [ -41.406007, -8.27865 ], [ -41.404767, -8.279307 ], [ -41.404491999999898, -8.279596 ], [ -41.403874, -8.279791 ], [ -41.402261, -8.280235 ], [ -41.401226999999899, -8.280286 ], [ -41.399961, -8.280303 ], [ -41.3996, -8.28009 ], [ -41.399424, -8.279831 ], [ -41.39939, -8.279509 ], [ -41.399287, -8.279309 ], [ -41.398938, -8.278723 ], [ -41.398402, -8.278189 ], [ -41.398328999999897, -8.277836 ], [ -41.39844, -8.277599 ], [ -41.398805, -8.277429 ], [ -41.399191, -8.277425 ], [ -41.399475, -8.277382 ], [ -41.400104999999897, -8.277183 ], [ -41.400342, -8.27723 ], [ -41.401322799999903, -8.277509299999959 ], [ -41.401925999999897, -8.277689 ], [ -41.402188, -8.277718 ], [ -41.402560999999899, -8.277476 ], [ -41.403128, -8.276844 ], [ -41.403436999999897, -8.276415 ], [ -41.403776, -8.275717 ], [ -41.404231, -8.274541 ], [ -41.404355, -8.273947 ], [ -41.404377, -8.273667 ], [ -41.404296, -8.272881 ], [ -41.40397, -8.271934 ], [ -41.403717, -8.271319 ], [ -41.403734, -8.27072 ], [ -41.403874, -8.27036 ], [ -41.404355, -8.270216 ], [ -41.404587, -8.270118 ], [ -41.404956, -8.269617 ], [ -41.405334, -8.269129 ], [ -41.405338, -8.26893 ], [ -41.405136, -8.268518 ], [ -41.404925999999897, -8.268242 ], [ -41.404179, -8.267759 ], [ -41.403191999999898, -8.26725 ], [ -41.401806, -8.266753 ], [ -41.399965, -8.2661 ], [ -41.399721, -8.265958 ], [ -41.399395, -8.265533 ], [ -41.398798999999897, -8.264854 ], [ -41.397922999999899, -8.264145 ], [ -41.397069, -8.263606 ], [ -41.396524, -8.263385 ], [ -41.396202, -8.263415 ], [ -41.396001, -8.263572 ], [ -41.395751, -8.263944 ], [ -41.395260999999898, -8.264631 ], [ -41.394403, -8.265268 ], [ -41.393699, -8.265523 ], [ -41.392995, -8.265548 ], [ -41.392686, -8.265302 ], [ -41.392489, -8.264835 ], [ -41.392024999999897, -8.26419 ], [ -41.391346999999897, -8.263256 ], [ -41.391134, -8.262499 ], [ -41.391207, -8.261616 ], [ -41.3912592, -8.25998539999995 ], [ -41.39127, -8.259647 ], [ -41.391081, -8.258709 ], [ -41.390656, -8.25772 ], [ -41.39009, -8.25704 ], [ -41.389124, -8.255996 ], [ -41.3872833, -8.25453909999993 ], [ -41.38681, -8.254338 ], [ -41.3861108, -8.25401989999995 ], [ -41.384836, -8.253519 ], [ -41.384324999999897, -8.253425 ], [ -41.384076, -8.253476 ], [ -41.383693, -8.253689 ], [ -41.383482399999899, -8.253759899999981 ], [ -41.383075, -8.253897 ], [ -41.382697999999898, -8.254148 ], [ -41.382629, -8.254351 ], [ -41.382629, -8.25464 ], [ -41.382475, -8.25512 ], [ -41.382166, -8.255332 ], [ -41.381509, -8.255379 ], [ -41.381144, -8.255283 ], [ -41.380844, -8.255024 ], [ -41.380616, -8.254502 ], [ -41.380346, -8.253941 ], [ -41.38011, -8.253565 ], [ -41.379612, -8.253089 ], [ -41.379165999999898, -8.252559 ], [ -41.378883, -8.252096 ], [ -41.378827, -8.251845 ], [ -41.378905, -8.251549 ], [ -41.379162999999899, -8.251087 ], [ -41.379184, -8.25084 ], [ -41.378935, -8.250144 ], [ -41.378715999999898, -8.249682 ], [ -41.378073, -8.249334 ], [ -41.377013, -8.248803 ], [ -41.376549, -8.248688 ], [ -41.375022, -8.247902 ], [ -41.373821, -8.247189 ], [ -41.373327, -8.246735 ], [ -41.373271, -8.246514 ], [ -41.373413, -8.246111 ], [ -41.373521, -8.245742 ], [ -41.37362, -8.245249 ], [ -41.37359, -8.244353 ], [ -41.373749, -8.243725 ], [ -41.373907, -8.243545599999949 ], [ -41.374662999999899, -8.242687 ], [ -41.375328, -8.241817 ], [ -41.375531, -8.241062 ], [ -41.375903999999899, -8.240005 ], [ -41.376101999999896, -8.239182 ], [ -41.376003, -8.238736 ], [ -41.376055, -8.238173 ], [ -41.376158, -8.237031 ], [ -41.376252, -8.236275 ], [ -41.376213, -8.235821 ], [ -41.375999, -8.235668 ], [ -41.375505, -8.235252 ], [ -41.375188, -8.234637 ], [ -41.374982, -8.233831 ], [ -41.374608, -8.233135 ], [ -41.37454, -8.232834 ], [ -41.374703, -8.232558 ], [ -41.374820999999898, -8.232104 ], [ -41.374842, -8.231641 ], [ -41.374688, -8.231314 ], [ -41.374373999999897, -8.231098 ], [ -41.374035, -8.230533 ], [ -41.373761, -8.229871 ], [ -41.373702, -8.229375 ], [ -41.373058, -8.228259 ], [ -41.372806, -8.227648 ], [ -41.372749999999897, -8.227079 ], [ -41.372578, -8.226213 ], [ -41.372308, -8.225067 ], [ -41.372175, -8.224583 ], [ -41.371952, -8.223517 ], [ -41.37196, -8.222953 ], [ -41.371907, -8.222275 ], [ -41.371709, -8.221214 ], [ -41.371851999999897, -8.220235 ], [ -41.371868999999897, -8.218265 ], [ -41.371892, -8.217078 ], [ -41.371832, -8.216246 ], [ -41.371699, -8.215719 ], [ -41.371498, -8.215317 ], [ -41.371223, -8.215079 ], [ -41.370927, -8.214634 ], [ -41.370751, -8.214027 ], [ -41.370900999999897, -8.21356 ], [ -41.371271, -8.213207 ], [ -41.371755, -8.213139 ], [ -41.372076999999898, -8.213347 ], [ -41.37221, -8.213678 ], [ -41.372275, -8.214056 ], [ -41.372408, -8.21446 ], [ -41.372996, -8.215253 ], [ -41.373485, -8.215729 ], [ -41.373824, -8.215916 ], [ -41.374064, -8.215873 ], [ -41.374235999999897, -8.215873 ], [ -41.374811, -8.216013 ], [ -41.375469, -8.216367 ], [ -41.377082, -8.217768 ], [ -41.378241, -8.219186 ], [ -41.378953, -8.219687 ], [ -41.380138, -8.219662 ], [ -41.380842, -8.219483 ], [ -41.381966, -8.21894 ], [ -41.383262, -8.217904 ], [ -41.384653, -8.216716 ], [ -41.384867, -8.216427 ], [ -41.384953, -8.215909 ], [ -41.3878925, -8.211695599999929 ], [ -41.3922903, -8.20644409999994 ], [ -41.3992016, -8.20117909999993 ], [ -41.406465599999898, -8.19833659999995 ], [ -41.4153247, -8.19543729999998 ], [ -41.415457699999898, -8.19539359999993 ], [ -41.4155043, -8.19537839999998 ], [ -41.427561099999899, -8.19143249999996 ], [ -41.4331533, -8.192683399999961 ], [ -41.4442276, -8.19174589999994 ], [ -41.448250899999898, -8.18988779999995 ], [ -41.4499655, -8.186050699999949 ], [ -41.450407599999899, -8.182143 ], [ -41.4525685, -8.179857 ], [ -41.454754, -8.178852199999939 ], [ -41.456979499999903, -8.17850349999998 ], [ -41.4589443, -8.177703199999939 ], [ -41.4609854, -8.177099599999959 ], [ -41.4636255, -8.17690209999995 ], [ -41.4687097999999, -8.17684839999993 ], [ -41.470438, -8.17654639999995 ], [ -41.473856699999899, -8.175103299999931 ], [ -41.476211299999903, -8.174721099999941 ], [ -41.4770902, -8.173171 ], [ -41.477033999999897, -8.17190819999996 ], [ -41.4762097999999, -8.171012699999951 ], [ -41.4747968, -8.170307099999951 ], [ -41.4731871, -8.170307 ], [ -41.4718015, -8.169422 ], [ -41.4707402, -8.167788399999949 ], [ -41.470085599999898, -8.16566789999996 ], [ -41.469768299999899, -8.16318549999994 ], [ -41.4681977, -8.161724 ], [ -41.464604699999903, -8.160104099999961 ], [ -41.463366699999902, -8.15866059999996 ], [ -41.4608595999999, -8.153971699999939 ], [ -41.458716799999898, -8.14855669999997 ], [ -41.457655799999898, -8.14401149999998 ], [ -41.4575574, -8.14278719999993 ], [ -41.456100999999897, -8.14015209999997 ], [ -41.453497399999897, -8.13782269999996 ], [ -41.450460399999898, -8.13634089999994 ], [ -41.4490031999999, -8.135941699999931 ], [ -41.4467773, -8.13510569999994 ], [ -41.4441854, -8.133385499999971 ], [ -41.4416899, -8.13123 ], [ -41.4400408, -8.12960729999998 ], [ -41.437524799999899, -8.126404899999949 ], [ -41.436546399999898, -8.124647 ], [ -41.436726599999901, -8.12371129999997 ], [ -41.4399837, -8.118605 ], [ -41.441421799999901, -8.11635049999995 ], [ -41.4435652, -8.11323459999994 ], [ -41.4463499, -8.10918639999994 ], [ -41.4533259, -8.099474 ], [ -41.4545054, -8.095763599999939 ], [ -41.4392748, -8.098476099999971 ], [ -41.4388734, -8.09947939999995 ], [ -41.437602599999899, -8.10115159999998 ], [ -41.435529099999897, -8.10262309999996 ], [ -41.4335894, -8.103626399999939 ], [ -41.4297099, -8.104629699999981 ], [ -41.427101299999897, -8.10543239999993 ], [ -41.425897399999897, -8.10569989999993 ], [ -41.425228499999903, -8.10536549999995 ], [ -41.4182054, -8.10355949999996 ], [ -41.4161319, -8.10416149999998 ], [ -41.414526599999903, -8.104027699999961 ], [ -41.4131889, -8.103894 ], [ -41.4114498, -8.10355949999996 ], [ -41.4099783, -8.103358899999931 ], [ -41.4087074, -8.102556199999979 ], [ -41.407570399999898, -8.101486 ], [ -41.4066339, -8.10028209999996 ], [ -41.4045604, -8.098810599999981 ], [ -41.4029552, -8.09774039999996 ], [ -41.4008817, -8.09707149999997 ], [ -41.3996777, -8.09667019999995 ], [ -41.3981393, -8.09707149999997 ], [ -41.3968685, -8.097405899999959 ], [ -41.3947281, -8.09660329999997 ], [ -41.394393599999901, -8.09526559999995 ], [ -41.3942162, -8.09494029999996 ], [ -41.3940502, -8.094635899999959 ], [ -41.393631, -8.093867299999941 ], [ -41.393658699999897, -8.093381299999979 ], [ -41.3935978, -8.09307829999995 ], [ -41.3934494, -8.09276669999997 ], [ -41.393343699999903, -8.09241679999997 ], [ -41.393238499999903, -8.09218919999995 ], [ -41.3930424, -8.091952099999959 ], [ -41.3929654, -8.091645 ], [ -41.3929591, -8.09144319999996 ], [ -41.3929802, -8.09108019999996 ], [ -41.3930263, -8.090658299999969 ], [ -41.392854199999903, -8.09046439999997 ], [ -41.392619099999898, -8.090338 ], [ -41.3923449, -8.090286699999981 ], [ -41.392239, -8.090119499999959 ], [ -41.3919483, -8.089755599999931 ], [ -41.3916177, -8.08944159999993 ], [ -41.3914008, -8.089242799999971 ], [ -41.390796599999902, -8.08897519999994 ], [ -41.390413599999903, -8.088813399999941 ], [ -41.390177499999901, -8.088638399999979 ], [ -41.389862, -8.08842649999997 ], [ -41.389537, -8.088367799999959 ], [ -41.3886845, -8.088045499999961 ], [ -41.3880207, -8.08776269999993 ], [ -41.3876341, -8.087666599999981 ], [ -41.3873015, -8.087681 ], [ -41.3869379, -8.087698099999949 ], [ -41.386615, -8.087617799999981 ], [ -41.386211, -8.087402299999949 ], [ -41.3859745, -8.08710809999997 ], [ -41.38569, -8.08673239999996 ], [ -41.3855983999999, -8.086346 ], [ -41.3855477, -8.085990399999959 ], [ -41.385219699999901, -8.08517779999994 ], [ -41.3848854, -8.084655599999961 ], [ -41.3842445, -8.083953399999929 ], [ -41.3837723, -8.083831799999929 ], [ -41.3831041, -8.08368759999996 ], [ -41.3827044, -8.08331319999996 ], [ -41.381849299999899, -8.08281069999992 ], [ -41.3812361, -8.082402099999969 ], [ -41.3810227, -8.08215389999998 ], [ -41.381017299999897, -8.081623199999971 ], [ -41.3813446, -8.08100819999993 ], [ -41.381561, -8.080488899999979 ], [ -41.382573099999902, -8.079849 ], [ -41.383397499999901, -8.078898 ], [ -41.3835453, -8.07820739999994 ], [ -41.3835131, -8.07749489999998 ], [ -41.3833526, -8.07643069999995 ], [ -41.3833819, -8.075617699999951 ], [ -41.3839265, -8.07404589999993 ], [ -41.3842955, -8.07254059999997 ], [ -41.384437299999902, -8.07100429999997 ], [ -41.384202899999899, -8.06977819999997 ], [ -41.383629, -8.069344299999949 ], [ -41.3821905, -8.06903539999996 ], [ -41.3809373, -8.068844499999949 ], [ -41.3811694, -8.06798979999996 ], [ -41.381705199999899, -8.06601569999998 ], [ -41.3848752, -8.054337299999929 ], [ -41.3852795, -8.052848 ], [ -41.3849418, -8.053045099999959 ], [ -41.3843118, -8.053135299999949 ], [ -41.384133, -8.05259659999996 ], [ -41.3836593999999, -8.052301599999961 ], [ -41.3830257, -8.052319199999941 ], [ -41.3827181, -8.05150519999995 ], [ -41.3820057, -8.04969 ], [ -41.381651599999898, -8.048567099999961 ], [ -41.3812229, -8.04770109999993 ], [ -41.381160099999903, -8.047239699999979 ], [ -41.381061299999899, -8.046647 ], [ -41.380914, -8.046469299999959 ], [ -41.380649199999901, -8.04637939999998 ], [ -41.3801657, -8.04637029999998 ], [ -41.379685299999899, -8.046367 ], [ -41.3793406, -8.04602529999994 ], [ -41.378906099999902, -8.045722799999959 ], [ -41.3784044, -8.04536159999998 ], [ -41.378140599999902, -8.04505889999996 ], [ -41.3775767999999, -8.04467959999994 ], [ -41.377456499999901, -8.044370799999969 ], [ -41.377371299999901, -8.04421009999993 ], [ -41.3768868, -8.04405509999998 ], [ -41.376466999999899, -8.043909099999951 ], [ -41.376100199999897, -8.04357019999998 ], [ -41.3761393999999, -8.04325289999997 ], [ -41.376261199999902, -8.04288159999993 ], [ -41.3763207, -8.042601 ], [ -41.376175499999903, -8.042410199999949 ], [ -41.375887299999903, -8.041974099999949 ], [ -41.3756769, -8.04182 ], [ -41.3752942, -8.041613299999939 ], [ -41.375057399999903, -8.04143659999994 ], [ -41.3747471, -8.041118099999951 ], [ -41.374391699999897, -8.040952699999931 ], [ -41.3725701, -8.040188 ], [ -41.3715637, -8.039887299999981 ], [ -41.371413699999898, -8.03966629999996 ], [ -41.371342399999897, -8.03953059999998 ], [ -41.371156299999903, -8.03935339999992 ], [ -41.3708953, -8.039206099999941 ], [ -41.370670399999902, -8.039152599999969 ], [ -41.3704774999999, -8.03904249999994 ], [ -41.3703232, -8.03902309999995 ], [ -41.3702072, -8.03910259999998 ], [ -41.3701427, -8.03907089999996 ], [ -41.370106899999897, -8.038955099999949 ], [ -41.370095499999898, -8.03869589999994 ], [ -41.370097799999897, -8.03843749999993 ], [ -41.370019899999903, -8.038343199999931 ], [ -41.3697298, -8.038257299999939 ], [ -41.3694695, -8.038147899999959 ], [ -41.369337, -8.03804709999997 ], [ -41.369175799999901, -8.03793419999994 ], [ -41.3691218, -8.03789949999998 ], [ -41.3690773, -8.037902499999969 ], [ -41.3690304, -8.037947899999949 ], [ -41.3687657, -8.03803639999995 ], [ -41.3686839, -8.037996199999951 ], [ -41.3685517, -8.03792329999993 ], [ -41.368500299999901, -8.037814099999929 ], [ -41.3683291, -8.03770549999996 ], [ -41.368232799999902, -8.03760439999996 ], [ -41.3681664, -8.03748959999996 ], [ -41.368178199999903, -8.03739769999993 ], [ -41.368232099999901, -8.037265199999981 ], [ -41.368285399999898, -8.036956799999929 ], [ -41.3682618, -8.03668709999994 ], [ -41.3680782, -8.036457899999959 ], [ -41.3678682, -8.036392399999951 ], [ -41.367593199999902, -8.036245799999961 ], [ -41.3673711, -8.036194599999931 ], [ -41.367182399999898, -8.03618359999996 ], [ -41.3670647, -8.036111499999951 ], [ -41.3668885, -8.03600989999995 ], [ -41.3667364, -8.03594409999994 ], [ -41.366489, -8.03590279999997 ], [ -41.3662633, -8.035812899999939 ], [ -41.366138799999902, -8.03577129999996 ], [ -41.3660060999999, -8.03570049999996 ], [ -41.365853899999898, -8.03567219999996 ], [ -41.365755299999897, -8.035651 ], [ -41.3655817, -8.03552769999993 ], [ -41.365398, -8.035446 ], [ -41.3652604, -8.035416899999969 ], [ -41.365126099999898, -8.03539139999998 ], [ -41.3649492, -8.03534009999993 ], [ -41.3648264999999, -8.035316199999951 ], [ -41.364646799999903, -8.03519089999998 ], [ -41.3644798, -8.03503989999996 ], [ -41.3643124, -8.03494029999996 ], [ -41.3640475999999, -8.03483189999997 ], [ -41.3638364, -8.03475369999995 ], [ -41.363671699999898, -8.03468909999998 ], [ -41.363438599999903, -8.03460519999993 ], [ -41.3632084, -8.03453229999997 ], [ -41.3629046, -8.03439579999997 ], [ -41.3618829, -8.033994099999971 ], [ -41.361554399999903, -8.033808 ], [ -41.3611534, -8.033666199999971 ], [ -41.3609111, -8.033600599999939 ], [ -41.3606075, -8.03358779999996 ], [ -41.3604627, -8.033525499999939 ], [ -41.3599871, -8.033252699999929 ], [ -41.3598349, -8.03322829999996 ], [ -41.359754199999898, -8.03320849999994 ], [ -41.3596613, -8.033189799999951 ], [ -41.359549699999903, -8.03317479999993 ], [ -41.359381299999903, -8.03318589999998 ], [ -41.3591982, -8.033170899999959 ], [ -41.3590144, -8.033155799999969 ], [ -41.358803599999902, -8.03310269999997 ], [ -41.358578399999899, -8.033091099999981 ], [ -41.358448699999897, -8.03312909999994 ], [ -41.3583485999999, -8.033148 ], [ -41.358216899999903, -8.03317049999993 ], [ -41.358132, -8.03319669999996 ], [ -41.3580544, -8.03321529999994 ], [ -41.357990899999898, -8.033219 ], [ -41.357959, -8.033219 ], [ -41.357909199999902, -8.03321149999994 ], [ -41.3578453, -8.03320779999996 ], [ -41.357767899999899, -8.033215199999971 ], [ -41.357726899999903, -8.033241099999939 ], [ -41.3576446, -8.033298099999969 ], [ -41.3575668, -8.033339499999951 ], [ -41.357506699999902, -8.03333309999994 ], [ -41.3574406, -8.033379799999979 ], [ -41.3573819, -8.03348059999996 ], [ -41.3573216, -8.033539499999961 ], [ -41.3571787, -8.033614099999969 ], [ -41.3569555999999, -8.03372189999993 ], [ -41.3566155, -8.033976699999929 ], [ -41.349465, -8.035504799999959 ], [ -41.347226099999901, -8.03632169999997 ], [ -41.3466154, -8.036039799999971 ], [ -41.3093177, -8.018827199999979 ], [ -41.294732399999901, -8.01980709999998 ], [ -41.2941867, -8.01984289999996 ], [ -41.293530099999899, -8.019891799999931 ], [ -41.2681502, -8.02178329999998 ], [ -41.262479799999902, -8.021249099999981 ], [ -41.2535151, -8.01917689999993 ], [ -41.247149, -8.016992899999931 ], [ -41.2409459, -8.013836899999941 ], [ -41.2263897999999, -8.01115489999995 ], [ -41.2035665, -8.018318099999931 ], [ -41.1956034, -8.020396 ], [ -41.1924741999999, -8.01961649999993 ], [ -41.189681, -8.018481599999969 ], [ -41.188578, -8.016300499999939 ], [ -41.188258399999903, -8.015980599999979 ], [ -41.1874852, -8.01520659999994 ], [ -41.1866954, -8.01489249999997 ], [ -41.1846954, -8.01409709999996 ], [ -41.1825544, -8.01494489999993 ], [ -41.1808177999999, -8.01632389999997 ], [ -41.178986, -8.01848419999993 ], [ -41.177403, -8.018799199999931 ], [ -41.1703678, -8.020199399999971 ], [ -41.1631884, -8.02013789999995 ], [ -41.162126199999904, -8.01981579999995 ], [ -41.1610916, -8.018774199999941 ], [ -41.15273, -7.99468779999995 ], [ -41.1523738, -7.99366179999993 ], [ -41.1491485, -7.98437089999993 ], [ -41.148714299999902, -7.984439 ], [ -41.1480913, -7.98415039999998 ], [ -41.1472866, -7.98317129999998 ], [ -41.1463596, -7.98084079999995 ], [ -41.145660399999898, -7.97996019999994 ], [ -41.144163499999898, -7.97868359999995 ], [ -41.143436699999903, -7.97774759999993 ], [ -41.142443199999903, -7.97656609999996 ], [ -41.141514, -7.97667579999995 ], [ -41.1403845, -7.97693719999995 ], [ -41.1396275, -7.97760589999996 ], [ -41.138374999999897, -7.97976219999993 ], [ -41.1381269, -7.98014149999995 ], [ -41.1378137, -7.98062029999994 ], [ -41.1371786999999, -7.98097139999993 ], [ -41.1361974, -7.98102939999995 ], [ -41.1345567, -7.98144239999993 ], [ -41.1337672, -7.98150249999998 ], [ -41.133232, -7.981362 ], [ -41.1325338, -7.98129029999996 ], [ -41.1317362, -7.98140979999994 ], [ -41.131034999999898, -7.98137319999995 ], [ -41.1305786, -7.98114489999995 ], [ -41.130130999999899, -7.98065379999997 ], [ -41.129758, -7.98036429999996 ], [ -41.129332599999898, -7.98025089999993 ], [ -41.1285414, -7.98042239999995 ], [ -41.1275352, -7.98088659999996 ], [ -41.1269915, -7.98135559999997 ], [ -41.1263843, -7.98164239999994 ], [ -41.1249956, -7.98151559999997 ], [ -41.1246065999999, -7.98096859999993 ], [ -41.1241635, -7.98012139999997 ], [ -41.123593899999896, -7.97998549999994 ], [ -41.1228427, -7.98035829999998 ], [ -41.121634899999897, -7.98068389999997 ], [ -41.1196403, -7.98050689999997 ], [ -41.118438899999902, -7.98013189999995 ], [ -41.116769799999901, -7.98021089999997 ], [ -41.115592, -7.97996029999996 ], [ -41.113955299999901, -7.97973759999996 ], [ -41.113143099999903, -7.97972759999993 ], [ -41.112729499999901, -7.97929039999997 ], [ -41.1121726, -7.97832409999995 ], [ -41.111838599999899, -7.97732989999997 ], [ -41.111424999999898, -7.97690739999996 ], [ -41.111133299999899, -7.97646659999998 ], [ -41.1105858, -7.97581149999996 ], [ -41.109424499999903, -7.97493929999996 ], [ -41.1075299, -7.97399009999998 ], [ -41.1062558, -7.97255159999997 ], [ -41.1056303, -7.97142319999995 ], [ -41.104284, -7.96944789999998 ], [ -41.1039501999999, -7.96748639999993 ], [ -41.1041537, -7.96537849999993 ], [ -41.0809642, -7.94241049999994 ], [ -41.0777265, -7.93920369999995 ], [ -41.0769367, -7.93843639999994 ], [ -41.0762844, -7.93802419999997 ], [ -41.0754502999999, -7.93786519999998 ], [ -41.0747713, -7.93850139999995 ], [ -41.074390799999897, -7.93943679999995 ], [ -41.0743985, -7.94030889999993 ], [ -41.0746123, -7.94095939999994 ], [ -41.0746425, -7.94145909999997 ], [ -41.074255999999899, -7.94152869999994 ], [ -41.0734256, -7.94141869999993 ], [ -41.072178699999903, -7.94122219999997 ], [ -41.070048799999903, -7.94150859999996 ], [ -41.0652079, -7.94313279999994 ], [ -41.0625267, -7.94388839999993 ], [ -41.060153699999901, -7.944216 ], [ -41.060099, -7.94388979999997 ], [ -41.0599854, -7.94351129999995 ], [ -41.0598926, -7.94340379999994 ], [ -41.059331299999897, -7.94326369999993 ], [ -41.0591329, -7.94309459999994 ], [ -41.0582886, -7.94253989999993 ], [ -41.057720199999899, -7.94250369999997 ], [ -41.057467899999899, -7.94245069999994 ], [ -41.057347999999898, -7.94225789999996 ], [ -41.0571505999999, -7.94223939999995 ], [ -41.0567899, -7.94216919999997 ], [ -41.056621699999901, -7.94205669999997 ], [ -41.0566089, -7.94182669999998 ], [ -41.0565918, -7.94170319999995 ], [ -41.0563958, -7.94156429999992 ], [ -41.0561559, -7.94158489999995 ], [ -41.055818, -7.94152749999995 ], [ -41.055381399999902, -7.94136689999993 ], [ -41.055028299999897, -7.94158059999995 ], [ -41.0546294, -7.94178429999994 ], [ -41.054287299999899, -7.94176509999994 ], [ -41.053976, -7.94173979999994 ], [ -41.0539395, -7.94165009999995 ], [ -41.0539615, -7.94144329999995 ], [ -41.053907299999899, -7.94124719999996 ], [ -41.0536883, -7.94104529999993 ], [ -41.0534271, -7.94111819999995 ], [ -41.0531372, -7.94098859999997 ], [ -41.0528787, -7.94071659999997 ], [ -41.052579, -7.94048039999996 ], [ -41.0521825, -7.94022809999996 ], [ -41.051766, -7.93980279999994 ], [ -41.051392099999902, -7.93928789999995 ], [ -41.0512368, -7.93898239999993 ], [ -41.051089299999902, -7.93856809999994 ], [ -41.0508604, -7.93804029999995 ], [ -41.0506151, -7.93728669999996 ], [ -41.050655699999901, -7.93689759999995 ], [ -41.050648899999899, -7.93644079999996 ], [ -41.0504663, -7.935938 ], [ -41.0499445, -7.93559249999993 ], [ -41.0496615, -7.93534029999995 ], [ -41.0493948, -7.93502779999994 ], [ -41.049117399999901, -7.93478489999995 ], [ -41.0487007, -7.93436849999995 ], [ -41.0485317, -7.93422949999996 ], [ -41.0483325, -7.934149 ], [ -41.048097299999903, -7.93413579999998 ], [ -41.0478204, -7.93428439999997 ], [ -41.047590899999904, -7.93430809999995 ], [ -41.047444, -7.93421569999998 ], [ -41.047209199999898, -7.93409209999993 ], [ -41.0468723, -7.93395289999995 ], [ -41.046534, -7.93385469999993 ], [ -41.0459403, -7.93372059999996 ], [ -41.0455661, -7.933754 ], [ -41.0452114, -7.93379509999994 ], [ -41.044656599999897, -7.93363669999997 ], [ -41.0440761, -7.93336709999994 ], [ -41.043534399999899, -7.93308479999996 ], [ -41.043325, -7.93285079999993 ], [ -41.043313, -7.93250319999993 ], [ -41.0431867, -7.932308 ], [ -41.0431121, -7.93206269999996 ], [ -41.0431449, -7.93186469999995 ], [ -41.0431618, -7.93159919999994 ], [ -41.043100099999897, -7.93126029999996 ], [ -41.0431024, -7.93091419999996 ], [ -41.0433492, -7.93054609999996 ], [ -41.043381399999902, -7.93042539999993 ], [ -41.0434715, -7.92999719999995 ], [ -41.0436222, -7.92949889999994 ], [ -41.0436525, -7.929136 ], [ -41.0435236, -7.92871479999997 ], [ -41.043369299999902, -7.92849349999995 ], [ -41.0432134, -7.92813409999997 ], [ -41.043124099999901, -7.92787119999997 ], [ -41.0431214, -7.92749019999997 ], [ -41.0430655, -7.92720879999996 ], [ -41.0430807, -7.92688609999993 ], [ -41.0430976, -7.92648819999994 ], [ -41.043131699999897, -7.92620609999994 ], [ -41.0431983, -7.92599879999995 ], [ -41.0431669, -7.92592439999993 ], [ -41.0430319, -7.92583319999994 ], [ -41.042699599999899, -7.92583719999993 ], [ -41.0424585, -7.92587689999993 ], [ -41.042273, -7.92578309999993 ], [ -41.042187199999901, -7.92570139999998 ], [ -41.0419821999999, -7.92563269999994 ], [ -41.0419173, -7.925537 ], [ -41.0418852, -7.92538639999998 ], [ -41.0417045, -7.92522139999994 ], [ -41.0415586, -7.92520379999996 ], [ -41.0412453, -7.92544239999995 ], [ -41.0410701, -7.92548049999994 ], [ -41.040984799999897, -7.92535929999997 ], [ -41.0409008, -7.92517689999994 ], [ -41.0407756, -7.92507309999996 ], [ -41.040609199999899, -7.92503359999995 ], [ -41.0404437, -7.92504109999993 ], [ -41.0403563, -7.92509619999993 ], [ -41.040167499999903, -7.92527609999996 ], [ -41.040009199999901, -7.92532109999996 ], [ -41.0395756, -7.92487939999995 ], [ -41.039418199999901, -7.92451119999993 ], [ -41.0393506999999, -7.92435339999997 ], [ -41.039185099999898, -7.92425279999998 ], [ -41.0390695, -7.92413429999993 ], [ -41.0389812, -7.92388309999995 ], [ -41.0388619, -7.92363469999998 ], [ -41.0388268, -7.92356159999997 ], [ -41.0386715, -7.92323639999995 ], [ -41.0384407, -7.92284939999996 ], [ -41.038280799999903, -7.92252549999995 ], [ -41.0381967, -7.92201359999996 ], [ -41.0381287, -7.92169609999996 ], [ -41.0380885, -7.92114719999995 ], [ -41.0380828999999, -7.92083669999994 ], [ -41.0380661, -7.92050179999995 ], [ -41.037950599999903, -7.91988029999993 ], [ -41.037860099999897, -7.91964989999997 ], [ -41.037618699999904, -7.91956409999995 ], [ -41.037410599999902, -7.91951919999997 ], [ -41.0370662, -7.91945519999996 ], [ -41.0367805, -7.919416 ], [ -41.0364058, -7.91932089999995 ], [ -41.0361492, -7.91922969999996 ], [ -41.035804, -7.919233 ], [ -41.0355845, -7.91928359999997 ], [ -41.0352098, -7.91929639999995 ], [ -41.0348273, -7.91918309999994 ], [ -41.0341155, -7.91904969999996 ], [ -41.0334448, -7.91880639999994 ], [ -41.0330587999999, -7.91873359999994 ], [ -41.0324062, -7.91871909999998 ], [ -41.031898899999902, -7.91863919999997 ], [ -41.031437299999901, -7.918541 ], [ -41.031264599999901, -7.91843389999997 ], [ -41.0311033999999, -7.91804709999997 ], [ -41.031045999999897, -7.91771679999994 ], [ -41.031089199999897, -7.91748909999995 ], [ -41.0313039, -7.91720919999995 ], [ -41.0315601, -7.91668679999998 ], [ -41.031708, -7.916501 ], [ -41.031961, -7.91639 ], [ -41.032503399999896, -7.91636219999998 ], [ -41.0333949, -7.91638919999997 ], [ -41.0338499, -7.91634879999998 ], [ -41.0342219, -7.91620989999996 ], [ -41.0343887, -7.91602679999994 ], [ -41.034483, -7.91570889999997 ], [ -41.0346196, -7.91541839999996 ], [ -41.0346301, -7.91519269999998 ], [ -41.0345210999999, -7.91493639999993 ], [ -41.0345108, -7.91442119999994 ], [ -41.034554899999897, -7.91406609999996 ], [ -41.034667399999897, -7.91350959999994 ], [ -41.034725799999897, -7.91311779999995 ], [ -41.034666199999897, -7.91276349999993 ], [ -41.034603699999899, -7.912347 ], [ -41.0346653, -7.91190749999993 ], [ -41.0348131, -7.91170519999997 ], [ -41.035017099999898, -7.91168129999994 ], [ -41.0354546, -7.91163729999994 ], [ -41.0360355, -7.91142509999997 ], [ -41.0361905, -7.91135809999997 ], [ -41.036402699999897, -7.91123839999995 ], [ -41.036614299999897, -7.91095009999998 ], [ -41.036721699999902, -7.91070649999995 ], [ -41.037012499999904, -7.91051219999997 ], [ -41.0374734, -7.910069 ], [ -41.037956199999897, -7.90965029999995 ], [ -41.0383732, -7.90927329999994 ], [ -41.038566499999902, -7.90909719999996 ], [ -41.0387597, -7.90892109999993 ], [ -41.0389473, -7.90858319999995 ], [ -41.039118, -7.90835479999993 ], [ -41.039493299999897, -7.90789819999998 ], [ -41.0397082, -7.90748959999996 ], [ -41.039938999999897, -7.90720429999993 ], [ -41.0402798, -7.90684629999993 ], [ -41.0404444, -7.90644539999994 ], [ -41.0406374, -7.90580929999993 ], [ -41.040759599999902, -7.90530279999996 ], [ -41.040897399999899, -7.90490539999996 ], [ -41.0410037, -7.90462559999997 ], [ -41.041304099999898, -7.90394809999998 ], [ -41.041332699999899, -7.90359949999993 ], [ -41.0412954, -7.90321769999997 ], [ -41.0411965, -7.90273219999995 ], [ -41.0412031, -7.90223829999996 ], [ -41.0413043, -7.90176479999997 ], [ -41.041478799999901, -7.90113579999996 ], [ -41.041616099999899, -7.90070009999994 ], [ -41.0418801, -7.90008769999997 ], [ -41.0420943, -7.89957049999998 ], [ -41.0423038, -7.89895849999994 ], [ -41.042419799999898, -7.89850239999993 ], [ -41.0427296, -7.89774069999993 ], [ -41.0429116, -7.89731019999994 ], [ -41.043046699999898, -7.896849 ], [ -41.0432615, -7.89654249999995 ], [ -41.043489599999901, -7.89638969999993 ], [ -41.043728499999901, -7.89639859999994 ], [ -41.0439656, -7.89654509999997 ], [ -41.0442006, -7.896568 ], [ -41.0445098, -7.896652 ], [ -41.0449824, -7.89692869999993 ], [ -41.0453196, -7.89715039999993 ], [ -41.045451699999902, -7.89729739999996 ], [ -41.045459799999897, -7.89746719999994 ], [ -41.045473399999899, -7.89791729999996 ], [ -41.045495, -7.89824239999996 ], [ -41.045582, -7.89839969999997 ], [ -41.045766699999902, -7.89853839999995 ], [ -41.045946399999899, -7.89860349999998 ], [ -41.0462828, -7.89858739999994 ], [ -41.0464787, -7.89852559999997 ], [ -41.0468546, -7.89847569999995 ], [ -41.0471838, -7.898508 ], [ -41.0478143, -7.89838709999998 ], [ -41.0485126, -7.898349 ], [ -41.0492139, -7.89849729999997 ], [ -41.049510199999901, -7.89863819999994 ], [ -41.049685699999898, -7.89859139999993 ], [ -41.0496924, -7.89815349999998 ], [ -41.0497301, -7.89740469999998 ], [ -41.0497678, -7.89665579999996 ], [ -41.0496987, -7.895574 ], [ -41.0495693, -7.89414549999998 ], [ -41.0494335, -7.89311349999997 ], [ -41.049335299999903, -7.89190119999995 ], [ -41.049249099999898, -7.89137409999995 ], [ -41.0491312999999, -7.89041489999994 ], [ -41.0491302, -7.88964619999996 ], [ -41.049052699999898, -7.88886519999994 ], [ -41.0489344, -7.88806879999993 ], [ -41.048841, -7.887548 ], [ -41.0486524, -7.88693869999997 ], [ -41.048394599999902, -7.88650479999995 ], [ -41.0483361, -7.88623149999995 ], [ -41.0482764, -7.88589279999997 ], [ -41.048042, -7.88557579999997 ], [ -41.047512, -7.88538109999996 ], [ -41.0470245, -7.88516849999996 ], [ -41.046910399999902, -7.88503169999996 ], [ -41.0467226, -7.88498509999994 ], [ -41.0462562, -7.884941 ], [ -41.0460107, -7.884911 ], [ -41.045764399999896, -7.88500529999993 ], [ -41.0453325, -7.88514939999993 ], [ -41.0445179, -7.88504059999997 ], [ -41.043726799999902, -7.88495169999993 ], [ -41.043213799999897, -7.88480119999997 ], [ -41.0429642, -7.88460609999993 ], [ -41.042587099999899, -7.88425129999996 ], [ -41.0422447, -7.88396019999993 ], [ -41.041970799999902, -7.88372389999995 ], [ -41.0416174, -7.88354879999997 ], [ -41.0412655, -7.88319269999994 ], [ -41.0411898, -7.88305869999994 ], [ -41.041234099999897, -7.88286179999994 ], [ -41.041310699999897, -7.88275289999996 ], [ -41.041353, -7.882707 ], [ -41.0415149, -7.88250409999995 ], [ -41.041472499999898, -7.88219309999994 ], [ -41.0410158, -7.88113549999997 ], [ -41.0406206, -7.88034519999997 ], [ -41.0403891999999, -7.87962189999996 ], [ -41.0401586, -7.87927329999997 ], [ -41.0397131, -7.87898809999996 ], [ -41.0394105, -7.87891629999996 ], [ -41.0387582, -7.87852569999995 ], [ -41.038446099999902, -7.87829529999993 ], [ -41.038066399999899, -7.87819139999993 ], [ -41.037513499999903, -7.87806879999994 ], [ -41.0369623, -7.87799539999997 ], [ -41.0362464, -7.87778859999997 ], [ -41.035933199999903, -7.87759749999998 ], [ -41.0357915, -7.87737539999995 ], [ -41.0356173, -7.87702519999993 ], [ -41.0355711999999, -7.87672139999995 ], [ -41.0356374, -7.87623739999998 ], [ -41.035712299999901, -7.87532539999995 ], [ -41.035896299999898, -7.87456959999997 ], [ -41.035942299999903, -7.87387989999996 ], [ -41.035895599999897, -7.87316189999996 ], [ -41.0359129, -7.87270879999994 ], [ -41.0360952, -7.87219839999995 ], [ -41.0360067, -7.87205859999995 ], [ -41.035880899999903, -7.87188569999995 ], [ -41.0359941, -7.871703 ], [ -41.0362588, -7.87115639999996 ], [ -41.0364996, -7.87052039999998 ], [ -41.036748499999902, -7.86940919999995 ], [ -41.037013, -7.867939 ], [ -41.0371805, -7.86685919999996 ], [ -41.0372603, -7.86608279999996 ], [ -41.037350499999903, -7.865287 ], [ -41.037331499999901, -7.86490719999995 ], [ -41.037201799999899, -7.86440389999996 ], [ -41.0369423, -7.86407039999995 ], [ -41.036859299999897, -7.86387219999995 ], [ -41.036324599999901, -7.86371869999994 ], [ -41.0359017, -7.86360879999995 ], [ -41.0353246, -7.86358909999996 ], [ -41.0347083, -7.86358059999998 ], [ -41.0342446, -7.86363539999996 ], [ -41.0338616, -7.86373539999994 ], [ -41.0333448, -7.86364469999995 ], [ -41.0330096, -7.86353939999998 ], [ -41.0324089, -7.863114 ], [ -41.0315656, -7.86249209999994 ], [ -41.0313391, -7.862261 ], [ -41.031105399999902, -7.86202049999997 ], [ -41.030807599999903, -7.861699 ], [ -41.030734299999899, -7.86118609999994 ], [ -41.0307571, -7.86060979999996 ], [ -41.0307, -7.86015389999994 ], [ -41.0304194, -7.859669 ], [ -41.029857499999899, -7.85891559999993 ], [ -41.0293275, -7.85833339999994 ], [ -41.028944099999897, -7.85789909999994 ], [ -41.0285608, -7.85755109999997 ], [ -41.0282946, -7.85730859999995 ], [ -41.0279712, -7.85708259999996 ], [ -41.027573399999902, -7.85695 ], [ -41.0273346, -7.85694619999998 ], [ -41.0267143, -7.85687209999998 ], [ -41.0262607, -7.85685959999995 ], [ -41.025637699999898, -7.85688489999995 ], [ -41.025297099999896, -7.85683649999993 ], [ -41.024969999999897, -7.85673959999997 ], [ -41.0247631, -7.85649559999996 ], [ -41.0245676, -7.85629609999995 ], [ -41.0241363, -7.85597359999997 ], [ -41.0235906, -7.85547529999997 ], [ -41.0234298, -7.85527949999994 ], [ -41.0233133999999, -7.85503389999997 ], [ -41.023195799999897, -7.85472219999997 ], [ -41.022991299999902, -7.85449849999998 ], [ -41.022809499999902, -7.85427739999994 ], [ -41.022704099999899, -7.85402989999994 ], [ -41.022636799999901, -7.85391169999997 ], [ -41.022688, -7.85378859999997 ], [ -41.0227487, -7.85358529999996 ], [ -41.0227283, -7.85344 ], [ -41.022425199999901, -7.85298249999994 ], [ -41.0220279, -7.85255089999993 ], [ -41.021675, -7.85237169999994 ], [ -41.0212437, -7.852342 ], [ -41.0210321, -7.852242 ], [ -41.0207454, -7.85210029999996 ], [ -41.0202618, -7.852008 ], [ -41.0190789, -7.85180089999994 ], [ -41.018267299999899, -7.85165909999995 ], [ -41.017464899999901, -7.85141709999994 ], [ -41.016778499999901, -7.85124819999993 ], [ -41.015933699999898, -7.851414 ], [ -41.0148747, -7.85151769999993 ], [ -41.014315199999899, -7.851677 ], [ -41.013584799999897, -7.85191479999997 ], [ -41.0131479, -7.85205259999998 ], [ -41.0123354, -7.85237929999994 ], [ -41.011495, -7.85271439999997 ], [ -41.010652299999897, -7.85290169999996 ], [ -41.0095805999999, -7.85330809999994 ], [ -41.009048199999903, -7.85352219999993 ], [ -41.0085457, -7.853621 ], [ -41.0078993, -7.853686 ], [ -41.0069162, -7.85372889999996 ], [ -41.006606299999902, -7.85377909999994 ], [ -41.006137, -7.85379079999996 ], [ -41.005541999999899, -7.85381179999996 ], [ -41.005311699999901, -7.85388359999996 ], [ -41.0046933, -7.85398819999995 ], [ -41.004186499999904, -7.85395949999997 ], [ -41.003629799999899, -7.853896 ], [ -41.0030709, -7.85396379999997 ], [ -41.0025439, -7.85414539999994 ], [ -41.0022271, -7.85415339999997 ], [ -41.001820699999897, -7.85428269999994 ], [ -41.0012783, -7.85456749999997 ], [ -41.0006395999999, -7.85494649999993 ], [ -40.9999586, -7.85528169999998 ], [ -40.9996679, -7.85549049999997 ], [ -40.9994794, -7.855551 ], [ -40.9992738, -7.85555 ], [ -40.999126499999903, -7.85557829999993 ], [ -40.9989538, -7.855747 ], [ -40.998759499999899, -7.85607089999996 ], [ -40.998497299999897, -7.85665759999995 ], [ -40.9982681, -7.85727429999997 ], [ -40.9979437, -7.85797039999994 ], [ -40.9976285, -7.85835759999998 ], [ -40.9973201, -7.85884209999995 ], [ -40.9971738, -7.85924789999996 ], [ -40.9971078, -7.859718 ], [ -40.9970777, -7.86026119999997 ], [ -40.9971465, -7.86058009999994 ], [ -40.9973282, -7.86093739999995 ], [ -40.9974048, -7.86142129999996 ], [ -40.9973788, -7.86172389999996 ], [ -40.9971985, -7.86193869999994 ], [ -40.9969328, -7.862092 ], [ -40.9965902, -7.86228449999993 ], [ -40.9960771, -7.86263389999993 ], [ -40.995551, -7.863169 ], [ -40.9948888, -7.86367319999994 ], [ -40.994537599999902, -7.86402059999995 ], [ -40.9942783, -7.86439 ], [ -40.9941722, -7.86456109999995 ], [ -40.993997299999897, -7.86468429999996 ], [ -40.9938116, -7.86480909999995 ], [ -40.9936481, -7.864946 ], [ -40.9936001, -7.86505389999996 ], [ -40.9935032, -7.86508269999996 ], [ -40.9932469, -7.86502129999997 ], [ -40.9929433, -7.86496009999996 ], [ -40.9926383, -7.86505079999995 ], [ -40.992427099999901, -7.865257 ], [ -40.992084799999901, -7.86546069999997 ], [ -40.991879099999899, -7.865466 ], [ -40.9918433, -7.86525589999997 ], [ -40.991865899999901, -7.86499549999996 ], [ -40.9919103, -7.864931 ], [ -40.991913, -7.86481539999994 ], [ -40.9918574, -7.86468429999996 ], [ -40.9917288, -7.86465409999994 ], [ -40.991007399999901, -7.86465789999994 ], [ -40.990423399999898, -7.86467709999994 ], [ -40.9901351, -7.86467839999995 ], [ -40.989846699999902, -7.86467979999998 ], [ -40.989362899999897, -7.86460279999994 ], [ -40.9892068, -7.864441 ], [ -40.989190999999899, -7.86410579999995 ], [ -40.989052699999903, -7.86356949999993 ], [ -40.9891843999999, -7.86332609999994 ], [ -40.989174499999898, -7.86307739999995 ], [ -40.989065599999897, -7.86270859999996 ], [ -40.9889226, -7.86253369999997 ], [ -40.9887065, -7.86250009999998 ], [ -40.9885495, -7.86255789999996 ], [ -40.9883755, -7.86268329999996 ], [ -40.9882708, -7.86287069999997 ], [ -40.9881212, -7.86301649999996 ], [ -40.9879008, -7.863054 ], [ -40.987622499999901, -7.86306569999994 ], [ -40.9874344, -7.863075 ], [ -40.9867889, -7.86279609999997 ], [ -40.986570599999901, -7.86276389999995 ], [ -40.9863693, -7.86279739999998 ], [ -40.9861243, -7.86277789999997 ], [ -40.9856306, -7.86254569999994 ], [ -40.985375099999899, -7.86252019999995 ], [ -40.9852820999999, -7.86255819999997 ], [ -40.984823499999898, -7.86265129999992 ], [ -40.9844122, -7.86268629999995 ], [ -40.9839881, -7.86268329999996 ], [ -40.983455299999903, -7.862697 ], [ -40.9830444, -7.86264069999993 ], [ -40.9827427, -7.86266969999997 ], [ -40.982466299999899, -7.86255909999994 ], [ -40.982265599999899, -7.86250629999995 ], [ -40.9821226, -7.86246979999993 ], [ -40.981955099999901, -7.86248139999998 ], [ -40.9818596, -7.86247649999996 ], [ -40.981826199999901, -7.86243689999998 ], [ -40.9817204, -7.86237269999998 ], [ -40.9815621, -7.86227129999997 ], [ -40.981564299999903, -7.86221309999996 ], [ -40.9815338, -7.86215229999993 ], [ -40.981490199999897, -7.86209219999995 ], [ -40.9814608, -7.86197369999996 ], [ -40.9815302, -7.86168479999998 ], [ -40.9815795, -7.86121529999997 ], [ -40.9814914, -7.86101349999996 ], [ -40.9813755, -7.86071689999994 ], [ -40.981343, -7.86059279999995 ], [ -40.9812433, -7.86049169999995 ], [ -40.9811417, -7.86004 ], [ -40.9810517, -7.85978359999996 ], [ -40.980798, -7.85964819999998 ], [ -40.9799563, -7.85919889999997 ], [ -40.9589978999999, -7.84801169999997 ], [ -40.940970799999903, -7.87977839999996 ], [ -40.9084812, -7.90339749999993 ], [ -40.8964629, -7.909256 ], [ -40.896446099999899, -7.90926419999994 ], [ -40.8822463, -7.91618619999997 ], [ -40.8550686, -7.92261919999993 ], [ -40.8522998, -7.9388 ], [ -40.851970499999901, -7.94072419999998 ], [ -40.793651399999902, -7.97984809999997 ], [ -40.7653243, -7.98483439999995 ], [ -40.725499199999902, -8.01194779999997 ], [ -40.723211499999898, -8.013505299999959 ], [ -40.7056588, -8.02545589999994 ], [ -40.705660099999903, -8.02545569999995 ], [ -40.7058637, -8.025430099999941 ], [ -40.7064786, -8.02544359999996 ], [ -40.7073928, -8.025463799999949 ], [ -40.7148103, -8.02562729999994 ], [ -40.721624, -8.025777599999969 ], [ -40.7261769, -8.025878 ], [ -40.726520999999899, -8.025885599999979 ], [ -40.7341385, -8.026044799999969 ], [ -40.7772813999999, -8.02694649999995 ], [ -40.7929194, -8.023164 ], [ -40.7949517, -8.023841399999981 ], [ -40.7969841, -8.02395439999998 ], [ -40.7991858, -8.02406729999996 ], [ -40.8009359, -8.02463179999995 ], [ -40.8030812, -8.02609959999995 ], [ -40.8050570999999, -8.02773679999996 ], [ -40.805791, -8.02948689999994 ], [ -40.8070895, -8.03101119999997 ], [ -40.808670199999902, -8.03163219999993 ], [ -40.8100252, -8.03163219999993 ], [ -40.8107026, -8.031293499999951 ], [ -40.8112672, -8.03067249999998 ], [ -40.8117753, -8.030164399999929 ], [ -40.8125656, -8.030616 ], [ -40.8136947, -8.03197089999998 ], [ -40.8147109, -8.033551699999981 ], [ -40.8157835, -8.03485009999997 ], [ -40.8166868, -8.034680799999929 ], [ -40.8180417, -8.03439849999995 ], [ -40.8188321, -8.034680799999929 ], [ -40.8215418999999, -8.035809899999951 ], [ -40.8233485, -8.03609209999996 ], [ -40.824421099999903, -8.03569689999995 ], [ -40.8255502, -8.034906599999941 ], [ -40.826397, -8.03377749999993 ], [ -40.827130899999901, -8.03326939999994 ], [ -40.8468453999999, -8.04174139999998 ], [ -40.8468639, -8.04175189999995 ], [ -40.846907, -8.041767799999951 ], [ -40.8470435, -8.04182649999996 ], [ -40.8652943, -8.04966949999994 ], [ -40.864348699999901, -8.049923499999981 ], [ -40.863459599999899, -8.05054449999994 ], [ -40.8625422, -8.05089739999994 ], [ -40.86178, -8.05067159999993 ], [ -40.861032, -8.05009289999998 ], [ -40.8602981, -8.04989529999995 ], [ -40.8599311, -8.050121099999959 ], [ -40.859889199999898, -8.05110429999996 ], [ -40.8603156, -8.05460079999995 ], [ -40.8604008, -8.05852369999997 ], [ -40.859889199999898, -8.061167399999929 ], [ -40.8591216, -8.06398159999998 ], [ -40.859548, -8.06509029999995 ], [ -40.8596333, -8.06654 ], [ -40.8591216, -8.068757299999961 ], [ -40.858013, -8.07088929999998 ], [ -40.857927699999898, -8.07285069999995 ], [ -40.858865799999897, -8.075409199999971 ], [ -40.8603156, -8.077455899999959 ], [ -40.8625329, -8.07890559999993 ], [ -40.8633004, -8.079929 ], [ -40.8642384999999, -8.081719899999939 ], [ -40.8661999, -8.082316799999941 ], [ -40.869184699999899, -8.082658 ], [ -40.8709756, -8.083169599999961 ], [ -40.872681199999903, -8.085131099999961 ], [ -40.8733634, -8.087263099999969 ], [ -40.873704599999897, -8.089736199999949 ], [ -40.8738751, -8.09127129999996 ], [ -40.8738751, -8.09289159999997 ], [ -40.9022368, -8.07753239999994 ], [ -40.9036379, -8.076773599999971 ], [ -40.9162593, -8.081634599999971 ], [ -40.9191589, -8.08709249999993 ], [ -40.9218878, -8.091356499999961 ], [ -40.9249579, -8.094767699999981 ], [ -40.9289661, -8.09741139999994 ], [ -40.9323773, -8.097923099999949 ], [ -40.9366413, -8.098093699999939 ], [ -40.940905299999898, -8.097070299999929 ], [ -40.9506272, -8.092550499999961 ], [ -40.958613, -8.088283 ], [ -40.958651, -8.088615 ], [ -40.958857, -8.08898 ], [ -40.959248, -8.089324 ], [ -40.959454, -8.089587 ], [ -40.959553, -8.089843 ], [ -40.959531, -8.090089 ], [ -40.959171, -8.090985 ], [ -40.959132, -8.091508 ], [ -40.959291, -8.092483 ], [ -40.959617, -8.093315 ], [ -40.959719999999898, -8.093969 ], [ -40.959359, -8.094334 ], [ -40.959008, -8.094614 ], [ -40.958939, -8.095141 ], [ -40.959926, -8.096661 ], [ -40.960227, -8.096834 ], [ -40.960528, -8.096749 ], [ -40.961193, -8.096299 ], [ -40.961897, -8.096294 ], [ -40.962741, -8.09658 ], [ -40.963458, -8.09698 ], [ -40.963702, -8.097247 ], [ -40.963767, -8.097578 ], [ -40.963732, -8.097846 ], [ -40.963488, -8.098028 ], [ -40.962853, -8.098232 ], [ -40.962733, -8.098565 ], [ -40.96275, -8.099006 ], [ -40.963033, -8.099771 ], [ -40.963591, -8.100666 ], [ -40.963656, -8.101266 ], [ -40.96336, -8.102434 ], [ -40.963034, -8.102876 ], [ -40.961913, -8.103525 ], [ -40.960346, -8.104782 ], [ -40.960076, -8.105389 ], [ -40.959924, -8.10688 ], [ -40.967587299999899, -8.10788319999995 ], [ -40.9672168, -8.110085799999981 ], [ -40.9667153, -8.112135 ], [ -40.9662185, -8.115551 ], [ -40.9656381, -8.11796709999993 ], [ -40.9656628, -8.11997309999998 ], [ -40.966172, -8.12362849999994 ], [ -40.9643646, -8.124838699999939 ], [ -40.9626914, -8.124770799999959 ], [ -40.9610764, -8.12565419999993 ], [ -40.9602765, -8.12645639999994 ], [ -40.9602677, -8.12646269999993 ], [ -40.959649899999903, -8.12668729999996 ], [ -40.9591512, -8.12690949999995 ], [ -40.9582023, -8.12754549999994 ], [ -40.9570634, -8.12790739999997 ], [ -40.9561538, -8.128439899999931 ], [ -40.96534, -8.132904399999971 ], [ -40.977900799999901, -8.137731699999961 ], [ -40.9807577999999, -8.136549499999941 ], [ -40.9850432, -8.11861959999993 ], [ -40.990166, -8.11871809999997 ], [ -40.9929245, -8.11999879999996 ], [ -40.9953381, -8.12039289999996 ], [ -40.9979488, -8.120343599999959 ], [ -41.002529799999898, -8.120097299999941 ], [ -41.007554099999901, -8.120097299999941 ], [ -41.0140069, -8.119752499999951 ], [ -41.0159772, -8.120097299999941 ], [ -41.0169624, -8.12078689999993 ], [ -41.0188342, -8.122708 ], [ -41.0214941, -8.126451599999941 ], [ -41.0235137, -8.12921 ], [ -41.0250407, -8.13191919999997 ], [ -41.0264692, -8.13388959999997 ], [ -41.027799199999897, -8.13571209999998 ], [ -41.032281699999899, -8.13669729999998 ], [ -41.033562399999902, -8.136845 ], [ -41.034394, -8.13664339999997 ], [ -41.0351879, -8.136451 ], [ -41.0369612, -8.13615539999995 ], [ -41.037995599999903, -8.13605689999997 ], [ -41.040085599999898, -8.136216599999949 ], [ -41.042761799999901, -8.13610859999994 ], [ -41.044992, -8.135916299999961 ], [ -41.046337799999897, -8.13587789999997 ], [ -41.0469146, -8.135916299999961 ], [ -41.0472991, -8.136031699999929 ], [ -41.049721599999899, -8.13826189999997 ], [ -41.0511058, -8.13983839999997 ], [ -41.052836199999902, -8.141222699999959 ], [ -41.0552971, -8.14364519999998 ], [ -41.057065899999898, -8.145721499999979 ], [ -41.058911599999902, -8.148874599999941 ], [ -41.0604496, -8.152835099999949 ], [ -41.0610257, -8.154516699999929 ], [ -41.0711798, -8.163390599999961 ], [ -41.0736039, -8.16550909999995 ], [ -41.0878657, -8.18828759999997 ], [ -41.091241399999902, -8.19517219999994 ], [ -41.0937104, -8.200207699999959 ], [ -41.093922, -8.20033829999994 ], [ -41.094029299999903, -8.20040449999993 ], [ -41.094172199999903, -8.200492699999931 ], [ -41.0942173, -8.20052049999993 ], [ -41.1026184, -8.205705899999939 ], [ -41.1092975, -8.21023339999994 ], [ -41.1143977999999, -8.213905699999939 ], [ -41.11705, -8.215537799999939 ], [ -41.1244965, -8.221760199999951 ], [ -41.1268616999999, -8.224654299999941 ], [ -41.127711299999902, -8.22589589999995 ], [ -41.1316323, -8.22903269999995 ], [ -41.138298, -8.23360729999996 ], [ -41.1410427, -8.234979599999971 ], [ -41.142219, -8.236221299999951 ], [ -41.1437874, -8.240142299999951 ], [ -41.1445715999999, -8.24184139999994 ], [ -41.145878599999897, -8.243736499999949 ], [ -41.1475778, -8.245108899999931 ], [ -41.1499304, -8.245697 ], [ -41.1520216, -8.24648119999995 ], [ -41.154896999999899, -8.24791889999995 ], [ -41.1562693, -8.24961809999996 ], [ -41.161824099999897, -8.250271599999961 ], [ -41.162739, -8.251382499999981 ], [ -41.1643074, -8.25419259999995 ], [ -41.1665982, -8.25716659999995 ], [ -41.166724299999899, -8.25733029999998 ] ] ] ] } },
{ "type": "Feature", "properties": { "CD_MUN": "2207777", "NM_MUN": "Patos do Piauí", "CD_RGI": "220010", "NM_RGI": "Paulistana", "CD_RGINT": "2203", "NM_RGINT": "Picos", "CD_UF": "22", "NM_UF": "Piauí", "SIGLA_UF": "PI", "CD_REGIAO": "2", "NM_REGIAO": "Nordeste", "SIGLA_RG": "NE", "CD_CONCURB": null, "NM_CONCURB": null, "AREA_KM2": 801.403 }, "geometry": { "type": "MultiPolygon", "coordinates": [ [ [ [ -41.1570125, -7.62029389999998 ], [ -41.1452972, -7.62844 ], [ -41.145133299999898, -7.62855389999993 ], [ -41.093309799999901, -7.64129 ], [ -41.088551799999898, -7.641989 ], [ -41.0641859, -7.64556889999994 ], [ -41.0646, -7.64834049999996 ], [ -41.067573599999903, -7.67458879999998 ], [ -41.0894665, -7.70433349999996 ], [ -41.0955655, -7.71262 ], [ -41.0955721999999, -7.71262909999996 ], [ -41.097872, -7.71575369999994 ], [ -41.098242899999903, -7.72041169999994 ], [ -41.0982607, -7.72063449999996 ], [ -41.099469999999897, -7.73857329999993 ], [ -41.100804799999899, -7.73870049999994 ], [ -41.10581, -7.73917709999995 ], [ -41.1248472, -7.74099 ], [ -41.150292299999897, -7.76073939999998 ], [ -41.1603129, -7.75711319999994 ], [ -41.1692833, -7.75386689999993 ], [ -41.188421199999901, -7.74578039999994 ], [ -41.188348699999899, -7.74575389999995 ], [ -41.1882289, -7.74570969999996 ], [ -41.1881296, -7.74561489999996 ], [ -41.188069799999901, -7.74549709999997 ], [ -41.1879589, -7.74535809999998 ], [ -41.187827599999899, -7.74522639999998 ], [ -41.187737899999902, -7.74518789999996 ], [ -41.187648099999898, -7.74514929999998 ], [ -41.1874869, -7.74505889999995 ], [ -41.1873532, -7.74492319999996 ], [ -41.1870564, -7.74468759999996 ], [ -41.186856299999903, -7.74459459999997 ], [ -41.1866142, -7.74455609999995 ], [ -41.1862351, -7.74432929999995 ], [ -41.1859499, -7.74417159999996 ], [ -41.185698699999897, -7.74397439999996 ], [ -41.185555399999899, -7.743836 ], [ -41.1852521, -7.74361629999993 ], [ -41.1847154, -7.74331569999993 ], [ -41.1845173, -7.74319789999993 ], [ -41.184294099999903, -7.74309469999997 ], [ -41.184047099999901, -7.74303069999996 ], [ -41.1839408, -7.74304739999997 ], [ -41.1835072, -7.743114 ], [ -41.183324599999899, -7.74305249999998 ], [ -41.182989899999903, -7.74282779999993 ], [ -41.1826162, -7.74259 ], [ -41.182343499999902, -7.74244739999995 ], [ -41.182012, -7.74234079999997 ], [ -41.181513499999902, -7.74194159999996 ], [ -41.1811795, -7.74158749999998 ], [ -41.1810788, -7.74130529999996 ], [ -41.1810958, -7.741189 ], [ -41.181021299999898, -7.74092519999994 ], [ -41.1809736, -7.74058539999993 ], [ -41.181011199999901, -7.74035309999994 ], [ -41.1810821, -7.74000019999994 ], [ -41.181322599999902, -7.73952009999994 ], [ -41.181567899999898, -7.73910159999997 ], [ -41.1816863, -7.73881419999998 ], [ -41.181681399999903, -7.73856659999996 ], [ -41.1817943, -7.73830279999993 ], [ -41.1820056, -7.73818619999997 ], [ -41.1822769, -7.73805119999997 ], [ -41.1825413, -7.73800019999993 ], [ -41.1830775, -7.73784389999997 ], [ -41.1832194, -7.73772449999996 ], [ -41.183356199999899, -7.73760179999994 ], [ -41.183604199999898, -7.73742429999993 ], [ -41.1836463, -7.73731629999997 ], [ -41.183756899999899, -7.73719009999996 ], [ -41.1839515, -7.73711489999994 ], [ -41.1843177, -7.73685289999997 ], [ -41.1851493, -7.73647609999995 ], [ -41.1852648, -7.73642379999995 ], [ -41.1856180999999, -7.73620029999995 ], [ -41.1863355, -7.73582449999998 ], [ -41.1868191, -7.73552439999997 ], [ -41.1872372, -7.73535309999994 ], [ -41.1877809, -7.73512779999993 ], [ -41.1880356, -7.73501909999993 ], [ -41.188166399999901, -7.734897 ], [ -41.188355699999903, -7.73479879999996 ], [ -41.188941, -7.73458409999995 ], [ -41.189318899999897, -7.73429229999994 ], [ -41.1898325, -7.73394079999997 ], [ -41.1905092, -7.73371789999993 ], [ -41.1911289, -7.73365069999994 ], [ -41.1915197, -7.73366679999998 ], [ -41.1918168999999, -7.73369149999996 ], [ -41.192112, -7.73373649999996 ], [ -41.1923297, -7.73367279999997 ], [ -41.192533899999901, -7.73354629999994 ], [ -41.192755299999902, -7.73340349999995 ], [ -41.1930765, -7.73335839999993 ], [ -41.1933548, -7.73329559999996 ], [ -41.193793899999903, -7.73332969999996 ], [ -41.194627099999899, -7.73313619999993 ], [ -41.1960738, -7.733137 ], [ -41.197626, -7.73288629999996 ], [ -41.1987806, -7.73265109999994 ], [ -41.1992367, -7.73243529999996 ], [ -41.199400099999899, -7.73229129999993 ], [ -41.1995565, -7.73209989999998 ], [ -41.1995878, -7.73157529999997 ], [ -41.1995588999999, -7.73088419999993 ], [ -41.1996596, -7.73015669999995 ], [ -41.1998833, -7.72988059999994 ], [ -41.200183099999897, -7.72967569999997 ], [ -41.2003227, -7.729448 ], [ -41.2004788, -7.72919239999993 ], [ -41.200758, -7.72886209999996 ], [ -41.200903599999897, -7.72854079999996 ], [ -41.2013352, -7.72800159999997 ], [ -41.201535299999897, -7.72776339999996 ], [ -41.2015595, -7.72757459999997 ], [ -41.2015041, -7.72738829999997 ], [ -41.2011884, -7.72679329999994 ], [ -41.2010012, -7.72649449999994 ], [ -41.2008484999999, -7.72623659999994 ], [ -41.2009366, -7.72606879999995 ], [ -41.2010655999999, -7.72582129999995 ], [ -41.201127299999897, -7.72568579999995 ], [ -41.2011299, -7.72550479999995 ], [ -41.2011926, -7.72538369999995 ], [ -41.2012296, -7.72512559999996 ], [ -41.2012826, -7.72474379999994 ], [ -41.2013521, -7.72418219999997 ], [ -41.2014025, -7.72375059999996 ], [ -41.2014679, -7.72337269999997 ], [ -41.2014771, -7.72296759999995 ], [ -41.201495, -7.72260839999996 ], [ -41.2015549, -7.72245649999996 ], [ -41.2016368, -7.72225279999998 ], [ -41.2017589, -7.722045 ], [ -41.2017964, -7.72190889999996 ], [ -41.201830399999899, -7.72173939999993 ], [ -41.2020456, -7.721552 ], [ -41.2021326999999, -7.721447 ], [ -41.202144, -7.7214 ], [ -41.202166, -7.72135369999995 ], [ -41.202258399999899, -7.72132109999995 ], [ -41.202313499999903, -7.72124379999997 ], [ -41.2023885999999, -7.72104829999995 ], [ -41.202522, -7.72091779999994 ], [ -41.202716699999897, -7.72087349999993 ], [ -41.2027702, -7.72075019999994 ], [ -41.2028526, -7.72045359999993 ], [ -41.2031042999999, -7.719991 ], [ -41.203314599999899, -7.71967129999996 ], [ -41.2035784999999, -7.71940209999997 ], [ -41.2039425, -7.71896 ], [ -41.204055099999898, -7.71869339999995 ], [ -41.204285599999899, -7.71862319999997 ], [ -41.2046621, -7.71862149999993 ], [ -41.2050694, -7.71879269999994 ], [ -41.2055708, -7.71893919999997 ], [ -41.2062071, -7.71913339999998 ], [ -41.2065908, -7.71928359999993 ], [ -41.2069069, -7.71944759999997 ], [ -41.2070528, -7.71949329999995 ], [ -41.2072042, -7.71947239999997 ], [ -41.2074122, -7.71940179999996 ], [ -41.207583, -7.71928509999998 ], [ -41.2092468, -7.72147439999998 ], [ -41.2135168, -7.72709289999995 ], [ -41.2210166, -7.73320339999998 ], [ -41.2299858, -7.73551179999993 ], [ -41.2300018, -7.735507 ], [ -41.2419424, -7.73190919999996 ], [ -41.2438349, -7.73133889999997 ], [ -41.2447692, -7.73105739999994 ], [ -41.2471646, -7.73033559999993 ], [ -41.256942, -7.72703579999995 ], [ -41.2569544, -7.72703159999998 ], [ -41.268825299999897, -7.72807029999996 ], [ -41.2759098, -7.72908979999994 ], [ -41.2784419, -7.72945409999994 ], [ -41.2805566, -7.72975849999995 ], [ -41.294774399999902, -7.73180439999993 ], [ -41.3072966, -7.73360629999996 ], [ -41.3110536, -7.73414689999993 ], [ -41.3112335, -7.73538129999997 ], [ -41.3194789, -7.79195029999994 ], [ -41.3440077999999, -7.80355559999998 ], [ -41.3784916, -7.81327029999994 ], [ -41.387979399999899, -7.81051169999995 ], [ -41.3916943, -7.80943 ], [ -41.410147299999899, -7.80405669999993 ], [ -41.4299993, -7.78679389999996 ], [ -41.458143999999898, -7.78218509999994 ], [ -41.470137899999898, -7.76231109999998 ], [ -41.477495599999898, -7.75011939999996 ], [ -41.4717790999999, -7.71252989999994 ], [ -41.4716935, -7.71196759999998 ], [ -41.4695397, -7.69781409999996 ], [ -41.467417899999901, -7.69771989999998 ], [ -41.458272099999903, -7.69554819999996 ], [ -41.4582707, -7.69523 ], [ -41.4547295, -7.68569139999994 ], [ -41.453773199999901, -7.68311479999994 ], [ -41.439664999999898, -7.64510509999997 ], [ -41.4394469, -7.64450569999997 ], [ -41.4394212, -7.64444849999995 ], [ -41.430878499999899, -7.62144339999998 ], [ -41.3973078, -7.579891 ], [ -41.400787299999898, -7.57552789999994 ], [ -41.3857138, -7.55664719999993 ], [ -41.3918555, -7.55375329999993 ], [ -41.3989758, -7.55056329999996 ], [ -41.394510899999901, -7.54278169999998 ], [ -41.3790412, -7.51582079999997 ], [ -41.378908099999897, -7.51558879999993 ], [ -41.376556999999899, -7.516231 ], [ -41.37337, -7.517505 ], [ -41.36925, -7.51912 ], [ -41.368237, -7.519953 ], [ -41.367293, -7.521127 ], [ -41.365199, -7.522454 ], [ -41.363430999999899, -7.523423 ], [ -41.362339, -7.523965 ], [ -41.361506, -7.524833 ], [ -41.360802, -7.525445 ], [ -41.359978, -7.525683 ], [ -41.358605, -7.525555 ], [ -41.357833, -7.525479 ], [ -41.356219, -7.525224 ], [ -41.354202, -7.525343 ], [ -41.353228, -7.525583 ], [ -41.352275, -7.525806 ], [ -41.351481, -7.526193 ], [ -41.34991, -7.527112 ], [ -41.349244999999897, -7.527511 ], [ -41.348092999999899, -7.527925 ], [ -41.347595, -7.528116 ], [ -41.34723, -7.528137 ], [ -41.346389, -7.527857 ], [ -41.345754, -7.527465 ], [ -41.345346, -7.527453 ], [ -41.344713, -7.527556 ], [ -41.344332, -7.527535 ], [ -41.343708999999897, -7.527365 ], [ -41.342967, -7.526953 ], [ -41.342464999999898, -7.526906 ], [ -41.341679999999897, -7.527103 ], [ -41.341316, -7.527549 ], [ -41.340912, -7.528051 ], [ -41.340586, -7.528982 ], [ -41.340428, -7.529652 ], [ -41.339995, -7.53032 ], [ -41.33975, -7.530962 ], [ -41.338812, -7.532369 ], [ -41.338527999999897, -7.532735 ], [ -41.337824, -7.533194 ], [ -41.336899, -7.533875 ], [ -41.336700999999898, -7.534275 ], [ -41.336512, -7.534751 ], [ -41.335843, -7.535593 ], [ -41.335259, -7.535933 ], [ -41.334435, -7.536061 ], [ -41.332865, -7.535908 ], [ -41.331814, -7.536167 ], [ -41.330299, -7.536622 ], [ -41.329823, -7.536864 ], [ -41.329574, -7.537174 ], [ -41.329308, -7.537753 ], [ -41.328485, -7.539617 ], [ -41.32791, -7.540535 ], [ -41.327423, -7.541081 ], [ -41.326929, -7.54143 ], [ -41.326273, -7.541711 ], [ -41.32538, -7.541949 ], [ -41.324998, -7.541927 ], [ -41.322889, -7.541126 ], [ -41.321829, -7.540828 ], [ -41.320971, -7.540926 ], [ -41.317810999999899, -7.541412 ], [ -41.316462999999899, -7.541411 ], [ -41.31506, -7.5415 ], [ -41.31421, -7.541428 ], [ -41.313175999999899, -7.541309 ], [ -41.311741, -7.540997 ], [ -41.309981, -7.541142 ], [ -41.309371999999897, -7.541457 ], [ -41.309153, -7.541852 ], [ -41.308981, -7.542168 ], [ -41.308247, -7.542704 ], [ -41.307359, -7.543159 ], [ -41.306466, -7.543193 ], [ -41.305445, -7.542526 ], [ -41.302368999999899, -7.540474 ], [ -41.30188, -7.540397 ], [ -41.300785, -7.540674 ], [ -41.299349999999897, -7.541427 ], [ -41.297633, -7.542949 ], [ -41.295947, -7.545467 ], [ -41.295051699999902, -7.54653349999995 ], [ -41.294912, -7.5467 ], [ -41.2944752, -7.54776619999996 ], [ -41.294372, -7.548018 ], [ -41.293782, -7.549206 ], [ -41.293056, -7.550146 ], [ -41.292773, -7.55049 ], [ -41.292709, -7.550716 ], [ -41.292814, -7.551295 ], [ -41.29338, -7.552125 ], [ -41.294306999999897, -7.553332 ], [ -41.295791999999899, -7.55442 ], [ -41.296964, -7.555607 ], [ -41.297534, -7.556274 ], [ -41.297646, -7.556589 ], [ -41.297876, -7.557241 ], [ -41.297781, -7.558499 ], [ -41.297876, -7.559486 ], [ -41.297840999999899, -7.560328 ], [ -41.298052, -7.561586 ], [ -41.298034, -7.561969 ], [ -41.297648, -7.563007 ], [ -41.29739, -7.563611 ], [ -41.297303999999897, -7.564007 ], [ -41.297403, -7.565108 ], [ -41.297640999999899, -7.565997 ], [ -41.297618999999898, -7.56632 ], [ -41.297521, -7.566656 ], [ -41.297593, -7.567081 ], [ -41.297683999999897, -7.567315 ], [ -41.297722, -7.567779 ], [ -41.297517, -7.568576 ], [ -41.29756, -7.568865 ], [ -41.297852, -7.569315 ], [ -41.297868999999899, -7.569732 ], [ -41.297852, -7.570319 ], [ -41.297998999999898, -7.570815 ], [ -41.298372, -7.571691 ], [ -41.298441, -7.572227 ], [ -41.298175, -7.573294 ], [ -41.297605, -7.574826 ], [ -41.297065, -7.575804 ], [ -41.296418, -7.577096 ], [ -41.296152, -7.577797 ], [ -41.295881, -7.578184 ], [ -41.295225, -7.578563 ], [ -41.291607999999897, -7.579173 ], [ -41.290844, -7.579028 ], [ -41.290053999999898, -7.57899 ], [ -41.289033, -7.579209 ], [ -41.287505, -7.580043 ], [ -41.286921999999898, -7.580281 ], [ -41.286367, -7.580482 ], [ -41.286118, -7.580661 ], [ -41.285921, -7.580929 ], [ -41.285666999999897, -7.581077 ], [ -41.284577, -7.581418 ], [ -41.283758, -7.581243 ], [ -41.282938, -7.580865 ], [ -41.281000999999897, -7.579969 ], [ -41.280242, -7.579667 ], [ -41.279195, -7.57911 ], [ -41.278667, -7.578906 ], [ -41.277856, -7.578843 ], [ -41.277534, -7.578791 ], [ -41.277298, -7.578804 ], [ -41.277049, -7.578991 ], [ -41.276477999999898, -7.579956 ], [ -41.276289, -7.58053 ], [ -41.276216, -7.58116 ], [ -41.276082, -7.582754 ], [ -41.275996, -7.583218 ], [ -41.275678, -7.584064 ], [ -41.275223, -7.584757 ], [ -41.275047, -7.585876 ], [ -41.274724999999897, -7.58724 ], [ -41.274493, -7.587776 ], [ -41.274476, -7.588057 ], [ -41.274601, -7.588706 ], [ -41.274785, -7.588893 ], [ -41.27509, -7.589046 ], [ -41.275236, -7.589182 ], [ -41.275303999999899, -7.589416 ], [ -41.2753, -7.589731 ], [ -41.275137, -7.590138 ], [ -41.274974, -7.590486 ], [ -41.274741999999897, -7.591201 ], [ -41.274729, -7.591983 ], [ -41.274575, -7.593304 ], [ -41.274665, -7.593886 ], [ -41.274952, -7.594834 ], [ -41.275776, -7.596489 ], [ -41.276124, -7.597318 ], [ -41.276549, -7.597744 ], [ -41.277008, -7.598297 ], [ -41.277386, -7.598645 ], [ -41.277708, -7.598798 ], [ -41.277789, -7.599058 ], [ -41.277668999999896, -7.599321 ], [ -41.277025, -7.600002 ], [ -41.276415, -7.600658 ], [ -41.276272999999897, -7.600777 ], [ -41.276123, -7.600858 ], [ -41.276033, -7.601033 ], [ -41.276033, -7.601492 ], [ -41.276114, -7.601853 ], [ -41.276101, -7.602087 ], [ -41.27575, -7.602905 ], [ -41.275209, -7.603172 ], [ -41.27502, -7.603283 ], [ -41.274574, -7.603942 ], [ -41.274118, -7.605037 ], [ -41.273637, -7.605751 ], [ -41.273384, -7.605985 ], [ -41.27295, -7.606299 ], [ -41.272357999999898, -7.607091 ], [ -41.272036, -7.607508 ], [ -41.271217, -7.607912 ], [ -41.270443999999898, -7.608201 ], [ -41.270062, -7.608596 ], [ -41.269998, -7.608813 ], [ -41.270118, -7.609111 ], [ -41.270118, -7.609498 ], [ -41.270075, -7.609711 ], [ -41.269822, -7.610017 ], [ -41.269281, -7.610382 ], [ -41.268586, -7.610973 ], [ -41.268194999999899, -7.611466 ], [ -41.267761999999898, -7.611703 ], [ -41.267329, -7.611801 ], [ -41.266874, -7.612158 ], [ -41.266689, -7.612413 ], [ -41.266608, -7.612766 ], [ -41.266681499999898, -7.61317959999997 ], [ -41.2422554, -7.59647069999994 ], [ -41.2403274, -7.59513429999993 ], [ -41.2402061, -7.59367839999993 ], [ -41.2399634, -7.59240449999993 ], [ -41.239356799999896, -7.59155529999992 ], [ -41.238507599999899, -7.59082729999994 ], [ -41.238082899999903, -7.59046339999998 ], [ -41.238143599999901, -7.58967479999995 ], [ -41.2382042, -7.58864349999993 ], [ -41.2376583, -7.58791559999997 ], [ -41.2367484, -7.587309 ], [ -41.2365057, -7.586581 ], [ -41.2361418, -7.58524649999993 ], [ -41.235777799999902, -7.58433649999995 ], [ -41.2352318, -7.583366 ], [ -41.2346252, -7.58233469999993 ], [ -41.234261199999899, -7.58136409999997 ], [ -41.2340186, -7.58069679999994 ], [ -41.2336546, -7.57978689999993 ], [ -41.2324414, -7.57796709999997 ], [ -41.2311068, -7.57632919999998 ], [ -41.2298329, -7.574934 ], [ -41.228741, -7.57396339999997 ], [ -41.2273458, -7.57329609999994 ], [ -41.2139309, -7.57428439999995 ], [ -41.195105899999902, -7.57567119999993 ], [ -41.1729247, -7.60922969999996 ], [ -41.1570125, -7.62029389999998 ] ] ] ] } },
{ "type": "Feature", "properties": { "CD_MUN": "2207009", "NM_MUN": "Oeiras", "CD_RGI": "220011", "NM_RGI": "Oeiras", "CD_RGINT": "2203", "NM_RGINT": "Picos", "CD_UF": "22", "NM_UF": "Piauí", "SIGLA_UF": "PI", "CD_REGIAO": "2", "NM_REGIAO": "Nordeste", "SIGLA_RG": "NE", "CD_CONCURB": null, "NM_CONCURB": null, "AREA_KM2": 2696.724 }, "geometry": { "type": "MultiPolygon", "coordinates": [ [ [ [ -42.226874, -7.135604 ], [ -42.228071, -7.136289 ], [ -42.229275, -7.137084 ], [ -42.229773, -7.137437 ], [ -42.230644, -7.137778 ], [ -42.231336999999897, -7.138228 ], [ -42.232478, -7.139369 ], [ -42.23299, -7.140365 ], [ -42.233574, -7.141493 ], [ -42.234035999999897, -7.142258 ], [ -42.235011, -7.143667 ], [ -42.23575, -7.144691 ], [ -42.236037, -7.145151 ], [ -42.236273, -7.145636 ], [ -42.236471, -7.146108 ], [ -42.237005, -7.146827 ], [ -42.237825, -7.147814 ], [ -42.238038, -7.148127 ], [ -42.238467, -7.148931 ], [ -42.239145, -7.149982 ], [ -42.239283, -7.150246 ], [ -42.239562, -7.151182 ], [ -42.240299999999898, -7.152624 ], [ -42.240686, -7.153411 ], [ -42.24092, -7.153725 ], [ -42.241169, -7.15387 ], [ -42.241662, -7.154019 ], [ -42.241937, -7.154155 ], [ -42.242328, -7.154751 ], [ -42.242788, -7.155539 ], [ -42.243861, -7.157518 ], [ -42.244169999999897, -7.158072 ], [ -42.2451, -7.158617 ], [ -42.245967, -7.159919 ], [ -42.247498, -7.162251 ], [ -42.248286999999898, -7.163485 ], [ -42.248537999999897, -7.164023 ], [ -42.248453, -7.165657 ], [ -42.248451, -7.166199 ], [ -42.248026, -7.167089 ], [ -42.247936, -7.167468 ], [ -42.247926999999898, -7.168055 ], [ -42.24824, -7.168815 ], [ -42.248352, -7.169147 ], [ -42.248385599999899, -7.16927779999997 ], [ -42.248433, -7.169462 ], [ -42.248614, -7.169921 ], [ -42.248858, -7.170257 ], [ -42.2491582, -7.17049639999993 ], [ -42.249515, -7.170683 ], [ -42.250057, -7.170938 ], [ -42.250664, -7.171162 ], [ -42.251666999999898, -7.171613 ], [ -42.252206, -7.171776 ], [ -42.252733, -7.171888 ], [ -42.253013, -7.171995 ], [ -42.253317, -7.172186 ], [ -42.254027999999899, -7.172659 ], [ -42.254808, -7.172966 ], [ -42.255388, -7.173074 ], [ -42.255963, -7.173126 ], [ -42.256509999999899, -7.173087 ], [ -42.256896, -7.1731 ], [ -42.25752, -7.173293 ], [ -42.258218, -7.17359 ], [ -42.258574, -7.173849 ], [ -42.258938, -7.1742 ], [ -42.259327, -7.174524 ], [ -42.259808, -7.174822 ], [ -42.26007, -7.174969 ], [ -42.260774, -7.17534 ], [ -42.260975, -7.175502 ], [ -42.261215999999898, -7.175685 ], [ -42.261357, -7.175758 ], [ -42.261688, -7.17583 ], [ -42.262774, -7.176106 ], [ -42.263366, -7.176175 ], [ -42.26413, -7.176348 ], [ -42.264765, -7.176484 ], [ -42.265197999999899, -7.176637 ], [ -42.2655066, -7.17677779999997 ], [ -42.265645499999899, -7.17677389999994 ], [ -42.265928, -7.176766 ], [ -42.266841999999897, -7.176566 ], [ -42.2670692, -7.17644719999993 ], [ -42.267215, -7.176371 ], [ -42.267503, -7.176034 ], [ -42.268098, -7.175015 ], [ -42.268343, -7.174529 ], [ -42.268712999999899, -7.174193 ], [ -42.269713, -7.173418 ], [ -42.270556999999897, -7.172761 ], [ -42.271543999999899, -7.172118 ], [ -42.272039, -7.171813 ], [ -42.273026, -7.171481 ], [ -42.273764, -7.171289 ], [ -42.274219, -7.171183 ], [ -42.274532, -7.171166 ], [ -42.274781, -7.171225 ], [ -42.2749668, -7.17129049999994 ], [ -42.275106999999899, -7.17134 ], [ -42.275708, -7.171476 ], [ -42.276412, -7.171531 ], [ -42.2764453, -7.17153449999995 ], [ -42.276959, -7.171589 ], [ -42.277538999999898, -7.171818 ], [ -42.278474, -7.172393 ], [ -42.279559999999897, -7.173155 ], [ -42.280014999999899, -7.173448 ], [ -42.280616, -7.17364 ], [ -42.282006, -7.174436 ], [ -42.28397, -7.176243 ], [ -42.2841483999999, -7.17655739999998 ], [ -42.284360999999898, -7.176932 ], [ -42.284807, -7.177387 ], [ -42.285108, -7.177647 ], [ -42.285765, -7.177951 ], [ -42.286285, -7.178032 ], [ -42.287182, -7.178437 ], [ -42.288120999999897, -7.1791 ], [ -42.288491, -7.179462 ], [ -42.289015, -7.179737 ], [ -42.289808999999899, -7.17995 ], [ -42.290358, -7.179899 ], [ -42.290985, -7.179592 ], [ -42.29144, -7.179256 ], [ -42.292071, -7.178426 ], [ -42.292944, -7.176895 ], [ -42.293559, -7.175926 ], [ -42.293846, -7.175653 ], [ -42.29425, -7.175479 ], [ -42.294691999999898, -7.175402 ], [ -42.295457999999897, -7.175177 ], [ -42.296076, -7.175058 ], [ -42.296539, -7.174705 ], [ -42.296624999999899, -7.175012 ], [ -42.296698, -7.17542 ], [ -42.296767, -7.175726 ], [ -42.296904, -7.17619 ], [ -42.297286, -7.176812 ], [ -42.297508, -7.177145 ], [ -42.297701, -7.177749 ], [ -42.29795, -7.178489 ], [ -42.298255, -7.179319 ], [ -42.298552, -7.180067 ], [ -42.298887, -7.181233 ], [ -42.298931, -7.181526 ], [ -42.299017, -7.18233 ], [ -42.299141, -7.182713 ], [ -42.2994082, -7.18309359999995 ], [ -42.299552999999896, -7.1833 ], [ -42.299934, -7.183872 ], [ -42.300312, -7.184387 ], [ -42.300689, -7.184608 ], [ -42.301166, -7.184761 ], [ -42.301526, -7.184978 ], [ -42.302131, -7.185587 ], [ -42.302619, -7.185875 ], [ -42.302911, -7.186131 ], [ -42.303053, -7.186386 ], [ -42.303083, -7.186616 ], [ -42.302941, -7.187433 ], [ -42.303076, -7.188314 ], [ -42.303111, -7.188548 ], [ -42.303059, -7.188974 ], [ -42.303076, -7.189412 ], [ -42.302999, -7.189736 ], [ -42.302669, -7.190106 ], [ -42.30251, -7.190574 ], [ -42.302493, -7.190987 ], [ -42.3025226, -7.19114449999995 ], [ -42.3025369, -7.19122039999996 ], [ -42.302619999999898, -7.191662 ], [ -42.302814, -7.191981 ], [ -42.303109999999897, -7.192219 ], [ -42.303277, -7.192513 ], [ -42.303384, -7.192789 ], [ -42.303509, -7.192947 ], [ -42.303783, -7.193083 ], [ -42.304552, -7.1935 ], [ -42.304648, -7.193641 ], [ -42.304605, -7.193922 ], [ -42.304361, -7.194769 ], [ -42.30436, -7.195497 ], [ -42.304321, -7.196122 ], [ -42.304192, -7.196569 ], [ -42.304287, -7.197079 ], [ -42.304492, -7.197425 ], [ -42.304856, -7.197561 ], [ -42.305186999999897, -7.19794 ], [ -42.30556, -7.198544 ], [ -42.305873, -7.199191 ], [ -42.306139, -7.200029 ], [ -42.306167, -7.20055 ], [ -42.306137, -7.200836 ], [ -42.305961, -7.201427 ], [ -42.305653, -7.202737 ], [ -42.305782, -7.203507 ], [ -42.306314, -7.204184 ], [ -42.306356999999899, -7.204656 ], [ -42.306206, -7.2053 ], [ -42.306189, -7.206355 ], [ -42.30606, -7.206878 ], [ -42.306083, -7.20744 ], [ -42.306103999999898, -7.208764 ], [ -42.305987, -7.209956 ], [ -42.305836999999897, -7.210611 ], [ -42.305906, -7.21082 ], [ -42.306171999999897, -7.211076 ], [ -42.306506, -7.211548 ], [ -42.306957, -7.212021 ], [ -42.307071999999899, -7.21266 ], [ -42.307574, -7.215502 ], [ -42.3073393, -7.21686989999995 ], [ -42.3073353, -7.21765059999996 ], [ -42.3076962, -7.21829509999998 ], [ -42.3089365, -7.21834929999994 ], [ -42.3095334, -7.21848919999996 ], [ -42.3100338, -7.21913449999994 ], [ -42.3100747, -7.21982419999995 ], [ -42.309609, -7.22101419999996 ], [ -42.310236, -7.22326419999996 ], [ -42.403838, -7.16981809999993 ], [ -42.403961799999898, -7.16939369999994 ], [ -42.4042967, -7.16824609999998 ], [ -42.4110406, -7.14513919999996 ], [ -42.4110658, -7.145053 ], [ -42.4110911, -7.14496669999994 ], [ -42.4111822, -7.14465469999993 ], [ -42.4113414, -7.14410919999995 ], [ -42.411364999999897, -7.14402819999998 ], [ -42.411724299999896, -7.142797 ], [ -42.4066756, -7.09633039999994 ], [ -42.4164688, -7.05518229999996 ], [ -42.4167869, -7.02257309999993 ], [ -42.417521399999899, -7.01356669999996 ], [ -42.418375399999903, -7.00871139999998 ], [ -42.420201399999897, -7.00045469999998 ], [ -42.4210269, -6.99208949999996 ], [ -42.421206599999898, -6.98847669999998 ], [ -42.4212218, -6.98817039999994 ], [ -42.421540799999903, -6.98175409999993 ], [ -42.4217118, -6.97539709999995 ], [ -42.4207962999999, -6.96715149999994 ], [ -42.425489399999897, -6.96793029999998 ], [ -42.461199, -6.973858 ], [ -42.518532999999898, -6.983359 ], [ -42.520816, -6.983619 ], [ -42.521507, -6.983678 ], [ -42.523604, -6.98364 ], [ -42.524463, -6.983653 ], [ -42.525154, -6.983683 ], [ -42.530431, -6.984581 ], [ -42.537292, -6.985748 ], [ -42.552877, -6.988359 ], [ -42.5581203, -6.989234 ], [ -42.5617275, -6.98984109999998 ], [ -42.564742, -6.990353 ], [ -42.569655, -6.9912 ], [ -42.577261, -6.992467 ], [ -42.579188, -6.992778 ], [ -42.585895999999899, -6.993915 ], [ -42.590542, -6.994688 ], [ -42.593962, -6.995273 ], [ -42.594828999999898, -6.99535 ], [ -42.595614, -6.99532 ], [ -42.59637, -6.99524 ], [ -42.597842, -6.994934 ], [ -42.603316999999898, -6.993849 ], [ -42.603926999999899, -6.993789 ], [ -42.604512999999898, -6.993765 ], [ -42.605083, -6.993799 ], [ -42.609395999999897, -6.994535 ], [ -42.612092, -6.994988 ], [ -42.622108, -6.996617 ], [ -42.623468, -6.99693 ], [ -42.625065, -6.997475 ], [ -42.6254165, -6.99753319999996 ], [ -42.6011051, -6.96804619999995 ], [ -42.5666004999999, -6.86912979999994 ], [ -42.5664348, -6.86920749999996 ], [ -42.5629809, -6.86912609999996 ], [ -42.561162399999901, -6.86908329999994 ], [ -42.5583189, -6.86885349999994 ], [ -42.5563905, -6.86895559999994 ], [ -42.5540465999999, -6.86929009999994 ], [ -42.552519699999898, -6.86884369999996 ], [ -42.551070099999897, -6.86763719999993 ], [ -42.549707899999902, -6.866784 ], [ -42.5468013999999, -6.86564809999993 ], [ -42.545796, -6.86455929999994 ], [ -42.5455893, -6.86416509999998 ], [ -42.5448155, -6.86349159999997 ], [ -42.5440204, -6.863065 ], [ -42.5427084, -6.86279219999994 ], [ -42.5411582, -6.86278949999996 ], [ -42.5400738, -6.86298319999997 ], [ -42.539158799999903, -6.86328369999995 ], [ -42.537350499999903, -6.86410519999993 ], [ -42.535252899999897, -6.86461919999994 ], [ -42.5341473, -6.86475469999993 ], [ -42.5333348, -6.86500879999994 ], [ -42.5304818, -6.86618079999994 ], [ -42.5292615, -6.86690069999997 ], [ -42.528300699999903, -6.86733319999996 ], [ -42.527347, -6.867304 ], [ -42.527127999999898, -6.867287 ], [ -42.526917, -6.867326 ], [ -42.526424, -6.8677 ], [ -42.525832, -6.867862 ], [ -42.525443, -6.867915 ], [ -42.525001, -6.867808 ], [ -42.524757, -6.867757 ], [ -42.524521, -6.867859 ], [ -42.524353, -6.868153 ], [ -42.524271999999897, -6.868694 ], [ -42.523922, -6.868926 ], [ -42.523643, -6.869075 ], [ -42.523248, -6.869118 ], [ -42.523051, -6.869203 ], [ -42.522956, -6.869531 ], [ -42.522737999999897, -6.869804 ], [ -42.521909, -6.869927 ], [ -42.521433, -6.870097 ], [ -42.52111, -6.870002 ], [ -42.52084, -6.869985 ], [ -42.520552, -6.870066 ], [ -42.520269, -6.870356 ], [ -42.520011, -6.870454 ], [ -42.519642, -6.870428 ], [ -42.519114, -6.870692 ], [ -42.518762, -6.871076 ], [ -42.518304, -6.872163 ], [ -42.517889, -6.872705 ], [ -42.517576, -6.872914 ], [ -42.517473, -6.873033 ], [ -42.517331, -6.873041 ], [ -42.517065, -6.87285 ], [ -42.516739, -6.872901 ], [ -42.516056999999897, -6.873203 ], [ -42.515558999999897, -6.873608 ], [ -42.515143, -6.874093 ], [ -42.514958, -6.874532 ], [ -42.514611, -6.874572 ], [ -42.514307, -6.874666 ], [ -42.514066, -6.874717 ], [ -42.513676, -6.874585 ], [ -42.51353, -6.874376 ], [ -42.513277, -6.874116 ], [ -42.512856, -6.873874 ], [ -42.512538999999897, -6.873869 ], [ -42.512354, -6.873912 ], [ -42.512307, -6.874082 ], [ -42.51232, -6.874257 ], [ -42.512427, -6.874321 ], [ -42.512599, -6.874163 ], [ -42.512766, -6.874172 ], [ -42.51283, -6.874359 ], [ -42.512676, -6.874432 ], [ -42.512585999999899, -6.874623 ], [ -42.51265, -6.874845 ], [ -42.51253, -6.874964 ], [ -42.512328, -6.874815 ], [ -42.511994, -6.874811 ], [ -42.511688999999897, -6.874925 ], [ -42.511573999999897, -6.875194 ], [ -42.511673, -6.875539 ], [ -42.51163, -6.87568 ], [ -42.511158, -6.875761 ], [ -42.510892, -6.875778 ], [ -42.510797, -6.875897 ], [ -42.510942999999898, -6.876267 ], [ -42.510922, -6.876395 ], [ -42.510556999999899, -6.876421 ], [ -42.509909, -6.876246 ], [ -42.509222, -6.876233 ], [ -42.508973, -6.876255 ], [ -42.508725, -6.876495 ], [ -42.508613, -6.876678 ], [ -42.508613, -6.876891 ], [ -42.508549, -6.877104 ], [ -42.508433, -6.877308 ], [ -42.508301, -6.877276 ], [ -42.508018, -6.877012 ], [ -42.50764, -6.876795 ], [ -42.507343999999897, -6.876833 ], [ -42.507025999999897, -6.877033 ], [ -42.506863, -6.877681 ], [ -42.506726, -6.877902 ], [ -42.506554, -6.878098 ], [ -42.506391999999899, -6.878286 ], [ -42.506229, -6.878529 ], [ -42.506242, -6.878814 ], [ -42.50607, -6.879006 ], [ -42.505624, -6.878997 ], [ -42.50504, -6.878597 ], [ -42.504402, -6.878539 ], [ -42.504024, -6.878624 ], [ -42.5034424, -6.87885639999996 ], [ -42.503179, -6.878909 ], [ -42.502861, -6.879046 ], [ -42.502642, -6.879207 ], [ -42.502651, -6.879339 ], [ -42.502907999999898, -6.879429 ], [ -42.502972999999898, -6.879616 ], [ -42.502921199999903, -6.87972469999994 ], [ -42.502659999999899, -6.880076 ], [ -42.502334, -6.880075 ], [ -42.502197, -6.879989 ], [ -42.5020529, -6.87999979999995 ], [ -42.501862, -6.880211 ], [ -42.501845, -6.880522 ], [ -42.501815, -6.880658 ], [ -42.501575, -6.880688 ], [ -42.500768, -6.880364 ], [ -42.500579, -6.880241 ], [ -42.500206999999897, -6.880213 ], [ -42.499928, -6.880307 ], [ -42.4997913999999, -6.88054789999995 ], [ -42.499704999999899, -6.880856 ], [ -42.499409, -6.880873 ], [ -42.499044, -6.880622 ], [ -42.498713, -6.880077 ], [ -42.498061, -6.879766 ], [ -42.497834, -6.879468 ], [ -42.497632, -6.879149 ], [ -42.497313, -6.879218 ], [ -42.497188999999899, -6.879329 ], [ -42.497064, -6.879606 ], [ -42.49682, -6.879636 ], [ -42.496622, -6.879436 ], [ -42.496635, -6.879261 ], [ -42.496755, -6.878993 ], [ -42.496683, -6.878724 ], [ -42.496279, -6.878345 ], [ -42.495967, -6.877569 ], [ -42.495854999999899, -6.877101 ], [ -42.495551, -6.876956 ], [ -42.495066, -6.876901 ], [ -42.493564, -6.877071 ], [ -42.493074, -6.877229 ], [ -42.492765, -6.877569 ], [ -42.49069, -6.87823 ], [ -42.490158, -6.87839 ], [ -42.489768, -6.878518 ], [ -42.4896, -6.878671 ], [ -42.489412, -6.879208 ], [ -42.489078999999897, -6.879439 ], [ -42.48847, -6.879882 ], [ -42.487852, -6.880001 ], [ -42.48744, -6.88001 ], [ -42.487096, -6.880188 ], [ -42.486925, -6.880486 ], [ -42.487019, -6.880802 ], [ -42.487491, -6.881083 ], [ -42.487611, -6.88133 ], [ -42.487517, -6.881883 ], [ -42.487225, -6.882164 ], [ -42.486564, -6.882326 ], [ -42.486412, -6.882745 ], [ -42.48644, -6.883216 ], [ -42.486307, -6.883659 ], [ -42.486083999999899, -6.88394 ], [ -42.485508, -6.884153 ], [ -42.485375, -6.884361 ], [ -42.485294, -6.885047 ], [ -42.485048, -6.885826 ], [ -42.484636, -6.886124 ], [ -42.484336, -6.886469 ], [ -42.48407, -6.886835 ], [ -42.483872, -6.886916 ], [ -42.483344, -6.88687 ], [ -42.483289, -6.886699 ], [ -42.483224, -6.886325 ], [ -42.483108, -6.886214 ], [ -42.482898, -6.886231 ], [ -42.482731, -6.886316 ], [ -42.482478, -6.88664 ], [ -42.48207, -6.886711 ], [ -42.481670999999899, -6.886642 ], [ -42.481525, -6.88674 ], [ -42.481288999999897, -6.88743 ], [ -42.480843999999898, -6.888529 ], [ -42.480474, -6.889044 ], [ -42.479642, -6.889564 ], [ -42.479011, -6.890053 ], [ -42.478608, -6.89033 ], [ -42.478556, -6.890475 ], [ -42.478732, -6.890628 ], [ -42.479045, -6.890726 ], [ -42.479071, -6.89093 ], [ -42.478869, -6.891667 ], [ -42.478466, -6.891974 ], [ -42.477826999999898, -6.892114 ], [ -42.477351999999897, -6.892355 ], [ -42.477237, -6.892539 ], [ -42.477171999999896, -6.892871 ], [ -42.477005, -6.893075 ], [ -42.476678999999898, -6.89299 ], [ -42.476447, -6.892751 ], [ -42.476249, -6.892496 ], [ -42.476082, -6.8925 ], [ -42.475919, -6.892726 ], [ -42.47576, -6.893237 ], [ -42.475716, -6.893498 ], [ -42.475961, -6.8942 ], [ -42.476132999999898, -6.894647 ], [ -42.476157999999899, -6.894933 ], [ -42.475802, -6.895414 ], [ -42.475542, -6.895543 ], [ -42.475254999999898, -6.895892 ], [ -42.474967, -6.895994 ], [ -42.474894, -6.896135 ], [ -42.474783, -6.896637 ], [ -42.474397, -6.89668 ], [ -42.473967, -6.896595 ], [ -42.473555, -6.896454 ], [ -42.473121999999897, -6.895837 ], [ -42.472701, -6.895513 ], [ -42.472371, -6.895351 ], [ -42.472014999999899, -6.895241 ], [ -42.471721, -6.894922 ], [ -42.471725, -6.894662 ], [ -42.471558, -6.894487 ], [ -42.471317, -6.894432 ], [ -42.471226999999899, -6.894526 ], [ -42.471141, -6.894781 ], [ -42.47085, -6.894896 ], [ -42.470531999999899, -6.894589 ], [ -42.470322, -6.894274 ], [ -42.470176, -6.894249 ], [ -42.470047, -6.894394 ], [ -42.469743, -6.894653 ], [ -42.4694, -6.895296 ], [ -42.469765, -6.896756 ], [ -42.470158, -6.897564 ], [ -42.470201, -6.897989 ], [ -42.470441, -6.898198 ], [ -42.470956, -6.898198 ], [ -42.472162, -6.898074 ], [ -42.472947, -6.898428 ], [ -42.473410999999899, -6.899377 ], [ -42.47376, -6.900555 ], [ -42.473868, -6.901412 ], [ -42.474035, -6.902758 ], [ -42.474102, -6.903816 ], [ -42.473986, -6.904621 ], [ -42.473732, -6.905004 ], [ -42.472825999999898, -6.905276 ], [ -42.471659, -6.905327 ], [ -42.470474, -6.905352 ], [ -42.469363, -6.905603 ], [ -42.46777, -6.90591 ], [ -42.467274, -6.906186 ], [ -42.466878999999899, -6.906544 ], [ -42.466698999999899, -6.906561 ], [ -42.466536, -6.906433 ], [ -42.466381, -6.906067 ], [ -42.466063, -6.906029 ], [ -42.465673, -6.906165 ], [ -42.464626, -6.906672 ], [ -42.464145, -6.906752 ], [ -42.463887999999898, -6.906948 ], [ -42.463678, -6.907402 ], [ -42.463447, -6.907734 ], [ -42.463408, -6.907913 ], [ -42.463394999999899, -6.908487 ], [ -42.463331, -6.909126 ], [ -42.463104, -6.909493 ], [ -42.463104, -6.909808 ], [ -42.462744, -6.909902 ], [ -42.4617206, -6.91011769999994 ], [ -42.461030999999899, -6.91000029999998 ], [ -42.4595097, -6.90940379999995 ], [ -42.4587857, -6.90932809999993 ], [ -42.456156899999897, -6.90868049999995 ], [ -42.455506399999898, -6.908814 ], [ -42.454952499999898, -6.90881239999993 ], [ -42.453501199999899, -6.90853589999995 ], [ -42.452666399999899, -6.90872969999998 ], [ -42.451940299999897, -6.90910969999993 ], [ -42.4516965, -6.90934329999993 ], [ -42.4512804, -6.90951519999993 ], [ -42.4503989, -6.90966 ], [ -42.449843299999898, -6.90965569999997 ], [ -42.4493735, -6.90954339999996 ], [ -42.448728, -6.90892789999998 ], [ -42.4474337, -6.90716019999996 ], [ -42.4469357, -6.90661549999993 ], [ -42.446245099999899, -6.90613719999993 ], [ -42.445590099999897, -6.90586539999993 ], [ -42.4448472, -6.90585929999997 ], [ -42.444150599999901, -6.90573719999998 ], [ -42.441680399999903, -6.90239539999993 ], [ -42.4410101, -6.90178719999994 ], [ -42.439669599999903, -6.90157009999996 ], [ -42.4377709, -6.90149039999994 ], [ -42.4351748, -6.90146329999993 ], [ -42.4329973, -6.90160489999994 ], [ -42.408476999999898, -6.86444349999994 ], [ -42.4083864, -6.86404329999993 ], [ -42.408484499999901, -6.86277439999998 ], [ -42.407975, -6.86081559999997 ], [ -42.408089899999901, -6.86004259999993 ], [ -42.4084262, -6.85920839999994 ], [ -42.4084444, -6.85887189999994 ], [ -42.4082706, -6.85850259999995 ], [ -42.407780499999902, -6.85804059999998 ], [ -42.4075935, -6.85755039999998 ], [ -42.4075621, -6.85676159999997 ], [ -42.4071850999999, -6.85618969999996 ], [ -42.4065338, -6.85555109999996 ], [ -42.405830099999903, -6.85501589999996 ], [ -42.4054657, -6.85433789999996 ], [ -42.4050913, -6.85392129999997 ], [ -42.4045684, -6.85280439999997 ], [ -42.4036163, -6.85140419999993 ], [ -42.4031524, -6.85090659999997 ], [ -42.4021612, -6.85040089999995 ], [ -42.4008347, -6.84883939999997 ], [ -42.4001493, -6.84744739999996 ], [ -42.3996966, -6.84682589999994 ], [ -42.399253, -6.845743 ], [ -42.398987, -6.845475 ], [ -42.398527999999899, -6.845232 ], [ -42.39806, -6.845083 ], [ -42.397739999999899, -6.844874 ], [ -42.397616, -6.844678 ], [ -42.397238, -6.844469 ], [ -42.397075, -6.844252 ], [ -42.397087999999897, -6.843596 ], [ -42.397174, -6.843375 ], [ -42.397109, -6.843094 ], [ -42.396869, -6.842928 ], [ -42.396534, -6.842774 ], [ -42.396397, -6.84251 ], [ -42.396371, -6.842251 ], [ -42.396206999999897, -6.841902 ], [ -42.396216, -6.841633 ], [ -42.396151, -6.841429 ], [ -42.396065, -6.841075 ], [ -42.395941, -6.840982 ], [ -42.395691999999897, -6.84082 ], [ -42.395735, -6.840556 ], [ -42.395851, -6.8405 ], [ -42.396009999999897, -6.840552 ], [ -42.396151, -6.840398 ], [ -42.396206999999897, -6.840275 ], [ -42.396276, -6.839807 ], [ -42.396408999999899, -6.839172 ], [ -42.396005, -6.83884 ], [ -42.3957391, -6.83860109999995 ], [ -42.395768, -6.83828 ], [ -42.395828, -6.838191 ], [ -42.395767, -6.838074 ], [ -42.39563, -6.837946 ], [ -42.395574, -6.837755 ], [ -42.395613, -6.83758 ], [ -42.395771, -6.83744 ], [ -42.395964999999897, -6.837337 ], [ -42.396136, -6.837193 ], [ -42.396161999999897, -6.837031 ], [ -42.396098, -6.836839 ], [ -42.395958, -6.836659 ], [ -42.396022, -6.836395 ], [ -42.396095, -6.836135 ], [ -42.396014, -6.835999 ], [ -42.395838, -6.83591 ], [ -42.395748, -6.835744 ], [ -42.395743, -6.835467 ], [ -42.395705, -6.835318 ], [ -42.39561, -6.835054 ], [ -42.395456, -6.834901 ], [ -42.395103999999897, -6.83502 ], [ -42.394858999999897, -6.834947 ], [ -42.394722, -6.83482 ], [ -42.394593, -6.834845 ], [ -42.394332, -6.83482 ], [ -42.394108, -6.834556 ], [ -42.394104, -6.834441 ], [ -42.394177, -6.834309 ], [ -42.394151, -6.834164 ], [ -42.394044, -6.833917 ], [ -42.39401, -6.833708 ], [ -42.394090999999896, -6.833597 ], [ -42.394112999999898, -6.833461 ], [ -42.394061, -6.833359 ], [ -42.394027, -6.833286 ], [ -42.394087, -6.833231 ], [ -42.39407, -6.833005 ], [ -42.393954, -6.832967 ], [ -42.393895, -6.832734 ], [ -42.393869, -6.832325 ], [ -42.393762, -6.83218 ], [ -42.393616, -6.832044 ], [ -42.39347, -6.831678 ], [ -42.393316, -6.831486 ], [ -42.393019, -6.831324 ], [ -42.392719, -6.831196 ], [ -42.392573, -6.831167 ], [ -42.392161, -6.830992 ], [ -42.391702, -6.830762 ], [ -42.391685, -6.830575 ], [ -42.390844, -6.830324 ], [ -42.390358999999897, -6.83023 ], [ -42.389997, -6.830259 ], [ -42.389525, -6.830459 ], [ -42.389285, -6.830459 ], [ -42.388718, -6.830476 ], [ -42.387937, -6.830548 ], [ -42.387594, -6.830506 ], [ -42.387233, -6.830301 ], [ -42.386542, -6.830161 ], [ -42.386259, -6.830012 ], [ -42.386147999999899, -6.829999 ], [ -42.385739999999899, -6.830118 ], [ -42.385352, -6.830064 ], [ -42.385067999999897, -6.829745 ], [ -42.384867, -6.829596 ], [ -42.384003999999898, -6.829204 ], [ -42.383841, -6.829021 ], [ -42.383506, -6.82877 ], [ -42.382565999999898, -6.828395 ], [ -42.381465999999897, -6.828111 ], [ -42.379094, -6.827615 ], [ -42.378768, -6.82753 ], [ -42.378622, -6.827402 ], [ -42.378592, -6.827142 ], [ -42.378477, -6.826798 ], [ -42.378206, -6.826448 ], [ -42.377699, -6.825469 ], [ -42.376662, -6.823411 ], [ -42.37637, -6.823326 ], [ -42.376199, -6.823164 ], [ -42.376083, -6.822951 ], [ -42.375864, -6.822721 ], [ -42.375624, -6.82258 ], [ -42.375392, -6.822389 ], [ -42.375272, -6.822308 ], [ -42.37498, -6.822316 ], [ -42.374744, -6.822286 ], [ -42.374426, -6.822188 ], [ -42.373872999999897, -6.822004 ], [ -42.373559, -6.821953 ], [ -42.373202999999897, -6.821931 ], [ -42.372099999999897, -6.821689 ], [ -42.371825999999899, -6.821693 ], [ -42.371585, -6.821748 ], [ -42.371353999999897, -6.82188 ], [ -42.371057999999898, -6.821953 ], [ -42.370607, -6.822064 ], [ -42.369976, -6.822076 ], [ -42.369464999999899, -6.822174 ], [ -42.369414, -6.82203219999997 ], [ -42.369363099999902, -6.82191009999997 ], [ -42.3693092, -6.82178059999995 ], [ -42.3679693999999, -6.81856389999996 ], [ -42.366524899999902, -6.81509549999993 ], [ -42.360141999999897, -6.80548119999997 ], [ -42.359961199999901, -6.80541239999997 ], [ -42.360241899999899, -6.80657719999994 ], [ -42.3615088, -6.81315519999993 ], [ -42.3612962999999, -6.81486489999998 ], [ -42.3606751, -6.81645749999996 ], [ -42.359004399999897, -6.818646 ], [ -42.3576118, -6.82003929999996 ], [ -42.355469399999897, -6.82149759999993 ], [ -42.3531245, -6.82247719999998 ], [ -42.3510701, -6.82275739999994 ], [ -42.349682899999898, -6.82263619999998 ], [ -42.348467099999901, -6.82267489999998 ], [ -42.3475887, -6.82311569999996 ], [ -42.345952, -6.82352369999995 ], [ -42.3432329, -6.82397259999993 ], [ -42.3404568999999, -6.825232 ], [ -42.3373791, -6.82627279999997 ], [ -42.3369236999999, -6.82679849999994 ], [ -42.336886, -6.82754629999994 ], [ -42.3372525, -6.82953479999998 ], [ -42.3370184999999, -6.83038959999993 ], [ -42.3364902, -6.83122949999995 ], [ -42.334746499999902, -6.832657 ], [ -42.3317741, -6.83467009999993 ], [ -42.330987999999898, -6.834773 ], [ -42.330103, -6.83451659999997 ], [ -42.3270633, -6.83233049999996 ], [ -42.3244465, -6.83116049999995 ], [ -42.3236418, -6.83060469999998 ], [ -42.322052, -6.82892679999998 ], [ -42.3214285, -6.82851479999994 ], [ -42.3204352, -6.82847319999996 ], [ -42.318889899999903, -6.82884489999998 ], [ -42.3174225, -6.82932839999995 ], [ -42.3169068999999, -6.82943329999995 ], [ -42.3160581, -6.83018269999997 ], [ -42.3158491, -6.83164369999997 ], [ -42.3161759, -6.83234019999998 ], [ -42.317412499999897, -6.83377609999997 ], [ -42.318133799999899, -6.83565939999994 ], [ -42.3179476, -6.83650389999997 ], [ -42.317379, -6.83733949999993 ], [ -42.3164914, -6.83812219999993 ], [ -42.3152795, -6.83848879999994 ], [ -42.3137293, -6.83957649999996 ], [ -42.3118085, -6.84078279999994 ], [ -42.310761399999897, -6.84101159999994 ], [ -42.3096057, -6.84056519999996 ], [ -42.308852199999897, -6.83986569999996 ], [ -42.3084102, -6.83784279999998 ], [ -42.3080664, -6.83692169999995 ], [ -42.3076837999999, -6.83652909999995 ], [ -42.307014299999899, -6.83558049999994 ], [ -42.306101899999902, -6.83369619999996 ], [ -42.3055904, -6.83177269999993 ], [ -42.3053747, -6.83008759999996 ], [ -42.3051712, -6.82805029999997 ], [ -42.303965499999897, -6.82655689999996 ], [ -42.3016923, -6.82500349999998 ], [ -42.301062499999901, -6.824803 ], [ -42.300452199999903, -6.82493109999996 ], [ -42.2999814, -6.82548069999996 ], [ -42.2981597, -6.82898249999994 ], [ -42.2975964, -6.82979439999997 ], [ -42.2943782, -6.832411 ], [ -42.292172, -6.83311879999997 ], [ -42.2901231, -6.83405029999994 ], [ -42.289025299999899, -6.83470779999993 ], [ -42.2881813, -6.83628729999998 ], [ -42.288135, -6.83700849999997 ], [ -42.288885799999903, -6.83949589999997 ], [ -42.2896362, -6.84148139999996 ], [ -42.289990799999899, -6.84467419999993 ], [ -42.289619199999898, -6.84563479999997 ], [ -42.288377, -6.84847879999995 ], [ -42.2879751, -6.84988279999993 ], [ -42.2873552, -6.85048919999997 ], [ -42.2868384, -6.85285749999997 ], [ -42.288133899999899, -6.85588029999997 ], [ -42.2894661999999, -6.86059189999997 ], [ -42.289331499999903, -6.863137 ], [ -42.2890029, -6.86508179999993 ], [ -42.289361799999902, -6.86663909999993 ], [ -42.288672899999902, -6.86895829999997 ], [ -42.2888513, -6.87061959999994 ], [ -42.289284, -6.87104319999997 ], [ -42.292174499999902, -6.87325279999993 ], [ -42.292872, -6.87427489999993 ], [ -42.2929091, -6.87520209999997 ], [ -42.2924073, -6.87624929999993 ], [ -42.2914938, -6.87776 ], [ -42.2905828, -6.87849629999994 ], [ -42.2890801, -6.87881839999994 ], [ -42.286554899999899, -6.87889149999995 ], [ -42.283437499999899, -6.87878749999993 ], [ -42.281543699999901, -6.87817849999993 ], [ -42.2804138, -6.877469 ], [ -42.279271799999897, -6.87623589999993 ], [ -42.2783853, -6.87479279999997 ], [ -42.2761996, -6.87184149999996 ], [ -42.2727823, -6.86858059999997 ], [ -42.2709631, -6.86830659999993 ], [ -42.2694678, -6.86809359999995 ], [ -42.2681683, -6.86784789999996 ], [ -42.2661879, -6.86803809999998 ], [ -42.2650844, -6.86784419999998 ], [ -42.2630768, -6.86733679999998 ], [ -42.2618295, -6.86645689999995 ], [ -42.260800399999901, -6.865944 ], [ -42.258046099999902, -6.86479 ], [ -42.2572385, -6.86440579999993 ], [ -42.2562348, -6.86448739999997 ], [ -42.253346, -6.86464079999996 ], [ -42.252000199999898, -6.86416629999997 ], [ -42.249989099999901, -6.86408679999994 ], [ -42.2487451, -6.86450169999995 ], [ -42.2475812, -6.86533439999994 ], [ -42.2450833, -6.86638779999993 ], [ -42.243797099999902, -6.86725419999993 ], [ -42.242584, -6.86751819999995 ], [ -42.2384936, -6.86878029999997 ], [ -42.2372912, -6.86967449999997 ], [ -42.2368576, -6.87020189999993 ], [ -42.236552399999901, -6.87357019999996 ], [ -42.2366653, -6.87473439999997 ], [ -42.2388711, -6.88154709999998 ], [ -42.2401733, -6.88591189999994 ], [ -42.2411893, -6.89183759999997 ], [ -42.2419492, -6.89585959999994 ], [ -42.2416547, -6.89926249999996 ], [ -42.2412217, -6.90135679999997 ], [ -42.240501499999901, -6.90339739999996 ], [ -42.2398785, -6.90428219999995 ], [ -42.2363793, -6.90715019999993 ], [ -42.2314233, -6.91123219999997 ], [ -42.2302731999999, -6.91188559999995 ], [ -42.2293453, -6.91285849999997 ], [ -42.2285439, -6.91365359999998 ], [ -42.227243299999898, -6.91414869999994 ], [ -42.2261784, -6.91432689999993 ], [ -42.2215664, -6.915008 ], [ -42.219969999999897, -6.91555989999995 ], [ -42.217799199999902, -6.91670889999995 ], [ -42.2150253, -6.91825939999995 ], [ -42.2099433, -6.92098159999995 ], [ -42.2087245, -6.92122269999993 ], [ -42.20772, -6.92157339999994 ], [ -42.2070169, -6.921613 ], [ -42.206585699999899, -6.92165019999993 ], [ -42.2061256, -6.92220239999995 ], [ -42.2057594999999, -6.92232539999998 ], [ -42.2054719, -6.92212749999993 ], [ -42.2051542, -6.92172649999998 ], [ -42.2040335, -6.92061249999995 ], [ -42.2028038, -6.91889679999997 ], [ -42.2023517, -6.91817249999997 ], [ -42.2020807, -6.91773839999996 ], [ -42.2014019, -6.91632589999995 ], [ -42.200963499999901, -6.91500409999998 ], [ -42.200985499999902, -6.914811 ], [ -42.2013252, -6.91456029999995 ], [ -42.2023919, -6.91417829999995 ], [ -42.204798099999898, -6.91324209999993 ], [ -42.2051584, -6.91282469999993 ], [ -42.2055994, -6.91196739999998 ], [ -42.205474299999899, -6.91137349999997 ], [ -42.2050537, -6.91095739999997 ], [ -42.2040079, -6.90938319999998 ], [ -42.2019379, -6.90850729999994 ], [ -42.200174699999899, -6.90767269999998 ], [ -42.1985359, -6.90684889999994 ], [ -42.1973632999999, -6.90658119999995 ], [ -42.1963718, -6.90632189999997 ], [ -42.1950624, -6.90468059999995 ], [ -42.1947244, -6.90363159999993 ], [ -42.1936702, -6.90187289999994 ], [ -42.191881599999903, -6.90081079999993 ], [ -42.1906149, -6.900593 ], [ -42.189672899999898, -6.90114029999995 ], [ -42.1884509, -6.90154229999996 ], [ -42.1878470999999, -6.90148319999997 ], [ -42.1874425, -6.90109249999995 ], [ -42.1871957, -6.90041789999998 ], [ -42.1866621, -6.89931519999993 ], [ -42.186229099999899, -6.89854109999993 ], [ -42.1854235, -6.89800419999995 ], [ -42.184778799999897, -6.89790579999993 ], [ -42.1841355, -6.89815179999994 ], [ -42.182288399999898, -6.89901279999998 ], [ -42.1816295, -6.89901879999996 ], [ -42.180705499999902, -6.89874889999993 ], [ -42.1795226, -6.89815349999998 ], [ -42.178814, -6.89800359999998 ], [ -42.178109699999901, -6.89825289999993 ], [ -42.1776591, -6.898971 ], [ -42.1769002999999, -6.89982209999994 ], [ -42.1766047, -6.89988889999995 ], [ -42.176387799999901, -6.89972529999994 ], [ -42.175945399999897, -6.89848959999995 ], [ -42.175631699999897, -6.89679 ], [ -42.1756559, -6.89554579999998 ], [ -42.17583, -6.89374129999993 ], [ -42.1762759, -6.89291849999995 ], [ -42.1771497, -6.89157139999998 ], [ -42.1772756, -6.89097029999994 ], [ -42.1771309, -6.89048009999993 ], [ -42.176654299999903, -6.88995869999997 ], [ -42.1760672, -6.88972229999996 ], [ -42.175590199999903, -6.889242 ], [ -42.1752767, -6.88857589999998 ], [ -42.1754005, -6.88816949999995 ], [ -42.175846099999902, -6.88768569999996 ], [ -42.1767254, -6.88718009999997 ], [ -42.1775377, -6.88638619999995 ], [ -42.1784014, -6.885054 ], [ -42.178491699999903, -6.88448879999993 ], [ -42.1781492, -6.88339 ], [ -42.177411699999901, -6.88188369999995 ], [ -42.176512199999898, -6.88140579999992 ], [ -42.1753955, -6.88091369999995 ], [ -42.1743779, -6.880232 ], [ -42.174071, -6.879436 ], [ -42.1736595, -6.87800769999996 ], [ -42.1727547, -6.87712829999998 ], [ -42.172264799999901, -6.87657 ], [ -42.172223, -6.87622879999998 ], [ -42.1725096, -6.87550859999993 ], [ -42.1726901, -6.87467139999995 ], [ -42.172548199999902, -6.87421739999996 ], [ -42.172215999999899, -6.87409559999998 ], [ -42.1716092, -6.87407169999994 ], [ -42.169640699999903, -6.87421449999994 ], [ -42.1686453, -6.87387379999996 ], [ -42.167724399999898, -6.87337549999995 ], [ -42.1672421, -6.87171169999993 ], [ -42.1669687, -6.87131569999997 ], [ -42.1662391999999, -6.87096359999993 ], [ -42.1649522, -6.87043649999993 ], [ -42.1644572, -6.87053729999997 ], [ -42.1636392, -6.87082059999994 ], [ -42.162328, -6.87055959999998 ], [ -42.1615365, -6.87011819999998 ], [ -42.16026, -6.86927339999994 ], [ -42.157912699999898, -6.86833089999993 ], [ -42.1577576, -6.86800909999994 ], [ -42.157953, -6.86745729999996 ], [ -42.1578577, -6.86722789999993 ], [ -42.1574515, -6.86690239999996 ], [ -42.1571134, -6.86658039999998 ], [ -42.155825299999897, -6.86641129999992 ], [ -42.154176, -6.86584859999994 ], [ -42.153625799999901, -6.86545139999993 ], [ -42.1535908, -6.86493689999998 ], [ -42.1537387, -6.86408259999996 ], [ -42.1541427, -6.863284 ], [ -42.155251099999901, -6.86015979999996 ], [ -42.1559324, -6.85911 ], [ -42.157101, -6.85761759999997 ], [ -42.1574318, -6.85666659999993 ], [ -42.1583544, -6.85519389999996 ], [ -42.1589883, -6.85486369999995 ], [ -42.159767299999899, -6.85481769999996 ], [ -42.160785099999899, -6.85479019999997 ], [ -42.161077299999903, -6.85463319999997 ], [ -42.1611948, -6.85421959999996 ], [ -42.161133699999901, -6.85389819999995 ], [ -42.160832, -6.85355559999994 ], [ -42.160017, -6.85306959999997 ], [ -42.1593937, -6.85305539999996 ], [ -42.1581662, -6.85286539999993 ], [ -42.1575764, -6.85264389999998 ], [ -42.1557897, -6.85173659999998 ], [ -42.1539442, -6.85129719999998 ], [ -42.1528539, -6.85107269999997 ], [ -42.1522029, -6.85100979999993 ], [ -42.1510496, -6.85060539999995 ], [ -42.1497644, -6.850504 ], [ -42.149179499999903, -6.85057409999996 ], [ -42.1482478, -6.85096289999996 ], [ -42.1475586, -6.85104619999993 ], [ -42.1462832, -6.85084229999995 ], [ -42.1460673999999, -6.85057179999995 ], [ -42.146026199999902, -6.85009239999994 ], [ -42.145784, -6.84971 ], [ -42.1454259, -6.84962289999993 ], [ -42.1449492, -6.84977339999995 ], [ -42.1442201, -6.84986809999998 ], [ -42.1423988, -6.84980609999997 ], [ -42.141923, -6.84973349999996 ], [ -42.1417284999999, -6.84946039999994 ], [ -42.1413315, -6.84895689999996 ], [ -42.1409292, -6.84869909999998 ], [ -42.1406302, -6.84871129999993 ], [ -42.1401101, -6.84893159999996 ], [ -42.1395434, -6.84892229999997 ], [ -42.1389918, -6.84932649999996 ], [ -42.1383135, -6.85013269999996 ], [ -42.137694199999899, -6.85062169999998 ], [ -42.1370656, -6.85061759999996 ], [ -42.136515, -6.850312 ], [ -42.136503499999897, -6.84996689999997 ], [ -42.1364708, -6.84912759999997 ], [ -42.136397499999902, -6.84843669999998 ], [ -42.136171499999897, -6.84794049999994 ], [ -42.1356718, -6.84778069999993 ], [ -42.1348128, -6.84760429999994 ], [ -42.133270799999899, -6.84698929999996 ], [ -42.132265, -6.84616159999996 ], [ -42.131833899999897, -6.84580679999993 ], [ -42.1310321999999, -6.84546049999994 ], [ -42.1303048, -6.84546219999993 ], [ -42.129217099999899, -6.84609129999996 ], [ -42.1285788, -6.846006 ], [ -42.127016, -6.84522569999996 ], [ -42.1254789, -6.84416539999995 ], [ -42.124657, -6.84314629999994 ], [ -42.1244473, -6.84237489999992 ], [ -42.123698299999901, -6.84126619999995 ], [ -42.123163299999902, -6.83995689999995 ], [ -42.122941, -6.83912539999994 ], [ -42.122971, -6.83716669999995 ], [ -42.122923199999903, -6.83684559999995 ], [ -42.1226794, -6.83668459999996 ], [ -42.122217799999902, -6.83667179999998 ], [ -42.1211211, -6.83686809999995 ], [ -42.1201389, -6.83670509999996 ], [ -42.118944199999902, -6.83618359999997 ], [ -42.1180443, -6.83543479999997 ], [ -42.1162993, -6.83494249999995 ], [ -42.115898699999903, -6.83444609999998 ], [ -42.115720199999899, -6.83400889999996 ], [ -42.1157928, -6.83357849999993 ], [ -42.116065499999898, -6.83325279999997 ], [ -42.116079899999903, -6.83292749999993 ], [ -42.1154832, -6.83255159999993 ], [ -42.115058599999898, -6.83208009999993 ], [ -42.1150895, -6.83178429999998 ], [ -42.1153333, -6.83151549999997 ], [ -42.1158644, -6.83137649999998 ], [ -42.116494, -6.83111859999997 ], [ -42.117070899999902, -6.83062279999996 ], [ -42.117209199999898, -6.830086 ], [ -42.1174836, -6.829731 ], [ -42.1182307, -6.82811459999994 ], [ -42.1181584999999, -6.827821 ], [ -42.1178077, -6.82770089999997 ], [ -42.1173021, -6.82770719999996 ], [ -42.1169442, -6.82741229999993 ], [ -42.116783499999897, -6.82688519999994 ], [ -42.1166172, -6.82651809999993 ], [ -42.1160474, -6.82611639999993 ], [ -42.1150431, -6.82602429999997 ], [ -42.1143102, -6.82559359999993 ], [ -42.113810199999897, -6.82501279999997 ], [ -42.1137667, -6.82432979999993 ], [ -42.113952099999899, -6.82363059999994 ], [ -42.1142254, -6.82342009999996 ], [ -42.1146747, -6.82331389999996 ], [ -42.115824, -6.82340459999995 ], [ -42.116148699999897, -6.82313049999993 ], [ -42.1162689, -6.82263989999996 ], [ -42.1165212, -6.82139189999998 ], [ -42.116950099999897, -6.81996209999994 ], [ -42.117398599999902, -6.81954959999996 ], [ -42.117863699999901, -6.81936909999996 ], [ -42.118271299999897, -6.81928259999995 ], [ -42.1188328, -6.81921979999993 ], [ -42.1191746, -6.8189 ], [ -42.119513799999901, -6.81864989999997 ], [ -42.1199735, -6.81841989999998 ], [ -42.1206098, -6.81842159999997 ], [ -42.121089099999899, -6.81815469999998 ], [ -42.1213006, -6.817803 ], [ -42.1214461, -6.817327 ], [ -42.121654799999902, -6.81716989999995 ], [ -42.1219532, -6.817089 ], [ -42.1224003, -6.81724029999998 ], [ -42.122789399999903, -6.81721309999995 ], [ -42.1229652, -6.81706419999995 ], [ -42.123023799999899, -6.81682829999994 ], [ -42.1231023, -6.81651249999993 ], [ -42.123112299999903, -6.81546429999997 ], [ -42.123482399999901, -6.81382529999996 ], [ -42.123919199999897, -6.81311769999996 ], [ -42.1244869, -6.81288709999995 ], [ -42.125469, -6.81260509999993 ], [ -42.1258526, -6.81237 ], [ -42.126124499999896, -6.811844 ], [ -42.126123499999899, -6.81081739999996 ], [ -42.125832699999897, -6.80982039999998 ], [ -42.125328399999901, -6.80866629999997 ], [ -42.125257, -6.80815409999997 ], [ -42.125395, -6.80745659999997 ], [ -42.125430999999899, -6.80707639999997 ], [ -42.125093499999899, -6.80691309999997 ], [ -42.1242022, -6.80691169999994 ], [ -42.123530899999899, -6.80768279999995 ], [ -42.122991899999903, -6.80794549999996 ], [ -42.122418799999899, -6.80776479999997 ], [ -42.1218761, -6.80735889999994 ], [ -42.1215488, -6.80684059999993 ], [ -42.121515299999899, -6.80595159999996 ], [ -42.1216623, -6.80506649999995 ], [ -42.1220943, -6.80393739999994 ], [ -42.122003999999897, -6.803837 ], [ -42.121652, -6.803313 ], [ -42.121506, -6.802861 ], [ -42.121337, -6.801719 ], [ -42.121183, -6.80114 ], [ -42.120921, -6.800641 ], [ -42.120505, -6.800177 ], [ -42.120166, -6.799883 ], [ -42.119475, -6.799565 ], [ -42.118591, -6.799386 ], [ -42.116869999999899, -6.799165 ], [ -42.116354999999899, -6.799007 ], [ -42.115431, -6.798608 ], [ -42.113203999999897, -6.797505 ], [ -42.112392999999898, -6.796973 ], [ -42.112052999999896, -6.796641 ], [ -42.111696, -6.796139 ], [ -42.111396, -6.795504 ], [ -42.111297, -6.795121 ], [ -42.111199, -6.794588 ], [ -42.110913, -6.791522 ], [ -42.110366999999897, -6.785817 ], [ -42.110427, -6.784969 ], [ -42.11047, -6.784297 ], [ -42.111067999999896, -6.782695 ], [ -42.111913, -6.780579 ], [ -42.11328, -6.777026 ], [ -42.11349, -6.776314 ], [ -42.113537999999899, -6.775795 ], [ -42.113525, -6.775177 ], [ -42.113323, -6.773243 ], [ -42.113289, -6.772864 ], [ -42.112997, -6.770065 ], [ -42.112808, -6.768417 ], [ -42.1126135, -6.766522 ], [ -42.112478, -6.765202 ], [ -42.111574, -6.756585 ], [ -42.111449999999898, -6.755337 ], [ -42.111458, -6.754843 ], [ -42.111736999999899, -6.754344 ], [ -42.112544, -6.753603 ], [ -42.114074, -6.752229 ], [ -42.114593, -6.751931 ], [ -42.115091, -6.751824 ], [ -42.115589, -6.751841 ], [ -42.116014, -6.751918 ], [ -42.117048, -6.752191 ], [ -42.117455999999898, -6.752118 ], [ -42.119372999999896, -6.751551 ], [ -42.119599999999899, -6.751359 ], [ -42.119887999999897, -6.75081 ], [ -42.120111, -6.750669 ], [ -42.120682, -6.75055 ], [ -42.121403, -6.750088 ], [ -42.121652, -6.749973 ], [ -42.122111, -6.749995 ], [ -42.122935, -6.749973 ], [ -42.123364, -6.74979 ], [ -42.123574, -6.749564 ], [ -42.123789, -6.74907 ], [ -42.123964, -6.748752 ], [ -42.125084, -6.7479 ], [ -42.12535, -6.747836 ], [ -42.125878, -6.747883 ], [ -42.126144, -6.747772 ], [ -42.126280999999899, -6.747572 ], [ -42.126393, -6.747291 ], [ -42.126556, -6.746984 ], [ -42.127265, -6.746335 ], [ -42.128248, -6.745441 ], [ -42.128544, -6.745313 ], [ -42.128819, -6.745313 ], [ -42.129426, -6.745451 ], [ -42.129894, -6.745396 ], [ -42.130284, -6.745247 ], [ -42.130791, -6.744833 ], [ -42.131121, -6.744748 ], [ -42.132044, -6.744731 ], [ -42.132353, -6.744608 ], [ -42.132562999999898, -6.744327 ], [ -42.132703999999897, -6.743865 ], [ -42.133158, -6.742366 ], [ -42.133633, -6.74095 ], [ -42.134225, -6.739621 ], [ -42.135849, -6.735979 ], [ -42.137607, -6.7321 ], [ -42.137634999999896, -6.732043 ], [ -42.139412999999898, -6.72808 ], [ -42.139714, -6.727308 ], [ -42.139834, -6.726655 ], [ -42.139904999999899, -6.726084 ], [ -42.139943, -6.725534 ], [ -42.140065999999898, -6.72212 ], [ -42.140383, -6.713296 ], [ -42.140563, -6.70985 ], [ -42.140705, -6.705493 ], [ -42.140876999999897, -6.704086 ], [ -42.1447406999999, -6.65913929999994 ], [ -42.1447613, -6.65889949999996 ], [ -42.1460443, -6.64397489999993 ], [ -42.146163999999899, -6.642582 ], [ -42.1461682999999, -6.642547 ], [ -42.146104799999897, -6.64253889999998 ], [ -42.145224, -6.64248989999993 ], [ -42.1436251, -6.64377739999998 ], [ -42.142921699999903, -6.64379629999996 ], [ -42.140566799999903, -6.64279969999996 ], [ -42.1392054, -6.64234969999995 ], [ -42.1387549, -6.64229329999995 ], [ -42.1385263, -6.64226469999994 ], [ -42.1380066, -6.642287 ], [ -42.136971699999897, -6.642695 ], [ -42.136057, -6.64296139999993 ], [ -42.1354135999999, -6.64301 ], [ -42.1346329, -6.643307 ], [ -42.134215, -6.64360189999996 ], [ -42.1338129, -6.64401689999994 ], [ -42.1333131, -6.64453279999998 ], [ -42.1241557, -6.64445949999993 ], [ -42.1225046, -6.64428079999993 ], [ -42.064797499999898, -6.63802519999996 ], [ -42.0430355, -6.62748239999996 ], [ -42.0009062, -6.61764579999993 ], [ -42.0008769, -6.61763889999997 ], [ -41.9992751, -6.61726489999995 ], [ -41.9992194, -6.61725189999993 ], [ -41.9981581, -6.61700379999996 ], [ -41.9882208, -6.62086379999994 ], [ -41.9276249, -6.64438759999996 ], [ -41.927183699999901, -6.64455849999996 ], [ -41.9218988, -6.64660949999995 ], [ -41.9328768, -6.67002629999996 ], [ -41.931980199999899, -6.67614519999995 ], [ -41.931778699999903, -6.67923079999997 ], [ -41.9170525, -6.73869329999997 ], [ -41.9166799, -6.74019769999995 ], [ -41.916554899999902, -6.79020909999997 ], [ -41.916554699999899, -6.79027169999995 ], [ -41.916553, -6.79096629999998 ], [ -41.9165523, -6.79106709999996 ], [ -41.9164481, -6.830021 ], [ -41.9162087999999, -6.83019269999994 ], [ -41.916908299999903, -6.83038669999996 ], [ -41.917524199999903, -6.830692 ], [ -41.9182875, -6.83127439999993 ], [ -41.918870399999903, -6.83139619999997 ], [ -41.919411, -6.83161349999995 ], [ -41.919661899999902, -6.83183429999997 ], [ -41.919893199999898, -6.83210169999995 ], [ -41.9202332, -6.83217349999995 ], [ -41.9206818, -6.83217409999997 ], [ -41.921005, -6.83213189999998 ], [ -41.921168899999898, -6.83223159999994 ], [ -41.921569599999899, -6.83260219999994 ], [ -41.9217776, -6.83284129999993 ], [ -41.9221625, -6.832958 ], [ -41.9224843, -6.83303659999996 ], [ -41.922657699999903, -6.83300139999994 ], [ -41.922899399999899, -6.83276559999996 ], [ -41.923345099999899, -6.83234849999997 ], [ -41.923544299999897, -6.83226049999996 ], [ -41.9239823999999, -6.83216769999996 ], [ -41.924252, -6.83203759999998 ], [ -41.924611599999899, -6.83172869999993 ], [ -41.9248876999999, -6.830916 ], [ -41.925152899999901, -6.83057909999997 ], [ -41.9255555, -6.83027429999993 ], [ -41.9261092, -6.83008719999998 ], [ -41.928299099999897, -6.83064729999995 ], [ -41.928607, -6.83038409999995 ], [ -41.9289952, -6.83016539999994 ], [ -41.9292244, -6.83016579999997 ], [ -41.9293875, -6.83039339999993 ], [ -41.929515099999897, -6.83066489999993 ], [ -41.9298544, -6.830955 ], [ -41.9300744, -6.83135229999993 ], [ -41.930392099999899, -6.83201409999998 ], [ -41.931547, -6.83358 ], [ -41.9318703, -6.83402169999994 ], [ -41.932067699999898, -6.83418129999995 ], [ -41.932474199999902, -6.83449729999995 ], [ -41.932627, -6.83473139999995 ], [ -41.9327385, -6.83492169999994 ], [ -41.9329028, -6.83520229999993 ], [ -41.9329537, -6.83523879999996 ], [ -41.9337231, -6.83579029999993 ], [ -41.9341037, -6.83605569999997 ], [ -41.9343708, -6.83622179999998 ], [ -41.934509299999903, -6.83632989999995 ], [ -41.934642799999899, -6.83646489999995 ], [ -41.934680199999903, -6.83651249999997 ], [ -41.934726699999899, -6.83657169999998 ], [ -41.9347763, -6.83666519999997 ], [ -41.9347979, -6.83674559999997 ], [ -41.934803, -6.83676479999997 ], [ -41.9348525999999, -6.83690169999994 ], [ -41.934829099999902, -6.83711589999996 ], [ -41.9347215, -6.83719989999997 ], [ -41.934635199999903, -6.83724829999994 ], [ -41.934599799999901, -6.837272 ], [ -41.9344634999999, -6.83736319999997 ], [ -41.9344063, -6.83739519999995 ], [ -41.9343491, -6.83742189999998 ], [ -41.9342918, -6.83745479999993 ], [ -41.9342308, -6.83749149999994 ], [ -41.9341697999999, -6.83752489999995 ], [ -41.934116399999901, -6.83755679999996 ], [ -41.9340553, -6.83758689999996 ], [ -41.933998099999897, -6.83762309999997 ], [ -41.9339371, -6.83765319999998 ], [ -41.9338837, -6.83768509999993 ], [ -41.933826399999901, -6.83771509999997 ], [ -41.9337654, -6.83775 ], [ -41.9337006, -6.83779 ], [ -41.9336433, -6.83782669999994 ], [ -41.9335507, -6.83787589999997 ], [ -41.9335632, -6.83788819999995 ], [ -41.9336433, -6.83799169999998 ], [ -41.933742499999902, -6.83813189999995 ], [ -41.9338531, -6.83831309999994 ], [ -41.9339636999999, -6.83851549999997 ], [ -41.934174799999901, -6.83892409999993 ], [ -41.9343258, -6.83921649999996 ], [ -41.9344927, -6.83949889999997 ], [ -41.9347716, -6.84012639999997 ], [ -41.9350413, -6.84103969999995 ], [ -41.935267699999898, -6.841526 ], [ -41.935314199999901, -6.84165 ], [ -41.93536, -6.84180829999997 ], [ -41.935405699999897, -6.84199 ], [ -41.9354668, -6.84215829999994 ], [ -41.9355545, -6.84233859999995 ], [ -41.9356461, -6.842535 ], [ -41.9357338, -6.84276819999997 ], [ -41.935787199999901, -6.84292979999998 ], [ -41.935833, -6.84308669999996 ], [ -41.935894, -6.84324979999997 ], [ -41.935955099999902, -6.84334559999996 ], [ -41.9359856, -6.84339329999995 ], [ -41.936005, -6.84340839999993 ], [ -41.936063499999896, -6.84345379999996 ], [ -41.9362862, -6.84362349999998 ], [ -41.9365541, -6.84384389999997 ], [ -41.9367068, -6.84396339999995 ], [ -41.936856799999902, -6.84408339999993 ], [ -41.937067399999897, -6.84425149999993 ], [ -41.9372089, -6.84436979999998 ], [ -41.9372559, -6.84438989999995 ], [ -41.937533599999902, -6.84444219999995 ], [ -41.9381049, -6.844413 ], [ -41.9389515, -6.84408729999996 ], [ -41.939105, -6.84411819999997 ], [ -41.9399443, -6.844528 ], [ -41.9406159, -6.844692 ], [ -41.9411105, -6.84466319999996 ], [ -41.941575, -6.84475229999993 ], [ -41.941936499999898, -6.84476749999993 ], [ -41.9425404, -6.84486329999993 ], [ -41.9429177, -6.84510179999995 ], [ -41.943074399999901, -6.84510919999997 ], [ -41.9434158, -6.845347 ], [ -41.943873799999899, -6.84551619999996 ], [ -41.943990299999903, -6.84566789999997 ], [ -41.9441203, -6.84569809999994 ], [ -41.9444723, -6.84569109999995 ], [ -41.9451164, -6.84591579999994 ], [ -41.9452479, -6.84590859999997 ], [ -41.945499299999902, -6.84599749999995 ], [ -41.9456668, -6.84599039999995 ], [ -41.9460549, -6.84553459999995 ], [ -41.946205099999901, -6.84547389999994 ], [ -41.9466877999999, -6.84554319999995 ], [ -41.946988299999902, -6.84594809999993 ], [ -41.947051, -6.84607319999998 ], [ -41.9470678, -6.846491 ], [ -41.9473351, -6.84698579999997 ], [ -41.947368599999898, -6.84729649999997 ], [ -41.9474991, -6.84750859999997 ], [ -41.9480565, -6.84780889999996 ], [ -41.9486319, -6.84850019999993 ], [ -41.948825699999901, -6.84852969999997 ], [ -41.949351099999902, -6.84889789999994 ], [ -41.9503683, -6.84961 ], [ -41.9509431, -6.84979689999994 ], [ -41.951282299999903, -6.85000019999995 ], [ -41.9515853, -6.85039909999995 ], [ -41.9516669, -6.85067539999994 ], [ -41.9517566, -6.85109409999995 ], [ -41.9518588, -6.85119669999995 ], [ -41.952088699999898, -6.85129719999998 ], [ -41.9522382, -6.85145779999993 ], [ -41.952397399999903, -6.85173149999997 ], [ -41.9524301, -6.85197909999994 ], [ -41.9524997, -6.85236879999997 ], [ -41.9526776, -6.85270649999995 ], [ -41.954265, -6.85377479999994 ], [ -41.955991, -6.85482749999994 ], [ -41.9576642, -6.85570229999996 ], [ -41.9590206, -6.85629189999997 ], [ -41.9594198, -6.85641309999994 ], [ -41.959602, -6.85646249999996 ], [ -41.959708799999902, -6.85662849999994 ], [ -41.959861499999903, -6.85688779999998 ], [ -41.960129799999898, -6.85691239999994 ], [ -41.9604275, -6.85691 ], [ -41.960657099999899, -6.85706749999997 ], [ -41.9613113, -6.85790229999998 ], [ -41.963354, -6.85999459999994 ], [ -41.9634784, -6.86019379999993 ], [ -41.9638439, -6.86134109999995 ], [ -41.9640843, -6.86206559999994 ], [ -41.9646053, -6.86447139999996 ], [ -41.9648438, -6.86524779999996 ], [ -41.9647947, -6.86559059999996 ], [ -41.9643376, -6.867283 ], [ -41.9640007, -6.86880479999996 ], [ -41.9636004, -6.86914359999997 ], [ -41.9632025, -6.86917019999993 ], [ -41.962279099999897, -6.86940129999994 ], [ -41.9620348999999, -6.86965919999994 ], [ -41.9615745, -6.87054179999996 ], [ -41.961622, -6.87095179999994 ], [ -41.9619005, -6.87179309999993 ], [ -41.9623172, -6.87197129999993 ], [ -41.9626352, -6.87217379999993 ], [ -41.962751099999899, -6.87229089999994 ], [ -41.9629115, -6.87271239999995 ], [ -41.963790399999901, -6.87360529999995 ], [ -41.9642469, -6.874019 ], [ -41.964565, -6.87439739999996 ], [ -41.964988499999897, -6.87515289999993 ], [ -41.9651941, -6.87587979999995 ], [ -41.9653051, -6.87665189999996 ], [ -41.965086799999902, -6.87964789999995 ], [ -41.965018799999903, -6.88082519999995 ], [ -41.9650263, -6.88089119999995 ], [ -41.9650503, -6.88110089999998 ], [ -41.9653521, -6.881176 ], [ -41.966088, -6.88120479999998 ], [ -41.9663998999999, -6.88130449999994 ], [ -41.9666339, -6.88148249999995 ], [ -41.967137599999901, -6.88236079999996 ], [ -41.9684854, -6.88448829999993 ], [ -41.970091399999902, -6.88705609999994 ], [ -41.9719018, -6.8902 ], [ -41.9726932, -6.89145749999994 ], [ -41.973113199999901, -6.89176949999995 ], [ -41.973487, -6.89217109999993 ], [ -41.9739618999999, -6.89252739999995 ], [ -41.974495299999901, -6.89319559999996 ], [ -41.9752582, -6.89379339999994 ], [ -41.9760562, -6.89422579999996 ], [ -41.9762703, -6.89436789999996 ], [ -41.9765854, -6.89499969999997 ], [ -41.9768677, -6.89574259999995 ], [ -41.9772543999999, -6.89635579999998 ], [ -41.9777218, -6.89691269999997 ], [ -41.9780071, -6.89740239999998 ], [ -41.9782744, -6.89798989999997 ], [ -41.9784051, -6.89850529999995 ], [ -41.9787545, -6.89916639999996 ], [ -41.9788743, -6.89989589999993 ], [ -41.9789301, -6.90366569999998 ], [ -41.979002299999898, -6.90416809999994 ], [ -41.9791494, -6.90429869999997 ], [ -41.9811415, -6.905186 ], [ -41.982009199999901, -6.90524389999996 ], [ -41.9825223, -6.90519759999995 ], [ -41.982909199999902, -6.90535559999995 ], [ -41.9833601999999, -6.90672989999996 ], [ -41.983708799999903, -6.90738729999993 ], [ -41.983881499999903, -6.90941879999997 ], [ -41.9839435, -6.911103 ], [ -41.9846176, -6.91283519999996 ], [ -41.986027, -6.914616 ], [ -41.986551, -6.915528 ], [ -41.987774, -6.915984 ], [ -41.987989, -6.916282 ], [ -41.988212, -6.916674 ], [ -41.988761, -6.916955 ], [ -41.989456, -6.917474 ], [ -41.990358, -6.918368 ], [ -41.990787, -6.91882 ], [ -41.991122, -6.919467 ], [ -41.991293, -6.920395 ], [ -41.991013, -6.921687 ], [ -41.990592999999897, -6.924374 ], [ -41.990508, -6.92459 ], [ -41.990134, -6.924978 ], [ -41.99004, -6.925046 ], [ -41.989893, -6.925531 ], [ -41.989773, -6.925752 ], [ -41.989776999999897, -6.925991 ], [ -41.990837, -6.926966 ], [ -41.9923, -6.928159 ], [ -41.992317, -6.928746 ], [ -41.992291, -6.930833 ], [ -41.992187, -6.932662 ], [ -41.991904, -6.935396 ], [ -41.991649, -6.937729 ], [ -41.991262999999897, -6.940505 ], [ -41.991194, -6.94093 ], [ -41.991023, -6.942003 ], [ -41.990714, -6.943613 ], [ -41.990243899999903, -6.94588269999997 ], [ -41.991322399999902, -6.94623679999995 ], [ -42.002561, -6.951755 ], [ -42.002355, -6.952015 ], [ -41.9998547, -6.95419539999995 ], [ -41.9991358, -6.95609949999994 ], [ -41.9976723999999, -6.95777349999997 ], [ -41.9973398, -6.95877089999993 ], [ -41.996804499999897, -6.95987389999993 ], [ -41.9962661, -6.96035719999998 ], [ -41.995082399999902, -6.96055439999998 ], [ -41.9930206, -6.96124329999998 ], [ -41.991887399999897, -6.96186669999997 ], [ -41.9909072, -6.96287719999998 ], [ -41.9904185, -6.96355809999994 ], [ -41.9897344, -6.96451139999994 ], [ -41.988656999999897, -6.96556989999993 ], [ -41.986594599999897, -6.96701819999993 ], [ -41.9843326, -6.96798789999997 ], [ -41.9823802, -6.97106319999995 ], [ -41.9810734, -6.97199289999998 ], [ -41.9801482, -6.97234249999997 ], [ -41.979679599999898, -6.97275309999998 ], [ -41.9787378, -6.97409369999997 ], [ -41.9775607999999, -6.97490619999996 ], [ -41.976501, -6.97496569999993 ], [ -41.975842, -6.975508 ], [ -41.975173299999902, -6.97572749999995 ], [ -41.97488, -6.975853 ], [ -41.974514999999897, -6.97621 ], [ -41.973996, -6.976929 ], [ -41.973653, -6.977513 ], [ -41.973114, -6.977757 ], [ -41.972265, -6.977884 ], [ -41.971801, -6.978182 ], [ -41.971398, -6.978293 ], [ -41.970788, -6.978591 ], [ -41.970599, -6.978927 ], [ -41.970423, -6.979131 ], [ -41.970075999999899, -6.979246 ], [ -41.969887, -6.979284 ], [ -41.969801, -6.979421 ], [ -41.969908, -6.979608 ], [ -41.969973, -6.979885 ], [ -41.970346, -6.980106 ], [ -41.97058, -6.980235 ], [ -41.97058, -6.980814 ], [ -41.970228, -6.981346 ], [ -41.969911, -6.981499 ], [ -41.969575, -6.98196 ], [ -41.969381999999896, -6.982156 ], [ -41.969355999999898, -6.982492 ], [ -41.969871, -6.983122 ], [ -41.970036, -6.983408 ], [ -41.970049, -6.983527 ], [ -41.970101, -6.983765 ], [ -41.96977, -6.984131 ], [ -41.968787, -6.98454 ], [ -41.967959, -6.984778 ], [ -41.967461, -6.984787 ], [ -41.967148, -6.984817 ], [ -41.966984, -6.985169 ], [ -41.967022, -6.985458 ], [ -41.9671893, -6.98599829999995 ], [ -41.967349, -6.986514 ], [ -41.967456, -6.987016 ], [ -41.966971, -6.987374 ], [ -41.966556, -6.987588 ], [ -41.966285, -6.987759 ], [ -41.96626, -6.988082 ], [ -41.966543, -6.98847 ], [ -41.966989, -6.988751 ], [ -41.967122, -6.988963 ], [ -41.966938, -6.989278 ], [ -41.966636999999899, -6.989521 ], [ -41.966225, -6.989525 ], [ -41.9660173, -6.98943179999998 ], [ -41.9658803, -6.98937049999995 ], [ -41.965550999999898, -6.989223 ], [ -41.965212, -6.989151 ], [ -41.964971999999896, -6.989227 ], [ -41.964835, -6.989389 ], [ -41.964472999999899, -6.989377 ], [ -41.964134, -6.989356 ], [ -41.96389, -6.989484 ], [ -41.963739, -6.989662 ], [ -41.963731, -6.989914 ], [ -41.963759, -6.98995729999996 ], [ -41.964157, -6.990259 ], [ -41.964526, -6.990783 ], [ -41.965019, -6.991681 ], [ -41.965162, -6.992158 ], [ -41.9652169, -6.99229659999997 ], [ -41.965334, -6.992592 ], [ -41.965385, -6.992813 ], [ -41.965402, -6.993414 ], [ -41.965428, -6.993614 ], [ -41.96566, -6.994065 ], [ -41.965858, -6.994401 ], [ -41.966292, -6.994511 ], [ -41.966485, -6.99466 ], [ -41.96676, -6.995146 ], [ -41.967069, -6.995495 ], [ -41.967124, -6.995733 ], [ -41.967026, -6.996146 ], [ -41.967077, -6.99644 ], [ -41.967036999999898, -6.996675 ], [ -41.966946999999898, -6.99699 ], [ -41.966917, -6.99725 ], [ -41.966793, -6.997412 ], [ -41.966698, -6.99754 ], [ -41.966686, -6.997672 ], [ -41.966856999999898, -6.997748 ], [ -41.967029, -6.997838 ], [ -41.967162, -6.998131 ], [ -41.967158, -6.998621 ], [ -41.967239, -6.999259 ], [ -41.967296, -6.999408 ], [ -41.967562, -6.999876 ], [ -41.967768, -7.000263 ], [ -41.967849999999899, -7.000936 ], [ -41.967931, -7.001323 ], [ -41.96791, -7.001494 ], [ -41.967562, -7.001571 ], [ -41.967382, -7.001609 ], [ -41.967261999999899, -7.00178 ], [ -41.967292, -7.001941 ], [ -41.967419999999898, -7.002022 ], [ -41.967356, -7.002256 ], [ -41.967458, -7.00256 ], [ -41.967437, -7.002832 ], [ -41.967368, -7.003284 ], [ -41.967226, -7.003807 ], [ -41.967209, -7.003995 ], [ -41.967329, -7.004573 ], [ -41.967655, -7.004927 ], [ -41.96777, -7.005151 ], [ -41.967813, -7.005474 ], [ -41.967955, -7.005619 ], [ -41.968165, -7.005759 ], [ -41.968207999999898, -7.005985 ], [ -41.968161, -7.006257 ], [ -41.968058, -7.006428 ], [ -41.968027999999897, -7.00656 ], [ -41.968152, -7.006772 ], [ -41.96865, -7.006981 ], [ -41.968735, -7.007128 ], [ -41.968735, -7.007298 ], [ -41.968675, -7.007464 ], [ -41.968765, -7.007766 ], [ -41.969000999999899, -7.008184 ], [ -41.969241, -7.00835 ], [ -41.969403999999898, -7.008733 ], [ -41.969257, -7.009408 ], [ -41.969175999999898, -7.010085 ], [ -41.968832, -7.010447 ], [ -41.968614, -7.010834 ], [ -41.96827, -7.011345 ], [ -41.968194, -7.011561 ], [ -41.968241, -7.011757 ], [ -41.968507, -7.011957 ], [ -41.968786, -7.012204 ], [ -41.968988, -7.01245 ], [ -41.969090999999899, -7.012748 ], [ -41.969245, -7.012846 ], [ -41.969675, -7.012897 ], [ -41.969885, -7.012795 ], [ -41.970164, -7.012625 ], [ -41.970456, -7.012617 ], [ -41.970729999999897, -7.012706 ], [ -41.970992, -7.012727 ], [ -41.971243, -7.012809 ], [ -41.971384999999898, -7.012915 ], [ -41.971496, -7.01306 ], [ -41.971741, -7.013166 ], [ -41.972213, -7.013256 ], [ -41.9729153, -7.01394169999998 ], [ -41.9731909, -7.01421389999996 ], [ -41.9468176, -7.01645539999993 ], [ -41.8798171, -7.02279329999993 ], [ -41.879319199999898, -7.02486139999996 ], [ -41.8778717, -7.02661059999997 ], [ -41.8776559, -7.02765369999997 ], [ -41.8776612999999, -7.02865379999997 ], [ -41.8779364, -7.02952169999998 ], [ -41.8784797, -7.03051769999996 ], [ -41.880547799999903, -7.03216109999994 ], [ -41.8822724, -7.03474889999995 ], [ -41.884155399999898, -7.03547969999994 ], [ -41.8861307, -7.035728 ], [ -41.8874319, -7.03624139999994 ], [ -41.888645499999903, -7.03701729999995 ], [ -41.890453799999896, -7.03983019999993 ], [ -41.8916346, -7.04229989999993 ], [ -41.892900499999897, -7.04411779999998 ], [ -41.895829299999903, -7.04670529999993 ], [ -41.898129, -7.051522 ], [ -41.917904899999897, -7.06234769999998 ], [ -41.918140299999898, -7.06247659999997 ], [ -41.918393799999897, -7.06261489999997 ], [ -41.915634, -7.07171809999994 ], [ -41.9154899, -7.07219309999994 ], [ -41.899668, -7.12434379999996 ], [ -41.915727699999898, -7.17277529999996 ], [ -41.917011499999902, -7.17664689999998 ], [ -41.9176689, -7.17862959999997 ], [ -41.917788, -7.17898849999995 ], [ -41.918582899999898, -7.18460369999997 ], [ -41.9186043999999, -7.18475529999995 ], [ -41.9188391, -7.18488329999997 ], [ -41.919377499999896, -7.18517629999997 ], [ -41.919592899999898, -7.18529359999997 ], [ -41.9200155999999, -7.18552379999994 ], [ -41.920234799999903, -7.18564319999996 ], [ -41.9243314, -7.18968249999995 ], [ -41.9347802, -7.19684309999997 ], [ -41.9507153, -7.21300219999995 ], [ -41.9545808, -7.21474159999997 ], [ -41.9569776, -7.21736829999998 ], [ -41.9566493, -7.220389 ], [ -41.9574373, -7.221965 ], [ -41.957995599999897, -7.22357279999994 ], [ -41.9576054999999, -7.22471069999995 ], [ -41.955398499999902, -7.22604919999998 ], [ -41.955092, -7.22623509999994 ], [ -41.954276499999899, -7.22715179999994 ], [ -41.953277199999903, -7.22788759999997 ], [ -41.9527337, -7.22852919999997 ], [ -41.9526561, -7.23062619999996 ], [ -41.953471799999903, -7.23382359999994 ], [ -41.9547173999999, -7.235864 ], [ -41.9562159, -7.23677439999994 ], [ -41.957280599999898, -7.23716659999997 ], [ -41.9584573, -7.237159 ], [ -41.9603304, -7.237251 ], [ -41.9625634, -7.23703969999997 ], [ -41.9630359, -7.23688709999993 ], [ -41.981427799999899, -7.23783609999998 ], [ -42.002544199999903, -7.23892559999996 ], [ -42.005752399999899, -7.24871239999993 ], [ -42.0060321999999, -7.249566 ], [ -42.0063804, -7.25067429999996 ], [ -42.0073771, -7.25391439999993 ], [ -42.010744, -7.26486089999997 ], [ -42.0009975, -7.27770579999998 ], [ -42.0034353, -7.28083029999993 ], [ -42.0123278, -7.28905379999998 ], [ -42.018694799999899, -7.29810979999996 ], [ -42.021989699999899, -7.30186789999993 ], [ -42.026524799999898, -7.30549179999997 ], [ -42.031055099999897, -7.30775219999992 ], [ -42.0345245, -7.30907209999998 ], [ -42.0368882, -7.31115319999998 ], [ -42.0404674, -7.31250339999997 ], [ -42.0436913, -7.31291829999998 ], [ -42.051912699999903, -7.31847939999994 ], [ -42.0553006, -7.30573819999995 ], [ -42.066370999999897, -7.26519559999997 ], [ -42.0904854999999, -7.17688219999997 ], [ -42.0963671, -7.15455429999997 ], [ -42.113042, -7.14323 ], [ -42.115389, -7.141516 ], [ -42.123801, -7.135932 ], [ -42.130616, -7.131319 ], [ -42.131529999999898, -7.130533 ], [ -42.137392, -7.126583 ], [ -42.140709, -7.124355 ], [ -42.146655, -7.120249 ], [ -42.150018, -7.117827 ], [ -42.156644, -7.113231 ], [ -42.1615007, -7.10978859999994 ], [ -42.168408999999897, -7.10484 ], [ -42.171357, -7.105678 ], [ -42.175525999999898, -7.106633 ], [ -42.177549, -7.107083 ], [ -42.177875, -7.107232 ], [ -42.179021, -7.108007 ], [ -42.17938, -7.10826869999994 ], [ -42.18032, -7.108954 ], [ -42.181342, -7.109673 ], [ -42.1815879, -7.10984079999997 ], [ -42.182992, -7.110799 ], [ -42.184451, -7.111804 ], [ -42.185146, -7.112408 ], [ -42.185996, -7.112953 ], [ -42.188837, -7.115038 ], [ -42.189282999999897, -7.115293 ], [ -42.190623, -7.116302 ], [ -42.19155, -7.116885 ], [ -42.192456, -7.117532 ], [ -42.194203, -7.118741 ], [ -42.1951238, -7.11942859999994 ], [ -42.197181, -7.120965 ], [ -42.198425, -7.121889 ], [ -42.199849, -7.123005 ], [ -42.207013, -7.129849 ], [ -42.208768, -7.131241 ], [ -42.209128, -7.131573 ], [ -42.209575, -7.132028 ], [ -42.209918, -7.132318 ], [ -42.21042, -7.132577 ], [ -42.210815, -7.132709 ], [ -42.211738, -7.132905 ], [ -42.214978, -7.133646 ], [ -42.215527, -7.133782 ], [ -42.216793, -7.134224 ], [ -42.217819, -7.134271 ], [ -42.221312, -7.134419 ], [ -42.221797, -7.134487 ], [ -42.223063, -7.134841 ], [ -42.223531, -7.134927 ], [ -42.224273, -7.134995 ], [ -42.22547, -7.13514 ], [ -42.226028, -7.135276 ], [ -42.226874, -7.135604 ] ] ] ] } },
{ "type": "Feature", "properties": { "CD_MUN": "2207207", "NM_MUN": "Padre Marcos", "CD_RGI": "220009", "NM_RGI": "Picos", "CD_RGINT": "2203", "NM_RGINT": "Picos", "CD_UF": "22", "NM_UF": "Piauí", "SIGLA_UF": "PI", "CD_REGIAO": "2", "NM_REGIAO": "Nordeste", "SIGLA_RG": "NE", "CD_CONCURB": null, "NM_CONCURB": null, "AREA_KM2": 278.696 }, "geometry": { "type": "MultiPolygon", "coordinates": [ [ [ [ -40.7955206, -7.40424279999996 ], [ -40.7948388, -7.41232269999995 ], [ -40.7947574, -7.41328679999998 ], [ -40.794289999999897, -7.418852 ], [ -40.794324, -7.42151729999995 ], [ -40.794867, -7.421741 ], [ -40.795296, -7.422056 ], [ -40.796069, -7.423198 ], [ -40.796438, -7.423938 ], [ -40.796798, -7.424482 ], [ -40.797013, -7.425316 ], [ -40.797468, -7.426235 ], [ -40.797885999999899, -7.426749 ], [ -40.79856, -7.427174 ], [ -40.79889, -7.427885 ], [ -40.799521, -7.428931 ], [ -40.799689, -7.429292 ], [ -40.799942, -7.429526 ], [ -40.800116, -7.429869 ], [ -40.801158, -7.431069 ], [ -40.801369, -7.431175 ], [ -40.801485699999901, -7.43116 ], [ -40.801703, -7.431132 ], [ -40.801943999999899, -7.431247 ], [ -40.8027367, -7.43202729999996 ], [ -40.803416, -7.432696 ], [ -40.804094, -7.433419 ], [ -40.804135, -7.433486 ], [ -40.804488999999897, -7.434023 ], [ -40.804859, -7.434433 ], [ -40.805188, -7.434797 ], [ -40.8051103, -7.439521 ], [ -40.8050875, -7.44089419999995 ], [ -40.804614399999899, -7.46932229999993 ], [ -40.804605299999899, -7.46986849999996 ], [ -40.804598999999897, -7.47024889999994 ], [ -40.8043663, -7.48423639999993 ], [ -40.8061111, -7.48431419999997 ], [ -40.8075923, -7.48356579999995 ], [ -40.8389127, -7.46596829999993 ], [ -40.870207999999899, -7.448379 ], [ -40.871002, -7.447915 ], [ -40.871157, -7.448094 ], [ -40.871281, -7.448336 ], [ -40.871388, -7.448583 ], [ -40.871423, -7.449059 ], [ -40.871533999999897, -7.449221 ], [ -40.871753, -7.449136 ], [ -40.872066, -7.448936 ], [ -40.872204, -7.448698 ], [ -40.872328, -7.448545 ], [ -40.872496, -7.448519 ], [ -40.872881999999898, -7.448787 ], [ -40.873256, -7.449074 ], [ -40.873736999999899, -7.449478 ], [ -40.874302999999898, -7.450107 ], [ -40.874454, -7.450349 ], [ -40.875076, -7.450617 ], [ -40.875503, -7.450859 ], [ -40.876125, -7.451327 ], [ -40.876404, -7.451506 ], [ -40.876691999999899, -7.451582 ], [ -40.876932, -7.45168 ], [ -40.876958, -7.451833 ], [ -40.876885, -7.451995 ], [ -40.876631, -7.452212 ], [ -40.8765, -7.452488 ], [ -40.876452, -7.452841 ], [ -40.876538, -7.453211 ], [ -40.87671, -7.453628 ], [ -40.877315, -7.454415 ], [ -40.8775362, -7.45466359999995 ], [ -40.877938, -7.455115 ], [ -40.878075399999901, -7.45521679999996 ], [ -40.878397, -7.455455 ], [ -40.87908, -7.455795 ], [ -40.87956, -7.455782 ], [ -40.880395, -7.455789 ], [ -40.881211, -7.455904 ], [ -40.881541, -7.456053 ], [ -40.881600999999897, -7.45627 ], [ -40.881567, -7.456848 ], [ -40.881867, -7.457324 ], [ -40.882555, -7.457918 ], [ -40.882933, -7.458148 ], [ -40.883169, -7.458174 ], [ -40.88331, -7.458067 ], [ -40.883336, -7.457935 ], [ -40.883266999999897, -7.457693 ], [ -40.883378999999898, -7.457463 ], [ -40.883665999999899, -7.457259 ], [ -40.883911, -7.457208 ], [ -40.884224, -7.457289 ], [ -40.884808, -7.457259 ], [ -40.885164, -7.457148 ], [ -40.885641, -7.456812 ], [ -40.886091, -7.45662 ], [ -40.886357, -7.456578 ], [ -40.886667, -7.456649 ], [ -40.886972, -7.456866 ], [ -40.887187, -7.457258 ], [ -40.887302, -7.457764 ], [ -40.887361999999897, -7.458333 ], [ -40.887414, -7.458589 ], [ -40.88756, -7.458754 ], [ -40.887671, -7.45875 ], [ -40.887796, -7.458627 ], [ -40.887968, -7.458444 ], [ -40.888186, -7.458385 ], [ -40.88844, -7.458504 ], [ -40.888792, -7.458942 ], [ -40.889266, -7.459882 ], [ -40.889347, -7.460094 ], [ -40.889299999999899, -7.460324 ], [ -40.889283, -7.460528 ], [ -40.889356, -7.460715 ], [ -40.889785, -7.461158 ], [ -40.889947999999897, -7.461659 ], [ -40.890045, -7.462066 ], [ -40.890229, -7.462525 ], [ -40.890281, -7.462755 ], [ -40.890259, -7.463299 ], [ -40.89047, -7.464226 ], [ -40.890609, -7.464586 ], [ -40.890643, -7.464905 ], [ -40.890635, -7.465577 ], [ -40.8906, -7.466479 ], [ -40.890794, -7.467138 ], [ -40.890942, -7.467592 ], [ -40.8911, -7.468323 ], [ -40.891298, -7.468762 ], [ -40.891503999999898, -7.468936 ], [ -40.89168, -7.468928 ], [ -40.891809, -7.468639 ], [ -40.891911999999898, -7.468477 ], [ -40.892113, -7.468477 ], [ -40.892499, -7.468626 ], [ -40.892812999999897, -7.468898 ], [ -40.89307, -7.469489 ], [ -40.893349999999899, -7.469642 ], [ -40.893616, -7.469693 ], [ -40.893779, -7.469625 ], [ -40.893895, -7.469344 ], [ -40.894058, -7.469255 ], [ -40.894457, -7.469225 ], [ -40.894732, -7.469136 ], [ -40.895213, -7.46874 ], [ -40.895598999999898, -7.468374 ], [ -40.895766, -7.468353 ], [ -40.895848, -7.468515 ], [ -40.895876, -7.468908 ], [ -40.895794, -7.469274 ], [ -40.895867, -7.469452 ], [ -40.896129, -7.469525 ], [ -40.896597, -7.470039 ], [ -40.896999999999899, -7.470601 ], [ -40.897458, -7.471429 ], [ -40.897591, -7.471901 ], [ -40.897862, -7.472714 ], [ -40.89796, -7.47296 ], [ -40.898187999999898, -7.473156 ], [ -40.898497, -7.473186 ], [ -40.899171, -7.473041 ], [ -40.899662, -7.472925 ], [ -40.899932, -7.473027 ], [ -40.900168, -7.473223 ], [ -40.900477, -7.473869 ], [ -40.901249999999898, -7.47486 ], [ -40.901544, -7.475268 ], [ -40.901634, -7.475404 ], [ -40.901608, -7.475825 ], [ -40.901922, -7.476641 ], [ -40.902115, -7.477692 ], [ -40.902183, -7.478214 ], [ -40.902256, -7.47889 ], [ -40.902346, -7.479222 ], [ -40.902487999999899, -7.479375 ], [ -40.903028999999897, -7.479703 ], [ -40.903402, -7.479954 ], [ -40.903814, -7.480549 ], [ -40.903906, -7.480997 ], [ -40.903876, -7.481673 ], [ -40.903773, -7.482141 ], [ -40.903679, -7.482255 ], [ -40.903374, -7.482217 ], [ -40.903048, -7.482238 ], [ -40.902915, -7.482358 ], [ -40.902864, -7.482557 ], [ -40.902870999999898, -7.482867 ], [ -40.903004, -7.483084 ], [ -40.903201, -7.483216 ], [ -40.903317, -7.483382 ], [ -40.903317, -7.483569 ], [ -40.903076999999897, -7.483866 ], [ -40.902802, -7.484385 ], [ -40.902588, -7.484849 ], [ -40.902287, -7.4851 ], [ -40.902219, -7.4855 ], [ -40.902171, -7.485887 ], [ -40.902283, -7.486074 ], [ -40.902561999999897, -7.486184 ], [ -40.902815, -7.486223 ], [ -40.903047, -7.486388 ], [ -40.90323, -7.486784 ], [ -40.903539, -7.487158 ], [ -40.904311999999898, -7.487605 ], [ -40.905031999999899, -7.487962 ], [ -40.905431, -7.488162 ], [ -40.905877, -7.488226 ], [ -40.906202999999898, -7.488366 ], [ -40.906439, -7.4886 ], [ -40.906723, -7.488677 ], [ -40.907156, -7.488672 ], [ -40.907443999999899, -7.488732 ], [ -40.907666999999897, -7.488862 ], [ -40.908066, -7.489232 ], [ -40.908263, -7.489461 ], [ -40.908491, -7.489474 ], [ -40.908949999999898, -7.489215 ], [ -40.909216, -7.48904 ], [ -40.909366, -7.488849 ], [ -40.909594, -7.488764 ], [ -40.909821, -7.488785 ], [ -40.910013999999897, -7.488879 ], [ -40.910305, -7.488991 ], [ -40.910485, -7.489034 ], [ -40.91073, -7.488991 ], [ -40.911094999999897, -7.488643 ], [ -40.911541, -7.488468 ], [ -40.912369, -7.488196 ], [ -40.912683, -7.488124 ], [ -40.913064, -7.48809 ], [ -40.913259, -7.488031 ], [ -40.913519999999899, -7.487874 ], [ -40.913855, -7.487797 ], [ -40.914409, -7.48784 ], [ -40.914918999999898, -7.487967 ], [ -40.915198, -7.488095 ], [ -40.915374, -7.488099 ], [ -40.915465, -7.487963 ], [ -40.915649, -7.487772 ], [ -40.915867999999897, -7.487444 ], [ -40.91604, -7.487197 ], [ -40.916507, -7.487027 ], [ -40.916856, -7.487119 ], [ -40.917169, -7.487085 ], [ -40.91741, -7.487097 ], [ -40.917732, -7.487263 ], [ -40.918005999999899, -7.487472 ], [ -40.918293999999896, -7.487557 ], [ -40.918598, -7.487557 ], [ -40.918736, -7.487616 ], [ -40.918816999999898, -7.48782 ], [ -40.919049, -7.487888 ], [ -40.919294, -7.487842 ], [ -40.919594, -7.487826 ], [ -40.920015, -7.487983 ], [ -40.920465, -7.488004 ], [ -40.920701, -7.488102 ], [ -40.920856, -7.488332 ], [ -40.920869, -7.488523 ], [ -40.920752999999898, -7.488965 ], [ -40.920736, -7.489208 ], [ -40.920813, -7.489365 ], [ -40.920997, -7.489357 ], [ -40.921375, -7.489212 ], [ -40.92155, -7.489216 ], [ -40.92176, -7.489322 ], [ -40.922404, -7.490075 ], [ -40.922945, -7.49087 ], [ -40.92363, -7.491391 ], [ -40.924222, -7.4916 ], [ -40.924639, -7.491766 ], [ -40.925274, -7.492314 ], [ -40.925527, -7.492404 ], [ -40.926265, -7.492455 ], [ -40.926558, -7.49249 ], [ -40.926811, -7.492596 ], [ -40.927148799999898, -7.49291549999998 ], [ -40.928517999999897, -7.494337 ], [ -40.930205, -7.495957 ], [ -40.93094, -7.496771 ], [ -40.931849999999898, -7.497515 ], [ -40.932669, -7.498008 ], [ -40.933025, -7.49808 ], [ -40.933265999999897, -7.498055 ], [ -40.933476, -7.497842 ], [ -40.933553, -7.4976 ], [ -40.933535999999897, -7.497085 ], [ -40.933683, -7.496772 ], [ -40.934074, -7.496483 ], [ -40.934463999999899, -7.496423 ], [ -40.935511, -7.496457 ], [ -40.9352046, -7.49493269999994 ], [ -40.9348171, -7.493334 ], [ -40.9349523, -7.49126449999994 ], [ -40.9348188, -7.48855319999996 ], [ -40.9339777, -7.48630729999996 ], [ -40.931508199999897, -7.48114639999994 ], [ -40.9300119, -7.478774 ], [ -40.928262199999899, -7.47423459999993 ], [ -40.9271469, -7.47212289999993 ], [ -40.9255388, -7.46997489999995 ], [ -40.923446899999902, -7.46766659999997 ], [ -40.9221742, -7.46512529999995 ], [ -40.931020799999899, -7.44062459999998 ], [ -40.9311044, -7.43121119999995 ], [ -40.9314161, -7.39608669999996 ], [ -40.9410973, -7.36048469999997 ], [ -40.9411267, -7.36037649999997 ], [ -40.9411478, -7.36029879999995 ], [ -40.9411537, -7.36027719999993 ], [ -40.941471, -7.35911049999993 ], [ -40.9414419, -7.35900879999997 ], [ -40.9411585, -7.35864539999994 ], [ -40.9407878, -7.358282 ], [ -40.9404681, -7.35796229999994 ], [ -40.940221, -7.356933 ], [ -40.938423, -7.355535 ], [ -40.9379, -7.354412 ], [ -40.937711, -7.353043 ], [ -40.937367, -7.352736 ], [ -40.93681, -7.352753 ], [ -40.936252, -7.353332 ], [ -40.936097, -7.354149 ], [ -40.935822, -7.354991 ], [ -40.935341999999899, -7.355314 ], [ -40.934142, -7.355829 ], [ -40.933811999999897, -7.355752 ], [ -40.933425999999898, -7.355688 ], [ -40.932958, -7.355769 ], [ -40.932173, -7.355497 ], [ -40.931246, -7.35494 ], [ -40.930678999999898, -7.35457 ], [ -40.930357, -7.354366 ], [ -40.930331, -7.354068 ], [ -40.930503, -7.353711 ], [ -40.930623, -7.353234 ], [ -40.930838, -7.352162 ], [ -40.930804, -7.35126 ], [ -40.931299, -7.349867 ], [ -40.931754, -7.349395 ], [ -40.932093, -7.349344 ], [ -40.932462, -7.349407 ], [ -40.932999, -7.349216 ], [ -40.933252, -7.349012 ], [ -40.933797, -7.348255 ], [ -40.934505, -7.34725 ], [ -40.935518, -7.346025 ], [ -40.936162, -7.34457 ], [ -40.936719, -7.343983 ], [ -40.937149, -7.343396 ], [ -40.937097, -7.342954 ], [ -40.9557146, -7.33041229999998 ], [ -40.9710287999999, -7.320096 ], [ -40.9710577, -7.32007659999994 ], [ -40.971719, -7.31088719999997 ], [ -40.9719592, -7.30661239999995 ], [ -40.97198, -7.30624159999996 ], [ -40.9722345, -7.30529549999994 ], [ -40.945067299999899, -7.29147539999997 ], [ -40.9433523, -7.29060279999993 ], [ -40.9432298, -7.29054049999996 ], [ -40.9291843, -7.28339429999994 ], [ -40.928907799999898, -7.28325359999997 ], [ -40.9008074, -7.27247839999995 ], [ -40.898786599999902, -7.27170349999994 ], [ -40.8987768, -7.27169969999994 ], [ -40.898748899999902, -7.271689 ], [ -40.8727071, -7.26170309999998 ], [ -40.870179, -7.264149 ], [ -40.8689345, -7.265353 ], [ -40.866515999999898, -7.26769279999996 ], [ -40.866216, -7.267983 ], [ -40.866179299999899, -7.26801859999995 ], [ -40.8640407, -7.27008759999995 ], [ -40.862212699999901, -7.27185609999998 ], [ -40.860604599999903, -7.27341179999996 ], [ -40.859438899999901, -7.27453959999997 ], [ -40.8482675, -7.28534669999993 ], [ -40.8517924, -7.32094619999998 ], [ -40.8524186, -7.32726979999995 ], [ -40.8524211, -7.32729509999996 ], [ -40.852437699999903, -7.32746279999998 ], [ -40.8483828, -7.330584 ], [ -40.848368299999898, -7.33059519999995 ], [ -40.8461874, -7.33227379999994 ], [ -40.8465163, -7.33481659999995 ], [ -40.848058299999899, -7.34673209999994 ], [ -40.842646499999901, -7.35321969999995 ], [ -40.8373022, -7.35962649999993 ], [ -40.8372347, -7.35970729999997 ], [ -40.8372011, -7.35973349999995 ], [ -40.8371776, -7.35975179999997 ], [ -40.833263299999899, -7.36279119999995 ], [ -40.832813799999897, -7.36314019999998 ], [ -40.8127938, -7.37868449999996 ], [ -40.796617399999903, -7.39124439999995 ], [ -40.7956267, -7.40298509999997 ], [ -40.7955206, -7.40424279999996 ] ] ] ] } },
{ "type": "Feature", "properties": { "CD_MUN": "2206506", "NM_MUN": "Monsenhor Hipólito", "CD_RGI": "220009", "NM_RGI": "Picos", "CD_RGINT": "2203", "NM_RGINT": "Picos", "CD_UF": "22", "NM_UF": "Piauí", "SIGLA_UF": "PI", "CD_REGIAO": "2", "NM_REGIAO": "Nordeste", "SIGLA_RG": "NE", "CD_CONCURB": null, "NM_CONCURB": null, "AREA_KM2": 401.568 }, "geometry": { "type": "MultiPolygon", "coordinates": [ [ [ [ -41.065646399999899, -7.06995609999996 ], [ -41.0661729, -7.069801 ], [ -41.103724, -7.125166 ], [ -41.104979399999898, -7.12503029999993 ], [ -41.104967, -7.12497159999998 ], [ -41.102516, -7.112227 ], [ -41.100952, -7.104306 ], [ -41.099253, -7.095822 ], [ -41.098909, -7.094124 ], [ -41.0975991, -7.08769119999994 ], [ -41.0973486, -7.086461 ], [ -41.097199799999899, -7.08573129999996 ], [ -41.096848599999902, -7.08410219999996 ], [ -41.096637, -7.08312049999995 ], [ -41.0960908, -7.08058669999997 ], [ -41.0921888, -7.059299 ], [ -41.080905399999899, -6.99774139999994 ], [ -41.0808567999999, -6.99747359999998 ], [ -41.080874999999899, -6.99704939999998 ], [ -41.0808769, -6.99700359999997 ], [ -41.0808772, -6.99699859999993 ], [ -41.0808774, -6.99699379999993 ], [ -41.0820717, -6.96914879999997 ], [ -41.0825212, -6.96217189999993 ], [ -41.0825275, -6.96207319999996 ], [ -41.0857515, -6.91200149999997 ], [ -41.0857781, -6.911589 ], [ -41.085855299999899, -6.91039059999997 ], [ -41.086579899999897, -6.89913539999998 ], [ -41.0881307, -6.873682 ], [ -41.088134599999897, -6.87361709999993 ], [ -41.0881386, -6.87355179999997 ], [ -41.0921867, -6.80691049999996 ], [ -41.0924099, -6.80337759999998 ], [ -41.095359099999897, -6.75669309999995 ], [ -41.080601999999899, -6.75791469999996 ], [ -41.0698681, -6.75832589999993 ], [ -41.0645921, -6.75871149999995 ], [ -41.051587599999898, -6.76013349999994 ], [ -41.0297573, -6.76186469999993 ], [ -41.026939899999903, -6.76251479999996 ], [ -41.021120499999903, -6.76345109999994 ], [ -41.0182114999999, -6.76400969999997 ], [ -41.0002124, -6.767729 ], [ -40.9944039, -6.76882289999998 ], [ -40.993801699999899, -6.76893689999997 ], [ -40.9936982, -6.76895919999993 ], [ -40.984333, -6.77098559999996 ], [ -40.9826285, -6.77167309999993 ], [ -40.981490999999899, -6.772304 ], [ -40.983673699999898, -6.79685259999997 ], [ -40.983455299999903, -6.80938689999994 ], [ -40.983512899999901, -6.81342519999993 ], [ -40.9835131, -6.81344289999993 ], [ -40.983835499999898, -6.83620379999996 ], [ -40.9826328, -6.868651 ], [ -40.9826113, -6.86923109999998 ], [ -40.982564099999898, -6.87050589999996 ], [ -40.982220299999902, -6.89663809999996 ], [ -40.982208399999898, -6.89754249999993 ], [ -40.9815399, -6.91558959999998 ], [ -40.983510899999899, -6.95243909999994 ], [ -40.9840465999999, -6.96107679999994 ], [ -40.984282999999898, -6.96490089999998 ], [ -40.9843281, -6.96563019999996 ], [ -40.9858221, -6.98975889999997 ], [ -40.9898198, -7.011748 ], [ -40.9900147, -7.01282849999996 ], [ -40.9903284, -7.01454449999994 ], [ -40.9914762, -7.02160709999993 ], [ -40.9917232, -7.02341939999997 ], [ -40.9917374999999, -7.02352429999996 ], [ -40.9917404, -7.02354509999998 ], [ -40.9919816, -7.02531479999993 ], [ -40.993814, -7.03876179999997 ], [ -40.9951639, -7.04975609999997 ], [ -40.9952673, -7.050374 ], [ -40.995734, -7.053164 ], [ -40.996068, -7.055571 ], [ -40.997022, -7.061506 ], [ -40.997573, -7.064946 ], [ -40.997903999999899, -7.06707 ], [ -40.9980619, -7.06809979999997 ], [ -40.998654, -7.071962 ], [ -40.999307, -7.075349 ], [ -40.999615999999897, -7.07752 ], [ -41.000421, -7.082587 ], [ -41.000624, -7.083793 ], [ -41.001039999999897, -7.086441 ], [ -41.001313, -7.08809 ], [ -41.001119, -7.088844 ], [ -41.0117397, -7.08542139999997 ], [ -41.029145099999901, -7.08032349999996 ], [ -41.0311801, -7.07972719999998 ], [ -41.0312129, -7.07971759999998 ], [ -41.0312244, -7.07971419999996 ], [ -41.0352968, -7.07852079999998 ], [ -41.040234499999897, -7.07724779999995 ], [ -41.0552858, -7.07300859999998 ], [ -41.065646399999899, -7.06995609999996 ] ] ] ] } },
{ "type": "Feature", "properties": { "CD_MUN": "2205953", "NM_MUN": "Marcolândia", "CD_RGI": "220009", "NM_RGI": "Picos", "CD_RGINT": "2203", "NM_RGINT": "Picos", "CD_UF": "22", "NM_UF": "Piauí", "SIGLA_UF": "PI", "CD_REGIAO": "2", "NM_REGIAO": "Nordeste", "SIGLA_RG": "NE", "CD_CONCURB": null, "NM_CONCURB": null, "AREA_KM2": 136.786 }, "geometry": { "type": "MultiPolygon", "coordinates": [ [ [ [ -40.7020271, -7.45688819999998 ], [ -40.704629399999902, -7.45856429999998 ], [ -40.7048978, -7.45873709999995 ], [ -40.7060893, -7.46004519999997 ], [ -40.713226399999897, -7.473004 ], [ -40.7149367, -7.48051769999995 ], [ -40.714948299999897, -7.48056839999998 ], [ -40.718752, -7.480382 ], [ -40.719611, -7.480272 ], [ -40.7231335, -7.48005209999997 ], [ -40.7247, -7.479927 ], [ -40.725915, -7.479846 ], [ -40.729157, -7.479579 ], [ -40.732449, -7.47938 ], [ -40.732821999999899, -7.479405 ], [ -40.73489, -7.47925 ], [ -40.736511999999898, -7.479152 ], [ -40.740667, -7.478816 ], [ -40.742045, -7.478748 ], [ -40.743173, -7.478633 ], [ -40.743796, -7.478395 ], [ -40.744624, -7.478089 ], [ -40.745075, -7.477872 ], [ -40.74695, -7.477158 ], [ -40.747821, -7.476932 ], [ -40.748247, -7.476896 ], [ -40.749088, -7.47693 ], [ -40.74926, -7.476896 ], [ -40.750238, -7.47639 ], [ -40.75047, -7.476347 ], [ -40.751526, -7.476513 ], [ -40.751692999999896, -7.476585 ], [ -40.752333, -7.477121 ], [ -40.753242, -7.477814 ], [ -40.753547, -7.477976 ], [ -40.754487, -7.478087 ], [ -40.756242, -7.4777 ], [ -40.758049, -7.477347 ], [ -40.759695, -7.477141 ], [ -40.760609, -7.476971 ], [ -40.760956, -7.476822 ], [ -40.761579, -7.476801 ], [ -40.761815, -7.476703 ], [ -40.762527, -7.476555 ], [ -40.763094, -7.47635 ], [ -40.764322, -7.475871 ], [ -40.764840999999898, -7.47565 ], [ -40.765507, -7.47551 ], [ -40.766278999999898, -7.475689 ], [ -40.767639, -7.475986 ], [ -40.768631, -7.476144 ], [ -40.769314999999899, -7.476305 ], [ -40.770623999999899, -7.476658 ], [ -40.771585, -7.476862 ], [ -40.7721, -7.47693 ], [ -40.772866, -7.477091 ], [ -40.773412, -7.477248 ], [ -40.774223, -7.477448 ], [ -40.774673, -7.477605 ], [ -40.776161, -7.477957 ], [ -40.778436, -7.478514 ], [ -40.779024999999898, -7.478635 ], [ -40.779943, -7.478895 ], [ -40.780411, -7.478984 ], [ -40.783251999999898, -7.479672 ], [ -40.783814, -7.479868 ], [ -40.788482, -7.48088 ], [ -40.789135, -7.480982 ], [ -40.789585, -7.481352 ], [ -40.791212, -7.481632 ], [ -40.792212999999897, -7.48149 ], [ -40.793054, -7.481456 ], [ -40.793522, -7.481427 ], [ -40.793701999999897, -7.481256 ], [ -40.794075, -7.481069 ], [ -40.794446, -7.481049 ], [ -40.79509, -7.481139 ], [ -40.796489, -7.481394 ], [ -40.797573999999898, -7.481621 ], [ -40.797793, -7.481706 ], [ -40.798012, -7.481897 ], [ -40.798261, -7.482242 ], [ -40.798509, -7.482493 ], [ -40.798784, -7.482642 ], [ -40.799126999999899, -7.482875 ], [ -40.799514, -7.483368 ], [ -40.799909, -7.483721 ], [ -40.800089, -7.483776 ], [ -40.800378, -7.483756 ], [ -40.800609999999899, -7.483815 ], [ -40.800868, -7.484028 ], [ -40.801087, -7.484168 ], [ -40.801348, -7.484219 ], [ -40.802279999999897, -7.484266 ], [ -40.803413, -7.484202 ], [ -40.8043663, -7.48423639999993 ], [ -40.804598999999897, -7.47024889999994 ], [ -40.804605299999899, -7.46986849999996 ], [ -40.804614399999899, -7.46932229999993 ], [ -40.8050875, -7.44089419999995 ], [ -40.8051103, -7.439521 ], [ -40.805188, -7.434797 ], [ -40.804859, -7.434433 ], [ -40.804488999999897, -7.434023 ], [ -40.804135, -7.433486 ], [ -40.804094, -7.433419 ], [ -40.803416, -7.432696 ], [ -40.8027367, -7.43202729999996 ], [ -40.801943999999899, -7.431247 ], [ -40.801703, -7.431132 ], [ -40.801485699999901, -7.43116 ], [ -40.801369, -7.431175 ], [ -40.801158, -7.431069 ], [ -40.800116, -7.429869 ], [ -40.799942, -7.429526 ], [ -40.799689, -7.429292 ], [ -40.799521, -7.428931 ], [ -40.79889, -7.427885 ], [ -40.79856, -7.427174 ], [ -40.797885999999899, -7.426749 ], [ -40.797468, -7.426235 ], [ -40.797013, -7.425316 ], [ -40.796798, -7.424482 ], [ -40.796438, -7.423938 ], [ -40.796069, -7.423198 ], [ -40.795296, -7.422056 ], [ -40.794867, -7.421741 ], [ -40.794324, -7.42151729999995 ], [ -40.790736, -7.420426 ], [ -40.789586, -7.418112 ], [ -40.7894613, -7.41784889999997 ], [ -40.789425999999899, -7.41781 ], [ -40.787748, -7.416759 ], [ -40.787345, -7.416338 ], [ -40.786873, -7.415866 ], [ -40.786547, -7.415743 ], [ -40.785826, -7.415351 ], [ -40.785075, -7.414539 ], [ -40.784882, -7.414382 ], [ -40.784238, -7.414152 ], [ -40.783456, -7.413723 ], [ -40.782748, -7.413319 ], [ -40.782409, -7.413026 ], [ -40.781327, -7.411966 ], [ -40.780820999999897, -7.411269 ], [ -40.78039, -7.410645 ], [ -40.780256999999899, -7.410097 ], [ -40.780166, -7.409918 ], [ -40.779583, -7.409327 ], [ -40.779128, -7.408693 ], [ -40.779057, -7.408191 ], [ -40.778841999999898, -7.407936 ], [ -40.778503, -7.407696 ], [ -40.777843, -7.407407 ], [ -40.777422, -7.407395 ], [ -40.776665099999903, -7.40697079999995 ], [ -40.776429699999902, -7.40692989999997 ], [ -40.775813, -7.406667 ], [ -40.775239999999897, -7.406472 ], [ -40.7742592, -7.40626889999993 ], [ -40.773935, -7.406068 ], [ -40.773750999999898, -7.406013 ], [ -40.772369, -7.404733 ], [ -40.772008, -7.404282 ], [ -40.771754299999898, -7.40385979999996 ], [ -40.7715832, -7.40368959999995 ], [ -40.7707444, -7.40185739999993 ], [ -40.7705751, -7.40157409999995 ], [ -40.7699494, -7.40100929999994 ], [ -40.7694686, -7.40050669999994 ], [ -40.7689126, -7.39999379999995 ], [ -40.767834999999899, -7.399059 ], [ -40.767559999999897, -7.398829 ], [ -40.7671498, -7.39867649999997 ], [ -40.766968, -7.398489 ], [ -40.766172, -7.396945 ], [ -40.765876799999901, -7.39639429999994 ], [ -40.765608799999903, -7.39581659999993 ], [ -40.764618, -7.393772 ], [ -40.764421, -7.393228 ], [ -40.764203, -7.39286 ], [ -40.763881, -7.392022 ], [ -40.76383, -7.391592 ], [ -40.763824999999898, -7.390883 ], [ -40.7635245, -7.390313 ], [ -40.763421999999899, -7.389823 ], [ -40.7632588, -7.38938989999997 ], [ -40.762972499999897, -7.38906849999995 ], [ -40.762750099999899, -7.388709 ], [ -40.762538999999897, -7.38840269999997 ], [ -40.762349, -7.388016 ], [ -40.7620105, -7.38752079999995 ], [ -40.7615547, -7.38705249999998 ], [ -40.7612839, -7.38661479999996 ], [ -40.761041599999899, -7.385701 ], [ -40.7608683, -7.385261 ], [ -40.7607305, -7.38506339999998 ], [ -40.759597, -7.38423739999996 ], [ -40.7593014999999, -7.38380759999995 ], [ -40.758878, -7.383621 ], [ -40.758598999999897, -7.38357849999994 ], [ -40.75723, -7.38350949999995 ], [ -40.756883, -7.38343 ], [ -40.75658, -7.383197 ], [ -40.756478699999903, -7.38296339999994 ], [ -40.756396, -7.38268 ], [ -40.7564767, -7.38235519999995 ], [ -40.756481199999897, -7.38221379999993 ], [ -40.756410899999899, -7.38187359999995 ], [ -40.7562282, -7.38142869999996 ], [ -40.756207, -7.381174 ], [ -40.7562129, -7.38072459999995 ], [ -40.756245, -7.380323 ], [ -40.7561565, -7.38015879999995 ], [ -40.756040299999903, -7.38007779999998 ], [ -40.755626999999897, -7.379979 ], [ -40.75546, -7.379979 ], [ -40.75528, -7.380089 ], [ -40.754769, -7.38019 ], [ -40.754365999999898, -7.380229 ], [ -40.753301, -7.380144 ], [ -40.752671, -7.380326 ], [ -40.7517533, -7.380365 ], [ -40.751186, -7.380216 ], [ -40.7510599, -7.379647 ], [ -40.7511461, -7.37924989999993 ], [ -40.751126999999897, -7.379154 ], [ -40.749786399999898, -7.37857629999996 ], [ -40.748467499999897, -7.37561779999993 ], [ -40.748076899999901, -7.37475579999995 ], [ -40.747708499999902, -7.37383869999996 ], [ -40.7475926, -7.37369319999993 ], [ -40.746995, -7.373184 ], [ -40.746583, -7.372771 ], [ -40.7460578, -7.372124 ], [ -40.744926, -7.37050259999995 ], [ -40.7444024, -7.36976459999994 ], [ -40.743535999999899, -7.368552 ], [ -40.7422563, -7.36722449999996 ], [ -40.742223599999903, -7.36665169999998 ], [ -40.742317699999901, -7.36594239999994 ], [ -40.7422913, -7.365592 ], [ -40.7417751999999, -7.36460349999993 ], [ -40.7412042, -7.364067 ], [ -40.741054399999904, -7.36397069999992 ], [ -40.7404296, -7.36357729999997 ], [ -40.740316199999903, -7.36344859999997 ], [ -40.740211299999899, -7.36306169999995 ], [ -40.7401450999999, -7.36253109999996 ], [ -40.7399935, -7.36185409999996 ], [ -40.7399277, -7.36125149999998 ], [ -40.739795199999897, -7.360912 ], [ -40.7393719, -7.36048169999998 ], [ -40.7389724, -7.35984069999995 ], [ -40.738216, -7.35880409999993 ], [ -40.7377246, -7.35754629999997 ], [ -40.73756, -7.35681979999993 ], [ -40.7374303, -7.35604719999998 ], [ -40.737508299999902, -7.355463 ], [ -40.737520199999899, -7.35512389999997 ], [ -40.737485, -7.354948 ], [ -40.73727, -7.354761 ], [ -40.736511, -7.354174 ], [ -40.736269999999898, -7.353863 ], [ -40.736047, -7.353387 ], [ -40.735790999999899, -7.352905 ], [ -40.734907, -7.352241 ], [ -40.734203, -7.351297 ], [ -40.733988, -7.351085 ], [ -40.733014, -7.349324 ], [ -40.73292, -7.348869 ], [ -40.7318327, -7.34855519999996 ], [ -40.730147499999902, -7.34906709999996 ], [ -40.7276213, -7.34992459999995 ], [ -40.7185559, -7.36842749999994 ], [ -40.7178273, -7.36991459999996 ], [ -40.7166652, -7.37224639999994 ], [ -40.70915, -7.387326 ], [ -40.696431899999901, -7.39346359999996 ], [ -40.696415199999898, -7.39347159999994 ], [ -40.6944066, -7.39266219999996 ], [ -40.669233399999897, -7.41699589999996 ], [ -40.6523232, -7.43334219999997 ], [ -40.6540558, -7.43808379999996 ], [ -40.6541412, -7.438122 ], [ -40.6548605, -7.43844369999994 ], [ -40.6554565, -7.43871019999995 ], [ -40.6555946, -7.43877389999994 ], [ -40.6557649, -7.43885239999997 ], [ -40.655814899999903, -7.43887549999994 ], [ -40.655932499999899, -7.43892969999996 ], [ -40.6561432, -7.43902679999997 ], [ -40.6567039, -7.43935819999996 ], [ -40.6571655, -7.43980169999998 ], [ -40.6572197, -7.43987089999996 ], [ -40.6577187, -7.44050839999994 ], [ -40.657746599999903, -7.44054929999993 ], [ -40.657749399999901, -7.44055339999994 ], [ -40.6577765, -7.44059309999994 ], [ -40.6581535, -7.44114489999993 ], [ -40.6584922, -7.44169439999996 ], [ -40.6585388, -7.44177009999993 ], [ -40.658869799999898, -7.44225789999996 ], [ -40.658871799999901, -7.44226079999993 ], [ -40.6588738, -7.44226369999996 ], [ -40.6588811, -7.44227449999994 ], [ -40.6588869, -7.44228309999994 ], [ -40.658889299999899, -7.44228659999993 ], [ -40.6588917, -7.44229009999998 ], [ -40.6589026, -7.44230609999994 ], [ -40.6592444999999, -7.44281009999997 ], [ -40.659266199999898, -7.44283989999997 ], [ -40.659319599999897, -7.44291349999997 ], [ -40.6595, -7.44316219999996 ], [ -40.6596335999999, -7.44334649999996 ], [ -40.6596622, -7.44336249999998 ], [ -40.6597436, -7.44346379999996 ], [ -40.659792599999903, -7.44352489999994 ], [ -40.659919199999898, -7.44370719999995 ], [ -40.660253899999901, -7.44418889999997 ], [ -40.6605721, -7.44464679999993 ], [ -40.6606045, -7.44470339999998 ], [ -40.6607035, -7.44487649999996 ], [ -40.661033599999897, -7.44545319999997 ], [ -40.6610598, -7.44550689999994 ], [ -40.661067199999898, -7.44552209999995 ], [ -40.6613424, -7.44608659999994 ], [ -40.6613846, -7.44617319999998 ], [ -40.6615118, -7.44626889999995 ], [ -40.661528599999897, -7.446298 ], [ -40.6615454, -7.44632719999993 ], [ -40.661612299999902, -7.44647859999998 ], [ -40.661711, -7.44670209999992 ], [ -40.6618475, -7.44701139999995 ], [ -40.6619949, -7.44722879999995 ], [ -40.6621521, -7.44746029999993 ], [ -40.6622128, -7.44758349999995 ], [ -40.662319, -7.44779889999995 ], [ -40.662364099999898, -7.44789049999997 ], [ -40.6624169, -7.44799769999997 ], [ -40.662436899999904, -7.44803829999995 ], [ -40.662441999999899, -7.44804859999994 ], [ -40.662449299999899, -7.44806349999993 ], [ -40.6624567, -7.44807719999994 ], [ -40.662464699999902, -7.44808839999996 ], [ -40.6625341, -7.44818669999995 ], [ -40.662542, -7.44819789999997 ], [ -40.6633993, -7.449411 ], [ -40.663431, -7.44943209999997 ], [ -40.6657054, -7.45094559999995 ], [ -40.6668124, -7.45125619999993 ], [ -40.6668691, -7.45127209999993 ], [ -40.6672910999999, -7.45139049999995 ], [ -40.667575699999901, -7.45147039999995 ], [ -40.6676567, -7.45149309999994 ], [ -40.6720106, -7.45271459999998 ], [ -40.674861899999897, -7.45307039999994 ], [ -40.701201399999903, -7.45635629999992 ], [ -40.7020271, -7.45688819999998 ] ] ] ] } }
]
}
