{
"type": "FeatureCollection",
"name": "saoraimundononato",
"crs": { "type": "name", "properties": { "name": "urn:ogc:def:crs:EPSG::4674" } },
"features": [
{ "type": "Feature", "properties": { "CD_MUN": "2205359", "NM_MUN": "João Costa", "CD_RGI": "220014", "NM_RGI": "São João do Piauí", "CD_RGINT": "2204", "NM_RGINT": "São Raimundo Nonato", "CD_UF": "22", "NM_UF": "Piauí", "SIGLA_UF": "PI", "CD_REGIAO": "2", "NM_REGIAO": "Nordeste", "SIGLA_RG": "NE", "CD_CONCURB": null, "NM_CONCURB": null, "AREA_KM2": 1800.237 }, "geometry": { "type": "MultiPolygon", "coordinates": [ [ [ [ -42.7334892, -8.80063789999997 ], [ -42.7264658, -8.68963209999993 ], [ -42.726742, -8.689639199999929 ], [ -42.7259781, -8.68484269999993 ], [ -42.726640599999897, -8.68476769999995 ], [ -42.727557499999897, -8.68417829999993 ], [ -42.7278195, -8.683457899999951 ], [ -42.7278195, -8.682017 ], [ -42.7270991, -8.67952819999994 ], [ -42.7262476, -8.67651549999994 ], [ -42.7257892, -8.675009099999951 ], [ -42.7251342, -8.672585799999981 ], [ -42.7248068, -8.670293499999961 ], [ -42.724610299999902, -8.66787019999998 ], [ -42.724020799999899, -8.66525039999993 ], [ -42.7231694, -8.662172199999929 ], [ -42.7231694, -8.659748899999951 ], [ -42.7231039, -8.65719459999997 ], [ -42.7231694, -8.655295299999979 ], [ -42.7230384, -8.65326489999995 ], [ -42.722449, -8.65090709999993 ], [ -42.721663, -8.648942299999931 ], [ -42.720287599999899, -8.646715499999971 ], [ -42.7193707, -8.64409569999998 ], [ -42.7185193, -8.641672399999949 ], [ -42.7176679, -8.638987199999971 ], [ -42.7169474, -8.636629399999951 ], [ -42.7165545, -8.63453349999997 ], [ -42.7164235, -8.63217569999995 ], [ -42.716226999999897, -8.62988339999993 ], [ -42.7165545, -8.62877 ], [ -42.7168819, -8.62791859999993 ], [ -42.717143899999897, -8.626346699999941 ], [ -42.717012899999901, -8.625298799999941 ], [ -42.7164235, -8.623465 ], [ -42.715965, -8.62235159999994 ], [ -42.7153756, -8.620976199999969 ], [ -42.7153101, -8.619731799999951 ], [ -42.715506499999897, -8.617701499999949 ], [ -42.715244599999899, -8.616326099999981 ], [ -42.7136727, -8.612854899999951 ], [ -42.7117734, -8.609187199999949 ], [ -42.71066, -8.60630539999994 ], [ -42.710136, -8.604668099999969 ], [ -42.710005, -8.602375799999949 ], [ -42.7100705, -8.599625 ], [ -42.710267, -8.59805309999996 ], [ -42.710463499999904, -8.59615379999997 ], [ -42.7102015, -8.593927 ], [ -42.709677499999898, -8.59228959999996 ], [ -42.709284599999897, -8.58986629999993 ], [ -42.7094155999999, -8.58803249999994 ], [ -42.7090226, -8.58685359999993 ], [ -42.7081057, -8.585019799999939 ], [ -42.7073197, -8.58285839999996 ], [ -42.7069268, -8.580959099999969 ], [ -42.7069268, -8.579649199999951 ], [ -42.706599299999901, -8.577618899999949 ], [ -42.7058134, -8.57598149999995 ], [ -42.704634499999898, -8.573427199999969 ], [ -42.703521099999897, -8.571331399999959 ], [ -42.7027351, -8.56930109999996 ], [ -42.7024732, -8.56766369999997 ], [ -42.701949199999902, -8.56596089999994 ], [ -42.7005083, -8.56327559999994 ], [ -42.7000499, -8.56190019999997 ], [ -42.699853399999903, -8.56078679999996 ], [ -42.6995259, -8.55986989999997 ], [ -42.698347, -8.558101599999929 ], [ -42.6968406, -8.55639869999993 ], [ -42.6958582, -8.55410639999997 ], [ -42.6953998, -8.552272599999981 ], [ -42.6945483, -8.550504199999979 ], [ -42.693303899999897, -8.54899779999994 ], [ -42.691273599999903, -8.54749149999998 ], [ -42.6895708, -8.54637809999997 ], [ -42.6870165, -8.544871699999931 ], [ -42.6853136, -8.54369279999997 ], [ -42.6830868, -8.54238289999995 ], [ -42.680794499999898, -8.54041809999995 ], [ -42.6794846, -8.53897719999998 ], [ -42.677912799999902, -8.53616089999997 ], [ -42.676733899999903, -8.533410199999929 ], [ -42.6756859, -8.531052399999959 ], [ -42.674638, -8.52961149999993 ], [ -42.6736556, -8.52810509999995 ], [ -42.672083799999903, -8.526467799999979 ], [ -42.6705119, -8.52502689999994 ], [ -42.6701844, -8.52411 ], [ -42.669726, -8.52247259999996 ], [ -42.6690055, -8.52057329999997 ], [ -42.668350599999897, -8.519525299999939 ], [ -42.6669752, -8.518019 ], [ -42.6652068, -8.51703659999993 ], [ -42.6630455, -8.51585769999997 ], [ -42.660977, -8.51510179999997 ], [ -42.657936999999897, -8.51395829999996 ], [ -42.6555792, -8.51186249999995 ], [ -42.652304399999899, -8.50871879999994 ], [ -42.649422699999903, -8.506099 ], [ -42.647326899999896, -8.50361019999997 ], [ -42.646540899999898, -8.50177639999993 ], [ -42.646169, -8.501156499999979 ], [ -42.645362, -8.499811499999961 ], [ -42.642873199999897, -8.498370699999951 ], [ -42.6405154, -8.496405799999931 ], [ -42.640337299999899, -8.496214899999931 ], [ -42.6386816, -8.494441 ], [ -42.6380267, -8.493393099999929 ], [ -42.638943599999898, -8.491952199999959 ], [ -42.6402535, -8.48933239999997 ], [ -42.640777399999898, -8.48579569999993 ], [ -42.6392056, -8.482914 ], [ -42.6382886, -8.480687199999981 ], [ -42.6380267, -8.478853299999971 ], [ -42.6382886, -8.47544759999994 ], [ -42.638224099999903, -8.47486689999994 ], [ -42.6380267, -8.47308979999997 ], [ -42.6381575999999, -8.470208099999979 ], [ -42.6385506, -8.467064299999951 ], [ -42.638943599999898, -8.462872699999931 ], [ -42.6395985, -8.459467 ], [ -42.6394675, -8.457764099999959 ], [ -42.6386816, -8.456061299999931 ], [ -42.6381575999999, -8.453834499999971 ], [ -42.6381575999999, -8.452524599999951 ], [ -42.6392056, -8.45029779999993 ], [ -42.6401225, -8.447416 ], [ -42.6399915, -8.444534199999961 ], [ -42.6390746, -8.442307399999949 ], [ -42.6384196, -8.440866599999939 ], [ -42.6384196, -8.43942569999996 ], [ -42.6387525, -8.43776129999998 ], [ -42.637689599999902, -8.434516499999971 ], [ -42.637679799999901, -8.432579699999961 ], [ -42.6382381, -8.43042649999995 ], [ -42.639514, -8.42795429999995 ], [ -42.640710199999901, -8.426120099999929 ], [ -42.6415077, -8.42452519999995 ], [ -42.6418267, -8.423089699999929 ], [ -42.6421457, -8.42181379999994 ], [ -42.642464699999898, -8.42013909999997 ], [ -42.642943199999898, -8.41950109999993 ], [ -42.643341899999903, -8.41838469999993 ], [ -42.643660899999901, -8.41631119999994 ], [ -42.6434216, -8.41391879999998 ], [ -42.642943199999898, -8.41216439999994 ], [ -42.6422254, -8.410330199999979 ], [ -42.642624199999901, -8.408735299999931 ], [ -42.642624199999901, -8.40777829999996 ], [ -42.6423052, -8.406263099999929 ], [ -42.6416672, -8.40522639999995 ], [ -42.6396735, -8.40339219999993 ], [ -42.637998799999899, -8.40203649999995 ], [ -42.637440599999898, -8.401478299999949 ], [ -42.6368026, -8.39988329999994 ], [ -42.6356862, -8.396693499999969 ], [ -42.6352874, -8.394939 ], [ -42.634250699999903, -8.39278589999998 ], [ -42.6337722, -8.39047319999997 ], [ -42.6334532, -8.388160499999969 ], [ -42.6326558, -8.385050399999949 ], [ -42.632097499999901, -8.382897199999951 ], [ -42.6313001, -8.380106099999979 ], [ -42.6305824, -8.378590899999949 ], [ -42.6296254, -8.377155399999941 ], [ -42.6285089, -8.37667689999995 ], [ -42.6274721999999, -8.37572 ], [ -42.627312699999898, -8.37460349999998 ], [ -42.627791199999898, -8.373008599999929 ], [ -42.628030399999901, -8.371174399999971 ], [ -42.627631699999903, -8.36918069999996 ], [ -42.6269937, -8.367904799999961 ], [ -42.6253988, -8.36575159999995 ], [ -42.6252393, -8.364714899999971 ], [ -42.6255583, -8.36327939999995 ], [ -42.624601299999902, -8.361525 ], [ -42.624202599999897, -8.360089599999981 ], [ -42.6238835999999, -8.357856599999931 ], [ -42.6238577, -8.357742799999929 ], [ -42.623484899999902, -8.356102199999951 ], [ -42.6238039, -8.35378949999995 ], [ -42.623484899999902, -8.35195539999995 ], [ -42.6230861, -8.350360399999939 ], [ -42.6230861, -8.34940339999997 ], [ -42.6238835999999, -8.347968 ], [ -42.6249203, -8.34605409999995 ], [ -42.6260368, -8.34270469999996 ], [ -42.6260368, -8.341189499999929 ], [ -42.626276, -8.339594599999939 ], [ -42.6257178, -8.33736159999995 ], [ -42.6250001, -8.33568689999993 ], [ -42.6246811, -8.333135 ], [ -42.6246811, -8.331540099999931 ], [ -42.6246811, -8.32962619999995 ], [ -42.6238039, -8.32787169999995 ], [ -42.623325399999899, -8.326117299999961 ], [ -42.6225279, -8.323645099999959 ], [ -42.6220494, -8.32212989999994 ], [ -42.621730399999898, -8.320614699999959 ], [ -42.620933, -8.31894009999996 ], [ -42.619577299999897, -8.31750459999995 ], [ -42.6177431, -8.31622869999995 ], [ -42.6166266, -8.31535139999994 ], [ -42.6158291, -8.314235 ], [ -42.614632899999897, -8.31176279999994 ], [ -42.6131177, -8.30968939999997 ], [ -42.6118418, -8.30737669999996 ], [ -42.610964599999903, -8.30562229999992 ], [ -42.6102468, -8.30442609999994 ], [ -42.608029499999901, -8.30255029999995 ], [ -42.3407735, -8.395713299999951 ], [ -42.333413199999903, -8.398279 ], [ -42.306631799999899, -8.434675299999981 ], [ -42.3066109, -8.43470149999996 ], [ -42.3019978, -8.44097049999993 ], [ -42.2962757, -8.448743099999939 ], [ -42.2954561, -8.44920889999997 ], [ -42.1908144, -8.50867909999994 ], [ -42.1587868, -8.59026389999997 ], [ -42.189407699999897, -8.583977199999939 ], [ -42.210062299999898, -8.649191099999941 ], [ -42.2914408, -8.63010509999998 ], [ -42.3107451, -8.662577 ], [ -42.3311634, -8.66192789999997 ], [ -42.334609199999903, -8.661818 ], [ -42.3405177, -8.661629599999969 ], [ -42.3771639, -8.66045489999993 ], [ -42.4751544, -8.65731379999994 ], [ -42.5142451, -8.67902359999994 ], [ -42.603906499999901, -8.72881879999994 ], [ -42.723888799999898, -8.79545489999998 ], [ -42.7334892, -8.80063789999997 ] ] ] ] } },
{ "type": "Feature", "properties": { "CD_MUN": "2205565", "NM_MUN": "Lagoa do Barro do Piauí", "CD_RGI": "220014", "NM_RGI": "São João do Piauí", "CD_RGINT": "2204", "NM_RGINT": "São Raimundo Nonato", "CD_UF": "22", "NM_UF": "Piauí", "SIGLA_UF": "PI", "CD_REGIAO": "2", "NM_REGIAO": "Nordeste", "SIGLA_RG": "NE", "CD_CONCURB": null, "NM_CONCURB": null, "AREA_KM2": 1331.025 }, "geometry": { "type": "MultiPolygon", "coordinates": [ [ [ [ -41.4643482, -8.713232599999969 ], [ -41.46378, -8.71287389999998 ], [ -41.4636735, -8.71256689999996 ], [ -41.4628977, -8.71153819999995 ], [ -41.461598, -8.709814699999979 ], [ -41.459485099999903, -8.70701289999994 ], [ -41.454594, -8.70034809999993 ], [ -41.4521281, -8.69647619999995 ], [ -41.4511123, -8.69488129999996 ], [ -41.4479347, -8.68950339999998 ], [ -41.4447565, -8.685346099999951 ], [ -41.439953199999898, -8.678887399999949 ], [ -41.436129799999897, -8.674388599999929 ], [ -41.4358359, -8.67404279999994 ], [ -41.4356577, -8.673833099999969 ], [ -41.4351384, -8.673093899999969 ], [ -41.4331045, -8.67019879999998 ], [ -41.430556599999903, -8.66839339999996 ], [ -41.426258399999902, -8.66758049999993 ], [ -41.4260785, -8.667581 ], [ -41.420041099999899, -8.676474 ], [ -41.4194069, -8.677408199999951 ], [ -41.413132899999901, -8.686649599999949 ], [ -41.4068061, -8.69596889999997 ], [ -41.4039564999999, -8.70016629999998 ], [ -41.4029469, -8.701653399999939 ], [ -41.4008944, -8.704676799999961 ], [ -41.4005683, -8.705359299999939 ], [ -41.3944724, -8.70731239999998 ], [ -41.3934824, -8.70762959999996 ], [ -41.3901579, -8.70869469999997 ], [ -41.3814565, -8.70730509999993 ], [ -41.3812515, -8.707272399999971 ], [ -41.3837700999999, -8.709488799999971 ], [ -41.3854557, -8.71160039999995 ], [ -41.3904267, -8.720032099999971 ], [ -41.393903599999902, -8.72435629999995 ], [ -41.3966571, -8.72965819999996 ], [ -41.3984558, -8.734400699999981 ], [ -41.399939399999901, -8.743961 ], [ -41.400314, -8.74637489999998 ], [ -41.4074029, -8.763544 ], [ -41.4087958, -8.77041179999998 ], [ -41.411184999999897, -8.774522299999941 ], [ -41.4113912, -8.774368199999969 ], [ -41.4189919, -8.76875939999996 ], [ -41.4233052, -8.766280399999969 ], [ -41.426384, -8.763176 ], [ -41.4277218, -8.758723 ], [ -41.429516, -8.756898 ], [ -41.429803999999898, -8.756585 ], [ -41.430109, -8.756614 ], [ -41.4304, -8.756699 ], [ -41.430874, -8.756954 ], [ -41.431603, -8.757086 ], [ -41.432032, -8.757073 ], [ -41.432096999999899, -8.756937 ], [ -41.432084, -8.75667 ], [ -41.432006, -8.756374 ], [ -41.432114, -8.756136 ], [ -41.432414, -8.755907 ], [ -41.432769999999898, -8.75589 ], [ -41.433531, -8.755741 ], [ -41.434418999999899, -8.755474 ], [ -41.434849, -8.755117 ], [ -41.435358999999899, -8.754922 ], [ -41.436323, -8.754902 ], [ -41.437129, -8.754658 ], [ -41.437786, -8.754619 ], [ -41.439262, -8.754653 ], [ -41.440361, -8.754492 ], [ -41.441614, -8.754407 ], [ -41.442526, -8.754255 ], [ -41.443131, -8.754171 ], [ -41.443844, -8.75423 ], [ -41.445015, -8.75426 ], [ -41.445267999999899, -8.754183 ], [ -41.445818, -8.754098 ], [ -41.44617, -8.754171 ], [ -41.446503999999898, -8.754514 ], [ -41.447105, -8.754743 ], [ -41.448496, -8.754726 ], [ -41.44926, -8.754724 ], [ -41.450036, -8.754832 ], [ -41.451993, -8.755111 ], [ -41.453492, -8.755519 ], [ -41.454037, -8.755722 ], [ -41.454385, -8.755794 ], [ -41.454827, -8.755921 ], [ -41.454973, -8.756214 ], [ -41.454934, -8.756545 ], [ -41.454977, -8.756816 ], [ -41.455332999999897, -8.757125 ], [ -41.455872, -8.757442 ], [ -41.456382, -8.757951 ], [ -41.456502999999898, -8.758392 ], [ -41.456685999999898, -8.758677 ], [ -41.457518999999898, -8.759919 ], [ -41.457725, -8.760432 ], [ -41.458193999999899, -8.761236 ], [ -41.458546, -8.762262 ], [ -41.458661999999897, -8.763576 ], [ -41.458675, -8.763818 ], [ -41.45886, -8.764064 ], [ -41.459306, -8.764276 ], [ -41.459654, -8.764178 ], [ -41.460169, -8.764089 ], [ -41.460575999999897, -8.764259 ], [ -41.460760999999899, -8.764551 ], [ -41.461255, -8.765035 ], [ -41.46217, -8.765823 ], [ -41.462414, -8.766179 ], [ -41.462633, -8.766713 ], [ -41.462629, -8.767154 ], [ -41.462642, -8.767438 ], [ -41.462848, -8.767688 ], [ -41.462909, -8.768373 ], [ -41.463128, -8.769111 ], [ -41.463304, -8.769276 ], [ -41.463707, -8.769494 ], [ -41.464037, -8.769524 ], [ -41.464543999999897, -8.769333 ], [ -41.465067, -8.768977 ], [ -41.465620999999899, -8.76871 ], [ -41.466278, -8.768515 ], [ -41.467295, -8.768425 ], [ -41.467775, -8.768519 ], [ -41.468217, -8.768866 ], [ -41.468286, -8.76901 ], [ -41.468229999999899, -8.769201 ], [ -41.467973, -8.769684 ], [ -41.467908, -8.770046 ], [ -41.467985999999897, -8.770537 ], [ -41.468046, -8.771025 ], [ -41.4682, -8.771228 ], [ -41.468628, -8.771798 ], [ -41.468820999999899, -8.772268 ], [ -41.469091999999897, -8.773056 ], [ -41.469351, -8.773922 ], [ -41.46957, -8.774389 ], [ -41.469939, -8.774554 ], [ -41.470493, -8.774974 ], [ -41.470708, -8.775571 ], [ -41.470699, -8.776025 ], [ -41.470753, -8.776482 ], [ -41.471336, -8.77794 ], [ -41.471758, -8.778877 ], [ -41.471998, -8.77914 ], [ -41.47341, -8.77964 ], [ -41.474443999999899, -8.779691 ], [ -41.474728, -8.779755 ], [ -41.475994, -8.780391 ], [ -41.478048999999899, -8.780734 ], [ -41.478603, -8.781107 ], [ -41.479765, -8.782895 ], [ -41.480623, -8.783204 ], [ -41.481017999999899, -8.783166 ], [ -41.481599, -8.782617 ], [ -41.482569, -8.782422 ], [ -41.483355, -8.782554 ], [ -41.483883999999897, -8.782815 ], [ -41.485085, -8.782717 ], [ -41.485334, -8.782764 ], [ -41.486136, -8.783032 ], [ -41.486624999999897, -8.7836 ], [ -41.487028, -8.783774 ], [ -41.487496, -8.783719 ], [ -41.488462, -8.783736 ], [ -41.488655, -8.783787 ], [ -41.48873, -8.783951 ], [ -41.488816, -8.784409 ], [ -41.488948999999899, -8.784591 ], [ -41.489168, -8.784735 ], [ -41.489378, -8.785044 ], [ -41.489747, -8.785439 ], [ -41.489818, -8.785702 ], [ -41.4896987, -8.78599269999995 ], [ -41.4895609, -8.786367899999959 ], [ -41.489483, -8.786614 ], [ -41.48968, -8.786872 ], [ -41.489894999999898, -8.787033 ], [ -41.4901718, -8.787138 ], [ -41.491137, -8.787764 ], [ -41.491239999999898, -8.788128 ], [ -41.491232, -8.788476 ], [ -41.491039, -8.788993 ], [ -41.49109, -8.789599 ], [ -41.491323, -8.790573 ], [ -41.491734999999899, -8.79134 ], [ -41.492151, -8.791493 ], [ -41.492984, -8.791574 ], [ -41.493216, -8.792024 ], [ -41.49355, -8.793668 ], [ -41.493804, -8.7945 ], [ -41.493868, -8.794813 ], [ -41.493868, -8.795267 ], [ -41.494297, -8.796093 ], [ -41.494379, -8.796589 ], [ -41.494346, -8.797433 ], [ -41.494304999999898, -8.798473 ], [ -41.494262, -8.799155 ], [ -41.49409, -8.799482 ], [ -41.493923, -8.799842 ], [ -41.49405, -8.800206 ], [ -41.494376, -8.80074 ], [ -41.49475, -8.801015 ], [ -41.495016, -8.800969 ], [ -41.495269, -8.800799 ], [ -41.495522, -8.800774 ], [ -41.495638, -8.800922 ], [ -41.495500999999898, -8.801325 ], [ -41.495308, -8.802096 ], [ -41.495294999999899, -8.802511 ], [ -41.495737, -8.803367 ], [ -41.49599, -8.803613 ], [ -41.496506, -8.803888 ], [ -41.496716, -8.804227 ], [ -41.496888, -8.804867 ], [ -41.497051, -8.805257 ], [ -41.497526999999899, -8.805772 ], [ -41.497622, -8.806047 ], [ -41.497751, -8.806251 ], [ -41.49803, -8.806331 ], [ -41.498514999999898, -8.806391 ], [ -41.49906, -8.806831 ], [ -41.49933, -8.806933 ], [ -41.499479999999899, -8.806802 ], [ -41.499549, -8.806556 ], [ -41.499502, -8.806263 ], [ -41.49942, -8.80606 ], [ -41.499431, -8.805735 ], [ -41.499550999999897, -8.805324 ], [ -41.49986, -8.805158 ], [ -41.500112999999899, -8.805163 ], [ -41.500414, -8.805421 ], [ -41.500903, -8.805726 ], [ -41.501199, -8.805714 ], [ -41.501734999999897, -8.805303 ], [ -41.502297999999897, -8.804942 ], [ -41.502572, -8.804883 ], [ -41.503179, -8.80489 ], [ -41.503917999999899, -8.805123 ], [ -41.504320999999898, -8.805077 ], [ -41.504844999999897, -8.804844 ], [ -41.505192, -8.804505 ], [ -41.50539, -8.80442 ], [ -41.505988, -8.804395 ], [ -41.506495, -8.804268 ], [ -41.506705, -8.804268 ], [ -41.507185999999898, -8.80462 ], [ -41.507688, -8.805086 ], [ -41.507970999999898, -8.805188 ], [ -41.508862, -8.805314 ], [ -41.509622, -8.805772 ], [ -41.51021, -8.806056 ], [ -41.510582999999897, -8.806033 ], [ -41.511347, -8.805766 ], [ -41.511806, -8.805474 ], [ -41.512343, -8.805329 ], [ -41.512553, -8.805177 ], [ -41.512733, -8.804735 ], [ -41.512987, -8.804413 ], [ -41.513223, -8.804328 ], [ -41.513553, -8.804298 ], [ -41.513884, -8.804052 ], [ -41.514094, -8.803951 ], [ -41.514519, -8.804006 ], [ -41.514695, -8.803896 ], [ -41.514785, -8.80362 ], [ -41.515008, -8.803234 ], [ -41.515127999999898, -8.802857 ], [ -41.51502, -8.802524 ], [ -41.514694, -8.801948 ], [ -41.514608, -8.801617 ], [ -41.514672, -8.801494 ], [ -41.514857, -8.801253 ], [ -41.514874, -8.801113 ], [ -41.514801, -8.800956 ], [ -41.514753, -8.800592 ], [ -41.514899, -8.800419 ], [ -41.515435, -8.800075 ], [ -41.515641, -8.799817 ], [ -41.515714, -8.799499 ], [ -41.515529, -8.799223 ], [ -41.515036, -8.798787 ], [ -41.514487, -8.798349 ], [ -41.51422, -8.79795 ], [ -41.514229, -8.797501 ], [ -41.514181999999899, -8.797183 ], [ -41.513856, -8.796556 ], [ -41.513427, -8.796072 ], [ -41.513419999999897, -8.79581 ], [ -41.513549, -8.795493 ], [ -41.513934999999897, -8.795183 ], [ -41.514184, -8.795183 ], [ -41.51457, -8.795081 ], [ -41.514823, -8.794857 ], [ -41.514875, -8.794577 ], [ -41.514673, -8.794035 ], [ -41.514296, -8.793462 ], [ -41.513916, -8.793065 ], [ -41.513774, -8.79253 ], [ -41.513594, -8.791899 ], [ -41.513727, -8.791687 ], [ -41.513972, -8.7915 ], [ -41.514199, -8.791163 ], [ -41.514409, -8.790536 ], [ -41.514697, -8.790256 ], [ -41.51492, -8.790222 ], [ -41.515186, -8.790354 ], [ -41.515982, -8.790811 ], [ -41.516295, -8.790883 ], [ -41.517136999999899, -8.790748 ], [ -41.517712, -8.790616 ], [ -41.518025, -8.790735 ], [ -41.51843, -8.79123 ], [ -41.519047999999898, -8.791662 ], [ -41.51928, -8.791666 ], [ -41.519588999999897, -8.791442 ], [ -41.519692, -8.790992 ], [ -41.519675, -8.79042 ], [ -41.519787, -8.7902 ], [ -41.520350999999899, -8.7899 ], [ -41.522153, -8.788925 ], [ -41.522256, -8.788619 ], [ -41.522231, -8.788018 ], [ -41.522165, -8.787455 ], [ -41.522328, -8.787069 ], [ -41.523079, -8.786641 ], [ -41.5241758, -8.786287699999949 ], [ -41.524206999999898, -8.786287 ], [ -41.525759999999899, -8.785955 ], [ -41.526074, -8.785785 ], [ -41.526215, -8.785577 ], [ -41.526404, -8.785234 ], [ -41.526682999999899, -8.785005 ], [ -41.527215, -8.7847 ], [ -41.527442999999899, -8.784658 ], [ -41.527593, -8.784747 ], [ -41.527807, -8.785433 ], [ -41.527872, -8.785925 ], [ -41.527864, -8.786487 ], [ -41.527954, -8.786996 ], [ -41.52807, -8.787606 ], [ -41.528242, -8.787826 ], [ -41.528449, -8.788243 ], [ -41.528586, -8.788433 ], [ -41.528728, -8.7887 ], [ -41.528818, -8.788815 ], [ -41.529092999999897, -8.788912 ], [ -41.529445, -8.78915 ], [ -41.529857, -8.789544 ], [ -41.530217, -8.789861 ], [ -41.530439999999899, -8.78995 ], [ -41.530638, -8.789882 ], [ -41.530681, -8.789742 ], [ -41.530741, -8.789581 ], [ -41.530847999999899, -8.789471 ], [ -41.530904, -8.789259 ], [ -41.530839, -8.789017 ], [ -41.530835, -8.78878 ], [ -41.530895, -8.78858 ], [ -41.530972, -8.788212 ], [ -41.531127, -8.788118 ], [ -41.53129, -8.788123 ], [ -41.531605, -8.788311 ], [ -41.531883999999899, -8.788328 ], [ -41.532133, -8.78829 ], [ -41.532369, -8.788273 ], [ -41.532626999999898, -8.788358 ], [ -41.532773, -8.788553 ], [ -41.532786, -8.788778 ], [ -41.532923, -8.789028 ], [ -41.533206, -8.789227 ], [ -41.533729999999899, -8.789392 ], [ -41.534309, -8.789422 ], [ -41.535073, -8.789591 ], [ -41.535395, -8.789566 ], [ -41.536335, -8.789511 ], [ -41.536841, -8.789316 ], [ -41.537631, -8.789171 ], [ -41.538167, -8.788981 ], [ -41.538347, -8.788765 ], [ -41.538274999999899, -8.788464 ], [ -41.537987, -8.788048 ], [ -41.537934999999898, -8.787862 ], [ -41.538017, -8.787692 ], [ -41.538416, -8.787451 ], [ -41.539395, -8.787044 ], [ -41.541046999999899, -8.786348 ], [ -41.541133, -8.786035 ], [ -41.541086999999898, -8.785885 ], [ -41.540876, -8.785737 ], [ -41.540735, -8.785343 ], [ -41.540705, -8.785127 ], [ -41.540803, -8.784991 ], [ -41.540867999999897, -8.784826 ], [ -41.540915, -8.784537 ], [ -41.541057, -8.784147 ], [ -41.541317999999897, -8.783783 ], [ -41.541347, -8.783575 ], [ -41.541287, -8.783274 ], [ -41.541089999999897, -8.782727 ], [ -41.541043, -8.782528 ], [ -41.541046999999899, -8.782206 ], [ -41.541158, -8.78196 ], [ -41.541288, -8.78187 ], [ -41.54149, -8.781972 ], [ -41.541739, -8.782014 ], [ -41.542014, -8.781976 ], [ -41.542134, -8.78187 ], [ -41.542279999999899, -8.781705 ], [ -41.542532999999899, -8.781557 ], [ -41.543253999999898, -8.781396 ], [ -41.543593, -8.781239 ], [ -41.543807, -8.78104 ], [ -41.544094, -8.780668 ], [ -41.544466999999898, -8.780049 ], [ -41.544746, -8.779769 ], [ -41.544999, -8.779697 ], [ -41.545377, -8.779668 ], [ -41.545948, -8.779693 ], [ -41.546214, -8.779685 ], [ -41.546394, -8.77968 ], [ -41.5466, -8.779782 ], [ -41.547001, -8.779941 ], [ -41.547232999999899, -8.779869 ], [ -41.548083, -8.779411 ], [ -41.54831, -8.779339 ], [ -41.548538, -8.779386 ], [ -41.548834999999897, -8.779749 ], [ -41.549002, -8.780147 ], [ -41.549144, -8.780957 ], [ -41.549393, -8.781258 ], [ -41.549641999999899, -8.781368 ], [ -41.550178, -8.781453 ], [ -41.550835, -8.781283 ], [ -41.551114, -8.781254 ], [ -41.552221, -8.781349 ], [ -41.553847, -8.781535 ], [ -41.554062, -8.781455 ], [ -41.554161, -8.78126 ], [ -41.554289, -8.781004 ], [ -41.555083, -8.780525 ], [ -41.555534, -8.780092 ], [ -41.556525, -8.779503 ], [ -41.557387999999897, -8.77902 ], [ -41.557756, -8.77886 ], [ -41.55897, -8.778754 ], [ -41.559267, -8.778796 ], [ -41.559631, -8.778949 ], [ -41.559906, -8.779225 ], [ -41.560701, -8.780445 ], [ -41.561824999999899, -8.781899 ], [ -41.562066, -8.782321 ], [ -41.562156, -8.782669 ], [ -41.562134, -8.782974 ], [ -41.561997, -8.783181 ], [ -41.561345, -8.783754 ], [ -41.561066, -8.784233 ], [ -41.560714, -8.784958 ], [ -41.560727, -8.785212 ], [ -41.561298, -8.785996 ], [ -41.562024999999899, -8.786918 ], [ -41.562621, -8.787567 ], [ -41.563088999999898, -8.788118 ], [ -41.563536, -8.788186 ], [ -41.563879, -8.788092 ], [ -41.564501, -8.787673 ], [ -41.56524, -8.787168 ], [ -41.566391, -8.78666 ], [ -41.566987, -8.7866 ], [ -41.56736, -8.786702 ], [ -41.567764, -8.786969 ], [ -41.567824, -8.787151 ], [ -41.567845, -8.787435 ], [ -41.567681999999898, -8.787715 ], [ -41.567205999999899, -8.788197 ], [ -41.566764, -8.788829 ], [ -41.566833, -8.789181 ], [ -41.566974, -8.789376 ], [ -41.56724, -8.789477 ], [ -41.567463, -8.789655 ], [ -41.568674, -8.790024 ], [ -41.5687877, -8.789969099999951 ], [ -41.568874999999899, -8.789927 ], [ -41.569034, -8.789575 ], [ -41.569223, -8.78938 ], [ -41.569592, -8.789092 ], [ -41.569971, -8.788876 ], [ -41.570335999999898, -8.78882 ], [ -41.570863, -8.789113 ], [ -41.571171999999898, -8.789189 ], [ -41.571653, -8.789215 ], [ -41.571949, -8.789138 ], [ -41.572288, -8.789189 ], [ -41.572704, -8.789295 ], [ -41.57321, -8.789737 ], [ -41.574111, -8.790538 ], [ -41.574565999999898, -8.790839 ], [ -41.575412, -8.791049 ], [ -41.576786, -8.791185 ], [ -41.578519, -8.791223 ], [ -41.578798, -8.791303 ], [ -41.578974, -8.791435 ], [ -41.579013, -8.791617 ], [ -41.578974, -8.792163 ], [ -41.57885, -8.792777 ], [ -41.578614, -8.793345 ], [ -41.577894, -8.794391 ], [ -41.577602, -8.795265 ], [ -41.577512, -8.79568 ], [ -41.577711, -8.796785 ], [ -41.577809, -8.79729 ], [ -41.578221, -8.797925 ], [ -41.578904, -8.798799 ], [ -41.579286, -8.799019 ], [ -41.579672, -8.799036 ], [ -41.579821, -8.798767 ], [ -41.579709, -8.797686 ], [ -41.579782, -8.797364 ], [ -41.579996999999899, -8.797063 ], [ -41.580417, -8.796584 ], [ -41.581074, -8.796045 ], [ -41.581546, -8.795729 ], [ -41.58228, -8.795301 ], [ -41.583074, -8.795042 ], [ -41.583254, -8.794949 ], [ -41.583512, -8.794699 ], [ -41.584241, -8.793811 ], [ -41.584949, -8.792972 ], [ -41.585786, -8.792531 ], [ -41.587005, -8.792196 ], [ -41.587631, -8.791919 ], [ -41.58849, -8.791546 ], [ -41.588837, -8.791563 ], [ -41.589734, -8.791949 ], [ -41.591408999999899, -8.792867 ], [ -41.592503, -8.793308 ], [ -41.593538, -8.793393 ], [ -41.593905, -8.793258 ], [ -41.594261, -8.793004 ], [ -41.59478, -8.792715 ], [ -41.596114, -8.791925 ], [ -41.596959, -8.791518 ], [ -41.597577, -8.791383 ], [ -41.597968, -8.791349 ], [ -41.598340999999898, -8.79148 ], [ -41.598732, -8.791824 ], [ -41.599324, -8.792896 ], [ -41.599598, -8.793595 ], [ -41.599623999999899, -8.794481 ], [ -41.599871999999898, -8.794832 ], [ -41.600155, -8.794912 ], [ -41.600494, -8.794878 ], [ -41.601365, -8.794666 ], [ -41.601743999999897, -8.79449 ], [ -41.602221, -8.793842 ], [ -41.602460999999899, -8.792939 ], [ -41.602731999999897, -8.792135 ], [ -41.603243, -8.791461 ], [ -41.603552, -8.791156 ], [ -41.603766999999898, -8.79088 ], [ -41.604427, -8.790549 ], [ -41.604808999999896, -8.790265 ], [ -41.60526, -8.789672 ], [ -41.607071, -8.787684 ], [ -41.607599999999898, -8.787266 ], [ -41.608308, -8.786808 ], [ -41.609397999999899, -8.786753 ], [ -41.612097999999897, -8.786565 ], [ -41.613093, -8.786463 ], [ -41.613505, -8.786235 ], [ -41.613591, -8.786065 ], [ -41.613700999999899, -8.785639 ], [ -41.613762, -8.78491 ], [ -41.613743999999897, -8.784567 ], [ -41.613556, -8.784329 ], [ -41.613285, -8.784045 ], [ -41.613022999999899, -8.78302 ], [ -41.612587, -8.781447 ], [ -41.612175, -8.780073 ], [ -41.612226, -8.779709 ], [ -41.613033, -8.778268 ], [ -41.613574, -8.7777 ], [ -41.614286, -8.777214 ], [ -41.614689999999896, -8.777083 ], [ -41.616149, -8.776977 ], [ -41.617455, -8.776564 ], [ -41.619202, -8.775966 ], [ -41.619571, -8.775953 ], [ -41.620005, -8.776042 ], [ -41.620554, -8.776442 ], [ -41.621398999999897, -8.777141 ], [ -41.621992, -8.777294 ], [ -41.622768, -8.777319 ], [ -41.62306, -8.777196 ], [ -41.623154999999898, -8.777006 ], [ -41.623154999999898, -8.776773 ], [ -41.62315, -8.776514 ], [ -41.623215, -8.776311 ], [ -41.623489, -8.775687 ], [ -41.623959, -8.774989 ], [ -41.624942, -8.773544 ], [ -41.625547, -8.772921 ], [ -41.626525, -8.771997 ], [ -41.62755, -8.771112 ], [ -41.628104, -8.771031 ], [ -41.628971, -8.771099 ], [ -41.629305, -8.770997 ], [ -41.629491, -8.770878 ], [ -41.629701, -8.770213 ], [ -41.629985, -8.769586 ], [ -41.630512, -8.768865 ], [ -41.630823, -8.768124 ], [ -41.631299, -8.766772 ], [ -41.631359, -8.766174 ], [ -41.631352999999898, -8.765256 ], [ -41.631069, -8.763878 ], [ -41.631048, -8.763077 ], [ -41.631124999999898, -8.761433 ], [ -41.631279999999897, -8.761229 ], [ -41.631692, -8.761068 ], [ -41.632065, -8.761018 ], [ -41.633253, -8.76134 ], [ -41.634093999999898, -8.761344 ], [ -41.63451, -8.761408 ], [ -41.635587, -8.76209 ], [ -41.637565, -8.763479 ], [ -41.638243, -8.763861 ], [ -41.638483, -8.763827 ], [ -41.638821999999898, -8.763632 ], [ -41.639654999999898, -8.763449 ], [ -41.640406, -8.763144 ], [ -41.640659, -8.762907 ], [ -41.640779, -8.76244 ], [ -41.641095, -8.761847 ], [ -41.641683, -8.760935 ], [ -41.642297, -8.760443 ], [ -41.642956, -8.76033 ], [ -41.643475, -8.760229 ], [ -41.643677, -8.75997 ], [ -41.6439, -8.75975 ], [ -41.644685, -8.758944 ], [ -41.645273, -8.758372 ], [ -41.645826999999898, -8.758082 ], [ -41.646861, -8.758171 ], [ -41.647488, -8.758031 ], [ -41.647967999999899, -8.757959 ], [ -41.648337, -8.75809 ], [ -41.648732, -8.758311 ], [ -41.649147, -8.758323 ], [ -41.650177, -8.758408 ], [ -41.650615, -8.758751 ], [ -41.651297, -8.759128 ], [ -41.651564, -8.759149 ], [ -41.651697, -8.759043 ], [ -41.651842, -8.758937 ], [ -41.652023, -8.758946 ], [ -41.652747, -8.759042 ], [ -41.654296, -8.759046 ], [ -41.654922999999897, -8.758945 ], [ -41.655166999999899, -8.758631 ], [ -41.655288, -8.758241 ], [ -41.655232, -8.758012 ], [ -41.655043, -8.757584 ], [ -41.655069, -8.757135 ], [ -41.655343, -8.756677 ], [ -41.655738, -8.756279 ], [ -41.65603, -8.755744 ], [ -41.656630999999898, -8.754617 ], [ -41.656900999999898, -8.753741 ], [ -41.657991, -8.75177 ], [ -41.658377, -8.751414 ], [ -41.658797999999898, -8.751346 ], [ -41.659588, -8.751473 ], [ -41.660274, -8.751838 ], [ -41.660407, -8.752435 ], [ -41.660648, -8.752837 ], [ -41.661154, -8.753244 ], [ -41.661875, -8.753414 ], [ -41.664926, -8.754476 ], [ -41.665883, -8.754764 ], [ -41.667029, -8.755388 ], [ -41.668059, -8.75579 ], [ -41.669956, -8.756138 ], [ -41.671560999999897, -8.756417 ], [ -41.672454, -8.756723 ], [ -41.673698, -8.757418 ], [ -41.674359, -8.757557 ], [ -41.674784, -8.757481 ], [ -41.675445, -8.756993 ], [ -41.675831, -8.756527 ], [ -41.676222, -8.75559 ], [ -41.676612, -8.754758 ], [ -41.677169999999897, -8.754152 ], [ -41.6775, -8.753664 ], [ -41.6779, -8.753317 ], [ -41.678955, -8.752651 ], [ -41.680311, -8.751719 ], [ -41.680698, -8.750811 ], [ -41.680791999999897, -8.750159 ], [ -41.681173999999899, -8.748394 ], [ -41.681569, -8.747448 ], [ -41.681912, -8.747228 ], [ -41.682427, -8.747168 ], [ -41.683371, -8.746931 ], [ -41.684694, -8.74693 ], [ -41.687123, -8.746854 ], [ -41.687733, -8.746981 ], [ -41.6882, -8.747384 ], [ -41.689016, -8.74778 ], [ -41.690479, -8.748395 ], [ -41.692257, -8.750152 ], [ -41.692875, -8.750665 ], [ -41.693506, -8.750783 ], [ -41.693995, -8.750677 ], [ -41.69454, -8.750686 ], [ -41.695549, -8.750906 ], [ -41.696677, -8.75086 ], [ -41.697548, -8.750692 ], [ -41.698397999999898, -8.750081 ], [ -41.698621, -8.749556 ], [ -41.698776, -8.748564 ], [ -41.699239, -8.746552 ], [ -41.699590999999899, -8.745577 ], [ -41.700522, -8.744437 ], [ -41.701067, -8.743892 ], [ -41.701388999999899, -8.743485 ], [ -41.701475, -8.742866 ], [ -41.701594999999898, -8.742595 ], [ -41.702012, -8.742052 ], [ -41.702978, -8.740836 ], [ -41.703466999999897, -8.74034 ], [ -41.703848999999899, -8.739526 ], [ -41.703891999999897, -8.739187 ], [ -41.703678, -8.738729 ], [ -41.703341, -8.738014 ], [ -41.703088, -8.736747 ], [ -41.702719, -8.735954 ], [ -41.702401, -8.734974 ], [ -41.702430999999898, -8.734648 ], [ -41.703105999999899, -8.73165 ], [ -41.703514, -8.730247 ], [ -41.703814, -8.729755 ], [ -41.704243, -8.729526 ], [ -41.705276, -8.729156 ], [ -41.705936999999899, -8.729118 ], [ -41.706598, -8.729377 ], [ -41.70695, -8.729487 ], [ -41.707371, -8.729326 ], [ -41.708019, -8.729097 ], [ -41.708791, -8.728842 ], [ -41.709242, -8.728736 ], [ -41.709693, -8.728743 ], [ -41.710152999999899, -8.72881 ], [ -41.710529999999899, -8.728874 ], [ -41.710963999999898, -8.728704 ], [ -41.711487, -8.728522 ], [ -41.711981, -8.728531 ], [ -41.712604999999897, -8.728686 ], [ -41.712974, -8.729076 ], [ -41.713721, -8.730289 ], [ -41.714193, -8.730789 ], [ -41.715335, -8.731314 ], [ -41.716017, -8.7317 ], [ -41.716511, -8.732268 ], [ -41.716828, -8.732764 ], [ -41.716798, -8.733095 ], [ -41.716501999999899, -8.733523 ], [ -41.716425, -8.733866 ], [ -41.716498, -8.734133 ], [ -41.716798, -8.734575 ], [ -41.71694, -8.7351 ], [ -41.717021, -8.735694 ], [ -41.717184, -8.735918 ], [ -41.717419999999898, -8.736177 ], [ -41.717498, -8.7366 ], [ -41.717678, -8.73696 ], [ -41.718588, -8.737766 ], [ -41.719098, -8.738227 ], [ -41.719703, -8.738176 ], [ -41.72048, -8.738155 ], [ -41.720987, -8.737951 ], [ -41.721639, -8.73762 ], [ -41.721884, -8.737582 ], [ -41.722134, -8.737678 ], [ -41.722541, -8.737686 ], [ -41.722863, -8.737869 ], [ -41.723133, -8.738004 ], [ -41.723558, -8.738034 ], [ -41.724228, -8.738097 ], [ -41.724674, -8.73828 ], [ -41.724854, -8.738284 ], [ -41.725034999999899, -8.738169 ], [ -41.725296, -8.737839 ], [ -41.725627, -8.73758 ], [ -41.725884, -8.737483 ], [ -41.726232, -8.737491 ], [ -41.72673, -8.737508 ], [ -41.727103, -8.737898 ], [ -41.727524, -8.738246 ], [ -41.728022, -8.738542 ], [ -41.728373, -8.738555 ], [ -41.728803, -8.738165 ], [ -41.72909, -8.737665 ], [ -41.729391, -8.73736 ], [ -41.73012, -8.736758 ], [ -41.730395, -8.736465 ], [ -41.731026, -8.735659 ], [ -41.73115, -8.735583 ], [ -41.731699, -8.735536 ], [ -41.73203, -8.735481 ], [ -41.732412, -8.735257 ], [ -41.732981, -8.734865 ], [ -41.733445, -8.734759 ], [ -41.733917, -8.73453 ], [ -41.734595, -8.734395 ], [ -41.735123, -8.734115 ], [ -41.736041, -8.733636 ], [ -41.736716, -8.733352 ], [ -41.7374707, -8.73271339999997 ], [ -41.7508208, -8.605080599999949 ], [ -41.746212, -8.59257449999996 ], [ -41.7454691, -8.59055859999995 ], [ -41.7406968, -8.577609099999959 ], [ -41.7405964, -8.577336499999941 ], [ -41.7121678, -8.500224599999971 ], [ -41.732537099999902, -8.46328079999995 ], [ -41.732564099999898, -8.46323179999996 ], [ -41.7326714, -8.46303719999997 ], [ -41.7546733, -8.423106 ], [ -41.7318888, -8.41038039999995 ], [ -41.731867099999903, -8.41037169999993 ], [ -41.7208017, -8.404188599999941 ], [ -41.7269788, -8.400300699999949 ], [ -41.6735426, -8.392466 ], [ -41.6733316, -8.390172 ], [ -41.669663899999897, -8.350294 ], [ -41.676981199999901, -8.32850969999993 ], [ -41.660660499999899, -8.30457389999998 ], [ -41.657106199999902, -8.299003299999979 ], [ -41.6486892, -8.305863899999959 ], [ -41.6398177, -8.306893799999949 ], [ -41.6348406, -8.30832389999995 ], [ -41.6288711, -8.310913899999949 ], [ -41.6195091, -8.313278499999971 ], [ -41.6165424, -8.31445979999995 ], [ -41.614950899999897, -8.315521099999961 ], [ -41.6132952, -8.317229499999939 ], [ -41.610661799999903, -8.31897789999994 ], [ -41.6069977, -8.319894599999939 ], [ -41.6034266, -8.32031629999994 ], [ -41.5999844, -8.321083199999981 ], [ -41.596922699999901, -8.32056979999993 ], [ -41.5935711, -8.32034549999997 ], [ -41.5903218, -8.320586799999941 ], [ -41.5871162, -8.32048449999996 ], [ -41.5848156, -8.31986169999993 ], [ -41.584706299999901, -8.31979729999995 ], [ -41.582821399999901, -8.318685899999929 ], [ -41.5772805, -8.31626029999995 ], [ -41.575299399999899, -8.315272399999969 ], [ -41.572062199999898, -8.314002899999929 ], [ -41.5687846, -8.313398 ], [ -41.5667754, -8.312525 ], [ -41.5649318, -8.312237 ], [ -41.5647473, -8.31286529999994 ], [ -41.5655843, -8.31366979999996 ], [ -41.566413699999899, -8.31567989999996 ], [ -41.567203999999897, -8.316498899999941 ], [ -41.5688931, -8.31704559999997 ], [ -41.57086, -8.316972199999951 ], [ -41.571788599999898, -8.31758679999996 ], [ -41.5724311, -8.318483399999931 ], [ -41.5728068, -8.320081899999931 ], [ -41.572614499999901, -8.32200429999995 ], [ -41.573352, -8.32427169999994 ], [ -41.572702799999902, -8.32531719999997 ], [ -41.571874799999897, -8.32604339999995 ], [ -41.5711161, -8.327015699999951 ], [ -41.570334699999897, -8.32756209999997 ], [ -41.569073699999898, -8.32796819999993 ], [ -41.568301, -8.32833179999994 ], [ -41.567803599999898, -8.32948269999997 ], [ -41.5676395999999, -8.33150759999995 ], [ -41.5672795, -8.332882 ], [ -41.5661266, -8.333966 ], [ -41.5649558, -8.334477399999971 ], [ -41.5641314, -8.335909099999981 ], [ -41.564090399999898, -8.33769459999996 ], [ -41.5635245, -8.339083 ], [ -41.562359, -8.339681199999969 ], [ -41.5604605999999, -8.339852899999929 ], [ -41.5584004, -8.339574 ], [ -41.556994, -8.339474299999949 ], [ -41.5562088, -8.339967399999979 ], [ -41.5559623, -8.34105079999995 ], [ -41.5546995999999, -8.341706899999959 ], [ -41.5534203, -8.341719799999961 ], [ -41.5519556, -8.342891299999961 ], [ -41.551011, -8.343964799999981 ], [ -41.549685, -8.345034399999969 ], [ -41.5476563, -8.34578189999996 ], [ -41.546166, -8.346448699999939 ], [ -41.5454745, -8.34693839999994 ], [ -41.5450741, -8.348399 ], [ -41.5446676, -8.349429599999951 ], [ -41.5422884, -8.35378109999994 ], [ -41.5416228, -8.355157399999939 ], [ -41.5402933, -8.35694909999995 ], [ -41.5384543, -8.35840239999993 ], [ -41.5377657, -8.35936069999997 ], [ -41.537075, -8.360133299999969 ], [ -41.535769199999898, -8.360740199999951 ], [ -41.5331709, -8.36111809999994 ], [ -41.5317792, -8.361600399999929 ], [ -41.5299262, -8.362696 ], [ -41.5279097, -8.36483149999998 ], [ -41.526395299999898, -8.366663299999971 ], [ -41.5254146, -8.368196799999961 ], [ -41.5229591, -8.37339929999996 ], [ -41.508482199999897, -8.368624399999931 ], [ -41.4889654, -8.36816729999993 ], [ -41.486505899999898, -8.36810969999993 ], [ -41.4935305, -8.39103309999996 ], [ -41.4954256, -8.414444099999971 ], [ -41.4949715, -8.426904 ], [ -41.4939615, -8.45473819999995 ], [ -41.4936652, -8.454934899999961 ], [ -41.4935699, -8.455045699999969 ], [ -41.4921494, -8.45604919999994 ], [ -41.485984, -8.474797 ], [ -41.485925, -8.475009 ], [ -41.48592, -8.475168 ], [ -41.485979, -8.475328 ], [ -41.4941701, -8.50078289999993 ], [ -41.4955477, -8.505189399999949 ], [ -41.486169, -8.514897 ], [ -41.4847472, -8.51715489999998 ], [ -41.4818413, -8.520070099999939 ], [ -41.4795867, -8.52225329999993 ], [ -41.4788962, -8.52292189999997 ], [ -41.4768726, -8.525714299999949 ], [ -41.476870399999903, -8.52581619999995 ], [ -41.4744429, -8.528502099999971 ], [ -41.4744079, -8.52857019999993 ], [ -41.4714701, -8.53055759999995 ], [ -41.470490799999901, -8.530936799999949 ], [ -41.468292899999902, -8.531826 ], [ -41.4699638, -8.537978099999981 ], [ -41.470556, -8.54001909999994 ], [ -41.4733902, -8.552685399999969 ], [ -41.4773254999999, -8.56580709999997 ], [ -41.477472, -8.566295399999939 ], [ -41.4790088, -8.575455299999931 ], [ -41.478755099999901, -8.57686279999996 ], [ -41.480218299999898, -8.586384 ], [ -41.4805775, -8.59179609999995 ], [ -41.4805969, -8.592088899999959 ], [ -41.4830577, -8.60141729999998 ], [ -41.4833245, -8.601932499999981 ], [ -41.485846299999899, -8.606803 ], [ -41.4880406999999, -8.611551399999939 ], [ -41.4880653, -8.61160179999996 ], [ -41.488072499999902, -8.61161739999994 ], [ -41.4923044, -8.620769299999949 ], [ -41.4925481, -8.621250799999929 ], [ -41.493088499999899, -8.622935499999929 ], [ -41.496541799999903, -8.633700599999941 ], [ -41.5015983, -8.64576309999995 ], [ -41.5064912, -8.653239099999951 ], [ -41.506763099999901, -8.653654699999951 ], [ -41.5090898, -8.659423 ], [ -41.5102568, -8.67788679999995 ], [ -41.511231199999898, -8.68086819999996 ], [ -41.515493799999902, -8.70192649999996 ], [ -41.5180487, -8.7127 ], [ -41.517890899999898, -8.724891299999969 ], [ -41.5041016, -8.735555799999929 ], [ -41.4955194, -8.735775099999961 ], [ -41.489984499999899, -8.733922799999959 ], [ -41.470594499999898, -8.717043099999961 ], [ -41.465567099999902, -8.714002 ], [ -41.4643482, -8.713232599999969 ] ] ] ] } },
{ "type": "Feature", "properties": { "CD_MUN": "2205532", "NM_MUN": "Jurema", "CD_RGI": "220013", "NM_RGI": "São Raimundo Nonato", "CD_RGINT": "2204", "NM_RGINT": "São Raimundo Nonato", "CD_UF": "22", "NM_UF": "Piauí", "SIGLA_UF": "PI", "CD_REGIAO": "2", "NM_REGIAO": "Nordeste", "SIGLA_RG": "NE", "CD_CONCURB": null, "NM_CONCURB": null, "AREA_KM2": 1271.881 }, "geometry": { "type": "MultiPolygon", "coordinates": [ [ [ [ -43.0853326, -9.391241899999949 ], [ -43.086792, -9.388425899999961 ], [ -43.0878392, -9.387659499999931 ], [ -43.088917599999903, -9.38745849999998 ], [ -43.0911232999999, -9.38807819999994 ], [ -43.0941733, -9.385964599999969 ], [ -43.095736799999898, -9.385518699999979 ], [ -43.0991941, -9.387026 ], [ -43.1016054, -9.385578199999941 ], [ -43.1040975, -9.38644379999994 ], [ -43.1054955, -9.38561329999993 ], [ -43.1069482, -9.379157299999971 ], [ -43.1074164, -9.378492399999971 ], [ -43.108789499999901, -9.378607799999941 ], [ -43.1116865, -9.380512099999979 ], [ -43.1132972, -9.378336899999971 ], [ -43.1147534999999, -9.374733099999959 ], [ -43.116449499999902, -9.37349019999994 ], [ -43.119619199999903, -9.371898 ], [ -43.121218199999902, -9.37202709999997 ], [ -43.1218779, -9.372945699999949 ], [ -43.123868699999903, -9.37905 ], [ -43.1263796, -9.37906189999995 ], [ -43.1290976, -9.37934829999995 ], [ -43.129711, -9.380029099999939 ], [ -43.130346099999898, -9.38542689999997 ], [ -43.1320013, -9.386924 ], [ -43.133164099999902, -9.387282699999959 ], [ -43.1352026, -9.387341499999931 ], [ -43.1371925, -9.386338499999971 ], [ -43.1425943, -9.38030929999996 ], [ -43.1472153, -9.376305299999959 ], [ -43.1492762, -9.37579219999998 ], [ -43.153133, -9.375607899999981 ], [ -43.1562923, -9.37611369999996 ], [ -43.158626399999903, -9.377036499999971 ], [ -43.161524, -9.379250099999981 ], [ -43.1615484, -9.379336299999981 ], [ -43.1623948, -9.382321899999971 ], [ -43.1635238, -9.39068119999996 ], [ -43.1646794, -9.39431279999997 ], [ -43.1671755, -9.39989219999995 ], [ -43.1731465, -9.410108599999941 ], [ -43.173928499999903, -9.41122389999998 ], [ -43.1761806, -9.413006699999929 ], [ -43.1831086, -9.41710509999996 ], [ -43.191699, -9.42043129999996 ], [ -43.1938597, -9.420722299999969 ], [ -43.1959472, -9.41992369999997 ], [ -43.1987224, -9.41799619999995 ], [ -43.200415, -9.412862 ], [ -43.201255199999899, -9.40850059999997 ], [ -43.2022562, -9.40641639999996 ], [ -43.206497199999902, -9.402123299999969 ], [ -43.2078554, -9.40125279999995 ], [ -43.2093659, -9.40028459999996 ], [ -43.2111434, -9.39975029999994 ], [ -43.2142901, -9.399648299999971 ], [ -43.218633699999899, -9.400621599999971 ], [ -43.213835199999899, -9.35846849999996 ], [ -43.2135311, -9.355796599999961 ], [ -43.205232099999897, -9.35243939999998 ], [ -43.2051389, -9.344999399999949 ], [ -43.2049603, -9.330760599999961 ], [ -43.2047959, -9.317657799999949 ], [ -43.2058714, -9.31740929999995 ], [ -43.2063575, -9.317297 ], [ -43.2065754, -9.31724669999994 ], [ -43.223208699999901, -9.31340449999993 ], [ -43.210614099999901, -9.285265199999969 ], [ -43.218155, -9.28385969999994 ], [ -43.218363199999899, -9.28382089999997 ], [ -43.2183534, -9.28366589999996 ], [ -43.2158606, -9.24580409999993 ], [ -43.2139410999999, -9.24222379999998 ], [ -43.2138911, -9.242130599999941 ], [ -43.2136848, -9.241746 ], [ -43.1886344, -9.19501519999994 ], [ -43.1978725, -9.175170499999981 ], [ -43.1979003, -9.17511079999997 ], [ -43.206105099999903, -9.15748609999997 ], [ -43.2245179, -9.117897199999961 ], [ -43.227325, -9.111861799999931 ], [ -43.2401553, -9.08427579999994 ], [ -43.2402147, -9.08414859999993 ], [ -43.2792514, -9.00011139999998 ], [ -43.283485799999902, -8.74972429999997 ], [ -43.2608149, -8.746846599999969 ], [ -43.140986199999901, -8.74253009999995 ], [ -43.1158204, -8.74161869999995 ], [ -43.076690799999902, -8.740199399999939 ], [ -43.0593595, -8.69762819999994 ], [ -43.058547599999898, -8.698097099999931 ], [ -43.057037799999897, -8.699229499999941 ], [ -43.055810999999899, -8.69908789999994 ], [ -43.054773, -8.698144299999971 ], [ -43.0540652, -8.697295 ], [ -43.053215899999898, -8.69644569999997 ], [ -43.0518476, -8.69578509999997 ], [ -43.049865899999901, -8.695549199999959 ], [ -43.047884199999899, -8.695596399999941 ], [ -43.045006, -8.69592659999995 ], [ -43.0424581, -8.69635129999995 ], [ -43.040382, -8.697106199999951 ], [ -43.0385419, -8.697814 ], [ -43.037079199999901, -8.69823859999997 ], [ -43.0353334, -8.69819139999993 ], [ -43.033163, -8.697719599999971 ], [ -43.03137, -8.69724779999996 ], [ -43.030143199999898, -8.697059 ], [ -43.0289165, -8.69720059999997 ], [ -43.0275482, -8.69776679999995 ], [ -43.0259439, -8.698946399999951 ], [ -43.02467, -8.69979569999998 ], [ -43.0224052, -8.70031469999998 ], [ -43.0200603, -8.700966 ], [ -43.0188236, -8.72669859999996 ], [ -43.0168849, -8.81548579999998 ], [ -43.0798071, -8.81231089999994 ], [ -43.1015614, -8.92778879999997 ], [ -43.113826399999901, -8.99289489999995 ], [ -43.1079043, -9.048986099999979 ], [ -43.106375, -9.06347129999995 ], [ -43.1029108, -9.096219 ], [ -43.1111926, -9.101484699999959 ], [ -43.1098203, -9.117897199999961 ], [ -43.107406, -9.14677289999997 ], [ -43.0985772, -9.155177699999969 ], [ -43.0895073, -9.16381059999998 ], [ -43.0879088, -9.16533209999994 ], [ -43.0868535, -9.166336499999939 ], [ -43.0861406, -9.167015 ], [ -43.0836947, -9.191815399999941 ], [ -43.083671299999899, -9.192085399999939 ], [ -43.0836155, -9.19265269999994 ], [ -43.0836135, -9.19267269999995 ], [ -43.083608599999899, -9.192722799999959 ], [ -43.083602599999899, -9.192783799999971 ], [ -43.0834593, -9.19423849999993 ], [ -43.083449899999898, -9.194335099999931 ], [ -43.0832389, -9.196476399999939 ], [ -43.0832283, -9.196584199999959 ], [ -43.083146, -9.197419399999941 ], [ -43.0830715, -9.198175 ], [ -43.0832874, -9.198581099999959 ], [ -43.083616499999899, -9.199200099999929 ], [ -43.0838357, -9.19961219999993 ], [ -43.0854173, -9.20258689999997 ], [ -43.106957099999903, -9.24309909999994 ], [ -43.1049116, -9.247914 ], [ -43.1048322, -9.248100799999969 ], [ -43.0876503, -9.288532799999929 ], [ -43.0825422, -9.33186319999993 ], [ -43.0824994, -9.33222619999998 ], [ -43.074511, -9.399989 ], [ -43.0753285, -9.40008929999993 ], [ -43.079832199999899, -9.399109 ], [ -43.0828883, -9.39732569999995 ], [ -43.0840780999999, -9.39470439999997 ], [ -43.0842367, -9.39335209999996 ], [ -43.085169, -9.39155489999996 ], [ -43.085271, -9.39135819999996 ], [ -43.0853326, -9.391241899999949 ] ] ] ] } },
{ "type": "Feature", "properties": { "CD_MUN": "2204550", "NM_MUN": "Guaribas", "CD_RGI": "220013", "NM_RGI": "São Raimundo Nonato", "CD_RGINT": "2204", "NM_RGINT": "São Raimundo Nonato", "CD_UF": "22", "NM_UF": "Piauí", "SIGLA_UF": "PI", "CD_REGIAO": "2", "NM_REGIAO": "Nordeste", "SIGLA_RG": "NE", "CD_CONCURB": null, "NM_CONCURB": null, "AREA_KM2": 3118.231 }, "geometry": { "type": "MultiPolygon", "coordinates": [ [ [ [ -43.675839799999899, -9.41110719999995 ], [ -43.678919699999902, -9.41282349999994 ], [ -43.6823393, -9.41530869999997 ], [ -43.685759, -9.41779379999997 ], [ -43.6891438, -9.419682799999981 ], [ -43.6937288, -9.421069299999941 ], [ -43.700648999999899, -9.421556099999981 ], [ -43.7211447, -9.42779619999993 ], [ -43.7293518, -9.429172 ], [ -43.7356958, -9.430235499999981 ], [ -43.7514198, -9.434072399999931 ], [ -43.761308, -9.437862 ], [ -43.769728799999903, -9.44205119999998 ], [ -43.7782905, -9.448700899999951 ], [ -43.782168199999902, -9.45265419999993 ], [ -43.8165427, -9.39813729999997 ], [ -43.8583467, -9.331837499999949 ], [ -43.858491899999898, -9.33160639999994 ], [ -43.869799999999898, -9.31365329999994 ], [ -43.8706215, -9.312334599999931 ], [ -43.956651899999898, -9.174074499999961 ], [ -43.9428108, -9.14944 ], [ -43.928822099999898, -9.124547 ], [ -43.9250852, -9.117897199999961 ], [ -43.869234199999902, -9.01851059999996 ], [ -43.8468793, -8.958935799999949 ], [ -43.846737, -8.958556899999961 ], [ -43.8397284, -8.93988379999996 ], [ -43.839511699999903, -8.93930609999995 ], [ -43.8369144, -8.932388199999931 ], [ -43.8141065, -8.87163969999995 ], [ -43.8137316, -8.870641199999969 ], [ -43.813542, -8.87013619999993 ], [ -43.7928403, -8.81499739999998 ], [ -43.7925245, -8.814154499999971 ], [ -43.701957999999898, -8.717143399999941 ], [ -43.7042527999999, -8.73177449999997 ], [ -43.4669598999999, -8.72993209999993 ], [ -43.466188, -8.73076959999997 ], [ -43.461923899999903, -8.734429899999951 ], [ -43.458764899999899, -8.736469899999969 ], [ -43.456558599999902, -8.73815779999995 ], [ -43.454306, -8.74278219999997 ], [ -43.450182, -8.74757579999994 ], [ -43.4434577, -8.752395 ], [ -43.4404342999999, -8.75655479999995 ], [ -43.4365404, -8.759510899999951 ], [ -43.4319853, -8.76189619999997 ], [ -43.4279084, -8.76488619999998 ], [ -43.423412, -8.771093 ], [ -43.4183899, -8.78040839999994 ], [ -43.4168605, -8.78659159999995 ], [ -43.4166152, -8.79260469999997 ], [ -43.4180527, -8.79954239999995 ], [ -43.4187247999999, -8.80488619999994 ], [ -43.419446299999898, -8.807719 ], [ -43.4228684, -8.81289609999993 ], [ -43.4259552, -8.81945349999995 ], [ -43.4283603, -8.82271749999995 ], [ -43.4292306, -8.824864199999981 ], [ -43.430965699999902, -8.827865899999949 ], [ -43.431709, -8.83038009999996 ], [ -43.4315564999999, -8.83375119999994 ], [ -43.4338716, -8.837198699999931 ], [ -43.435428499999901, -8.84130309999995 ], [ -43.4383928, -8.84485229999996 ], [ -43.443453599999899, -8.85637249999996 ], [ -43.4443256, -8.86025349999994 ], [ -43.4474764, -8.86610259999998 ], [ -43.4476797, -8.86734669999993 ], [ -43.4498111999999, -8.87258659999998 ], [ -43.4511171, -8.876713699999931 ], [ -43.4527988, -8.885493799999949 ], [ -43.452752099999898, -8.88764559999993 ], [ -43.4522549, -8.889394299999941 ], [ -43.4520653, -8.88950289999997 ], [ -43.4515853999999, -8.890905 ], [ -43.450938199999896, -8.892179699999931 ], [ -43.450700099999899, -8.894877799999961 ], [ -43.4511429, -8.90201129999997 ], [ -43.4514761, -8.903726199999941 ], [ -43.452879499999902, -8.90743349999997 ], [ -43.4532331999999, -8.91283419999996 ], [ -43.4523763, -8.91888429999995 ], [ -43.451264299999899, -8.922784 ], [ -43.4484297, -8.931088399999959 ], [ -43.447125099999901, -8.935971 ], [ -43.446688299999899, -8.940820099999939 ], [ -43.4472666, -8.947607799999959 ], [ -43.447789, -8.94863039999996 ], [ -43.448124699999902, -8.94990859999996 ], [ -43.4480369, -8.952827 ], [ -43.4473978, -8.96070249999997 ], [ -43.4454488, -8.965546399999941 ], [ -43.445516499999897, -8.967808199999981 ], [ -43.4458086, -8.96992489999997 ], [ -43.4449612, -8.973641399999959 ], [ -43.4454828, -8.975468399999951 ], [ -43.4469063, -8.978464899999951 ], [ -43.4465357999999, -8.98550269999993 ], [ -43.4456847, -8.99046009999995 ], [ -43.44639, -8.99290619999994 ], [ -43.446605599999899, -8.99604489999996 ], [ -43.4460596, -8.999616799999959 ], [ -43.445976099999903, -9.001659 ], [ -43.4474844, -9.01162349999993 ], [ -43.4496602, -9.01542609999996 ], [ -43.4501809, -9.017617 ], [ -43.450163099999898, -9.02163 ], [ -43.4489369, -9.02549059999996 ], [ -43.4473725, -9.02865729999996 ], [ -43.4444673, -9.035983699999971 ], [ -43.4411937, -9.041441799999969 ], [ -43.4379635, -9.044529199999941 ], [ -43.436369899999903, -9.045834499999961 ], [ -43.4341606, -9.049472899999961 ], [ -43.4300532, -9.054707699999939 ], [ -43.4286485, -9.05605219999995 ], [ -43.4236437, -9.058947299999939 ], [ -43.421518999999897, -9.06054339999997 ], [ -43.418085399999903, -9.06731279999997 ], [ -43.4165475, -9.072996499999929 ], [ -43.415277499999902, -9.07887359999995 ], [ -43.414832299999901, -9.084156899999931 ], [ -43.4150976, -9.08781819999996 ], [ -43.4185039, -9.096827699999951 ], [ -43.4205845, -9.103345899999971 ], [ -43.4214009, -9.109588699999961 ], [ -43.4210229, -9.11562219999996 ], [ -43.4212209, -9.117897199999961 ], [ -43.4214244, -9.120234899999961 ], [ -43.422384899999898, -9.12566349999997 ], [ -43.4220802, -9.13081649999998 ], [ -43.4194454, -9.138468499999931 ], [ -43.4588112, -9.125955399999951 ], [ -43.5302634, -9.22253469999993 ], [ -43.5412569, -9.237396099999961 ], [ -43.541127, -9.26217829999996 ], [ -43.5410676, -9.27350169999994 ], [ -43.540881199999902, -9.30824509999997 ], [ -43.5438025999999, -9.30884819999994 ], [ -43.5443193999999, -9.308954799999981 ], [ -43.5520736, -9.309355699999969 ], [ -43.564834899999902, -9.31305129999993 ], [ -43.5728237, -9.316245399999961 ], [ -43.5790266, -9.320390199999959 ], [ -43.6025409, -9.346641799999929 ], [ -43.6049929, -9.350120899999981 ], [ -43.6060153, -9.351571499999981 ], [ -43.6136686, -9.362430899999939 ], [ -43.6138576, -9.362699099999929 ], [ -43.621632599999899, -9.37153769999998 ], [ -43.627492399999902, -9.376640299999959 ], [ -43.633844199999899, -9.38135029999995 ], [ -43.6374972, -9.38263159999997 ], [ -43.6387513, -9.38402989999997 ], [ -43.6464023999999, -9.388288699999981 ], [ -43.6561672, -9.395207199999961 ], [ -43.6580354, -9.397298 ], [ -43.6651203, -9.402846699999939 ], [ -43.6692016, -9.40704739999995 ], [ -43.6711306, -9.408483 ], [ -43.675839799999899, -9.41110719999995 ] ] ] ] } },
{ "type": "Feature", "properties": { "CD_MUN": "2203750", "NM_MUN": "Fartura do Piauí", "CD_RGI": "220013", "NM_RGI": "São Raimundo Nonato", "CD_RGINT": "2204", "NM_RGINT": "São Raimundo Nonato", "CD_UF": "22", "NM_UF": "Piauí", "SIGLA_UF": "PI", "CD_REGIAO": "2", "NM_REGIAO": "Nordeste", "SIGLA_RG": "NE", "CD_CONCURB": null, "NM_CONCURB": null, "AREA_KM2": 713.047 }, "geometry": { "type": "MultiPolygon", "coordinates": [ [ [ [ -42.7178676, -9.55777529999995 ], [ -42.7181704, -9.558241399999931 ], [ -42.7204159, -9.560511899999939 ], [ -42.7309147, -9.56759609999995 ], [ -42.7324446, -9.569109699999959 ], [ -42.7395554, -9.57935069999996 ], [ -42.742202099999901, -9.58207279999993 ], [ -42.7463867, -9.58461839999995 ], [ -42.7542414, -9.58721789999993 ], [ -42.7577491, -9.589280299999929 ], [ -42.7587859, -9.59093279999996 ], [ -42.7600284, -9.595817499999949 ], [ -42.7608913, -9.60941539999993 ], [ -42.761895099999897, -9.612001899999941 ], [ -42.765168199999898, -9.61675 ], [ -42.7699572, -9.61918209999993 ], [ -42.780086299999901, -9.620024699999931 ], [ -42.7845353, -9.62076779999995 ], [ -42.785128, -9.62086669999997 ], [ -42.7854045, -9.62091279999993 ], [ -42.785426099999903, -9.62091639999994 ], [ -42.7854477, -9.62092 ], [ -42.7856394, -9.620952 ], [ -42.788904, -9.621054 ], [ -42.7913014, -9.62112889999997 ], [ -42.799792099999898, -9.62250309999996 ], [ -42.8046292, -9.62235069999997 ], [ -42.8154615, -9.62200709999996 ], [ -42.818896799999898, -9.620894399999941 ], [ -42.8205528, -9.619230399999941 ], [ -42.8211458, -9.615926199999929 ], [ -42.820966199999901, -9.602598799999949 ], [ -42.821531, -9.598846899999961 ], [ -42.8234725, -9.594093399999959 ], [ -42.827469999999899, -9.587994699999969 ], [ -42.8297765, -9.58126319999997 ], [ -42.8303294, -9.576014399999959 ], [ -42.8298066, -9.570136599999961 ], [ -42.828193199999902, -9.560521199999931 ], [ -42.8299962, -9.55739609999995 ], [ -42.8371387, -9.550371899999959 ], [ -42.8395368, -9.54941669999994 ], [ -42.8395581999999, -9.549408199999959 ], [ -42.8441227, -9.548699299999949 ], [ -42.8479725, -9.54965709999993 ], [ -42.8511004, -9.551172199999939 ], [ -42.8555287, -9.554269 ], [ -42.862630099999897, -9.56038149999995 ], [ -42.8631131, -9.56070639999996 ], [ -42.8649068, -9.561913 ], [ -42.8667402, -9.563146299999969 ], [ -42.8680315, -9.56401479999994 ], [ -42.870133699999897, -9.56424529999998 ], [ -42.8733013, -9.563868 ], [ -42.875012399999903, -9.562745799999959 ], [ -42.8767235, -9.561623699999929 ], [ -42.8803384, -9.554708 ], [ -42.8843037, -9.54907239999994 ], [ -42.892195199999897, -9.540281099999961 ], [ -42.8924297, -9.539914599999969 ], [ -42.8940383999999, -9.53739959999996 ], [ -42.9001532, -9.530189099999969 ], [ -42.9040163, -9.526754199999971 ], [ -42.906522299999899, -9.525445899999969 ], [ -42.909111799999899, -9.524699799999951 ], [ -42.9130959, -9.524642099999941 ], [ -42.9284431, -9.52724669999998 ], [ -42.9347541, -9.525415399999931 ], [ -42.9360348, -9.52476359999997 ], [ -42.9437983, -9.52077329999997 ], [ -42.9462488, -9.518413099999981 ], [ -42.9513613, -9.51038189999997 ], [ -42.952222, -9.50635339999997 ], [ -42.9522289, -9.50595789999994 ], [ -42.9522342, -9.50564719999994 ], [ -42.952247999999898, -9.50484219999993 ], [ -42.9522727, -9.503404 ], [ -42.9522742, -9.503318099999939 ], [ -42.9522707, -9.50330749999995 ], [ -42.952267499999898, -9.50329749999997 ], [ -42.9522572, -9.503265499999941 ], [ -42.9522198, -9.50314959999997 ], [ -42.952153, -9.502942499999961 ], [ -42.9519021, -9.50216509999996 ], [ -42.951361, -9.50048859999993 ], [ -42.951801499999902, -9.497700099999969 ], [ -42.951809399999902, -9.49764989999994 ], [ -42.9518849, -9.497439899999961 ], [ -42.9519821, -9.49716959999995 ], [ -42.9522694999999, -9.49637009999998 ], [ -42.952661099999901, -9.49528079999993 ], [ -42.9539583, -9.49167229999995 ], [ -42.9550685, -9.488584 ], [ -42.9555169, -9.487336699999959 ], [ -42.9564374999999, -9.485558099999929 ], [ -42.9594845, -9.479670799999949 ], [ -42.9621051, -9.46995089999996 ], [ -42.9621235, -9.469882699999969 ], [ -42.962133, -9.469847499999959 ], [ -42.9621394, -9.469823599999931 ], [ -42.9625202, -9.46638939999997 ], [ -42.9629833, -9.462201599999959 ], [ -42.962992299999897, -9.46212019999996 ], [ -42.9629965, -9.46208169999994 ], [ -42.962999399999902, -9.46205629999997 ], [ -42.9630007, -9.46204419999998 ], [ -42.9628925, -9.457066 ], [ -42.9628923, -9.457054 ], [ -42.9626938, -9.45628329999994 ], [ -42.9608592, -9.449170299999929 ], [ -42.9608299, -9.449057 ], [ -42.9603923, -9.448035599999971 ], [ -42.9603854, -9.448019599999951 ], [ -42.9563654, -9.43863969999995 ], [ -42.9566867, -9.43597189999997 ], [ -42.9569177, -9.43405359999997 ], [ -42.9570232, -9.433177299999951 ], [ -42.9570667, -9.432816 ], [ -42.957115299999899, -9.432412499999939 ], [ -42.9582351, -9.429324599999971 ], [ -42.9584005, -9.428868799999981 ], [ -42.958405599999899, -9.42885949999993 ], [ -42.9584173, -9.42883869999997 ], [ -42.9584396, -9.428798899999951 ], [ -42.958490099999899, -9.42870889999995 ], [ -42.9585882, -9.42853379999997 ], [ -42.958667299999902, -9.42839279999993 ], [ -42.958106, -9.427733 ], [ -42.957663, -9.427342 ], [ -42.957161, -9.426999 ], [ -42.956297999999897, -9.42644 ], [ -42.954989, -9.425653 ], [ -42.952049, -9.423914 ], [ -42.951173, -9.422995 ], [ -42.9479166, -9.417506399999979 ], [ -42.9451288, -9.41266979999995 ], [ -42.941818, -9.41142259999998 ], [ -42.938009, -9.411462499999971 ], [ -42.931657399999899, -9.41096659999994 ], [ -42.9260509, -9.41041889999997 ], [ -42.9203984, -9.410081199999979 ], [ -42.9157077, -9.40994719999998 ], [ -42.9078478, -9.40950559999993 ], [ -42.9038737, -9.409071099999951 ], [ -42.891151599999901, -9.40813539999994 ], [ -42.8874881, -9.407195199999929 ], [ -42.8883016, -9.404434 ], [ -42.885677799999897, -9.40026889999996 ], [ -42.8847769, -9.39810049999994 ], [ -42.884287099999902, -9.396653599999979 ], [ -42.8833672, -9.39526619999998 ], [ -42.8818517, -9.393508699999931 ], [ -42.8811077, -9.39231779999994 ], [ -42.880738, -9.391046899999941 ], [ -42.8806205, -9.38887249999993 ], [ -42.880005299999901, -9.385978499999959 ], [ -42.8785095, -9.383329 ], [ -42.8765779, -9.381285199999979 ], [ -42.874725, -9.380428 ], [ -42.872081, -9.382561 ], [ -42.869652, -9.384245 ], [ -42.869, -9.384795 ], [ -42.8670018, -9.38551819999998 ], [ -42.8627498, -9.384558099999939 ], [ -42.854441699999903, -9.380979599999931 ], [ -42.8516728, -9.379615199999931 ], [ -42.8514651, -9.379512799999929 ], [ -42.840051399999901, -9.37502469999993 ], [ -42.8319539, -9.37153619999998 ], [ -42.8279597, -9.36990559999998 ], [ -42.8247655, -9.37012459999994 ], [ -42.824026499999903, -9.370175199999951 ], [ -42.820152, -9.37044079999993 ], [ -42.8162076999999, -9.371125799999961 ], [ -42.815551, -9.371239799999961 ], [ -42.8115791, -9.371929799999981 ], [ -42.7936422, -9.37477389999998 ], [ -42.7860183, -9.37617349999994 ], [ -42.7810067, -9.37698539999997 ], [ -42.778946, -9.376293 ], [ -42.778664999999897, -9.374933 ], [ -42.778245, -9.373088 ], [ -42.777548, -9.370293 ], [ -42.777188, -9.368862 ], [ -42.777158, -9.368384 ], [ -42.776412, -9.365993 ], [ -42.776333, -9.36568479999994 ], [ -42.775063799999899, -9.365659299999949 ], [ -42.735476999999896, -9.359313199999971 ], [ -42.735337699999903, -9.35929089999996 ], [ -42.7309531, -9.358587799999951 ], [ -42.7323666, -9.33902289999997 ], [ -42.7233103, -9.341225 ], [ -42.722789599999899, -9.341351599999941 ], [ -42.7223994, -9.34181369999993 ], [ -42.6907717, -9.37926159999995 ], [ -42.687526299999902, -9.383104199999931 ], [ -42.6729948999999, -9.383101499999951 ], [ -42.6652558, -9.401860499999939 ], [ -42.6769805, -9.402138199999969 ], [ -42.6614081, -9.41556079999998 ], [ -42.6613275, -9.415630299999981 ], [ -42.6609078, -9.415992099999929 ], [ -42.6608027, -9.416082899999941 ], [ -42.652105499999898, -9.423576299999979 ], [ -42.6516958, -9.423929299999941 ], [ -42.6269942, -9.44521179999998 ], [ -42.608690399999901, -9.500831299999961 ], [ -42.602900393, -9.516811292999931 ], [ -42.603572603, -9.518048406999981 ], [ -42.6038427, -9.51854539999994 ], [ -42.6069103, -9.523070099999931 ], [ -42.614276699999898, -9.529814699999971 ], [ -42.618417, -9.536646 ], [ -42.6195916, -9.53930789999993 ], [ -42.621720599999897, -9.541337499999941 ], [ -42.6238051999999, -9.541651 ], [ -42.6299334999999, -9.538541499999949 ], [ -42.632352099999899, -9.538406 ], [ -42.6335119, -9.538796399999971 ], [ -42.6348086, -9.539642899999929 ], [ -42.6402208, -9.543828699999951 ], [ -42.646892, -9.543497299999959 ], [ -42.6523385, -9.541500599999949 ], [ -42.6546111, -9.54140019999994 ], [ -42.6568002, -9.542050699999949 ], [ -42.663599, -9.54600169999998 ], [ -42.6672512, -9.548124 ], [ -42.6738409, -9.54886709999994 ], [ -42.6799174, -9.549149099999971 ], [ -42.690092999999898, -9.545908499999941 ], [ -42.690344799999899, -9.545828299999931 ], [ -42.6946297, -9.543649799999971 ], [ -42.701479699999901, -9.537626699999979 ], [ -42.705182, -9.53520389999994 ], [ -42.7084925999999, -9.532063699999981 ], [ -42.712222499999903, -9.53022839999994 ], [ -42.716103599999897, -9.53001439999997 ], [ -42.7198812, -9.530688399999971 ], [ -42.720862, -9.53131079999997 ], [ -42.7217724, -9.53314539999997 ], [ -42.7220308, -9.537184 ], [ -42.7193576, -9.546555 ], [ -42.716217099999902, -9.55114639999994 ], [ -42.7161925, -9.55437079999996 ], [ -42.716714599999897, -9.555788099999971 ], [ -42.7168953, -9.55627869999995 ], [ -42.7175328, -9.55726 ], [ -42.717670499999898, -9.557471899999941 ], [ -42.7178676, -9.55777529999995 ] ] ] ] } },
{ "type": "Feature", "properties": { "CD_MUN": "2203354", "NM_MUN": "Dirceu Arcoverde", "CD_RGI": "220013", "NM_RGI": "São Raimundo Nonato", "CD_RGINT": "2204", "NM_RGINT": "São Raimundo Nonato", "CD_UF": "22", "NM_UF": "Piauí", "SIGLA_UF": "PI", "CD_REGIAO": "2", "NM_REGIAO": "Nordeste", "SIGLA_RG": "NE", "CD_CONCURB": null, "NM_CONCURB": null, "AREA_KM2": 1005.572 }, "geometry": { "type": "MultiPolygon", "coordinates": [ [ [ [ -42.517836097, -9.502278396999939 ], [ -42.52193901, -9.50297098499993 ], [ -42.52227241, -9.503026994999971 ], [ -42.527777609999902, -9.50277309499995 ], [ -42.532506495, -9.50198569499997 ], [ -42.538937995, -9.49816019499997 ], [ -42.549161205, -9.49587930999996 ], [ -42.554825605, -9.49630250499996 ], [ -42.560382895, -9.498529589999981 ], [ -42.5641358, -9.500546189999969 ], [ -42.569179889999901, -9.50175330999997 ], [ -42.5710797, -9.50153830999994 ], [ -42.571717995, -9.501234809999969 ], [ -42.571815399999899, -9.50118850999996 ], [ -42.57974719, -9.49741670999998 ], [ -42.582315405, -9.496833509999931 ], [ -42.586482499999903, -9.49677438999993 ], [ -42.5886319049999, -9.497350784999981 ], [ -42.590358715, -9.49835198999995 ], [ -42.592076409999898, -9.50024889499997 ], [ -42.592106414999897, -9.50028208999993 ], [ -42.592811485, -9.502435309999949 ], [ -42.595080306999897, -9.50488159299994 ], [ -42.595206409999903, -9.505017589999969 ], [ -42.59615589, -9.50604129499993 ], [ -42.602157995, -9.515444899999981 ], [ -42.602900393, -9.516811292999931 ], [ -42.608690399999901, -9.500831299999961 ], [ -42.6269942, -9.44521179999998 ], [ -42.6516958, -9.423929299999941 ], [ -42.652105499999898, -9.423576299999979 ], [ -42.6608027, -9.416082899999941 ], [ -42.6609078, -9.415992099999929 ], [ -42.6613275, -9.415630299999981 ], [ -42.6614081, -9.41556079999998 ], [ -42.6769805, -9.402138199999969 ], [ -42.6652558, -9.401860499999939 ], [ -42.6729948999999, -9.383101499999951 ], [ -42.687526299999902, -9.383104199999931 ], [ -42.6907717, -9.37926159999995 ], [ -42.7223994, -9.34181369999993 ], [ -42.722789599999899, -9.341351599999941 ], [ -42.721860499999899, -9.341577499999969 ], [ -42.645528899999903, -9.33213789999996 ], [ -42.642263, -9.331723 ], [ -42.5840114, -9.303060899999929 ], [ -42.583784599999902, -9.30295089999993 ], [ -42.5832884, -9.302694499999969 ], [ -42.5825891, -9.302333 ], [ -42.577502799999898, -9.29970429999997 ], [ -42.493883099999898, -9.256487799999951 ], [ -42.4934368, -9.255277 ], [ -42.493402499999902, -9.255183799999941 ], [ -42.470513599999897, -9.193064199999981 ], [ -42.470318099999901, -9.192533699999959 ], [ -42.4696491, -9.19071859999997 ], [ -42.469510899999896, -9.19034349999993 ], [ -42.462908, -9.172355 ], [ -42.4599254, -9.17180949999994 ], [ -42.455189, -9.170997 ], [ -42.45373, -9.170828 ], [ -42.451082, -9.171217 ], [ -42.447121, -9.17181 ], [ -42.446404, -9.171903 ], [ -42.443928, -9.171996 ], [ -42.442939, -9.171932 ], [ -42.442028999999899, -9.171848 ], [ -42.440286, -9.171649 ], [ -42.439658, -9.171678 ], [ -42.438494999999897, -9.171783 ], [ -42.437134, -9.172126 ], [ -42.436354999999899, -9.172387 ], [ -42.435759, -9.172824 ], [ -42.434969, -9.173387 ], [ -42.434343, -9.17395 ], [ -42.433222999999899, -9.174695 ], [ -42.432944, -9.174839 ], [ -42.432158, -9.175152 ], [ -42.431106999999898, -9.175398 ], [ -42.430003999999897, -9.175453 ], [ -42.4291195, -9.175427299999971 ], [ -42.427064, -9.175339 ], [ -42.426690999999899, -9.175313 ], [ -42.425601, -9.175474 ], [ -42.4248532, -9.175634799999949 ], [ -42.423349599999902, -9.17592909999996 ], [ -42.4155979, -9.176924499999931 ], [ -42.414060699999901, -9.177218499999981 ], [ -42.410267, -9.177646 ], [ -42.408397, -9.177773 ], [ -42.402963, -9.177422 ], [ -42.402367, -9.17751 ], [ -42.400338, -9.177997 ], [ -42.398208, -9.178563 ], [ -42.396847, -9.17883 ], [ -42.393710999999897, -9.17956 ], [ -42.392372, -9.179886 ], [ -42.391377, -9.180422 ], [ -42.390583, -9.181002 ], [ -42.38933, -9.181748 ], [ -42.388591, -9.18198 ], [ -42.387830999999899, -9.182179 ], [ -42.382832, -9.183665 ], [ -42.379811, -9.184554 ], [ -42.374745, -9.186068 ], [ -42.372154, -9.186857 ], [ -42.3706, -9.187357 ], [ -42.369875, -9.187509 ], [ -42.369127999999897, -9.187501 ], [ -42.360900199999897, -9.187511899999951 ], [ -42.358146, -9.187683 ], [ -42.356563, -9.187776 ], [ -42.354187, -9.187945 ], [ -42.352196, -9.188059 ], [ -42.351793, -9.187923 ], [ -42.351342, -9.187839 ], [ -42.351149, -9.187852 ], [ -42.3506, -9.188046 ], [ -42.349977, -9.188161 ], [ -42.34757, -9.188275 ], [ -42.342861, -9.188499 ], [ -42.341319999999897, -9.188503 ], [ -42.338549, -9.188334 ], [ -42.337566, -9.188236 ], [ -42.3372509, -9.188150699999939 ], [ -42.33629, -9.18763 ], [ -42.335444, -9.187114 ], [ -42.334458, -9.186736 ], [ -42.333115, -9.186298 ], [ -42.331977499999901, -9.185975599999949 ], [ -42.3301542, -9.185422 ], [ -42.328657, -9.184943 ], [ -42.327739, -9.184673 ], [ -42.3250474, -9.18496339999996 ], [ -42.322278299999901, -9.185203599999969 ], [ -42.3177085, -9.185724299999951 ], [ -42.3152597, -9.185588899999971 ], [ -42.3142834, -9.18541219999997 ], [ -42.3109572, -9.18500769999997 ], [ -42.307154899999901, -9.18472149999997 ], [ -42.304593, -9.18466819999998 ], [ -42.303955, -9.184871 ], [ -42.3026282, -9.18533379999997 ], [ -42.2996572, -9.186168299999959 ], [ -42.299007, -9.186243 ], [ -42.298229999999897, -9.186615 ], [ -42.296238399999901, -9.18820359999995 ], [ -42.2956809, -9.18875749999995 ], [ -42.2947286, -9.189384 ], [ -42.294218999999899, -9.18973569999997 ], [ -42.293473199999902, -9.189918299999929 ], [ -42.29049, -9.19094749999994 ], [ -42.289124399999899, -9.19133489999996 ], [ -42.288248, -9.191415 ], [ -42.2867836, -9.19174449999997 ], [ -42.284639, -9.19194849999997 ], [ -42.283454, -9.192233 ], [ -42.282519, -9.19239 ], [ -42.280459, -9.192534 ], [ -42.275702, -9.192818 ], [ -42.275006699999899, -9.19285079999997 ], [ -42.273324, -9.193022 ], [ -42.272614, -9.193105 ], [ -42.271288, -9.19316 ], [ -42.268001, -9.193482 ], [ -42.265642, -9.193665 ], [ -42.264604, -9.193974 ], [ -42.263921, -9.194338 ], [ -42.263065099999899, -9.19475079999995 ], [ -42.261902, -9.19519919999993 ], [ -42.260254, -9.195717 ], [ -42.255373, -9.197157 ], [ -42.251539, -9.198282 ], [ -42.2444778, -9.20003739999993 ], [ -42.241919499999902, -9.200570899999949 ], [ -42.240201, -9.200799 ], [ -42.239408, -9.200978 ], [ -42.237305, -9.201008 ], [ -42.233578099999903, -9.200643099999979 ], [ -42.2324616, -9.200397199999941 ], [ -42.23093, -9.200166 ], [ -42.22927, -9.199921 ], [ -42.22845, -9.19976 ], [ -42.227767, -9.199494 ], [ -42.227137, -9.199426 ], [ -42.225738, -9.199328 ], [ -42.2246823, -9.19925449999994 ], [ -42.221534, -9.200389 ], [ -42.2195075, -9.201187699999929 ], [ -42.216254499999899, -9.202438499999969 ], [ -42.214922999999899, -9.202834 ], [ -42.213279, -9.20303 ], [ -42.211445399999903, -9.202897 ], [ -42.209822, -9.202584 ], [ -42.226054, -9.283298899999981 ], [ -42.226745299999898, -9.283132399999941 ], [ -42.2307412, -9.283431499999949 ], [ -42.234526699999897, -9.28429539999996 ], [ -42.2384638999999, -9.285765199999959 ], [ -42.2436577, -9.28885669999994 ], [ -42.2490787999999, -9.292983699999979 ], [ -42.258425299999899, -9.301776399999939 ], [ -42.261201399999898, -9.30438809999993 ], [ -42.2615446, -9.30471089999998 ], [ -42.2615582, -9.304723699999951 ], [ -42.2678993, -9.309658099999981 ], [ -42.268912699999902, -9.310446799999969 ], [ -42.2724994, -9.31143649999996 ], [ -42.2747509, -9.31159239999994 ], [ -42.2835352, -9.30999369999995 ], [ -42.286491399999903, -9.30945579999997 ], [ -42.2899646, -9.309495799999979 ], [ -42.2912774, -9.309842599999969 ], [ -42.2988568, -9.311845699999941 ], [ -42.3071634, -9.315452299999951 ], [ -42.309867499999903, -9.31580479999997 ], [ -42.313066, -9.31622079999994 ], [ -42.3160766, -9.316612299999971 ], [ -42.3169422, -9.31711179999996 ], [ -42.3203819, -9.32100979999996 ], [ -42.323868499999897, -9.33016319999996 ], [ -42.3258774, -9.333411499999951 ], [ -42.3296088, -9.33568509999998 ], [ -42.3440785, -9.34245709999993 ], [ -42.349993799999901, -9.345888 ], [ -42.355104, -9.34987289999998 ], [ -42.357049, -9.35256449999997 ], [ -42.3580037, -9.357070299999981 ], [ -42.358118499999897, -9.358327699999959 ], [ -42.358120299999896, -9.358347299999931 ], [ -42.3581341, -9.358498499999939 ], [ -42.3580616, -9.364561 ], [ -42.3576308, -9.36742179999993 ], [ -42.3565742, -9.370089499999949 ], [ -42.3567148, -9.37218389999998 ], [ -42.359524599999901, -9.37761319999993 ], [ -42.3639261, -9.38144209999996 ], [ -42.363966499999897, -9.381477199999949 ], [ -42.3641473, -9.381634399999941 ], [ -42.364668499999901, -9.382087499999949 ], [ -42.3661556, -9.38272069999994 ], [ -42.3780795, -9.389653399999929 ], [ -42.389634699999903, -9.392621199999949 ], [ -42.3988859, -9.397086199999929 ], [ -42.410443799999904, -9.40471249999996 ], [ -42.4138038, -9.40626879999996 ], [ -42.4184943, -9.40936329999994 ], [ -42.422986599999902, -9.413693 ], [ -42.4242224, -9.415324799999951 ], [ -42.425198097, -9.41710779999994 ], [ -42.42641271, -9.421204404999971 ], [ -42.428277589999901, -9.43978291499997 ], [ -42.429612785, -9.442731499999979 ], [ -42.433188589999901, -9.448179004999931 ], [ -42.435353305, -9.450955704999959 ], [ -42.440584204999901, -9.45617118499996 ], [ -42.44415391, -9.45877160999993 ], [ -42.448558999999896, -9.46121189999997 ], [ -42.451770699999898, -9.46210318999994 ], [ -42.45430671, -9.46222760999996 ], [ -42.470941799999899, -9.45886000999997 ], [ -42.476878115, -9.45876820999996 ], [ -42.481537, -9.458864914999941 ], [ -42.484055904999899, -9.45952339999997 ], [ -42.48760321, -9.461028489999929 ], [ -42.4890688999999, -9.462037189999929 ], [ -42.489905399999898, -9.46308868999995 ], [ -42.491089915, -9.46649070999996 ], [ -42.491219004999898, -9.469607604999959 ], [ -42.489992814999901, -9.473301 ], [ -42.486753389999897, -9.479861309999929 ], [ -42.486024905, -9.48378620999995 ], [ -42.487968295, -9.487322589999961 ], [ -42.488997814999898, -9.48832449499997 ], [ -42.490155305, -9.49130700499995 ], [ -42.49110909, -9.49311908999994 ], [ -42.493091799999902, -9.494900399999951 ], [ -42.5003311, -9.49749459499998 ], [ -42.506221395, -9.498624009999959 ], [ -42.508014489999901, -9.49928290999998 ], [ -42.514748504999901, -9.501757199999931 ], [ -42.517836097, -9.502278396999939 ] ] ] ] } },
{ "type": "Feature", "properties": { "CD_MUN": "2203453", "NM_MUN": "Dom Inocêncio", "CD_RGI": "220013", "NM_RGI": "São Raimundo Nonato", "CD_RGINT": "2204", "NM_RGINT": "São Raimundo Nonato", "CD_UF": "22", "NM_UF": "Piauí", "SIGLA_UF": "PI", "CD_REGIAO": "2", "NM_REGIAO": "Nordeste", "SIGLA_RG": "NE", "CD_CONCURB": null, "NM_CONCURB": null, "AREA_KM2": 3871.83 }, "geometry": { "type": "MultiPolygon", "coordinates": [ [ [ [ -41.6700602, -9.00367739999996 ], [ -41.6733475, -9.007789399999981 ], [ -41.6764843999999, -9.010215899999929 ], [ -41.680453699999902, -9.012282299999979 ], [ -41.684612199999897, -9.013118599999929 ], [ -41.688770799999901, -9.013954899999931 ], [ -41.7068542, -9.011567 ], [ -41.717604, -9.012278199999971 ], [ -41.723603099999899, -9.013540199999969 ], [ -41.7264829, -9.01636089999994 ], [ -41.7287936, -9.020841 ], [ -41.730821799999902, -9.02795719999995 ], [ -41.7329033, -9.045441199999971 ], [ -41.733004799999897, -9.046294099999949 ], [ -41.7330175, -9.04644429999996 ], [ -41.733041899999897, -9.04673429999997 ], [ -41.733297, -9.04975949999994 ], [ -41.73274, -9.057031599999959 ], [ -41.7310108, -9.069817899999981 ], [ -41.732659, -9.08772539999995 ], [ -41.7351841, -9.09469979999994 ], [ -41.737487499999901, -9.098237599999949 ], [ -41.743046799999902, -9.10382659999993 ], [ -41.7517091, -9.110418599999949 ], [ -41.758932899999898, -9.11665639999995 ], [ -41.7608557, -9.117897199999961 ], [ -41.7622042, -9.118767399999969 ], [ -41.7760531, -9.125665 ], [ -41.7804487, -9.128985599999959 ], [ -41.7882329, -9.136299799999961 ], [ -41.7914327, -9.13995729999994 ], [ -41.7974285, -9.144659099999959 ], [ -41.8000703, -9.14802659999998 ], [ -41.801216899999901, -9.15369809999993 ], [ -41.800126299999903, -9.16516159999998 ], [ -41.802243, -9.169627 ], [ -41.8132719, -9.178838199999969 ], [ -41.8174298, -9.18406429999993 ], [ -41.819873399999899, -9.18900119999995 ], [ -41.8219002, -9.194351799999939 ], [ -41.8232462, -9.20066329999997 ], [ -41.8286825, -9.216449299999971 ], [ -41.8302446, -9.22263989999993 ], [ -41.8312409, -9.22894279999997 ], [ -41.833933199999898, -9.236222399999971 ], [ -41.8374865, -9.241553 ], [ -41.8379657999999, -9.242272 ], [ -41.8382875, -9.24239329999995 ], [ -41.8431327, -9.244225 ], [ -41.847818899999901, -9.24395549999997 ], [ -41.8522346, -9.24214289999998 ], [ -41.8550058, -9.24046009999995 ], [ -41.859707899999897, -9.237605099999939 ], [ -41.8633761, -9.23665 ], [ -41.8663558, -9.23656259999996 ], [ -41.8705206, -9.237431399999929 ], [ -41.8728528, -9.239233799999971 ], [ -41.8789872, -9.245927 ], [ -41.8849329, -9.253466599999969 ], [ -41.8900454, -9.25581689999996 ], [ -41.9016543, -9.257354899999941 ], [ -41.9046805, -9.25960439999994 ], [ -41.905795399999903, -9.262693799999971 ], [ -41.9074378, -9.27049379999994 ], [ -41.9096016, -9.27379409999998 ], [ -41.913856, -9.277076799999969 ], [ -41.9179331, -9.27846619999997 ], [ -41.9216294, -9.27876019999997 ], [ -41.9247682, -9.277797 ], [ -41.9274622, -9.275586699999961 ], [ -41.929324999999899, -9.273233799999961 ], [ -41.9374397999999, -9.26727009999996 ], [ -41.945057, -9.26370149999997 ], [ -41.948095599999903, -9.26369089999997 ], [ -41.948287999999899, -9.263690299999951 ], [ -41.9488205, -9.26368839999998 ], [ -41.949610499999899, -9.26368559999997 ], [ -41.955422199999902, -9.263664699999939 ], [ -41.958295399999898, -9.26207859999994 ], [ -41.966294699999899, -9.25330879999996 ], [ -41.9722662, -9.24863809999994 ], [ -41.9757192, -9.24863629999993 ], [ -41.978656, -9.250404599999969 ], [ -41.9892429, -9.259598599999951 ], [ -41.9966601, -9.26456209999998 ], [ -41.9999053, -9.265972199999959 ], [ -42.001697799999903, -9.26473009999995 ], [ -42.0089895999999, -9.259677499999951 ], [ -42.0162404, -9.25232229999995 ], [ -42.0186882, -9.250516 ], [ -42.0219296, -9.249755799999949 ], [ -42.0246776, -9.24975969999997 ], [ -42.0329388, -9.25545809999994 ], [ -42.0349916, -9.256139 ], [ -42.0433854999999, -9.25635209999996 ], [ -42.052286799999898, -9.255363699999981 ], [ -42.0581564, -9.25489089999996 ], [ -42.0641548, -9.25533539999998 ], [ -42.0665857, -9.255986 ], [ -42.0692185999999, -9.257541499999951 ], [ -42.1240592, -9.17926659999995 ], [ -42.1241692, -9.179110699999971 ], [ -42.1243822, -9.17880639999993 ], [ -42.124398, -9.178783799999961 ], [ -42.1424741, -9.15296039999993 ], [ -42.1796302, -9.133736 ], [ -42.1854867, -9.117897199999961 ], [ -42.2046455999999, -9.06608279999995 ], [ -42.2249138, -9.012581399999929 ], [ -42.2318887, -8.96551669999997 ], [ -42.2319223, -8.965259099999971 ], [ -42.234096399999899, -8.94858079999995 ], [ -42.2368769, -8.92725019999995 ], [ -42.2368774, -8.927184599999981 ], [ -42.2370551, -8.90502209999994 ], [ -42.2364767, -8.89198519999997 ], [ -42.2355286, -8.86313949999993 ], [ -42.221600899999899, -8.84652419999998 ], [ -42.1974711, -8.84199979999994 ], [ -42.2021822, -8.832021 ], [ -42.167329, -8.782370599999981 ], [ -42.1294545, -8.72841619999997 ], [ -42.176724099999902, -8.68197139999995 ], [ -42.176776, -8.681920299999939 ], [ -42.1770461999999, -8.681654899999961 ], [ -42.210062299999898, -8.649191099999941 ], [ -42.189407699999897, -8.583977199999939 ], [ -42.1587868, -8.59026389999997 ], [ -42.158038599999898, -8.590416799999961 ], [ -42.125706599999901, -8.566573499999951 ], [ -42.124664799999898, -8.569213 ], [ -42.124648799999903, -8.57130849999993 ], [ -42.1251935, -8.572741399999931 ], [ -42.12552, -8.57360169999993 ], [ -42.1255098, -8.573616099999979 ], [ -42.125335, -8.573865099999979 ], [ -42.124721599999901, -8.574739 ], [ -42.123879, -8.57523269999996 ], [ -42.119196499999902, -8.575786099999959 ], [ -42.115119299999897, -8.57708759999997 ], [ -42.1142267, -8.57867819999996 ], [ -42.114020599999897, -8.58120729999996 ], [ -42.112978199999901, -8.582068699999979 ], [ -42.111389099999897, -8.58245659999994 ], [ -42.1081637999999, -8.581124399999959 ], [ -42.1055219, -8.58126429999993 ], [ -42.104795, -8.580941199999931 ], [ -42.1020009, -8.57827379999998 ], [ -42.096602, -8.578512899999961 ], [ -42.0933376, -8.57562939999997 ], [ -42.089044, -8.574427899999931 ], [ -42.0841083, -8.574249499999951 ], [ -42.080187899999899, -8.57288649999998 ], [ -42.078424, -8.572910199999971 ], [ -42.0772638, -8.573876899999959 ], [ -42.076740899999898, -8.57624189999996 ], [ -42.076504499999899, -8.578745799999981 ], [ -42.0771553, -8.583193199999929 ], [ -42.0765694, -8.58430389999995 ], [ -42.0753372, -8.585130199999981 ], [ -42.073241799999899, -8.58560339999997 ], [ -42.0705034, -8.585372599999969 ], [ -42.067450999999899, -8.583607 ], [ -42.0663843, -8.58164739999995 ], [ -42.0655199, -8.581362599999981 ], [ -42.0650031, -8.58159279999995 ], [ -42.0649845, -8.581601 ], [ -42.0642892, -8.58191069999998 ], [ -42.0600312, -8.58689649999997 ], [ -42.0595872, -8.58877479999995 ], [ -42.06008, -8.592066 ], [ -42.060054, -8.593567 ], [ -42.059617, -8.594017 ], [ -42.058363, -8.593907 ], [ -42.057042, -8.592872 ], [ -42.055909, -8.592787 ], [ -42.054793, -8.59355 ], [ -42.054217999999899, -8.594212 ], [ -42.053883, -8.595391 ], [ -42.053669, -8.596638 ], [ -42.053571, -8.597543 ], [ -42.053322, -8.59773 ], [ -42.052278999999899, -8.597827 ], [ -42.049489999999899, -8.597123 ], [ -42.048547, -8.596087 ], [ -42.048065999999899, -8.595163 ], [ -42.04707, -8.594103 ], [ -42.04471, -8.592873 ], [ -42.041649, -8.5913 ], [ -42.040769, -8.590553 ], [ -42.040391999999898, -8.590053 ], [ -42.040297, -8.589451 ], [ -42.040568999999898, -8.588047 ], [ -42.040792, -8.586894 ], [ -42.04068, -8.5863 ], [ -42.040466, -8.585966 ], [ -42.039328, -8.585092 ], [ -42.038277, -8.584736 ], [ -42.037692999999898, -8.584795 ], [ -42.036341, -8.585406 ], [ -42.035531999999897, -8.585816 ], [ -42.034959899999897, -8.58597479999997 ], [ -42.033305, -8.585922 ], [ -42.032788, -8.585957 ], [ -42.03211, -8.585855 ], [ -42.03024, -8.586206 ], [ -42.028961, -8.586545 ], [ -42.02806, -8.586766 ], [ -42.026451, -8.586528 ], [ -42.025051, -8.586019 ], [ -42.02446, -8.585884 ], [ -42.02407, -8.586028 ], [ -42.02331, -8.586685 ], [ -42.022306, -8.587775 ], [ -42.020883, -8.588822 ], [ -42.019878999999897, -8.589399 ], [ -42.018609, -8.58995 ], [ -42.017798, -8.590662 ], [ -42.017503, -8.59111 ], [ -42.017021999999898, -8.592904 ], [ -42.016315, -8.595541 ], [ -42.01565, -8.596801 ], [ -42.015045, -8.597547 ], [ -42.013854, -8.598487 ], [ -42.012214, -8.599479 ], [ -42.00965, -8.601116 ], [ -42.008243, -8.601786 ], [ -42.006861, -8.601777 ], [ -42.004629, -8.601387 ], [ -42.003187, -8.6007 ], [ -42.000865, -8.599583 ], [ -42.000224, -8.59907 ], [ -41.998121, -8.598544 ], [ -41.997022, -8.598408 ], [ -41.996117, -8.598557 ], [ -41.994902, -8.599014 ], [ -41.994272, -8.599858 ], [ -41.993911, -8.60099 ], [ -41.993798, -8.601639 ], [ -41.993846, -8.60219 ], [ -41.993794, -8.602678 ], [ -41.993459, -8.603747 ], [ -41.992918, -8.605379 ], [ -41.992257, -8.606477 ], [ -41.99101, -8.608647 ], [ -41.99004, -8.610496 ], [ -41.989808, -8.611005 ], [ -41.989311, -8.611455 ], [ -41.988146, -8.612985 ], [ -41.987833, -8.613193 ], [ -41.98688, -8.613634 ], [ -41.986546, -8.613863 ], [ -41.986398999999899, -8.614321 ], [ -41.986351, -8.614821 ], [ -41.986286999999898, -8.615343 ], [ -41.986077, -8.615699 ], [ -41.985708, -8.616064 ], [ -41.985115999999898, -8.616509 ], [ -41.983729, -8.617407 ], [ -41.982652, -8.618162 ], [ -41.981841, -8.618768 ], [ -41.981275, -8.619434 ], [ -41.980813, -8.62003 ], [ -41.980393, -8.620912 ], [ -41.980229999999899, -8.621429 ], [ -41.980127, -8.622235 ], [ -41.979895, -8.622948 ], [ -41.979614, -8.62327 ], [ -41.979142, -8.623694 ], [ -41.978369, -8.624025 ], [ -41.978003999999899, -8.624215 ], [ -41.977133, -8.624813 ], [ -41.975824, -8.624966 ], [ -41.973286, -8.624758 ], [ -41.972076, -8.624843 ], [ -41.97084, -8.625369 ], [ -41.969850999999899, -8.625978 ], [ -41.969215, -8.626478 ], [ -41.968657, -8.627326 ], [ -41.968203, -8.628047 ], [ -41.968134, -8.628573 ], [ -41.96822, -8.629166 ], [ -41.968846, -8.629718 ], [ -41.969293, -8.630159 ], [ -41.969444, -8.630395 ], [ -41.969444, -8.630951 ], [ -41.969242, -8.632604 ], [ -41.969212, -8.633155 ], [ -41.969315, -8.633485 ], [ -41.969568, -8.633765 ], [ -41.969628, -8.63416 ], [ -41.969453, -8.634596 ], [ -41.96874, -8.635203 ], [ -41.967909, -8.635858 ], [ -41.967368, -8.635951 ], [ -41.96542, -8.635773 ], [ -41.964189, -8.635489 ], [ -41.963537, -8.635413 ], [ -41.961777, -8.635519 ], [ -41.960205, -8.635782 ], [ -41.959686, -8.635934 ], [ -41.958605, -8.635748 ], [ -41.95818, -8.635553 ], [ -41.957454, -8.635616 ], [ -41.956401, -8.635824 ], [ -41.955525, -8.636316 ], [ -41.955045, -8.636757 ], [ -41.954626, -8.63712 ], [ -41.953777, -8.637476 ], [ -41.952191, -8.63775 ], [ -41.949812999999899, -8.637903 ], [ -41.948852, -8.63781 ], [ -41.9485, -8.637878 ], [ -41.948157, -8.638548 ], [ -41.94814, -8.640778 ], [ -41.948251, -8.642008 ], [ -41.948175999999897, -8.642796 ], [ -41.947889, -8.643309 ], [ -41.947454999999898, -8.64386 ], [ -41.947322, -8.644102 ], [ -41.947252999999897, -8.644449 ], [ -41.946897, -8.64478 ], [ -41.946129, -8.644928 ], [ -41.945627, -8.644945 ], [ -41.945116, -8.644814 ], [ -41.944859, -8.644504 ], [ -41.944284, -8.643873 ], [ -41.943804999999898, -8.643712 ], [ -41.942449, -8.643915 ], [ -41.941591, -8.644203 ], [ -41.940981, -8.644348 ], [ -41.939796, -8.644327 ], [ -41.939358, -8.644348 ], [ -41.938478, -8.64456 ], [ -41.937277, -8.644492 ], [ -41.936414, -8.644501 ], [ -41.935146, -8.644498 ], [ -41.933773, -8.644379 ], [ -41.931219999999897, -8.644189 ], [ -41.930379, -8.644248 ], [ -41.929607, -8.64452 ], [ -41.928362, -8.645783 ], [ -41.927489, -8.646645 ], [ -41.927, -8.646899 ], [ -41.925952, -8.647069 ], [ -41.925612999999899, -8.64717 ], [ -41.925356, -8.647315 ], [ -41.924854, -8.647395 ], [ -41.924425, -8.647561 ], [ -41.924077, -8.647879 ], [ -41.923914, -8.648472 ], [ -41.923689, -8.649763 ], [ -41.923105, -8.651073 ], [ -41.922942, -8.651349 ], [ -41.922204, -8.65182 ], [ -41.921715999999897, -8.652424 ], [ -41.921003, -8.653192 ], [ -41.920535, -8.653951 ], [ -41.920122999999897, -8.655388 ], [ -41.919999, -8.656007 ], [ -41.919754, -8.656465 ], [ -41.9190983, -8.65682619999995 ], [ -41.9185166, -8.65714309999993 ], [ -41.917472, -8.657743 ], [ -41.916896999999899, -8.657845 ], [ -41.916374, -8.65776 ], [ -41.915061, -8.657133 ], [ -41.91423, -8.656606 ], [ -41.913037, -8.655635 ], [ -41.912222, -8.654469 ], [ -41.911688, -8.653885 ], [ -41.910624, -8.652981 ], [ -41.910083, -8.652583 ], [ -41.90953, -8.652464 ], [ -41.908864999999899, -8.65249 ], [ -41.908586, -8.652651 ], [ -41.908328, -8.653325 ], [ -41.908093, -8.654303 ], [ -41.907466999999897, -8.655371 ], [ -41.907252, -8.657076 ], [ -41.907046, -8.65778 ], [ -41.90677, -8.658247 ], [ -41.906689, -8.658467 ], [ -41.906805, -8.659175 ], [ -41.906993999999898, -8.659807 ], [ -41.906835, -8.66038 ], [ -41.906149, -8.660907 ], [ -41.904767, -8.662688 ], [ -41.903694, -8.663816 ], [ -41.901126, -8.666222 ], [ -41.899598, -8.667773 ], [ -41.898019, -8.670004 ], [ -41.897173, -8.671425 ], [ -41.896847, -8.672341 ], [ -41.896701, -8.672833 ], [ -41.896787, -8.673248 ], [ -41.896726999999899, -8.673638 ], [ -41.896178, -8.673935 ], [ -41.895311, -8.673723 ], [ -41.894598, -8.673036 ], [ -41.894314999999899, -8.672036 ], [ -41.894212, -8.671442 ], [ -41.893165, -8.670475 ], [ -41.892487, -8.670433 ], [ -41.89074, -8.670976 ], [ -41.889264, -8.671328 ], [ -41.88714, -8.671998 ], [ -41.885797, -8.672341 ], [ -41.885013, -8.672457 ], [ -41.881932, -8.672279 ], [ -41.879750999999899, -8.671825 ], [ -41.879313, -8.671871 ], [ -41.878442, -8.672418 ], [ -41.877704, -8.673241 ], [ -41.877327, -8.673568 ], [ -41.876486, -8.674128 ], [ -41.875623, -8.675361 ], [ -41.874485999999898, -8.676667 ], [ -41.872636999999898, -8.677725 ], [ -41.871684, -8.678242 ], [ -41.871074, -8.678743 ], [ -41.870216, -8.67898 ], [ -41.869417999999897, -8.679014 ], [ -41.86886, -8.678683 ], [ -41.868276, -8.678675 ], [ -41.867795999999899, -8.678844 ], [ -41.867341, -8.67926 ], [ -41.866817, -8.679345 ], [ -41.866113, -8.679412 ], [ -41.86571, -8.67965 ], [ -41.864725, -8.680605 ], [ -41.864227, -8.681181 ], [ -41.864004, -8.681911 ], [ -41.863815, -8.68286 ], [ -41.864123999999897, -8.683573 ], [ -41.863832, -8.684421 ], [ -41.862923, -8.685269 ], [ -41.861822, -8.685813 ], [ -41.86068, -8.686237 ], [ -41.860028, -8.68672 ], [ -41.858277, -8.688645 ], [ -41.857741, -8.689515 ], [ -41.856513, -8.690609 ], [ -41.855878, -8.691677 ], [ -41.853295, -8.69328 ], [ -41.851942, -8.694342 ], [ -41.850972, -8.695728 ], [ -41.850282, -8.697286 ], [ -41.850162, -8.697956 ], [ -41.849612, -8.699931 ], [ -41.848216, -8.700594 ], [ -41.844515999999899, -8.701238 ], [ -41.843728999999897, -8.701311 ], [ -41.842617, -8.701663 ], [ -41.842012, -8.701904 ], [ -41.841608999999899, -8.702231 ], [ -41.841231, -8.702315 ], [ -41.840137, -8.702299 ], [ -41.839489, -8.701913 ], [ -41.838682999999897, -8.700532 ], [ -41.837842, -8.699442 ], [ -41.837026, -8.698599 ], [ -41.836555, -8.698043 ], [ -41.835809, -8.697399 ], [ -41.835062, -8.697081 ], [ -41.83442, -8.696915 ], [ -41.833991, -8.696541 ], [ -41.833558, -8.695889 ], [ -41.833078999999898, -8.694411 ], [ -41.832628999999898, -8.693821 ], [ -41.831848, -8.693249 ], [ -41.830466999999899, -8.693005 ], [ -41.828853, -8.693157 ], [ -41.825181, -8.693328 ], [ -41.82143, -8.694066 ], [ -41.820119, -8.694329 ], [ -41.818806, -8.695152 ], [ -41.817973, -8.695678 ], [ -41.816857, -8.695898 ], [ -41.815999, -8.695686 ], [ -41.815467, -8.695076 ], [ -41.814977999999897, -8.693693 ], [ -41.814712, -8.692125 ], [ -41.814101999999899, -8.69104 ], [ -41.813351, -8.689992 ], [ -41.812235, -8.688886 ], [ -41.81186, -8.688225 ], [ -41.809723, -8.686563 ], [ -41.808503, -8.685397 ], [ -41.807722, -8.68496 ], [ -41.8075934, -8.684949499999959 ], [ -41.807094999999897, -8.684909 ], [ -41.806413, -8.685007 ], [ -41.806203, -8.685227 ], [ -41.806052, -8.686046 ], [ -41.806418, -8.687539 ], [ -41.807002, -8.688497 ], [ -41.807062, -8.688862 ], [ -41.807062, -8.68926 ], [ -41.806701, -8.689837 ], [ -41.806227, -8.690323 ], [ -41.805205999999899, -8.691264 ], [ -41.804223, -8.69251 ], [ -41.803298, -8.693669 ], [ -41.802294, -8.69509 ], [ -41.80136, -8.695954 ], [ -41.801068, -8.696149 ], [ -41.800012, -8.696373 ], [ -41.798411, -8.696263 ], [ -41.797417, -8.696065 ], [ -41.796965999999898, -8.695747 ], [ -41.796524, -8.69542 ], [ -41.79576, -8.695052 ], [ -41.794829999999898, -8.694671 ], [ -41.794241999999898, -8.694734 ], [ -41.793718, -8.695078 ], [ -41.79347, -8.695527 ], [ -41.793568, -8.696557 ], [ -41.793968, -8.697941 ], [ -41.794707, -8.699484 ], [ -41.7948903, -8.70005079999993 ], [ -41.794766, -8.700628 ], [ -41.794491, -8.701272 ], [ -41.793628, -8.701878 ], [ -41.792419, -8.702482 ], [ -41.791019999999897, -8.702969 ], [ -41.790445, -8.703457 ], [ -41.790128, -8.704254 ], [ -41.790027, -8.704832 ], [ -41.789648999999898, -8.705417 ], [ -41.788700999999897, -8.705909 ], [ -41.787842, -8.706112 ], [ -41.786551, -8.70702 ], [ -41.785456, -8.707973 ], [ -41.784503, -8.708656 ], [ -41.783111, -8.709569 ], [ -41.781669, -8.710472 ], [ -41.781115, -8.710909 ], [ -41.780960999999898, -8.711227 ], [ -41.780938, -8.711437 ], [ -41.78102, -8.712136 ], [ -41.781243, -8.713056 ], [ -41.781252, -8.713391 ], [ -41.781123, -8.713684 ], [ -41.780653, -8.714253 ], [ -41.780194, -8.714482 ], [ -41.778885, -8.714677 ], [ -41.77822, -8.714626 ], [ -41.777812, -8.714515 ], [ -41.777563, -8.714554 ], [ -41.776869, -8.714926 ], [ -41.775916, -8.715426 ], [ -41.775358, -8.715744 ], [ -41.774852, -8.715914 ], [ -41.774551, -8.71613 ], [ -41.77447, -8.716516 ], [ -41.774491, -8.71691 ], [ -41.774768, -8.717472 ], [ -41.77494, -8.717739 ], [ -41.775511, -8.717947 ], [ -41.776154, -8.718413 ], [ -41.776292, -8.71868 ], [ -41.776356, -8.719036 ], [ -41.776206, -8.719592 ], [ -41.775785, -8.720114 ], [ -41.775133, -8.720682 ], [ -41.77418, -8.721398 ], [ -41.773884, -8.721513 ], [ -41.773446, -8.721381 ], [ -41.773, -8.721025 ], [ -41.772657, -8.720487 ], [ -41.77215, -8.719995 ], [ -41.771658, -8.719209 ], [ -41.77116, -8.718768 ], [ -41.770336, -8.718048 ], [ -41.770044, -8.717691 ], [ -41.769864, -8.717225 ], [ -41.769568, -8.716954 ], [ -41.76919, -8.716916 ], [ -41.768504, -8.717005 ], [ -41.767735, -8.717318 ], [ -41.766986, -8.717593 ], [ -41.766403, -8.718051 ], [ -41.765699, -8.718933 ], [ -41.765527, -8.71923 ], [ -41.765416, -8.719687 ], [ -41.765017, -8.71998 ], [ -41.764486, -8.72009 ], [ -41.763759999999898, -8.719967 ], [ -41.763146999999897, -8.720073 ], [ -41.762293, -8.720573 ], [ -41.761768, -8.720797 ], [ -41.761498, -8.721026 ], [ -41.761219, -8.721899 ], [ -41.761088, -8.723017 ], [ -41.760967999999899, -8.724356 ], [ -41.760872, -8.724593 ], [ -41.760469, -8.725033 ], [ -41.760271, -8.725517 ], [ -41.76016, -8.726746 ], [ -41.760194, -8.727382 ], [ -41.760486, -8.727781 ], [ -41.760812, -8.727899 ], [ -41.76125, -8.727959 ], [ -41.761645, -8.728493 ], [ -41.761775, -8.728953 ], [ -41.761663999999897, -8.729559 ], [ -41.761218, -8.7305 ], [ -41.760565, -8.731458 ], [ -41.760104, -8.73201 ], [ -41.759417, -8.732179 ], [ -41.75831, -8.732247 ], [ -41.756078, -8.731637 ], [ -41.755255, -8.731187 ], [ -41.754465, -8.731035 ], [ -41.753588, -8.731043 ], [ -41.753048, -8.730848 ], [ -41.750782, -8.729648 ], [ -41.749928, -8.729686 ], [ -41.749228, -8.729941 ], [ -41.748611, -8.730403 ], [ -41.748285, -8.730801 ], [ -41.748384, -8.731212 ], [ -41.748641, -8.731857 ], [ -41.748624, -8.732509 ], [ -41.748204, -8.733001 ], [ -41.746839, -8.733739 ], [ -41.745989, -8.734095 ], [ -41.74532, -8.733985 ], [ -41.743972, -8.732959 ], [ -41.743551, -8.732399 ], [ -41.743149, -8.732317 ], [ -41.742746, -8.732308 ], [ -41.742505, -8.732588 ], [ -41.742068, -8.732978 ], [ -41.741711, -8.733084 ], [ -41.741264999999899, -8.732948 ], [ -41.740882999999897, -8.732346 ], [ -41.740569999999899, -8.732274 ], [ -41.740046, -8.732385 ], [ -41.739531, -8.732313 ], [ -41.739291, -8.732046 ], [ -41.739111, -8.731754 ], [ -41.738707, -8.731754 ], [ -41.738115, -8.732042 ], [ -41.7374707, -8.73271339999997 ], [ -41.736716, -8.733352 ], [ -41.736041, -8.733636 ], [ -41.735123, -8.734115 ], [ -41.734595, -8.734395 ], [ -41.733917, -8.73453 ], [ -41.733445, -8.734759 ], [ -41.732981, -8.734865 ], [ -41.732412, -8.735257 ], [ -41.73203, -8.735481 ], [ -41.731699, -8.735536 ], [ -41.73115, -8.735583 ], [ -41.731026, -8.735659 ], [ -41.730395, -8.736465 ], [ -41.73012, -8.736758 ], [ -41.729391, -8.73736 ], [ -41.72909, -8.737665 ], [ -41.728803, -8.738165 ], [ -41.728373, -8.738555 ], [ -41.728022, -8.738542 ], [ -41.727524, -8.738246 ], [ -41.727103, -8.737898 ], [ -41.72673, -8.737508 ], [ -41.726232, -8.737491 ], [ -41.725884, -8.737483 ], [ -41.725627, -8.73758 ], [ -41.725296, -8.737839 ], [ -41.725034999999899, -8.738169 ], [ -41.724854, -8.738284 ], [ -41.724674, -8.73828 ], [ -41.724228, -8.738097 ], [ -41.723558, -8.738034 ], [ -41.723133, -8.738004 ], [ -41.722863, -8.737869 ], [ -41.722541, -8.737686 ], [ -41.722134, -8.737678 ], [ -41.721884, -8.737582 ], [ -41.721639, -8.73762 ], [ -41.720987, -8.737951 ], [ -41.72048, -8.738155 ], [ -41.719703, -8.738176 ], [ -41.719098, -8.738227 ], [ -41.718588, -8.737766 ], [ -41.717678, -8.73696 ], [ -41.717498, -8.7366 ], [ -41.717419999999898, -8.736177 ], [ -41.717184, -8.735918 ], [ -41.717021, -8.735694 ], [ -41.71694, -8.7351 ], [ -41.716798, -8.734575 ], [ -41.716498, -8.734133 ], [ -41.716425, -8.733866 ], [ -41.716501999999899, -8.733523 ], [ -41.716798, -8.733095 ], [ -41.716828, -8.732764 ], [ -41.716511, -8.732268 ], [ -41.716017, -8.7317 ], [ -41.715335, -8.731314 ], [ -41.714193, -8.730789 ], [ -41.713721, -8.730289 ], [ -41.712974, -8.729076 ], [ -41.712604999999897, -8.728686 ], [ -41.711981, -8.728531 ], [ -41.711487, -8.728522 ], [ -41.710963999999898, -8.728704 ], [ -41.710529999999899, -8.728874 ], [ -41.710152999999899, -8.72881 ], [ -41.709693, -8.728743 ], [ -41.709242, -8.728736 ], [ -41.708791, -8.728842 ], [ -41.708019, -8.729097 ], [ -41.707371, -8.729326 ], [ -41.70695, -8.729487 ], [ -41.706598, -8.729377 ], [ -41.705936999999899, -8.729118 ], [ -41.705276, -8.729156 ], [ -41.704243, -8.729526 ], [ -41.703814, -8.729755 ], [ -41.703514, -8.730247 ], [ -41.703105999999899, -8.73165 ], [ -41.702430999999898, -8.734648 ], [ -41.702401, -8.734974 ], [ -41.702719, -8.735954 ], [ -41.703088, -8.736747 ], [ -41.703341, -8.738014 ], [ -41.703678, -8.738729 ], [ -41.703891999999897, -8.739187 ], [ -41.703848999999899, -8.739526 ], [ -41.703466999999897, -8.74034 ], [ -41.702978, -8.740836 ], [ -41.702012, -8.742052 ], [ -41.701594999999898, -8.742595 ], [ -41.701475, -8.742866 ], [ -41.701388999999899, -8.743485 ], [ -41.701067, -8.743892 ], [ -41.700522, -8.744437 ], [ -41.699590999999899, -8.745577 ], [ -41.699239, -8.746552 ], [ -41.698776, -8.748564 ], [ -41.698621, -8.749556 ], [ -41.698397999999898, -8.750081 ], [ -41.697548, -8.750692 ], [ -41.696677, -8.75086 ], [ -41.695549, -8.750906 ], [ -41.69454, -8.750686 ], [ -41.693995, -8.750677 ], [ -41.693506, -8.750783 ], [ -41.692875, -8.750665 ], [ -41.692257, -8.750152 ], [ -41.690479, -8.748395 ], [ -41.689016, -8.74778 ], [ -41.6882, -8.747384 ], [ -41.687733, -8.746981 ], [ -41.687123, -8.746854 ], [ -41.684694, -8.74693 ], [ -41.683371, -8.746931 ], [ -41.682427, -8.747168 ], [ -41.681912, -8.747228 ], [ -41.681569, -8.747448 ], [ -41.681173999999899, -8.748394 ], [ -41.680791999999897, -8.750159 ], [ -41.680698, -8.750811 ], [ -41.680311, -8.751719 ], [ -41.678955, -8.752651 ], [ -41.6779, -8.753317 ], [ -41.6775, -8.753664 ], [ -41.677169999999897, -8.754152 ], [ -41.676612, -8.754758 ], [ -41.676222, -8.75559 ], [ -41.675831, -8.756527 ], [ -41.675445, -8.756993 ], [ -41.674784, -8.757481 ], [ -41.674359, -8.757557 ], [ -41.673698, -8.757418 ], [ -41.672454, -8.756723 ], [ -41.671560999999897, -8.756417 ], [ -41.669956, -8.756138 ], [ -41.668059, -8.75579 ], [ -41.667029, -8.755388 ], [ -41.665883, -8.754764 ], [ -41.664926, -8.754476 ], [ -41.661875, -8.753414 ], [ -41.661154, -8.753244 ], [ -41.660648, -8.752837 ], [ -41.660407, -8.752435 ], [ -41.660274, -8.751838 ], [ -41.659588, -8.751473 ], [ -41.658797999999898, -8.751346 ], [ -41.658377, -8.751414 ], [ -41.657991, -8.75177 ], [ -41.656900999999898, -8.753741 ], [ -41.656630999999898, -8.754617 ], [ -41.65603, -8.755744 ], [ -41.655738, -8.756279 ], [ -41.655343, -8.756677 ], [ -41.655069, -8.757135 ], [ -41.655043, -8.757584 ], [ -41.655232, -8.758012 ], [ -41.655288, -8.758241 ], [ -41.655166999999899, -8.758631 ], [ -41.654922999999897, -8.758945 ], [ -41.654296, -8.759046 ], [ -41.652747, -8.759042 ], [ -41.652023, -8.758946 ], [ -41.651842, -8.758937 ], [ -41.651697, -8.759043 ], [ -41.651564, -8.759149 ], [ -41.651297, -8.759128 ], [ -41.650615, -8.758751 ], [ -41.650177, -8.758408 ], [ -41.649147, -8.758323 ], [ -41.648732, -8.758311 ], [ -41.648337, -8.75809 ], [ -41.647967999999899, -8.757959 ], [ -41.647488, -8.758031 ], [ -41.646861, -8.758171 ], [ -41.645826999999898, -8.758082 ], [ -41.645273, -8.758372 ], [ -41.644685, -8.758944 ], [ -41.6439, -8.75975 ], [ -41.643677, -8.75997 ], [ -41.643475, -8.760229 ], [ -41.642956, -8.76033 ], [ -41.642297, -8.760443 ], [ -41.641683, -8.760935 ], [ -41.641095, -8.761847 ], [ -41.640779, -8.76244 ], [ -41.640659, -8.762907 ], [ -41.640406, -8.763144 ], [ -41.639654999999898, -8.763449 ], [ -41.638821999999898, -8.763632 ], [ -41.638483, -8.763827 ], [ -41.638243, -8.763861 ], [ -41.637565, -8.763479 ], [ -41.635587, -8.76209 ], [ -41.63451, -8.761408 ], [ -41.634093999999898, -8.761344 ], [ -41.633253, -8.76134 ], [ -41.632065, -8.761018 ], [ -41.631692, -8.761068 ], [ -41.631279999999897, -8.761229 ], [ -41.631124999999898, -8.761433 ], [ -41.631048, -8.763077 ], [ -41.631069, -8.763878 ], [ -41.631352999999898, -8.765256 ], [ -41.631359, -8.766174 ], [ -41.631299, -8.766772 ], [ -41.630823, -8.768124 ], [ -41.630512, -8.768865 ], [ -41.629985, -8.769586 ], [ -41.629701, -8.770213 ], [ -41.629491, -8.770878 ], [ -41.629305, -8.770997 ], [ -41.628971, -8.771099 ], [ -41.628104, -8.771031 ], [ -41.62755, -8.771112 ], [ -41.626525, -8.771997 ], [ -41.625547, -8.772921 ], [ -41.624942, -8.773544 ], [ -41.623959, -8.774989 ], [ -41.623489, -8.775687 ], [ -41.623215, -8.776311 ], [ -41.62315, -8.776514 ], [ -41.623154999999898, -8.776773 ], [ -41.623154999999898, -8.777006 ], [ -41.62306, -8.777196 ], [ -41.622768, -8.777319 ], [ -41.621992, -8.777294 ], [ -41.621398999999897, -8.777141 ], [ -41.620554, -8.776442 ], [ -41.620005, -8.776042 ], [ -41.619571, -8.775953 ], [ -41.619202, -8.775966 ], [ -41.617455, -8.776564 ], [ -41.616149, -8.776977 ], [ -41.614689999999896, -8.777083 ], [ -41.614286, -8.777214 ], [ -41.613574, -8.7777 ], [ -41.613033, -8.778268 ], [ -41.612226, -8.779709 ], [ -41.612175, -8.780073 ], [ -41.612587, -8.781447 ], [ -41.613022999999899, -8.78302 ], [ -41.613285, -8.784045 ], [ -41.613556, -8.784329 ], [ -41.613743999999897, -8.784567 ], [ -41.613762, -8.78491 ], [ -41.613700999999899, -8.785639 ], [ -41.613591, -8.786065 ], [ -41.613505, -8.786235 ], [ -41.613093, -8.786463 ], [ -41.612097999999897, -8.786565 ], [ -41.609397999999899, -8.786753 ], [ -41.608308, -8.786808 ], [ -41.607599999999898, -8.787266 ], [ -41.607071, -8.787684 ], [ -41.60526, -8.789672 ], [ -41.604808999999896, -8.790265 ], [ -41.604427, -8.790549 ], [ -41.603766999999898, -8.79088 ], [ -41.603552, -8.791156 ], [ -41.603243, -8.791461 ], [ -41.602731999999897, -8.792135 ], [ -41.602460999999899, -8.792939 ], [ -41.602221, -8.793842 ], [ -41.601743999999897, -8.79449 ], [ -41.601365, -8.794666 ], [ -41.600494, -8.794878 ], [ -41.600155, -8.794912 ], [ -41.599871999999898, -8.794832 ], [ -41.599623999999899, -8.794481 ], [ -41.599598, -8.793595 ], [ -41.599324, -8.792896 ], [ -41.598732, -8.791824 ], [ -41.598340999999898, -8.79148 ], [ -41.597968, -8.791349 ], [ -41.597577, -8.791383 ], [ -41.596959, -8.791518 ], [ -41.596114, -8.791925 ], [ -41.59478, -8.792715 ], [ -41.594261, -8.793004 ], [ -41.593905, -8.793258 ], [ -41.593538, -8.793393 ], [ -41.592503, -8.793308 ], [ -41.591408999999899, -8.792867 ], [ -41.589734, -8.791949 ], [ -41.588837, -8.791563 ], [ -41.58849, -8.791546 ], [ -41.587631, -8.791919 ], [ -41.587005, -8.792196 ], [ -41.585786, -8.792531 ], [ -41.584949, -8.792972 ], [ -41.584241, -8.793811 ], [ -41.583512, -8.794699 ], [ -41.583254, -8.794949 ], [ -41.583074, -8.795042 ], [ -41.58228, -8.795301 ], [ -41.581546, -8.795729 ], [ -41.581074, -8.796045 ], [ -41.580417, -8.796584 ], [ -41.579996999999899, -8.797063 ], [ -41.579782, -8.797364 ], [ -41.579709, -8.797686 ], [ -41.579821, -8.798767 ], [ -41.579672, -8.799036 ], [ -41.579286, -8.799019 ], [ -41.578904, -8.798799 ], [ -41.578221, -8.797925 ], [ -41.577809, -8.79729 ], [ -41.577711, -8.796785 ], [ -41.577512, -8.79568 ], [ -41.577602, -8.795265 ], [ -41.577894, -8.794391 ], [ -41.578614, -8.793345 ], [ -41.57885, -8.792777 ], [ -41.578974, -8.792163 ], [ -41.579013, -8.791617 ], [ -41.578974, -8.791435 ], [ -41.578798, -8.791303 ], [ -41.578519, -8.791223 ], [ -41.576786, -8.791185 ], [ -41.575412, -8.791049 ], [ -41.574565999999898, -8.790839 ], [ -41.574111, -8.790538 ], [ -41.57321, -8.789737 ], [ -41.572704, -8.789295 ], [ -41.572288, -8.789189 ], [ -41.571949, -8.789138 ], [ -41.571653, -8.789215 ], [ -41.571171999999898, -8.789189 ], [ -41.570863, -8.789113 ], [ -41.570335999999898, -8.78882 ], [ -41.569971, -8.788876 ], [ -41.569592, -8.789092 ], [ -41.569223, -8.78938 ], [ -41.569034, -8.789575 ], [ -41.568874999999899, -8.789927 ], [ -41.5687877, -8.789969099999951 ], [ -41.568674, -8.790024 ], [ -41.567463, -8.789655 ], [ -41.56724, -8.789477 ], [ -41.566974, -8.789376 ], [ -41.566833, -8.789181 ], [ -41.566764, -8.788829 ], [ -41.567205999999899, -8.788197 ], [ -41.567681999999898, -8.787715 ], [ -41.567845, -8.787435 ], [ -41.567824, -8.787151 ], [ -41.567764, -8.786969 ], [ -41.56736, -8.786702 ], [ -41.566987, -8.7866 ], [ -41.566391, -8.78666 ], [ -41.56524, -8.787168 ], [ -41.564501, -8.787673 ], [ -41.563879, -8.788092 ], [ -41.563536, -8.788186 ], [ -41.563088999999898, -8.788118 ], [ -41.562621, -8.787567 ], [ -41.562024999999899, -8.786918 ], [ -41.561298, -8.785996 ], [ -41.560727, -8.785212 ], [ -41.560714, -8.784958 ], [ -41.561066, -8.784233 ], [ -41.561345, -8.783754 ], [ -41.561997, -8.783181 ], [ -41.562134, -8.782974 ], [ -41.562156, -8.782669 ], [ -41.562066, -8.782321 ], [ -41.561824999999899, -8.781899 ], [ -41.560701, -8.780445 ], [ -41.559906, -8.779225 ], [ -41.559631, -8.778949 ], [ -41.559267, -8.778796 ], [ -41.55897, -8.778754 ], [ -41.557756, -8.77886 ], [ -41.557387999999897, -8.77902 ], [ -41.556525, -8.779503 ], [ -41.555534, -8.780092 ], [ -41.555083, -8.780525 ], [ -41.554289, -8.781004 ], [ -41.554161, -8.78126 ], [ -41.554062, -8.781455 ], [ -41.553847, -8.781535 ], [ -41.552221, -8.781349 ], [ -41.551114, -8.781254 ], [ -41.550835, -8.781283 ], [ -41.550178, -8.781453 ], [ -41.549641999999899, -8.781368 ], [ -41.549393, -8.781258 ], [ -41.549144, -8.780957 ], [ -41.549002, -8.780147 ], [ -41.548834999999897, -8.779749 ], [ -41.548538, -8.779386 ], [ -41.54831, -8.779339 ], [ -41.548083, -8.779411 ], [ -41.547232999999899, -8.779869 ], [ -41.547001, -8.779941 ], [ -41.5466, -8.779782 ], [ -41.546394, -8.77968 ], [ -41.546214, -8.779685 ], [ -41.545948, -8.779693 ], [ -41.545377, -8.779668 ], [ -41.544999, -8.779697 ], [ -41.544746, -8.779769 ], [ -41.544466999999898, -8.780049 ], [ -41.544094, -8.780668 ], [ -41.543807, -8.78104 ], [ -41.543593, -8.781239 ], [ -41.543253999999898, -8.781396 ], [ -41.542532999999899, -8.781557 ], [ -41.542279999999899, -8.781705 ], [ -41.542134, -8.78187 ], [ -41.542014, -8.781976 ], [ -41.541739, -8.782014 ], [ -41.54149, -8.781972 ], [ -41.541288, -8.78187 ], [ -41.541158, -8.78196 ], [ -41.541046999999899, -8.782206 ], [ -41.541043, -8.782528 ], [ -41.541089999999897, -8.782727 ], [ -41.541287, -8.783274 ], [ -41.541347, -8.783575 ], [ -41.541317999999897, -8.783783 ], [ -41.541057, -8.784147 ], [ -41.540915, -8.784537 ], [ -41.540867999999897, -8.784826 ], [ -41.540803, -8.784991 ], [ -41.540705, -8.785127 ], [ -41.540735, -8.785343 ], [ -41.540876, -8.785737 ], [ -41.541086999999898, -8.785885 ], [ -41.541133, -8.786035 ], [ -41.541046999999899, -8.786348 ], [ -41.539395, -8.787044 ], [ -41.538416, -8.787451 ], [ -41.538017, -8.787692 ], [ -41.537934999999898, -8.787862 ], [ -41.537987, -8.788048 ], [ -41.538274999999899, -8.788464 ], [ -41.538347, -8.788765 ], [ -41.538167, -8.788981 ], [ -41.537631, -8.789171 ], [ -41.536841, -8.789316 ], [ -41.536335, -8.789511 ], [ -41.535395, -8.789566 ], [ -41.535073, -8.789591 ], [ -41.534309, -8.789422 ], [ -41.533729999999899, -8.789392 ], [ -41.533206, -8.789227 ], [ -41.532923, -8.789028 ], [ -41.532786, -8.788778 ], [ -41.532773, -8.788553 ], [ -41.532626999999898, -8.788358 ], [ -41.532369, -8.788273 ], [ -41.532133, -8.78829 ], [ -41.531883999999899, -8.788328 ], [ -41.531605, -8.788311 ], [ -41.53129, -8.788123 ], [ -41.531127, -8.788118 ], [ -41.530972, -8.788212 ], [ -41.530895, -8.78858 ], [ -41.530835, -8.78878 ], [ -41.530839, -8.789017 ], [ -41.530904, -8.789259 ], [ -41.530847999999899, -8.789471 ], [ -41.530741, -8.789581 ], [ -41.530681, -8.789742 ], [ -41.530638, -8.789882 ], [ -41.530439999999899, -8.78995 ], [ -41.530217, -8.789861 ], [ -41.529857, -8.789544 ], [ -41.529445, -8.78915 ], [ -41.529092999999897, -8.788912 ], [ -41.528818, -8.788815 ], [ -41.528728, -8.7887 ], [ -41.528586, -8.788433 ], [ -41.528449, -8.788243 ], [ -41.528242, -8.787826 ], [ -41.52807, -8.787606 ], [ -41.527954, -8.786996 ], [ -41.527864, -8.786487 ], [ -41.527872, -8.785925 ], [ -41.527807, -8.785433 ], [ -41.527593, -8.784747 ], [ -41.527442999999899, -8.784658 ], [ -41.527215, -8.7847 ], [ -41.526682999999899, -8.785005 ], [ -41.526404, -8.785234 ], [ -41.526215, -8.785577 ], [ -41.526074, -8.785785 ], [ -41.525759999999899, -8.785955 ], [ -41.524206999999898, -8.786287 ], [ -41.5241758, -8.786287699999949 ], [ -41.523079, -8.786641 ], [ -41.522328, -8.787069 ], [ -41.522165, -8.787455 ], [ -41.522231, -8.788018 ], [ -41.522256, -8.788619 ], [ -41.522153, -8.788925 ], [ -41.520350999999899, -8.7899 ], [ -41.519787, -8.7902 ], [ -41.519675, -8.79042 ], [ -41.519692, -8.790992 ], [ -41.519588999999897, -8.791442 ], [ -41.51928, -8.791666 ], [ -41.519047999999898, -8.791662 ], [ -41.51843, -8.79123 ], [ -41.518025, -8.790735 ], [ -41.517712, -8.790616 ], [ -41.517136999999899, -8.790748 ], [ -41.516295, -8.790883 ], [ -41.515982, -8.790811 ], [ -41.515186, -8.790354 ], [ -41.51492, -8.790222 ], [ -41.514697, -8.790256 ], [ -41.514409, -8.790536 ], [ -41.514199, -8.791163 ], [ -41.513972, -8.7915 ], [ -41.513727, -8.791687 ], [ -41.513594, -8.791899 ], [ -41.513774, -8.79253 ], [ -41.513916, -8.793065 ], [ -41.514296, -8.793462 ], [ -41.514673, -8.794035 ], [ -41.514875, -8.794577 ], [ -41.514823, -8.794857 ], [ -41.51457, -8.795081 ], [ -41.514184, -8.795183 ], [ -41.513934999999897, -8.795183 ], [ -41.513549, -8.795493 ], [ -41.513419999999897, -8.79581 ], [ -41.513427, -8.796072 ], [ -41.513856, -8.796556 ], [ -41.514181999999899, -8.797183 ], [ -41.514229, -8.797501 ], [ -41.51422, -8.79795 ], [ -41.514487, -8.798349 ], [ -41.515036, -8.798787 ], [ -41.515529, -8.799223 ], [ -41.515714, -8.799499 ], [ -41.515641, -8.799817 ], [ -41.515435, -8.800075 ], [ -41.514899, -8.800419 ], [ -41.514753, -8.800592 ], [ -41.514801, -8.800956 ], [ -41.514874, -8.801113 ], [ -41.514857, -8.801253 ], [ -41.514672, -8.801494 ], [ -41.514608, -8.801617 ], [ -41.514694, -8.801948 ], [ -41.51502, -8.802524 ], [ -41.515127999999898, -8.802857 ], [ -41.515008, -8.803234 ], [ -41.514785, -8.80362 ], [ -41.514695, -8.803896 ], [ -41.514519, -8.804006 ], [ -41.514094, -8.803951 ], [ -41.513884, -8.804052 ], [ -41.513553, -8.804298 ], [ -41.513223, -8.804328 ], [ -41.512987, -8.804413 ], [ -41.512733, -8.804735 ], [ -41.512553, -8.805177 ], [ -41.512343, -8.805329 ], [ -41.511806, -8.805474 ], [ -41.511347, -8.805766 ], [ -41.510582999999897, -8.806033 ], [ -41.51021, -8.806056 ], [ -41.509622, -8.805772 ], [ -41.508862, -8.805314 ], [ -41.507970999999898, -8.805188 ], [ -41.507688, -8.805086 ], [ -41.507185999999898, -8.80462 ], [ -41.506705, -8.804268 ], [ -41.506495, -8.804268 ], [ -41.505988, -8.804395 ], [ -41.50539, -8.80442 ], [ -41.505192, -8.804505 ], [ -41.504844999999897, -8.804844 ], [ -41.504320999999898, -8.805077 ], [ -41.503917999999899, -8.805123 ], [ -41.503179, -8.80489 ], [ -41.502572, -8.804883 ], [ -41.502297999999897, -8.804942 ], [ -41.501734999999897, -8.805303 ], [ -41.501199, -8.805714 ], [ -41.500903, -8.805726 ], [ -41.500414, -8.805421 ], [ -41.500112999999899, -8.805163 ], [ -41.49986, -8.805158 ], [ -41.499550999999897, -8.805324 ], [ -41.499431, -8.805735 ], [ -41.49942, -8.80606 ], [ -41.499502, -8.806263 ], [ -41.499549, -8.806556 ], [ -41.499479999999899, -8.806802 ], [ -41.49933, -8.806933 ], [ -41.49906, -8.806831 ], [ -41.498514999999898, -8.806391 ], [ -41.49803, -8.806331 ], [ -41.497751, -8.806251 ], [ -41.497622, -8.806047 ], [ -41.497526999999899, -8.805772 ], [ -41.497051, -8.805257 ], [ -41.496888, -8.804867 ], [ -41.496716, -8.804227 ], [ -41.496506, -8.803888 ], [ -41.49599, -8.803613 ], [ -41.495737, -8.803367 ], [ -41.495294999999899, -8.802511 ], [ -41.495308, -8.802096 ], [ -41.495500999999898, -8.801325 ], [ -41.495638, -8.800922 ], [ -41.495522, -8.800774 ], [ -41.495269, -8.800799 ], [ -41.495016, -8.800969 ], [ -41.49475, -8.801015 ], [ -41.494376, -8.80074 ], [ -41.49405, -8.800206 ], [ -41.493923, -8.799842 ], [ -41.49409, -8.799482 ], [ -41.494262, -8.799155 ], [ -41.494304999999898, -8.798473 ], [ -41.494346, -8.797433 ], [ -41.494379, -8.796589 ], [ -41.494297, -8.796093 ], [ -41.493868, -8.795267 ], [ -41.493868, -8.794813 ], [ -41.493804, -8.7945 ], [ -41.49355, -8.793668 ], [ -41.493216, -8.792024 ], [ -41.492984, -8.791574 ], [ -41.492151, -8.791493 ], [ -41.491734999999899, -8.79134 ], [ -41.491323, -8.790573 ], [ -41.49109, -8.789599 ], [ -41.491039, -8.788993 ], [ -41.491232, -8.788476 ], [ -41.491239999999898, -8.788128 ], [ -41.491137, -8.787764 ], [ -41.4901718, -8.787138 ], [ -41.489894999999898, -8.787033 ], [ -41.48968, -8.786872 ], [ -41.489483, -8.786614 ], [ -41.4895609, -8.786367899999959 ], [ -41.4896987, -8.78599269999995 ], [ -41.489818, -8.785702 ], [ -41.489747, -8.785439 ], [ -41.489378, -8.785044 ], [ -41.489168, -8.784735 ], [ -41.488948999999899, -8.784591 ], [ -41.488816, -8.784409 ], [ -41.48873, -8.783951 ], [ -41.488655, -8.783787 ], [ -41.488462, -8.783736 ], [ -41.487496, -8.783719 ], [ -41.487028, -8.783774 ], [ -41.486624999999897, -8.7836 ], [ -41.486136, -8.783032 ], [ -41.485334, -8.782764 ], [ -41.485085, -8.782717 ], [ -41.483883999999897, -8.782815 ], [ -41.483355, -8.782554 ], [ -41.482569, -8.782422 ], [ -41.481599, -8.782617 ], [ -41.481017999999899, -8.783166 ], [ -41.480623, -8.783204 ], [ -41.479765, -8.782895 ], [ -41.478603, -8.781107 ], [ -41.478048999999899, -8.780734 ], [ -41.475994, -8.780391 ], [ -41.474728, -8.779755 ], [ -41.474443999999899, -8.779691 ], [ -41.47341, -8.77964 ], [ -41.471998, -8.77914 ], [ -41.471758, -8.778877 ], [ -41.471336, -8.77794 ], [ -41.470753, -8.776482 ], [ -41.470699, -8.776025 ], [ -41.470708, -8.775571 ], [ -41.470493, -8.774974 ], [ -41.469939, -8.774554 ], [ -41.46957, -8.774389 ], [ -41.469351, -8.773922 ], [ -41.469091999999897, -8.773056 ], [ -41.468820999999899, -8.772268 ], [ -41.468628, -8.771798 ], [ -41.4682, -8.771228 ], [ -41.468046, -8.771025 ], [ -41.467985999999897, -8.770537 ], [ -41.467908, -8.770046 ], [ -41.467973, -8.769684 ], [ -41.468229999999899, -8.769201 ], [ -41.468286, -8.76901 ], [ -41.468217, -8.768866 ], [ -41.467775, -8.768519 ], [ -41.467295, -8.768425 ], [ -41.466278, -8.768515 ], [ -41.465620999999899, -8.76871 ], [ -41.465067, -8.768977 ], [ -41.464543999999897, -8.769333 ], [ -41.464037, -8.769524 ], [ -41.463707, -8.769494 ], [ -41.463304, -8.769276 ], [ -41.463128, -8.769111 ], [ -41.462909, -8.768373 ], [ -41.462848, -8.767688 ], [ -41.462642, -8.767438 ], [ -41.462629, -8.767154 ], [ -41.462633, -8.766713 ], [ -41.462414, -8.766179 ], [ -41.46217, -8.765823 ], [ -41.461255, -8.765035 ], [ -41.460760999999899, -8.764551 ], [ -41.460575999999897, -8.764259 ], [ -41.460169, -8.764089 ], [ -41.459654, -8.764178 ], [ -41.459306, -8.764276 ], [ -41.45886, -8.764064 ], [ -41.458675, -8.763818 ], [ -41.458661999999897, -8.763576 ], [ -41.458546, -8.762262 ], [ -41.458193999999899, -8.761236 ], [ -41.457725, -8.760432 ], [ -41.457518999999898, -8.759919 ], [ -41.456685999999898, -8.758677 ], [ -41.456502999999898, -8.758392 ], [ -41.456382, -8.757951 ], [ -41.455872, -8.757442 ], [ -41.455332999999897, -8.757125 ], [ -41.454977, -8.756816 ], [ -41.454934, -8.756545 ], [ -41.454973, -8.756214 ], [ -41.454827, -8.755921 ], [ -41.454385, -8.755794 ], [ -41.454037, -8.755722 ], [ -41.453492, -8.755519 ], [ -41.451993, -8.755111 ], [ -41.450036, -8.754832 ], [ -41.44926, -8.754724 ], [ -41.448496, -8.754726 ], [ -41.447105, -8.754743 ], [ -41.446503999999898, -8.754514 ], [ -41.44617, -8.754171 ], [ -41.445818, -8.754098 ], [ -41.445267999999899, -8.754183 ], [ -41.445015, -8.75426 ], [ -41.443844, -8.75423 ], [ -41.443131, -8.754171 ], [ -41.442526, -8.754255 ], [ -41.441614, -8.754407 ], [ -41.440361, -8.754492 ], [ -41.439262, -8.754653 ], [ -41.437786, -8.754619 ], [ -41.437129, -8.754658 ], [ -41.436323, -8.754902 ], [ -41.435358999999899, -8.754922 ], [ -41.434849, -8.755117 ], [ -41.434418999999899, -8.755474 ], [ -41.433531, -8.755741 ], [ -41.432769999999898, -8.75589 ], [ -41.432414, -8.755907 ], [ -41.432114, -8.756136 ], [ -41.432006, -8.756374 ], [ -41.432084, -8.75667 ], [ -41.432096999999899, -8.756937 ], [ -41.432032, -8.757073 ], [ -41.431603, -8.757086 ], [ -41.430874, -8.756954 ], [ -41.4304, -8.756699 ], [ -41.430109, -8.756614 ], [ -41.429803999999898, -8.756585 ], [ -41.429516, -8.756898 ], [ -41.4277218, -8.758723 ], [ -41.426384, -8.763176 ], [ -41.4233052, -8.766280399999969 ], [ -41.4189919, -8.76875939999996 ], [ -41.4113912, -8.774368199999969 ], [ -41.4138124, -8.77986229999993 ], [ -41.4216604, -8.797670699999969 ], [ -41.4242667, -8.80255539999996 ], [ -41.426428, -8.80217339999996 ], [ -41.4275718, -8.801069 ], [ -41.4298238, -8.79673779999996 ], [ -41.4319216, -8.79707589999998 ], [ -41.4346841, -8.799096 ], [ -41.440729299999902, -8.80681859999993 ], [ -41.44476, -8.811118099999931 ], [ -41.449200399999903, -8.81539569999995 ], [ -41.4564855, -8.820953199999961 ], [ -41.4591252, -8.824894699999961 ], [ -41.4626453, -8.82875309999997 ], [ -41.4649597, -8.831289899999939 ], [ -41.467212399999902, -8.834822 ], [ -41.4715138, -8.838448599999939 ], [ -41.4720995, -8.840094099999931 ], [ -41.4717669, -8.841991499999949 ], [ -41.4721840999999, -8.84311449999996 ], [ -41.474651799999897, -8.84427879999993 ], [ -41.4776252, -8.84491329999997 ], [ -41.485028499999899, -8.84492969999997 ], [ -41.4868466, -8.84371529999993 ], [ -41.4878434, -8.843903399999929 ], [ -41.489294, -8.85090829999996 ], [ -41.4898525, -8.85209869999994 ], [ -41.4921775, -8.85442959999995 ], [ -41.4933157, -8.856223199999929 ], [ -41.494540899999897, -8.861126 ], [ -41.4956179, -8.862211299999959 ], [ -41.502184, -8.86352029999995 ], [ -41.5027347, -8.864066 ], [ -41.504780799999899, -8.86924769999996 ], [ -41.5105684, -8.87622529999993 ], [ -41.5110501, -8.877612099999959 ], [ -41.5105778, -8.880872899999931 ], [ -41.507705299999898, -8.88494169999996 ], [ -41.506842999999897, -8.888297499999959 ], [ -41.5068549, -8.890672399999969 ], [ -41.5074372, -8.89244089999994 ], [ -41.5108504, -8.895029799999969 ], [ -41.5170985, -8.89769119999994 ], [ -41.518459699999902, -8.899346499999981 ], [ -41.5216498999999, -8.90186279999995 ], [ -41.5228734, -8.90368689999997 ], [ -41.522751, -8.905167899999981 ], [ -41.5227487, -8.90519539999997 ], [ -41.522459399999903, -8.908679799999961 ], [ -41.5234378, -8.912313599999949 ], [ -41.527538299999897, -8.919404899999959 ], [ -41.531346, -8.92770419999994 ], [ -41.532657399999898, -8.92940489999995 ], [ -41.5341804, -8.93051319999995 ], [ -41.5362345, -8.930994399999969 ], [ -41.5414101, -8.93355669999994 ], [ -41.5448531, -8.937954299999941 ], [ -41.5455716, -8.941678 ], [ -41.542651799999902, -8.94892659999994 ], [ -41.5428558, -8.95029219999998 ], [ -41.5454892, -8.953045399999951 ], [ -41.545992899999902, -8.954214 ], [ -41.546127199999901, -8.955725 ], [ -41.5453247, -8.95769859999996 ], [ -41.544521, -8.96054909999998 ], [ -41.5457959, -8.96167589999993 ], [ -41.5541224, -8.963823499999929 ], [ -41.5594943, -8.966589099999959 ], [ -41.559833599999898, -8.966879699999939 ], [ -41.5613978, -8.968219399999951 ], [ -41.5652668, -8.97032019999995 ], [ -41.567176399999902, -8.969536 ], [ -41.5678477, -8.967383699999971 ], [ -41.5680641, -8.962172199999941 ], [ -41.5687880999999, -8.95796279999996 ], [ -41.570056599999901, -8.95502949999997 ], [ -41.5731752, -8.954685299999939 ], [ -41.575490699999897, -8.954674599999979 ], [ -41.5783537, -8.954764399999929 ], [ -41.5896870999999, -8.955119899999939 ], [ -41.591349, -8.955407899999949 ], [ -41.5950463, -8.958285399999969 ], [ -41.5969094, -8.95890179999998 ], [ -41.6031268999999, -8.95711839999996 ], [ -41.605794699999898, -8.957403899999971 ], [ -41.6099316, -8.96727249999998 ], [ -41.6108361, -8.968009599999959 ], [ -41.618677499999897, -8.96903859999998 ], [ -41.6212088, -8.97086279999996 ], [ -41.621251, -8.972583899999959 ], [ -41.621293299999898, -8.974305 ], [ -41.6219937, -8.977218099999959 ], [ -41.6240968, -8.981672799999959 ], [ -41.6280404, -8.984394299999961 ], [ -41.6289978, -8.98489 ], [ -41.6316095, -8.98578129999993 ], [ -41.6334052, -8.98600729999993 ], [ -41.637171599999903, -8.985419699999969 ], [ -41.640937999999899, -8.984832 ], [ -41.643431399999898, -8.98569639999994 ], [ -41.6467873, -8.987891 ], [ -41.648960799999898, -8.98834779999993 ], [ -41.661013099999899, -8.98765169999996 ], [ -41.664713499999898, -8.988267199999941 ], [ -41.6694039, -8.990079099999949 ], [ -41.6703280999999, -8.991993399999959 ], [ -41.670352599999902, -8.994988399999951 ], [ -41.6690181, -8.997940599999939 ], [ -41.668625, -9.000455799999941 ], [ -41.669902299999897, -9.00347939999995 ], [ -41.670042899999899, -9.003655699999969 ], [ -41.6700602, -9.00367739999996 ] ] ] ] } },
{ "type": "Feature", "properties": { "CD_MUN": "2202851", "NM_MUN": "Coronel José Dias", "CD_RGI": "220013", "NM_RGI": "São Raimundo Nonato", "CD_RGINT": "2204", "NM_RGINT": "São Raimundo Nonato", "CD_UF": "22", "NM_UF": "Piauí", "SIGLA_UF": "PI", "CD_REGIAO": "2", "NM_REGIAO": "Nordeste", "SIGLA_RG": "NE", "CD_CONCURB": null, "NM_CONCURB": null, "AREA_KM2": 1926.095 }, "geometry": { "type": "MultiPolygon", "coordinates": [ [ [ [ -42.226054, -9.283298899999981 ], [ -42.209822, -9.202584 ], [ -42.211445399999903, -9.202897 ], [ -42.213279, -9.20303 ], [ -42.214922999999899, -9.202834 ], [ -42.216254499999899, -9.202438499999969 ], [ -42.2195075, -9.201187699999929 ], [ -42.221534, -9.200389 ], [ -42.2246823, -9.19925449999994 ], [ -42.225738, -9.199328 ], [ -42.227137, -9.199426 ], [ -42.227767, -9.199494 ], [ -42.22845, -9.19976 ], [ -42.22927, -9.199921 ], [ -42.23093, -9.200166 ], [ -42.2324616, -9.200397199999941 ], [ -42.233578099999903, -9.200643099999979 ], [ -42.237305, -9.201008 ], [ -42.239408, -9.200978 ], [ -42.240201, -9.200799 ], [ -42.241919499999902, -9.200570899999949 ], [ -42.2444778, -9.20003739999993 ], [ -42.251539, -9.198282 ], [ -42.255373, -9.197157 ], [ -42.260254, -9.195717 ], [ -42.261902, -9.19519919999993 ], [ -42.263065099999899, -9.19475079999995 ], [ -42.263921, -9.194338 ], [ -42.264604, -9.193974 ], [ -42.265642, -9.193665 ], [ -42.268001, -9.193482 ], [ -42.271288, -9.19316 ], [ -42.272614, -9.193105 ], [ -42.273324, -9.193022 ], [ -42.275006699999899, -9.19285079999997 ], [ -42.275702, -9.192818 ], [ -42.280459, -9.192534 ], [ -42.282519, -9.19239 ], [ -42.283454, -9.192233 ], [ -42.284639, -9.19194849999997 ], [ -42.2867836, -9.19174449999997 ], [ -42.288248, -9.191415 ], [ -42.289124399999899, -9.19133489999996 ], [ -42.29049, -9.19094749999994 ], [ -42.293473199999902, -9.189918299999929 ], [ -42.294218999999899, -9.18973569999997 ], [ -42.2947286, -9.189384 ], [ -42.2956809, -9.18875749999995 ], [ -42.296238399999901, -9.18820359999995 ], [ -42.298229999999897, -9.186615 ], [ -42.299007, -9.186243 ], [ -42.2996572, -9.186168299999959 ], [ -42.3026282, -9.18533379999997 ], [ -42.303955, -9.184871 ], [ -42.304593, -9.18466819999998 ], [ -42.307154899999901, -9.18472149999997 ], [ -42.3109572, -9.18500769999997 ], [ -42.3142834, -9.18541219999997 ], [ -42.3152597, -9.185588899999971 ], [ -42.3177085, -9.185724299999951 ], [ -42.322278299999901, -9.185203599999969 ], [ -42.3250474, -9.18496339999996 ], [ -42.327739, -9.184673 ], [ -42.328657, -9.184943 ], [ -42.328837, -9.184441 ], [ -42.328863, -9.184242 ], [ -42.328915, -9.184064 ], [ -42.329408, -9.1837 ], [ -42.329696, -9.183455 ], [ -42.329846, -9.183078 ], [ -42.329991999999898, -9.182735 ], [ -42.330185, -9.182608 ], [ -42.330503, -9.18257 ], [ -42.331279, -9.182511 ], [ -42.331507, -9.182397 ], [ -42.331601, -9.182236 ], [ -42.331747999999898, -9.18181 ], [ -42.331963, -9.181018 ], [ -42.332023, -9.180595 ], [ -42.331885, -9.180392 ], [ -42.331512, -9.17996 ], [ -42.33104, -9.179867 ], [ -42.330804999999899, -9.179738 ], [ -42.330569, -9.179234 ], [ -42.330444999999898, -9.178819 ], [ -42.330183, -9.178438 ], [ -42.329809, -9.177989 ], [ -42.329788, -9.177669 ], [ -42.330036999999898, -9.177542 ], [ -42.330324, -9.177495 ], [ -42.330492, -9.177584 ], [ -42.330762, -9.177648 ], [ -42.331117999999897, -9.177605 ], [ -42.331337, -9.177313 ], [ -42.331676, -9.177038 ], [ -42.332007, -9.17708 ], [ -42.332427, -9.177211 ], [ -42.332835, -9.177448 ], [ -42.333367, -9.178015 ], [ -42.33365, -9.178223 ], [ -42.334148, -9.178269 ], [ -42.335011, -9.178252 ], [ -42.335310999999898, -9.178138 ], [ -42.335400999999898, -9.177998 ], [ -42.335530999999897, -9.177812 ], [ -42.336329, -9.177308 ], [ -42.337033, -9.176805 ], [ -42.337578, -9.176296 ], [ -42.338046, -9.175627 ], [ -42.338952999999897, -9.17473 ], [ -42.33933, -9.174501 ], [ -42.339528, -9.174543 ], [ -42.33954, -9.17473 ], [ -42.339592, -9.175116 ], [ -42.339639, -9.175679 ], [ -42.339798, -9.176018 ], [ -42.339858, -9.176259 ], [ -42.339759, -9.176619 ], [ -42.339576, -9.17703 ], [ -42.339357, -9.177339 ], [ -42.339224, -9.17794 ], [ -42.339207, -9.178118 ], [ -42.339486, -9.178491 ], [ -42.339822, -9.178817 ], [ -42.34004, -9.178876 ], [ -42.340375, -9.17891 ], [ -42.341074999999897, -9.179003 ], [ -42.342444, -9.179211 ], [ -42.342791, -9.179105 ], [ -42.343045, -9.178876 ], [ -42.343332, -9.178418 ], [ -42.343640999999899, -9.177698 ], [ -42.343572, -9.177448 ], [ -42.343401, -9.176999 ], [ -42.343246, -9.176716 ], [ -42.342958, -9.176248 ], [ -42.342855, -9.175956 ], [ -42.342875999999897, -9.175824 ], [ -42.343052, -9.175579 ], [ -42.343289, -9.175069 ], [ -42.343873, -9.174197 ], [ -42.344415, -9.173683 ], [ -42.345033, -9.173336 ], [ -42.345706, -9.173256 ], [ -42.346663, -9.173959 ], [ -42.346832, -9.174266 ], [ -42.346952, -9.174719 ], [ -42.347184, -9.174918 ], [ -42.347501, -9.174935 ], [ -42.347737, -9.174859 ], [ -42.348616999999898, -9.174427 ], [ -42.349055, -9.174363 ], [ -42.349735, -9.174573 ], [ -42.350392, -9.174971 ], [ -42.350665999999897, -9.17506 ], [ -42.350957999999899, -9.174984 ], [ -42.351207, -9.174958 ], [ -42.352113, -9.174894 ], [ -42.352528999999898, -9.174954 ], [ -42.35319, -9.174835 ], [ -42.353837999999897, -9.174886 ], [ -42.353919, -9.174818 ], [ -42.353971, -9.174602 ], [ -42.353966, -9.174319 ], [ -42.353922, -9.174045 ], [ -42.353836999999899, -9.173554 ], [ -42.353944, -9.173194 ], [ -42.354257, -9.172673 ], [ -42.354492999999898, -9.172537 ], [ -42.354841, -9.172211 ], [ -42.355317, -9.17172 ], [ -42.355847, -9.171064 ], [ -42.356521, -9.170569 ], [ -42.35695, -9.170421 ], [ -42.358053, -9.170399 ], [ -42.358538, -9.170505 ], [ -42.358744, -9.17078 ], [ -42.35889, -9.170971 ], [ -42.359057, -9.170967 ], [ -42.35916, -9.170802 ], [ -42.359242, -9.170522 ], [ -42.359461, -9.170035 ], [ -42.359448, -9.169637 ], [ -42.359352999999899, -9.169205 ], [ -42.359288999999897, -9.169053 ], [ -42.358989, -9.168676 ], [ -42.358805, -9.168297 ], [ -42.358561, -9.168005 ], [ -42.358389, -9.167857 ], [ -42.35784, -9.167624 ], [ -42.357702, -9.167463 ], [ -42.357629, -9.167133 ], [ -42.357616, -9.166329 ], [ -42.357774999999897, -9.165622 ], [ -42.358187, -9.165322 ], [ -42.358316, -9.164966 ], [ -42.358286, -9.164742 ], [ -42.358359, -9.164432 ], [ -42.358333, -9.164297 ], [ -42.358132, -9.164092 ], [ -42.357574999999898, -9.163614 ], [ -42.357509999999898, -9.163351 ], [ -42.357526999999898, -9.163178 ], [ -42.357678, -9.163093 ], [ -42.357854, -9.163114 ], [ -42.358124, -9.163279 ], [ -42.358359999999898, -9.16325 ], [ -42.358617, -9.16308 ], [ -42.359253, -9.162797 ], [ -42.35951, -9.162513 ], [ -42.359535999999899, -9.162314 ], [ -42.359506, -9.162111 ], [ -42.3596, -9.161946 ], [ -42.359818, -9.161618 ], [ -42.359778999999897, -9.161453 ], [ -42.359702, -9.161313 ], [ -42.359393, -9.160881 ], [ -42.35914, -9.16072 ], [ -42.358822, -9.160432 ], [ -42.358659, -9.159767 ], [ -42.358452999999898, -9.159357 ], [ -42.358307, -9.15895 ], [ -42.358665, -9.158423 ], [ -42.359265, -9.158296 ], [ -42.359652, -9.158266 ], [ -42.359969, -9.158126 ], [ -42.360373, -9.15775 ], [ -42.360875, -9.15747 ], [ -42.360922, -9.15728 ], [ -42.360913, -9.157142 ], [ -42.360737, -9.156575 ], [ -42.360673, -9.156304 ], [ -42.360677, -9.156071 ], [ -42.360484, -9.155868 ], [ -42.360192, -9.155753 ], [ -42.35978, -9.155711 ], [ -42.359170999999897, -9.155702 ], [ -42.358999, -9.155618 ], [ -42.358935, -9.155499 ], [ -42.358945999999897, -9.155334 ], [ -42.358963, -9.155194 ], [ -42.358880999999897, -9.155097 ], [ -42.358534, -9.154936 ], [ -42.358053, -9.154635 ], [ -42.357384, -9.154478 ], [ -42.35704, -9.15433 ], [ -42.356850999999899, -9.154017 ], [ -42.356839, -9.153725 ], [ -42.356946, -9.153433 ], [ -42.357276, -9.15281 ], [ -42.357602, -9.152607 ], [ -42.357873, -9.15256 ], [ -42.358245, -9.152844 ], [ -42.358494, -9.152852 ], [ -42.358679, -9.152789 ], [ -42.358932, -9.152556 ], [ -42.359503, -9.15231 ], [ -42.359876, -9.151942 ], [ -42.360331, -9.151672 ], [ -42.360739, -9.151651 ], [ -42.36094, -9.151575 ], [ -42.361005, -9.15141 ], [ -42.361138, -9.150529 ], [ -42.361262, -9.150406 ], [ -42.361417, -9.150385 ], [ -42.361841, -9.150402 ], [ -42.362192999999898, -9.150499 ], [ -42.362713, -9.150902 ], [ -42.362794, -9.151262 ], [ -42.362949, -9.151478 ], [ -42.363248999999897, -9.15155 ], [ -42.363648, -9.151537 ], [ -42.363931, -9.151279 ], [ -42.364261999999897, -9.151126 ], [ -42.364686999999897, -9.15105 ], [ -42.3657089, -9.150672699999969 ], [ -42.366321, -9.150399 ], [ -42.366467, -9.150102 ], [ -42.366497, -9.149902 ], [ -42.366385, -9.149775 ], [ -42.365505, -9.149365 ], [ -42.365166, -9.149102 ], [ -42.364617, -9.148776 ], [ -42.36459, -9.148534 ], [ -42.364693, -9.148161 ], [ -42.364659, -9.147932 ], [ -42.36459, -9.147826 ], [ -42.36447, -9.147814 ], [ -42.364277, -9.147877 ], [ -42.364019, -9.14792 ], [ -42.36374, -9.148055 ], [ -42.36338, -9.148318 ], [ -42.362848, -9.148424 ], [ -42.362273, -9.148424 ], [ -42.362127, -9.148385 ], [ -42.362041, -9.14825 ], [ -42.361934, -9.148021 ], [ -42.361732, -9.14767 ], [ -42.361509, -9.147378 ], [ -42.361469999999898, -9.14728 ], [ -42.361547, -9.147131 ], [ -42.362015, -9.146763 ], [ -42.362370999999897, -9.146615 ], [ -42.362895, -9.146543 ], [ -42.363160999999899, -9.146458 ], [ -42.36341, -9.146302 ], [ -42.363513, -9.146056 ], [ -42.363617, -9.145644 ], [ -42.36354, -9.145191 ], [ -42.363596, -9.144941 ], [ -42.363862, -9.144564 ], [ -42.364347, -9.143938 ], [ -42.364458, -9.143705 ], [ -42.364483999999898, -9.143438 ], [ -42.364633, -9.143215 ], [ -42.364994, -9.142733 ], [ -42.365285, -9.142551 ], [ -42.365556, -9.142525 ], [ -42.365817999999898, -9.142614 ], [ -42.366096, -9.142817 ], [ -42.366234, -9.14305 ], [ -42.366388, -9.14363 ], [ -42.366551, -9.143842 ], [ -42.367190999999899, -9.144126 ], [ -42.367564, -9.144511 ], [ -42.367805099999899, -9.144699699999929 ], [ -42.368448, -9.145203 ], [ -42.369554999999899, -9.145694 ], [ -42.369899, -9.145762 ], [ -42.370044999999898, -9.145681 ], [ -42.370242, -9.145245 ], [ -42.370465, -9.144949 ], [ -42.370667, -9.144656 ], [ -42.370667, -9.144474 ], [ -42.370610999999897, -9.144318 ], [ -42.370494999999899, -9.144183 ], [ -42.370134999999898, -9.143861 ], [ -42.370095999999897, -9.143704 ], [ -42.370259, -9.143535 ], [ -42.370482, -9.143247 ], [ -42.370573, -9.142823 ], [ -42.370598, -9.142601399999929 ], [ -42.370637, -9.142256 ], [ -42.370697, -9.141828 ], [ -42.37062, -9.141697 ], [ -42.370427999999897, -9.141534 ], [ -42.369822999999897, -9.141284 ], [ -42.369371999999899, -9.14131 ], [ -42.36905, -9.141276 ], [ -42.368934, -9.141106 ], [ -42.368934, -9.14092 ], [ -42.369033, -9.140793 ], [ -42.369187, -9.140708 ], [ -42.369479, -9.140509 ], [ -42.369694, -9.140289 ], [ -42.369651, -9.14009 ], [ -42.369539, -9.139777 ], [ -42.369612, -9.139582 ], [ -42.369883, -9.139315 ], [ -42.37021, -9.139067 ], [ -42.370643, -9.139016 ], [ -42.371158, -9.13872 ], [ -42.371552999999899, -9.138568 ], [ -42.371673, -9.13836 ], [ -42.371668999999898, -9.138093 ], [ -42.371609, -9.137932 ], [ -42.37148, -9.137779 ], [ -42.371265999999899, -9.137669 ], [ -42.370562, -9.137432 ], [ -42.370425, -9.137229 ], [ -42.370322, -9.13681 ], [ -42.370219, -9.13661 ], [ -42.370094, -9.13631 ], [ -42.370094, -9.136179 ], [ -42.370201, -9.135975 ], [ -42.370342999999899, -9.135797 ], [ -42.370373, -9.135679 ], [ -42.370306, -9.135507 ], [ -42.370131, -9.135291 ], [ -42.370005999999897, -9.135092 ], [ -42.369976, -9.13491 ], [ -42.370022999999897, -9.134474 ], [ -42.369841, -9.133246 ], [ -42.369704, -9.132759 ], [ -42.369708, -9.132585 ], [ -42.370026, -9.131549 ], [ -42.370297, -9.130812 ], [ -42.37067, -9.130554 ], [ -42.371318, -9.130414 ], [ -42.371641, -9.130499 ], [ -42.371893999999898, -9.130732 ], [ -42.372105, -9.131062 ], [ -42.372546999999898, -9.131231 ], [ -42.373083, -9.131346 ], [ -42.373645, -9.131142 ], [ -42.374254999999899, -9.130757 ], [ -42.374474, -9.130503 ], [ -42.374485999999898, -9.130321 ], [ -42.374344999999899, -9.130232 ], [ -42.374079, -9.130173 ], [ -42.373704, -9.13002 ], [ -42.373241, -9.129796 ], [ -42.373218999999899, -9.129622 ], [ -42.373228, -9.129406 ], [ -42.373176, -9.129199 ], [ -42.373035, -9.128758 ], [ -42.373013, -9.128094 ], [ -42.373125, -9.12789 ], [ -42.373614, -9.127632 ], [ -42.374044, -9.127526 ], [ -42.374550999999897, -9.12753 ], [ -42.375012, -9.127737 ], [ -42.375549, -9.12791 ], [ -42.375982, -9.1283 ], [ -42.3763, -9.128406 ], [ -42.376471, -9.128325 ], [ -42.376587, -9.128067 ], [ -42.376736999999899, -9.127728 ], [ -42.376879, -9.127453 ], [ -42.377111, -9.127284 ], [ -42.377248, -9.127313 ], [ -42.377355, -9.127635 ], [ -42.377457999999898, -9.127749 ], [ -42.377651, -9.127703 ], [ -42.377879, -9.127483 ], [ -42.377935, -9.127309 ], [ -42.377922, -9.127093 ], [ -42.377797, -9.126864 ], [ -42.377514, -9.126547 ], [ -42.377207999999897, -9.126474 ], [ -42.375479, -9.126131 ], [ -42.37502, -9.125974 ], [ -42.374122999999898, -9.125851 ], [ -42.37319, -9.125902 ], [ -42.372448, -9.125736 ], [ -42.372079, -9.125758 ], [ -42.37113, -9.125457 ], [ -42.370817, -9.125444 ], [ -42.370075, -9.124987 ], [ -42.369915999999897, -9.124724 ], [ -42.36995, -9.124585 ], [ -42.370182, -9.124453 ], [ -42.370328, -9.124237 ], [ -42.370379, -9.124013 ], [ -42.370354, -9.123649 ], [ -42.370122, -9.123132 ], [ -42.370079, -9.122777 ], [ -42.370275999999897, -9.122616 ], [ -42.370637, -9.122505 ], [ -42.370972, -9.122548 ], [ -42.371229, -9.122277 ], [ -42.371272, -9.121794 ], [ -42.371452, -9.120862 ], [ -42.371803999999898, -9.120634 ], [ -42.372113, -9.120701 ], [ -42.372611, -9.121244 ], [ -42.373444, -9.121803 ], [ -42.373855999999897, -9.121803 ], [ -42.374173, -9.121464 ], [ -42.374577, -9.121371 ], [ -42.375743999999898, -9.12132 ], [ -42.376309999999897, -9.120981 ], [ -42.376516, -9.120269 ], [ -42.37637, -9.119338 ], [ -42.375491, -9.118446 ], [ -42.37489, -9.118391 ], [ -42.374456, -9.118399 ], [ -42.373821, -9.118162 ], [ -42.373581, -9.118162 ], [ -42.373323, -9.118023 ], [ -42.373199, -9.117853 ], [ -42.373276, -9.117675 ], [ -42.373259, -9.117476 ], [ -42.373139, -9.117404 ], [ -42.372808, -9.117345 ], [ -42.372675, -9.117108 ], [ -42.372641, -9.116722 ], [ -42.372488, -9.116429 ], [ -42.372149, -9.115929 ], [ -42.37211, -9.115751 ], [ -42.372208999999899, -9.115544 ], [ -42.372548, -9.115362 ], [ -42.372668, -9.115167 ], [ -42.372658999999899, -9.115006 ], [ -42.372625, -9.114854 ], [ -42.372668, -9.114676 ], [ -42.372613, -9.114395 ], [ -42.372652, -9.113908 ], [ -42.372626, -9.113705 ], [ -42.372424, -9.113205 ], [ -42.372399, -9.112544 ], [ -42.372371, -9.112191 ], [ -42.37207, -9.111877 ], [ -42.371946, -9.111492 ], [ -42.371877, -9.110916 ], [ -42.371864, -9.110823 ], [ -42.371678, -9.11058 ], [ -42.371552999999899, -9.11 ], [ -42.371476, -9.109606 ], [ -42.371279, -9.109285 ], [ -42.371184, -9.108997 ], [ -42.370964199999896, -9.10845409999996 ], [ -42.370457, -9.107843 ], [ -42.369993, -9.107149 ], [ -42.369925, -9.106763 ], [ -42.369809, -9.106556 ], [ -42.369551, -9.106412 ], [ -42.369194999999898, -9.106322 ], [ -42.368478, -9.106275 ], [ -42.368181999999898, -9.106169 ], [ -42.367959, -9.105759 ], [ -42.36738, -9.105233 ], [ -42.367126, -9.10484 ], [ -42.367109, -9.104619 ], [ -42.367373, -9.104479 ], [ -42.367764, -9.104385 ], [ -42.368107, -9.104182 ], [ -42.3683, -9.103928 ], [ -42.368274, -9.10331 ], [ -42.36818, -9.102281 ], [ -42.368043, -9.101469 ], [ -42.367750999999899, -9.100114 ], [ -42.367558, -9.099364 ], [ -42.367345, -9.098969 ], [ -42.36689, -9.098753 ], [ -42.366577, -9.098046 ], [ -42.366324, -9.097012 ], [ -42.366328, -9.096743 ], [ -42.366782999999899, -9.095799 ], [ -42.367272, -9.094604 ], [ -42.367387, -9.094127 ], [ -42.367207, -9.093238 ], [ -42.367210999999898, -9.092971 ], [ -42.367426, -9.092683 ], [ -42.367803, -9.09217 ], [ -42.368198, -9.091349 ], [ -42.368252, -9.09106 ], [ -42.368256, -9.090501 ], [ -42.368273, -9.09026 ], [ -42.368458, -9.089985 ], [ -42.368544, -9.089582 ], [ -42.368527, -9.089349 ], [ -42.368441, -9.08907 ], [ -42.368586, -9.088456 ], [ -42.3685148, -9.087851699999931 ], [ -42.3685151, -9.087851 ], [ -42.3685153, -9.08785049999994 ], [ -42.368371, -9.086472 ], [ -42.367955, -9.085718 ], [ -42.367731999999897, -9.085409 ], [ -42.367178, -9.08521 ], [ -42.366144, -9.084558 ], [ -42.365879, -9.084515 ], [ -42.365535, -9.084528 ], [ -42.365214, -9.084515 ], [ -42.36399, -9.083905 ], [ -42.362896, -9.083456 ], [ -42.362619, -9.083174 ], [ -42.362293, -9.082479 ], [ -42.361915, -9.082094 ], [ -42.361143, -9.08145 ], [ -42.36087, -9.081355 ], [ -42.360411, -9.081376 ], [ -42.359278, -9.081143 ], [ -42.358832, -9.081088 ], [ -42.358562, -9.080931 ], [ -42.358313, -9.080656 ], [ -42.357918, -9.080381 ], [ -42.357832, -9.080046 ], [ -42.357987, -9.079847 ], [ -42.35866, -9.079674 ], [ -42.359725, -9.079779 ], [ -42.359956, -9.079733 ], [ -42.360166999999898, -9.079483 ], [ -42.360451, -9.079145 ], [ -42.36058, -9.078781 ], [ -42.360343999999898, -9.078294 ], [ -42.360258, -9.078044 ], [ -42.360231999999897, -9.07729 ], [ -42.360143, -9.076934 ], [ -42.359783, -9.075748 ], [ -42.359760999999899, -9.074909 ], [ -42.359748, -9.074422 ], [ -42.359765, -9.073952 ], [ -42.359726, -9.073705 ], [ -42.359563, -9.073379 ], [ -42.359301, -9.073175 ], [ -42.358889, -9.072972 ], [ -42.358876, -9.072794 ], [ -42.358944999999899, -9.072604 ], [ -42.359095, -9.072337 ], [ -42.357414499999898, -9.068393199999949 ], [ -42.354255099999897, -9.066625 ], [ -42.3465815, -9.060382199999941 ], [ -42.345520099999902, -9.05766909999994 ], [ -42.345383, -9.056919 ], [ -42.345391999999897, -9.055809 ], [ -42.345398, -9.05508 ], [ -42.34536, -9.05397 ], [ -42.345158, -9.05322 ], [ -42.344921, -9.052714 ], [ -42.344801, -9.052307 ], [ -42.344578, -9.052075 ], [ -42.344483, -9.051858 ], [ -42.344448999999898, -9.051431 ], [ -42.344324, -9.050977 ], [ -42.344296, -9.05058 ], [ -42.344175, -9.050241 ], [ -42.343982, -9.049911 ], [ -42.343944, -9.049737 ], [ -42.343849, -9.049576 ], [ -42.343595999999899, -9.049301 ], [ -42.343493, -9.048937 ], [ -42.342927, -9.048213 ], [ -42.342692, -9.047879 ], [ -42.342515999999897, -9.047256 ], [ -42.342287999999897, -9.046659 ], [ -42.341974999999898, -9.046239 ], [ -42.341765, -9.045837 ], [ -42.34145, -9.045235 ], [ -42.341382, -9.0439 ], [ -42.34151, -9.043655 ], [ -42.341562, -9.043481 ], [ -42.341708, -9.04307 ], [ -42.341869, -9.042249 ], [ -42.341907, -9.041431 ], [ -42.341804, -9.041181 ], [ -42.341499999999897, -9.040889 ], [ -42.341113, -9.040597 ], [ -42.340324, -9.039868 ], [ -42.340045, -9.039788 ], [ -42.33958, -9.039744 ], [ -42.338279999999898, -9.039456 ], [ -42.337915, -9.039435 ], [ -42.337662, -9.039346 ], [ -42.337271, -9.039117 ], [ -42.336988, -9.038876 ], [ -42.336709, -9.038253 ], [ -42.336697, -9.037876 ], [ -42.336792, -9.037402 ], [ -42.337478, -9.036131 ], [ -42.337521, -9.035868 ], [ -42.337453, -9.03569 ], [ -42.337443999999898, -9.035479 ], [ -42.337443999999898, -9.034979 ], [ -42.337367, -9.034716 ], [ -42.337204, -9.034352 ], [ -42.3324592, -9.006077399999979 ], [ -42.329884, -9.00274909999996 ], [ -42.3281191, -9.00173059999997 ], [ -42.322346, -8.99595729999993 ], [ -42.322856699999903, -8.994634499999959 ], [ -42.323225799999904, -8.993679699999969 ], [ -42.323260499999897, -8.993577399999941 ], [ -42.335955899999902, -8.960748 ], [ -42.3360612, -8.960474599999939 ], [ -42.336106599999901, -8.960357199999979 ], [ -42.3361307, -8.96029469999996 ], [ -42.3420376, -8.945007699999961 ], [ -42.367151099999901, -8.908881 ], [ -42.4035145, -8.953311099999951 ], [ -42.4082518, -8.944716599999939 ], [ -42.424429599999897, -8.94480509999994 ], [ -42.4358460999999, -8.944867599999951 ], [ -42.490220899999898, -8.930028599999959 ], [ -42.5223768, -8.90730909999996 ], [ -42.5586203, -8.938478599999939 ], [ -42.573967599999897, -8.90741709999998 ], [ -42.5739952, -8.907252599999939 ], [ -42.5822365, -8.858176899999931 ], [ -42.5829921, -8.853673599999979 ], [ -42.586266099999897, -8.83412839999994 ], [ -42.603906499999901, -8.72881879999994 ], [ -42.5142451, -8.67902359999994 ], [ -42.4751544, -8.65731379999994 ], [ -42.3771639, -8.66045489999993 ], [ -42.3405177, -8.661629599999969 ], [ -42.334609199999903, -8.661818 ], [ -42.3311634, -8.66192789999997 ], [ -42.3107451, -8.662577 ], [ -42.2914408, -8.63010509999998 ], [ -42.210062299999898, -8.649191099999941 ], [ -42.1770461999999, -8.681654899999961 ], [ -42.176776, -8.681920299999939 ], [ -42.176724099999902, -8.68197139999995 ], [ -42.1294545, -8.72841619999997 ], [ -42.167329, -8.782370599999981 ], [ -42.2021822, -8.832021 ], [ -42.1974711, -8.84199979999994 ], [ -42.221600899999899, -8.84652419999998 ], [ -42.2355286, -8.86313949999993 ], [ -42.2364767, -8.89198519999997 ], [ -42.2370551, -8.90502209999994 ], [ -42.2368774, -8.927184599999981 ], [ -42.2368769, -8.92725019999995 ], [ -42.234096399999899, -8.94858079999995 ], [ -42.2319223, -8.965259099999971 ], [ -42.2318887, -8.96551669999997 ], [ -42.2249138, -9.012581399999929 ], [ -42.2046455999999, -9.06608279999995 ], [ -42.1854867, -9.117897199999961 ], [ -42.1796302, -9.133736 ], [ -42.1424741, -9.15296039999993 ], [ -42.124398, -9.178783799999961 ], [ -42.1243822, -9.17880639999993 ], [ -42.1241692, -9.179110699999971 ], [ -42.1240592, -9.17926659999995 ], [ -42.0692185999999, -9.257541499999951 ], [ -42.0712234, -9.25872639999994 ], [ -42.0728005, -9.25983279999997 ], [ -42.0811398, -9.26693169999993 ], [ -42.0827108, -9.268763499999981 ], [ -42.087165599999899, -9.272279399999951 ], [ -42.0917456, -9.275170499999939 ], [ -42.095044599999902, -9.27856109999993 ], [ -42.0994884, -9.28088169999995 ], [ -42.101272499999901, -9.281571499999931 ], [ -42.108353099999903, -9.282766199999971 ], [ -42.116801, -9.28306969999994 ], [ -42.1211837, -9.28391559999994 ], [ -42.121212399999898, -9.28392119999995 ], [ -42.121937499999902, -9.284100399999939 ], [ -42.1345261, -9.287212599999981 ], [ -42.1419524, -9.288129199999959 ], [ -42.153114899999899, -9.28787879999993 ], [ -42.1718602, -9.28542029999994 ], [ -42.1794896, -9.28526619999997 ], [ -42.1850787, -9.286916499999959 ], [ -42.1864641, -9.288238699999971 ], [ -42.194231199999898, -9.29168459999994 ], [ -42.199509599999899, -9.29259539999993 ], [ -42.2064354, -9.292781499999929 ], [ -42.211699699999897, -9.291075599999941 ], [ -42.2201568999999, -9.286165199999971 ], [ -42.2224438, -9.28416879999997 ], [ -42.226054, -9.283298899999981 ] ] ] ] } },
{ "type": "Feature", "properties": { "CD_MUN": "2211357", "NM_MUN": "Várzea Branca", "CD_RGI": "220013", "NM_RGI": "São Raimundo Nonato", "CD_RGINT": "2204", "NM_RGINT": "São Raimundo Nonato", "CD_UF": "22", "NM_UF": "Piauí", "SIGLA_UF": "PI", "CD_REGIAO": "2", "NM_REGIAO": "Nordeste", "SIGLA_RG": "NE", "CD_CONCURB": null, "NM_CONCURB": null, "AREA_KM2": 450.429 }, "geometry": { "type": "MultiPolygon", "coordinates": [ [ [ [ -42.824026499999903, -9.370175199999951 ], [ -42.8247655, -9.37012459999994 ], [ -42.8279597, -9.36990559999998 ], [ -42.8319539, -9.37153619999998 ], [ -42.840051399999901, -9.37502469999993 ], [ -42.8514651, -9.379512799999929 ], [ -42.8516728, -9.379615199999931 ], [ -42.854441699999903, -9.380979599999931 ], [ -42.8627498, -9.384558099999939 ], [ -42.8670018, -9.38551819999998 ], [ -42.869, -9.384795 ], [ -42.869652, -9.384245 ], [ -42.872081, -9.382561 ], [ -42.874725, -9.380428 ], [ -42.8765779, -9.381285199999979 ], [ -42.8785095, -9.383329 ], [ -42.880005299999901, -9.385978499999959 ], [ -42.8806205, -9.38887249999993 ], [ -42.880738, -9.391046899999941 ], [ -42.8811077, -9.39231779999994 ], [ -42.8818517, -9.393508699999931 ], [ -42.8833672, -9.39526619999998 ], [ -42.884287099999902, -9.396653599999979 ], [ -42.8847769, -9.39810049999994 ], [ -42.885677799999897, -9.40026889999996 ], [ -42.8883016, -9.404434 ], [ -42.8874881, -9.407195199999929 ], [ -42.891151599999901, -9.40813539999994 ], [ -42.9038737, -9.409071099999951 ], [ -42.9078478, -9.40950559999993 ], [ -42.9157077, -9.40994719999998 ], [ -42.9203984, -9.410081199999979 ], [ -42.9260509, -9.41041889999997 ], [ -42.931657399999899, -9.41096659999994 ], [ -42.938009, -9.411462499999971 ], [ -42.941818, -9.41142259999998 ], [ -42.9451288, -9.41266979999995 ], [ -42.9479166, -9.417506399999979 ], [ -42.951173, -9.422995 ], [ -42.952049, -9.423914 ], [ -42.954989, -9.425653 ], [ -42.956297999999897, -9.42644 ], [ -42.957161, -9.426999 ], [ -42.957663, -9.427342 ], [ -42.958106, -9.427733 ], [ -42.958667299999902, -9.42839279999993 ], [ -42.9598894, -9.426212699999949 ], [ -42.9620328, -9.42380979999996 ], [ -42.9628721, -9.42130709999998 ], [ -42.964189599999898, -9.41866369999997 ], [ -42.965585299999901, -9.416562 ], [ -42.9689266, -9.410976 ], [ -42.9702569, -9.40951979999994 ], [ -42.9718932, -9.40806139999995 ], [ -42.9734195999999, -9.40713449999993 ], [ -42.9752085, -9.406429799999961 ], [ -42.9817217, -9.40444039999994 ], [ -42.9834307, -9.403638 ], [ -42.986829699999902, -9.40160719999994 ], [ -42.9878631, -9.40133849999995 ], [ -42.990155699999903, -9.40188589999997 ], [ -42.9939084, -9.40311759999997 ], [ -42.9964532, -9.404210199999969 ], [ -42.997397299999903, -9.404486199999949 ], [ -42.997918899999902, -9.40454659999995 ], [ -42.998491699999903, -9.404612899999959 ], [ -42.998601199999896, -9.40464079999998 ], [ -43.0019993, -9.40545069999996 ], [ -43.0063024, -9.40941379999998 ], [ -43.0084959, -9.40944539999998 ], [ -43.0107843, -9.40775779999996 ], [ -43.012724499999898, -9.40776289999997 ], [ -43.014946199999898, -9.40967379999995 ], [ -43.016753299999898, -9.410478099999979 ], [ -43.021792499999897, -9.409853799999951 ], [ -43.0232276999999, -9.41000959999997 ], [ -43.0311483, -9.41186579999993 ], [ -43.0334784, -9.41241189999994 ], [ -43.0400858, -9.414655799999929 ], [ -43.0406125, -9.414681599999939 ], [ -43.0442479, -9.414144799999971 ], [ -43.049115, -9.41317449999997 ], [ -43.052177399999898, -9.412979099999969 ], [ -43.053924, -9.41397169999993 ], [ -43.0561964, -9.41861769999997 ], [ -43.0569432, -9.419135399999959 ], [ -43.057785899999899, -9.41853369999995 ], [ -43.057914299999901, -9.414761599999959 ], [ -43.0568428999999, -9.40778389999997 ], [ -43.0570551, -9.401659299999951 ], [ -43.0585359, -9.397772399999949 ], [ -43.059309799999902, -9.396952099999959 ], [ -43.0580977, -9.393585299999931 ], [ -43.0581051999999, -9.392318199999981 ], [ -43.0598267, -9.388735799999949 ], [ -43.060909299999899, -9.385362399999959 ], [ -43.061983199999901, -9.38346739999997 ], [ -43.0588571, -9.37180619999998 ], [ -43.0588662, -9.370168599999939 ], [ -43.0582343, -9.368898199999929 ], [ -43.057115699999898, -9.36708949999996 ], [ -43.056275099999901, -9.365276 ], [ -43.056166, -9.36371839999993 ], [ -43.0563586, -9.362122 ], [ -43.0563407, -9.361566 ], [ -43.0553879, -9.360045 ], [ -43.0540179, -9.35728679999994 ], [ -43.053804699999901, -9.354729799999969 ], [ -43.0545807, -9.35257169999994 ], [ -43.0546677, -9.352151299999949 ], [ -43.054672599999897, -9.351336499999951 ], [ -43.055070999999899, -9.350805599999941 ], [ -43.0580765999999, -9.34930589999993 ], [ -43.058518999999897, -9.34864929999998 ], [ -43.0579779, -9.346261 ], [ -43.0578996, -9.34378189999995 ], [ -43.0576287, -9.342586399999959 ], [ -43.0568028, -9.341573199999971 ], [ -43.0547017, -9.337248399999959 ], [ -43.0540634, -9.335685499999951 ], [ -43.0529625, -9.334210799999941 ], [ -43.0518570999999, -9.333653899999939 ], [ -43.051210599999898, -9.333650299999929 ], [ -43.049276899999903, -9.332447299999959 ], [ -43.0470652, -9.33142509999993 ], [ -43.0431176, -9.331094099999969 ], [ -43.041825699999897, -9.33088079999993 ], [ -43.0409956, -9.33057759999997 ], [ -43.0402343, -9.33045939999994 ], [ -43.038778299999898, -9.33045089999996 ], [ -43.037671499999902, -9.330261 ], [ -43.0355311, -9.328826799999939 ], [ -43.0344517, -9.327650499999949 ], [ -43.033834, -9.326592099999971 ], [ -43.0332834, -9.32594629999994 ], [ -43.0320851, -9.325018799999951 ], [ -43.0289817, -9.323656799999981 ], [ -43.0272952, -9.322774 ], [ -43.026462, -9.32233789999998 ], [ -43.0256087, -9.32189119999998 ], [ -43.0226503, -9.31864979999995 ], [ -43.0207589, -9.318101199999941 ], [ -43.018323199999898, -9.31808779999994 ], [ -43.014801599999899, -9.31860579999994 ], [ -43.0116937, -9.31805049999997 ], [ -43.0093949, -9.31776929999995 ], [ -43.006010199999899, -9.318017699999929 ], [ -43.0014111999999, -9.31775829999998 ], [ -42.9993798, -9.31814979999996 ], [ -42.9972152, -9.31800329999993 ], [ -42.9945168, -9.316711199999929 ], [ -42.9920897, -9.31521949999996 ], [ -42.9904071999999, -9.31359669999995 ], [ -42.9892677, -9.311708799999961 ], [ -42.989136899999899, -9.31128919999998 ], [ -42.9888693, -9.310430599999959 ], [ -42.9869874, -9.308604499999941 ], [ -42.9846247, -9.30738139999994 ], [ -42.9831376, -9.307238499999929 ], [ -42.979954399999897, -9.307826 ], [ -42.9775136, -9.308753199999961 ], [ -42.976092299999898, -9.30874549999993 ], [ -42.9744067, -9.307794399999979 ], [ -42.9727032, -9.30703719999997 ], [ -42.9707574, -9.30714329999995 ], [ -42.969654999999896, -9.30767489999994 ], [ -42.9683636, -9.30862529999996 ], [ -42.9671453, -9.308735799999971 ], [ -42.966538, -9.30853169999995 ], [ -42.965627599999898, -9.308013 ], [ -42.972120899999901, -9.29242469999997 ], [ -42.976150699999899, -9.28275139999994 ], [ -42.985978, -9.265411 ], [ -42.987091399999898, -9.22697139999997 ], [ -42.9871031, -9.22656679999994 ], [ -42.9871785, -9.223962799999979 ], [ -42.9874513, -9.222959 ], [ -42.9888516, -9.22011179999993 ], [ -42.989175499999902, -9.219162 ], [ -42.989340399999897, -9.21831839999993 ], [ -42.989292099999901, -9.217417799999961 ], [ -42.988978599999903, -9.21641159999996 ], [ -42.9889375, -9.214296599999949 ], [ -42.989103699999902, -9.21297519999996 ], [ -42.9881958, -9.210135 ], [ -42.9880332, -9.208265199999969 ], [ -42.9872728, -9.20693629999994 ], [ -42.986439, -9.20509969999995 ], [ -42.984449299999902, -9.203868099999969 ], [ -42.9822998, -9.20416069999993 ], [ -42.980614199999899, -9.20315949999997 ], [ -42.978856999999898, -9.20162389999996 ], [ -42.9779409, -9.200702599999939 ], [ -42.9781821, -9.19887349999993 ], [ -42.9777486, -9.194142 ], [ -42.976422699999901, -9.190986399999931 ], [ -42.9754722, -9.189304599999961 ], [ -42.973911, -9.18712109999996 ], [ -42.9732665, -9.18566779999998 ], [ -42.9726549, -9.18516789999995 ], [ -42.971621, -9.184779799999941 ], [ -42.970010699999897, -9.18442939999994 ], [ -42.968441, -9.183771099999939 ], [ -42.966772499999898, -9.182746499999951 ], [ -42.966527799999902, -9.182597 ], [ -42.9667269, -9.182047099999981 ], [ -42.9757433, -9.157150599999969 ], [ -42.969082699999902, -9.14674189999994 ], [ -42.951528799999899, -9.17308659999998 ], [ -42.9513137, -9.173409499999931 ], [ -42.939475699999903, -9.19116889999998 ], [ -42.938902299999903, -9.201156 ], [ -42.9361615, -9.202455799999941 ], [ -42.9358802, -9.202589299999939 ], [ -42.912701599999899, -9.213584699999959 ], [ -42.910745399999897, -9.211963099999929 ], [ -42.910314899999896, -9.211843499999929 ], [ -42.9076062, -9.211906399999981 ], [ -42.907379999999897, -9.211951 ], [ -42.907234, -9.212142 ], [ -42.906787999999899, -9.212413 ], [ -42.90653, -9.21254 ], [ -42.906466, -9.212646 ], [ -42.906478799999903, -9.21268849999996 ], [ -42.906517999999899, -9.212819 ], [ -42.906517999999899, -9.212997 ], [ -42.906315999999897, -9.213141 ], [ -42.906127, -9.2132 ], [ -42.9058641, -9.21323619999993 ], [ -42.905299, -9.213314 ], [ -42.904917, -9.213429 ], [ -42.904707, -9.213547 ], [ -42.904604, -9.213767 ], [ -42.904637, -9.213938 ], [ -42.904834, -9.214154 ], [ -42.905169, -9.214458 ], [ -42.905577, -9.214954 ], [ -42.905623999999897, -9.215199 ], [ -42.905512, -9.215453 ], [ -42.905029, -9.215681 ], [ -42.904829999999897, -9.215775 ], [ -42.904244999999896, -9.215983 ], [ -42.904039, -9.21611 ], [ -42.903709, -9.216436 ], [ -42.903545999999899, -9.216563 ], [ -42.903353, -9.216572 ], [ -42.902885, -9.216216 ], [ -42.902537, -9.215933 ], [ -42.902287999999899, -9.215962 ], [ -42.901932, -9.216149 ], [ -42.901451, -9.216271 ], [ -42.901030999999897, -9.216479 ], [ -42.900722, -9.216882 ], [ -42.900644999999898, -9.217314 ], [ -42.900712999999897, -9.218588 ], [ -42.900885, -9.219621 ], [ -42.900879, -9.219811 ], [ -42.900776, -9.220061 ], [ -42.900784, -9.22051 ], [ -42.900608, -9.220976 ], [ -42.900565, -9.221285 ], [ -42.900806, -9.22178 ], [ -42.901294999999898, -9.221856 ], [ -42.901590999999897, -9.222 ], [ -42.901737, -9.222 ], [ -42.901814, -9.22178 ], [ -42.901814, -9.221242 ], [ -42.902072, -9.220836 ], [ -42.902217999999898, -9.220789 ], [ -42.902943, -9.220899 ], [ -42.903500999999899, -9.221056 ], [ -42.903835, -9.221213 ], [ -42.904153999999899, -9.221122 ], [ -42.904583, -9.221105 ], [ -42.904857999999898, -9.221164 ], [ -42.904874999999898, -9.221304 ], [ -42.9045106, -9.22250069999996 ], [ -42.90442, -9.222798 ], [ -42.904079, -9.223596 ], [ -42.903972, -9.223668 ], [ -42.903911999999899, -9.223765 ], [ -42.903924, -9.224142 ], [ -42.904018999999899, -9.224459 ], [ -42.903959, -9.224866 ], [ -42.903628, -9.22531 ], [ -42.903616999999898, -9.225737 ], [ -42.90369, -9.225843 ], [ -42.90387, -9.225814 ], [ -42.904029, -9.22578 ], [ -42.904123, -9.225852 ], [ -42.904123, -9.226068 ], [ -42.903968, -9.226212 ], [ -42.903818, -9.226186 ], [ -42.903728, -9.226216 ], [ -42.903715, -9.226364 ], [ -42.903917, -9.226609 ], [ -42.904282, -9.226741 ], [ -42.904496, -9.22666 ], [ -42.904659, -9.226275 ], [ -42.904844, -9.226152 ], [ -42.905302999999897, -9.22614 ], [ -42.905414999999898, -9.22625 ], [ -42.905385, -9.226381 ], [ -42.90514, -9.226478 ], [ -42.904964, -9.226516 ], [ -42.904899999999898, -9.226576 ], [ -42.904943, -9.226707 ], [ -42.905247, -9.226842 ], [ -42.905625, -9.226762 ], [ -42.906391, -9.226639 ], [ -42.907249, -9.226805 ], [ -42.907533, -9.227118 ], [ -42.908103, -9.227541 ], [ -42.908327, -9.227651 ], [ -42.908614, -9.227626 ], [ -42.908912, -9.227472 ], [ -42.909157, -9.22737 ], [ -42.909354, -9.227374 ], [ -42.909765999999898, -9.227713 ], [ -42.909878, -9.22798 ], [ -42.909779, -9.228234 ], [ -42.909599, -9.228632 ], [ -42.909591, -9.229063 ], [ -42.909724, -9.229333 ], [ -42.909849, -9.229596 ], [ -42.909878999999897, -9.229757 ], [ -42.909888, -9.229918 ], [ -42.910012, -9.230011 ], [ -42.910488, -9.229994 ], [ -42.910905, -9.229812 ], [ -42.911278, -9.229486 ], [ -42.911684, -9.229219 ], [ -42.912104, -9.228965 ], [ -42.912276, -9.228855 ], [ -42.912469, -9.228821 ], [ -42.912696, -9.229062 ], [ -42.912940999999897, -9.229528 ], [ -42.913322999999899, -9.229943 ], [ -42.913412999999899, -9.230222 ], [ -42.913429999999899, -9.230845 ], [ -42.913512, -9.231111 ], [ -42.913662, -9.231344 ], [ -42.913679, -9.231589 ], [ -42.913623, -9.231869 ], [ -42.912957999999897, -9.233054 ], [ -42.9127, -9.233811 ], [ -42.9126231, -9.234193699999929 ], [ -42.912614, -9.234395 ], [ -42.9129836, -9.234518499999981 ], [ -42.913401, -9.234643099999969 ], [ -42.913747, -9.234742 ], [ -42.914395, -9.235051 ], [ -42.915073, -9.235259 ], [ -42.915433, -9.235428 ], [ -42.915532, -9.235699 ], [ -42.915596, -9.236258 ], [ -42.915664999999898, -9.236482 ], [ -42.915638999999899, -9.236669 ], [ -42.915433, -9.236745 ], [ -42.914451, -9.236885 ], [ -42.914013, -9.236969 ], [ -42.913721, -9.237308 ], [ -42.913262, -9.237863 ], [ -42.913344, -9.23794 ], [ -42.913902, -9.23805 ], [ -42.914769, -9.238469 ], [ -42.915056999999898, -9.238579 ], [ -42.91531, -9.238795 ], [ -42.915349, -9.238914 ], [ -42.915194, -9.239883 ], [ -42.915271, -9.240417 ], [ -42.915203, -9.241035 ], [ -42.91531, -9.24181 ], [ -42.915567, -9.242737 ], [ -42.915709799999902, -9.243105 ], [ -42.915854, -9.243474 ], [ -42.915944, -9.243804 ], [ -42.915965, -9.243969 ], [ -42.915914, -9.24407 ], [ -42.915776999999899, -9.244083 ], [ -42.915661, -9.244134 ], [ -42.915644, -9.244265 ], [ -42.915759, -9.244401 ], [ -42.91603, -9.244536 ], [ -42.916098, -9.244697 ], [ -42.916094, -9.244849 ], [ -42.91588, -9.24533 ], [ -42.915613999999898, -9.245597 ], [ -42.915541, -9.245796 ], [ -42.915541, -9.246114 ], [ -42.915382, -9.246431 ], [ -42.915343, -9.246706 ], [ -42.915394999999897, -9.247125 ], [ -42.915376, -9.247395 ], [ -42.915329, -9.247548 ], [ -42.915183, -9.247713 ], [ -42.91511, -9.247865 ], [ -42.915286, -9.248014 ], [ -42.915492, -9.24803 ], [ -42.915612, -9.248141 ], [ -42.915681, -9.248297 ], [ -42.915879, -9.248335 ], [ -42.916012, -9.248348 ], [ -42.916029, -9.248458 ], [ -42.915616999999898, -9.249148 ], [ -42.915356, -9.249524 ], [ -42.915213999999899, -9.249587 ], [ -42.915163, -9.249664 ], [ -42.91521, -9.249765 ], [ -42.915287, -9.249871 ], [ -42.915231999999897, -9.250053 ], [ -42.914545, -9.251035 ], [ -42.914348, -9.251065 ], [ -42.91415, -9.251027 ], [ -42.914039, -9.251141 ], [ -42.91385, -9.25145 ], [ -42.913769, -9.251616 ], [ -42.913679, -9.251743 ], [ -42.913606, -9.251837 ], [ -42.913576, -9.251964 ], [ -42.913592999999899, -9.252112 ], [ -42.913747999999899, -9.252162 ], [ -42.913851, -9.252285 ], [ -42.914005, -9.252582 ], [ -42.914091, -9.252806 ], [ -42.91398, -9.252933 ], [ -42.913682999999899, -9.253153 ], [ -42.913443, -9.253234 ], [ -42.91326, -9.253286 ], [ -42.913024, -9.253248 ], [ -42.912869, -9.253261 ], [ -42.912749, -9.253333 ], [ -42.912685, -9.253485 ], [ -42.912633, -9.253646 ], [ -42.912474, -9.253629 ], [ -42.911942, -9.253303 ], [ -42.911414, -9.253011 ], [ -42.911234, -9.252964 ], [ -42.911062, -9.253003 ], [ -42.910897, -9.253136 ], [ -42.910863, -9.253263 ], [ -42.91097, -9.253403 ], [ -42.911009, -9.25353 ], [ -42.910772999999899, -9.253627 ], [ -42.910541, -9.253657 ], [ -42.910351999999897, -9.253585 ], [ -42.910412, -9.253424 ], [ -42.910339, -9.253276 ], [ -42.910142, -9.253352 ], [ -42.909996, -9.253483 ], [ -42.909803, -9.253568 ], [ -42.909720999999898, -9.25347 ], [ -42.909737999999898, -9.25322 ], [ -42.909773, -9.252929 ], [ -42.90963, -9.252883 ], [ -42.909377, -9.25287 ], [ -42.9093, -9.252752 ], [ -42.909184, -9.252531 ], [ -42.908955999999897, -9.252502 ], [ -42.908772, -9.252565 ], [ -42.908561, -9.252768 ], [ -42.908389999999898, -9.252972 ], [ -42.908321, -9.253204 ], [ -42.90833, -9.253416 ], [ -42.908403, -9.253615 ], [ -42.908368, -9.25378 ], [ -42.908201, -9.253878 ], [ -42.908021, -9.253763 ], [ -42.907828, -9.253687 ], [ -42.907646999999898, -9.253729 ], [ -42.907530999999899, -9.253835 ], [ -42.907476, -9.253996 ], [ -42.907376999999897, -9.254068 ], [ -42.907184, -9.253945 ], [ -42.907004, -9.253873 ], [ -42.906759, -9.253979 ], [ -42.906506, -9.253996 ], [ -42.906227, -9.253971 ], [ -42.906193, -9.253835 ], [ -42.906188, -9.253712 ], [ -42.906132, -9.25367 ], [ -42.906007, -9.2537 ], [ -42.905707, -9.253874 ], [ -42.905453, -9.253899 ], [ -42.905222, -9.253908 ], [ -42.905011, -9.253887 ], [ -42.904883, -9.25392 ], [ -42.904874, -9.254081 ], [ -42.904904, -9.254217 ], [ -42.904853, -9.254314 ], [ -42.904702, -9.254268 ], [ -42.904578, -9.254229 ], [ -42.904548, -9.254276 ], [ -42.904548, -9.254445 ], [ -42.904552, -9.254602 ], [ -42.904535, -9.254657 ], [ -42.904445, -9.254665 ], [ -42.904303, -9.254602 ], [ -42.904149, -9.254467 ], [ -42.903818999999899, -9.254214 ], [ -42.903638999999899, -9.253981 ], [ -42.903472, -9.253977 ], [ -42.903274, -9.254002 ], [ -42.90309, -9.254066 ], [ -42.903038, -9.25421 ], [ -42.903123999999899, -9.25443 ], [ -42.903278999999898, -9.254603 ], [ -42.903407, -9.254819 ], [ -42.903472, -9.255086 ], [ -42.903425, -9.255302 ], [ -42.903311, -9.255481 ], [ -42.90301, -9.255443 ], [ -42.90292, -9.255502 ], [ -42.902933, -9.255689 ], [ -42.902976, -9.255811 ], [ -42.902852, -9.255866 ], [ -42.902706, -9.255854 ], [ -42.902628, -9.255727 ], [ -42.902483, -9.255693 ], [ -42.902388, -9.255604 ], [ -42.902288999999897, -9.255659 ], [ -42.902174, -9.255756 ], [ -42.902104999999899, -9.255871 ], [ -42.902096, -9.255989 ], [ -42.902165, -9.256184 ], [ -42.902186, -9.256484 ], [ -42.901997999999899, -9.25665 ], [ -42.901869, -9.25687 ], [ -42.901679999999899, -9.256967 ], [ -42.901474, -9.256988 ], [ -42.901221, -9.256895 ], [ -42.900925, -9.256976 ], [ -42.900684, -9.257069 ], [ -42.900564, -9.257179 ], [ -42.900547, -9.257318 ], [ -42.900641, -9.257594 ], [ -42.90068, -9.257759 ], [ -42.900573, -9.257962 ], [ -42.900277, -9.25834 ], [ -42.900066, -9.25848 ], [ -42.899696999999897, -9.258463 ], [ -42.898868999999898, -9.25862 ], [ -42.898642, -9.258721 ], [ -42.89847, -9.258967 ], [ -42.898382, -9.259126 ], [ -42.898502, -9.259241 ], [ -42.898519, -9.259427 ], [ -42.898505999999898, -9.259626 ], [ -42.898511, -9.259838 ], [ -42.898505999999898, -9.259998 ], [ -42.898459, -9.260147 ], [ -42.898459, -9.260269 ], [ -42.898837, -9.260511 ], [ -42.899399, -9.260638 ], [ -42.899618, -9.260672 ], [ -42.899853, -9.260848 ], [ -42.899973, -9.26092 ], [ -42.899999, -9.26103 ], [ -42.899964, -9.261229 ], [ -42.900025, -9.26136 ], [ -42.900226, -9.261491 ], [ -42.900334, -9.261584 ], [ -42.900351, -9.26172 ], [ -42.900209, -9.261889 ], [ -42.900036999999898, -9.262025 ], [ -42.899963, -9.262162 ], [ -42.899938, -9.262289 ], [ -42.899981, -9.262357 ], [ -42.900191, -9.262416 ], [ -42.900208, -9.262554 ], [ -42.900118, -9.262753 ], [ -42.899993, -9.262905 ], [ -42.899895, -9.262998 ], [ -42.899813, -9.263184 ], [ -42.899805, -9.263286 ], [ -42.899916, -9.263663 ], [ -42.900043, -9.263836 ], [ -42.900056, -9.264179 ], [ -42.90012, -9.264746 ], [ -42.900429, -9.265364 ], [ -42.900942, -9.266127 ], [ -42.901105, -9.266465 ], [ -42.901131, -9.266766 ], [ -42.900855, -9.267476 ], [ -42.901137199999901, -9.268130099999951 ], [ -42.901216, -9.26929069999994 ], [ -42.9004557, -9.270806 ], [ -42.900505199999898, -9.271855599999981 ], [ -42.900697, -9.272408599999951 ], [ -42.9007195, -9.27296179999996 ], [ -42.900578, -9.27343 ], [ -42.8994337, -9.274307399999939 ], [ -42.8985991, -9.27446759999998 ], [ -42.880459099999896, -9.29225349999996 ], [ -42.880111999999897, -9.292595 ], [ -42.8770562999999, -9.295587399999929 ], [ -42.865634, -9.306773 ], [ -42.865956299999901, -9.30321819999995 ], [ -42.866341, -9.299737 ], [ -42.866298, -9.298709 ], [ -42.866062, -9.297722 ], [ -42.86576, -9.296977 ], [ -42.863794, -9.292956 ], [ -42.862861, -9.290238 ], [ -42.861934, -9.287428 ], [ -42.860783, -9.284185 ], [ -42.858925999999897, -9.278816 ], [ -42.856988, -9.273156 ], [ -42.856721999999898, -9.272466 ], [ -42.856344, -9.271641 ], [ -42.855846, -9.270938 ], [ -42.855342, -9.270475 ], [ -42.854560999999897, -9.269878 ], [ -42.852096, -9.268177 ], [ -42.850881, -9.267372 ], [ -42.849919999999898, -9.26686 ], [ -42.847838, -9.265959 ], [ -42.845933, -9.265129 ], [ -42.845358, -9.26477 ], [ -42.844791, -9.264266 ], [ -42.844284, -9.263692 ], [ -42.843241, -9.262388 ], [ -42.8421177, -9.260929499999969 ], [ -42.8356588, -9.25255229999993 ], [ -42.835025899999899, -9.251725 ], [ -42.8345841, -9.25114749999995 ], [ -42.834359, -9.251542 ], [ -42.833985, -9.25233 ], [ -42.833646, -9.252596 ], [ -42.833518, -9.252753 ], [ -42.833563, -9.253004 ], [ -42.833434, -9.253423 ], [ -42.833438, -9.25378409999996 ], [ -42.833455, -9.254088 ], [ -42.833368999999898, -9.254303 ], [ -42.832966, -9.254794 ], [ -42.832766999999897, -9.255409 ], [ -42.832586, -9.255862 ], [ -42.832325, -9.256755 ], [ -42.83209, -9.25716 ], [ -42.831656, -9.257693 ], [ -42.831133, -9.25832 ], [ -42.830824, -9.258955 ], [ -42.830752, -9.259447 ], [ -42.830747, -9.259811 ], [ -42.830945, -9.26012 ], [ -42.831516, -9.260721 ], [ -42.831815999999897, -9.261034 ], [ -42.831893, -9.261365 ], [ -42.831873, -9.261977 ], [ -42.831826, -9.262333 ], [ -42.83156, -9.263095 ], [ -42.831402, -9.263891 ], [ -42.831402, -9.264475 ], [ -42.831505, -9.265085 ], [ -42.831435999999897, -9.265788 ], [ -42.831305, -9.266801 ], [ -42.830945, -9.268444 ], [ -42.830802999999896, -9.269358 ], [ -42.830731, -9.270064 ], [ -42.830834, -9.270868 ], [ -42.831083, -9.272079 ], [ -42.831184, -9.272809 ], [ -42.831102, -9.274231 ], [ -42.831032, -9.274973 ], [ -42.830701, -9.275515 ], [ -42.830298, -9.276561 ], [ -42.830001, -9.277462 ], [ -42.829735, -9.278308 ], [ -42.8296592, -9.278460299999949 ], [ -42.829503, -9.278774 ], [ -42.829295, -9.27959 ], [ -42.829176899999901, -9.280091599999929 ], [ -42.828951, -9.28035889999995 ], [ -42.828440999999899, -9.280779 ], [ -42.827308, -9.281668 ], [ -42.826307, -9.282421 ], [ -42.8248, -9.283103 ], [ -42.824011, -9.283259 ], [ -42.822358, -9.283187 ], [ -42.8220193, -9.283133699999951 ], [ -42.821373, -9.283032 ], [ -42.82081, -9.283104 ], [ -42.818574, -9.283044 ], [ -42.817989, -9.282985 ], [ -42.817115999999899, -9.28303 ], [ -42.816361, -9.282852 ], [ -42.815292, -9.282217 ], [ -42.814648, -9.282092 ], [ -42.812463, -9.281884 ], [ -42.810357, -9.281669 ], [ -42.808688, -9.281381 ], [ -42.8075559, -9.281207799999949 ], [ -42.806766, -9.281087 ], [ -42.806483, -9.281108 ], [ -42.806105, -9.281333 ], [ -42.805681, -9.2814 ], [ -42.804916999999897, -9.281337 ], [ -42.803839, -9.281643 ], [ -42.803282, -9.281854 ], [ -42.802106, -9.281977 ], [ -42.801054, -9.282074 ], [ -42.800471, -9.282119 ], [ -42.799698, -9.282454 ], [ -42.798381, -9.282877 ], [ -42.797515, -9.283013 ], [ -42.795862999999898, -9.283123 ], [ -42.794441999999897, -9.283402 ], [ -42.793568, -9.28381 ], [ -42.792752, -9.284174 ], [ -42.791292999999897, -9.284619 ], [ -42.790683999999899, -9.284864 ], [ -42.790151, -9.284875 ], [ -42.787043, -9.285078 ], [ -42.784588, -9.285141 ], [ -42.783738, -9.285082 ], [ -42.783288, -9.284955799999979 ], [ -42.782832, -9.284828 ], [ -42.781947199999898, -9.28458329999995 ], [ -42.781945999999898, -9.284583 ], [ -42.781397, -9.284651 ], [ -42.78074, -9.284956 ], [ -42.780208, -9.285612 ], [ -42.779822, -9.285917 ], [ -42.779533, -9.285987 ], [ -42.778761, -9.286482 ], [ -42.775872999999898, -9.287071 ], [ -42.774592, -9.287358 ], [ -42.774102, -9.287388 ], [ -42.772231, -9.287176 ], [ -42.76931, -9.287302 ], [ -42.769052, -9.287349 ], [ -42.7680414, -9.28805469999998 ], [ -42.767536999999898, -9.288407 ], [ -42.767951, -9.28973709999997 ], [ -42.768021, -9.289965 ], [ -42.7684221, -9.29065449999996 ], [ -42.768604, -9.290967 ], [ -42.769213, -9.29216 ], [ -42.769633999999897, -9.292988899999949 ], [ -42.769662, -9.293044 ], [ -42.770091, -9.293649 ], [ -42.77034, -9.29414 ], [ -42.770643999999898, -9.295164 ], [ -42.77109, -9.296141 ], [ -42.771467, -9.296848 ], [ -42.771755, -9.297238 ], [ -42.77212, -9.298055 ], [ -42.772555, -9.298985 ], [ -42.772641, -9.299349 ], [ -42.772826, -9.30039 ], [ -42.772835, -9.300919 ], [ -42.772925, -9.301541 ], [ -42.772951, -9.302879 ], [ -42.772936399999899, -9.303605699999929 ], [ -42.77291, -9.304604 ], [ -42.772846, -9.30548 ], [ -42.772892, -9.306139 ], [ -42.772849, -9.306613 ], [ -42.772823, -9.307032 ], [ -42.772871, -9.307498 ], [ -42.772871, -9.307976 ], [ -42.772793, -9.308973 ], [ -42.772776, -9.309476 ], [ -42.772652, -9.310848 ], [ -42.772467999999897, -9.31299 ], [ -42.772413, -9.314302 ], [ -42.77235, -9.31529 ], [ -42.772239, -9.317529 ], [ -42.772134, -9.320568 ], [ -42.77214, -9.321224 ], [ -42.772041, -9.322307 ], [ -42.772024, -9.32403 ], [ -42.771912, -9.325626 ], [ -42.77192, -9.326083 ], [ -42.771899, -9.326452 ], [ -42.771816999999899, -9.326968 ], [ -42.771723999999899, -9.327403 ], [ -42.771711, -9.327606 ], [ -42.771749, -9.327881 ], [ -42.771762, -9.32847 ], [ -42.771895, -9.329219 ], [ -42.771914, -9.329606 ], [ -42.771858, -9.33066 ], [ -42.771845, -9.331972 ], [ -42.771814, -9.332804 ], [ -42.771844, -9.333731 ], [ -42.771844, -9.334497 ], [ -42.771929, -9.335159 ], [ -42.772112999999898, -9.335751 ], [ -42.772401, -9.336881 ], [ -42.772671, -9.338192 ], [ -42.772667, -9.33859 ], [ -42.772611, -9.339483 ], [ -42.772508, -9.340334 ], [ -42.772074, -9.342061 ], [ -42.771722, -9.343237 ], [ -42.771593, -9.343614 ], [ -42.771606, -9.343868 ], [ -42.771739, -9.344071 ], [ -42.772159, -9.344342 ], [ -42.772348, -9.344684 ], [ -42.772747, -9.345577 ], [ -42.772902, -9.345861 ], [ -42.772992, -9.346098 ], [ -42.773952999999899, -9.346656 ], [ -42.774185, -9.346838 ], [ -42.774262, -9.347024 ], [ -42.774217, -9.347558 ], [ -42.774203999999898, -9.34777 ], [ -42.774243, -9.348019 ], [ -42.774225999999899, -9.348337 ], [ -42.774067, -9.348823 ], [ -42.773775, -9.349264 ], [ -42.773594, -9.350286 ], [ -42.773293, -9.351564 ], [ -42.773293, -9.351886 ], [ -42.77396, -9.355635 ], [ -42.774221, -9.356854 ], [ -42.7744, -9.357649 ], [ -42.774656999999898, -9.358783 ], [ -42.774785999999899, -9.359439 ], [ -42.774919, -9.360095 ], [ -42.775065, -9.360451 ], [ -42.775206, -9.36062 ], [ -42.775804999999899, -9.361177 ], [ -42.775921, -9.361368 ], [ -42.776101, -9.362015 ], [ -42.776264, -9.362768 ], [ -42.776097, -9.363522 ], [ -42.776004999999898, -9.36417 ], [ -42.776065, -9.364639 ], [ -42.776333, -9.36568479999994 ], [ -42.776412, -9.365993 ], [ -42.777158, -9.368384 ], [ -42.777188, -9.368862 ], [ -42.777548, -9.370293 ], [ -42.778245, -9.373088 ], [ -42.778664999999897, -9.374933 ], [ -42.778946, -9.376293 ], [ -42.7810067, -9.37698539999997 ], [ -42.7860183, -9.37617349999994 ], [ -42.7936422, -9.37477389999998 ], [ -42.8115791, -9.371929799999981 ], [ -42.815551, -9.371239799999961 ], [ -42.8162076999999, -9.371125799999961 ], [ -42.820152, -9.37044079999993 ], [ -42.824026499999903, -9.370175199999951 ] ] ] ] } },
{ "type": "Feature", "properties": { "CD_MUN": "2210607", "NM_MUN": "São Raimundo Nonato", "CD_RGI": "220013", "NM_RGI": "São Raimundo Nonato", "CD_RGINT": "2204", "NM_RGINT": "São Raimundo Nonato", "CD_UF": "22", "NM_UF": "Piauí", "SIGLA_UF": "PI", "CD_REGIAO": "2", "NM_REGIAO": "Nordeste", "SIGLA_RG": "NE", "CD_CONCURB": null, "NM_CONCURB": null, "AREA_KM2": 2415.29 }, "geometry": { "type": "MultiPolygon", "coordinates": [ [ [ [ -42.767951, -9.28973709999997 ], [ -42.767536999999898, -9.288407 ], [ -42.7680414, -9.28805469999998 ], [ -42.769052, -9.287349 ], [ -42.76931, -9.287302 ], [ -42.772231, -9.287176 ], [ -42.774102, -9.287388 ], [ -42.774592, -9.287358 ], [ -42.775872999999898, -9.287071 ], [ -42.778761, -9.286482 ], [ -42.779533, -9.285987 ], [ -42.779822, -9.285917 ], [ -42.780208, -9.285612 ], [ -42.78074, -9.284956 ], [ -42.781397, -9.284651 ], [ -42.781945999999898, -9.284583 ], [ -42.781947199999898, -9.28458329999995 ], [ -42.782832, -9.284828 ], [ -42.783288, -9.284955799999979 ], [ -42.783738, -9.285082 ], [ -42.784588, -9.285141 ], [ -42.787043, -9.285078 ], [ -42.790151, -9.284875 ], [ -42.790683999999899, -9.284864 ], [ -42.791292999999897, -9.284619 ], [ -42.792752, -9.284174 ], [ -42.793568, -9.28381 ], [ -42.794441999999897, -9.283402 ], [ -42.795862999999898, -9.283123 ], [ -42.797515, -9.283013 ], [ -42.798381, -9.282877 ], [ -42.799698, -9.282454 ], [ -42.800471, -9.282119 ], [ -42.801054, -9.282074 ], [ -42.802106, -9.281977 ], [ -42.803282, -9.281854 ], [ -42.803839, -9.281643 ], [ -42.804916999999897, -9.281337 ], [ -42.805681, -9.2814 ], [ -42.806105, -9.281333 ], [ -42.806483, -9.281108 ], [ -42.806766, -9.281087 ], [ -42.8075559, -9.281207799999949 ], [ -42.808688, -9.281381 ], [ -42.810357, -9.281669 ], [ -42.812463, -9.281884 ], [ -42.814648, -9.282092 ], [ -42.815292, -9.282217 ], [ -42.816361, -9.282852 ], [ -42.817115999999899, -9.28303 ], [ -42.817989, -9.282985 ], [ -42.818574, -9.283044 ], [ -42.82081, -9.283104 ], [ -42.821373, -9.283032 ], [ -42.8220193, -9.283133699999951 ], [ -42.822358, -9.283187 ], [ -42.824011, -9.283259 ], [ -42.8248, -9.283103 ], [ -42.826307, -9.282421 ], [ -42.827308, -9.281668 ], [ -42.828440999999899, -9.280779 ], [ -42.828951, -9.28035889999995 ], [ -42.829176899999901, -9.280091599999929 ], [ -42.829295, -9.27959 ], [ -42.829503, -9.278774 ], [ -42.8296592, -9.278460299999949 ], [ -42.829735, -9.278308 ], [ -42.830001, -9.277462 ], [ -42.830298, -9.276561 ], [ -42.830701, -9.275515 ], [ -42.831032, -9.274973 ], [ -42.831102, -9.274231 ], [ -42.831184, -9.272809 ], [ -42.831083, -9.272079 ], [ -42.830834, -9.270868 ], [ -42.830731, -9.270064 ], [ -42.830802999999896, -9.269358 ], [ -42.830945, -9.268444 ], [ -42.831305, -9.266801 ], [ -42.831435999999897, -9.265788 ], [ -42.831505, -9.265085 ], [ -42.831402, -9.264475 ], [ -42.831402, -9.263891 ], [ -42.83156, -9.263095 ], [ -42.831826, -9.262333 ], [ -42.831873, -9.261977 ], [ -42.831893, -9.261365 ], [ -42.831815999999897, -9.261034 ], [ -42.831516, -9.260721 ], [ -42.830945, -9.26012 ], [ -42.830747, -9.259811 ], [ -42.830752, -9.259447 ], [ -42.830824, -9.258955 ], [ -42.831133, -9.25832 ], [ -42.831656, -9.257693 ], [ -42.83209, -9.25716 ], [ -42.832325, -9.256755 ], [ -42.832586, -9.255862 ], [ -42.832766999999897, -9.255409 ], [ -42.832966, -9.254794 ], [ -42.833368999999898, -9.254303 ], [ -42.833455, -9.254088 ], [ -42.833438, -9.25378409999996 ], [ -42.833434, -9.253423 ], [ -42.833563, -9.253004 ], [ -42.833518, -9.252753 ], [ -42.833646, -9.252596 ], [ -42.833985, -9.25233 ], [ -42.834359, -9.251542 ], [ -42.8345841, -9.25114749999995 ], [ -42.8330849, -9.24919059999996 ], [ -42.826222, -9.240233 ], [ -42.8225978, -9.235632199999939 ], [ -42.819705, -9.231884 ], [ -42.819465299999898, -9.231500399999961 ], [ -42.8161734, -9.22568319999993 ], [ -42.812899699999903, -9.21989819999993 ], [ -42.798555899999897, -9.19455119999998 ], [ -42.803229499999901, -9.184829399999961 ], [ -42.803267199999901, -9.18475489999997 ], [ -42.803664899999902, -9.183923599999961 ], [ -42.8113713, -9.16789049999994 ], [ -42.7954316, -9.137115899999969 ], [ -42.800200699999898, -9.12039859999993 ], [ -42.8002066, -9.120377899999941 ], [ -42.8009140999999, -9.117897199999961 ], [ -42.8018638, -9.11456719999995 ], [ -42.816066, -9.09481779999993 ], [ -42.8166358, -9.09401819999994 ], [ -42.8187698, -9.091057 ], [ -42.818965799999901, -9.09090119999996 ], [ -42.8191525, -9.09075309999997 ], [ -42.8191871, -9.09072569999995 ], [ -42.8455063, -9.069847599999949 ], [ -42.866524599999899, -9.050524499999939 ], [ -42.8805828, -9.03932059999994 ], [ -42.886029, -9.03472 ], [ -42.886951, -9.033249 ], [ -42.88772, -9.032334 ], [ -42.888213, -9.031983 ], [ -42.8883059, -9.031973 ], [ -42.889333, -9.031852 ], [ -42.890779, -9.031488 ], [ -42.89247, -9.030243 ], [ -42.893852, -9.029726 ], [ -42.894333, -9.02976 ], [ -42.894779, -9.02987 ], [ -42.895195, -9.02975 ], [ -42.895423, -9.029711 ], [ -42.895569, -9.029826 ], [ -42.895522, -9.029978 ], [ -42.895625, -9.030148 ], [ -42.895796, -9.030169 ], [ -42.896037, -9.030199 ], [ -42.896127, -9.030135 ], [ -42.896152, -9.029974 ], [ -42.896191, -9.029813 ], [ -42.896281, -9.029754 ], [ -42.896453, -9.029699 ], [ -42.896589999999897, -9.029741 ], [ -42.896636999999899, -9.029881 ], [ -42.896762, -9.029944 ], [ -42.896964, -9.029877 ], [ -42.89714, -9.02975 ], [ -42.897322, -9.029449 ], [ -42.897322, -9.02917 ], [ -42.897253, -9.028848 ], [ -42.897511, -9.028509 ], [ -42.897863, -9.028373 ], [ -42.898443, -9.028233 ], [ -42.898877, -9.028115 ], [ -42.899353, -9.027763 ], [ -42.899825, -9.027475 ], [ -42.900048, -9.027492 ], [ -42.900293, -9.027653 ], [ -42.900447, -9.027657 ], [ -42.900545, -9.027494 ], [ -42.900476, -9.027291 ], [ -42.900441999999899, -9.027092 ], [ -42.900502, -9.026876 ], [ -42.900571, -9.026266 ], [ -42.900571, -9.025893 ], [ -42.900596, -9.024483 ], [ -42.900618, -9.024068 ], [ -42.900708, -9.023026 ], [ -42.900846, -9.022261 ], [ -42.900821, -9.021867 ], [ -42.900489999999898, -9.021461 ], [ -42.900499, -9.021168 ], [ -42.900627, -9.02102 ], [ -42.900894, -9.020952 ], [ -42.901184999999899, -9.020969 ], [ -42.901524, -9.021007 ], [ -42.901876, -9.021122 ], [ -42.902515999999899, -9.021033 ], [ -42.903258, -9.020622 ], [ -42.9036788, -9.020165 ], [ -42.903769, -9.020067 ], [ -42.904223, -9.019611 ], [ -42.904592, -9.019298 ], [ -42.904819, -9.0192 ], [ -42.904922, -9.018861 ], [ -42.905034, -9.018201 ], [ -42.904969, -9.017968 ], [ -42.905041, -9.017617 ], [ -42.905492, -9.017304 ], [ -42.905977, -9.017139 ], [ -42.906419, -9.016957 ], [ -42.906664, -9.016749 ], [ -42.906947, -9.016325 ], [ -42.907150999999899, -9.015989 ], [ -42.907463999999898, -9.015438 ], [ -42.907726, -9.015142 ], [ -42.907798, -9.014611 ], [ -42.908214, -9.014319 ], [ -42.908909, -9.014103 ], [ -42.909677, -9.013756 ], [ -42.910274, -9.013116 ], [ -42.910832, -9.012487 ], [ -42.911380999999899, -9.011911 ], [ -42.911591, -9.011593 ], [ -42.911763, -9.010987 ], [ -42.911952, -9.010441 ], [ -42.912317, -9.009344 ], [ -42.912638, -9.008239 ], [ -42.912729, -9.007955 ], [ -42.913713, -9.007015 ], [ -42.913932, -9.006723 ], [ -42.914048, -9.00624 ], [ -42.914288999999897, -9.005634 ], [ -42.914605, -9.005314 ], [ -42.915227, -9.005187 ], [ -42.915408, -9.004954 ], [ -42.915468, -9.004692 ], [ -42.91545, -9.004395 ], [ -42.915652, -9.004149 ], [ -42.916038, -9.003637 ], [ -42.916438, -9.003095 ], [ -42.916694999999898, -9.002914 ], [ -42.916957, -9.002846 ], [ -42.917158, -9.002749 ], [ -42.917326, -9.002385 ], [ -42.917386, -9.001931 ], [ -42.917352, -9.001686 ], [ -42.917064, -9.001262 ], [ -42.916824, -9.000622 ], [ -42.916722999999898, -8.999971 ], [ -42.91668, -8.999234 ], [ -42.916722999999898, -8.998976 ], [ -42.916933, -8.998307 ], [ -42.917037, -8.997516 ], [ -42.917222, -8.99697 ], [ -42.917239, -8.996313 ], [ -42.917544, -8.995733 ], [ -42.917797999999898, -8.995185 ], [ -42.918197, -8.994105 ], [ -42.918558, -8.993046 ], [ -42.919112, -8.991975 ], [ -42.920108, -8.990077 ], [ -42.920374, -8.989241 ], [ -42.920794, -8.988589 ], [ -42.920915, -8.988089 ], [ -42.920972999999897, -8.987772 ], [ -42.920955, -8.987429 ], [ -42.921204, -8.986802 ], [ -42.921629, -8.986345 ], [ -42.921718999999896, -8.985993 ], [ -42.921835, -8.985586 ], [ -42.922161, -8.98515 ], [ -42.922251, -8.985019 ], [ -42.922306999999897, -8.984668 ], [ -42.922312, -8.984185 ], [ -42.922196, -8.983325 ], [ -42.922238999999898, -8.982842 ], [ -42.922209, -8.982546 ], [ -42.922218, -8.982103 ], [ -42.922334, -8.981972 ], [ -42.922677, -8.981641 ], [ -42.922891999999898, -8.981141 ], [ -42.923433, -8.980684 ], [ -42.92387, -8.980218 ], [ -42.924089, -8.979972 ], [ -42.924407, -8.979652 ], [ -42.925724, -8.97916 ], [ -42.925965, -8.978957 ], [ -42.926214, -8.978804 ], [ -42.927359, -8.978504 ], [ -42.92754, -8.978402 ], [ -42.928012, -8.977783 ], [ -42.928247999999897, -8.977364 ], [ -42.928342, -8.977084 ], [ -42.928835999999897, -8.97633 ], [ -42.929063, -8.976169 ], [ -42.929350999999897, -8.975801 ], [ -42.929938999999898, -8.975508 ], [ -42.930411, -8.975453 ], [ -42.930551, -8.975386 ], [ -42.93083, -8.975035 ], [ -42.931071, -8.974797 ], [ -42.931178, -8.974628 ], [ -42.931191, -8.974344 ], [ -42.931379999999898, -8.973759 ], [ -42.931486999999898, -8.973726 ], [ -42.931723, -8.973734 ], [ -42.932058, -8.973672 ], [ -42.93256, -8.973405 ], [ -42.932937, -8.973316 ], [ -42.933289, -8.973384 ], [ -42.933495, -8.973363 ], [ -42.93404, -8.97316 ], [ -42.934511, -8.972867 ], [ -42.93497, -8.972718 ], [ -42.935262, -8.972706 ], [ -42.935872, -8.972829 ], [ -42.936085999999897, -8.972807 ], [ -42.936236999999899, -8.972668 ], [ -42.936442, -8.972583 ], [ -42.936975, -8.972524 ], [ -42.937181, -8.972282 ], [ -42.937403, -8.972181 ], [ -42.937925999999898, -8.972062 ], [ -42.938076, -8.97196 ], [ -42.938162, -8.971617 ], [ -42.938761, -8.969655 ], [ -42.939388, -8.967867 ], [ -42.940314999999899, -8.966605 ], [ -42.9421914, -8.962604299999949 ], [ -42.9442195, -8.96084279999997 ], [ -42.947363799999899, -8.95863339999994 ], [ -42.9500581, -8.95823189999993 ], [ -42.9541136, -8.952311 ], [ -42.9574956, -8.946154299999931 ], [ -42.9570533, -8.94097209999995 ], [ -42.953884199999898, -8.930610099999971 ], [ -42.953423, -8.929438 ], [ -42.9532621, -8.92040439999994 ], [ -42.953223, -8.918211 ], [ -42.957049, -8.888123 ], [ -42.957758199999901, -8.88725359999995 ], [ -42.958738, -8.88088309999995 ], [ -42.9604343, -8.86985489999995 ], [ -42.964392299999901, -8.844358899999969 ], [ -42.976665, -8.81248129999994 ], [ -42.9767052999999, -8.811348 ], [ -42.976938, -8.810715 ], [ -42.9825648, -8.718236799999939 ], [ -42.9825777, -8.71806829999997 ], [ -42.9831781, -8.710238899999981 ], [ -42.956521199999898, -8.713555 ], [ -42.956347799999897, -8.71357659999995 ], [ -42.8935946, -8.698568899999939 ], [ -42.8497786, -8.693833 ], [ -42.8495722, -8.69381069999997 ], [ -42.8383119, -8.692593599999951 ], [ -42.831302999999899, -8.692408799999949 ], [ -42.7771562, -8.69097809999994 ], [ -42.777115599999902, -8.690977099999939 ], [ -42.777066299999902, -8.690975799999929 ], [ -42.7720067, -8.69084159999994 ], [ -42.7471861, -8.68760669999995 ], [ -42.737444, -8.686337 ], [ -42.7259781, -8.68484269999993 ], [ -42.726742, -8.689639199999929 ], [ -42.7264658, -8.68963209999993 ], [ -42.7334892, -8.80063789999997 ], [ -42.723888799999898, -8.79545489999998 ], [ -42.603906499999901, -8.72881879999994 ], [ -42.586266099999897, -8.83412839999994 ], [ -42.5829921, -8.853673599999979 ], [ -42.5822365, -8.858176899999931 ], [ -42.5739952, -8.907252599999939 ], [ -42.573967599999897, -8.90741709999998 ], [ -42.5586203, -8.938478599999939 ], [ -42.5223768, -8.90730909999996 ], [ -42.490220899999898, -8.930028599999959 ], [ -42.4358460999999, -8.944867599999951 ], [ -42.424429599999897, -8.94480509999994 ], [ -42.4082518, -8.944716599999939 ], [ -42.4035145, -8.953311099999951 ], [ -42.367151099999901, -8.908881 ], [ -42.3420376, -8.945007699999961 ], [ -42.3361307, -8.96029469999996 ], [ -42.336106599999901, -8.960357199999979 ], [ -42.3360612, -8.960474599999939 ], [ -42.335955899999902, -8.960748 ], [ -42.323260499999897, -8.993577399999941 ], [ -42.323225799999904, -8.993679699999969 ], [ -42.322856699999903, -8.994634499999959 ], [ -42.322346, -8.99595729999993 ], [ -42.3281191, -9.00173059999997 ], [ -42.329884, -9.00274909999996 ], [ -42.3324592, -9.006077399999979 ], [ -42.337204, -9.034352 ], [ -42.37807, -9.01831219999997 ], [ -42.413059299999901, -9.03425769999996 ], [ -42.4129581, -9.041709 ], [ -42.439109, -9.08379449999995 ], [ -42.4464404, -9.117897199999961 ], [ -42.4527631999999, -9.14730869999994 ], [ -42.4587083, -9.142458199999959 ], [ -42.4665588, -9.117897199999961 ], [ -42.4741769, -9.094063 ], [ -42.4746006, -9.092736799999949 ], [ -42.4781442, -9.081644799999941 ], [ -42.4813227, -9.05264239999997 ], [ -42.4959279, -9.06268019999993 ], [ -42.4961, -9.06279849999993 ], [ -42.5102911, -9.07255119999996 ], [ -42.5185498, -9.08015449999994 ], [ -42.5326241, -9.082767099999961 ], [ -42.5388296, -9.07353379999995 ], [ -42.591404899999901, -9.06576329999996 ], [ -42.596146, -9.11541 ], [ -42.605307, -9.107486 ], [ -42.611074, -9.102508 ], [ -42.617341, -9.097113 ], [ -42.6179744, -9.096569799999941 ], [ -42.620559, -9.094353 ], [ -42.624947, -9.090613 ], [ -42.627299, -9.088571 ], [ -42.628037, -9.088089 ], [ -42.631178, -9.086945 ], [ -42.6317902, -9.087957499999961 ], [ -42.6322198, -9.088619699999979 ], [ -42.651215799999903, -9.117897199999961 ], [ -42.6707403999999, -9.147989499999939 ], [ -42.672649, -9.150457 ], [ -42.6737661, -9.15691259999994 ], [ -42.673897, -9.157873 ], [ -42.674373199999899, -9.160216 ], [ -42.674460199999899, -9.16065619999995 ], [ -42.67466, -9.161668 ], [ -42.674664, -9.163373 ], [ -42.674656, -9.166405 ], [ -42.674699, -9.166845 ], [ -42.67463, -9.16743 ], [ -42.674684, -9.168191 ], [ -42.674812, -9.168559 ], [ -42.674834, -9.16875 ], [ -42.674769, -9.169033 ], [ -42.674641, -9.169241 ], [ -42.674593, -9.169491 ], [ -42.674684, -9.169677 ], [ -42.675126, -9.169745 ], [ -42.675439, -9.170702 ], [ -42.675797, -9.172536 ], [ -42.67657, -9.175475 ], [ -42.67778, -9.180145 ], [ -42.678106, -9.181483 ], [ -42.678835999999897, -9.182922 ], [ -42.6789942, -9.18332909999998 ], [ -42.679099999999899, -9.183829 ], [ -42.679138, -9.184125 ], [ -42.679108, -9.184358 ], [ -42.679203, -9.184811 ], [ -42.679305999999897, -9.185302 ], [ -42.679233, -9.187341 ], [ -42.679662, -9.188645 ], [ -42.680606, -9.190008 ], [ -42.681919, -9.191841 ], [ -42.683936, -9.194982 ], [ -42.684649, -9.196242 ], [ -42.685241, -9.196978 ], [ -42.685919, -9.197622 ], [ -42.686211, -9.198045 ], [ -42.686279, -9.198596 ], [ -42.686151, -9.199163 ], [ -42.68573, -9.19968 ], [ -42.685248999999899, -9.200332 ], [ -42.68488, -9.200645 ], [ -42.683953, -9.201009 ], [ -42.683583999999897, -9.201755 ], [ -42.683395, -9.203016 ], [ -42.683481, -9.203787 ], [ -42.683360999999898, -9.204419 ], [ -42.682782, -9.205795 ], [ -42.682734, -9.206189 ], [ -42.682679, -9.207313 ], [ -42.682747, -9.208134 ], [ -42.682687, -9.209683 ], [ -42.682372, -9.211887 ], [ -42.681814, -9.214055 ], [ -42.681642, -9.214995 ], [ -42.681617, -9.21535 ], [ -42.681668, -9.215664 ], [ -42.681591, -9.215867 ], [ -42.681247, -9.216316 ], [ -42.68114, -9.217221 ], [ -42.681226, -9.217708 ], [ -42.682067, -9.219287 ], [ -42.682385, -9.21981 ], [ -42.683681, -9.220597 ], [ -42.684158, -9.221156 ], [ -42.684986, -9.221893 ], [ -42.68521, -9.222291 ], [ -42.685695, -9.223345 ], [ -42.685786, -9.223952 ], [ -42.685769, -9.22435 ], [ -42.685563, -9.225336 ], [ -42.685381999999898, -9.225853 ], [ -42.68508, -9.226637 ], [ -42.684762, -9.226933 ], [ -42.684325, -9.227416 ], [ -42.684247, -9.227856 ], [ -42.683981, -9.228567 ], [ -42.683740999999898, -9.228838 ], [ -42.683174, -9.22916 ], [ -42.682402, -9.229668 ], [ -42.680968999999898, -9.230441 ], [ -42.679252, -9.231406 ], [ -42.679132, -9.23166 ], [ -42.679346, -9.232642 ], [ -42.679449, -9.233277 ], [ -42.679440999999898, -9.233768 ], [ -42.679620999999898, -9.234623 ], [ -42.680207, -9.238566 ], [ -42.680413, -9.239734 ], [ -42.680606, -9.240951 ], [ -42.680808, -9.241887 ], [ -42.681125, -9.243094 ], [ -42.681168, -9.243627 ], [ -42.681297, -9.244033 ], [ -42.681473, -9.244937 ], [ -42.681446999999899, -9.245665 ], [ -42.681468, -9.245957 ], [ -42.681632, -9.246381 ], [ -42.681691999999899, -9.246961 ], [ -42.681632, -9.247249 ], [ -42.681691999999899, -9.247905 ], [ -42.681728, -9.248148 ], [ -42.681792, -9.248673 ], [ -42.68181, -9.248965 ], [ -42.681767, -9.249325 ], [ -42.681904, -9.249795 ], [ -42.682578, -9.250544 ], [ -42.682814, -9.250866 ], [ -42.682917, -9.251768 ], [ -42.682891, -9.253699 ], [ -42.68278, -9.254799 ], [ -42.6829, -9.255714 ], [ -42.683106, -9.256146 ], [ -42.683146, -9.256512 ], [ -42.683042999999898, -9.256969 ], [ -42.682966, -9.257638 ], [ -42.682486, -9.259314 ], [ -42.681003, -9.264847 ], [ -42.680239, -9.267514 ], [ -42.678211, -9.275215 ], [ -42.678194, -9.275269 ], [ -42.676735, -9.280225 ], [ -42.67675, -9.281088 ], [ -42.676916999999897, -9.282166 ], [ -42.676989999999897, -9.282776 ], [ -42.677128, -9.283182 ], [ -42.677424, -9.283245 ], [ -42.677716, -9.283402 ], [ -42.678849, -9.283739 ], [ -42.680518, -9.284141 ], [ -42.680835, -9.284302 ], [ -42.681363, -9.285102 ], [ -42.682702, -9.287128 ], [ -42.682817999999898, -9.287493 ], [ -42.682943, -9.287941 ], [ -42.683161, -9.288255 ], [ -42.683754, -9.28867 ], [ -42.684179, -9.288958 ], [ -42.684981, -9.289618 ], [ -42.68502, -9.289872 ], [ -42.68502, -9.290062 ], [ -42.684947, -9.290706 ], [ -42.685045, -9.291235 ], [ -42.685167, -9.292156 ], [ -42.685161999999899, -9.29257 ], [ -42.685178999999899, -9.292787 ], [ -42.68502, -9.293134 ], [ -42.684582, -9.293371 ], [ -42.684325, -9.293532 ], [ -42.684063, -9.294014 ], [ -42.683732, -9.294374 ], [ -42.682453, -9.295119 ], [ -42.680321, -9.29644 ], [ -42.678404999999898, -9.297579 ], [ -42.676524, -9.298817 ], [ -42.676381999999897, -9.298923 ], [ -42.676189, -9.299236 ], [ -42.675652, -9.299735 ], [ -42.674807, -9.300662 ], [ -42.673819, -9.301566 ], [ -42.672995, -9.302493 ], [ -42.672343, -9.303336 ], [ -42.671965999999898, -9.304005 ], [ -42.671515, -9.304602 ], [ -42.670846, -9.304966 ], [ -42.670588, -9.305194 ], [ -42.670151, -9.305486 ], [ -42.669443, -9.306113 ], [ -42.665973999999899, -9.308965 ], [ -42.665631, -9.309202 ], [ -42.665278999999899, -9.309219 ], [ -42.665064, -9.309363 ], [ -42.664918, -9.309685 ], [ -42.664831999999898, -9.309955 ], [ -42.664110999999899, -9.3107 ], [ -42.663579, -9.310607 ], [ -42.663013, -9.31037 ], [ -42.662669, -9.310353 ], [ -42.662455, -9.310751 ], [ -42.662403, -9.311581 ], [ -42.662197, -9.311987 ], [ -42.661983, -9.313367 ], [ -42.661313, -9.31465 ], [ -42.657871, -9.317435 ], [ -42.65329, -9.321207 ], [ -42.652707, -9.321876 ], [ -42.651127, -9.324272 ], [ -42.650605, -9.324905 ], [ -42.650356, -9.325024 ], [ -42.648656, -9.325223 ], [ -42.648446, -9.325417 ], [ -42.647584, -9.326221 ], [ -42.647249, -9.326475 ], [ -42.646557, -9.326693 ], [ -42.646003, -9.327173 ], [ -42.645693999999899, -9.327384 ], [ -42.645333999999899, -9.327748 ], [ -42.644986, -9.328277 ], [ -42.644819, -9.328419 ], [ -42.644590999999899, -9.328525 ], [ -42.644033, -9.329168 ], [ -42.6436014, -9.32971039999995 ], [ -42.643484, -9.329858 ], [ -42.643323, -9.33008 ], [ -42.643169, -9.330406 ], [ -42.642671, -9.331028 ], [ -42.642263, -9.331723 ], [ -42.645528899999903, -9.33213789999996 ], [ -42.721860499999899, -9.341577499999969 ], [ -42.722789599999899, -9.341351599999941 ], [ -42.7233103, -9.341225 ], [ -42.7323666, -9.33902289999997 ], [ -42.7309531, -9.358587799999951 ], [ -42.735337699999903, -9.35929089999996 ], [ -42.735476999999896, -9.359313199999971 ], [ -42.775063799999899, -9.365659299999949 ], [ -42.776333, -9.36568479999994 ], [ -42.776065, -9.364639 ], [ -42.776004999999898, -9.36417 ], [ -42.776097, -9.363522 ], [ -42.776264, -9.362768 ], [ -42.776101, -9.362015 ], [ -42.775921, -9.361368 ], [ -42.775804999999899, -9.361177 ], [ -42.775206, -9.36062 ], [ -42.775065, -9.360451 ], [ -42.774919, -9.360095 ], [ -42.774785999999899, -9.359439 ], [ -42.774656999999898, -9.358783 ], [ -42.7744, -9.357649 ], [ -42.774221, -9.356854 ], [ -42.77396, -9.355635 ], [ -42.773293, -9.351886 ], [ -42.773293, -9.351564 ], [ -42.773594, -9.350286 ], [ -42.773775, -9.349264 ], [ -42.774067, -9.348823 ], [ -42.774225999999899, -9.348337 ], [ -42.774243, -9.348019 ], [ -42.774203999999898, -9.34777 ], [ -42.774217, -9.347558 ], [ -42.774262, -9.347024 ], [ -42.774185, -9.346838 ], [ -42.773952999999899, -9.346656 ], [ -42.772992, -9.346098 ], [ -42.772902, -9.345861 ], [ -42.772747, -9.345577 ], [ -42.772348, -9.344684 ], [ -42.772159, -9.344342 ], [ -42.771739, -9.344071 ], [ -42.771606, -9.343868 ], [ -42.771593, -9.343614 ], [ -42.771722, -9.343237 ], [ -42.772074, -9.342061 ], [ -42.772508, -9.340334 ], [ -42.772611, -9.339483 ], [ -42.772667, -9.33859 ], [ -42.772671, -9.338192 ], [ -42.772401, -9.336881 ], [ -42.772112999999898, -9.335751 ], [ -42.771929, -9.335159 ], [ -42.771844, -9.334497 ], [ -42.771844, -9.333731 ], [ -42.771814, -9.332804 ], [ -42.771845, -9.331972 ], [ -42.771858, -9.33066 ], [ -42.771914, -9.329606 ], [ -42.771895, -9.329219 ], [ -42.771762, -9.32847 ], [ -42.771749, -9.327881 ], [ -42.771711, -9.327606 ], [ -42.771723999999899, -9.327403 ], [ -42.771816999999899, -9.326968 ], [ -42.771899, -9.326452 ], [ -42.77192, -9.326083 ], [ -42.771912, -9.325626 ], [ -42.772024, -9.32403 ], [ -42.772041, -9.322307 ], [ -42.77214, -9.321224 ], [ -42.772134, -9.320568 ], [ -42.772239, -9.317529 ], [ -42.77235, -9.31529 ], [ -42.772413, -9.314302 ], [ -42.772467999999897, -9.31299 ], [ -42.772652, -9.310848 ], [ -42.772776, -9.309476 ], [ -42.772793, -9.308973 ], [ -42.772871, -9.307976 ], [ -42.772871, -9.307498 ], [ -42.772823, -9.307032 ], [ -42.772849, -9.306613 ], [ -42.772892, -9.306139 ], [ -42.772846, -9.30548 ], [ -42.77291, -9.304604 ], [ -42.772936399999899, -9.303605699999929 ], [ -42.772951, -9.302879 ], [ -42.772925, -9.301541 ], [ -42.772835, -9.300919 ], [ -42.772826, -9.30039 ], [ -42.772641, -9.299349 ], [ -42.772555, -9.298985 ], [ -42.77212, -9.298055 ], [ -42.771755, -9.297238 ], [ -42.771467, -9.296848 ], [ -42.77109, -9.296141 ], [ -42.770643999999898, -9.295164 ], [ -42.77034, -9.29414 ], [ -42.770091, -9.293649 ], [ -42.769662, -9.293044 ], [ -42.769633999999897, -9.292988899999949 ], [ -42.769213, -9.29216 ], [ -42.768604, -9.290967 ], [ -42.7684221, -9.29065449999996 ], [ -42.768021, -9.289965 ], [ -42.767951, -9.28973709999997 ] ] ] ] } },
{ "type": "Feature", "properties": { "CD_MUN": "2202455", "NM_MUN": "Capitão Gervásio Oliveira", "CD_RGI": "220014", "NM_RGI": "São João do Piauí", "CD_RGINT": "2204", "NM_RGINT": "São Raimundo Nonato", "CD_UF": "22", "NM_UF": "Piauí", "SIGLA_UF": "PI", "CD_REGIAO": "2", "NM_REGIAO": "Nordeste", "SIGLA_RG": "NE", "CD_CONCURB": null, "NM_CONCURB": null, "AREA_KM2": 1132.996 }, "geometry": { "type": "MultiPolygon", "coordinates": [ [ [ [ -41.7406968, -8.577609099999959 ], [ -41.7454691, -8.59055859999995 ], [ -41.746212, -8.59257449999996 ], [ -41.7508208, -8.605080599999949 ], [ -41.7374707, -8.73271339999997 ], [ -41.738115, -8.732042 ], [ -41.738707, -8.731754 ], [ -41.739111, -8.731754 ], [ -41.739291, -8.732046 ], [ -41.739531, -8.732313 ], [ -41.740046, -8.732385 ], [ -41.740569999999899, -8.732274 ], [ -41.740882999999897, -8.732346 ], [ -41.741264999999899, -8.732948 ], [ -41.741711, -8.733084 ], [ -41.742068, -8.732978 ], [ -41.742505, -8.732588 ], [ -41.742746, -8.732308 ], [ -41.743149, -8.732317 ], [ -41.743551, -8.732399 ], [ -41.743972, -8.732959 ], [ -41.74532, -8.733985 ], [ -41.745989, -8.734095 ], [ -41.746839, -8.733739 ], [ -41.748204, -8.733001 ], [ -41.748624, -8.732509 ], [ -41.748641, -8.731857 ], [ -41.748384, -8.731212 ], [ -41.748285, -8.730801 ], [ -41.748611, -8.730403 ], [ -41.749228, -8.729941 ], [ -41.749928, -8.729686 ], [ -41.750782, -8.729648 ], [ -41.753048, -8.730848 ], [ -41.753588, -8.731043 ], [ -41.754465, -8.731035 ], [ -41.755255, -8.731187 ], [ -41.756078, -8.731637 ], [ -41.75831, -8.732247 ], [ -41.759417, -8.732179 ], [ -41.760104, -8.73201 ], [ -41.760565, -8.731458 ], [ -41.761218, -8.7305 ], [ -41.761663999999897, -8.729559 ], [ -41.761775, -8.728953 ], [ -41.761645, -8.728493 ], [ -41.76125, -8.727959 ], [ -41.760812, -8.727899 ], [ -41.760486, -8.727781 ], [ -41.760194, -8.727382 ], [ -41.76016, -8.726746 ], [ -41.760271, -8.725517 ], [ -41.760469, -8.725033 ], [ -41.760872, -8.724593 ], [ -41.760967999999899, -8.724356 ], [ -41.761088, -8.723017 ], [ -41.761219, -8.721899 ], [ -41.761498, -8.721026 ], [ -41.761768, -8.720797 ], [ -41.762293, -8.720573 ], [ -41.763146999999897, -8.720073 ], [ -41.763759999999898, -8.719967 ], [ -41.764486, -8.72009 ], [ -41.765017, -8.71998 ], [ -41.765416, -8.719687 ], [ -41.765527, -8.71923 ], [ -41.765699, -8.718933 ], [ -41.766403, -8.718051 ], [ -41.766986, -8.717593 ], [ -41.767735, -8.717318 ], [ -41.768504, -8.717005 ], [ -41.76919, -8.716916 ], [ -41.769568, -8.716954 ], [ -41.769864, -8.717225 ], [ -41.770044, -8.717691 ], [ -41.770336, -8.718048 ], [ -41.77116, -8.718768 ], [ -41.771658, -8.719209 ], [ -41.77215, -8.719995 ], [ -41.772657, -8.720487 ], [ -41.773, -8.721025 ], [ -41.773446, -8.721381 ], [ -41.773884, -8.721513 ], [ -41.77418, -8.721398 ], [ -41.775133, -8.720682 ], [ -41.775785, -8.720114 ], [ -41.776206, -8.719592 ], [ -41.776356, -8.719036 ], [ -41.776292, -8.71868 ], [ -41.776154, -8.718413 ], [ -41.775511, -8.717947 ], [ -41.77494, -8.717739 ], [ -41.774768, -8.717472 ], [ -41.774491, -8.71691 ], [ -41.77447, -8.716516 ], [ -41.774551, -8.71613 ], [ -41.774852, -8.715914 ], [ -41.775358, -8.715744 ], [ -41.775916, -8.715426 ], [ -41.776869, -8.714926 ], [ -41.777563, -8.714554 ], [ -41.777812, -8.714515 ], [ -41.77822, -8.714626 ], [ -41.778885, -8.714677 ], [ -41.780194, -8.714482 ], [ -41.780653, -8.714253 ], [ -41.781123, -8.713684 ], [ -41.781252, -8.713391 ], [ -41.781243, -8.713056 ], [ -41.78102, -8.712136 ], [ -41.780938, -8.711437 ], [ -41.780960999999898, -8.711227 ], [ -41.781115, -8.710909 ], [ -41.781669, -8.710472 ], [ -41.783111, -8.709569 ], [ -41.784503, -8.708656 ], [ -41.785456, -8.707973 ], [ -41.786551, -8.70702 ], [ -41.787842, -8.706112 ], [ -41.788700999999897, -8.705909 ], [ -41.789648999999898, -8.705417 ], [ -41.790027, -8.704832 ], [ -41.790128, -8.704254 ], [ -41.790445, -8.703457 ], [ -41.791019999999897, -8.702969 ], [ -41.792419, -8.702482 ], [ -41.793628, -8.701878 ], [ -41.794491, -8.701272 ], [ -41.794766, -8.700628 ], [ -41.7948903, -8.70005079999993 ], [ -41.794707, -8.699484 ], [ -41.793968, -8.697941 ], [ -41.793568, -8.696557 ], [ -41.79347, -8.695527 ], [ -41.793718, -8.695078 ], [ -41.794241999999898, -8.694734 ], [ -41.794829999999898, -8.694671 ], [ -41.79576, -8.695052 ], [ -41.796524, -8.69542 ], [ -41.796965999999898, -8.695747 ], [ -41.797417, -8.696065 ], [ -41.798411, -8.696263 ], [ -41.800012, -8.696373 ], [ -41.801068, -8.696149 ], [ -41.80136, -8.695954 ], [ -41.802294, -8.69509 ], [ -41.803298, -8.693669 ], [ -41.804223, -8.69251 ], [ -41.805205999999899, -8.691264 ], [ -41.806227, -8.690323 ], [ -41.806701, -8.689837 ], [ -41.807062, -8.68926 ], [ -41.807062, -8.688862 ], [ -41.807002, -8.688497 ], [ -41.806418, -8.687539 ], [ -41.806052, -8.686046 ], [ -41.806203, -8.685227 ], [ -41.806413, -8.685007 ], [ -41.807094999999897, -8.684909 ], [ -41.8075934, -8.684949499999959 ], [ -41.807722, -8.68496 ], [ -41.808503, -8.685397 ], [ -41.809723, -8.686563 ], [ -41.81186, -8.688225 ], [ -41.812235, -8.688886 ], [ -41.813351, -8.689992 ], [ -41.814101999999899, -8.69104 ], [ -41.814712, -8.692125 ], [ -41.814977999999897, -8.693693 ], [ -41.815467, -8.695076 ], [ -41.815999, -8.695686 ], [ -41.816857, -8.695898 ], [ -41.817973, -8.695678 ], [ -41.818806, -8.695152 ], [ -41.820119, -8.694329 ], [ -41.82143, -8.694066 ], [ -41.825181, -8.693328 ], [ -41.828853, -8.693157 ], [ -41.830466999999899, -8.693005 ], [ -41.831848, -8.693249 ], [ -41.832628999999898, -8.693821 ], [ -41.833078999999898, -8.694411 ], [ -41.833558, -8.695889 ], [ -41.833991, -8.696541 ], [ -41.83442, -8.696915 ], [ -41.835062, -8.697081 ], [ -41.835809, -8.697399 ], [ -41.836555, -8.698043 ], [ -41.837026, -8.698599 ], [ -41.837842, -8.699442 ], [ -41.838682999999897, -8.700532 ], [ -41.839489, -8.701913 ], [ -41.840137, -8.702299 ], [ -41.841231, -8.702315 ], [ -41.841608999999899, -8.702231 ], [ -41.842012, -8.701904 ], [ -41.842617, -8.701663 ], [ -41.843728999999897, -8.701311 ], [ -41.844515999999899, -8.701238 ], [ -41.848216, -8.700594 ], [ -41.849612, -8.699931 ], [ -41.850162, -8.697956 ], [ -41.850282, -8.697286 ], [ -41.850972, -8.695728 ], [ -41.851942, -8.694342 ], [ -41.853295, -8.69328 ], [ -41.855878, -8.691677 ], [ -41.856513, -8.690609 ], [ -41.857741, -8.689515 ], [ -41.858277, -8.688645 ], [ -41.860028, -8.68672 ], [ -41.86068, -8.686237 ], [ -41.861822, -8.685813 ], [ -41.862923, -8.685269 ], [ -41.863832, -8.684421 ], [ -41.864123999999897, -8.683573 ], [ -41.863815, -8.68286 ], [ -41.864004, -8.681911 ], [ -41.864227, -8.681181 ], [ -41.864725, -8.680605 ], [ -41.86571, -8.67965 ], [ -41.866113, -8.679412 ], [ -41.866817, -8.679345 ], [ -41.867341, -8.67926 ], [ -41.867795999999899, -8.678844 ], [ -41.868276, -8.678675 ], [ -41.86886, -8.678683 ], [ -41.869417999999897, -8.679014 ], [ -41.870216, -8.67898 ], [ -41.871074, -8.678743 ], [ -41.871684, -8.678242 ], [ -41.872636999999898, -8.677725 ], [ -41.874485999999898, -8.676667 ], [ -41.875623, -8.675361 ], [ -41.876486, -8.674128 ], [ -41.877327, -8.673568 ], [ -41.877704, -8.673241 ], [ -41.878442, -8.672418 ], [ -41.879313, -8.671871 ], [ -41.879750999999899, -8.671825 ], [ -41.881932, -8.672279 ], [ -41.885013, -8.672457 ], [ -41.885797, -8.672341 ], [ -41.88714, -8.671998 ], [ -41.889264, -8.671328 ], [ -41.89074, -8.670976 ], [ -41.892487, -8.670433 ], [ -41.893165, -8.670475 ], [ -41.894212, -8.671442 ], [ -41.894314999999899, -8.672036 ], [ -41.894598, -8.673036 ], [ -41.895311, -8.673723 ], [ -41.896178, -8.673935 ], [ -41.896726999999899, -8.673638 ], [ -41.896787, -8.673248 ], [ -41.896701, -8.672833 ], [ -41.896847, -8.672341 ], [ -41.897173, -8.671425 ], [ -41.898019, -8.670004 ], [ -41.899598, -8.667773 ], [ -41.901126, -8.666222 ], [ -41.903694, -8.663816 ], [ -41.904767, -8.662688 ], [ -41.906149, -8.660907 ], [ -41.906835, -8.66038 ], [ -41.906993999999898, -8.659807 ], [ -41.906805, -8.659175 ], [ -41.906689, -8.658467 ], [ -41.90677, -8.658247 ], [ -41.907046, -8.65778 ], [ -41.907252, -8.657076 ], [ -41.907466999999897, -8.655371 ], [ -41.908093, -8.654303 ], [ -41.908328, -8.653325 ], [ -41.908586, -8.652651 ], [ -41.908864999999899, -8.65249 ], [ -41.90953, -8.652464 ], [ -41.910083, -8.652583 ], [ -41.910624, -8.652981 ], [ -41.911688, -8.653885 ], [ -41.912222, -8.654469 ], [ -41.913037, -8.655635 ], [ -41.91423, -8.656606 ], [ -41.915061, -8.657133 ], [ -41.916374, -8.65776 ], [ -41.916896999999899, -8.657845 ], [ -41.917472, -8.657743 ], [ -41.9185166, -8.65714309999993 ], [ -41.9190983, -8.65682619999995 ], [ -41.919754, -8.656465 ], [ -41.919999, -8.656007 ], [ -41.920122999999897, -8.655388 ], [ -41.920535, -8.653951 ], [ -41.921003, -8.653192 ], [ -41.921715999999897, -8.652424 ], [ -41.922204, -8.65182 ], [ -41.922942, -8.651349 ], [ -41.923105, -8.651073 ], [ -41.923689, -8.649763 ], [ -41.923914, -8.648472 ], [ -41.924077, -8.647879 ], [ -41.924425, -8.647561 ], [ -41.924854, -8.647395 ], [ -41.925356, -8.647315 ], [ -41.925612999999899, -8.64717 ], [ -41.925952, -8.647069 ], [ -41.927, -8.646899 ], [ -41.927489, -8.646645 ], [ -41.928362, -8.645783 ], [ -41.929607, -8.64452 ], [ -41.930379, -8.644248 ], [ -41.931219999999897, -8.644189 ], [ -41.933773, -8.644379 ], [ -41.935146, -8.644498 ], [ -41.936414, -8.644501 ], [ -41.937277, -8.644492 ], [ -41.938478, -8.64456 ], [ -41.939358, -8.644348 ], [ -41.939796, -8.644327 ], [ -41.940981, -8.644348 ], [ -41.941591, -8.644203 ], [ -41.942449, -8.643915 ], [ -41.943804999999898, -8.643712 ], [ -41.944284, -8.643873 ], [ -41.944859, -8.644504 ], [ -41.945116, -8.644814 ], [ -41.945627, -8.644945 ], [ -41.946129, -8.644928 ], [ -41.946897, -8.64478 ], [ -41.947252999999897, -8.644449 ], [ -41.947322, -8.644102 ], [ -41.947454999999898, -8.64386 ], [ -41.947889, -8.643309 ], [ -41.948175999999897, -8.642796 ], [ -41.948251, -8.642008 ], [ -41.94814, -8.640778 ], [ -41.948157, -8.638548 ], [ -41.9485, -8.637878 ], [ -41.948852, -8.63781 ], [ -41.949812999999899, -8.637903 ], [ -41.952191, -8.63775 ], [ -41.953777, -8.637476 ], [ -41.954626, -8.63712 ], [ -41.955045, -8.636757 ], [ -41.955525, -8.636316 ], [ -41.956401, -8.635824 ], [ -41.957454, -8.635616 ], [ -41.95818, -8.635553 ], [ -41.958605, -8.635748 ], [ -41.959686, -8.635934 ], [ -41.960205, -8.635782 ], [ -41.961777, -8.635519 ], [ -41.963537, -8.635413 ], [ -41.964189, -8.635489 ], [ -41.96542, -8.635773 ], [ -41.967368, -8.635951 ], [ -41.967909, -8.635858 ], [ -41.96874, -8.635203 ], [ -41.969453, -8.634596 ], [ -41.969628, -8.63416 ], [ -41.969568, -8.633765 ], [ -41.969315, -8.633485 ], [ -41.969212, -8.633155 ], [ -41.969242, -8.632604 ], [ -41.969444, -8.630951 ], [ -41.969444, -8.630395 ], [ -41.969293, -8.630159 ], [ -41.968846, -8.629718 ], [ -41.96822, -8.629166 ], [ -41.968134, -8.628573 ], [ -41.968203, -8.628047 ], [ -41.968657, -8.627326 ], [ -41.969215, -8.626478 ], [ -41.969850999999899, -8.625978 ], [ -41.97084, -8.625369 ], [ -41.972076, -8.624843 ], [ -41.973286, -8.624758 ], [ -41.975824, -8.624966 ], [ -41.977133, -8.624813 ], [ -41.978003999999899, -8.624215 ], [ -41.978369, -8.624025 ], [ -41.979142, -8.623694 ], [ -41.979614, -8.62327 ], [ -41.979895, -8.622948 ], [ -41.980127, -8.622235 ], [ -41.980229999999899, -8.621429 ], [ -41.980393, -8.620912 ], [ -41.980813, -8.62003 ], [ -41.981275, -8.619434 ], [ -41.981841, -8.618768 ], [ -41.982652, -8.618162 ], [ -41.983729, -8.617407 ], [ -41.985115999999898, -8.616509 ], [ -41.985708, -8.616064 ], [ -41.986077, -8.615699 ], [ -41.986286999999898, -8.615343 ], [ -41.986351, -8.614821 ], [ -41.986398999999899, -8.614321 ], [ -41.986546, -8.613863 ], [ -41.98688, -8.613634 ], [ -41.987833, -8.613193 ], [ -41.988146, -8.612985 ], [ -41.989311, -8.611455 ], [ -41.989808, -8.611005 ], [ -41.99004, -8.610496 ], [ -41.99101, -8.608647 ], [ -41.992257, -8.606477 ], [ -41.992918, -8.605379 ], [ -41.993459, -8.603747 ], [ -41.993794, -8.602678 ], [ -41.993846, -8.60219 ], [ -41.993798, -8.601639 ], [ -41.993911, -8.60099 ], [ -41.994272, -8.599858 ], [ -41.994902, -8.599014 ], [ -41.996117, -8.598557 ], [ -41.997022, -8.598408 ], [ -41.998121, -8.598544 ], [ -42.000224, -8.59907 ], [ -42.000865, -8.599583 ], [ -42.003187, -8.6007 ], [ -42.004629, -8.601387 ], [ -42.006861, -8.601777 ], [ -42.008243, -8.601786 ], [ -42.00965, -8.601116 ], [ -42.012214, -8.599479 ], [ -42.013854, -8.598487 ], [ -42.015045, -8.597547 ], [ -42.01565, -8.596801 ], [ -42.016315, -8.595541 ], [ -42.017021999999898, -8.592904 ], [ -42.017503, -8.59111 ], [ -42.017798, -8.590662 ], [ -42.018609, -8.58995 ], [ -42.019878999999897, -8.589399 ], [ -42.020883, -8.588822 ], [ -42.022306, -8.587775 ], [ -42.02331, -8.586685 ], [ -42.02407, -8.586028 ], [ -42.02446, -8.585884 ], [ -42.025051, -8.586019 ], [ -42.026451, -8.586528 ], [ -42.02806, -8.586766 ], [ -42.028961, -8.586545 ], [ -42.03024, -8.586206 ], [ -42.03211, -8.585855 ], [ -42.032788, -8.585957 ], [ -42.033305, -8.585922 ], [ -42.034959899999897, -8.58597479999997 ], [ -42.035531999999897, -8.585816 ], [ -42.036341, -8.585406 ], [ -42.037692999999898, -8.584795 ], [ -42.038277, -8.584736 ], [ -42.039328, -8.585092 ], [ -42.040466, -8.585966 ], [ -42.04068, -8.5863 ], [ -42.040792, -8.586894 ], [ -42.040568999999898, -8.588047 ], [ -42.040297, -8.589451 ], [ -42.040391999999898, -8.590053 ], [ -42.040769, -8.590553 ], [ -42.041649, -8.5913 ], [ -42.04471, -8.592873 ], [ -42.04707, -8.594103 ], [ -42.048065999999899, -8.595163 ], [ -42.048547, -8.596087 ], [ -42.049489999999899, -8.597123 ], [ -42.052278999999899, -8.597827 ], [ -42.053322, -8.59773 ], [ -42.053571, -8.597543 ], [ -42.053669, -8.596638 ], [ -42.053883, -8.595391 ], [ -42.054217999999899, -8.594212 ], [ -42.054793, -8.59355 ], [ -42.055909, -8.592787 ], [ -42.057042, -8.592872 ], [ -42.058363, -8.593907 ], [ -42.059617, -8.594017 ], [ -42.060054, -8.593567 ], [ -42.06008, -8.592066 ], [ -42.0595872, -8.58877479999995 ], [ -42.0600312, -8.58689649999997 ], [ -42.0642892, -8.58191069999998 ], [ -42.0649845, -8.581601 ], [ -42.0650031, -8.58159279999995 ], [ -42.0655199, -8.581362599999981 ], [ -42.0663843, -8.58164739999995 ], [ -42.067450999999899, -8.583607 ], [ -42.0705034, -8.585372599999969 ], [ -42.073241799999899, -8.58560339999997 ], [ -42.0753372, -8.585130199999981 ], [ -42.0765694, -8.58430389999995 ], [ -42.0771553, -8.583193199999929 ], [ -42.076504499999899, -8.578745799999981 ], [ -42.076740899999898, -8.57624189999996 ], [ -42.0772638, -8.573876899999959 ], [ -42.078424, -8.572910199999971 ], [ -42.080187899999899, -8.57288649999998 ], [ -42.0841083, -8.574249499999951 ], [ -42.089044, -8.574427899999931 ], [ -42.0933376, -8.57562939999997 ], [ -42.096602, -8.578512899999961 ], [ -42.1020009, -8.57827379999998 ], [ -42.104795, -8.580941199999931 ], [ -42.1055219, -8.58126429999993 ], [ -42.1081637999999, -8.581124399999959 ], [ -42.111389099999897, -8.58245659999994 ], [ -42.112978199999901, -8.582068699999979 ], [ -42.114020599999897, -8.58120729999996 ], [ -42.1142267, -8.57867819999996 ], [ -42.115119299999897, -8.57708759999997 ], [ -42.119196499999902, -8.575786099999959 ], [ -42.123879, -8.57523269999996 ], [ -42.124721599999901, -8.574739 ], [ -42.125335, -8.573865099999979 ], [ -42.1255098, -8.573616099999979 ], [ -42.12552, -8.57360169999993 ], [ -42.1251935, -8.572741399999931 ], [ -42.124648799999903, -8.57130849999993 ], [ -42.124664799999898, -8.569213 ], [ -42.125706599999901, -8.566573499999951 ], [ -42.1447704999999, -8.50103029999997 ], [ -42.1526686999999, -8.473847699999959 ], [ -42.1527839, -8.473451599999979 ], [ -42.153058299999898, -8.47250829999996 ], [ -42.0623666, -8.46433189999993 ], [ -42.0623439, -8.46432979999997 ], [ -42.033906199999898, -8.461766 ], [ -42.033335899999898, -8.460190299999971 ], [ -42.0331998999999, -8.459807 ], [ -42.011599299999901, -8.400115199999959 ], [ -41.9902926, -8.341228599999971 ], [ -41.9898244, -8.33993449999997 ], [ -41.9849464, -8.32645829999996 ], [ -41.9575527, -8.372728 ], [ -41.949621799999903, -8.37333849999993 ], [ -41.937158899999901, -8.39973329999998 ], [ -41.9273633, -8.399762599999971 ], [ -41.923766, -8.39977229999994 ], [ -41.920709, -8.399780499999959 ], [ -41.843386, -8.399989 ], [ -41.8429695, -8.39999009999997 ], [ -41.7352854, -8.40028039999993 ], [ -41.734935499999899, -8.400281299999961 ], [ -41.7269788, -8.400300699999949 ], [ -41.7208017, -8.404188599999941 ], [ -41.731867099999903, -8.41037169999993 ], [ -41.7318888, -8.41038039999995 ], [ -41.7546733, -8.423106 ], [ -41.7326714, -8.46303719999997 ], [ -41.732564099999898, -8.46323179999996 ], [ -41.732537099999902, -8.46328079999995 ], [ -41.7121678, -8.500224599999971 ], [ -41.7405964, -8.577336499999941 ], [ -41.7406968, -8.577609099999959 ] ] ] ] } },
{ "type": "Feature", "properties": { "CD_MUN": "2202505", "NM_MUN": "Caracol", "CD_RGI": "220013", "NM_RGI": "São Raimundo Nonato", "CD_RGINT": "2204", "NM_RGINT": "São Raimundo Nonato", "CD_UF": "22", "NM_UF": "Piauí", "SIGLA_UF": "PI", "CD_REGIAO": "2", "NM_REGIAO": "Nordeste", "SIGLA_RG": "NE", "CD_CONCURB": null, "NM_CONCURB": null, "AREA_KM2": 1610.959 }, "geometry": { "type": "MultiPolygon", "coordinates": [ [ [ [ -43.2063575, -9.317297 ], [ -43.2058714, -9.31740929999995 ], [ -43.2047959, -9.317657799999949 ], [ -43.2049603, -9.330760599999961 ], [ -43.2051389, -9.344999399999949 ], [ -43.205232099999897, -9.35243939999998 ], [ -43.2135311, -9.355796599999961 ], [ -43.213835199999899, -9.35846849999996 ], [ -43.218633699999899, -9.400621599999971 ], [ -43.2289972, -9.402944499999929 ], [ -43.2329372, -9.40534779999996 ], [ -43.236894199999902, -9.409658099999939 ], [ -43.2396765, -9.410896599999941 ], [ -43.242344699999897, -9.411883499999931 ], [ -43.2431384, -9.412022 ], [ -43.246749899999898, -9.412151399999971 ], [ -43.2467611, -9.412150299999951 ], [ -43.246776899999901, -9.412148799999949 ], [ -43.246805799999898, -9.412146 ], [ -43.2469002, -9.412137 ], [ -43.247208199999903, -9.41210769999998 ], [ -43.2477175, -9.41205909999996 ], [ -43.2486871, -9.41196669999994 ], [ -43.2506261999999, -9.41178179999997 ], [ -43.2554883, -9.41131829999995 ], [ -43.2555675999999, -9.411310799999971 ], [ -43.255598399999897, -9.411307799999969 ], [ -43.266669299999897, -9.411905899999971 ], [ -43.2675045, -9.41235379999995 ], [ -43.2686982, -9.414172899999929 ], [ -43.2706674, -9.41794719999996 ], [ -43.2716644, -9.421024599999949 ], [ -43.2728703, -9.422780499999931 ], [ -43.2739477, -9.423549099999949 ], [ -43.276775799999903, -9.424435 ], [ -43.2787691999999, -9.42457469999994 ], [ -43.281527299999901, -9.423561599999969 ], [ -43.2826251, -9.42268369999994 ], [ -43.283062, -9.422218199999969 ], [ -43.2840897, -9.42112309999993 ], [ -43.285117399999898, -9.420028 ], [ -43.2866885, -9.417079599999971 ], [ -43.2870586, -9.41638439999997 ], [ -43.289448499999899, -9.408433499999941 ], [ -43.2911711, -9.40424549999994 ], [ -43.292166, -9.402598399999929 ], [ -43.2931609, -9.40095159999993 ], [ -43.2948519, -9.399013799999979 ], [ -43.2965452, -9.397074099999941 ], [ -43.2965588, -9.397063199999931 ], [ -43.296579, -9.39704689999996 ], [ -43.2966359, -9.397001099999949 ], [ -43.2967196, -9.39693369999998 ], [ -43.2967633, -9.39689849999996 ], [ -43.298534699999898, -9.395472499999929 ], [ -43.299211199999903, -9.394927899999971 ], [ -43.299612399999901, -9.39460489999993 ], [ -43.299680099999897, -9.394550399999961 ], [ -43.299705, -9.394530399999949 ], [ -43.299714799999897, -9.39452249999994 ], [ -43.299772, -9.39450439999996 ], [ -43.2998441, -9.394482799999929 ], [ -43.300574299999901, -9.394264499999959 ], [ -43.3007727, -9.394205199999931 ], [ -43.301362299999901, -9.39402889999997 ], [ -43.3019145, -9.393863799999959 ], [ -43.3129976, -9.39054819999996 ], [ -43.3150031, -9.389380499999961 ], [ -43.318168899999897, -9.385597599999929 ], [ -43.3187187, -9.38478669999995 ], [ -43.324200699999899, -9.376702 ], [ -43.3296134, -9.37181669999995 ], [ -43.3324746, -9.36997849999995 ], [ -43.3360761, -9.36861309999995 ], [ -43.3363259, -9.368518199999929 ], [ -43.3438187, -9.367523099999969 ], [ -43.3449155, -9.367576 ], [ -43.3497824, -9.36874189999997 ], [ -43.351821599999901, -9.36898 ], [ -43.353295699999897, -9.36895929999997 ], [ -43.3535557, -9.36895569999996 ], [ -43.3558692, -9.367857 ], [ -43.3584445, -9.366363099999941 ], [ -43.361321599999897, -9.36441189999994 ], [ -43.3699776999999, -9.35495889999993 ], [ -43.3707506, -9.354232899999939 ], [ -43.3764222, -9.34890489999998 ], [ -43.3821733, -9.34023629999996 ], [ -43.3858726, -9.33565419999996 ], [ -43.3892855, -9.329101099999949 ], [ -43.391838199999903, -9.32419969999995 ], [ -43.392071499999901, -9.32268829999998 ], [ -43.3920717, -9.322684599999951 ], [ -43.392072599999899, -9.322677799999949 ], [ -43.392073799999899, -9.32266959999993 ], [ -43.3920773, -9.322647199999951 ], [ -43.392093, -9.32254469999998 ], [ -43.392152399999901, -9.322159299999949 ], [ -43.392182799999901, -9.321962 ], [ -43.3922481, -9.32153749999998 ], [ -43.392285699999903, -9.32129319999996 ], [ -43.3951776, -9.31429489999994 ], [ -43.399115799999898, -9.30836069999998 ], [ -43.399237, -9.308178 ], [ -43.3992401, -9.30817429999996 ], [ -43.3998263, -9.30747759999997 ], [ -43.4046291, -9.30176879999993 ], [ -43.422749399999901, -9.277611099999939 ], [ -43.4278231, -9.272586899999959 ], [ -43.4381286, -9.266137799999971 ], [ -43.4437214, -9.264132599999931 ], [ -43.4517822, -9.262262899999939 ], [ -43.4587007, -9.26133939999994 ], [ -43.469044499999903, -9.26081029999995 ], [ -43.4753934, -9.26184 ], [ -43.4854582, -9.265286099999971 ], [ -43.4975271, -9.272525599999939 ], [ -43.5058385, -9.28058049999993 ], [ -43.5181588, -9.29359259999995 ], [ -43.5196905, -9.294928899999951 ], [ -43.5251684, -9.29970739999993 ], [ -43.525557299999903, -9.30004659999997 ], [ -43.5311283, -9.304189799999961 ], [ -43.5311297, -9.30419079999996 ], [ -43.5311311, -9.304191799999961 ], [ -43.531500799999897, -9.304393699999929 ], [ -43.535909499999903, -9.306800399999929 ], [ -43.535910699999903, -9.306801099999969 ], [ -43.5371418, -9.307473199999951 ], [ -43.537364, -9.307519 ], [ -43.540881199999902, -9.30824509999997 ], [ -43.5410676, -9.27350169999994 ], [ -43.541127, -9.26217829999996 ], [ -43.5412569, -9.237396099999961 ], [ -43.5302634, -9.22253469999993 ], [ -43.4588112, -9.125955399999951 ], [ -43.4194454, -9.138468499999931 ], [ -43.4220802, -9.13081649999998 ], [ -43.422384899999898, -9.12566349999997 ], [ -43.4214244, -9.120234899999961 ], [ -43.4212209, -9.117897199999961 ], [ -43.4210229, -9.11562219999996 ], [ -43.4214009, -9.109588699999961 ], [ -43.4205845, -9.103345899999971 ], [ -43.4185039, -9.096827699999951 ], [ -43.4150976, -9.08781819999996 ], [ -43.414832299999901, -9.084156899999931 ], [ -43.415277499999902, -9.07887359999995 ], [ -43.4165475, -9.072996499999929 ], [ -43.418085399999903, -9.06731279999997 ], [ -43.421518999999897, -9.06054339999997 ], [ -43.4236437, -9.058947299999939 ], [ -43.4286485, -9.05605219999995 ], [ -43.4300532, -9.054707699999939 ], [ -43.4341606, -9.049472899999961 ], [ -43.436369899999903, -9.045834499999961 ], [ -43.4379635, -9.044529199999941 ], [ -43.4411937, -9.041441799999969 ], [ -43.4444673, -9.035983699999971 ], [ -43.4473725, -9.02865729999996 ], [ -43.4489369, -9.02549059999996 ], [ -43.450163099999898, -9.02163 ], [ -43.4501809, -9.017617 ], [ -43.4496602, -9.01542609999996 ], [ -43.4474844, -9.01162349999993 ], [ -43.445976099999903, -9.001659 ], [ -43.4460596, -8.999616799999959 ], [ -43.446605599999899, -8.99604489999996 ], [ -43.44639, -8.99290619999994 ], [ -43.4456847, -8.99046009999995 ], [ -43.4465357999999, -8.98550269999993 ], [ -43.4469063, -8.978464899999951 ], [ -43.4454828, -8.975468399999951 ], [ -43.4449612, -8.973641399999959 ], [ -43.4458086, -8.96992489999997 ], [ -43.445516499999897, -8.967808199999981 ], [ -43.4454488, -8.965546399999941 ], [ -43.4473978, -8.96070249999997 ], [ -43.4480369, -8.952827 ], [ -43.448124699999902, -8.94990859999996 ], [ -43.447789, -8.94863039999996 ], [ -43.4472666, -8.947607799999959 ], [ -43.446688299999899, -8.940820099999939 ], [ -43.447125099999901, -8.935971 ], [ -43.4484297, -8.931088399999959 ], [ -43.451264299999899, -8.922784 ], [ -43.4523763, -8.91888429999995 ], [ -43.4532331999999, -8.91283419999996 ], [ -43.452879499999902, -8.90743349999997 ], [ -43.4514761, -8.903726199999941 ], [ -43.4511429, -8.90201129999997 ], [ -43.450700099999899, -8.894877799999961 ], [ -43.450938199999896, -8.892179699999931 ], [ -43.4515853999999, -8.890905 ], [ -43.4520653, -8.88950289999997 ], [ -43.4522549, -8.889394299999941 ], [ -43.452752099999898, -8.88764559999993 ], [ -43.4527988, -8.885493799999949 ], [ -43.4511171, -8.876713699999931 ], [ -43.4498111999999, -8.87258659999998 ], [ -43.4476797, -8.86734669999993 ], [ -43.4474764, -8.86610259999998 ], [ -43.4443256, -8.86025349999994 ], [ -43.443453599999899, -8.85637249999996 ], [ -43.4383928, -8.84485229999996 ], [ -43.435428499999901, -8.84130309999995 ], [ -43.4338716, -8.837198699999931 ], [ -43.4315564999999, -8.83375119999994 ], [ -43.431709, -8.83038009999996 ], [ -43.430965699999902, -8.827865899999949 ], [ -43.4292306, -8.824864199999981 ], [ -43.4283603, -8.82271749999995 ], [ -43.4259552, -8.81945349999995 ], [ -43.4228684, -8.81289609999993 ], [ -43.419446299999898, -8.807719 ], [ -43.4187247999999, -8.80488619999994 ], [ -43.4180527, -8.79954239999995 ], [ -43.4166152, -8.79260469999997 ], [ -43.4168605, -8.78659159999995 ], [ -43.4183899, -8.78040839999994 ], [ -43.423412, -8.771093 ], [ -43.4279084, -8.76488619999998 ], [ -43.4319853, -8.76189619999997 ], [ -43.4365404, -8.759510899999951 ], [ -43.4404342999999, -8.75655479999995 ], [ -43.4434577, -8.752395 ], [ -43.450182, -8.74757579999994 ], [ -43.454306, -8.74278219999997 ], [ -43.456558599999902, -8.73815779999995 ], [ -43.458764899999899, -8.736469899999969 ], [ -43.461923899999903, -8.734429899999951 ], [ -43.466188, -8.73076959999997 ], [ -43.4669598999999, -8.72993209999993 ], [ -43.253452099999897, -8.72815239999994 ], [ -43.2523968, -8.72814339999996 ], [ -43.253656799999902, -8.733045699999931 ], [ -43.2550686, -8.735122099999961 ], [ -43.2562202, -8.735821 ], [ -43.2578017, -8.740609599999971 ], [ -43.2608149, -8.746846599999969 ], [ -43.283485799999902, -8.74972429999997 ], [ -43.2792514, -9.00011139999998 ], [ -43.2402147, -9.08414859999993 ], [ -43.2401553, -9.08427579999994 ], [ -43.227325, -9.111861799999931 ], [ -43.2245179, -9.117897199999961 ], [ -43.206105099999903, -9.15748609999997 ], [ -43.1979003, -9.17511079999997 ], [ -43.1978725, -9.175170499999981 ], [ -43.1886344, -9.19501519999994 ], [ -43.2136848, -9.241746 ], [ -43.2138911, -9.242130599999941 ], [ -43.2139410999999, -9.24222379999998 ], [ -43.2158606, -9.24580409999993 ], [ -43.2183534, -9.28366589999996 ], [ -43.218363199999899, -9.28382089999997 ], [ -43.218155, -9.28385969999994 ], [ -43.210614099999901, -9.285265199999969 ], [ -43.223208699999901, -9.31340449999993 ], [ -43.2065754, -9.31724669999994 ], [ -43.2063575, -9.317297 ] ] ] ] } },
{ "type": "Feature", "properties": { "CD_MUN": "2210003", "NM_MUN": "São João do Piauí", "CD_RGI": "220014", "NM_RGI": "São João do Piauí", "CD_RGINT": "2204", "NM_RGINT": "São Raimundo Nonato", "CD_UF": "22", "NM_UF": "Piauí", "SIGLA_UF": "PI", "CD_REGIAO": "2", "NM_REGIAO": "Nordeste", "SIGLA_RG": "NE", "CD_CONCURB": null, "NM_CONCURB": null, "AREA_KM2": 1527.488 }, "geometry": { "type": "MultiPolygon", "coordinates": [ [ [ [ -41.9902926, -8.341228599999971 ], [ -42.011599299999901, -8.400115199999959 ], [ -42.0331998999999, -8.459807 ], [ -42.033335899999898, -8.460190299999971 ], [ -42.033906199999898, -8.461766 ], [ -42.0623439, -8.46432979999997 ], [ -42.0623666, -8.46433189999993 ], [ -42.153058299999898, -8.47250829999996 ], [ -42.1527839, -8.473451599999979 ], [ -42.1526686999999, -8.473847699999959 ], [ -42.1447704999999, -8.50103029999997 ], [ -42.125706599999901, -8.566573499999951 ], [ -42.158038599999898, -8.590416799999961 ], [ -42.1587868, -8.59026389999997 ], [ -42.1908144, -8.50867909999994 ], [ -42.2954561, -8.44920889999997 ], [ -42.2962757, -8.448743099999939 ], [ -42.3019978, -8.44097049999993 ], [ -42.3066109, -8.43470149999996 ], [ -42.306631799999899, -8.434675299999981 ], [ -42.333413199999903, -8.398279 ], [ -42.3407735, -8.395713299999951 ], [ -42.608029499999901, -8.30255029999995 ], [ -42.575818899999902, -8.302845699999979 ], [ -42.5755148, -8.303401399999929 ], [ -42.5745749, -8.30414409999997 ], [ -42.5731357, -8.30475569999993 ], [ -42.5713279, -8.30431089999996 ], [ -42.570059199999903, -8.302791799999969 ], [ -42.569938599999901, -8.30185779999994 ], [ -42.565393399999898, -8.30027579999995 ], [ -42.5613587, -8.29806949999994 ], [ -42.560722499999898, -8.297313499999969 ], [ -42.559161, -8.29642849999993 ], [ -42.553633499999897, -8.29443569999995 ], [ -42.5486079, -8.29298039999998 ], [ -42.5461086, -8.291500399999959 ], [ -42.543388999999898, -8.29074959999997 ], [ -42.5397202999999, -8.29105429999993 ], [ -42.537883, -8.29084279999995 ], [ -42.5373048, -8.29046279999994 ], [ -42.5360774, -8.28896369999995 ], [ -42.5356378, -8.287203799999929 ], [ -42.535249599999901, -8.28431 ], [ -42.535254199999898, -8.281179699999941 ], [ -42.5355802, -8.276159299999961 ], [ -42.536141, -8.271587299999959 ], [ -42.5372532, -8.268336399999949 ], [ -42.5384721, -8.266091899999941 ], [ -42.539751399999901, -8.263953599999979 ], [ -42.5417145, -8.261381299999931 ], [ -42.5448964, -8.256654699999959 ], [ -42.5462219, -8.25442179999993 ], [ -42.5468289, -8.25229119999995 ], [ -42.546554199999903, -8.247111799999971 ], [ -42.5455036, -8.24421629999995 ], [ -42.543778099999898, -8.241426 ], [ -42.540188999999899, -8.236216899999929 ], [ -42.5380807, -8.23381419999993 ], [ -42.535919799999903, -8.23191219999995 ], [ -42.5334185, -8.227666899999971 ], [ -42.5332184, -8.224813 ], [ -42.500276, -8.23830829999997 ], [ -42.495499499999902, -8.24108409999997 ], [ -42.492166499999897, -8.24234639999997 ], [ -42.4896909, -8.242294499999961 ], [ -42.4848643, -8.241726799999981 ], [ -42.4815234, -8.241240699999929 ], [ -42.4763297, -8.24027939999996 ], [ -42.4729426, -8.23935839999996 ], [ -42.4648577, -8.23576949999995 ], [ -42.4619024, -8.234825399999981 ], [ -42.4610465, -8.234552 ], [ -42.461012099999898, -8.234541 ], [ -42.464003499999897, -8.230067899999939 ], [ -42.462218699999902, -8.226402 ], [ -42.4628132, -8.22346649999997 ], [ -42.464637, -8.22093619999993 ], [ -42.464835, -8.215538299999929 ], [ -42.4642722, -8.213704499999951 ], [ -42.464769299999901, -8.212913199999949 ], [ -42.4644517999999, -8.21132039999998 ], [ -42.463309799999898, -8.20988449999993 ], [ -42.463097499999897, -8.20503549999995 ], [ -42.4649173, -8.20266649999996 ], [ -42.462386, -8.20005549999996 ], [ -42.463278499999902, -8.18799109999998 ], [ -42.463445299999897, -8.185736599999929 ], [ -42.4639442, -8.178993199999979 ], [ -42.469393, -8.105340699999941 ], [ -42.5231549, -8.081130099999941 ], [ -42.470957199999901, -8.070029299999931 ], [ -42.4419372, -8.065940099999979 ], [ -42.441409599999901, -8.06877609999998 ], [ -42.440882, -8.07148029999996 ], [ -42.439562899999899, -8.07359079999998 ], [ -42.4382438, -8.074580099999929 ], [ -42.4373204, -8.07484389999996 ], [ -42.4357375, -8.07504179999995 ], [ -42.4336929, -8.075305599999981 ], [ -42.42934, -8.07675659999995 ], [ -42.4268996, -8.077614 ], [ -42.421953099999897, -8.077614 ], [ -42.4156214, -8.07939479999993 ], [ -42.4132471, -8.080516 ], [ -42.4080367, -8.08401159999994 ], [ -42.4015072, -8.086451899999931 ], [ -42.397813799999902, -8.09139849999997 ], [ -42.397154199999903, -8.092321799999979 ], [ -42.396494699999899, -8.093706899999971 ], [ -42.3962309, -8.095091899999939 ], [ -42.396494699999899, -8.09614719999996 ], [ -42.397022299999897, -8.096872699999951 ], [ -42.3979457, -8.097664099999969 ], [ -42.403090099999901, -8.10083 ], [ -42.407179299999903, -8.10083 ], [ -42.410081299999902, -8.10129159999997 ], [ -42.4127194, -8.102083099999961 ], [ -42.414763999999899, -8.102874499999929 ], [ -42.4163469, -8.10353409999993 ], [ -42.418325599999903, -8.104721299999939 ], [ -42.419446799999903, -8.10544679999998 ], [ -42.420172299999898, -8.10669989999997 ], [ -42.4204361, -8.107425399999951 ], [ -42.4203702, -8.10821679999998 ], [ -42.4175341, -8.114548499999961 ], [ -42.4168086, -8.11619729999995 ], [ -42.4156874, -8.12081409999996 ], [ -42.41483, -8.123716099999969 ], [ -42.412455599999902, -8.128992499999979 ], [ -42.410806799999897, -8.13248809999993 ], [ -42.3962968, -8.13294969999993 ], [ -42.374268, -8.146998 ], [ -42.367078999999897, -8.15148289999996 ], [ -42.351915899999902, -8.161378099999981 ], [ -42.3460396, -8.165234399999971 ], [ -42.3408984, -8.167518 ], [ -42.325581499999899, -8.17431359999995 ], [ -42.3246917, -8.17470849999995 ], [ -42.3046573, -8.18359959999998 ], [ -42.2855834, -8.19206449999996 ], [ -42.2820616, -8.193627499999931 ], [ -42.280375499999899, -8.19500289999996 ], [ -42.2803246, -8.195045599999959 ], [ -42.2715482, -8.20221049999998 ], [ -42.2611568, -8.21069809999995 ], [ -42.246878599999903, -8.21958229999996 ], [ -42.2635155, -8.240944 ], [ -42.2630242, -8.243709199999961 ], [ -42.262318, -8.24640439999996 ], [ -42.262092499999902, -8.248581599999969 ], [ -42.262425999999898, -8.24948729999994 ], [ -42.262901999999897, -8.25107379999997 ], [ -42.2630606, -8.25234289999997 ], [ -42.2629813, -8.254564 ], [ -42.2629813, -8.256547099999979 ], [ -42.2629813, -8.257530899999949 ], [ -42.2622674, -8.258768099999941 ], [ -42.262108699999899, -8.259799299999941 ], [ -42.2623657, -8.26127559999998 ], [ -42.2612004, -8.260140699999971 ], [ -42.2602168, -8.25936889999997 ], [ -42.2588913, -8.25888559999993 ], [ -42.2588645, -8.258875899999961 ], [ -42.2587641, -8.25883929999998 ], [ -42.257931799999902, -8.25905109999997 ], [ -42.257508099999903, -8.259974199999929 ], [ -42.256947599999897, -8.26080769999993 ], [ -42.2569179, -8.260851899999979 ], [ -42.2561613, -8.261109199999961 ], [ -42.2555862, -8.260836799999939 ], [ -42.2554046, -8.26015579999995 ], [ -42.2552079, -8.259459699999979 ], [ -42.2548901, -8.25909649999994 ], [ -42.254421, -8.258809 ], [ -42.2537098, -8.25877869999994 ], [ -42.253224499999902, -8.25892679999993 ], [ -42.2522726, -8.25956139999994 ], [ -42.249734299999901, -8.26083049999994 ], [ -42.2478305, -8.261385799999969 ], [ -42.245847399999903, -8.260909899999939 ], [ -42.244023, -8.260354599999969 ], [ -42.2426745, -8.25972 ], [ -42.2405327, -8.259958 ], [ -42.2371218, -8.26059259999994 ], [ -42.233710899999899, -8.260354599999969 ], [ -42.230538, -8.26083049999994 ], [ -42.2282433, -8.26097859999993 ], [ -42.2280789, -8.26098919999993 ], [ -42.224906, -8.261465099999951 ], [ -42.2226056, -8.261941099999939 ], [ -42.220939799999897, -8.261465099999951 ], [ -42.220225899999903, -8.26202039999993 ], [ -42.2191154, -8.26336889999993 ], [ -42.2177669, -8.26440009999993 ], [ -42.215783799999897, -8.264955399999961 ], [ -42.214118, -8.266224499999961 ], [ -42.212214199999899, -8.26741439999995 ], [ -42.2100725, -8.267969699999981 ], [ -42.20829, -8.268578599999961 ], [ -42.2081636, -8.26857479999995 ], [ -42.2060064, -8.26851 ], [ -42.2042527999999, -8.26860289999996 ], [ -42.1998895, -8.269685399999959 ], [ -42.198667699999902, -8.26973069999997 ], [ -42.196972, -8.26913579999996 ], [ -42.196221, -8.270189799999971 ], [ -42.19494, -8.27108309999994 ], [ -42.191367899999896, -8.27296619999993 ], [ -42.1889373, -8.274006899999961 ], [ -42.1872499, -8.275374399999979 ], [ -42.1866975, -8.27582219999994 ], [ -42.1844555, -8.27645009999998 ], [ -42.1801694, -8.27554179999993 ], [ -42.1758819, -8.27498429999997 ], [ -42.1734107999999, -8.274208299999939 ], [ -42.171663, -8.27308559999994 ], [ -42.165553, -8.273242 ], [ -42.159414, -8.267118 ], [ -42.15288, -8.259394 ], [ -42.143993, -8.248981 ], [ -42.142423, -8.247107 ], [ -42.1425682, -8.24655229999996 ], [ -42.143123499999902, -8.24417259999996 ], [ -42.143757999999899, -8.242427499999961 ], [ -42.144472, -8.24076169999995 ], [ -42.1456618, -8.239254599999979 ], [ -42.146693, -8.238144 ], [ -42.148279499999902, -8.23695419999996 ], [ -42.149152, -8.235764299999969 ], [ -42.14939, -8.234812399999949 ], [ -42.1492805, -8.23384489999995 ], [ -42.148927699999902, -8.23349879999995 ], [ -42.1483921, -8.231538799999949 ], [ -42.1482655, -8.23055889999995 ], [ -42.1479219, -8.22966479999997 ], [ -42.1474441, -8.22897949999998 ], [ -42.146265399999898, -8.22786819999993 ], [ -42.1434451, -8.22576429999998 ], [ -42.1428369, -8.224823599999979 ], [ -42.1420623, -8.222478499999969 ], [ -42.141931999999898, -8.21942019999994 ], [ -42.141470599999899, -8.216228399999981 ], [ -42.1411285, -8.214865799999931 ], [ -42.139725199999901, -8.21141209999996 ], [ -42.138466999999899, -8.209022899999979 ], [ -42.137402, -8.205792499999969 ], [ -42.1202193, -8.21948459999993 ], [ -42.1196907, -8.219905599999951 ], [ -42.0530178, -8.273000199999959 ], [ -42.0478373, -8.27643869999997 ], [ -42.031186499999897, -8.282022 ], [ -42.0311826, -8.282023299999929 ], [ -42.03118, -8.28202419999997 ], [ -42.031163299999903, -8.282029799999981 ], [ -42.031114199999898, -8.28204629999993 ], [ -42.031102099999899, -8.28205039999995 ], [ -42.030874599999898, -8.28212709999997 ], [ -42.000830699999902, -8.292198199999969 ], [ -41.987492599999896, -8.295468 ], [ -41.9240684, -8.25669509999994 ], [ -41.9291807, -8.276004 ], [ -41.938352, -8.307268399999939 ], [ -41.952623699999897, -8.355919799999979 ], [ -41.9528354999999, -8.356641799999981 ], [ -41.9575527, -8.372728 ], [ -41.9849464, -8.32645829999996 ], [ -41.9898244, -8.33993449999997 ], [ -41.9902926, -8.341228599999971 ] ] ] ] } },
{ "type": "Feature", "properties": { "CD_MUN": "2202117", "NM_MUN": "Campo Alegre do Fidalgo", "CD_RGI": "220014", "NM_RGI": "São João do Piauí", "CD_RGINT": "2204", "NM_RGINT": "São Raimundo Nonato", "CD_UF": "22", "NM_UF": "Piauí", "SIGLA_UF": "PI", "CD_REGIAO": "2", "NM_REGIAO": "Nordeste", "SIGLA_RG": "NE", "CD_CONCURB": null, "NM_CONCURB": null, "AREA_KM2": 657.797 }, "geometry": { "type": "MultiPolygon", "coordinates": [ [ [ [ -41.9575527, -8.372728 ], [ -41.9528354999999, -8.356641799999981 ], [ -41.952623699999897, -8.355919799999979 ], [ -41.938352, -8.307268399999939 ], [ -41.9291807, -8.276004 ], [ -41.9240684, -8.25669509999994 ], [ -41.9217765, -8.248047499999929 ], [ -41.895196199999901, -8.147755399999941 ], [ -41.895166699999898, -8.147644 ], [ -41.891666299999898, -8.134445 ], [ -41.8826142, -8.131700199999949 ], [ -41.8820067, -8.131516 ], [ -41.8399588999999, -8.11876529999995 ], [ -41.832213399999901, -8.12054039999998 ], [ -41.8273123, -8.11969539999996 ], [ -41.8175100999999, -8.11741379999995 ], [ -41.813285, -8.116906799999979 ], [ -41.8013702, -8.116822299999971 ], [ -41.795624099999898, -8.116822299999971 ], [ -41.785990899999902, -8.118512399999929 ], [ -41.777287199999897, -8.116906799999979 ], [ -41.7501621, -8.092401299999951 ], [ -41.7399513, -8.088438599999961 ], [ -41.7766331999999, -8.120935899999949 ], [ -41.7756294, -8.123323499999969 ], [ -41.775449299999899, -8.12463549999995 ], [ -41.7747744, -8.12642139999997 ], [ -41.773915299999899, -8.13056769999997 ], [ -41.771887, -8.135091699999981 ], [ -41.769367, -8.13821669999993 ], [ -41.766677399999899, -8.140565899999959 ], [ -41.7639371, -8.14343919999993 ], [ -41.759539199999899, -8.15351519999996 ], [ -41.7554165, -8.160662799999949 ], [ -41.751489999999897, -8.16265749999997 ], [ -41.7449879, -8.162743699999959 ], [ -41.7394098, -8.161869099999929 ], [ -41.735220899999902, -8.16195649999997 ], [ -41.732030199999897, -8.163288799999981 ], [ -41.729635099999904, -8.167425 ], [ -41.728891599999898, -8.171519 ], [ -41.7310552, -8.17576019999996 ], [ -41.7347708, -8.179170099999959 ], [ -41.7433968, -8.18151109999997 ], [ -41.7674099, -8.20579589999994 ], [ -41.768155599999901, -8.20655009999996 ], [ -41.783468099999901, -8.222036799999961 ], [ -41.7831105, -8.251317499999971 ], [ -41.775906099999901, -8.27531729999993 ], [ -41.7714687, -8.29009959999996 ], [ -41.749397499999901, -8.31206189999995 ], [ -41.747250199999897, -8.30933 ], [ -41.745046499999901, -8.308103799999969 ], [ -41.7427638999999, -8.30618079999994 ], [ -41.739936699999902, -8.30439009999998 ], [ -41.7355964, -8.302199 ], [ -41.7335146, -8.300736 ], [ -41.731372, -8.299732 ], [ -41.729469799999897, -8.298679499999929 ], [ -41.723951, -8.29705539999998 ], [ -41.722625299999898, -8.295520499999951 ], [ -41.7206682, -8.29445229999993 ], [ -41.7176186, -8.294969 ], [ -41.714318799999901, -8.29526759999993 ], [ -41.710554499999901, -8.293450499999951 ], [ -41.706221099999901, -8.290816599999969 ], [ -41.6961858, -8.284337499999941 ], [ -41.6917389, -8.279604899999979 ], [ -41.691085, -8.27623559999995 ], [ -41.6898429, -8.273981699999981 ], [ -41.6894416, -8.273999299999961 ], [ -41.689347199999901, -8.27400809999995 ], [ -41.6888425, -8.274026699999981 ], [ -41.6857732, -8.27416509999995 ], [ -41.6807339, -8.27830989999995 ], [ -41.6769264, -8.283821099999949 ], [ -41.666215399999899, -8.29108849999994 ], [ -41.657106199999902, -8.299003299999979 ], [ -41.660660499999899, -8.30457389999998 ], [ -41.676981199999901, -8.32850969999993 ], [ -41.669663899999897, -8.350294 ], [ -41.6733316, -8.390172 ], [ -41.6735426, -8.392466 ], [ -41.7269788, -8.400300699999949 ], [ -41.734935499999899, -8.400281299999961 ], [ -41.7352854, -8.40028039999993 ], [ -41.8429695, -8.39999009999997 ], [ -41.843386, -8.399989 ], [ -41.920709, -8.399780499999959 ], [ -41.923766, -8.39977229999994 ], [ -41.9273633, -8.399762599999971 ], [ -41.937158899999901, -8.39973329999998 ], [ -41.949621799999903, -8.37333849999993 ], [ -41.9575527, -8.372728 ] ] ] ] } },
{ "type": "Feature", "properties": { "CD_MUN": "2210359", "NM_MUN": "São Lourenço do Piauí", "CD_RGI": "220013", "NM_RGI": "São Raimundo Nonato", "CD_RGINT": "2204", "NM_RGINT": "São Raimundo Nonato", "CD_UF": "22", "NM_UF": "Piauí", "SIGLA_UF": "PI", "CD_REGIAO": "2", "NM_REGIAO": "Nordeste", "SIGLA_RG": "NE", "CD_CONCURB": null, "NM_CONCURB": null, "AREA_KM2": 673.821 }, "geometry": { "type": "MultiPolygon", "coordinates": [ [ [ [ -42.577502799999898, -9.29970429999997 ], [ -42.5825891, -9.302333 ], [ -42.5832884, -9.302694499999969 ], [ -42.583784599999902, -9.30295089999993 ], [ -42.5840114, -9.303060899999929 ], [ -42.642263, -9.331723 ], [ -42.642671, -9.331028 ], [ -42.643169, -9.330406 ], [ -42.643323, -9.33008 ], [ -42.643484, -9.329858 ], [ -42.6436014, -9.32971039999995 ], [ -42.644033, -9.329168 ], [ -42.644590999999899, -9.328525 ], [ -42.644819, -9.328419 ], [ -42.644986, -9.328277 ], [ -42.645333999999899, -9.327748 ], [ -42.645693999999899, -9.327384 ], [ -42.646003, -9.327173 ], [ -42.646557, -9.326693 ], [ -42.647249, -9.326475 ], [ -42.647584, -9.326221 ], [ -42.648446, -9.325417 ], [ -42.648656, -9.325223 ], [ -42.650356, -9.325024 ], [ -42.650605, -9.324905 ], [ -42.651127, -9.324272 ], [ -42.652707, -9.321876 ], [ -42.65329, -9.321207 ], [ -42.657871, -9.317435 ], [ -42.661313, -9.31465 ], [ -42.661983, -9.313367 ], [ -42.662197, -9.311987 ], [ -42.662403, -9.311581 ], [ -42.662455, -9.310751 ], [ -42.662669, -9.310353 ], [ -42.663013, -9.31037 ], [ -42.663579, -9.310607 ], [ -42.664110999999899, -9.3107 ], [ -42.664831999999898, -9.309955 ], [ -42.664918, -9.309685 ], [ -42.665064, -9.309363 ], [ -42.665278999999899, -9.309219 ], [ -42.665631, -9.309202 ], [ -42.665973999999899, -9.308965 ], [ -42.669443, -9.306113 ], [ -42.670151, -9.305486 ], [ -42.670588, -9.305194 ], [ -42.670846, -9.304966 ], [ -42.671515, -9.304602 ], [ -42.671965999999898, -9.304005 ], [ -42.672343, -9.303336 ], [ -42.672995, -9.302493 ], [ -42.673819, -9.301566 ], [ -42.674807, -9.300662 ], [ -42.675652, -9.299735 ], [ -42.676189, -9.299236 ], [ -42.676381999999897, -9.298923 ], [ -42.676524, -9.298817 ], [ -42.678404999999898, -9.297579 ], [ -42.680321, -9.29644 ], [ -42.682453, -9.295119 ], [ -42.683732, -9.294374 ], [ -42.684063, -9.294014 ], [ -42.684325, -9.293532 ], [ -42.684582, -9.293371 ], [ -42.68502, -9.293134 ], [ -42.685178999999899, -9.292787 ], [ -42.685161999999899, -9.29257 ], [ -42.685167, -9.292156 ], [ -42.685045, -9.291235 ], [ -42.684947, -9.290706 ], [ -42.68502, -9.290062 ], [ -42.68502, -9.289872 ], [ -42.684981, -9.289618 ], [ -42.684179, -9.288958 ], [ -42.683754, -9.28867 ], [ -42.683161, -9.288255 ], [ -42.682943, -9.287941 ], [ -42.682817999999898, -9.287493 ], [ -42.682702, -9.287128 ], [ -42.681363, -9.285102 ], [ -42.680835, -9.284302 ], [ -42.680518, -9.284141 ], [ -42.678849, -9.283739 ], [ -42.677716, -9.283402 ], [ -42.677424, -9.283245 ], [ -42.677128, -9.283182 ], [ -42.676989999999897, -9.282776 ], [ -42.676916999999897, -9.282166 ], [ -42.67675, -9.281088 ], [ -42.676735, -9.280225 ], [ -42.678194, -9.275269 ], [ -42.678211, -9.275215 ], [ -42.680239, -9.267514 ], [ -42.681003, -9.264847 ], [ -42.682486, -9.259314 ], [ -42.682966, -9.257638 ], [ -42.683042999999898, -9.256969 ], [ -42.683146, -9.256512 ], [ -42.683106, -9.256146 ], [ -42.6829, -9.255714 ], [ -42.68278, -9.254799 ], [ -42.682891, -9.253699 ], [ -42.682917, -9.251768 ], [ -42.682814, -9.250866 ], [ -42.682578, -9.250544 ], [ -42.681904, -9.249795 ], [ -42.681767, -9.249325 ], [ -42.68181, -9.248965 ], [ -42.681792, -9.248673 ], [ -42.681728, -9.248148 ], [ -42.681691999999899, -9.247905 ], [ -42.681632, -9.247249 ], [ -42.681691999999899, -9.246961 ], [ -42.681632, -9.246381 ], [ -42.681468, -9.245957 ], [ -42.681446999999899, -9.245665 ], [ -42.681473, -9.244937 ], [ -42.681297, -9.244033 ], [ -42.681168, -9.243627 ], [ -42.681125, -9.243094 ], [ -42.680808, -9.241887 ], [ -42.680606, -9.240951 ], [ -42.680413, -9.239734 ], [ -42.680207, -9.238566 ], [ -42.679620999999898, -9.234623 ], [ -42.679440999999898, -9.233768 ], [ -42.679449, -9.233277 ], [ -42.679346, -9.232642 ], [ -42.679132, -9.23166 ], [ -42.679252, -9.231406 ], [ -42.680968999999898, -9.230441 ], [ -42.682402, -9.229668 ], [ -42.683174, -9.22916 ], [ -42.683740999999898, -9.228838 ], [ -42.683981, -9.228567 ], [ -42.684247, -9.227856 ], [ -42.684325, -9.227416 ], [ -42.684762, -9.226933 ], [ -42.68508, -9.226637 ], [ -42.685381999999898, -9.225853 ], [ -42.685563, -9.225336 ], [ -42.685769, -9.22435 ], [ -42.685786, -9.223952 ], [ -42.685695, -9.223345 ], [ -42.68521, -9.222291 ], [ -42.684986, -9.221893 ], [ -42.684158, -9.221156 ], [ -42.683681, -9.220597 ], [ -42.682385, -9.21981 ], [ -42.682067, -9.219287 ], [ -42.681226, -9.217708 ], [ -42.68114, -9.217221 ], [ -42.681247, -9.216316 ], [ -42.681591, -9.215867 ], [ -42.681668, -9.215664 ], [ -42.681617, -9.21535 ], [ -42.681642, -9.214995 ], [ -42.681814, -9.214055 ], [ -42.682372, -9.211887 ], [ -42.682687, -9.209683 ], [ -42.682747, -9.208134 ], [ -42.682679, -9.207313 ], [ -42.682734, -9.206189 ], [ -42.682782, -9.205795 ], [ -42.683360999999898, -9.204419 ], [ -42.683481, -9.203787 ], [ -42.683395, -9.203016 ], [ -42.683583999999897, -9.201755 ], [ -42.683953, -9.201009 ], [ -42.68488, -9.200645 ], [ -42.685248999999899, -9.200332 ], [ -42.68573, -9.19968 ], [ -42.686151, -9.199163 ], [ -42.686279, -9.198596 ], [ -42.686211, -9.198045 ], [ -42.685919, -9.197622 ], [ -42.685241, -9.196978 ], [ -42.684649, -9.196242 ], [ -42.683936, -9.194982 ], [ -42.681919, -9.191841 ], [ -42.680606, -9.190008 ], [ -42.679662, -9.188645 ], [ -42.679233, -9.187341 ], [ -42.679305999999897, -9.185302 ], [ -42.679203, -9.184811 ], [ -42.679108, -9.184358 ], [ -42.679138, -9.184125 ], [ -42.679099999999899, -9.183829 ], [ -42.6789942, -9.18332909999998 ], [ -42.678835999999897, -9.182922 ], [ -42.678106, -9.181483 ], [ -42.67778, -9.180145 ], [ -42.67657, -9.175475 ], [ -42.675797, -9.172536 ], [ -42.675439, -9.170702 ], [ -42.675126, -9.169745 ], [ -42.674684, -9.169677 ], [ -42.674593, -9.169491 ], [ -42.674641, -9.169241 ], [ -42.674769, -9.169033 ], [ -42.674834, -9.16875 ], [ -42.674812, -9.168559 ], [ -42.674684, -9.168191 ], [ -42.67463, -9.16743 ], [ -42.674699, -9.166845 ], [ -42.674656, -9.166405 ], [ -42.674664, -9.163373 ], [ -42.67466, -9.161668 ], [ -42.674460199999899, -9.16065619999995 ], [ -42.674373199999899, -9.160216 ], [ -42.673897, -9.157873 ], [ -42.6737661, -9.15691259999994 ], [ -42.672649, -9.150457 ], [ -42.6707403999999, -9.147989499999939 ], [ -42.651215799999903, -9.117897199999961 ], [ -42.6322198, -9.088619699999979 ], [ -42.6317902, -9.087957499999961 ], [ -42.631178, -9.086945 ], [ -42.628037, -9.088089 ], [ -42.627299, -9.088571 ], [ -42.624947, -9.090613 ], [ -42.620559, -9.094353 ], [ -42.6179744, -9.096569799999941 ], [ -42.617341, -9.097113 ], [ -42.611074, -9.102508 ], [ -42.605307, -9.107486 ], [ -42.596146, -9.11541 ], [ -42.591404899999901, -9.06576329999996 ], [ -42.5388296, -9.07353379999995 ], [ -42.5326241, -9.082767099999961 ], [ -42.5185498, -9.08015449999994 ], [ -42.5102911, -9.07255119999996 ], [ -42.4961, -9.06279849999993 ], [ -42.4959279, -9.06268019999993 ], [ -42.4813227, -9.05264239999997 ], [ -42.4781442, -9.081644799999941 ], [ -42.4746006, -9.092736799999949 ], [ -42.4741769, -9.094063 ], [ -42.4665588, -9.117897199999961 ], [ -42.4587083, -9.142458199999959 ], [ -42.4527631999999, -9.14730869999994 ], [ -42.4464404, -9.117897199999961 ], [ -42.439109, -9.08379449999995 ], [ -42.4129581, -9.041709 ], [ -42.413059299999901, -9.03425769999996 ], [ -42.37807, -9.01831219999997 ], [ -42.337204, -9.034352 ], [ -42.337367, -9.034716 ], [ -42.337443999999898, -9.034979 ], [ -42.337443999999898, -9.035479 ], [ -42.337453, -9.03569 ], [ -42.337521, -9.035868 ], [ -42.337478, -9.036131 ], [ -42.336792, -9.037402 ], [ -42.336697, -9.037876 ], [ -42.336709, -9.038253 ], [ -42.336988, -9.038876 ], [ -42.337271, -9.039117 ], [ -42.337662, -9.039346 ], [ -42.337915, -9.039435 ], [ -42.338279999999898, -9.039456 ], [ -42.33958, -9.039744 ], [ -42.340045, -9.039788 ], [ -42.340324, -9.039868 ], [ -42.341113, -9.040597 ], [ -42.341499999999897, -9.040889 ], [ -42.341804, -9.041181 ], [ -42.341907, -9.041431 ], [ -42.341869, -9.042249 ], [ -42.341708, -9.04307 ], [ -42.341562, -9.043481 ], [ -42.34151, -9.043655 ], [ -42.341382, -9.0439 ], [ -42.34145, -9.045235 ], [ -42.341765, -9.045837 ], [ -42.341974999999898, -9.046239 ], [ -42.342287999999897, -9.046659 ], [ -42.342515999999897, -9.047256 ], [ -42.342692, -9.047879 ], [ -42.342927, -9.048213 ], [ -42.343493, -9.048937 ], [ -42.343595999999899, -9.049301 ], [ -42.343849, -9.049576 ], [ -42.343944, -9.049737 ], [ -42.343982, -9.049911 ], [ -42.344175, -9.050241 ], [ -42.344296, -9.05058 ], [ -42.344324, -9.050977 ], [ -42.344448999999898, -9.051431 ], [ -42.344483, -9.051858 ], [ -42.344578, -9.052075 ], [ -42.344801, -9.052307 ], [ -42.344921, -9.052714 ], [ -42.345158, -9.05322 ], [ -42.34536, -9.05397 ], [ -42.345398, -9.05508 ], [ -42.345391999999897, -9.055809 ], [ -42.345383, -9.056919 ], [ -42.345520099999902, -9.05766909999994 ], [ -42.3465815, -9.060382199999941 ], [ -42.354255099999897, -9.066625 ], [ -42.357414499999898, -9.068393199999949 ], [ -42.359095, -9.072337 ], [ -42.358944999999899, -9.072604 ], [ -42.358876, -9.072794 ], [ -42.358889, -9.072972 ], [ -42.359301, -9.073175 ], [ -42.359563, -9.073379 ], [ -42.359726, -9.073705 ], [ -42.359765, -9.073952 ], [ -42.359748, -9.074422 ], [ -42.359760999999899, -9.074909 ], [ -42.359783, -9.075748 ], [ -42.360143, -9.076934 ], [ -42.360231999999897, -9.07729 ], [ -42.360258, -9.078044 ], [ -42.360343999999898, -9.078294 ], [ -42.36058, -9.078781 ], [ -42.360451, -9.079145 ], [ -42.360166999999898, -9.079483 ], [ -42.359956, -9.079733 ], [ -42.359725, -9.079779 ], [ -42.35866, -9.079674 ], [ -42.357987, -9.079847 ], [ -42.357832, -9.080046 ], [ -42.357918, -9.080381 ], [ -42.358313, -9.080656 ], [ -42.358562, -9.080931 ], [ -42.358832, -9.081088 ], [ -42.359278, -9.081143 ], [ -42.360411, -9.081376 ], [ -42.36087, -9.081355 ], [ -42.361143, -9.08145 ], [ -42.361915, -9.082094 ], [ -42.362293, -9.082479 ], [ -42.362619, -9.083174 ], [ -42.362896, -9.083456 ], [ -42.36399, -9.083905 ], [ -42.365214, -9.084515 ], [ -42.365535, -9.084528 ], [ -42.365879, -9.084515 ], [ -42.366144, -9.084558 ], [ -42.367178, -9.08521 ], [ -42.367731999999897, -9.085409 ], [ -42.367955, -9.085718 ], [ -42.368371, -9.086472 ], [ -42.3685153, -9.08785049999994 ], [ -42.3685151, -9.087851 ], [ -42.3685148, -9.087851699999931 ], [ -42.368586, -9.088456 ], [ -42.368441, -9.08907 ], [ -42.368527, -9.089349 ], [ -42.368544, -9.089582 ], [ -42.368458, -9.089985 ], [ -42.368273, -9.09026 ], [ -42.368256, -9.090501 ], [ -42.368252, -9.09106 ], [ -42.368198, -9.091349 ], [ -42.367803, -9.09217 ], [ -42.367426, -9.092683 ], [ -42.367210999999898, -9.092971 ], [ -42.367207, -9.093238 ], [ -42.367387, -9.094127 ], [ -42.367272, -9.094604 ], [ -42.366782999999899, -9.095799 ], [ -42.366328, -9.096743 ], [ -42.366324, -9.097012 ], [ -42.366577, -9.098046 ], [ -42.36689, -9.098753 ], [ -42.367345, -9.098969 ], [ -42.367558, -9.099364 ], [ -42.367750999999899, -9.100114 ], [ -42.368043, -9.101469 ], [ -42.36818, -9.102281 ], [ -42.368274, -9.10331 ], [ -42.3683, -9.103928 ], [ -42.368107, -9.104182 ], [ -42.367764, -9.104385 ], [ -42.367373, -9.104479 ], [ -42.367109, -9.104619 ], [ -42.367126, -9.10484 ], [ -42.36738, -9.105233 ], [ -42.367959, -9.105759 ], [ -42.368181999999898, -9.106169 ], [ -42.368478, -9.106275 ], [ -42.369194999999898, -9.106322 ], [ -42.369551, -9.106412 ], [ -42.369809, -9.106556 ], [ -42.369925, -9.106763 ], [ -42.369993, -9.107149 ], [ -42.370457, -9.107843 ], [ -42.370964199999896, -9.10845409999996 ], [ -42.371184, -9.108997 ], [ -42.371279, -9.109285 ], [ -42.371476, -9.109606 ], [ -42.371552999999899, -9.11 ], [ -42.371678, -9.11058 ], [ -42.371864, -9.110823 ], [ -42.371877, -9.110916 ], [ -42.371946, -9.111492 ], [ -42.37207, -9.111877 ], [ -42.372371, -9.112191 ], [ -42.372399, -9.112544 ], [ -42.372424, -9.113205 ], [ -42.372626, -9.113705 ], [ -42.372652, -9.113908 ], [ -42.372613, -9.114395 ], [ -42.372668, -9.114676 ], [ -42.372625, -9.114854 ], [ -42.372658999999899, -9.115006 ], [ -42.372668, -9.115167 ], [ -42.372548, -9.115362 ], [ -42.372208999999899, -9.115544 ], [ -42.37211, -9.115751 ], [ -42.372149, -9.115929 ], [ -42.372488, -9.116429 ], [ -42.372641, -9.116722 ], [ -42.372675, -9.117108 ], [ -42.372808, -9.117345 ], [ -42.373139, -9.117404 ], [ -42.373259, -9.117476 ], [ -42.373276, -9.117675 ], [ -42.373199, -9.117853 ], [ -42.373323, -9.118023 ], [ -42.373581, -9.118162 ], [ -42.373821, -9.118162 ], [ -42.374456, -9.118399 ], [ -42.37489, -9.118391 ], [ -42.375491, -9.118446 ], [ -42.37637, -9.119338 ], [ -42.376516, -9.120269 ], [ -42.376309999999897, -9.120981 ], [ -42.375743999999898, -9.12132 ], [ -42.374577, -9.121371 ], [ -42.374173, -9.121464 ], [ -42.373855999999897, -9.121803 ], [ -42.373444, -9.121803 ], [ -42.372611, -9.121244 ], [ -42.372113, -9.120701 ], [ -42.371803999999898, -9.120634 ], [ -42.371452, -9.120862 ], [ -42.371272, -9.121794 ], [ -42.371229, -9.122277 ], [ -42.370972, -9.122548 ], [ -42.370637, -9.122505 ], [ -42.370275999999897, -9.122616 ], [ -42.370079, -9.122777 ], [ -42.370122, -9.123132 ], [ -42.370354, -9.123649 ], [ -42.370379, -9.124013 ], [ -42.370328, -9.124237 ], [ -42.370182, -9.124453 ], [ -42.36995, -9.124585 ], [ -42.369915999999897, -9.124724 ], [ -42.370075, -9.124987 ], [ -42.370817, -9.125444 ], [ -42.37113, -9.125457 ], [ -42.372079, -9.125758 ], [ -42.372448, -9.125736 ], [ -42.37319, -9.125902 ], [ -42.374122999999898, -9.125851 ], [ -42.37502, -9.125974 ], [ -42.375479, -9.126131 ], [ -42.377207999999897, -9.126474 ], [ -42.377514, -9.126547 ], [ -42.377797, -9.126864 ], [ -42.377922, -9.127093 ], [ -42.377935, -9.127309 ], [ -42.377879, -9.127483 ], [ -42.377651, -9.127703 ], [ -42.377457999999898, -9.127749 ], [ -42.377355, -9.127635 ], [ -42.377248, -9.127313 ], [ -42.377111, -9.127284 ], [ -42.376879, -9.127453 ], [ -42.376736999999899, -9.127728 ], [ -42.376587, -9.128067 ], [ -42.376471, -9.128325 ], [ -42.3763, -9.128406 ], [ -42.375982, -9.1283 ], [ -42.375549, -9.12791 ], [ -42.375012, -9.127737 ], [ -42.374550999999897, -9.12753 ], [ -42.374044, -9.127526 ], [ -42.373614, -9.127632 ], [ -42.373125, -9.12789 ], [ -42.373013, -9.128094 ], [ -42.373035, -9.128758 ], [ -42.373176, -9.129199 ], [ -42.373228, -9.129406 ], [ -42.373218999999899, -9.129622 ], [ -42.373241, -9.129796 ], [ -42.373704, -9.13002 ], [ -42.374079, -9.130173 ], [ -42.374344999999899, -9.130232 ], [ -42.374485999999898, -9.130321 ], [ -42.374474, -9.130503 ], [ -42.374254999999899, -9.130757 ], [ -42.373645, -9.131142 ], [ -42.373083, -9.131346 ], [ -42.372546999999898, -9.131231 ], [ -42.372105, -9.131062 ], [ -42.371893999999898, -9.130732 ], [ -42.371641, -9.130499 ], [ -42.371318, -9.130414 ], [ -42.37067, -9.130554 ], [ -42.370297, -9.130812 ], [ -42.370026, -9.131549 ], [ -42.369708, -9.132585 ], [ -42.369704, -9.132759 ], [ -42.369841, -9.133246 ], [ -42.370022999999897, -9.134474 ], [ -42.369976, -9.13491 ], [ -42.370005999999897, -9.135092 ], [ -42.370131, -9.135291 ], [ -42.370306, -9.135507 ], [ -42.370373, -9.135679 ], [ -42.370342999999899, -9.135797 ], [ -42.370201, -9.135975 ], [ -42.370094, -9.136179 ], [ -42.370094, -9.13631 ], [ -42.370219, -9.13661 ], [ -42.370322, -9.13681 ], [ -42.370425, -9.137229 ], [ -42.370562, -9.137432 ], [ -42.371265999999899, -9.137669 ], [ -42.37148, -9.137779 ], [ -42.371609, -9.137932 ], [ -42.371668999999898, -9.138093 ], [ -42.371673, -9.13836 ], [ -42.371552999999899, -9.138568 ], [ -42.371158, -9.13872 ], [ -42.370643, -9.139016 ], [ -42.37021, -9.139067 ], [ -42.369883, -9.139315 ], [ -42.369612, -9.139582 ], [ -42.369539, -9.139777 ], [ -42.369651, -9.14009 ], [ -42.369694, -9.140289 ], [ -42.369479, -9.140509 ], [ -42.369187, -9.140708 ], [ -42.369033, -9.140793 ], [ -42.368934, -9.14092 ], [ -42.368934, -9.141106 ], [ -42.36905, -9.141276 ], [ -42.369371999999899, -9.14131 ], [ -42.369822999999897, -9.141284 ], [ -42.370427999999897, -9.141534 ], [ -42.37062, -9.141697 ], [ -42.370697, -9.141828 ], [ -42.370637, -9.142256 ], [ -42.370598, -9.142601399999929 ], [ -42.370573, -9.142823 ], [ -42.370482, -9.143247 ], [ -42.370259, -9.143535 ], [ -42.370095999999897, -9.143704 ], [ -42.370134999999898, -9.143861 ], [ -42.370494999999899, -9.144183 ], [ -42.370610999999897, -9.144318 ], [ -42.370667, -9.144474 ], [ -42.370667, -9.144656 ], [ -42.370465, -9.144949 ], [ -42.370242, -9.145245 ], [ -42.370044999999898, -9.145681 ], [ -42.369899, -9.145762 ], [ -42.369554999999899, -9.145694 ], [ -42.368448, -9.145203 ], [ -42.367805099999899, -9.144699699999929 ], [ -42.367564, -9.144511 ], [ -42.367190999999899, -9.144126 ], [ -42.366551, -9.143842 ], [ -42.366388, -9.14363 ], [ -42.366234, -9.14305 ], [ -42.366096, -9.142817 ], [ -42.365817999999898, -9.142614 ], [ -42.365556, -9.142525 ], [ -42.365285, -9.142551 ], [ -42.364994, -9.142733 ], [ -42.364633, -9.143215 ], [ -42.364483999999898, -9.143438 ], [ -42.364458, -9.143705 ], [ -42.364347, -9.143938 ], [ -42.363862, -9.144564 ], [ -42.363596, -9.144941 ], [ -42.36354, -9.145191 ], [ -42.363617, -9.145644 ], [ -42.363513, -9.146056 ], [ -42.36341, -9.146302 ], [ -42.363160999999899, -9.146458 ], [ -42.362895, -9.146543 ], [ -42.362370999999897, -9.146615 ], [ -42.362015, -9.146763 ], [ -42.361547, -9.147131 ], [ -42.361469999999898, -9.14728 ], [ -42.361509, -9.147378 ], [ -42.361732, -9.14767 ], [ -42.361934, -9.148021 ], [ -42.362041, -9.14825 ], [ -42.362127, -9.148385 ], [ -42.362273, -9.148424 ], [ -42.362848, -9.148424 ], [ -42.36338, -9.148318 ], [ -42.36374, -9.148055 ], [ -42.364019, -9.14792 ], [ -42.364277, -9.147877 ], [ -42.36447, -9.147814 ], [ -42.36459, -9.147826 ], [ -42.364659, -9.147932 ], [ -42.364693, -9.148161 ], [ -42.36459, -9.148534 ], [ -42.364617, -9.148776 ], [ -42.365166, -9.149102 ], [ -42.365505, -9.149365 ], [ -42.366385, -9.149775 ], [ -42.366497, -9.149902 ], [ -42.366467, -9.150102 ], [ -42.366321, -9.150399 ], [ -42.3657089, -9.150672699999969 ], [ -42.364686999999897, -9.15105 ], [ -42.364261999999897, -9.151126 ], [ -42.363931, -9.151279 ], [ -42.363648, -9.151537 ], [ -42.363248999999897, -9.15155 ], [ -42.362949, -9.151478 ], [ -42.362794, -9.151262 ], [ -42.362713, -9.150902 ], [ -42.362192999999898, -9.150499 ], [ -42.361841, -9.150402 ], [ -42.361417, -9.150385 ], [ -42.361262, -9.150406 ], [ -42.361138, -9.150529 ], [ -42.361005, -9.15141 ], [ -42.36094, -9.151575 ], [ -42.360739, -9.151651 ], [ -42.360331, -9.151672 ], [ -42.359876, -9.151942 ], [ -42.359503, -9.15231 ], [ -42.358932, -9.152556 ], [ -42.358679, -9.152789 ], [ -42.358494, -9.152852 ], [ -42.358245, -9.152844 ], [ -42.357873, -9.15256 ], [ -42.357602, -9.152607 ], [ -42.357276, -9.15281 ], [ -42.356946, -9.153433 ], [ -42.356839, -9.153725 ], [ -42.356850999999899, -9.154017 ], [ -42.35704, -9.15433 ], [ -42.357384, -9.154478 ], [ -42.358053, -9.154635 ], [ -42.358534, -9.154936 ], [ -42.358880999999897, -9.155097 ], [ -42.358963, -9.155194 ], [ -42.358945999999897, -9.155334 ], [ -42.358935, -9.155499 ], [ -42.358999, -9.155618 ], [ -42.359170999999897, -9.155702 ], [ -42.35978, -9.155711 ], [ -42.360192, -9.155753 ], [ -42.360484, -9.155868 ], [ -42.360677, -9.156071 ], [ -42.360673, -9.156304 ], [ -42.360737, -9.156575 ], [ -42.360913, -9.157142 ], [ -42.360922, -9.15728 ], [ -42.360875, -9.15747 ], [ -42.360373, -9.15775 ], [ -42.359969, -9.158126 ], [ -42.359652, -9.158266 ], [ -42.359265, -9.158296 ], [ -42.358665, -9.158423 ], [ -42.358307, -9.15895 ], [ -42.358452999999898, -9.159357 ], [ -42.358659, -9.159767 ], [ -42.358822, -9.160432 ], [ -42.35914, -9.16072 ], [ -42.359393, -9.160881 ], [ -42.359702, -9.161313 ], [ -42.359778999999897, -9.161453 ], [ -42.359818, -9.161618 ], [ -42.3596, -9.161946 ], [ -42.359506, -9.162111 ], [ -42.359535999999899, -9.162314 ], [ -42.35951, -9.162513 ], [ -42.359253, -9.162797 ], [ -42.358617, -9.16308 ], [ -42.358359999999898, -9.16325 ], [ -42.358124, -9.163279 ], [ -42.357854, -9.163114 ], [ -42.357678, -9.163093 ], [ -42.357526999999898, -9.163178 ], [ -42.357509999999898, -9.163351 ], [ -42.357574999999898, -9.163614 ], [ -42.358132, -9.164092 ], [ -42.358333, -9.164297 ], [ -42.358359, -9.164432 ], [ -42.358286, -9.164742 ], [ -42.358316, -9.164966 ], [ -42.358187, -9.165322 ], [ -42.357774999999897, -9.165622 ], [ -42.357616, -9.166329 ], [ -42.357629, -9.167133 ], [ -42.357702, -9.167463 ], [ -42.35784, -9.167624 ], [ -42.358389, -9.167857 ], [ -42.358561, -9.168005 ], [ -42.358805, -9.168297 ], [ -42.358989, -9.168676 ], [ -42.359288999999897, -9.169053 ], [ -42.359352999999899, -9.169205 ], [ -42.359448, -9.169637 ], [ -42.359461, -9.170035 ], [ -42.359242, -9.170522 ], [ -42.35916, -9.170802 ], [ -42.359057, -9.170967 ], [ -42.35889, -9.170971 ], [ -42.358744, -9.17078 ], [ -42.358538, -9.170505 ], [ -42.358053, -9.170399 ], [ -42.35695, -9.170421 ], [ -42.356521, -9.170569 ], [ -42.355847, -9.171064 ], [ -42.355317, -9.17172 ], [ -42.354841, -9.172211 ], [ -42.354492999999898, -9.172537 ], [ -42.354257, -9.172673 ], [ -42.353944, -9.173194 ], [ -42.353836999999899, -9.173554 ], [ -42.353922, -9.174045 ], [ -42.353966, -9.174319 ], [ -42.353971, -9.174602 ], [ -42.353919, -9.174818 ], [ -42.353837999999897, -9.174886 ], [ -42.35319, -9.174835 ], [ -42.352528999999898, -9.174954 ], [ -42.352113, -9.174894 ], [ -42.351207, -9.174958 ], [ -42.350957999999899, -9.174984 ], [ -42.350665999999897, -9.17506 ], [ -42.350392, -9.174971 ], [ -42.349735, -9.174573 ], [ -42.349055, -9.174363 ], [ -42.348616999999898, -9.174427 ], [ -42.347737, -9.174859 ], [ -42.347501, -9.174935 ], [ -42.347184, -9.174918 ], [ -42.346952, -9.174719 ], [ -42.346832, -9.174266 ], [ -42.346663, -9.173959 ], [ -42.345706, -9.173256 ], [ -42.345033, -9.173336 ], [ -42.344415, -9.173683 ], [ -42.343873, -9.174197 ], [ -42.343289, -9.175069 ], [ -42.343052, -9.175579 ], [ -42.342875999999897, -9.175824 ], [ -42.342855, -9.175956 ], [ -42.342958, -9.176248 ], [ -42.343246, -9.176716 ], [ -42.343401, -9.176999 ], [ -42.343572, -9.177448 ], [ -42.343640999999899, -9.177698 ], [ -42.343332, -9.178418 ], [ -42.343045, -9.178876 ], [ -42.342791, -9.179105 ], [ -42.342444, -9.179211 ], [ -42.341074999999897, -9.179003 ], [ -42.340375, -9.17891 ], [ -42.34004, -9.178876 ], [ -42.339822, -9.178817 ], [ -42.339486, -9.178491 ], [ -42.339207, -9.178118 ], [ -42.339224, -9.17794 ], [ -42.339357, -9.177339 ], [ -42.339576, -9.17703 ], [ -42.339759, -9.176619 ], [ -42.339858, -9.176259 ], [ -42.339798, -9.176018 ], [ -42.339639, -9.175679 ], [ -42.339592, -9.175116 ], [ -42.33954, -9.17473 ], [ -42.339528, -9.174543 ], [ -42.33933, -9.174501 ], [ -42.338952999999897, -9.17473 ], [ -42.338046, -9.175627 ], [ -42.337578, -9.176296 ], [ -42.337033, -9.176805 ], [ -42.336329, -9.177308 ], [ -42.335530999999897, -9.177812 ], [ -42.335400999999898, -9.177998 ], [ -42.335310999999898, -9.178138 ], [ -42.335011, -9.178252 ], [ -42.334148, -9.178269 ], [ -42.33365, -9.178223 ], [ -42.333367, -9.178015 ], [ -42.332835, -9.177448 ], [ -42.332427, -9.177211 ], [ -42.332007, -9.17708 ], [ -42.331676, -9.177038 ], [ -42.331337, -9.177313 ], [ -42.331117999999897, -9.177605 ], [ -42.330762, -9.177648 ], [ -42.330492, -9.177584 ], [ -42.330324, -9.177495 ], [ -42.330036999999898, -9.177542 ], [ -42.329788, -9.177669 ], [ -42.329809, -9.177989 ], [ -42.330183, -9.178438 ], [ -42.330444999999898, -9.178819 ], [ -42.330569, -9.179234 ], [ -42.330804999999899, -9.179738 ], [ -42.33104, -9.179867 ], [ -42.331512, -9.17996 ], [ -42.331885, -9.180392 ], [ -42.332023, -9.180595 ], [ -42.331963, -9.181018 ], [ -42.331747999999898, -9.18181 ], [ -42.331601, -9.182236 ], [ -42.331507, -9.182397 ], [ -42.331279, -9.182511 ], [ -42.330503, -9.18257 ], [ -42.330185, -9.182608 ], [ -42.329991999999898, -9.182735 ], [ -42.329846, -9.183078 ], [ -42.329696, -9.183455 ], [ -42.329408, -9.1837 ], [ -42.328915, -9.184064 ], [ -42.328863, -9.184242 ], [ -42.328837, -9.184441 ], [ -42.328657, -9.184943 ], [ -42.3301542, -9.185422 ], [ -42.331977499999901, -9.185975599999949 ], [ -42.333115, -9.186298 ], [ -42.334458, -9.186736 ], [ -42.335444, -9.187114 ], [ -42.33629, -9.18763 ], [ -42.3372509, -9.188150699999939 ], [ -42.337566, -9.188236 ], [ -42.338549, -9.188334 ], [ -42.341319999999897, -9.188503 ], [ -42.342861, -9.188499 ], [ -42.34757, -9.188275 ], [ -42.349977, -9.188161 ], [ -42.3506, -9.188046 ], [ -42.351149, -9.187852 ], [ -42.351342, -9.187839 ], [ -42.351793, -9.187923 ], [ -42.352196, -9.188059 ], [ -42.354187, -9.187945 ], [ -42.356563, -9.187776 ], [ -42.358146, -9.187683 ], [ -42.360900199999897, -9.187511899999951 ], [ -42.369127999999897, -9.187501 ], [ -42.369875, -9.187509 ], [ -42.3706, -9.187357 ], [ -42.372154, -9.186857 ], [ -42.374745, -9.186068 ], [ -42.379811, -9.184554 ], [ -42.382832, -9.183665 ], [ -42.387830999999899, -9.182179 ], [ -42.388591, -9.18198 ], [ -42.38933, -9.181748 ], [ -42.390583, -9.181002 ], [ -42.391377, -9.180422 ], [ -42.392372, -9.179886 ], [ -42.393710999999897, -9.17956 ], [ -42.396847, -9.17883 ], [ -42.398208, -9.178563 ], [ -42.400338, -9.177997 ], [ -42.402367, -9.17751 ], [ -42.402963, -9.177422 ], [ -42.408397, -9.177773 ], [ -42.410267, -9.177646 ], [ -42.414060699999901, -9.177218499999981 ], [ -42.4155979, -9.176924499999931 ], [ -42.423349599999902, -9.17592909999996 ], [ -42.4248532, -9.175634799999949 ], [ -42.425601, -9.175474 ], [ -42.426690999999899, -9.175313 ], [ -42.427064, -9.175339 ], [ -42.4291195, -9.175427299999971 ], [ -42.430003999999897, -9.175453 ], [ -42.431106999999898, -9.175398 ], [ -42.432158, -9.175152 ], [ -42.432944, -9.174839 ], [ -42.433222999999899, -9.174695 ], [ -42.434343, -9.17395 ], [ -42.434969, -9.173387 ], [ -42.435759, -9.172824 ], [ -42.436354999999899, -9.172387 ], [ -42.437134, -9.172126 ], [ -42.438494999999897, -9.171783 ], [ -42.439658, -9.171678 ], [ -42.440286, -9.171649 ], [ -42.442028999999899, -9.171848 ], [ -42.442939, -9.171932 ], [ -42.443928, -9.171996 ], [ -42.446404, -9.171903 ], [ -42.447121, -9.17181 ], [ -42.451082, -9.171217 ], [ -42.45373, -9.170828 ], [ -42.455189, -9.170997 ], [ -42.4599254, -9.17180949999994 ], [ -42.462908, -9.172355 ], [ -42.469510899999896, -9.19034349999993 ], [ -42.4696491, -9.19071859999997 ], [ -42.470318099999901, -9.192533699999959 ], [ -42.470513599999897, -9.193064199999981 ], [ -42.493402499999902, -9.255183799999941 ], [ -42.4934368, -9.255277 ], [ -42.493883099999898, -9.256487799999951 ], [ -42.577502799999898, -9.29970429999997 ] ] ] ] } },
{ "type": "Feature", "properties": { "CD_MUN": "2201929", "NM_MUN": "Bonfim do Piauí", "CD_RGI": "220013", "NM_RGI": "São Raimundo Nonato", "CD_RGINT": "2204", "NM_RGINT": "São Raimundo Nonato", "CD_UF": "22", "NM_UF": "Piauí", "SIGLA_UF": "PI", "CD_REGIAO": "2", "NM_REGIAO": "Nordeste", "SIGLA_RG": "NE", "CD_CONCURB": null, "NM_CONCURB": null, "AREA_KM2": 289.149 }, "geometry": { "type": "MultiPolygon", "coordinates": [ [ [ [ -42.8345841, -9.25114749999995 ], [ -42.835025899999899, -9.251725 ], [ -42.8356588, -9.25255229999993 ], [ -42.8421177, -9.260929499999969 ], [ -42.843241, -9.262388 ], [ -42.844284, -9.263692 ], [ -42.844791, -9.264266 ], [ -42.845358, -9.26477 ], [ -42.845933, -9.265129 ], [ -42.847838, -9.265959 ], [ -42.849919999999898, -9.26686 ], [ -42.850881, -9.267372 ], [ -42.852096, -9.268177 ], [ -42.854560999999897, -9.269878 ], [ -42.855342, -9.270475 ], [ -42.855846, -9.270938 ], [ -42.856344, -9.271641 ], [ -42.856721999999898, -9.272466 ], [ -42.856988, -9.273156 ], [ -42.858925999999897, -9.278816 ], [ -42.860783, -9.284185 ], [ -42.861934, -9.287428 ], [ -42.862861, -9.290238 ], [ -42.863794, -9.292956 ], [ -42.86576, -9.296977 ], [ -42.866062, -9.297722 ], [ -42.866298, -9.298709 ], [ -42.866341, -9.299737 ], [ -42.865956299999901, -9.30321819999995 ], [ -42.865634, -9.306773 ], [ -42.8770562999999, -9.295587399999929 ], [ -42.880111999999897, -9.292595 ], [ -42.880459099999896, -9.29225349999996 ], [ -42.8985991, -9.27446759999998 ], [ -42.8994337, -9.274307399999939 ], [ -42.900578, -9.27343 ], [ -42.9007195, -9.27296179999996 ], [ -42.900697, -9.272408599999951 ], [ -42.900505199999898, -9.271855599999981 ], [ -42.9004557, -9.270806 ], [ -42.901216, -9.26929069999994 ], [ -42.901137199999901, -9.268130099999951 ], [ -42.900855, -9.267476 ], [ -42.901131, -9.266766 ], [ -42.901105, -9.266465 ], [ -42.900942, -9.266127 ], [ -42.900429, -9.265364 ], [ -42.90012, -9.264746 ], [ -42.900056, -9.264179 ], [ -42.900043, -9.263836 ], [ -42.899916, -9.263663 ], [ -42.899805, -9.263286 ], [ -42.899813, -9.263184 ], [ -42.899895, -9.262998 ], [ -42.899993, -9.262905 ], [ -42.900118, -9.262753 ], [ -42.900208, -9.262554 ], [ -42.900191, -9.262416 ], [ -42.899981, -9.262357 ], [ -42.899938, -9.262289 ], [ -42.899963, -9.262162 ], [ -42.900036999999898, -9.262025 ], [ -42.900209, -9.261889 ], [ -42.900351, -9.26172 ], [ -42.900334, -9.261584 ], [ -42.900226, -9.261491 ], [ -42.900025, -9.26136 ], [ -42.899964, -9.261229 ], [ -42.899999, -9.26103 ], [ -42.899973, -9.26092 ], [ -42.899853, -9.260848 ], [ -42.899618, -9.260672 ], [ -42.899399, -9.260638 ], [ -42.898837, -9.260511 ], [ -42.898459, -9.260269 ], [ -42.898459, -9.260147 ], [ -42.898505999999898, -9.259998 ], [ -42.898511, -9.259838 ], [ -42.898505999999898, -9.259626 ], [ -42.898519, -9.259427 ], [ -42.898502, -9.259241 ], [ -42.898382, -9.259126 ], [ -42.89847, -9.258967 ], [ -42.898642, -9.258721 ], [ -42.898868999999898, -9.25862 ], [ -42.899696999999897, -9.258463 ], [ -42.900066, -9.25848 ], [ -42.900277, -9.25834 ], [ -42.900573, -9.257962 ], [ -42.90068, -9.257759 ], [ -42.900641, -9.257594 ], [ -42.900547, -9.257318 ], [ -42.900564, -9.257179 ], [ -42.900684, -9.257069 ], [ -42.900925, -9.256976 ], [ -42.901221, -9.256895 ], [ -42.901474, -9.256988 ], [ -42.901679999999899, -9.256967 ], [ -42.901869, -9.25687 ], [ -42.901997999999899, -9.25665 ], [ -42.902186, -9.256484 ], [ -42.902165, -9.256184 ], [ -42.902096, -9.255989 ], [ -42.902104999999899, -9.255871 ], [ -42.902174, -9.255756 ], [ -42.902288999999897, -9.255659 ], [ -42.902388, -9.255604 ], [ -42.902483, -9.255693 ], [ -42.902628, -9.255727 ], [ -42.902706, -9.255854 ], [ -42.902852, -9.255866 ], [ -42.902976, -9.255811 ], [ -42.902933, -9.255689 ], [ -42.90292, -9.255502 ], [ -42.90301, -9.255443 ], [ -42.903311, -9.255481 ], [ -42.903425, -9.255302 ], [ -42.903472, -9.255086 ], [ -42.903407, -9.254819 ], [ -42.903278999999898, -9.254603 ], [ -42.903123999999899, -9.25443 ], [ -42.903038, -9.25421 ], [ -42.90309, -9.254066 ], [ -42.903274, -9.254002 ], [ -42.903472, -9.253977 ], [ -42.903638999999899, -9.253981 ], [ -42.903818999999899, -9.254214 ], [ -42.904149, -9.254467 ], [ -42.904303, -9.254602 ], [ -42.904445, -9.254665 ], [ -42.904535, -9.254657 ], [ -42.904552, -9.254602 ], [ -42.904548, -9.254445 ], [ -42.904548, -9.254276 ], [ -42.904578, -9.254229 ], [ -42.904702, -9.254268 ], [ -42.904853, -9.254314 ], [ -42.904904, -9.254217 ], [ -42.904874, -9.254081 ], [ -42.904883, -9.25392 ], [ -42.905011, -9.253887 ], [ -42.905222, -9.253908 ], [ -42.905453, -9.253899 ], [ -42.905707, -9.253874 ], [ -42.906007, -9.2537 ], [ -42.906132, -9.25367 ], [ -42.906188, -9.253712 ], [ -42.906193, -9.253835 ], [ -42.906227, -9.253971 ], [ -42.906506, -9.253996 ], [ -42.906759, -9.253979 ], [ -42.907004, -9.253873 ], [ -42.907184, -9.253945 ], [ -42.907376999999897, -9.254068 ], [ -42.907476, -9.253996 ], [ -42.907530999999899, -9.253835 ], [ -42.907646999999898, -9.253729 ], [ -42.907828, -9.253687 ], [ -42.908021, -9.253763 ], [ -42.908201, -9.253878 ], [ -42.908368, -9.25378 ], [ -42.908403, -9.253615 ], [ -42.90833, -9.253416 ], [ -42.908321, -9.253204 ], [ -42.908389999999898, -9.252972 ], [ -42.908561, -9.252768 ], [ -42.908772, -9.252565 ], [ -42.908955999999897, -9.252502 ], [ -42.909184, -9.252531 ], [ -42.9093, -9.252752 ], [ -42.909377, -9.25287 ], [ -42.90963, -9.252883 ], [ -42.909773, -9.252929 ], [ -42.909737999999898, -9.25322 ], [ -42.909720999999898, -9.25347 ], [ -42.909803, -9.253568 ], [ -42.909996, -9.253483 ], [ -42.910142, -9.253352 ], [ -42.910339, -9.253276 ], [ -42.910412, -9.253424 ], [ -42.910351999999897, -9.253585 ], [ -42.910541, -9.253657 ], [ -42.910772999999899, -9.253627 ], [ -42.911009, -9.25353 ], [ -42.91097, -9.253403 ], [ -42.910863, -9.253263 ], [ -42.910897, -9.253136 ], [ -42.911062, -9.253003 ], [ -42.911234, -9.252964 ], [ -42.911414, -9.253011 ], [ -42.911942, -9.253303 ], [ -42.912474, -9.253629 ], [ -42.912633, -9.253646 ], [ -42.912685, -9.253485 ], [ -42.912749, -9.253333 ], [ -42.912869, -9.253261 ], [ -42.913024, -9.253248 ], [ -42.91326, -9.253286 ], [ -42.913443, -9.253234 ], [ -42.913682999999899, -9.253153 ], [ -42.91398, -9.252933 ], [ -42.914091, -9.252806 ], [ -42.914005, -9.252582 ], [ -42.913851, -9.252285 ], [ -42.913747999999899, -9.252162 ], [ -42.913592999999899, -9.252112 ], [ -42.913576, -9.251964 ], [ -42.913606, -9.251837 ], [ -42.913679, -9.251743 ], [ -42.913769, -9.251616 ], [ -42.91385, -9.25145 ], [ -42.914039, -9.251141 ], [ -42.91415, -9.251027 ], [ -42.914348, -9.251065 ], [ -42.914545, -9.251035 ], [ -42.915231999999897, -9.250053 ], [ -42.915287, -9.249871 ], [ -42.91521, -9.249765 ], [ -42.915163, -9.249664 ], [ -42.915213999999899, -9.249587 ], [ -42.915356, -9.249524 ], [ -42.915616999999898, -9.249148 ], [ -42.916029, -9.248458 ], [ -42.916012, -9.248348 ], [ -42.915879, -9.248335 ], [ -42.915681, -9.248297 ], [ -42.915612, -9.248141 ], [ -42.915492, -9.24803 ], [ -42.915286, -9.248014 ], [ -42.91511, -9.247865 ], [ -42.915183, -9.247713 ], [ -42.915329, -9.247548 ], [ -42.915376, -9.247395 ], [ -42.915394999999897, -9.247125 ], [ -42.915343, -9.246706 ], [ -42.915382, -9.246431 ], [ -42.915541, -9.246114 ], [ -42.915541, -9.245796 ], [ -42.915613999999898, -9.245597 ], [ -42.91588, -9.24533 ], [ -42.916094, -9.244849 ], [ -42.916098, -9.244697 ], [ -42.91603, -9.244536 ], [ -42.915759, -9.244401 ], [ -42.915644, -9.244265 ], [ -42.915661, -9.244134 ], [ -42.915776999999899, -9.244083 ], [ -42.915914, -9.24407 ], [ -42.915965, -9.243969 ], [ -42.915944, -9.243804 ], [ -42.915854, -9.243474 ], [ -42.915709799999902, -9.243105 ], [ -42.915567, -9.242737 ], [ -42.91531, -9.24181 ], [ -42.915203, -9.241035 ], [ -42.915271, -9.240417 ], [ -42.915194, -9.239883 ], [ -42.915349, -9.238914 ], [ -42.91531, -9.238795 ], [ -42.915056999999898, -9.238579 ], [ -42.914769, -9.238469 ], [ -42.913902, -9.23805 ], [ -42.913344, -9.23794 ], [ -42.913262, -9.237863 ], [ -42.913721, -9.237308 ], [ -42.914013, -9.236969 ], [ -42.914451, -9.236885 ], [ -42.915433, -9.236745 ], [ -42.915638999999899, -9.236669 ], [ -42.915664999999898, -9.236482 ], [ -42.915596, -9.236258 ], [ -42.915532, -9.235699 ], [ -42.915433, -9.235428 ], [ -42.915073, -9.235259 ], [ -42.914395, -9.235051 ], [ -42.913747, -9.234742 ], [ -42.913401, -9.234643099999969 ], [ -42.9129836, -9.234518499999981 ], [ -42.912614, -9.234395 ], [ -42.9126231, -9.234193699999929 ], [ -42.9127, -9.233811 ], [ -42.912957999999897, -9.233054 ], [ -42.913623, -9.231869 ], [ -42.913679, -9.231589 ], [ -42.913662, -9.231344 ], [ -42.913512, -9.231111 ], [ -42.913429999999899, -9.230845 ], [ -42.913412999999899, -9.230222 ], [ -42.913322999999899, -9.229943 ], [ -42.912940999999897, -9.229528 ], [ -42.912696, -9.229062 ], [ -42.912469, -9.228821 ], [ -42.912276, -9.228855 ], [ -42.912104, -9.228965 ], [ -42.911684, -9.229219 ], [ -42.911278, -9.229486 ], [ -42.910905, -9.229812 ], [ -42.910488, -9.229994 ], [ -42.910012, -9.230011 ], [ -42.909888, -9.229918 ], [ -42.909878999999897, -9.229757 ], [ -42.909849, -9.229596 ], [ -42.909724, -9.229333 ], [ -42.909591, -9.229063 ], [ -42.909599, -9.228632 ], [ -42.909779, -9.228234 ], [ -42.909878, -9.22798 ], [ -42.909765999999898, -9.227713 ], [ -42.909354, -9.227374 ], [ -42.909157, -9.22737 ], [ -42.908912, -9.227472 ], [ -42.908614, -9.227626 ], [ -42.908327, -9.227651 ], [ -42.908103, -9.227541 ], [ -42.907533, -9.227118 ], [ -42.907249, -9.226805 ], [ -42.906391, -9.226639 ], [ -42.905625, -9.226762 ], [ -42.905247, -9.226842 ], [ -42.904943, -9.226707 ], [ -42.904899999999898, -9.226576 ], [ -42.904964, -9.226516 ], [ -42.90514, -9.226478 ], [ -42.905385, -9.226381 ], [ -42.905414999999898, -9.22625 ], [ -42.905302999999897, -9.22614 ], [ -42.904844, -9.226152 ], [ -42.904659, -9.226275 ], [ -42.904496, -9.22666 ], [ -42.904282, -9.226741 ], [ -42.903917, -9.226609 ], [ -42.903715, -9.226364 ], [ -42.903728, -9.226216 ], [ -42.903818, -9.226186 ], [ -42.903968, -9.226212 ], [ -42.904123, -9.226068 ], [ -42.904123, -9.225852 ], [ -42.904029, -9.22578 ], [ -42.90387, -9.225814 ], [ -42.90369, -9.225843 ], [ -42.903616999999898, -9.225737 ], [ -42.903628, -9.22531 ], [ -42.903959, -9.224866 ], [ -42.904018999999899, -9.224459 ], [ -42.903924, -9.224142 ], [ -42.903911999999899, -9.223765 ], [ -42.903972, -9.223668 ], [ -42.904079, -9.223596 ], [ -42.90442, -9.222798 ], [ -42.9045106, -9.22250069999996 ], [ -42.904874999999898, -9.221304 ], [ -42.904857999999898, -9.221164 ], [ -42.904583, -9.221105 ], [ -42.904153999999899, -9.221122 ], [ -42.903835, -9.221213 ], [ -42.903500999999899, -9.221056 ], [ -42.902943, -9.220899 ], [ -42.902217999999898, -9.220789 ], [ -42.902072, -9.220836 ], [ -42.901814, -9.221242 ], [ -42.901814, -9.22178 ], [ -42.901737, -9.222 ], [ -42.901590999999897, -9.222 ], [ -42.901294999999898, -9.221856 ], [ -42.900806, -9.22178 ], [ -42.900565, -9.221285 ], [ -42.900608, -9.220976 ], [ -42.900784, -9.22051 ], [ -42.900776, -9.220061 ], [ -42.900879, -9.219811 ], [ -42.900885, -9.219621 ], [ -42.900712999999897, -9.218588 ], [ -42.900644999999898, -9.217314 ], [ -42.900722, -9.216882 ], [ -42.901030999999897, -9.216479 ], [ -42.901451, -9.216271 ], [ -42.901932, -9.216149 ], [ -42.902287999999899, -9.215962 ], [ -42.902537, -9.215933 ], [ -42.902885, -9.216216 ], [ -42.903353, -9.216572 ], [ -42.903545999999899, -9.216563 ], [ -42.903709, -9.216436 ], [ -42.904039, -9.21611 ], [ -42.904244999999896, -9.215983 ], [ -42.904829999999897, -9.215775 ], [ -42.905029, -9.215681 ], [ -42.905512, -9.215453 ], [ -42.905623999999897, -9.215199 ], [ -42.905577, -9.214954 ], [ -42.905169, -9.214458 ], [ -42.904834, -9.214154 ], [ -42.904637, -9.213938 ], [ -42.904604, -9.213767 ], [ -42.904707, -9.213547 ], [ -42.904917, -9.213429 ], [ -42.905299, -9.213314 ], [ -42.9058641, -9.21323619999993 ], [ -42.906127, -9.2132 ], [ -42.906315999999897, -9.213141 ], [ -42.906517999999899, -9.212997 ], [ -42.906517999999899, -9.212819 ], [ -42.906478799999903, -9.21268849999996 ], [ -42.906466, -9.212646 ], [ -42.90653, -9.21254 ], [ -42.906787999999899, -9.212413 ], [ -42.907234, -9.212142 ], [ -42.907379999999897, -9.211951 ], [ -42.9076062, -9.211906399999981 ], [ -42.910314899999896, -9.211843499999929 ], [ -42.910745399999897, -9.211963099999929 ], [ -42.912701599999899, -9.213584699999959 ], [ -42.9358802, -9.202589299999939 ], [ -42.9361615, -9.202455799999941 ], [ -42.938902299999903, -9.201156 ], [ -42.939475699999903, -9.19116889999998 ], [ -42.9513137, -9.173409499999931 ], [ -42.951528799999899, -9.17308659999998 ], [ -42.969082699999902, -9.14674189999994 ], [ -42.9757433, -9.157150599999969 ], [ -42.9846289, -9.14740169999993 ], [ -42.9846484, -9.14738029999995 ], [ -42.985935599999898, -9.145968 ], [ -42.9859455, -9.145957099999981 ], [ -42.985961, -9.14594009999996 ], [ -42.9860562, -9.145835599999939 ], [ -42.987805, -9.14391689999997 ], [ -42.9883227, -9.14334889999998 ], [ -42.988886799999896, -9.14273 ], [ -42.989133799999898, -9.142459 ], [ -42.989383599999897, -9.142184899999959 ], [ -42.9893847, -9.142183699999981 ], [ -42.989425599999898, -9.14213889999996 ], [ -42.9895551, -9.14199659999997 ], [ -42.9946889, -9.136363699999951 ], [ -42.981948, -9.12959529999995 ], [ -42.978895, -9.127545 ], [ -42.976089, -9.126521 ], [ -42.975183, -9.126173 ], [ -42.972892, -9.125377 ], [ -42.970995, -9.124691 ], [ -42.968137, -9.123683 ], [ -42.96095, -9.121003 ], [ -42.960139, -9.120766 ], [ -42.956071, -9.119291 ], [ -42.953176, -9.118245 ], [ -42.952832999999899, -9.118106 ], [ -42.952331, -9.117936 ], [ -42.951228, -9.117526 ], [ -42.951018, -9.117555 ], [ -42.950691, -9.117733 ], [ -42.950481, -9.117657 ], [ -42.949975, -9.117115 ], [ -42.948996, -9.116734 ], [ -42.946696, -9.115896 ], [ -42.942887, -9.114528 ], [ -42.942445, -9.114532 ], [ -42.941836, -9.114583 ], [ -42.941170999999898, -9.114358 ], [ -42.940658, -9.114122 ], [ -42.939894, -9.113393 ], [ -42.938576, -9.112927 ], [ -42.936077, -9.112018 ], [ -42.932909, -9.110861 ], [ -42.931461, -9.110355 ], [ -42.929684, -9.109694 ], [ -42.9264128, -9.108496 ], [ -42.924261, -9.107708 ], [ -42.9235234, -9.107424299999931 ], [ -42.923144599999901, -9.107278599999971 ], [ -42.922474599999902, -9.10702429999998 ], [ -42.921864, -9.106836 ], [ -42.920946, -9.10637 ], [ -42.919611, -9.105768 ], [ -42.918399399999899, -9.10520029999998 ], [ -42.9178302, -9.10493349999996 ], [ -42.91617, -9.104118 ], [ -42.915873, -9.103959 ], [ -42.914405, -9.103311 ], [ -42.914238, -9.103176 ], [ -42.913045, -9.102659 ], [ -42.91071, -9.101537 ], [ -42.909787, -9.101054 ], [ -42.906379, -9.099462 ], [ -42.902813, -9.097751 ], [ -42.900852, -9.096862 ], [ -42.896198, -9.094642 ], [ -42.895296, -9.094244 ], [ -42.893999, -9.093589 ], [ -42.891230999999898, -9.092242 ], [ -42.887272, -9.090328 ], [ -42.885011, -9.089231 ], [ -42.884109, -9.088816 ], [ -42.883251, -9.088358 ], [ -42.87988, -9.086706 ], [ -42.879357, -9.086579 ], [ -42.878344, -9.086028 ], [ -42.878013, -9.085732 ], [ -42.877713, -9.085677 ], [ -42.876966, -9.085287 ], [ -42.876576, -9.085139 ], [ -42.876261999999898, -9.085029 ], [ -42.875623, -9.084639 ], [ -42.8736828, -9.083681599999981 ], [ -42.8699973, -9.08188959999995 ], [ -42.8666835, -9.080272 ], [ -42.864179099999902, -9.07904279999997 ], [ -42.8598951, -9.07696039999996 ], [ -42.857981, -9.076065 ], [ -42.8455063, -9.069847599999949 ], [ -42.8191871, -9.09072569999995 ], [ -42.8191525, -9.09075309999997 ], [ -42.818965799999901, -9.09090119999996 ], [ -42.8187698, -9.091057 ], [ -42.8166358, -9.09401819999994 ], [ -42.816066, -9.09481779999993 ], [ -42.8018638, -9.11456719999995 ], [ -42.8009140999999, -9.117897199999961 ], [ -42.8002066, -9.120377899999941 ], [ -42.800200699999898, -9.12039859999993 ], [ -42.7954316, -9.137115899999969 ], [ -42.8113713, -9.16789049999994 ], [ -42.803664899999902, -9.183923599999961 ], [ -42.803267199999901, -9.18475489999997 ], [ -42.803229499999901, -9.184829399999961 ], [ -42.798555899999897, -9.19455119999998 ], [ -42.812899699999903, -9.21989819999993 ], [ -42.8161734, -9.22568319999993 ], [ -42.819465299999898, -9.231500399999961 ], [ -42.819705, -9.231884 ], [ -42.8225978, -9.235632199999939 ], [ -42.826222, -9.240233 ], [ -42.8330849, -9.24919059999996 ], [ -42.8345841, -9.25114749999995 ] ] ] ] } },
{ "type": "Feature", "properties": { "CD_MUN": "2209559", "NM_MUN": "São Braz do Piauí", "CD_RGI": "220013", "NM_RGI": "São Raimundo Nonato", "CD_RGINT": "2204", "NM_RGINT": "São Raimundo Nonato", "CD_UF": "22", "NM_UF": "Piauí", "SIGLA_UF": "PI", "CD_REGIAO": "2", "NM_REGIAO": "Nordeste", "SIGLA_RG": "NE", "CD_CONCURB": null, "NM_CONCURB": null, "AREA_KM2": 656.042 }, "geometry": { "type": "MultiPolygon", "coordinates": [ [ [ [ -42.8666835, -9.080272 ], [ -42.8699973, -9.08188959999995 ], [ -42.8736828, -9.083681599999981 ], [ -42.875623, -9.084639 ], [ -42.876261999999898, -9.085029 ], [ -42.876576, -9.085139 ], [ -42.876966, -9.085287 ], [ -42.877713, -9.085677 ], [ -42.878013, -9.085732 ], [ -42.878344, -9.086028 ], [ -42.879357, -9.086579 ], [ -42.87988, -9.086706 ], [ -42.883251, -9.088358 ], [ -42.884109, -9.088816 ], [ -42.885011, -9.089231 ], [ -42.887272, -9.090328 ], [ -42.891230999999898, -9.092242 ], [ -42.893999, -9.093589 ], [ -42.895296, -9.094244 ], [ -42.896198, -9.094642 ], [ -42.900852, -9.096862 ], [ -42.902813, -9.097751 ], [ -42.906379, -9.099462 ], [ -42.909787, -9.101054 ], [ -42.91071, -9.101537 ], [ -42.913045, -9.102659 ], [ -42.914238, -9.103176 ], [ -42.914405, -9.103311 ], [ -42.915873, -9.103959 ], [ -42.91617, -9.104118 ], [ -42.9178302, -9.10493349999996 ], [ -42.918399399999899, -9.10520029999998 ], [ -42.919611, -9.105768 ], [ -42.920946, -9.10637 ], [ -42.921864, -9.106836 ], [ -42.922474599999902, -9.10702429999998 ], [ -42.923144599999901, -9.107278599999971 ], [ -42.9235234, -9.107424299999931 ], [ -42.924261, -9.107708 ], [ -42.9264128, -9.108496 ], [ -42.929684, -9.109694 ], [ -42.931461, -9.110355 ], [ -42.932909, -9.110861 ], [ -42.936077, -9.112018 ], [ -42.938576, -9.112927 ], [ -42.939894, -9.113393 ], [ -42.940658, -9.114122 ], [ -42.941170999999898, -9.114358 ], [ -42.941836, -9.114583 ], [ -42.942445, -9.114532 ], [ -42.942887, -9.114528 ], [ -42.946696, -9.115896 ], [ -42.948996, -9.116734 ], [ -42.949975, -9.117115 ], [ -42.950481, -9.117657 ], [ -42.950691, -9.117733 ], [ -42.951018, -9.117555 ], [ -42.951228, -9.117526 ], [ -42.952331, -9.117936 ], [ -42.952832999999899, -9.118106 ], [ -42.953176, -9.118245 ], [ -42.956071, -9.119291 ], [ -42.960139, -9.120766 ], [ -42.96095, -9.121003 ], [ -42.968137, -9.123683 ], [ -42.970995, -9.124691 ], [ -42.972892, -9.125377 ], [ -42.975183, -9.126173 ], [ -42.976089, -9.126521 ], [ -42.978895, -9.127545 ], [ -42.981948, -9.12959529999995 ], [ -42.988239099999902, -9.124762899999951 ], [ -42.9936092, -9.117897199999961 ], [ -43.0064053, -9.10153729999996 ], [ -43.0064202, -9.10151889999997 ], [ -43.0073922999999, -9.10031549999997 ], [ -43.0169776, -9.08807559999997 ], [ -43.0472857, -9.08186789999996 ], [ -43.0444021, -9.089251599999949 ], [ -43.0609261, -9.08923579999993 ], [ -43.0918832999999, -9.08920619999998 ], [ -43.1029108, -9.096219 ], [ -43.106375, -9.06347129999995 ], [ -43.1079043, -9.048986099999979 ], [ -43.113826399999901, -8.99289489999995 ], [ -43.1015614, -8.92778879999997 ], [ -43.0798071, -8.81231089999994 ], [ -43.0168849, -8.81548579999998 ], [ -43.0188236, -8.72669859999996 ], [ -43.0200603, -8.700966 ], [ -43.0198573, -8.701022399999941 ], [ -43.0178756, -8.70224919999993 ], [ -43.0162713, -8.70427809999995 ], [ -43.0143368, -8.707297799999941 ], [ -43.013251599999897, -8.709326699999959 ], [ -42.9901316999999, -8.709373899999949 ], [ -42.9831781, -8.710238899999981 ], [ -42.9825777, -8.71806829999997 ], [ -42.9825648, -8.718236799999939 ], [ -42.976938, -8.810715 ], [ -42.9767052999999, -8.811348 ], [ -42.976665, -8.81248129999994 ], [ -42.964392299999901, -8.844358899999969 ], [ -42.9604343, -8.86985489999995 ], [ -42.958738, -8.88088309999995 ], [ -42.957758199999901, -8.88725359999995 ], [ -42.957049, -8.888123 ], [ -42.953223, -8.918211 ], [ -42.9532621, -8.92040439999994 ], [ -42.953423, -8.929438 ], [ -42.953884199999898, -8.930610099999971 ], [ -42.9570533, -8.94097209999995 ], [ -42.9574956, -8.946154299999931 ], [ -42.9541136, -8.952311 ], [ -42.9500581, -8.95823189999993 ], [ -42.947363799999899, -8.95863339999994 ], [ -42.9442195, -8.96084279999997 ], [ -42.9421914, -8.962604299999949 ], [ -42.940314999999899, -8.966605 ], [ -42.939388, -8.967867 ], [ -42.938761, -8.969655 ], [ -42.938162, -8.971617 ], [ -42.938076, -8.97196 ], [ -42.937925999999898, -8.972062 ], [ -42.937403, -8.972181 ], [ -42.937181, -8.972282 ], [ -42.936975, -8.972524 ], [ -42.936442, -8.972583 ], [ -42.936236999999899, -8.972668 ], [ -42.936085999999897, -8.972807 ], [ -42.935872, -8.972829 ], [ -42.935262, -8.972706 ], [ -42.93497, -8.972718 ], [ -42.934511, -8.972867 ], [ -42.93404, -8.97316 ], [ -42.933495, -8.973363 ], [ -42.933289, -8.973384 ], [ -42.932937, -8.973316 ], [ -42.93256, -8.973405 ], [ -42.932058, -8.973672 ], [ -42.931723, -8.973734 ], [ -42.931486999999898, -8.973726 ], [ -42.931379999999898, -8.973759 ], [ -42.931191, -8.974344 ], [ -42.931178, -8.974628 ], [ -42.931071, -8.974797 ], [ -42.93083, -8.975035 ], [ -42.930551, -8.975386 ], [ -42.930411, -8.975453 ], [ -42.929938999999898, -8.975508 ], [ -42.929350999999897, -8.975801 ], [ -42.929063, -8.976169 ], [ -42.928835999999897, -8.97633 ], [ -42.928342, -8.977084 ], [ -42.928247999999897, -8.977364 ], [ -42.928012, -8.977783 ], [ -42.92754, -8.978402 ], [ -42.927359, -8.978504 ], [ -42.926214, -8.978804 ], [ -42.925965, -8.978957 ], [ -42.925724, -8.97916 ], [ -42.924407, -8.979652 ], [ -42.924089, -8.979972 ], [ -42.92387, -8.980218 ], [ -42.923433, -8.980684 ], [ -42.922891999999898, -8.981141 ], [ -42.922677, -8.981641 ], [ -42.922334, -8.981972 ], [ -42.922218, -8.982103 ], [ -42.922209, -8.982546 ], [ -42.922238999999898, -8.982842 ], [ -42.922196, -8.983325 ], [ -42.922312, -8.984185 ], [ -42.922306999999897, -8.984668 ], [ -42.922251, -8.985019 ], [ -42.922161, -8.98515 ], [ -42.921835, -8.985586 ], [ -42.921718999999896, -8.985993 ], [ -42.921629, -8.986345 ], [ -42.921204, -8.986802 ], [ -42.920955, -8.987429 ], [ -42.920972999999897, -8.987772 ], [ -42.920915, -8.988089 ], [ -42.920794, -8.988589 ], [ -42.920374, -8.989241 ], [ -42.920108, -8.990077 ], [ -42.919112, -8.991975 ], [ -42.918558, -8.993046 ], [ -42.918197, -8.994105 ], [ -42.917797999999898, -8.995185 ], [ -42.917544, -8.995733 ], [ -42.917239, -8.996313 ], [ -42.917222, -8.99697 ], [ -42.917037, -8.997516 ], [ -42.916933, -8.998307 ], [ -42.916722999999898, -8.998976 ], [ -42.91668, -8.999234 ], [ -42.916722999999898, -8.999971 ], [ -42.916824, -9.000622 ], [ -42.917064, -9.001262 ], [ -42.917352, -9.001686 ], [ -42.917386, -9.001931 ], [ -42.917326, -9.002385 ], [ -42.917158, -9.002749 ], [ -42.916957, -9.002846 ], [ -42.916694999999898, -9.002914 ], [ -42.916438, -9.003095 ], [ -42.916038, -9.003637 ], [ -42.915652, -9.004149 ], [ -42.91545, -9.004395 ], [ -42.915468, -9.004692 ], [ -42.915408, -9.004954 ], [ -42.915227, -9.005187 ], [ -42.914605, -9.005314 ], [ -42.914288999999897, -9.005634 ], [ -42.914048, -9.00624 ], [ -42.913932, -9.006723 ], [ -42.913713, -9.007015 ], [ -42.912729, -9.007955 ], [ -42.912638, -9.008239 ], [ -42.912317, -9.009344 ], [ -42.911952, -9.010441 ], [ -42.911763, -9.010987 ], [ -42.911591, -9.011593 ], [ -42.911380999999899, -9.011911 ], [ -42.910832, -9.012487 ], [ -42.910274, -9.013116 ], [ -42.909677, -9.013756 ], [ -42.908909, -9.014103 ], [ -42.908214, -9.014319 ], [ -42.907798, -9.014611 ], [ -42.907726, -9.015142 ], [ -42.907463999999898, -9.015438 ], [ -42.907150999999899, -9.015989 ], [ -42.906947, -9.016325 ], [ -42.906664, -9.016749 ], [ -42.906419, -9.016957 ], [ -42.905977, -9.017139 ], [ -42.905492, -9.017304 ], [ -42.905041, -9.017617 ], [ -42.904969, -9.017968 ], [ -42.905034, -9.018201 ], [ -42.904922, -9.018861 ], [ -42.904819, -9.0192 ], [ -42.904592, -9.019298 ], [ -42.904223, -9.019611 ], [ -42.903769, -9.020067 ], [ -42.9036788, -9.020165 ], [ -42.903258, -9.020622 ], [ -42.902515999999899, -9.021033 ], [ -42.901876, -9.021122 ], [ -42.901524, -9.021007 ], [ -42.901184999999899, -9.020969 ], [ -42.900894, -9.020952 ], [ -42.900627, -9.02102 ], [ -42.900499, -9.021168 ], [ -42.900489999999898, -9.021461 ], [ -42.900821, -9.021867 ], [ -42.900846, -9.022261 ], [ -42.900708, -9.023026 ], [ -42.900618, -9.024068 ], [ -42.900596, -9.024483 ], [ -42.900571, -9.025893 ], [ -42.900571, -9.026266 ], [ -42.900502, -9.026876 ], [ -42.900441999999899, -9.027092 ], [ -42.900476, -9.027291 ], [ -42.900545, -9.027494 ], [ -42.900447, -9.027657 ], [ -42.900293, -9.027653 ], [ -42.900048, -9.027492 ], [ -42.899825, -9.027475 ], [ -42.899353, -9.027763 ], [ -42.898877, -9.028115 ], [ -42.898443, -9.028233 ], [ -42.897863, -9.028373 ], [ -42.897511, -9.028509 ], [ -42.897253, -9.028848 ], [ -42.897322, -9.02917 ], [ -42.897322, -9.029449 ], [ -42.89714, -9.02975 ], [ -42.896964, -9.029877 ], [ -42.896762, -9.029944 ], [ -42.896636999999899, -9.029881 ], [ -42.896589999999897, -9.029741 ], [ -42.896453, -9.029699 ], [ -42.896281, -9.029754 ], [ -42.896191, -9.029813 ], [ -42.896152, -9.029974 ], [ -42.896127, -9.030135 ], [ -42.896037, -9.030199 ], [ -42.895796, -9.030169 ], [ -42.895625, -9.030148 ], [ -42.895522, -9.029978 ], [ -42.895569, -9.029826 ], [ -42.895423, -9.029711 ], [ -42.895195, -9.02975 ], [ -42.894779, -9.02987 ], [ -42.894333, -9.02976 ], [ -42.893852, -9.029726 ], [ -42.89247, -9.030243 ], [ -42.890779, -9.031488 ], [ -42.889333, -9.031852 ], [ -42.8883059, -9.031973 ], [ -42.888213, -9.031983 ], [ -42.88772, -9.032334 ], [ -42.886951, -9.033249 ], [ -42.886029, -9.03472 ], [ -42.8805828, -9.03932059999994 ], [ -42.866524599999899, -9.050524499999939 ], [ -42.8455063, -9.069847599999949 ], [ -42.857981, -9.076065 ], [ -42.8598951, -9.07696039999996 ], [ -42.864179099999902, -9.07904279999997 ], [ -42.8666835, -9.080272 ] ] ] ] } },
{ "type": "Feature", "properties": { "CD_MUN": "2200707", "NM_MUN": "Anísio de Abreu", "CD_RGI": "220013", "NM_RGI": "São Raimundo Nonato", "CD_RGINT": "2204", "NM_RGINT": "São Raimundo Nonato", "CD_UF": "22", "NM_UF": "Piauí", "SIGLA_UF": "PI", "CD_REGIAO": "2", "NM_REGIAO": "Nordeste", "SIGLA_RG": "NE", "CD_CONCURB": null, "NM_CONCURB": null, "AREA_KM2": 337.876 }, "geometry": { "type": "MultiPolygon", "coordinates": [ [ [ [ -42.989136899999899, -9.31128919999998 ], [ -42.9892677, -9.311708799999961 ], [ -42.9904071999999, -9.31359669999995 ], [ -42.9920897, -9.31521949999996 ], [ -42.9945168, -9.316711199999929 ], [ -42.9972152, -9.31800329999993 ], [ -42.9993798, -9.31814979999996 ], [ -43.0014111999999, -9.31775829999998 ], [ -43.006010199999899, -9.318017699999929 ], [ -43.0093949, -9.31776929999995 ], [ -43.0116937, -9.31805049999997 ], [ -43.014801599999899, -9.31860579999994 ], [ -43.018323199999898, -9.31808779999994 ], [ -43.0207589, -9.318101199999941 ], [ -43.0226503, -9.31864979999995 ], [ -43.0256087, -9.32189119999998 ], [ -43.026462, -9.32233789999998 ], [ -43.0272952, -9.322774 ], [ -43.0289817, -9.323656799999981 ], [ -43.0320851, -9.325018799999951 ], [ -43.0332834, -9.32594629999994 ], [ -43.033834, -9.326592099999971 ], [ -43.0344517, -9.327650499999949 ], [ -43.0355311, -9.328826799999939 ], [ -43.037671499999902, -9.330261 ], [ -43.038778299999898, -9.33045089999996 ], [ -43.0402343, -9.33045939999994 ], [ -43.0409956, -9.33057759999997 ], [ -43.041825699999897, -9.33088079999993 ], [ -43.0431176, -9.331094099999969 ], [ -43.0470652, -9.33142509999993 ], [ -43.049276899999903, -9.332447299999959 ], [ -43.051210599999898, -9.333650299999929 ], [ -43.0518570999999, -9.333653899999939 ], [ -43.0529625, -9.334210799999941 ], [ -43.0540634, -9.335685499999951 ], [ -43.0547017, -9.337248399999959 ], [ -43.0568028, -9.341573199999971 ], [ -43.0576287, -9.342586399999959 ], [ -43.0578996, -9.34378189999995 ], [ -43.0579779, -9.346261 ], [ -43.058518999999897, -9.34864929999998 ], [ -43.0580765999999, -9.34930589999993 ], [ -43.055070999999899, -9.350805599999941 ], [ -43.054672599999897, -9.351336499999951 ], [ -43.0546677, -9.352151299999949 ], [ -43.0545807, -9.35257169999994 ], [ -43.053804699999901, -9.354729799999969 ], [ -43.0540179, -9.35728679999994 ], [ -43.0553879, -9.360045 ], [ -43.0563407, -9.361566 ], [ -43.0563586, -9.362122 ], [ -43.056166, -9.36371839999993 ], [ -43.056275099999901, -9.365276 ], [ -43.057115699999898, -9.36708949999996 ], [ -43.0582343, -9.368898199999929 ], [ -43.0588662, -9.370168599999939 ], [ -43.0588571, -9.37180619999998 ], [ -43.061983199999901, -9.38346739999997 ], [ -43.060909299999899, -9.385362399999959 ], [ -43.0598267, -9.388735799999949 ], [ -43.0581051999999, -9.392318199999981 ], [ -43.0580977, -9.393585299999931 ], [ -43.059309799999902, -9.396952099999959 ], [ -43.0607284, -9.395448 ], [ -43.0618928, -9.394580499999959 ], [ -43.0642798, -9.393790199999961 ], [ -43.066609899999897, -9.39404759999996 ], [ -43.0732234, -9.39983069999994 ], [ -43.074511, -9.399989 ], [ -43.0824994, -9.33222619999998 ], [ -43.0825422, -9.33186319999993 ], [ -43.0876503, -9.288532799999929 ], [ -43.1048322, -9.248100799999969 ], [ -43.1049116, -9.247914 ], [ -43.106957099999903, -9.24309909999994 ], [ -43.0854173, -9.20258689999997 ], [ -43.0838357, -9.19961219999993 ], [ -43.083616499999899, -9.199200099999929 ], [ -43.0832874, -9.198581099999959 ], [ -43.0830715, -9.198175 ], [ -43.083146, -9.197419399999941 ], [ -43.0832283, -9.196584199999959 ], [ -43.0832389, -9.196476399999939 ], [ -43.083449899999898, -9.194335099999931 ], [ -43.0834593, -9.19423849999993 ], [ -43.083602599999899, -9.192783799999971 ], [ -43.083608599999899, -9.192722799999959 ], [ -43.0836135, -9.19267269999995 ], [ -43.0836155, -9.19265269999994 ], [ -43.083671299999899, -9.192085399999939 ], [ -43.0836947, -9.191815399999941 ], [ -43.0861406, -9.167015 ], [ -43.0868535, -9.166336499999939 ], [ -43.0879088, -9.16533209999994 ], [ -43.0895073, -9.16381059999998 ], [ -43.0985772, -9.155177699999969 ], [ -43.107406, -9.14677289999997 ], [ -43.1098203, -9.117897199999961 ], [ -43.1111926, -9.101484699999959 ], [ -43.1029108, -9.096219 ], [ -43.0918832999999, -9.08920619999998 ], [ -43.0609261, -9.08923579999993 ], [ -43.0444021, -9.089251599999949 ], [ -43.0472857, -9.08186789999996 ], [ -43.0169776, -9.08807559999997 ], [ -43.0073922999999, -9.10031549999997 ], [ -43.0064202, -9.10151889999997 ], [ -43.0064053, -9.10153729999996 ], [ -42.9936092, -9.117897199999961 ], [ -42.988239099999902, -9.124762899999951 ], [ -42.981948, -9.12959529999995 ], [ -42.9946889, -9.136363699999951 ], [ -42.9895551, -9.14199659999997 ], [ -42.989425599999898, -9.14213889999996 ], [ -42.9893847, -9.142183699999981 ], [ -42.989383599999897, -9.142184899999959 ], [ -42.989133799999898, -9.142459 ], [ -42.988886799999896, -9.14273 ], [ -42.9883227, -9.14334889999998 ], [ -42.987805, -9.14391689999997 ], [ -42.9860562, -9.145835599999939 ], [ -42.985961, -9.14594009999996 ], [ -42.9859455, -9.145957099999981 ], [ -42.985935599999898, -9.145968 ], [ -42.9846484, -9.14738029999995 ], [ -42.9846289, -9.14740169999993 ], [ -42.9757433, -9.157150599999969 ], [ -42.9667269, -9.182047099999981 ], [ -42.966527799999902, -9.182597 ], [ -42.966772499999898, -9.182746499999951 ], [ -42.968441, -9.183771099999939 ], [ -42.970010699999897, -9.18442939999994 ], [ -42.971621, -9.184779799999941 ], [ -42.9726549, -9.18516789999995 ], [ -42.9732665, -9.18566779999998 ], [ -42.973911, -9.18712109999996 ], [ -42.9754722, -9.189304599999961 ], [ -42.976422699999901, -9.190986399999931 ], [ -42.9777486, -9.194142 ], [ -42.9781821, -9.19887349999993 ], [ -42.9779409, -9.200702599999939 ], [ -42.978856999999898, -9.20162389999996 ], [ -42.980614199999899, -9.20315949999997 ], [ -42.9822998, -9.20416069999993 ], [ -42.984449299999902, -9.203868099999969 ], [ -42.986439, -9.20509969999995 ], [ -42.9872728, -9.20693629999994 ], [ -42.9880332, -9.208265199999969 ], [ -42.9881958, -9.210135 ], [ -42.989103699999902, -9.21297519999996 ], [ -42.9889375, -9.214296599999949 ], [ -42.988978599999903, -9.21641159999996 ], [ -42.989292099999901, -9.217417799999961 ], [ -42.989340399999897, -9.21831839999993 ], [ -42.989175499999902, -9.219162 ], [ -42.9888516, -9.22011179999993 ], [ -42.9874513, -9.222959 ], [ -42.9871785, -9.223962799999979 ], [ -42.9871031, -9.22656679999994 ], [ -42.987091399999898, -9.22697139999997 ], [ -42.985978, -9.265411 ], [ -42.976150699999899, -9.28275139999994 ], [ -42.972120899999901, -9.29242469999997 ], [ -42.965627599999898, -9.308013 ], [ -42.966538, -9.30853169999995 ], [ -42.9671453, -9.308735799999971 ], [ -42.9683636, -9.30862529999996 ], [ -42.969654999999896, -9.30767489999994 ], [ -42.9707574, -9.30714329999995 ], [ -42.9727032, -9.30703719999997 ], [ -42.9744067, -9.307794399999979 ], [ -42.976092299999898, -9.30874549999993 ], [ -42.9775136, -9.308753199999961 ], [ -42.979954399999897, -9.307826 ], [ -42.9831376, -9.307238499999929 ], [ -42.9846247, -9.30738139999994 ], [ -42.9869874, -9.308604499999941 ], [ -42.9888693, -9.310430599999959 ], [ -42.989136899999899, -9.31128919999998 ] ] ] ] } },
{ "type": "Feature", "properties": { "CD_MUN": "2208874", "NM_MUN": "Ribeira do Piauí", "CD_RGI": "220014", "NM_RGI": "São João do Piauí", "CD_RGINT": "2204", "NM_RGINT": "São Raimundo Nonato", "CD_UF": "22", "NM_UF": "Piauí", "SIGLA_UF": "PI", "CD_REGIAO": "2", "NM_REGIAO": "Nordeste", "SIGLA_RG": "NE", "CD_CONCURB": null, "NM_CONCURB": null, "AREA_KM2": 1012.479 }, "geometry": { "type": "MultiPolygon", "coordinates": [ [ [ [ -42.5719715, -7.965904 ], [ -42.571966, -7.96594 ], [ -42.5718949, -7.96640319999995 ], [ -42.5617415, -8.031953499999929 ], [ -42.556015, -8.06633219999998 ], [ -42.5231549, -8.081130099999941 ], [ -42.469393, -8.105340699999941 ], [ -42.4639442, -8.178993199999979 ], [ -42.463445299999897, -8.185736599999929 ], [ -42.463278499999902, -8.18799109999998 ], [ -42.462386, -8.20005549999996 ], [ -42.4649173, -8.20266649999996 ], [ -42.463097499999897, -8.20503549999995 ], [ -42.463309799999898, -8.20988449999993 ], [ -42.4644517999999, -8.21132039999998 ], [ -42.464769299999901, -8.212913199999949 ], [ -42.4642722, -8.213704499999951 ], [ -42.464835, -8.215538299999929 ], [ -42.464637, -8.22093619999993 ], [ -42.4628132, -8.22346649999997 ], [ -42.462218699999902, -8.226402 ], [ -42.464003499999897, -8.230067899999939 ], [ -42.461012099999898, -8.234541 ], [ -42.4610465, -8.234552 ], [ -42.4619024, -8.234825399999981 ], [ -42.4648577, -8.23576949999995 ], [ -42.4729426, -8.23935839999996 ], [ -42.4763297, -8.24027939999996 ], [ -42.4815234, -8.241240699999929 ], [ -42.4848643, -8.241726799999981 ], [ -42.4896909, -8.242294499999961 ], [ -42.492166499999897, -8.24234639999997 ], [ -42.495499499999902, -8.24108409999997 ], [ -42.500276, -8.23830829999997 ], [ -42.5332184, -8.224813 ], [ -42.5334185, -8.227666899999971 ], [ -42.535919799999903, -8.23191219999995 ], [ -42.5380807, -8.23381419999993 ], [ -42.540188999999899, -8.236216899999929 ], [ -42.543778099999898, -8.241426 ], [ -42.5455036, -8.24421629999995 ], [ -42.546554199999903, -8.247111799999971 ], [ -42.5468289, -8.25229119999995 ], [ -42.5462219, -8.25442179999993 ], [ -42.5448964, -8.256654699999959 ], [ -42.5417145, -8.261381299999931 ], [ -42.539751399999901, -8.263953599999979 ], [ -42.5384721, -8.266091899999941 ], [ -42.5372532, -8.268336399999949 ], [ -42.536141, -8.271587299999959 ], [ -42.5355802, -8.276159299999961 ], [ -42.535254199999898, -8.281179699999941 ], [ -42.535249599999901, -8.28431 ], [ -42.5356378, -8.287203799999929 ], [ -42.5360774, -8.28896369999995 ], [ -42.5373048, -8.29046279999994 ], [ -42.537883, -8.29084279999995 ], [ -42.5397202999999, -8.29105429999993 ], [ -42.543388999999898, -8.29074959999997 ], [ -42.5461086, -8.291500399999959 ], [ -42.5486079, -8.29298039999998 ], [ -42.553633499999897, -8.29443569999995 ], [ -42.559161, -8.29642849999993 ], [ -42.560722499999898, -8.297313499999969 ], [ -42.5613587, -8.29806949999994 ], [ -42.565393399999898, -8.30027579999995 ], [ -42.569938599999901, -8.30185779999994 ], [ -42.570059199999903, -8.302791799999969 ], [ -42.5713279, -8.30431089999996 ], [ -42.5731357, -8.30475569999993 ], [ -42.5745749, -8.30414409999997 ], [ -42.5755148, -8.303401399999929 ], [ -42.575818899999902, -8.302845699999979 ], [ -42.608029499999901, -8.30255029999995 ], [ -42.6069266, -8.300949699999929 ], [ -42.6063766, -8.29972229999993 ], [ -42.605458999999897, -8.29902049999993 ], [ -42.6045176, -8.29739349999994 ], [ -42.6040055, -8.29679969999995 ], [ -42.603209, -8.296177599999959 ], [ -42.6030314, -8.29563579999996 ], [ -42.6029986, -8.29249849999997 ], [ -42.6026666, -8.29195679999998 ], [ -42.602229599999902, -8.29161979999998 ], [ -42.601871, -8.29118039999997 ], [ -42.601085199999901, -8.28873259999995 ], [ -42.600784299999901, -8.287341799999981 ], [ -42.600374499999901, -8.286696 ], [ -42.6001479, -8.285873399999961 ], [ -42.6003105, -8.28456209999996 ], [ -42.6008858, -8.283331699999961 ], [ -42.601043699999899, -8.282715 ], [ -42.6009965, -8.28212189999994 ], [ -42.6007908999999, -8.281761299999969 ], [ -42.599507399999901, -8.28077689999998 ], [ -42.5991998, -8.280363699999951 ], [ -42.5984619, -8.278636 ], [ -42.5986159, -8.276124099999951 ], [ -42.598777599999899, -8.27534159999993 ], [ -42.598948499999899, -8.27312479999995 ], [ -42.5987688, -8.27249779999994 ], [ -42.5983775, -8.27218339999996 ], [ -42.5968361, -8.27157249999993 ], [ -42.596444899999902, -8.27128379999994 ], [ -42.5962633, -8.270943399999959 ], [ -42.59606, -8.270159599999941 ], [ -42.596170599999901, -8.269011899999949 ], [ -42.5964926, -8.267683 ], [ -42.597402499999902, -8.264531299999931 ], [ -42.5977205, -8.263776299999961 ], [ -42.597992799999901, -8.262186899999961 ], [ -42.597684199999897, -8.26124489999995 ], [ -42.5969395, -8.260655299999939 ], [ -42.5960203, -8.259510899999951 ], [ -42.595808299999902, -8.258804899999969 ], [ -42.595544899999901, -8.257340699999929 ], [ -42.595276899999902, -8.25668819999993 ], [ -42.594481599999902, -8.255591599999949 ], [ -42.593593999999896, -8.253826099999969 ], [ -42.593014599999897, -8.25295549999993 ], [ -42.592371899999897, -8.251230499999959 ], [ -42.5918083, -8.250441199999949 ], [ -42.591483599999897, -8.24936569999994 ], [ -42.5912522, -8.24932989999996 ], [ -42.5907031, -8.24900669999994 ], [ -42.589545799999897, -8.24880669999993 ], [ -42.589205799999903, -8.24850619999995 ], [ -42.5891240999999, -8.24825469999996 ], [ -42.5891497, -8.24796879999997 ], [ -42.5905822, -8.245451 ], [ -42.5913037, -8.243993 ], [ -42.592050399999899, -8.24201229999994 ], [ -42.5921614, -8.24097029999996 ], [ -42.592123, -8.24025939999996 ], [ -42.591937899999898, -8.23969439999996 ], [ -42.591671, -8.239254 ], [ -42.5908352, -8.23839319999996 ], [ -42.5902503, -8.23792969999994 ], [ -42.588480699999899, -8.236207099999939 ], [ -42.5865368, -8.234920599999951 ], [ -42.5854934, -8.23407879999996 ], [ -42.584495699999898, -8.232882599999931 ], [ -42.584165, -8.231857499999929 ], [ -42.584422, -8.231107 ], [ -42.584465599999902, -8.23073029999995 ], [ -42.5840974, -8.229307699999939 ], [ -42.584103099999901, -8.228201499999949 ], [ -42.5841682, -8.227868 ], [ -42.5846572, -8.22678589999998 ], [ -42.5848478, -8.226472699999929 ], [ -42.5853329, -8.225994699999941 ], [ -42.5858383, -8.225726699999941 ], [ -42.5866411, -8.22468709999993 ], [ -42.587018999999898, -8.224585799999939 ], [ -42.5874602, -8.22433729999995 ], [ -42.5883075, -8.222984799999949 ], [ -42.5882898999999, -8.22221159999998 ], [ -42.5880639, -8.221709299999929 ], [ -42.5869197, -8.22011509999993 ], [ -42.587151499999898, -8.219948599999951 ], [ -42.587905, -8.220202899999951 ], [ -42.588199099999898, -8.220080699999929 ], [ -42.588473899999897, -8.21974759999995 ], [ -42.588538, -8.219477 ], [ -42.5884799, -8.218786899999939 ], [ -42.587727899999898, -8.218198199999961 ], [ -42.5864948, -8.217668799999959 ], [ -42.5861226, -8.216789 ], [ -42.586146799999902, -8.216455199999929 ], [ -42.586631, -8.21585209999995 ], [ -42.5870528, -8.21552049999997 ], [ -42.5884604, -8.214944 ], [ -42.5892623, -8.213967299999981 ], [ -42.5893521, -8.213528799999949 ], [ -42.5892067999999, -8.21290289999996 ], [ -42.5881656, -8.21170459999996 ], [ -42.5878757, -8.211118099999959 ], [ -42.587815099999901, -8.21016619999995 ], [ -42.588251199999902, -8.209248499999941 ], [ -42.589727, -8.207817699999961 ], [ -42.589193599999902, -8.20516609999993 ], [ -42.590049, -8.202271 ], [ -42.590494, -8.20161489999998 ], [ -42.5907223, -8.201278299999959 ], [ -42.5909791, -8.20071759999996 ], [ -42.591943199999903, -8.19861329999998 ], [ -42.5931078, -8.19689069999993 ], [ -42.5933588, -8.195806399999981 ], [ -42.592862599999897, -8.19503759999998 ], [ -42.5907442, -8.19331979999993 ], [ -42.5906077, -8.188263399999929 ], [ -42.5909148, -8.185453299999949 ], [ -42.5908297, -8.181602199999929 ], [ -42.5904442, -8.18039379999993 ], [ -42.5895767, -8.179624599999951 ], [ -42.589557, -8.17876339999998 ], [ -42.590660199999903, -8.17661329999993 ], [ -42.5909672, -8.17512949999997 ], [ -42.5910246, -8.171590299999931 ], [ -42.590498399999902, -8.16845369999993 ], [ -42.589114799999898, -8.16482579999996 ], [ -42.588501999999899, -8.16018929999996 ], [ -42.5872792, -8.157564899999951 ], [ -42.5866943, -8.15520659999993 ], [ -42.5865534, -8.15347439999994 ], [ -42.5867779, -8.150685099999979 ], [ -42.5862511999999, -8.146011099999949 ], [ -42.586445899999902, -8.14201169999995 ], [ -42.5862574, -8.14054359999994 ], [ -42.5862318, -8.13916689999996 ], [ -42.5864053, -8.13708489999993 ], [ -42.5864796, -8.136068699999949 ], [ -42.5864053, -8.134779899999961 ], [ -42.5864053, -8.13418509999997 ], [ -42.5862318, -8.13368939999998 ], [ -42.5859096, -8.133119299999979 ], [ -42.5855874, -8.132574 ], [ -42.5852404, -8.13202879999994 ], [ -42.584942899999902, -8.131582599999939 ], [ -42.584744699999902, -8.13103739999997 ], [ -42.5845959, -8.13046729999996 ], [ -42.5844968, -8.129897199999959 ], [ -42.584323299999902, -8.129352 ], [ -42.584043199999897, -8.12889949999993 ], [ -42.5840011, -8.128831499999929 ], [ -42.5833815, -8.12821189999994 ], [ -42.583009699999899, -8.127294799999961 ], [ -42.583108799999899, -8.126526499999949 ], [ -42.583431, -8.125312 ], [ -42.5834806, -8.124494099999939 ], [ -42.5833691, -8.12415949999996 ], [ -42.58994, -8.121327399999929 ], [ -42.597544099999901, -8.11804989999996 ], [ -42.608067499999898, -8.113514299999959 ], [ -42.609108499999898, -8.11247329999998 ], [ -42.612250399999901, -8.106685 ], [ -42.6335513, -8.078925599999931 ], [ -42.6393925, -8.07130879999994 ], [ -42.644618299999898, -8.05024419999995 ], [ -42.6558214, -8.03755869999998 ], [ -42.6570775, -8.03527379999997 ], [ -42.6572791, -8.034907099999939 ], [ -42.659235899999899, -8.031347499999979 ], [ -42.6703724, -8.030906199999951 ], [ -42.6791898, -8.030556799999941 ], [ -42.7118945, -8.019893799999981 ], [ -42.7119693, -7.97662049999997 ], [ -42.7097209, -7.95927109999997 ], [ -42.7093312, -7.95626389999995 ], [ -42.6971723999999, -7.86254819999994 ], [ -42.697167, -7.86250659999996 ], [ -42.6873722999999, -7.78715729999993 ], [ -42.6873032, -7.78662679999996 ], [ -42.6863083, -7.77898189999996 ], [ -42.735946199999901, -7.72432089999995 ], [ -42.737169799999897, -7.72297349999997 ], [ -42.7380544, -7.72199929999994 ], [ -42.756243099999899, -7.70195719999998 ], [ -42.7288482, -7.65462749999995 ], [ -42.727354499999898, -7.63362839999996 ], [ -42.7029797, -7.64342989999994 ], [ -42.6792616, -7.623382 ], [ -42.678542, -7.59145849999993 ], [ -42.6191176, -7.58687609999993 ], [ -42.616235699999898, -7.58665359999998 ], [ -42.5809144, -7.58392709999993 ], [ -42.5841399, -7.68016429999994 ], [ -42.599460899999897, -7.69404189999995 ], [ -42.598365199999897, -7.72985919999996 ], [ -42.5957825999999, -7.81363739999995 ], [ -42.5883057, -7.86209959999996 ], [ -42.580674299999899, -7.86205579999995 ], [ -42.578432099999901, -7.86290089999994 ], [ -42.5768871, -7.86271059999996 ], [ -42.5760263, -7.86205339999998 ], [ -42.572949299999898, -7.86166259999993 ], [ -42.5690475, -7.86261849999994 ], [ -42.568757199999901, -7.86317589999993 ], [ -42.5674152, -7.86214289999998 ], [ -42.566064599999898, -7.86269409999994 ], [ -42.5648576, -7.86366249999998 ], [ -42.5635099, -7.86374979999994 ], [ -42.5616831, -7.86364519999995 ], [ -42.5585007, -7.86492889999994 ], [ -42.557002699999899, -7.86608369999993 ], [ -42.5569983, -7.86682869999993 ], [ -42.5572822, -7.86748119999993 ], [ -42.5572735, -7.86897119999998 ], [ -42.5562073, -7.87054829999994 ], [ -42.555622399999898, -7.87184729999996 ], [ -42.5547979, -7.87272649999994 ], [ -42.5525749, -7.87466819999997 ], [ -42.551512699999897, -7.87531559999996 ], [ -42.5501571, -7.87679439999994 ], [ -42.5483207, -7.87827269999997 ], [ -42.5464314, -7.88054169999998 ], [ -42.5454581, -7.882491 ], [ -42.544099699999897, -7.88471739999994 ], [ -42.5418986, -7.89061379999993 ], [ -42.541310699999897, -7.89256449999993 ], [ -42.5411118, -7.89368039999994 ], [ -42.5410537, -7.89540229999994 ], [ -42.5431270999999, -7.89577819999994 ], [ -42.546436899999897, -7.89599389999995 ], [ -42.5483146, -7.89577109999993 ], [ -42.5499490999999, -7.89578039999998 ], [ -42.55178, -7.89541979999996 ], [ -42.553708099999902, -7.89449839999997 ], [ -42.5549695, -7.89301719999997 ], [ -42.560420899999897, -7.89011719999996 ], [ -42.5619608, -7.88993929999998 ], [ -42.5642185, -7.89037329999996 ], [ -42.5655636, -7.89093719999994 ], [ -42.5666193, -7.89094589999996 ], [ -42.568638899999897, -7.89123509999996 ], [ -42.583366899999902, -7.89218569999997 ], [ -42.5719715, -7.965904 ] ] ] ] } },
{ "type": "Feature", "properties": { "CD_MUN": "2207959", "NM_MUN": "Nova Santa Rita", "CD_RGI": "220014", "NM_RGI": "São João do Piauí", "CD_RGINT": "2204", "NM_RGINT": "São Raimundo Nonato", "CD_UF": "22", "NM_UF": "Piauí", "SIGLA_UF": "PI", "CD_REGIAO": "2", "NM_REGIAO": "Nordeste", "SIGLA_RG": "NE", "CD_CONCURB": null, "NM_CONCURB": null, "AREA_KM2": 909.734 }, "geometry": { "type": "MultiPolygon", "coordinates": [ [ [ [ -41.895196199999901, -8.147755399999941 ], [ -41.9217765, -8.248047499999929 ], [ -41.9240684, -8.25669509999994 ], [ -41.987492599999896, -8.295468 ], [ -42.000830699999902, -8.292198199999969 ], [ -42.030874599999898, -8.28212709999997 ], [ -42.031102099999899, -8.28205039999995 ], [ -42.031114199999898, -8.28204629999993 ], [ -42.031163299999903, -8.282029799999981 ], [ -42.03118, -8.28202419999997 ], [ -42.0311826, -8.282023299999929 ], [ -42.031186499999897, -8.282022 ], [ -42.0478373, -8.27643869999997 ], [ -42.0530178, -8.273000199999959 ], [ -42.1196907, -8.219905599999951 ], [ -42.1202193, -8.21948459999993 ], [ -42.137402, -8.205792499999969 ], [ -42.1370302, -8.20423929999993 ], [ -42.136832399999903, -8.203369 ], [ -42.136595, -8.20230079999993 ], [ -42.136436699999898, -8.201430399999939 ], [ -42.142687599999903, -8.19529819999997 ], [ -42.152824699999897, -8.19895939999998 ], [ -42.178610499999898, -8.19814669999994 ], [ -42.1841888, -8.19601029999995 ], [ -42.1853361, -8.19545639999996 ], [ -42.185692199999899, -8.19470469999993 ], [ -42.185692199999899, -8.18960119999997 ], [ -42.183979899999898, -8.185156 ], [ -42.1835568, -8.18447429999998 ], [ -42.1822665, -8.181571 ], [ -42.1795782, -8.175871899999949 ], [ -42.178610499999898, -8.172753599999959 ], [ -42.178933099999902, -8.169742799999939 ], [ -42.1792556, -8.16737709999995 ], [ -42.1788255, -8.165119 ], [ -42.1776427, -8.16232329999997 ], [ -42.1746319, -8.15705429999997 ], [ -42.1718361, -8.152645599999969 ], [ -42.169470499999903, -8.150387499999971 ], [ -42.1647392, -8.14565619999996 ], [ -42.1615133, -8.13941959999994 ], [ -42.160438, -8.13769909999996 ], [ -42.1592552, -8.135441 ], [ -42.1586412999999, -8.13254969999997 ], [ -42.1586235, -8.132362899999981 ], [ -42.158603099999901, -8.13214529999993 ], [ -42.158593499999903, -8.132045499999951 ], [ -42.1584533, -8.13057589999994 ], [ -42.1582653, -8.122962399999951 ], [ -42.1582653, -8.11910869999997 ], [ -42.1586412999999, -8.11440909999993 ], [ -42.1590173, -8.11375109999994 ], [ -42.1634349, -8.11055529999993 ], [ -42.1639989, -8.109615399999941 ], [ -42.163810899999902, -8.10585569999995 ], [ -42.1645629, -8.102096 ], [ -42.1649388, -8.098242199999961 ], [ -42.165032799999899, -8.09579839999998 ], [ -42.1639989, -8.09363659999997 ], [ -42.162589, -8.08950089999996 ], [ -42.1616491, -8.085271199999969 ], [ -42.1611791, -8.082263399999929 ], [ -42.1597692, -8.07784569999995 ], [ -42.1579833, -8.07239409999994 ], [ -42.156761399999901, -8.070420199999941 ], [ -42.1560095, -8.06778839999993 ], [ -42.153941599999897, -8.06525059999996 ], [ -42.1499939, -8.061960899999971 ], [ -42.1479260999999, -8.059893 ], [ -42.1467041, -8.056415299999969 ], [ -42.1456702, -8.05237359999995 ], [ -42.1451063, -8.04908379999995 ], [ -42.1452002999999, -8.046734 ], [ -42.1458582, -8.04429009999996 ], [ -42.146140199999898, -8.04241029999997 ], [ -42.146892099999903, -8.03761659999998 ], [ -42.1472681, -8.03432689999994 ], [ -42.1477381, -8.032917 ], [ -42.148865999999899, -8.031883 ], [ -42.1501819, -8.03094309999994 ], [ -42.1519996, -8.030157899999949 ], [ -42.1607653, -8.026826399999949 ], [ -42.163097299999897, -8.024713 ], [ -42.1638988999999, -8.023692799999941 ], [ -42.1648463, -8.021215 ], [ -42.165231199999901, -8.02021429999996 ], [ -42.1655736, -8.01852249999996 ], [ -42.1658087, -8.01677579999995 ], [ -42.1657751, -8.01543219999996 ], [ -42.1653385, -8.013987899999959 ], [ -42.1646641, -8.01281609999995 ], [ -42.1636439, -8.011504299999959 ], [ -42.1636803, -8.010648 ], [ -42.163826099999902, -8.008243099999961 ], [ -42.1638988999999, -8.00689489999996 ], [ -42.1633888, -8.005984 ], [ -42.1622957, -8.005328099999931 ], [ -42.1610203, -8.00478149999998 ], [ -42.1587248, -8.004672199999961 ], [ -42.1560284, -8.00438069999996 ], [ -42.1550864, -8.00368989999993 ], [ -42.1549352, -8.003579099999969 ], [ -42.1537655, -8.00357569999994 ], [ -42.1537322, -8.003560599999959 ], [ -42.1517287, -8.002558799999971 ], [ -42.1505627, -8.00131989999994 ], [ -42.1482306999999, -7.99760329999998 ], [ -42.1469918, -7.99629149999993 ], [ -42.1444412, -7.994834 ], [ -42.13985, -7.99272059999993 ], [ -42.1377366, -7.99097159999997 ], [ -42.135769, -7.98951409999995 ], [ -42.133682399999898, -7.98852589999996 ], [ -42.1283137, -7.95852719999993 ], [ -42.1108421, -7.97140359999997 ], [ -42.097381599999899, -7.95219169999996 ], [ -42.0972955, -7.95206889999997 ], [ -42.0966362, -7.95112829999994 ], [ -42.096413599999899, -7.95081069999998 ], [ -42.0958016, -7.94993759999994 ], [ -42.0563637, -7.97444639999998 ], [ -42.021779099999897, -7.93654069999997 ], [ -42.0213452, -7.94317849999993 ], [ -42.031865799999899, -7.97539789999996 ], [ -41.994498399999898, -7.98647769999997 ], [ -41.994166999999898, -7.986576 ], [ -41.968723, -8.00082139999995 ], [ -41.94821, -8.013073799999971 ], [ -41.9126843, -8.01347549999997 ], [ -41.912503, -8.013477599999931 ], [ -41.9124729, -8.013477899999939 ], [ -41.9124717, -8.013477899999939 ], [ -41.91247, -8.013477899999939 ], [ -41.9024856999999, -8.013590799999969 ], [ -41.8736031, -8.05093909999994 ], [ -41.8565474, -8.065504899999951 ], [ -41.8596597, -8.11380859999997 ], [ -41.8547422, -8.11835259999998 ], [ -41.8516299, -8.11990879999996 ], [ -41.850073699999903, -8.12009549999993 ], [ -41.8454674, -8.11934859999997 ], [ -41.8429775, -8.119037299999951 ], [ -41.8399588999999, -8.11876529999995 ], [ -41.8820067, -8.131516 ], [ -41.8826142, -8.131700199999949 ], [ -41.891666299999898, -8.134445 ], [ -41.895166699999898, -8.147644 ], [ -41.895196199999901, -8.147755399999941 ] ] ] ] } },
{ "type": "Feature", "properties": { "CD_MUN": "2207934", "NM_MUN": "Pedro Laurentino", "CD_RGI": "220014", "NM_RGI": "São João do Piauí", "CD_RGINT": "2204", "NM_RGINT": "São Raimundo Nonato", "CD_UF": "22", "NM_UF": "Piauí", "SIGLA_UF": "PI", "CD_REGIAO": "2", "NM_REGIAO": "Nordeste", "SIGLA_RG": "NE", "CD_CONCURB": null, "NM_CONCURB": null, "AREA_KM2": 870.613 }, "geometry": { "type": "MultiPolygon", "coordinates": [ [ [ [ -42.2635155, -8.240944 ], [ -42.246878599999903, -8.21958229999996 ], [ -42.2611568, -8.21069809999995 ], [ -42.2715482, -8.20221049999998 ], [ -42.2803246, -8.195045599999959 ], [ -42.280375499999899, -8.19500289999996 ], [ -42.2820616, -8.193627499999931 ], [ -42.2855834, -8.19206449999996 ], [ -42.3046573, -8.18359959999998 ], [ -42.3246917, -8.17470849999995 ], [ -42.325581499999899, -8.17431359999995 ], [ -42.3408984, -8.167518 ], [ -42.3460396, -8.165234399999971 ], [ -42.351915899999902, -8.161378099999981 ], [ -42.367078999999897, -8.15148289999996 ], [ -42.374268, -8.146998 ], [ -42.3962968, -8.13294969999993 ], [ -42.410806799999897, -8.13248809999993 ], [ -42.412455599999902, -8.128992499999979 ], [ -42.41483, -8.123716099999969 ], [ -42.4156874, -8.12081409999996 ], [ -42.4168086, -8.11619729999995 ], [ -42.4175341, -8.114548499999961 ], [ -42.4203702, -8.10821679999998 ], [ -42.4204361, -8.107425399999951 ], [ -42.420172299999898, -8.10669989999997 ], [ -42.419446799999903, -8.10544679999998 ], [ -42.418325599999903, -8.104721299999939 ], [ -42.4163469, -8.10353409999993 ], [ -42.414763999999899, -8.102874499999929 ], [ -42.4127194, -8.102083099999961 ], [ -42.410081299999902, -8.10129159999997 ], [ -42.407179299999903, -8.10083 ], [ -42.403090099999901, -8.10083 ], [ -42.3979457, -8.097664099999969 ], [ -42.397022299999897, -8.096872699999951 ], [ -42.396494699999899, -8.09614719999996 ], [ -42.3962309, -8.095091899999939 ], [ -42.396494699999899, -8.093706899999971 ], [ -42.397154199999903, -8.092321799999979 ], [ -42.397813799999902, -8.09139849999997 ], [ -42.4015072, -8.086451899999931 ], [ -42.4080367, -8.08401159999994 ], [ -42.4132471, -8.080516 ], [ -42.4156214, -8.07939479999993 ], [ -42.421953099999897, -8.077614 ], [ -42.4268996, -8.077614 ], [ -42.42934, -8.07675659999995 ], [ -42.4336929, -8.075305599999981 ], [ -42.4357375, -8.07504179999995 ], [ -42.4373204, -8.07484389999996 ], [ -42.4382438, -8.074580099999929 ], [ -42.439562899999899, -8.07359079999998 ], [ -42.440882, -8.07148029999996 ], [ -42.441409599999901, -8.06877609999998 ], [ -42.4419372, -8.065940099999979 ], [ -42.4311207, -8.02043159999994 ], [ -42.430197399999898, -8.019442199999959 ], [ -42.4296697, -8.018452899999939 ], [ -42.4294058999999, -8.017661499999971 ], [ -42.429274, -8.016804099999939 ], [ -42.429208, -8.01588069999997 ], [ -42.42934, -8.01475949999997 ], [ -42.42934, -8.013572299999961 ], [ -42.429208, -8.012780899999941 ], [ -42.428944199999897, -8.012121299999929 ], [ -42.4286804, -8.011527699999929 ], [ -42.4280209, -8.010736299999961 ], [ -42.427229399999902, -8.009812899999931 ], [ -42.426503899999901, -8.008823599999969 ], [ -42.4257125, -8.007768299999951 ], [ -42.4250529, -8.00644919999996 ], [ -42.424723099999902, -8.00545989999995 ], [ -42.4243274, -8.00433869999995 ], [ -42.424195499999897, -8.003019599999959 ], [ -42.4234254, -8.00192859999993 ], [ -42.4234041, -8.001898399999961 ], [ -42.4226786, -8.001304799999961 ], [ -42.422620299999899, -8.00129209999994 ], [ -42.4226034, -8.00128849999993 ], [ -42.4225144, -8.00126909999994 ], [ -42.4219955, -8.001156299999931 ], [ -42.421161599999898, -8.000975 ], [ -42.418259599999899, -8.00137069999994 ], [ -42.415951199999903, -8.00084309999994 ], [ -42.4143683, -7.99985379999993 ], [ -42.413708799999903, -7.99906229999993 ], [ -42.4127854, -7.99860069999994 ], [ -42.410015299999898, -7.99833679999995 ], [ -42.4056623, -7.998073 ], [ -42.4002541, -7.99728159999995 ], [ -42.3864037, -7.99457739999997 ], [ -42.3792806, -7.99312649999996 ], [ -42.377697699999899, -7.992401 ], [ -42.3767084, -7.99114779999996 ], [ -42.3761148, -7.98903729999995 ], [ -42.373934399999897, -7.97918189999996 ], [ -42.3723388, -7.96856349999996 ], [ -42.372082799999902, -7.96788089999995 ], [ -42.371485499999899, -7.96728349999995 ], [ -42.3703762, -7.96677149999994 ], [ -42.367986899999899, -7.96643019999993 ], [ -42.365682999999898, -7.96583289999995 ], [ -42.3648296, -7.96557689999997 ], [ -42.364555, -7.96540469999997 ], [ -42.3644343, -7.96522369999997 ], [ -42.3643101, -7.96368579999995 ], [ -42.3640121, -7.95999609999996 ], [ -42.3633285, -7.95316 ], [ -42.363006799999901, -7.95147109999994 ], [ -42.3626851, -7.95066679999996 ], [ -42.3619613, -7.95026469999993 ], [ -42.359226799999902, -7.950506 ], [ -42.357377, -7.95066679999996 ], [ -42.3550447, -7.95098849999994 ], [ -42.352471099999903, -7.95106889999994 ], [ -42.3481282, -7.95090809999994 ], [ -42.3449916, -7.95042549999994 ], [ -42.342981, -7.94962129999993 ], [ -42.3401661, -7.94889749999993 ], [ -42.3382119, -7.94894889999995 ], [ -42.335903599999902, -7.94970169999993 ], [ -42.3342951, -7.95034509999994 ], [ -42.332766999999897, -7.95114939999996 ], [ -42.3313998, -7.95179279999996 ], [ -42.3299521, -7.95187319999997 ], [ -42.3281024, -7.95155149999994 ], [ -42.3234376999999, -7.94962129999993 ], [ -42.3192556, -7.94825409999993 ], [ -42.3167625, -7.94769109999993 ], [ -42.313465, -7.94632389999998 ], [ -42.312097799999897, -7.94543919999995 ], [ -42.310650199999898, -7.94375029999998 ], [ -42.3092829, -7.94206129999998 ], [ -42.307433199999899, -7.94021159999994 ], [ -42.304377, -7.93675329999996 ], [ -42.3032511, -7.935949 ], [ -42.3014817, -7.93538609999996 ], [ -42.2986668, -7.93458179999993 ], [ -42.2939218, -7.93353629999996 ], [ -42.2894984, -7.93216909999995 ], [ -42.285557599999898, -7.93096269999995 ], [ -42.2825819, -7.92951509999995 ], [ -42.2800083, -7.92661979999997 ], [ -42.2789627, -7.92525249999994 ], [ -42.2774347, -7.92404619999996 ], [ -42.2746198, -7.92348319999996 ], [ -42.2720462, -7.92259849999994 ], [ -42.269311699999903, -7.92115089999993 ], [ -42.2682662, -7.91946189999993 ], [ -42.2675424, -7.91729049999998 ], [ -42.266899, -7.91471689999997 ], [ -42.2662556, -7.91262579999994 ], [ -42.2651296, -7.91069559999994 ], [ -42.2635212, -7.90956969999996 ], [ -42.2596697, -7.90912749999995 ], [ -42.259291399999903, -7.90908409999997 ], [ -42.2564437999999, -7.90796119999993 ], [ -42.254674399999899, -7.90731779999993 ], [ -42.2529051, -7.90731779999993 ], [ -42.2503315, -7.90715689999996 ], [ -42.2466319, -7.90763949999996 ], [ -42.2437366, -7.90828289999996 ], [ -42.241967299999899, -7.90828289999996 ], [ -42.239393699999901, -7.90731779999993 ], [ -42.236980899999899, -7.906031 ], [ -42.236950799999903, -7.90602169999994 ], [ -42.2348899, -7.90538759999993 ], [ -42.2334422, -7.90506589999995 ], [ -42.2322938, -7.90544869999997 ], [ -42.2319946, -7.90554839999993 ], [ -42.2314997, -7.90646819999995 ], [ -42.231275, -7.90732949999995 ], [ -42.2308257, -7.90822829999996 ], [ -42.2304137, -7.90849039999995 ], [ -42.2299269, -7.90837809999994 ], [ -42.2292528, -7.90785379999994 ], [ -42.2284289, -7.90706739999996 ], [ -42.227904599999903, -7.90650559999995 ], [ -42.2269684, -7.90609369999993 ], [ -42.2254426, -7.90601609999993 ], [ -42.224234599999903, -7.90601879999997 ], [ -42.222287299999898, -7.90669289999994 ], [ -42.220190199999898, -7.90729209999995 ], [ -42.2174189, -7.90849039999995 ], [ -42.2132996, -7.91036289999994 ], [ -42.2113522, -7.91126159999993 ], [ -42.2095547, -7.91208549999993 ], [ -42.2073826, -7.91283449999997 ], [ -42.2040871, -7.91358349999996 ], [ -42.202364499999902, -7.91433239999998 ], [ -42.1996682, -7.91515629999998 ], [ -42.1903808, -7.91657939999993 ], [ -42.184458999999897, -7.91714879999995 ], [ -42.171886399999899, -7.91852069999993 ], [ -42.1533607, -7.93712809999994 ], [ -42.125612799999899, -7.94422829999996 ], [ -42.1283137, -7.95852719999993 ], [ -42.133682399999898, -7.98852589999996 ], [ -42.135769, -7.98951409999995 ], [ -42.1377366, -7.99097159999997 ], [ -42.13985, -7.99272059999993 ], [ -42.1444412, -7.994834 ], [ -42.1469918, -7.99629149999993 ], [ -42.1482306999999, -7.99760329999998 ], [ -42.1505627, -8.00131989999994 ], [ -42.1517287, -8.002558799999971 ], [ -42.1537322, -8.003560599999959 ], [ -42.1537655, -8.00357569999994 ], [ -42.1549352, -8.003579099999969 ], [ -42.1550864, -8.00368989999993 ], [ -42.1560284, -8.00438069999996 ], [ -42.1587248, -8.004672199999961 ], [ -42.1610203, -8.00478149999998 ], [ -42.1622957, -8.005328099999931 ], [ -42.1633888, -8.005984 ], [ -42.1638988999999, -8.00689489999996 ], [ -42.163826099999902, -8.008243099999961 ], [ -42.1636803, -8.010648 ], [ -42.1636439, -8.011504299999959 ], [ -42.1646641, -8.01281609999995 ], [ -42.1653385, -8.013987899999959 ], [ -42.1657751, -8.01543219999996 ], [ -42.1658087, -8.01677579999995 ], [ -42.1655736, -8.01852249999996 ], [ -42.165231199999901, -8.02021429999996 ], [ -42.1648463, -8.021215 ], [ -42.1638988999999, -8.023692799999941 ], [ -42.163097299999897, -8.024713 ], [ -42.1607653, -8.026826399999949 ], [ -42.1519996, -8.030157899999949 ], [ -42.1501819, -8.03094309999994 ], [ -42.148865999999899, -8.031883 ], [ -42.1477381, -8.032917 ], [ -42.1472681, -8.03432689999994 ], [ -42.146892099999903, -8.03761659999998 ], [ -42.146140199999898, -8.04241029999997 ], [ -42.1458582, -8.04429009999996 ], [ -42.1452002999999, -8.046734 ], [ -42.1451063, -8.04908379999995 ], [ -42.1456702, -8.05237359999995 ], [ -42.1467041, -8.056415299999969 ], [ -42.1479260999999, -8.059893 ], [ -42.1499939, -8.061960899999971 ], [ -42.153941599999897, -8.06525059999996 ], [ -42.1560095, -8.06778839999993 ], [ -42.156761399999901, -8.070420199999941 ], [ -42.1579833, -8.07239409999994 ], [ -42.1597692, -8.07784569999995 ], [ -42.1611791, -8.082263399999929 ], [ -42.1616491, -8.085271199999969 ], [ -42.162589, -8.08950089999996 ], [ -42.1639989, -8.09363659999997 ], [ -42.165032799999899, -8.09579839999998 ], [ -42.1649388, -8.098242199999961 ], [ -42.1645629, -8.102096 ], [ -42.163810899999902, -8.10585569999995 ], [ -42.1639989, -8.109615399999941 ], [ -42.1634349, -8.11055529999993 ], [ -42.1590173, -8.11375109999994 ], [ -42.1586412999999, -8.11440909999993 ], [ -42.1582653, -8.11910869999997 ], [ -42.1582653, -8.122962399999951 ], [ -42.1584533, -8.13057589999994 ], [ -42.158593499999903, -8.132045499999951 ], [ -42.158603099999901, -8.13214529999993 ], [ -42.1586235, -8.132362899999981 ], [ -42.1586412999999, -8.13254969999997 ], [ -42.1592552, -8.135441 ], [ -42.160438, -8.13769909999996 ], [ -42.1615133, -8.13941959999994 ], [ -42.1647392, -8.14565619999996 ], [ -42.169470499999903, -8.150387499999971 ], [ -42.1718361, -8.152645599999969 ], [ -42.1746319, -8.15705429999997 ], [ -42.1776427, -8.16232329999997 ], [ -42.1788255, -8.165119 ], [ -42.1792556, -8.16737709999995 ], [ -42.178933099999902, -8.169742799999939 ], [ -42.178610499999898, -8.172753599999959 ], [ -42.1795782, -8.175871899999949 ], [ -42.1822665, -8.181571 ], [ -42.1835568, -8.18447429999998 ], [ -42.183979899999898, -8.185156 ], [ -42.185692199999899, -8.18960119999997 ], [ -42.185692199999899, -8.19470469999993 ], [ -42.1853361, -8.19545639999996 ], [ -42.1841888, -8.19601029999995 ], [ -42.178610499999898, -8.19814669999994 ], [ -42.152824699999897, -8.19895939999998 ], [ -42.142687599999903, -8.19529819999997 ], [ -42.136436699999898, -8.201430399999939 ], [ -42.136595, -8.20230079999993 ], [ -42.136832399999903, -8.203369 ], [ -42.1370302, -8.20423929999993 ], [ -42.137402, -8.205792499999969 ], [ -42.138466999999899, -8.209022899999979 ], [ -42.139725199999901, -8.21141209999996 ], [ -42.1411285, -8.214865799999931 ], [ -42.141470599999899, -8.216228399999981 ], [ -42.141931999999898, -8.21942019999994 ], [ -42.1420623, -8.222478499999969 ], [ -42.1428369, -8.224823599999979 ], [ -42.1434451, -8.22576429999998 ], [ -42.146265399999898, -8.22786819999993 ], [ -42.1474441, -8.22897949999998 ], [ -42.1479219, -8.22966479999997 ], [ -42.1482655, -8.23055889999995 ], [ -42.1483921, -8.231538799999949 ], [ -42.148927699999902, -8.23349879999995 ], [ -42.1492805, -8.23384489999995 ], [ -42.14939, -8.234812399999949 ], [ -42.149152, -8.235764299999969 ], [ -42.148279499999902, -8.23695419999996 ], [ -42.146693, -8.238144 ], [ -42.1456618, -8.239254599999979 ], [ -42.144472, -8.24076169999995 ], [ -42.143757999999899, -8.242427499999961 ], [ -42.143123499999902, -8.24417259999996 ], [ -42.1425682, -8.24655229999996 ], [ -42.142423, -8.247107 ], [ -42.143993, -8.248981 ], [ -42.15288, -8.259394 ], [ -42.159414, -8.267118 ], [ -42.165553, -8.273242 ], [ -42.171663, -8.27308559999994 ], [ -42.1734107999999, -8.274208299999939 ], [ -42.1758819, -8.27498429999997 ], [ -42.1801694, -8.27554179999993 ], [ -42.1844555, -8.27645009999998 ], [ -42.1866975, -8.27582219999994 ], [ -42.1872499, -8.275374399999979 ], [ -42.1889373, -8.274006899999961 ], [ -42.191367899999896, -8.27296619999993 ], [ -42.19494, -8.27108309999994 ], [ -42.196221, -8.270189799999971 ], [ -42.196972, -8.26913579999996 ], [ -42.198667699999902, -8.26973069999997 ], [ -42.1998895, -8.269685399999959 ], [ -42.2042527999999, -8.26860289999996 ], [ -42.2060064, -8.26851 ], [ -42.2081636, -8.26857479999995 ], [ -42.20829, -8.268578599999961 ], [ -42.2100725, -8.267969699999981 ], [ -42.212214199999899, -8.26741439999995 ], [ -42.214118, -8.266224499999961 ], [ -42.215783799999897, -8.264955399999961 ], [ -42.2177669, -8.26440009999993 ], [ -42.2191154, -8.26336889999993 ], [ -42.220225899999903, -8.26202039999993 ], [ -42.220939799999897, -8.261465099999951 ], [ -42.2226056, -8.261941099999939 ], [ -42.224906, -8.261465099999951 ], [ -42.2280789, -8.26098919999993 ], [ -42.2282433, -8.26097859999993 ], [ -42.230538, -8.26083049999994 ], [ -42.233710899999899, -8.260354599999969 ], [ -42.2371218, -8.26059259999994 ], [ -42.2405327, -8.259958 ], [ -42.2426745, -8.25972 ], [ -42.244023, -8.260354599999969 ], [ -42.245847399999903, -8.260909899999939 ], [ -42.2478305, -8.261385799999969 ], [ -42.249734299999901, -8.26083049999994 ], [ -42.2522726, -8.25956139999994 ], [ -42.253224499999902, -8.25892679999993 ], [ -42.2537098, -8.25877869999994 ], [ -42.254421, -8.258809 ], [ -42.2548901, -8.25909649999994 ], [ -42.2552079, -8.259459699999979 ], [ -42.2554046, -8.26015579999995 ], [ -42.2555862, -8.260836799999939 ], [ -42.2561613, -8.261109199999961 ], [ -42.2569179, -8.260851899999979 ], [ -42.256947599999897, -8.26080769999993 ], [ -42.257508099999903, -8.259974199999929 ], [ -42.257931799999902, -8.25905109999997 ], [ -42.2587641, -8.25883929999998 ], [ -42.2588645, -8.258875899999961 ], [ -42.2588913, -8.25888559999993 ], [ -42.2602168, -8.25936889999997 ], [ -42.2612004, -8.260140699999971 ], [ -42.2623657, -8.26127559999998 ], [ -42.262108699999899, -8.259799299999941 ], [ -42.2622674, -8.258768099999941 ], [ -42.2629813, -8.257530899999949 ], [ -42.2629813, -8.256547099999979 ], [ -42.2629813, -8.254564 ], [ -42.2630606, -8.25234289999997 ], [ -42.262901999999897, -8.25107379999997 ], [ -42.262425999999898, -8.24948729999994 ], [ -42.262092499999902, -8.248581599999969 ], [ -42.262318, -8.24640439999996 ], [ -42.2630242, -8.243709199999961 ], [ -42.2635155, -8.240944 ] ] ] ] } }
]
}
